Timestamp,Tag,Value,Unit,Quality
2024-10-01 00:00:00,PUMP101.BEARING_TEMP,65.152,°C,GOOD
2024-10-01 02:00:00,PUMP101.BEARING_TEMP,64.48,°C,GOOD
2024-10-01 04:00:00,PUMP101.BEARING_TEMP,65.375,°C,GOOD
2024-10-01 06:00:00,PUMP101.BEARING_TEMP,65.47,°C,GOOD
2024-10-01 08:00:00,PUMP101.BEARING_TEMP,64.024,°C,GOOD
2024-10-01 10:00:00,PUMP101.BEARING_TEMP,64.349,°C,GOOD
2024-10-01 12:00:00,PUMP101.BEARING_TEMP,65.064,°C,GOOD
2024-10-01 14:00:00,PUMP101.BEARING_TEMP,64.842,°C,GOOD
2024-10-01 16:00:00,PUMP101.BEARING_TEMP,64.992,°C,GOOD
2024-10-01 18:00:00,PUMP101.BEARING_TEMP,64.573,°C,GOOD
2024-10-01 20:00:00,PUMP101.BEARING_TEMP,65.44,°C,GOOD
2024-10-01 22:00:00,PUMP101.BEARING_TEMP,65.389,°C,GOOD
2024-10-02 00:00:00,PUMP101.BEARING_TEMP,65.033,°C,GOOD
2024-10-02 02:00:00,PUMP101.BEARING_TEMP,65.564,°C,GOOD
2024-10-02 04:00:00,PUMP101.BEARING_TEMP,65.234,°C,GOOD
2024-10-02 06:00:00,PUMP101.BEARING_TEMP,64.57,°C,GOOD
2024-10-02 08:00:00,PUMP101.BEARING_TEMP,65.184,°C,GOOD
2024-10-02 10:00:00,PUMP101.BEARING_TEMP,64.521,°C,GOOD
2024-10-02 12:00:00,PUMP101.BEARING_TEMP,65.439,°C,GOOD
2024-10-02 14:00:00,PUMP101.BEARING_TEMP,64.975,°C,GOOD
2024-10-02 16:00:00,PUMP101.BEARING_TEMP,64.908,°C,GOOD
2024-10-02 18:00:00,PUMP101.BEARING_TEMP,64.66,°C,GOOD
2024-10-02 20:00:00,PUMP101.BEARING_TEMP,65.611,°C,GOOD
2024-10-02 22:00:00,PUMP101.BEARING_TEMP,64.923,°C,GOOD
2024-10-03 00:00:00,PUMP101.BEARING_TEMP,64.786,°C,GOOD
2024-10-03 02:00:00,PUMP101.BEARING_TEMP,64.824,°C,GOOD
2024-10-03 04:00:00,PUMP101.BEARING_TEMP,65.266,°C,GOOD
2024-10-03 06:00:00,PUMP101.BEARING_TEMP,65.183,°C,GOOD
2024-10-03 08:00:00,PUMP101.BEARING_TEMP,65.206,°C,GOOD
2024-10-03 10:00:00,PUMP101.BEARING_TEMP,65.215,°C,GOOD
2024-10-03 12:00:00,PUMP101.BEARING_TEMP,66.071,°C,GOOD
2024-10-03 14:00:00,PUMP101.BEARING_TEMP,64.797,°C,GOOD
2024-10-03 16:00:00,PUMP101.BEARING_TEMP,64.744,°C,GOOD
2024-10-03 18:00:00,PUMP101.BEARING_TEMP,64.593,°C,GOOD
2024-10-03 20:00:00,PUMP101.BEARING_TEMP,65.308,°C,GOOD
2024-10-03 22:00:00,PUMP101.BEARING_TEMP,65.564,°C,GOOD
2024-10-04 00:00:00,PUMP101.BEARING_TEMP,64.943,°C,GOOD
2024-10-04 02:00:00,PUMP101.BEARING_TEMP,64.58,°C,GOOD
2024-10-04 04:00:00,PUMP101.BEARING_TEMP,64.588,°C,GOOD
2024-10-04 06:00:00,PUMP101.BEARING_TEMP,65.325,°C,GOOD
2024-10-04 08:00:00,PUMP101.BEARING_TEMP,65.372,°C,GOOD
2024-10-04 10:00:00,PUMP101.BEARING_TEMP,65.272,°C,GOOD
2024-10-04 12:00:00,PUMP101.BEARING_TEMP,64.667,°C,GOOD
2024-10-04 14:00:00,PUMP101.BEARING_TEMP,65.116,°C,GOOD
2024-10-04 16:00:00,PUMP101.BEARING_TEMP,65.058,°C,GOOD
2024-10-04 18:00:00,PUMP101.BEARING_TEMP,65.109,°C,GOOD
2024-10-04 20:00:00,PUMP101.BEARING_TEMP,65.436,°C,GOOD
2024-10-04 22:00:00,PUMP101.BEARING_TEMP,65.112,°C,GOOD
2024-10-05 00:00:00,PUMP101.BEARING_TEMP,65.339,°C,GOOD
2024-10-05 02:00:00,PUMP101.BEARING_TEMP,65.034,°C,GOOD
2024-10-05 04:00:00,PUMP101.BEARING_TEMP,65.145,°C,GOOD
2024-10-05 06:00:00,PUMP101.BEARING_TEMP,65.316,°C,GOOD
2024-10-05 08:00:00,PUMP101.BEARING_TEMP,64.271,°C,GOOD
2024-10-05 10:00:00,PUMP101.BEARING_TEMP,64.84,°C,GOOD
2024-10-05 12:00:00,PUMP101.BEARING_TEMP,64.765,°C,GOOD
2024-10-05 14:00:00,PUMP101.BEARING_TEMP,64.681,°C,GOOD
2024-10-05 16:00:00,PUMP101.BEARING_TEMP,64.862,°C,GOOD
2024-10-05 18:00:00,PUMP101.BEARING_TEMP,65.747,°C,GOOD
2024-10-05 20:00:00,PUMP101.BEARING_TEMP,64.567,°C,GOOD
2024-10-05 22:00:00,PUMP101.BEARING_TEMP,65.484,°C,GOOD
2024-10-06 00:00:00,PUMP101.BEARING_TEMP,64.159,°C,GOOD
2024-10-06 02:00:00,PUMP101.BEARING_TEMP,64.833,°C,GOOD
2024-10-06 04:00:00,PUMP101.BEARING_TEMP,65.081,°C,GOOD
2024-10-06 06:00:00,PUMP101.BEARING_TEMP,65.293,°C,GOOD
2024-10-06 08:00:00,PUMP101.BEARING_TEMP,65.356,°C,GOOD
2024-10-06 10:00:00,PUMP101.BEARING_TEMP,65.397,°C,GOOD
2024-10-06 12:00:00,PUMP101.BEARING_TEMP,64.826,°C,GOOD
2024-10-06 14:00:00,PUMP101.BEARING_TEMP,64.769,°C,GOOD
2024-10-06 16:00:00,PUMP101.BEARING_TEMP,65.429,°C,GOOD
2024-10-06 18:00:00,PUMP101.BEARING_TEMP,64.904,°C,GOOD
2024-10-06 20:00:00,PUMP101.BEARING_TEMP,64.362,°C,GOOD
2024-10-06 22:00:00,PUMP101.BEARING_TEMP,64.433,°C,GOOD
2024-10-07 00:00:00,PUMP101.BEARING_TEMP,64.54,°C,GOOD
2024-10-07 02:00:00,PUMP101.BEARING_TEMP,65.249,°C,GOOD
2024-10-07 04:00:00,PUMP101.BEARING_TEMP,65.071,°C,GOOD
2024-10-07 06:00:00,PUMP101.BEARING_TEMP,65.345,°C,GOOD
2024-10-07 08:00:00,PUMP101.BEARING_TEMP,64.786,°C,GOOD
2024-10-07 10:00:00,PUMP101.BEARING_TEMP,65.079,°C,GOOD
2024-10-07 12:00:00,PUMP101.BEARING_TEMP,65.313,°C,GOOD
2024-10-07 14:00:00,PUMP101.BEARING_TEMP,64.845,°C,GOOD
2024-10-07 16:00:00,PUMP101.BEARING_TEMP,65.228,°C,GOOD
2024-10-07 18:00:00,PUMP101.BEARING_TEMP,64.669,°C,GOOD
2024-10-07 20:00:00,PUMP101.BEARING_TEMP,64.818,°C,GOOD
2024-10-07 22:00:00,PUMP101.BEARING_TEMP,64.809,°C,GOOD
2024-10-08 00:00:00,PUMP101.BEARING_TEMP,64.402,°C,GOOD
2024-10-08 02:00:00,PUMP101.BEARING_TEMP,65.243,°C,GOOD
2024-10-08 04:00:00,PUMP101.BEARING_TEMP,64.765,°C,GOOD
2024-10-08 06:00:00,PUMP101.BEARING_TEMP,65.006,°C,GOOD
2024-10-08 08:00:00,PUMP101.BEARING_TEMP,65.24,°C,GOOD
2024-10-08 10:00:00,PUMP101.BEARING_TEMP,65.223,°C,GOOD
2024-10-08 12:00:00,PUMP101.BEARING_TEMP,65.333,°C,GOOD
2024-10-08 14:00:00,PUMP101.BEARING_TEMP,64.951,°C,GOOD
2024-10-08 16:00:00,PUMP101.BEARING_TEMP,64.788,°C,GOOD
2024-10-08 18:00:00,PUMP101.BEARING_TEMP,64.96,°C,GOOD
2024-10-08 20:00:00,PUMP101.BEARING_TEMP,64.156,°C,GOOD
2024-10-08 22:00:00,PUMP101.BEARING_TEMP,64.276,°C,GOOD
2024-10-09 00:00:00,PUMP101.BEARING_TEMP,64.339,°C,GOOD
2024-10-09 02:00:00,PUMP101.BEARING_TEMP,64.501,°C,GOOD
2024-10-09 04:00:00,PUMP101.BEARING_TEMP,65.2,°C,GOOD
2024-10-09 06:00:00,PUMP101.BEARING_TEMP,64.547,°C,GOOD
2024-10-09 08:00:00,PUMP101.BEARING_TEMP,64.811,°C,GOOD
2024-10-09 10:00:00,PUMP101.BEARING_TEMP,65.65,°C,GOOD
2024-10-09 12:00:00,PUMP101.BEARING_TEMP,64.822,°C,GOOD
2024-10-09 14:00:00,PUMP101.BEARING_TEMP,65.369,°C,GOOD
2024-10-09 16:00:00,PUMP101.BEARING_TEMP,64.533,°C,GOOD
2024-10-09 18:00:00,PUMP101.BEARING_TEMP,64.897,°C,GOOD
2024-10-09 20:00:00,PUMP101.BEARING_TEMP,64.525,°C,GOOD
2024-10-09 22:00:00,PUMP101.BEARING_TEMP,64.83,°C,GOOD
2024-10-10 00:00:00,PUMP101.BEARING_TEMP,65.42,°C,GOOD
2024-10-10 02:00:00,PUMP101.BEARING_TEMP,64.136,°C,GOOD
2024-10-10 04:00:00,PUMP101.BEARING_TEMP,65.217,°C,GOOD
2024-10-10 06:00:00,PUMP101.BEARING_TEMP,65.119,°C,GOOD
2024-10-10 08:00:00,PUMP101.BEARING_TEMP,64.703,°C,GOOD
2024-10-10 10:00:00,PUMP101.BEARING_TEMP,64.277,°C,GOOD
2024-10-10 12:00:00,PUMP101.BEARING_TEMP,65.036,°C,GOOD
2024-10-10 14:00:00,PUMP101.BEARING_TEMP,64.735,°C,GOOD
2024-10-10 16:00:00,PUMP101.BEARING_TEMP,65.116,°C,GOOD
2024-10-10 18:00:00,PUMP101.BEARING_TEMP,65.011,°C,GOOD
2024-10-10 20:00:00,PUMP101.BEARING_TEMP,65.801,°C,GOOD
2024-10-10 22:00:00,PUMP101.BEARING_TEMP,64.88,°C,GOOD
2024-10-11 00:00:00,PUMP101.BEARING_TEMP,64.488,°C,GOOD
2024-10-11 02:00:00,PUMP101.BEARING_TEMP,65.09,°C,GOOD
2024-10-11 04:00:00,PUMP101.BEARING_TEMP,65.11,°C,GOOD
2024-10-11 06:00:00,PUMP101.BEARING_TEMP,65.68,°C,GOOD
2024-10-11 08:00:00,PUMP101.BEARING_TEMP,65.418,°C,GOOD
2024-10-11 10:00:00,PUMP101.BEARING_TEMP,65.178,°C,GOOD
2024-10-11 12:00:00,PUMP101.BEARING_TEMP,65.732,°C,GOOD
2024-10-11 14:00:00,PUMP101.BEARING_TEMP,64.406,°C,BAD
2024-10-11 16:00:00,PUMP101.BEARING_TEMP,64.68,°C,GOOD
2024-10-11 18:00:00,PUMP101.BEARING_TEMP,64.537,°C,GOOD
2024-10-11 20:00:00,PUMP101.BEARING_TEMP,64.805,°C,GOOD
2024-10-11 22:00:00,PUMP101.BEARING_TEMP,64.312,°C,GOOD
2024-10-12 00:00:00,PUMP101.BEARING_TEMP,65.318,°C,GOOD
2024-10-12 02:00:00,PUMP101.BEARING_TEMP,64.889,°C,GOOD
2024-10-12 04:00:00,PUMP101.BEARING_TEMP,64.265,°C,GOOD
2024-10-12 06:00:00,PUMP101.BEARING_TEMP,64.492,°C,GOOD
2024-10-12 08:00:00,PUMP101.BEARING_TEMP,65.157,°C,GOOD
2024-10-12 10:00:00,PUMP101.BEARING_TEMP,65.419,°C,GOOD
2024-10-12 12:00:00,PUMP101.BEARING_TEMP,65.998,°C,GOOD
2024-10-12 14:00:00,PUMP101.BEARING_TEMP,66.457,°C,BAD
2024-10-12 16:00:00,PUMP101.BEARING_TEMP,65.207,°C,GOOD
2024-10-12 18:00:00,PUMP101.BEARING_TEMP,64.505,°C,GOOD
2024-10-12 20:00:00,PUMP101.BEARING_TEMP,63.934,°C,GOOD
2024-10-12 22:00:00,PUMP101.BEARING_TEMP,65.134,°C,GOOD
2024-10-13 00:00:00,PUMP101.BEARING_TEMP,64.594,°C,GOOD
2024-10-13 02:00:00,PUMP101.BEARING_TEMP,64.792,°C,GOOD
2024-10-13 04:00:00,PUMP101.BEARING_TEMP,64.694,°C,GOOD
2024-10-13 06:00:00,PUMP101.BEARING_TEMP,64.93,°C,GOOD
2024-10-13 08:00:00,PUMP101.BEARING_TEMP,65.533,°C,GOOD
2024-10-13 10:00:00,PUMP101.BEARING_TEMP,65.079,°C,GOOD
2024-10-13 12:00:00,PUMP101.BEARING_TEMP,64.921,°C,GOOD
2024-10-13 14:00:00,PUMP101.BEARING_TEMP,64.482,°C,GOOD
2024-10-13 16:00:00,PUMP101.BEARING_TEMP,64.163,°C,GOOD
2024-10-13 18:00:00,PUMP101.BEARING_TEMP,64.757,°C,GOOD
2024-10-13 20:00:00,PUMP101.BEARING_TEMP,64.973,°C,GOOD
2024-10-13 22:00:00,PUMP101.BEARING_TEMP,65.884,°C,GOOD
2024-10-14 00:00:00,PUMP101.BEARING_TEMP,65.065,°C,GOOD
2024-10-14 02:00:00,PUMP101.BEARING_TEMP,65.491,°C,GOOD
2024-10-14 04:00:00,PUMP101.BEARING_TEMP,64.75,°C,GOOD
2024-10-14 06:00:00,PUMP101.BEARING_TEMP,64.408,°C,GOOD
2024-10-14 08:00:00,PUMP101.BEARING_TEMP,64.517,°C,GOOD
2024-10-14 10:00:00,PUMP101.BEARING_TEMP,64.637,°C,GOOD
2024-10-14 12:00:00,PUMP101.BEARING_TEMP,66.064,°C,GOOD
2024-10-14 14:00:00,PUMP101.BEARING_TEMP,64.589,°C,GOOD
2024-10-14 16:00:00,PUMP101.BEARING_TEMP,65.419,°C,GOOD
2024-10-14 18:00:00,PUMP101.BEARING_TEMP,64.549,°C,GOOD
2024-10-14 20:00:00,PUMP101.BEARING_TEMP,65.466,°C,GOOD
2024-10-14 22:00:00,PUMP101.BEARING_TEMP,65.192,°C,GOOD
2024-10-15 00:00:00,PUMP101.BEARING_TEMP,64.922,°C,GOOD
2024-10-15 02:00:00,PUMP101.BEARING_TEMP,64.98,°C,GOOD
2024-10-15 04:00:00,PUMP101.BEARING_TEMP,64.673,°C,GOOD
2024-10-15 06:00:00,PUMP101.BEARING_TEMP,65.223,°C,GOOD
2024-10-15 08:00:00,PUMP101.BEARING_TEMP,64.773,°C,GOOD
2024-10-15 10:00:00,PUMP101.BEARING_TEMP,64.387,°C,GOOD
2024-10-15 12:00:00,PUMP101.BEARING_TEMP,64.361,°C,GOOD
2024-10-15 14:00:00,PUMP101.BEARING_TEMP,65.086,°C,GOOD
2024-10-15 16:00:00,PUMP101.BEARING_TEMP,65.79,°C,GOOD
2024-10-15 18:00:00,PUMP101.BEARING_TEMP,65.08,°C,GOOD
2024-10-15 20:00:00,PUMP101.BEARING_TEMP,64.941,°C,GOOD
2024-10-15 22:00:00,PUMP101.BEARING_TEMP,65.143,°C,GOOD
2024-10-16 00:00:00,PUMP101.BEARING_TEMP,65.653,°C,GOOD
2024-10-16 02:00:00,PUMP101.BEARING_TEMP,65.11,°C,GOOD
2024-10-16 04:00:00,PUMP101.BEARING_TEMP,64.795,°C,GOOD
2024-10-16 06:00:00,PUMP101.BEARING_TEMP,65.553,°C,GOOD
2024-10-16 08:00:00,PUMP101.BEARING_TEMP,65.214,°C,GOOD
2024-10-16 10:00:00,PUMP101.BEARING_TEMP,65.768,°C,GOOD
2024-10-16 12:00:00,PUMP101.BEARING_TEMP,65.092,°C,GOOD
2024-10-16 14:00:00,PUMP101.BEARING_TEMP,64.388,°C,GOOD
2024-10-16 16:00:00,PUMP101.BEARING_TEMP,64.316,°C,GOOD
2024-10-16 18:00:00,PUMP101.BEARING_TEMP,65.825,°C,GOOD
2024-10-16 20:00:00,PUMP101.BEARING_TEMP,65.862,°C,GOOD
2024-10-16 22:00:00,PUMP101.BEARING_TEMP,64.91,°C,GOOD
2024-10-17 00:00:00,PUMP101.BEARING_TEMP,64.808,°C,GOOD
2024-10-17 02:00:00,PUMP101.BEARING_TEMP,65.731,°C,GOOD
2024-10-17 04:00:00,PUMP101.BEARING_TEMP,64.446,°C,GOOD
2024-10-17 06:00:00,PUMP101.BEARING_TEMP,64.553,°C,GOOD
2024-10-17 08:00:00,PUMP101.BEARING_TEMP,65.322,°C,GOOD
2024-10-17 10:00:00,PUMP101.BEARING_TEMP,64.803,°C,GOOD
2024-10-17 12:00:00,PUMP101.BEARING_TEMP,64.997,°C,GOOD
2024-10-17 14:00:00,PUMP101.BEARING_TEMP,64.918,°C,GOOD
2024-10-17 16:00:00,PUMP101.BEARING_TEMP,65.169,°C,GOOD
2024-10-17 18:00:00,PUMP101.BEARING_TEMP,65.704,°C,GOOD
2024-10-17 20:00:00,PUMP101.BEARING_TEMP,65.045,°C,GOOD
2024-10-17 22:00:00,PUMP101.BEARING_TEMP,65.322,°C,GOOD
2024-10-18 00:00:00,PUMP101.BEARING_TEMP,63.975,°C,GOOD
2024-10-18 02:00:00,PUMP101.BEARING_TEMP,64.976,°C,GOOD
2024-10-18 04:00:00,PUMP101.BEARING_TEMP,64.578,°C,GOOD
2024-10-18 06:00:00,PUMP101.BEARING_TEMP,64.391,°C,GOOD
2024-10-18 08:00:00,PUMP101.BEARING_TEMP,64.561,°C,GOOD
2024-10-18 10:00:00,PUMP101.BEARING_TEMP,64.833,°C,GOOD
2024-10-18 12:00:00,PUMP101.BEARING_TEMP,65.458,°C,GOOD
2024-10-18 14:00:00,PUMP101.BEARING_TEMP,64.337,°C,GOOD
2024-10-18 16:00:00,PUMP101.BEARING_TEMP,65.015,°C,GOOD
2024-10-18 18:00:00,PUMP101.BEARING_TEMP,64.758,°C,GOOD
2024-10-18 20:00:00,PUMP101.BEARING_TEMP,64.836,°C,GOOD
2024-10-18 22:00:00,PUMP101.BEARING_TEMP,65.501,°C,GOOD
2024-10-19 00:00:00,PUMP101.BEARING_TEMP,65.269,°C,GOOD
2024-10-19 02:00:00,PUMP101.BEARING_TEMP,65.669,°C,GOOD
2024-10-19 04:00:00,PUMP101.BEARING_TEMP,64.923,°C,GOOD
2024-10-19 06:00:00,PUMP101.BEARING_TEMP,64.652,°C,GOOD
2024-10-19 08:00:00,PUMP101.BEARING_TEMP,64.888,°C,GOOD
2024-10-19 10:00:00,PUMP101.BEARING_TEMP,65.121,°C,GOOD
2024-10-19 12:00:00,PUMP101.BEARING_TEMP,65.088,°C,GOOD
2024-10-19 14:00:00,PUMP101.BEARING_TEMP,64.458,°C,GOOD
2024-10-19 16:00:00,PUMP101.BEARING_TEMP,65.045,°C,GOOD
2024-10-19 18:00:00,PUMP101.BEARING_TEMP,65.114,°C,GOOD
2024-10-19 20:00:00,PUMP101.BEARING_TEMP,66.259,°C,GOOD
2024-10-19 22:00:00,PUMP101.BEARING_TEMP,65.938,°C,GOOD
2024-10-20 00:00:00,PUMP101.BEARING_TEMP,64.573,°C,GOOD
2024-10-20 02:00:00,PUMP101.BEARING_TEMP,64.856,°C,GOOD
2024-10-20 04:00:00,PUMP101.BEARING_TEMP,64.268,°C,GOOD
2024-10-20 06:00:00,PUMP101.BEARING_TEMP,64.705,°C,GOOD
2024-10-20 08:00:00,PUMP101.BEARING_TEMP,65.158,°C,GOOD
2024-10-20 10:00:00,PUMP101.BEARING_TEMP,65.603,°C,GOOD
2024-10-20 12:00:00,PUMP101.BEARING_TEMP,64.635,°C,GOOD
2024-10-20 14:00:00,PUMP101.BEARING_TEMP,64.673,°C,GOOD
2024-10-20 16:00:00,PUMP101.BEARING_TEMP,63.926,°C,GOOD
2024-10-20 18:00:00,PUMP101.BEARING_TEMP,64.919,°C,GOOD
2024-10-20 20:00:00,PUMP101.BEARING_TEMP,64.469,°C,GOOD
2024-10-20 22:00:00,PUMP101.BEARING_TEMP,64.735,°C,GOOD
2024-10-21 00:00:00,PUMP101.BEARING_TEMP,64.562,°C,GOOD
2024-10-21 02:00:00,PUMP101.BEARING_TEMP,64.953,°C,GOOD
2024-10-21 04:00:00,PUMP101.BEARING_TEMP,64.121,°C,GOOD
2024-10-21 06:00:00,PUMP101.BEARING_TEMP,64.266,°C,GOOD
2024-10-21 08:00:00,PUMP101.BEARING_TEMP,66.065,°C,GOOD
2024-10-21 10:00:00,PUMP101.BEARING_TEMP,64.356,°C,GOOD
2024-10-21 12:00:00,PUMP101.BEARING_TEMP,64.452,°C,GOOD
2024-10-21 14:00:00,PUMP101.BEARING_TEMP,65.918,°C,GOOD
2024-10-21 16:00:00,PUMP101.BEARING_TEMP,66.453,°C,GOOD
2024-10-21 18:00:00,PUMP101.BEARING_TEMP,64.414,°C,GOOD
2024-10-21 20:00:00,PUMP101.BEARING_TEMP,64.816,°C,GOOD
2024-10-21 22:00:00,PUMP101.BEARING_TEMP,65.171,°C,GOOD
2024-10-22 00:00:00,PUMP101.BEARING_TEMP,65.864,°C,GOOD
2024-10-22 02:00:00,PUMP101.BEARING_TEMP,64.507,°C,GOOD
2024-10-22 04:00:00,PUMP101.BEARING_TEMP,64.877,°C,GOOD
2024-10-22 06:00:00,PUMP101.BEARING_TEMP,65.389,°C,GOOD
2024-10-22 08:00:00,PUMP101.BEARING_TEMP,65.217,°C,GOOD
2024-10-22 10:00:00,PUMP101.BEARING_TEMP,64.812,°C,GOOD
2024-10-22 12:00:00,PUMP101.BEARING_TEMP,64.933,°C,GOOD
2024-10-22 14:00:00,PUMP101.BEARING_TEMP,64.313,°C,GOOD
2024-10-22 16:00:00,PUMP101.BEARING_TEMP,64.881,°C,GOOD
2024-10-22 18:00:00,PUMP101.BEARING_TEMP,64.867,°C,GOOD
2024-10-22 20:00:00,PUMP101.BEARING_TEMP,65.116,°C,GOOD
2024-10-22 22:00:00,PUMP101.BEARING_TEMP,64.722,°C,GOOD
2024-10-23 00:00:00,PUMP101.BEARING_TEMP,65.236,°C,GOOD
2024-10-23 02:00:00,PUMP101.BEARING_TEMP,65.506,°C,GOOD
2024-10-23 04:00:00,PUMP101.BEARING_TEMP,65.078,°C,GOOD
2024-10-23 06:00:00,PUMP101.BEARING_TEMP,65.176,°C,GOOD
2024-10-23 08:00:00,PUMP101.BEARING_TEMP,65.027,°C,GOOD
2024-10-23 10:00:00,PUMP101.BEARING_TEMP,65.0,°C,GOOD
2024-10-23 12:00:00,PUMP101.BEARING_TEMP,64.639,°C,GOOD
2024-10-23 14:00:00,PUMP101.BEARING_TEMP,65.158,°C,GOOD
2024-10-23 16:00:00,PUMP101.BEARING_TEMP,64.951,°C,GOOD
2024-10-23 18:00:00,PUMP101.BEARING_TEMP,66.047,°C,GOOD
2024-10-23 20:00:00,PUMP101.BEARING_TEMP,65.787,°C,GOOD
2024-10-23 22:00:00,PUMP101.BEARING_TEMP,65.193,°C,GOOD
2024-10-24 00:00:00,PUMP101.BEARING_TEMP,64.618,°C,GOOD
2024-10-24 02:00:00,PUMP101.BEARING_TEMP,64.444,°C,GOOD
2024-10-24 04:00:00,PUMP101.BEARING_TEMP,65.596,°C,GOOD
2024-10-24 06:00:00,PUMP101.BEARING_TEMP,65.131,°C,GOOD
2024-10-24 08:00:00,PUMP101.BEARING_TEMP,65.24,°C,GOOD
2024-10-24 10:00:00,PUMP101.BEARING_TEMP,64.128,°C,GOOD
2024-10-24 12:00:00,PUMP101.BEARING_TEMP,65.464,°C,GOOD
2024-10-24 14:00:00,PUMP101.BEARING_TEMP,65.227,°C,GOOD
2024-10-24 16:00:00,PUMP101.BEARING_TEMP,64.445,°C,GOOD
2024-10-24 18:00:00,PUMP101.BEARING_TEMP,64.764,°C,GOOD
2024-10-24 20:00:00,PUMP101.BEARING_TEMP,65.132,°C,GOOD
2024-10-24 22:00:00,PUMP101.BEARING_TEMP,65.026,°C,GOOD
2024-10-25 00:00:00,PUMP101.BEARING_TEMP,64.854,°C,BAD
2024-10-25 02:00:00,PUMP101.BEARING_TEMP,64.948,°C,GOOD
2024-10-25 04:00:00,PUMP101.BEARING_TEMP,64.874,°C,GOOD
2024-10-25 06:00:00,PUMP101.BEARING_TEMP,65.076,°C,GOOD
2024-10-25 08:00:00,PUMP101.BEARING_TEMP,65.736,°C,GOOD
2024-10-25 10:00:00,PUMP101.BEARING_TEMP,63.717,°C,GOOD
2024-10-25 12:00:00,PUMP101.BEARING_TEMP,64.882,°C,GOOD
2024-10-25 14:00:00,PUMP101.BEARING_TEMP,65.088,°C,GOOD
2024-10-25 16:00:00,PUMP101.BEARING_TEMP,65.148,°C,GOOD
2024-10-25 18:00:00,PUMP101.BEARING_TEMP,64.814,°C,GOOD
2024-10-25 20:00:00,PUMP101.BEARING_TEMP,64.122,°C,GOOD
2024-10-25 22:00:00,PUMP101.BEARING_TEMP,65.164,°C,GOOD
2024-10-26 00:00:00,PUMP101.BEARING_TEMP,65.864,°C,GOOD
2024-10-26 02:00:00,PUMP101.BEARING_TEMP,64.233,°C,GOOD
2024-10-26 04:00:00,PUMP101.BEARING_TEMP,65.432,°C,GOOD
2024-10-26 06:00:00,PUMP101.BEARING_TEMP,64.836,°C,GOOD
2024-10-26 08:00:00,PUMP101.BEARING_TEMP,64.969,°C,GOOD
2024-10-26 10:00:00,PUMP101.BEARING_TEMP,64.474,°C,GOOD
2024-10-26 12:00:00,PUMP101.BEARING_TEMP,64.833,°C,GOOD
2024-10-26 14:00:00,PUMP101.BEARING_TEMP,65.65,°C,GOOD
2024-10-26 16:00:00,PUMP101.BEARING_TEMP,65.291,°C,GOOD
2024-10-26 18:00:00,PUMP101.BEARING_TEMP,65.866,°C,GOOD
2024-10-26 20:00:00,PUMP101.BEARING_TEMP,65.589,°C,GOOD
2024-10-26 22:00:00,PUMP101.BEARING_TEMP,65.22,°C,GOOD
2024-10-27 00:00:00,PUMP101.BEARING_TEMP,65.872,°C,GOOD
2024-10-27 02:00:00,PUMP101.BEARING_TEMP,65.219,°C,GOOD
2024-10-27 04:00:00,PUMP101.BEARING_TEMP,65.414,°C,GOOD
2024-10-27 06:00:00,PUMP101.BEARING_TEMP,64.852,°C,GOOD
2024-10-27 08:00:00,PUMP101.BEARING_TEMP,65.033,°C,GOOD
2024-10-27 10:00:00,PUMP101.BEARING_TEMP,64.651,°C,GOOD
2024-10-27 12:00:00,PUMP101.BEARING_TEMP,65.495,°C,GOOD
2024-10-27 14:00:00,PUMP101.BEARING_TEMP,64.411,°C,GOOD
2024-10-27 16:00:00,PUMP101.BEARING_TEMP,65.391,°C,GOOD
2024-10-27 18:00:00,PUMP101.BEARING_TEMP,64.905,°C,GOOD
2024-10-27 20:00:00,PUMP101.BEARING_TEMP,65.586,°C,GOOD
2024-10-27 22:00:00,PUMP101.BEARING_TEMP,65.375,°C,GOOD
2024-10-28 00:00:00,PUMP101.BEARING_TEMP,65.91,°C,GOOD
2024-10-28 02:00:00,PUMP101.BEARING_TEMP,65.365,°C,GOOD
2024-10-28 04:00:00,PUMP101.BEARING_TEMP,64.214,°C,GOOD
2024-10-28 06:00:00,PUMP101.BEARING_TEMP,64.967,°C,GOOD
2024-10-28 08:00:00,PUMP101.BEARING_TEMP,64.414,°C,GOOD
2024-10-28 10:00:00,PUMP101.BEARING_TEMP,64.741,°C,GOOD
2024-10-28 12:00:00,PUMP101.BEARING_TEMP,65.756,°C,BAD
2024-10-28 14:00:00,PUMP101.BEARING_TEMP,65.319,°C,GOOD
2024-10-28 16:00:00,PUMP101.BEARING_TEMP,64.651,°C,GOOD
2024-10-28 18:00:00,PUMP101.BEARING_TEMP,64.493,°C,GOOD
2024-10-28 20:00:00,PUMP101.BEARING_TEMP,65.016,°C,GOOD
2024-10-28 22:00:00,PUMP101.BEARING_TEMP,64.392,°C,GOOD
2024-10-29 00:00:00,PUMP101.BEARING_TEMP,64.664,°C,GOOD
2024-10-29 02:00:00,PUMP101.BEARING_TEMP,65.156,°C,GOOD
2024-10-29 04:00:00,PUMP101.BEARING_TEMP,65.578,°C,GOOD
2024-10-29 06:00:00,PUMP101.BEARING_TEMP,65.304,°C,GOOD
2024-10-29 08:00:00,PUMP101.BEARING_TEMP,63.854,°C,GOOD
2024-10-29 10:00:00,PUMP101.BEARING_TEMP,65.152,°C,GOOD
2024-10-29 12:00:00,PUMP101.BEARING_TEMP,65.036,°C,GOOD
2024-10-29 14:00:00,PUMP101.BEARING_TEMP,65.207,°C,GOOD
2024-10-29 16:00:00,PUMP101.BEARING_TEMP,65.808,°C,GOOD
2024-10-29 18:00:00,PUMP101.BEARING_TEMP,63.968,°C,GOOD
2024-10-29 20:00:00,PUMP101.BEARING_TEMP,64.704,°C,GOOD
2024-10-29 22:00:00,PUMP101.BEARING_TEMP,65.295,°C,GOOD
2024-10-30 00:00:00,PUMP101.BEARING_TEMP,64.209,°C,BAD
2024-10-30 02:00:00,PUMP101.BEARING_TEMP,65.738,°C,GOOD
2024-10-30 04:00:00,PUMP101.BEARING_TEMP,65.184,°C,GOOD
2024-10-30 06:00:00,PUMP101.BEARING_TEMP,65.423,°C,GOOD
2024-10-30 08:00:00,PUMP101.BEARING_TEMP,64.715,°C,GOOD
2024-10-30 10:00:00,PUMP101.BEARING_TEMP,65.407,°C,GOOD
2024-10-30 12:00:00,PUMP101.BEARING_TEMP,65.534,°C,GOOD
2024-10-30 14:00:00,PUMP101.BEARING_TEMP,65.116,°C,GOOD
2024-10-30 16:00:00,PUMP101.BEARING_TEMP,65.117,°C,GOOD
2024-10-30 18:00:00,PUMP101.BEARING_TEMP,65.135,°C,GOOD
2024-10-30 20:00:00,PUMP101.BEARING_TEMP,64.568,°C,GOOD
2024-10-30 22:00:00,PUMP101.BEARING_TEMP,64.926,°C,GOOD
2024-10-31 00:00:00,PUMP101.BEARING_TEMP,64.924,°C,GOOD
2024-10-31 02:00:00,PUMP101.BEARING_TEMP,65.192,°C,GOOD
2024-10-31 04:00:00,PUMP101.BEARING_TEMP,65.5,°C,GOOD
2024-10-31 06:00:00,PUMP101.BEARING_TEMP,64.471,°C,GOOD
2024-10-31 08:00:00,PUMP101.BEARING_TEMP,64.937,°C,GOOD
2024-10-31 10:00:00,PUMP101.BEARING_TEMP,65.741,°C,GOOD
2024-10-31 12:00:00,PUMP101.BEARING_TEMP,64.628,°C,BAD
2024-10-31 14:00:00,PUMP101.BEARING_TEMP,64.589,°C,GOOD
2024-10-31 16:00:00,PUMP101.BEARING_TEMP,65.101,°C,GOOD
2024-10-31 18:00:00,PUMP101.BEARING_TEMP,65.422,°C,GOOD
2024-10-31 20:00:00,PUMP101.BEARING_TEMP,65.006,°C,GOOD
2024-10-31 22:00:00,PUMP101.BEARING_TEMP,65.664,°C,GOOD
2024-11-01 00:00:00,PUMP101.BEARING_TEMP,65.428,°C,GOOD
2024-11-01 02:00:00,PUMP101.BEARING_TEMP,65.421,°C,GOOD
2024-11-01 04:00:00,PUMP101.BEARING_TEMP,65.277,°C,GOOD
2024-11-01 06:00:00,PUMP101.BEARING_TEMP,66.164,°C,GOOD
2024-11-01 08:00:00,PUMP101.BEARING_TEMP,64.897,°C,GOOD
2024-11-01 10:00:00,PUMP101.BEARING_TEMP,63.998,°C,GOOD
2024-11-01 12:00:00,PUMP101.BEARING_TEMP,65.802,°C,GOOD
2024-11-01 14:00:00,PUMP101.BEARING_TEMP,64.771,°C,GOOD
2024-11-01 16:00:00,PUMP101.BEARING_TEMP,65.054,°C,GOOD
2024-11-01 18:00:00,PUMP101.BEARING_TEMP,65.655,°C,GOOD
2024-11-01 20:00:00,PUMP101.BEARING_TEMP,64.199,°C,GOOD
2024-11-01 22:00:00,PUMP101.BEARING_TEMP,64.374,°C,GOOD
2024-11-02 00:00:00,PUMP101.BEARING_TEMP,64.199,°C,GOOD
2024-11-02 02:00:00,PUMP101.BEARING_TEMP,64.603,°C,GOOD
2024-11-02 04:00:00,PUMP101.BEARING_TEMP,65.22,°C,GOOD
2024-11-02 06:00:00,PUMP101.BEARING_TEMP,65.262,°C,GOOD
2024-11-02 08:00:00,PUMP101.BEARING_TEMP,65.138,°C,GOOD
2024-11-02 10:00:00,PUMP101.BEARING_TEMP,64.294,°C,GOOD
2024-11-02 12:00:00,PUMP101.BEARING_TEMP,63.845,°C,GOOD
2024-11-02 14:00:00,PUMP101.BEARING_TEMP,65.027,°C,GOOD
2024-11-02 16:00:00,PUMP101.BEARING_TEMP,64.764,°C,GOOD
2024-11-02 18:00:00,PUMP101.BEARING_TEMP,65.23,°C,GOOD
2024-11-02 20:00:00,PUMP101.BEARING_TEMP,65.351,°C,GOOD
2024-11-02 22:00:00,PUMP101.BEARING_TEMP,65.069,°C,GOOD
2024-11-03 00:00:00,PUMP101.BEARING_TEMP,65.38,°C,GOOD
2024-11-03 02:00:00,PUMP101.BEARING_TEMP,65.115,°C,GOOD
2024-11-03 04:00:00,PUMP101.BEARING_TEMP,65.265,°C,GOOD
2024-11-03 06:00:00,PUMP101.BEARING_TEMP,64.648,°C,GOOD
2024-11-03 08:00:00,PUMP101.BEARING_TEMP,64.91,°C,GOOD
2024-11-03 10:00:00,PUMP101.BEARING_TEMP,65.098,°C,GOOD
2024-11-03 12:00:00,PUMP101.BEARING_TEMP,65.41,°C,GOOD
2024-11-03 14:00:00,PUMP101.BEARING_TEMP,64.803,°C,GOOD
2024-11-03 16:00:00,PUMP101.BEARING_TEMP,65.261,°C,GOOD
2024-11-03 18:00:00,PUMP101.BEARING_TEMP,64.867,°C,GOOD
2024-11-03 20:00:00,PUMP101.BEARING_TEMP,64.941,°C,GOOD
2024-11-03 22:00:00,PUMP101.BEARING_TEMP,65.415,°C,GOOD
2024-11-04 00:00:00,PUMP101.BEARING_TEMP,64.003,°C,GOOD
2024-11-04 02:00:00,PUMP101.BEARING_TEMP,64.352,°C,GOOD
2024-11-04 04:00:00,PUMP101.BEARING_TEMP,64.259,°C,GOOD
2024-11-04 06:00:00,PUMP101.BEARING_TEMP,63.833,°C,GOOD
2024-11-04 08:00:00,PUMP101.BEARING_TEMP,64.661,°C,GOOD
2024-11-04 10:00:00,PUMP101.BEARING_TEMP,65.375,°C,GOOD
2024-11-04 12:00:00,PUMP101.BEARING_TEMP,64.858,°C,GOOD
2024-11-04 14:00:00,PUMP101.BEARING_TEMP,65.099,°C,GOOD
2024-11-04 16:00:00,PUMP101.BEARING_TEMP,65.545,°C,GOOD
2024-11-04 18:00:00,PUMP101.BEARING_TEMP,65.664,°C,GOOD
2024-11-04 20:00:00,PUMP101.BEARING_TEMP,64.965,°C,GOOD
2024-11-04 22:00:00,PUMP101.BEARING_TEMP,65.677,°C,GOOD
2024-11-05 00:00:00,PUMP101.BEARING_TEMP,65.046,°C,GOOD
2024-11-05 02:00:00,PUMP101.BEARING_TEMP,64.581,°C,GOOD
2024-11-05 04:00:00,PUMP101.BEARING_TEMP,64.703,°C,GOOD
2024-11-05 06:00:00,PUMP101.BEARING_TEMP,64.26,°C,GOOD
2024-11-05 08:00:00,PUMP101.BEARING_TEMP,64.556,°C,GOOD
2024-11-05 10:00:00,PUMP101.BEARING_TEMP,64.821,°C,GOOD
2024-11-05 12:00:00,PUMP101.BEARING_TEMP,65.402,°C,GOOD
2024-11-05 14:00:00,PUMP101.BEARING_TEMP,65.86,°C,GOOD
2024-11-05 16:00:00,PUMP101.BEARING_TEMP,64.309,°C,GOOD
2024-11-05 18:00:00,PUMP101.BEARING_TEMP,65.196,°C,GOOD
2024-11-05 20:00:00,PUMP101.BEARING_TEMP,64.48,°C,GOOD
2024-11-05 22:00:00,PUMP101.BEARING_TEMP,65.237,°C,GOOD
2024-11-06 00:00:00,PUMP101.BEARING_TEMP,64.934,°C,GOOD
2024-11-06 02:00:00,PUMP101.BEARING_TEMP,64.085,°C,GOOD
2024-11-06 04:00:00,PUMP101.BEARING_TEMP,65.464,°C,GOOD
2024-11-06 06:00:00,PUMP101.BEARING_TEMP,64.697,°C,GOOD
2024-11-06 08:00:00,PUMP101.BEARING_TEMP,64.733,°C,GOOD
2024-11-06 10:00:00,PUMP101.BEARING_TEMP,64.465,°C,GOOD
2024-11-06 12:00:00,PUMP101.BEARING_TEMP,64.673,°C,GOOD
2024-11-06 14:00:00,PUMP101.BEARING_TEMP,65.214,°C,GOOD
2024-11-06 16:00:00,PUMP101.BEARING_TEMP,64.905,°C,GOOD
2024-11-06 18:00:00,PUMP101.BEARING_TEMP,65.164,°C,GOOD
2024-11-06 20:00:00,PUMP101.BEARING_TEMP,65.181,°C,GOOD
2024-11-06 22:00:00,PUMP101.BEARING_TEMP,65.66,°C,GOOD
2024-11-07 00:00:00,PUMP101.BEARING_TEMP,64.829,°C,GOOD
2024-11-07 02:00:00,PUMP101.BEARING_TEMP,64.262,°C,GOOD
2024-11-07 04:00:00,PUMP101.BEARING_TEMP,65.534,°C,BAD
2024-11-07 06:00:00,PUMP101.BEARING_TEMP,64.834,°C,GOOD
2024-11-07 08:00:00,PUMP101.BEARING_TEMP,65.557,°C,GOOD
2024-11-07 10:00:00,PUMP101.BEARING_TEMP,65.192,°C,GOOD
2024-11-07 12:00:00,PUMP101.BEARING_TEMP,64.934,°C,GOOD
2024-11-07 14:00:00,PUMP101.BEARING_TEMP,65.174,°C,GOOD
2024-11-07 16:00:00,PUMP101.BEARING_TEMP,65.976,°C,GOOD
2024-11-07 18:00:00,PUMP101.BEARING_TEMP,66.038,°C,GOOD
2024-11-07 20:00:00,PUMP101.BEARING_TEMP,65.035,°C,GOOD
2024-11-07 22:00:00,PUMP101.BEARING_TEMP,65.08,°C,GOOD
2024-11-08 00:00:00,PUMP101.BEARING_TEMP,65.538,°C,GOOD
2024-11-08 02:00:00,PUMP101.BEARING_TEMP,64.577,°C,GOOD
2024-11-08 04:00:00,PUMP101.BEARING_TEMP,65.167,°C,GOOD
2024-11-08 06:00:00,PUMP101.BEARING_TEMP,64.987,°C,GOOD
2024-11-08 08:00:00,PUMP101.BEARING_TEMP,65.157,°C,GOOD
2024-11-08 10:00:00,PUMP101.BEARING_TEMP,64.583,°C,GOOD
2024-11-08 12:00:00,PUMP101.BEARING_TEMP,64.205,°C,GOOD
2024-11-08 14:00:00,PUMP101.BEARING_TEMP,63.964,°C,GOOD
2024-11-08 16:00:00,PUMP101.BEARING_TEMP,64.441,°C,GOOD
2024-11-08 18:00:00,PUMP101.BEARING_TEMP,64.771,°C,GOOD
2024-11-08 20:00:00,PUMP101.BEARING_TEMP,64.853,°C,GOOD
2024-11-08 22:00:00,PUMP101.BEARING_TEMP,65.969,°C,GOOD
2024-11-09 00:00:00,PUMP101.BEARING_TEMP,65.553,°C,GOOD
2024-11-09 02:00:00,PUMP101.BEARING_TEMP,64.519,°C,GOOD
2024-11-09 04:00:00,PUMP101.BEARING_TEMP,65.174,°C,GOOD
2024-11-09 06:00:00,PUMP101.BEARING_TEMP,64.796,°C,GOOD
2024-11-09 08:00:00,PUMP101.BEARING_TEMP,64.858,°C,GOOD
2024-11-09 10:00:00,PUMP101.BEARING_TEMP,65.093,°C,GOOD
2024-11-09 12:00:00,PUMP101.BEARING_TEMP,65.31,°C,GOOD
2024-11-09 14:00:00,PUMP101.BEARING_TEMP,64.83,°C,GOOD
2024-11-09 16:00:00,PUMP101.BEARING_TEMP,65.532,°C,GOOD
2024-11-09 18:00:00,PUMP101.BEARING_TEMP,64.429,°C,GOOD
2024-11-09 20:00:00,PUMP101.BEARING_TEMP,65.003,°C,GOOD
2024-11-09 22:00:00,PUMP101.BEARING_TEMP,66.299,°C,BAD
2024-11-10 00:00:00,PUMP101.BEARING_TEMP,65.112,°C,GOOD
2024-11-10 02:00:00,PUMP101.BEARING_TEMP,65.717,°C,GOOD
2024-11-10 04:00:00,PUMP101.BEARING_TEMP,65.046,°C,GOOD
2024-11-10 06:00:00,PUMP101.BEARING_TEMP,65.29,°C,GOOD
2024-11-10 08:00:00,PUMP101.BEARING_TEMP,64.972,°C,GOOD
2024-11-10 10:00:00,PUMP101.BEARING_TEMP,64.915,°C,GOOD
2024-11-10 12:00:00,PUMP101.BEARING_TEMP,64.61,°C,GOOD
2024-11-10 14:00:00,PUMP101.BEARING_TEMP,65.215,°C,GOOD
2024-11-10 16:00:00,PUMP101.BEARING_TEMP,64.574,°C,GOOD
2024-11-10 18:00:00,PUMP101.BEARING_TEMP,65.333,°C,GOOD
2024-11-10 20:00:00,PUMP101.BEARING_TEMP,65.543,°C,GOOD
2024-11-10 22:00:00,PUMP101.BEARING_TEMP,65.183,°C,GOOD
2024-11-11 00:00:00,PUMP101.BEARING_TEMP,64.857,°C,GOOD
2024-11-11 02:00:00,PUMP101.BEARING_TEMP,65.227,°C,GOOD
2024-11-11 04:00:00,PUMP101.BEARING_TEMP,64.846,°C,GOOD
2024-11-11 06:00:00,PUMP101.BEARING_TEMP,65.468,°C,GOOD
2024-11-11 08:00:00,PUMP101.BEARING_TEMP,64.084,°C,GOOD
2024-11-11 10:00:00,PUMP101.BEARING_TEMP,64.832,°C,GOOD
2024-11-11 12:00:00,PUMP101.BEARING_TEMP,64.005,°C,GOOD
2024-11-11 14:00:00,PUMP101.BEARING_TEMP,64.252,°C,GOOD
2024-11-11 16:00:00,PUMP101.BEARING_TEMP,65.682,°C,GOOD
2024-11-11 18:00:00,PUMP101.BEARING_TEMP,65.448,°C,GOOD
2024-11-11 20:00:00,PUMP101.BEARING_TEMP,64.64,°C,GOOD
2024-11-11 22:00:00,PUMP101.BEARING_TEMP,64.249,°C,GOOD
2024-11-12 00:00:00,PUMP101.BEARING_TEMP,63.518,°C,GOOD
2024-11-12 02:00:00,PUMP101.BEARING_TEMP,64.728,°C,GOOD
2024-11-12 04:00:00,PUMP101.BEARING_TEMP,66.21,°C,GOOD
2024-11-12 06:00:00,PUMP101.BEARING_TEMP,65.217,°C,GOOD
2024-11-12 08:00:00,PUMP101.BEARING_TEMP,64.72,°C,GOOD
2024-11-12 10:00:00,PUMP101.BEARING_TEMP,65.233,°C,GOOD
2024-11-12 12:00:00,PUMP101.BEARING_TEMP,64.22,°C,GOOD
2024-11-12 14:00:00,PUMP101.BEARING_TEMP,64.851,°C,GOOD
2024-11-12 16:00:00,PUMP101.BEARING_TEMP,65.05,°C,GOOD
2024-11-12 18:00:00,PUMP101.BEARING_TEMP,64.957,°C,GOOD
2024-11-12 20:00:00,PUMP101.BEARING_TEMP,65.395,°C,GOOD
2024-11-12 22:00:00,PUMP101.BEARING_TEMP,65.172,°C,GOOD
2024-11-13 00:00:00,PUMP101.BEARING_TEMP,65.334,°C,GOOD
2024-11-13 02:00:00,PUMP101.BEARING_TEMP,64.656,°C,GOOD
2024-11-13 04:00:00,PUMP101.BEARING_TEMP,65.449,°C,GOOD
2024-11-13 06:00:00,PUMP101.BEARING_TEMP,65.814,°C,GOOD
2024-11-13 08:00:00,PUMP101.BEARING_TEMP,64.515,°C,GOOD
2024-11-13 10:00:00,PUMP101.BEARING_TEMP,64.556,°C,GOOD
2024-11-13 12:00:00,PUMP101.BEARING_TEMP,65.668,°C,GOOD
2024-11-13 14:00:00,PUMP101.BEARING_TEMP,64.904,°C,GOOD
2024-11-13 16:00:00,PUMP101.BEARING_TEMP,65.702,°C,GOOD
2024-11-13 18:00:00,PUMP101.BEARING_TEMP,64.779,°C,GOOD
2024-11-13 20:00:00,PUMP101.BEARING_TEMP,65.728,°C,GOOD
2024-11-13 22:00:00,PUMP101.BEARING_TEMP,65.066,°C,GOOD
2024-11-14 00:00:00,PUMP101.BEARING_TEMP,65.129,°C,GOOD
2024-11-14 02:00:00,PUMP101.BEARING_TEMP,65.782,°C,GOOD
2024-11-14 04:00:00,PUMP101.BEARING_TEMP,64.819,°C,GOOD
2024-11-14 06:00:00,PUMP101.BEARING_TEMP,64.529,°C,GOOD
2024-11-14 08:00:00,PUMP101.BEARING_TEMP,64.776,°C,GOOD
2024-11-14 10:00:00,PUMP101.BEARING_TEMP,65.226,°C,GOOD
2024-11-14 12:00:00,PUMP101.BEARING_TEMP,64.217,°C,GOOD
2024-11-14 14:00:00,PUMP101.BEARING_TEMP,65.319,°C,GOOD
2024-11-14 16:00:00,PUMP101.BEARING_TEMP,64.731,°C,GOOD
2024-11-14 18:00:00,PUMP101.BEARING_TEMP,65.574,°C,GOOD
2024-11-14 20:00:00,PUMP101.BEARING_TEMP,63.803,°C,GOOD
2024-11-14 22:00:00,PUMP101.BEARING_TEMP,64.607,°C,GOOD
2024-11-15 00:00:00,PUMP101.BEARING_TEMP,64.157,°C,GOOD
2024-11-15 02:00:00,PUMP101.BEARING_TEMP,64.587,°C,GOOD
2024-11-15 04:00:00,PUMP101.BEARING_TEMP,65.124,°C,GOOD
2024-11-15 06:00:00,PUMP101.BEARING_TEMP,64.91,°C,GOOD
2024-11-15 08:00:00,PUMP101.BEARING_TEMP,64.873,°C,GOOD
2024-11-15 10:00:00,PUMP101.BEARING_TEMP,64.92,°C,GOOD
2024-11-15 12:00:00,PUMP101.BEARING_TEMP,65.102,°C,GOOD
2024-11-15 14:00:00,PUMP101.BEARING_TEMP,64.496,°C,GOOD
2024-11-15 16:00:00,PUMP101.BEARING_TEMP,65.353,°C,GOOD
2024-11-15 18:00:00,PUMP101.BEARING_TEMP,65.331,°C,GOOD
2024-11-15 20:00:00,PUMP101.BEARING_TEMP,65.193,°C,GOOD
2024-11-15 22:00:00,PUMP101.BEARING_TEMP,65.278,°C,GOOD
2024-11-16 00:00:00,PUMP101.BEARING_TEMP,65.148,°C,GOOD
2024-11-16 02:00:00,PUMP101.BEARING_TEMP,66.018,°C,GOOD
2024-11-16 04:00:00,PUMP101.BEARING_TEMP,64.956,°C,GOOD
2024-11-16 06:00:00,PUMP101.BEARING_TEMP,64.846,°C,GOOD
2024-11-16 08:00:00,PUMP101.BEARING_TEMP,64.623,°C,GOOD
2024-11-16 10:00:00,PUMP101.BEARING_TEMP,64.484,°C,GOOD
2024-11-16 12:00:00,PUMP101.BEARING_TEMP,64.378,°C,GOOD
2024-11-16 14:00:00,PUMP101.BEARING_TEMP,64.556,°C,BAD
2024-11-16 16:00:00,PUMP101.BEARING_TEMP,64.965,°C,GOOD
2024-11-16 18:00:00,PUMP101.BEARING_TEMP,65.167,°C,GOOD
2024-11-16 20:00:00,PUMP101.BEARING_TEMP,65.026,°C,GOOD
2024-11-16 22:00:00,PUMP101.BEARING_TEMP,64.617,°C,GOOD
2024-11-17 00:00:00,PUMP101.BEARING_TEMP,65.45,°C,GOOD
2024-11-17 02:00:00,PUMP101.BEARING_TEMP,65.37,°C,GOOD
2024-11-17 04:00:00,PUMP101.BEARING_TEMP,64.92,°C,GOOD
2024-11-17 06:00:00,PUMP101.BEARING_TEMP,64.674,°C,GOOD
2024-11-17 08:00:00,PUMP101.BEARING_TEMP,65.274,°C,GOOD
2024-11-17 10:00:00,PUMP101.BEARING_TEMP,65.094,°C,GOOD
2024-11-17 12:00:00,PUMP101.BEARING_TEMP,64.276,°C,GOOD
2024-11-17 14:00:00,PUMP101.BEARING_TEMP,64.966,°C,GOOD
2024-11-17 16:00:00,PUMP101.BEARING_TEMP,65.131,°C,GOOD
2024-11-17 18:00:00,PUMP101.BEARING_TEMP,64.55,°C,GOOD
2024-11-17 20:00:00,PUMP101.BEARING_TEMP,65.095,°C,GOOD
2024-11-17 22:00:00,PUMP101.BEARING_TEMP,64.273,°C,GOOD
2024-11-18 00:00:00,PUMP101.BEARING_TEMP,65.668,°C,GOOD
2024-11-18 02:00:00,PUMP101.BEARING_TEMP,65.624,°C,GOOD
2024-11-18 04:00:00,PUMP101.BEARING_TEMP,64.874,°C,GOOD
2024-11-18 06:00:00,PUMP101.BEARING_TEMP,65.182,°C,GOOD
2024-11-18 08:00:00,PUMP101.BEARING_TEMP,63.795,°C,GOOD
2024-11-18 10:00:00,PUMP101.BEARING_TEMP,64.422,°C,GOOD
2024-11-18 12:00:00,PUMP101.BEARING_TEMP,64.853,°C,GOOD
2024-11-18 14:00:00,PUMP101.BEARING_TEMP,64.464,°C,GOOD
2024-11-18 16:00:00,PUMP101.BEARING_TEMP,65.357,°C,GOOD
2024-11-18 18:00:00,PUMP101.BEARING_TEMP,65.999,°C,GOOD
2024-11-18 20:00:00,PUMP101.BEARING_TEMP,64.412,°C,GOOD
2024-11-18 22:00:00,PUMP101.BEARING_TEMP,64.581,°C,BAD
2024-11-19 00:00:00,PUMP101.BEARING_TEMP,65.118,°C,GOOD
2024-11-19 02:00:00,PUMP101.BEARING_TEMP,65.806,°C,GOOD
2024-11-19 04:00:00,PUMP101.BEARING_TEMP,64.389,°C,GOOD
2024-11-19 06:00:00,PUMP101.BEARING_TEMP,65.125,°C,GOOD
2024-11-19 08:00:00,PUMP101.BEARING_TEMP,65.911,°C,GOOD
2024-11-19 10:00:00,PUMP101.BEARING_TEMP,64.174,°C,GOOD
2024-11-19 12:00:00,PUMP101.BEARING_TEMP,64.359,°C,GOOD
2024-11-19 14:00:00,PUMP101.BEARING_TEMP,64.788,°C,GOOD
2024-11-19 16:00:00,PUMP101.BEARING_TEMP,64.74,°C,GOOD
2024-11-19 18:00:00,PUMP101.BEARING_TEMP,65.406,°C,GOOD
2024-11-19 20:00:00,PUMP101.BEARING_TEMP,65.121,°C,GOOD
2024-11-19 22:00:00,PUMP101.BEARING_TEMP,64.113,°C,GOOD
2024-11-20 00:00:00,PUMP101.BEARING_TEMP,65.258,°C,GOOD
2024-11-20 02:00:00,PUMP101.BEARING_TEMP,64.711,°C,GOOD
2024-11-20 04:00:00,PUMP101.BEARING_TEMP,65.637,°C,GOOD
2024-11-20 06:00:00,PUMP101.BEARING_TEMP,64.686,°C,GOOD
2024-11-20 08:00:00,PUMP101.BEARING_TEMP,64.682,°C,GOOD
2024-11-20 10:00:00,PUMP101.BEARING_TEMP,65.271,°C,GOOD
2024-11-20 12:00:00,PUMP101.BEARING_TEMP,65.381,°C,GOOD
2024-11-20 14:00:00,PUMP101.BEARING_TEMP,65.224,°C,GOOD
2024-11-20 16:00:00,PUMP101.BEARING_TEMP,64.157,°C,GOOD
2024-11-20 18:00:00,PUMP101.BEARING_TEMP,65.269,°C,GOOD
2024-11-20 20:00:00,PUMP101.BEARING_TEMP,64.483,°C,GOOD
2024-11-20 22:00:00,PUMP101.BEARING_TEMP,65.118,°C,GOOD
2024-11-21 00:00:00,PUMP101.BEARING_TEMP,64.288,°C,GOOD
2024-11-21 02:00:00,PUMP101.BEARING_TEMP,65.223,°C,GOOD
2024-11-21 04:00:00,PUMP101.BEARING_TEMP,64.597,°C,GOOD
2024-11-21 06:00:00,PUMP101.BEARING_TEMP,64.359,°C,BAD
2024-11-21 08:00:00,PUMP101.BEARING_TEMP,65.357,°C,GOOD
2024-11-21 10:00:00,PUMP101.BEARING_TEMP,65.121,°C,GOOD
2024-11-21 12:00:00,PUMP101.BEARING_TEMP,64.693,°C,GOOD
2024-11-21 14:00:00,PUMP101.BEARING_TEMP,65.726,°C,GOOD
2024-11-21 16:00:00,PUMP101.BEARING_TEMP,64.78,°C,GOOD
2024-11-21 18:00:00,PUMP101.BEARING_TEMP,65.016,°C,GOOD
2024-11-21 20:00:00,PUMP101.BEARING_TEMP,65.134,°C,GOOD
2024-11-21 22:00:00,PUMP101.BEARING_TEMP,64.69,°C,GOOD
2024-11-22 00:00:00,PUMP101.BEARING_TEMP,65.236,°C,GOOD
2024-11-22 02:00:00,PUMP101.BEARING_TEMP,64.733,°C,GOOD
2024-11-22 04:00:00,PUMP101.BEARING_TEMP,64.794,°C,BAD
2024-11-22 06:00:00,PUMP101.BEARING_TEMP,65.681,°C,GOOD
2024-11-22 08:00:00,PUMP101.BEARING_TEMP,64.48,°C,GOOD
2024-11-22 10:00:00,PUMP101.BEARING_TEMP,63.794,°C,GOOD
2024-11-22 12:00:00,PUMP101.BEARING_TEMP,65.805,°C,GOOD
2024-11-22 14:00:00,PUMP101.BEARING_TEMP,66.275,°C,GOOD
2024-11-22 16:00:00,PUMP101.BEARING_TEMP,64.797,°C,GOOD
2024-11-22 18:00:00,PUMP101.BEARING_TEMP,64.032,°C,GOOD
2024-11-22 20:00:00,PUMP101.BEARING_TEMP,64.845,°C,GOOD
2024-11-22 22:00:00,PUMP101.BEARING_TEMP,64.857,°C,GOOD
2024-11-23 00:00:00,PUMP101.BEARING_TEMP,64.905,°C,GOOD
2024-11-23 02:00:00,PUMP101.BEARING_TEMP,64.443,°C,GOOD
2024-11-23 04:00:00,PUMP101.BEARING_TEMP,65.29,°C,GOOD
2024-11-23 06:00:00,PUMP101.BEARING_TEMP,65.262,°C,GOOD
2024-11-23 08:00:00,PUMP101.BEARING_TEMP,64.253,°C,GOOD
2024-11-23 10:00:00,PUMP101.BEARING_TEMP,65.35,°C,GOOD
2024-11-23 12:00:00,PUMP101.BEARING_TEMP,66.026,°C,GOOD
2024-11-23 14:00:00,PUMP101.BEARING_TEMP,65.086,°C,GOOD
2024-11-23 16:00:00,PUMP101.BEARING_TEMP,64.831,°C,GOOD
2024-11-23 18:00:00,PUMP101.BEARING_TEMP,64.929,°C,GOOD
2024-11-23 20:00:00,PUMP101.BEARING_TEMP,65.308,°C,GOOD
2024-11-23 22:00:00,PUMP101.BEARING_TEMP,64.135,°C,GOOD
2024-11-24 00:00:00,PUMP101.BEARING_TEMP,65.082,°C,GOOD
2024-11-24 02:00:00,PUMP101.BEARING_TEMP,64.805,°C,GOOD
2024-11-24 04:00:00,PUMP101.BEARING_TEMP,65.924,°C,GOOD
2024-11-24 06:00:00,PUMP101.BEARING_TEMP,64.913,°C,GOOD
2024-11-24 08:00:00,PUMP101.BEARING_TEMP,65.834,°C,GOOD
2024-11-24 10:00:00,PUMP101.BEARING_TEMP,64.448,°C,GOOD
2024-11-24 12:00:00,PUMP101.BEARING_TEMP,65.294,°C,GOOD
2024-11-24 14:00:00,PUMP101.BEARING_TEMP,65.16,°C,GOOD
2024-11-24 16:00:00,PUMP101.BEARING_TEMP,64.565,°C,GOOD
2024-11-24 18:00:00,PUMP101.BEARING_TEMP,65.089,°C,GOOD
2024-11-24 20:00:00,PUMP101.BEARING_TEMP,65.606,°C,GOOD
2024-11-24 22:00:00,PUMP101.BEARING_TEMP,64.838,°C,GOOD
2024-11-25 00:00:00,PUMP101.BEARING_TEMP,64.154,°C,GOOD
2024-11-25 02:00:00,PUMP101.BEARING_TEMP,64.991,°C,GOOD
2024-11-25 04:00:00,PUMP101.BEARING_TEMP,64.549,°C,GOOD
2024-11-25 06:00:00,PUMP101.BEARING_TEMP,64.829,°C,GOOD
2024-11-25 08:00:00,PUMP101.BEARING_TEMP,64.959,°C,GOOD
2024-11-25 10:00:00,PUMP101.BEARING_TEMP,64.147,°C,GOOD
2024-11-25 12:00:00,PUMP101.BEARING_TEMP,64.192,°C,GOOD
2024-11-25 14:00:00,PUMP101.BEARING_TEMP,65.241,°C,GOOD
2024-11-25 16:00:00,PUMP101.BEARING_TEMP,64.739,°C,GOOD
2024-11-25 18:00:00,PUMP101.BEARING_TEMP,63.718,°C,GOOD
2024-11-25 20:00:00,PUMP101.BEARING_TEMP,65.392,°C,GOOD
2024-11-25 22:00:00,PUMP101.BEARING_TEMP,65.136,°C,GOOD
2024-11-26 00:00:00,PUMP101.BEARING_TEMP,64.643,°C,GOOD
2024-11-26 02:00:00,PUMP101.BEARING_TEMP,64.342,°C,GOOD
2024-11-26 04:00:00,PUMP101.BEARING_TEMP,65.418,°C,GOOD
2024-11-26 06:00:00,PUMP101.BEARING_TEMP,65.175,°C,GOOD
2024-11-26 08:00:00,PUMP101.BEARING_TEMP,66.191,°C,GOOD
2024-11-26 10:00:00,PUMP101.BEARING_TEMP,65.21,°C,GOOD
2024-11-26 12:00:00,PUMP101.BEARING_TEMP,65.194,°C,GOOD
2024-11-26 14:00:00,PUMP101.BEARING_TEMP,64.917,°C,GOOD
2024-11-26 16:00:00,PUMP101.BEARING_TEMP,65.408,°C,GOOD
2024-11-26 18:00:00,PUMP101.BEARING_TEMP,65.313,°C,GOOD
2024-11-26 20:00:00,PUMP101.BEARING_TEMP,65.626,°C,GOOD
2024-11-26 22:00:00,PUMP101.BEARING_TEMP,64.739,°C,GOOD
2024-11-27 00:00:00,PUMP101.BEARING_TEMP,64.782,°C,GOOD
2024-11-27 02:00:00,PUMP101.BEARING_TEMP,64.76,°C,GOOD
2024-11-27 04:00:00,PUMP101.BEARING_TEMP,65.395,°C,GOOD
2024-11-27 06:00:00,PUMP101.BEARING_TEMP,65.749,°C,GOOD
2024-11-27 08:00:00,PUMP101.BEARING_TEMP,64.771,°C,GOOD
2024-11-27 10:00:00,PUMP101.BEARING_TEMP,64.788,°C,GOOD
2024-11-27 12:00:00,PUMP101.BEARING_TEMP,65.157,°C,GOOD
2024-11-27 14:00:00,PUMP101.BEARING_TEMP,64.877,°C,GOOD
2024-11-27 16:00:00,PUMP101.BEARING_TEMP,65.476,°C,GOOD
2024-11-27 18:00:00,PUMP101.BEARING_TEMP,63.874,°C,GOOD
2024-11-27 20:00:00,PUMP101.BEARING_TEMP,64.587,°C,GOOD
2024-11-27 22:00:00,PUMP101.BEARING_TEMP,64.609,°C,GOOD
2024-11-28 00:00:00,PUMP101.BEARING_TEMP,63.84,°C,GOOD
2024-11-28 02:00:00,PUMP101.BEARING_TEMP,64.518,°C,GOOD
2024-11-28 04:00:00,PUMP101.BEARING_TEMP,64.542,°C,GOOD
2024-11-28 06:00:00,PUMP101.BEARING_TEMP,64.899,°C,GOOD
2024-11-28 08:00:00,PUMP101.BEARING_TEMP,65.556,°C,GOOD
2024-11-28 10:00:00,PUMP101.BEARING_TEMP,64.877,°C,GOOD
2024-11-28 12:00:00,PUMP101.BEARING_TEMP,64.485,°C,GOOD
2024-11-28 14:00:00,PUMP101.BEARING_TEMP,64.972,°C,GOOD
2024-11-28 16:00:00,PUMP101.BEARING_TEMP,65.525,°C,GOOD
2024-11-28 18:00:00,PUMP101.BEARING_TEMP,64.512,°C,GOOD
2024-11-28 20:00:00,PUMP101.BEARING_TEMP,64.545,°C,GOOD
2024-11-28 22:00:00,PUMP101.BEARING_TEMP,65.279,°C,GOOD
2024-11-29 00:00:00,PUMP101.BEARING_TEMP,64.889,°C,GOOD
2024-11-29 02:00:00,PUMP101.BEARING_TEMP,65.324,°C,GOOD
2024-11-29 04:00:00,PUMP101.BEARING_TEMP,64.993,°C,GOOD
2024-11-29 06:00:00,PUMP101.BEARING_TEMP,65.351,°C,GOOD
2024-11-29 08:00:00,PUMP101.BEARING_TEMP,64.482,°C,GOOD
2024-11-29 10:00:00,PUMP101.BEARING_TEMP,64.994,°C,GOOD
2024-11-29 12:00:00,PUMP101.BEARING_TEMP,64.895,°C,GOOD
2024-11-29 14:00:00,PUMP101.BEARING_TEMP,64.392,°C,GOOD
2024-11-29 16:00:00,PUMP101.BEARING_TEMP,64.218,°C,GOOD
2024-11-29 18:00:00,PUMP101.BEARING_TEMP,65.343,°C,GOOD
2024-11-29 20:00:00,PUMP101.BEARING_TEMP,64.825,°C,GOOD
2024-11-29 22:00:00,PUMP101.BEARING_TEMP,64.489,°C,GOOD
2024-11-30 00:00:00,PUMP101.BEARING_TEMP,64.952,°C,GOOD
2024-11-30 02:00:00,PUMP101.BEARING_TEMP,65.564,°C,GOOD
2024-11-30 04:00:00,PUMP101.BEARING_TEMP,63.86,°C,GOOD
2024-11-30 06:00:00,PUMP101.BEARING_TEMP,64.252,°C,GOOD
2024-11-30 08:00:00,PUMP101.BEARING_TEMP,64.539,°C,GOOD
2024-11-30 10:00:00,PUMP101.BEARING_TEMP,65.731,°C,GOOD
2024-11-30 12:00:00,PUMP101.BEARING_TEMP,65.141,°C,GOOD
2024-11-30 14:00:00,PUMP101.BEARING_TEMP,65.384,°C,GOOD
2024-11-30 16:00:00,PUMP101.BEARING_TEMP,64.43,°C,GOOD
2024-11-30 18:00:00,PUMP101.BEARING_TEMP,64.44,°C,BAD
2024-11-30 20:00:00,PUMP101.BEARING_TEMP,65.224,°C,GOOD
2024-11-30 22:00:00,PUMP101.BEARING_TEMP,65.029,°C,GOOD
2024-12-01 00:00:00,PUMP101.BEARING_TEMP,65.274,°C,GOOD
2024-12-01 02:00:00,PUMP101.BEARING_TEMP,64.906,°C,GOOD
2024-12-01 04:00:00,PUMP101.BEARING_TEMP,65.139,°C,GOOD
2024-12-01 06:00:00,PUMP101.BEARING_TEMP,65.079,°C,GOOD
2024-12-01 08:00:00,PUMP101.BEARING_TEMP,65.389,°C,GOOD
2024-12-01 10:00:00,PUMP101.BEARING_TEMP,65.404,°C,GOOD
2024-12-01 12:00:00,PUMP101.BEARING_TEMP,64.19,°C,GOOD
2024-12-01 14:00:00,PUMP101.BEARING_TEMP,63.876,°C,GOOD
2024-12-01 16:00:00,PUMP101.BEARING_TEMP,65.501,°C,GOOD
2024-12-01 18:00:00,PUMP101.BEARING_TEMP,65.594,°C,GOOD
2024-12-01 20:00:00,PUMP101.BEARING_TEMP,64.49,°C,GOOD
2024-12-01 22:00:00,PUMP101.BEARING_TEMP,64.07,°C,GOOD
2024-12-02 00:00:00,PUMP101.BEARING_TEMP,65.05,°C,GOOD
2024-12-02 02:00:00,PUMP101.BEARING_TEMP,65.465,°C,GOOD
2024-12-02 04:00:00,PUMP101.BEARING_TEMP,65.899,°C,GOOD
2024-12-02 06:00:00,PUMP101.BEARING_TEMP,65.258,°C,GOOD
2024-12-02 08:00:00,PUMP101.BEARING_TEMP,64.814,°C,GOOD
2024-12-02 10:00:00,PUMP101.BEARING_TEMP,64.553,°C,GOOD
2024-12-02 12:00:00,PUMP101.BEARING_TEMP,65.006,°C,GOOD
2024-12-02 14:00:00,PUMP101.BEARING_TEMP,64.85,°C,GOOD
2024-12-02 16:00:00,PUMP101.BEARING_TEMP,64.492,°C,GOOD
2024-12-02 18:00:00,PUMP101.BEARING_TEMP,66.024,°C,GOOD
2024-12-02 20:00:00,PUMP101.BEARING_TEMP,65.893,°C,GOOD
2024-12-02 22:00:00,PUMP101.BEARING_TEMP,65.568,°C,GOOD
2024-12-03 00:00:00,PUMP101.BEARING_TEMP,64.54,°C,GOOD
2024-12-03 02:00:00,PUMP101.BEARING_TEMP,65.428,°C,GOOD
2024-12-03 04:00:00,PUMP101.BEARING_TEMP,65.32,°C,GOOD
2024-12-03 06:00:00,PUMP101.BEARING_TEMP,65.221,°C,GOOD
2024-12-03 08:00:00,PUMP101.BEARING_TEMP,65.625,°C,GOOD
2024-12-03 10:00:00,PUMP101.BEARING_TEMP,65.318,°C,GOOD
2024-12-03 12:00:00,PUMP101.BEARING_TEMP,65.37,°C,GOOD
2024-12-03 14:00:00,PUMP101.BEARING_TEMP,65.318,°C,GOOD
2024-12-03 16:00:00,PUMP101.BEARING_TEMP,65.17,°C,GOOD
2024-12-03 18:00:00,PUMP101.BEARING_TEMP,64.108,°C,GOOD
2024-12-03 20:00:00,PUMP101.BEARING_TEMP,65.042,°C,GOOD
2024-12-03 22:00:00,PUMP101.BEARING_TEMP,64.722,°C,GOOD
2024-12-04 00:00:00,PUMP101.BEARING_TEMP,64.36,°C,GOOD
2024-12-04 02:00:00,PUMP101.BEARING_TEMP,65.841,°C,GOOD
2024-12-04 04:00:00,PUMP101.BEARING_TEMP,65.864,°C,GOOD
2024-12-04 06:00:00,PUMP101.BEARING_TEMP,65.68,°C,GOOD
2024-12-04 08:00:00,PUMP101.BEARING_TEMP,65.128,°C,GOOD
2024-12-04 10:00:00,PUMP101.BEARING_TEMP,65.675,°C,GOOD
2024-12-04 12:00:00,PUMP101.BEARING_TEMP,65.006,°C,GOOD
2024-12-04 14:00:00,PUMP101.BEARING_TEMP,65.101,°C,GOOD
2024-12-04 16:00:00,PUMP101.BEARING_TEMP,64.453,°C,GOOD
2024-12-04 18:00:00,PUMP101.BEARING_TEMP,65.198,°C,GOOD
2024-12-04 20:00:00,PUMP101.BEARING_TEMP,65.03,°C,GOOD
2024-12-04 22:00:00,PUMP101.BEARING_TEMP,64.349,°C,GOOD
2024-12-05 00:00:00,PUMP101.BEARING_TEMP,64.974,°C,GOOD
2024-12-05 02:00:00,PUMP101.BEARING_TEMP,64.96,°C,GOOD
2024-12-05 04:00:00,PUMP101.BEARING_TEMP,65.899,°C,GOOD
2024-12-05 06:00:00,PUMP101.BEARING_TEMP,65.447,°C,GOOD
2024-12-05 08:00:00,PUMP101.BEARING_TEMP,65.006,°C,GOOD
2024-12-05 10:00:00,PUMP101.BEARING_TEMP,65.124,°C,BAD
2024-12-05 12:00:00,PUMP101.BEARING_TEMP,65.022,°C,GOOD
2024-12-05 14:00:00,PUMP101.BEARING_TEMP,64.899,°C,GOOD
2024-12-05 16:00:00,PUMP101.BEARING_TEMP,64.459,°C,GOOD
2024-12-05 18:00:00,PUMP101.BEARING_TEMP,64.924,°C,GOOD
2024-12-05 20:00:00,PUMP101.BEARING_TEMP,64.627,°C,GOOD
2024-12-05 22:00:00,PUMP101.BEARING_TEMP,64.375,°C,GOOD
2024-12-06 00:00:00,PUMP101.BEARING_TEMP,65.256,°C,GOOD
2024-12-06 02:00:00,PUMP101.BEARING_TEMP,65.196,°C,GOOD
2024-12-06 04:00:00,PUMP101.BEARING_TEMP,64.107,°C,GOOD
2024-12-06 06:00:00,PUMP101.BEARING_TEMP,64.939,°C,GOOD
2024-12-06 08:00:00,PUMP101.BEARING_TEMP,65.498,°C,GOOD
2024-12-06 10:00:00,PUMP101.BEARING_TEMP,65.53,°C,GOOD
2024-12-06 12:00:00,PUMP101.BEARING_TEMP,65.513,°C,GOOD
2024-12-06 14:00:00,PUMP101.BEARING_TEMP,65.019,°C,GOOD
2024-12-06 16:00:00,PUMP101.BEARING_TEMP,64.577,°C,GOOD
2024-12-06 18:00:00,PUMP101.BEARING_TEMP,64.458,°C,GOOD
2024-12-06 20:00:00,PUMP101.BEARING_TEMP,65.172,°C,GOOD
2024-12-06 22:00:00,PUMP101.BEARING_TEMP,65.19,°C,GOOD
2024-12-07 00:00:00,PUMP101.BEARING_TEMP,65.644,°C,GOOD
2024-12-07 02:00:00,PUMP101.BEARING_TEMP,65.55,°C,GOOD
2024-12-07 04:00:00,PUMP101.BEARING_TEMP,64.934,°C,GOOD
2024-12-07 06:00:00,PUMP101.BEARING_TEMP,64.378,°C,GOOD
2024-12-07 08:00:00,PUMP101.BEARING_TEMP,64.84,°C,GOOD
2024-12-07 10:00:00,PUMP101.BEARING_TEMP,65.109,°C,GOOD
2024-12-07 12:00:00,PUMP101.BEARING_TEMP,64.899,°C,GOOD
2024-12-07 14:00:00,PUMP101.BEARING_TEMP,64.711,°C,GOOD
2024-12-07 16:00:00,PUMP101.BEARING_TEMP,65.126,°C,GOOD
2024-12-07 18:00:00,PUMP101.BEARING_TEMP,64.748,°C,GOOD
2024-12-07 20:00:00,PUMP101.BEARING_TEMP,64.686,°C,GOOD
2024-12-07 22:00:00,PUMP101.BEARING_TEMP,65.156,°C,GOOD
2024-12-08 00:00:00,PUMP101.BEARING_TEMP,64.799,°C,GOOD
2024-12-08 02:00:00,PUMP101.BEARING_TEMP,65.122,°C,GOOD
2024-12-08 04:00:00,PUMP101.BEARING_TEMP,65.137,°C,GOOD
2024-12-08 06:00:00,PUMP101.BEARING_TEMP,64.43,°C,GOOD
2024-12-08 08:00:00,PUMP101.BEARING_TEMP,64.759,°C,GOOD
2024-12-08 10:00:00,PUMP101.BEARING_TEMP,65.719,°C,GOOD
2024-12-08 12:00:00,PUMP101.BEARING_TEMP,64.419,°C,GOOD
2024-12-08 14:00:00,PUMP101.BEARING_TEMP,63.942,°C,GOOD
2024-12-08 16:00:00,PUMP101.BEARING_TEMP,64.069,°C,GOOD
2024-12-08 18:00:00,PUMP101.BEARING_TEMP,65.015,°C,GOOD
2024-12-08 20:00:00,PUMP101.BEARING_TEMP,65.015,°C,GOOD
2024-12-08 22:00:00,PUMP101.BEARING_TEMP,64.941,°C,GOOD
2024-12-09 00:00:00,PUMP101.BEARING_TEMP,65.607,°C,GOOD
2024-12-09 02:00:00,PUMP101.BEARING_TEMP,63.664,°C,GOOD
2024-12-09 04:00:00,PUMP101.BEARING_TEMP,65.198,°C,GOOD
2024-12-09 06:00:00,PUMP101.BEARING_TEMP,65.781,°C,GOOD
2024-12-09 08:00:00,PUMP101.BEARING_TEMP,64.436,°C,GOOD
2024-12-09 10:00:00,PUMP101.BEARING_TEMP,64.81,°C,GOOD
2024-12-09 12:00:00,PUMP101.BEARING_TEMP,64.624,°C,GOOD
2024-12-09 14:00:00,PUMP101.BEARING_TEMP,64.553,°C,GOOD
2024-12-09 16:00:00,PUMP101.BEARING_TEMP,64.837,°C,GOOD
2024-12-09 18:00:00,PUMP101.BEARING_TEMP,65.714,°C,GOOD
2024-12-09 20:00:00,PUMP101.BEARING_TEMP,65.919,°C,GOOD
2024-12-09 22:00:00,PUMP101.BEARING_TEMP,64.832,°C,GOOD
2024-12-10 00:00:00,PUMP101.BEARING_TEMP,65.953,°C,GOOD
2024-12-10 02:00:00,PUMP101.BEARING_TEMP,65.018,°C,GOOD
2024-12-10 04:00:00,PUMP101.BEARING_TEMP,65.877,°C,GOOD
2024-12-10 06:00:00,PUMP101.BEARING_TEMP,64.953,°C,GOOD
2024-12-10 08:00:00,PUMP101.BEARING_TEMP,65.066,°C,GOOD
2024-12-10 10:00:00,PUMP101.BEARING_TEMP,65.183,°C,GOOD
2024-12-10 12:00:00,PUMP101.BEARING_TEMP,66.589,°C,GOOD
2024-12-10 14:00:00,PUMP101.BEARING_TEMP,65.426,°C,BAD
2024-12-10 16:00:00,PUMP101.BEARING_TEMP,64.646,°C,GOOD
2024-12-10 18:00:00,PUMP101.BEARING_TEMP,65.484,°C,GOOD
2024-12-10 20:00:00,PUMP101.BEARING_TEMP,64.819,°C,GOOD
2024-12-10 22:00:00,PUMP101.BEARING_TEMP,64.755,°C,GOOD
2024-12-11 00:00:00,PUMP101.BEARING_TEMP,65.454,°C,GOOD
2024-12-11 02:00:00,PUMP101.BEARING_TEMP,65.016,°C,GOOD
2024-12-11 04:00:00,PUMP101.BEARING_TEMP,65.139,°C,GOOD
2024-12-11 06:00:00,PUMP101.BEARING_TEMP,65.007,°C,GOOD
2024-12-11 08:00:00,PUMP101.BEARING_TEMP,65.168,°C,GOOD
2024-12-11 10:00:00,PUMP101.BEARING_TEMP,65.212,°C,GOOD
2024-12-11 12:00:00,PUMP101.BEARING_TEMP,64.032,°C,GOOD
2024-12-11 14:00:00,PUMP101.BEARING_TEMP,65.333,°C,GOOD
2024-12-11 16:00:00,PUMP101.BEARING_TEMP,64.509,°C,GOOD
2024-12-11 18:00:00,PUMP101.BEARING_TEMP,64.279,°C,BAD
2024-12-11 20:00:00,PUMP101.BEARING_TEMP,64.971,°C,GOOD
2024-12-11 22:00:00,PUMP101.BEARING_TEMP,65.042,°C,GOOD
2024-12-12 00:00:00,PUMP101.BEARING_TEMP,64.653,°C,GOOD
2024-12-12 02:00:00,PUMP101.BEARING_TEMP,65.416,°C,GOOD
2024-12-12 04:00:00,PUMP101.BEARING_TEMP,64.329,°C,GOOD
2024-12-12 06:00:00,PUMP101.BEARING_TEMP,64.797,°C,GOOD
2024-12-12 08:00:00,PUMP101.BEARING_TEMP,64.708,°C,GOOD
2024-12-12 10:00:00,PUMP101.BEARING_TEMP,64.977,°C,GOOD
2024-12-12 12:00:00,PUMP101.BEARING_TEMP,65.139,°C,GOOD
2024-12-12 14:00:00,PUMP101.BEARING_TEMP,64.496,°C,BAD
2024-12-12 16:00:00,PUMP101.BEARING_TEMP,65.362,°C,GOOD
2024-12-12 18:00:00,PUMP101.BEARING_TEMP,65.032,°C,GOOD
2024-12-12 20:00:00,PUMP101.BEARING_TEMP,64.054,°C,GOOD
2024-12-12 22:00:00,PUMP101.BEARING_TEMP,64.021,°C,GOOD
2024-12-13 00:00:00,PUMP101.BEARING_TEMP,64.994,°C,GOOD
2024-12-13 02:00:00,PUMP101.BEARING_TEMP,64.89,°C,GOOD
2024-12-13 04:00:00,PUMP101.BEARING_TEMP,64.948,°C,GOOD
2024-12-13 06:00:00,PUMP101.BEARING_TEMP,64.986,°C,GOOD
2024-12-13 08:00:00,PUMP101.BEARING_TEMP,65.113,°C,GOOD
2024-12-13 10:00:00,PUMP101.BEARING_TEMP,65.474,°C,GOOD
2024-12-13 12:00:00,PUMP101.BEARING_TEMP,64.444,°C,GOOD
2024-12-13 14:00:00,PUMP101.BEARING_TEMP,64.414,°C,GOOD
2024-12-13 16:00:00,PUMP101.BEARING_TEMP,64.453,°C,GOOD
2024-12-13 18:00:00,PUMP101.BEARING_TEMP,65.144,°C,GOOD
2024-12-13 20:00:00,PUMP101.BEARING_TEMP,65.622,°C,GOOD
2024-12-13 22:00:00,PUMP101.BEARING_TEMP,64.784,°C,GOOD
2024-12-14 00:00:00,PUMP101.BEARING_TEMP,63.749,°C,GOOD
2024-12-14 02:00:00,PUMP101.BEARING_TEMP,64.148,°C,GOOD
2024-12-14 04:00:00,PUMP101.BEARING_TEMP,64.583,°C,GOOD
2024-12-14 06:00:00,PUMP101.BEARING_TEMP,64.721,°C,GOOD
2024-12-14 08:00:00,PUMP101.BEARING_TEMP,64.796,°C,GOOD
2024-12-14 10:00:00,PUMP101.BEARING_TEMP,65.019,°C,GOOD
2024-12-14 12:00:00,PUMP101.BEARING_TEMP,64.844,°C,GOOD
2024-12-14 14:00:00,PUMP101.BEARING_TEMP,65.525,°C,GOOD
2024-12-14 16:00:00,PUMP101.BEARING_TEMP,64.662,°C,GOOD
2024-12-14 18:00:00,PUMP101.BEARING_TEMP,64.569,°C,GOOD
2024-12-14 20:00:00,PUMP101.BEARING_TEMP,65.239,°C,GOOD
2024-12-14 22:00:00,PUMP101.BEARING_TEMP,64.232,°C,GOOD
2024-12-15 00:00:00,PUMP101.BEARING_TEMP,65.195,°C,BAD
2024-12-15 02:00:00,PUMP101.BEARING_TEMP,65.051,°C,GOOD
2024-12-15 04:00:00,PUMP101.BEARING_TEMP,64.926,°C,GOOD
2024-12-15 06:00:00,PUMP101.BEARING_TEMP,65.794,°C,GOOD
2024-12-15 08:00:00,PUMP101.BEARING_TEMP,64.689,°C,GOOD
2024-12-15 10:00:00,PUMP101.BEARING_TEMP,66.03,°C,GOOD
2024-12-15 12:00:00,PUMP101.BEARING_TEMP,64.887,°C,GOOD
2024-12-15 14:00:00,PUMP101.BEARING_TEMP,64.361,°C,GOOD
2024-12-15 16:00:00,PUMP101.BEARING_TEMP,65.035,°C,GOOD
2024-12-15 18:00:00,PUMP101.BEARING_TEMP,64.462,°C,GOOD
2024-12-15 20:00:00,PUMP101.BEARING_TEMP,64.624,°C,GOOD
2024-12-15 22:00:00,PUMP101.BEARING_TEMP,65.199,°C,BAD
2024-12-16 00:00:00,PUMP101.BEARING_TEMP,65.278,°C,GOOD
2024-12-16 02:00:00,PUMP101.BEARING_TEMP,64.689,°C,GOOD
2024-12-16 04:00:00,PUMP101.BEARING_TEMP,65.494,°C,GOOD
2024-12-16 06:00:00,PUMP101.BEARING_TEMP,65.579,°C,GOOD
2024-12-16 08:00:00,PUMP101.BEARING_TEMP,65.718,°C,GOOD
2024-12-16 10:00:00,PUMP101.BEARING_TEMP,65.265,°C,GOOD
2024-12-16 12:00:00,PUMP101.BEARING_TEMP,65.682,°C,GOOD
2024-12-16 14:00:00,PUMP101.BEARING_TEMP,64.06,°C,GOOD
2024-12-16 16:00:00,PUMP101.BEARING_TEMP,64.841,°C,GOOD
2024-12-16 18:00:00,PUMP101.BEARING_TEMP,64.566,°C,GOOD
2024-12-16 20:00:00,PUMP101.BEARING_TEMP,65.06,°C,GOOD
2024-12-16 22:00:00,PUMP101.BEARING_TEMP,64.714,°C,GOOD
2024-12-17 00:00:00,PUMP101.BEARING_TEMP,64.917,°C,GOOD
2024-12-17 02:00:00,PUMP101.BEARING_TEMP,65.941,°C,GOOD
2024-12-17 04:00:00,PUMP101.BEARING_TEMP,64.915,°C,GOOD
2024-12-17 06:00:00,PUMP101.BEARING_TEMP,65.207,°C,GOOD
2024-12-17 08:00:00,PUMP101.BEARING_TEMP,64.884,°C,GOOD
2024-12-17 10:00:00,PUMP101.BEARING_TEMP,65.038,°C,GOOD
2024-12-17 12:00:00,PUMP101.BEARING_TEMP,65.003,°C,GOOD
2024-12-17 14:00:00,PUMP101.BEARING_TEMP,65.224,°C,GOOD
2024-12-17 16:00:00,PUMP101.BEARING_TEMP,65.583,°C,GOOD
2024-12-17 18:00:00,PUMP101.BEARING_TEMP,65.824,°C,GOOD
2024-12-17 20:00:00,PUMP101.BEARING_TEMP,65.155,°C,GOOD
2024-12-17 22:00:00,PUMP101.BEARING_TEMP,65.295,°C,GOOD
2024-12-18 00:00:00,PUMP101.BEARING_TEMP,64.425,°C,GOOD
2024-12-18 02:00:00,PUMP101.BEARING_TEMP,64.956,°C,GOOD
2024-12-18 04:00:00,PUMP101.BEARING_TEMP,65.47,°C,GOOD
2024-12-18 06:00:00,PUMP101.BEARING_TEMP,65.433,°C,GOOD
2024-12-18 08:00:00,PUMP101.BEARING_TEMP,65.106,°C,BAD
2024-12-18 10:00:00,PUMP101.BEARING_TEMP,65.443,°C,GOOD
2024-12-18 12:00:00,PUMP101.BEARING_TEMP,65.245,°C,GOOD
2024-12-18 14:00:00,PUMP101.BEARING_TEMP,65.6,°C,GOOD
2024-12-18 16:00:00,PUMP101.BEARING_TEMP,65.145,°C,GOOD
2024-12-18 18:00:00,PUMP101.BEARING_TEMP,64.822,°C,GOOD
2024-12-18 20:00:00,PUMP101.BEARING_TEMP,65.168,°C,GOOD
2024-12-18 22:00:00,PUMP101.BEARING_TEMP,63.535,°C,GOOD
2024-12-19 00:00:00,PUMP101.BEARING_TEMP,65.191,°C,GOOD
2024-12-19 02:00:00,PUMP101.BEARING_TEMP,63.176,°C,GOOD
2024-12-19 04:00:00,PUMP101.BEARING_TEMP,64.138,°C,GOOD
2024-12-19 06:00:00,PUMP101.BEARING_TEMP,65.226,°C,GOOD
2024-12-19 08:00:00,PUMP101.BEARING_TEMP,65.239,°C,GOOD
2024-12-19 10:00:00,PUMP101.BEARING_TEMP,64.419,°C,GOOD
2024-12-19 12:00:00,PUMP101.BEARING_TEMP,64.644,°C,GOOD
2024-12-19 14:00:00,PUMP101.BEARING_TEMP,65.685,°C,GOOD
2024-12-19 16:00:00,PUMP101.BEARING_TEMP,64.758,°C,GOOD
2024-12-19 18:00:00,PUMP101.BEARING_TEMP,66.121,°C,GOOD
2024-12-19 20:00:00,PUMP101.BEARING_TEMP,64.999,°C,GOOD
2024-12-19 22:00:00,PUMP101.BEARING_TEMP,65.204,°C,GOOD
2024-12-20 00:00:00,PUMP101.BEARING_TEMP,65.808,°C,GOOD
2024-12-20 02:00:00,PUMP101.BEARING_TEMP,65.066,°C,GOOD
2024-12-20 04:00:00,PUMP101.BEARING_TEMP,64.499,°C,GOOD
2024-12-20 06:00:00,PUMP101.BEARING_TEMP,64.945,°C,GOOD
2024-12-20 08:00:00,PUMP101.BEARING_TEMP,64.982,°C,GOOD
2024-12-20 10:00:00,PUMP101.BEARING_TEMP,64.318,°C,GOOD
2024-12-20 12:00:00,PUMP101.BEARING_TEMP,64.872,°C,GOOD
2024-12-20 14:00:00,PUMP101.BEARING_TEMP,64.629,°C,GOOD
2024-12-20 16:00:00,PUMP101.BEARING_TEMP,65.462,°C,GOOD
2024-12-20 18:00:00,PUMP101.BEARING_TEMP,65.017,°C,GOOD
2024-12-20 20:00:00,PUMP101.BEARING_TEMP,64.859,°C,GOOD
2024-12-20 22:00:00,PUMP101.BEARING_TEMP,64.947,°C,GOOD
2024-12-21 00:00:00,PUMP101.BEARING_TEMP,65.112,°C,GOOD
2024-12-21 02:00:00,PUMP101.BEARING_TEMP,65.308,°C,GOOD
2024-12-21 04:00:00,PUMP101.BEARING_TEMP,64.5,°C,GOOD
2024-12-21 06:00:00,PUMP101.BEARING_TEMP,64.479,°C,GOOD
2024-12-21 08:00:00,PUMP101.BEARING_TEMP,65.552,°C,GOOD
2024-12-21 10:00:00,PUMP101.BEARING_TEMP,64.794,°C,GOOD
2024-12-21 12:00:00,PUMP101.BEARING_TEMP,64.292,°C,GOOD
2024-12-21 14:00:00,PUMP101.BEARING_TEMP,65.222,°C,GOOD
2024-12-21 16:00:00,PUMP101.BEARING_TEMP,65.232,°C,GOOD
2024-12-21 18:00:00,PUMP101.BEARING_TEMP,64.235,°C,GOOD
2024-12-21 20:00:00,PUMP101.BEARING_TEMP,65.115,°C,GOOD
2024-12-21 22:00:00,PUMP101.BEARING_TEMP,65.368,°C,GOOD
2024-12-22 00:00:00,PUMP101.BEARING_TEMP,65.187,°C,GOOD
2024-12-22 02:00:00,PUMP101.BEARING_TEMP,65.316,°C,GOOD
2024-12-22 04:00:00,PUMP101.BEARING_TEMP,64.298,°C,GOOD
2024-12-22 06:00:00,PUMP101.BEARING_TEMP,65.166,°C,GOOD
2024-12-22 08:00:00,PUMP101.BEARING_TEMP,64.849,°C,GOOD
2024-12-22 10:00:00,PUMP101.BEARING_TEMP,64.759,°C,GOOD
2024-12-22 12:00:00,PUMP101.BEARING_TEMP,65.435,°C,GOOD
2024-12-22 14:00:00,PUMP101.BEARING_TEMP,65.74,°C,GOOD
2024-12-22 16:00:00,PUMP101.BEARING_TEMP,65.897,°C,GOOD
2024-12-22 18:00:00,PUMP101.BEARING_TEMP,65.657,°C,GOOD
2024-12-22 20:00:00,PUMP101.BEARING_TEMP,64.945,°C,GOOD
2024-12-22 22:00:00,PUMP101.BEARING_TEMP,65.176,°C,GOOD
2024-12-23 00:00:00,PUMP101.BEARING_TEMP,65.383,°C,GOOD
2024-12-23 02:00:00,PUMP101.BEARING_TEMP,65.061,°C,GOOD
2024-12-23 04:00:00,PUMP101.BEARING_TEMP,65.065,°C,GOOD
2024-12-23 06:00:00,PUMP101.BEARING_TEMP,65.412,°C,GOOD
2024-12-23 08:00:00,PUMP101.BEARING_TEMP,64.97,°C,GOOD
2024-12-23 10:00:00,PUMP101.BEARING_TEMP,64.635,°C,GOOD
2024-12-23 12:00:00,PUMP101.BEARING_TEMP,64.793,°C,GOOD
2024-12-23 14:00:00,PUMP101.BEARING_TEMP,65.317,°C,GOOD
2024-12-23 16:00:00,PUMP101.BEARING_TEMP,65.001,°C,GOOD
2024-12-23 18:00:00,PUMP101.BEARING_TEMP,65.17,°C,GOOD
2024-12-23 20:00:00,PUMP101.BEARING_TEMP,65.335,°C,GOOD
2024-12-23 22:00:00,PUMP101.BEARING_TEMP,64.813,°C,GOOD
2024-12-24 00:00:00,PUMP101.BEARING_TEMP,65.378,°C,GOOD
2024-12-24 02:00:00,PUMP101.BEARING_TEMP,65.189,°C,GOOD
2024-12-24 04:00:00,PUMP101.BEARING_TEMP,64.383,°C,GOOD
2024-12-24 06:00:00,PUMP101.BEARING_TEMP,65.721,°C,GOOD
2024-12-24 08:00:00,PUMP101.BEARING_TEMP,64.75,°C,GOOD
2024-12-24 10:00:00,PUMP101.BEARING_TEMP,64.172,°C,GOOD
2024-12-24 12:00:00,PUMP101.BEARING_TEMP,64.47908333333334,°C,BAD
2024-12-24 14:00:00,PUMP101.BEARING_TEMP,64.49316666666667,°C,GOOD
2024-12-24 16:00:00,PUMP101.BEARING_TEMP,65.03224999999999,°C,GOOD
2024-12-24 18:00:00,PUMP101.BEARING_TEMP,64.87133333333334,°C,GOOD
2024-12-24 20:00:00,PUMP101.BEARING_TEMP,64.84241666666667,°C,GOOD
2024-12-24 22:00:00,PUMP101.BEARING_TEMP,65.3225,°C,GOOD
2024-12-25 00:00:00,PUMP101.BEARING_TEMP,65.18458333333334,°C,GOOD
2024-12-25 02:00:00,PUMP101.BEARING_TEMP,65.17466666666667,°C,GOOD
2024-12-25 04:00:00,PUMP101.BEARING_TEMP,65.22375,°C,GOOD
2024-12-25 06:00:00,PUMP101.BEARING_TEMP,65.32883333333334,°C,GOOD
2024-12-25 08:00:00,PUMP101.BEARING_TEMP,63.968916666666665,°C,GOOD
2024-12-25 10:00:00,PUMP101.BEARING_TEMP,64.843,°C,GOOD
2024-12-25 12:00:00,PUMP101.BEARING_TEMP,63.93708333333333,°C,GOOD
2024-12-25 14:00:00,PUMP101.BEARING_TEMP,65.04716666666667,°C,GOOD
2024-12-25 16:00:00,PUMP101.BEARING_TEMP,65.02925,°C,GOOD
2024-12-25 18:00:00,PUMP101.BEARING_TEMP,65.55633333333333,°C,GOOD
2024-12-25 20:00:00,PUMP101.BEARING_TEMP,65.62941666666666,°C,GOOD
2024-12-25 22:00:00,PUMP101.BEARING_TEMP,65.1385,°C,GOOD
2024-12-26 00:00:00,PUMP101.BEARING_TEMP,64.78958333333334,°C,GOOD
2024-12-26 02:00:00,PUMP101.BEARING_TEMP,65.28466666666667,°C,GOOD
2024-12-26 04:00:00,PUMP101.BEARING_TEMP,64.77975,°C,GOOD
2024-12-26 06:00:00,PUMP101.BEARING_TEMP,65.04483333333333,°C,GOOD
2024-12-26 08:00:00,PUMP101.BEARING_TEMP,65.54091666666666,°C,GOOD
2024-12-26 10:00:00,PUMP101.BEARING_TEMP,64.771,°C,GOOD
2024-12-26 12:00:00,PUMP101.BEARING_TEMP,65.45508333333333,°C,GOOD
2024-12-26 14:00:00,PUMP101.BEARING_TEMP,65.39316666666666,°C,GOOD
2024-12-26 16:00:00,PUMP101.BEARING_TEMP,64.57925,°C,GOOD
2024-12-26 18:00:00,PUMP101.BEARING_TEMP,65.54533333333333,°C,GOOD
2024-12-26 20:00:00,PUMP101.BEARING_TEMP,65.40941666666667,°C,GOOD
2024-12-26 22:00:00,PUMP101.BEARING_TEMP,65.1135,°C,GOOD
2024-12-27 00:00:00,PUMP101.BEARING_TEMP,64.68358333333333,°C,GOOD
2024-12-27 02:00:00,PUMP101.BEARING_TEMP,64.63666666666666,°C,GOOD
2024-12-27 04:00:00,PUMP101.BEARING_TEMP,64.79974999999999,°C,GOOD
2024-12-27 06:00:00,PUMP101.BEARING_TEMP,65.34183333333334,°C,GOOD
2024-12-27 08:00:00,PUMP101.BEARING_TEMP,64.59491666666668,°C,GOOD
2024-12-27 10:00:00,PUMP101.BEARING_TEMP,65.294,°C,GOOD
2024-12-27 12:00:00,PUMP101.BEARING_TEMP,64.45608333333334,°C,GOOD
2024-12-27 14:00:00,PUMP101.BEARING_TEMP,64.97716666666666,°C,GOOD
2024-12-27 16:00:00,PUMP101.BEARING_TEMP,65.13625,°C,GOOD
2024-12-27 18:00:00,PUMP101.BEARING_TEMP,66.30633333333333,°C,GOOD
2024-12-27 20:00:00,PUMP101.BEARING_TEMP,64.39641666666667,°C,GOOD
2024-12-27 22:00:00,PUMP101.BEARING_TEMP,65.82350000000001,°C,GOOD
2024-12-28 00:00:00,PUMP101.BEARING_TEMP,65.16458333333334,°C,GOOD
2024-12-28 02:00:00,PUMP101.BEARING_TEMP,65.29766666666667,°C,GOOD
2024-12-28 04:00:00,PUMP101.BEARING_TEMP,65.15275,°C,GOOD
2024-12-28 06:00:00,PUMP101.BEARING_TEMP,65.31783333333333,°C,GOOD
2024-12-28 08:00:00,PUMP101.BEARING_TEMP,65.02091666666666,°C,GOOD
2024-12-28 10:00:00,PUMP101.BEARING_TEMP,65.827,°C,GOOD
2024-12-28 12:00:00,PUMP101.BEARING_TEMP,64.87408333333335,°C,GOOD
2024-12-28 14:00:00,PUMP101.BEARING_TEMP,65.67016666666667,°C,GOOD
2024-12-28 16:00:00,PUMP101.BEARING_TEMP,64.78425,°C,GOOD
2024-12-28 18:00:00,PUMP101.BEARING_TEMP,65.07833333333333,°C,GOOD
2024-12-28 20:00:00,PUMP101.BEARING_TEMP,64.57441666666666,°C,GOOD
2024-12-28 22:00:00,PUMP101.BEARING_TEMP,65.34049999999999,°C,GOOD
2024-12-29 00:00:00,PUMP101.BEARING_TEMP,65.83758333333333,°C,GOOD
2024-12-29 02:00:00,PUMP101.BEARING_TEMP,65.07766666666666,°C,GOOD
2024-12-29 04:00:00,PUMP101.BEARING_TEMP,65.02075,°C,GOOD
2024-12-29 06:00:00,PUMP101.BEARING_TEMP,64.56383333333333,°C,GOOD
2024-12-29 08:00:00,PUMP101.BEARING_TEMP,65.00791666666667,°C,GOOD
2024-12-29 10:00:00,PUMP101.BEARING_TEMP,64.329,°C,GOOD
2024-12-29 12:00:00,PUMP101.BEARING_TEMP,64.67108333333333,°C,GOOD
2024-12-29 14:00:00,PUMP101.BEARING_TEMP,65.24216666666666,°C,GOOD
2024-12-29 16:00:00,PUMP101.BEARING_TEMP,65.79124999999999,°C,GOOD
2024-12-29 18:00:00,PUMP101.BEARING_TEMP,66.53833333333334,°C,GOOD
2024-12-29 20:00:00,PUMP101.BEARING_TEMP,64.84241666666667,°C,GOOD
2024-12-29 22:00:00,PUMP101.BEARING_TEMP,65.8555,°C,GOOD
2024-12-30 00:00:00,PUMP101.BEARING_TEMP,65.26158333333333,°C,GOOD
2024-12-30 02:00:00,PUMP101.BEARING_TEMP,65.06566666666667,°C,GOOD
2024-12-30 04:00:00,PUMP101.BEARING_TEMP,65.35974999999999,°C,GOOD
2024-12-30 06:00:00,PUMP101.BEARING_TEMP,65.17683333333333,°C,GOOD
2024-12-30 08:00:00,PUMP101.BEARING_TEMP,65.20291666666667,°C,GOOD
2024-12-30 10:00:00,PUMP101.BEARING_TEMP,64.94600000000001,°C,GOOD
2024-12-30 12:00:00,PUMP101.BEARING_TEMP,64.45308333333334,°C,GOOD
2024-12-30 14:00:00,PUMP101.BEARING_TEMP,64.38216666666666,°C,GOOD
2024-12-30 16:00:00,PUMP101.BEARING_TEMP,65.48325,°C,GOOD
2024-12-30 18:00:00,PUMP101.BEARING_TEMP,65.02033333333333,°C,GOOD
2024-12-30 20:00:00,PUMP101.BEARING_TEMP,64.86241666666666,°C,GOOD
2024-12-30 22:00:00,PUMP101.BEARING_TEMP,65.1665,°C,GOOD
2024-12-31 00:00:00,PUMP101.BEARING_TEMP,65.56158333333335,°C,GOOD
2024-12-31 02:00:00,PUMP101.BEARING_TEMP,65.25666666666667,°C,GOOD
2024-12-31 04:00:00,PUMP101.BEARING_TEMP,64.84075,°C,GOOD
2024-12-31 06:00:00,PUMP101.BEARING_TEMP,65.78383333333333,°C,GOOD
2024-12-31 08:00:00,PUMP101.BEARING_TEMP,65.96291666666667,°C,GOOD
2024-12-31 10:00:00,PUMP101.BEARING_TEMP,65.422,°C,GOOD
2024-12-31 12:00:00,PUMP101.BEARING_TEMP,65.66408333333332,°C,GOOD
2024-12-31 14:00:00,PUMP101.BEARING_TEMP,65.80016666666666,°C,GOOD
2024-12-31 16:00:00,PUMP101.BEARING_TEMP,65.74625,°C,GOOD
2024-12-31 18:00:00,PUMP101.BEARING_TEMP,65.49033333333334,°C,GOOD
2024-12-31 20:00:00,PUMP101.BEARING_TEMP,65.48441666666668,°C,GOOD
2024-12-31 22:00:00,PUMP101.BEARING_TEMP,65.4475,°C,GOOD
2025-01-01 00:00:00,PUMP101.BEARING_TEMP,64.64058333333332,°C,GOOD
2025-01-01 02:00:00,PUMP101.BEARING_TEMP,65.54166666666666,°C,GOOD
2025-01-01 04:00:00,PUMP101.BEARING_TEMP,64.51575,°C,GOOD
2025-01-01 06:00:00,PUMP101.BEARING_TEMP,64.79883333333333,°C,GOOD
2025-01-01 08:00:00,PUMP101.BEARING_TEMP,65.84991666666667,°C,GOOD
2025-01-01 10:00:00,PUMP101.BEARING_TEMP,65.62,°C,GOOD
2025-01-01 12:00:00,PUMP101.BEARING_TEMP,65.94608333333333,°C,GOOD
2025-01-01 14:00:00,PUMP101.BEARING_TEMP,65.06816666666667,°C,GOOD
2025-01-01 16:00:00,PUMP101.BEARING_TEMP,64.63025,°C,GOOD
2025-01-01 18:00:00,PUMP101.BEARING_TEMP,65.08833333333332,°C,GOOD
2025-01-01 20:00:00,PUMP101.BEARING_TEMP,65.26141666666666,°C,GOOD
2025-01-01 22:00:00,PUMP101.BEARING_TEMP,65.25150000000001,°C,GOOD
2025-01-02 00:00:00,PUMP101.BEARING_TEMP,65.78158333333333,°C,GOOD
2025-01-02 02:00:00,PUMP101.BEARING_TEMP,65.03566666666667,°C,GOOD
2025-01-02 04:00:00,PUMP101.BEARING_TEMP,65.39475,°C,GOOD
2025-01-02 06:00:00,PUMP101.BEARING_TEMP,64.72683333333333,°C,GOOD
2025-01-02 08:00:00,PUMP101.BEARING_TEMP,65.44791666666666,°C,GOOD
2025-01-02 10:00:00,PUMP101.BEARING_TEMP,65.22699999999999,°C,GOOD
2025-01-02 12:00:00,PUMP101.BEARING_TEMP,64.85208333333334,°C,GOOD
2025-01-02 14:00:00,PUMP101.BEARING_TEMP,65.11116666666668,°C,GOOD
2025-01-02 16:00:00,PUMP101.BEARING_TEMP,65.13925,°C,GOOD
2025-01-02 18:00:00,PUMP101.BEARING_TEMP,65.09833333333333,°C,GOOD
2025-01-02 20:00:00,PUMP101.BEARING_TEMP,66.12141666666666,°C,GOOD
2025-01-02 22:00:00,PUMP101.BEARING_TEMP,65.18849999999999,°C,GOOD
2025-01-03 00:00:00,PUMP101.BEARING_TEMP,65.11758333333333,°C,GOOD
2025-01-03 02:00:00,PUMP101.BEARING_TEMP,64.19266666666667,°C,GOOD
2025-01-03 04:00:00,PUMP101.BEARING_TEMP,64.79675,°C,GOOD
2025-01-03 06:00:00,PUMP101.BEARING_TEMP,65.11383333333333,°C,GOOD
2025-01-03 08:00:00,PUMP101.BEARING_TEMP,64.90491666666667,°C,GOOD
2025-01-03 10:00:00,PUMP101.BEARING_TEMP,65.941,°C,GOOD
2025-01-03 12:00:00,PUMP101.BEARING_TEMP,65.17008333333334,°C,GOOD
2025-01-03 14:00:00,PUMP101.BEARING_TEMP,65.89816666666667,°C,GOOD
2025-01-03 16:00:00,PUMP101.BEARING_TEMP,65.28725,°C,GOOD
2025-01-03 18:00:00,PUMP101.BEARING_TEMP,65.27733333333335,°C,GOOD
2025-01-03 20:00:00,PUMP101.BEARING_TEMP,65.21641666666667,°C,GOOD
2025-01-03 22:00:00,PUMP101.BEARING_TEMP,65.2645,°C,GOOD
2025-01-04 00:00:00,PUMP101.BEARING_TEMP,66.12358333333333,°C,GOOD
2025-01-04 02:00:00,PUMP101.BEARING_TEMP,64.10666666666667,°C,GOOD
2025-01-04 04:00:00,PUMP101.BEARING_TEMP,64.26775,°C,GOOD
2025-01-04 06:00:00,PUMP101.BEARING_TEMP,64.99883333333332,°C,GOOD
2025-01-04 08:00:00,PUMP101.BEARING_TEMP,65.27991666666667,°C,GOOD
2025-01-04 10:00:00,PUMP101.BEARING_TEMP,65.62,°C,GOOD
2025-01-04 12:00:00,PUMP101.BEARING_TEMP,65.51408333333333,°C,GOOD
2025-01-04 14:00:00,PUMP101.BEARING_TEMP,65.08716666666668,°C,GOOD
2025-01-04 16:00:00,PUMP101.BEARING_TEMP,65.79125,°C,GOOD
2025-01-04 18:00:00,PUMP101.BEARING_TEMP,65.79833333333333,°C,GOOD
2025-01-04 20:00:00,PUMP101.BEARING_TEMP,65.37741666666666,°C,GOOD
2025-01-04 22:00:00,PUMP101.BEARING_TEMP,65.76849999999999,°C,GOOD
2025-01-05 00:00:00,PUMP101.BEARING_TEMP,65.42558333333334,°C,GOOD
2025-01-05 02:00:00,PUMP101.BEARING_TEMP,65.01066666666667,°C,GOOD
2025-01-05 04:00:00,PUMP101.BEARING_TEMP,65.64275,°C,GOOD
2025-01-05 06:00:00,PUMP101.BEARING_TEMP,65.35083333333334,°C,GOOD
2025-01-05 08:00:00,PUMP101.BEARING_TEMP,65.29891666666667,°C,GOOD
2025-01-05 10:00:00,PUMP101.BEARING_TEMP,66.036,°C,GOOD
2025-01-05 12:00:00,PUMP101.BEARING_TEMP,64.07708333333333,°C,GOOD
2025-01-05 14:00:00,PUMP101.BEARING_TEMP,64.59516666666666,°C,GOOD
2025-01-05 16:00:00,PUMP101.BEARING_TEMP,64.71225000000001,°C,GOOD
2025-01-05 18:00:00,PUMP101.BEARING_TEMP,65.12633333333333,°C,GOOD
2025-01-05 20:00:00,PUMP101.BEARING_TEMP,65.18341666666667,°C,GOOD
2025-01-05 22:00:00,PUMP101.BEARING_TEMP,64.5585,°C,GOOD
2025-01-06 00:00:00,PUMP101.BEARING_TEMP,64.82158333333334,°C,GOOD
2025-01-06 02:00:00,PUMP101.BEARING_TEMP,64.88666666666666,°C,GOOD
2025-01-06 04:00:00,PUMP101.BEARING_TEMP,66.54775,°C,GOOD
2025-01-06 06:00:00,PUMP101.BEARING_TEMP,66.22183333333334,°C,GOOD
2025-01-06 08:00:00,PUMP101.BEARING_TEMP,65.11691666666667,°C,GOOD
2025-01-06 10:00:00,PUMP101.BEARING_TEMP,65.143,°C,GOOD
2025-01-06 12:00:00,PUMP101.BEARING_TEMP,64.75208333333333,°C,GOOD
2025-01-06 14:00:00,PUMP101.BEARING_TEMP,64.37516666666667,°C,GOOD
2025-01-06 16:00:00,PUMP101.BEARING_TEMP,65.27324999999999,°C,GOOD
2025-01-06 18:00:00,PUMP101.BEARING_TEMP,64.83433333333333,°C,GOOD
2025-01-06 20:00:00,PUMP101.BEARING_TEMP,65.29341666666666,°C,GOOD
2025-01-06 22:00:00,PUMP101.BEARING_TEMP,64.53750000000001,°C,GOOD
2025-01-07 00:00:00,PUMP101.BEARING_TEMP,64.95858333333334,°C,GOOD
2025-01-07 02:00:00,PUMP101.BEARING_TEMP,65.41566666666667,°C,GOOD
2025-01-07 04:00:00,PUMP101.BEARING_TEMP,65.52675,°C,GOOD
2025-01-07 06:00:00,PUMP101.BEARING_TEMP,65.55483333333333,°C,GOOD
2025-01-07 08:00:00,PUMP101.BEARING_TEMP,64.68791666666667,°C,GOOD
2025-01-07 10:00:00,PUMP101.BEARING_TEMP,65.777,°C,GOOD
2025-01-07 12:00:00,PUMP101.BEARING_TEMP,64.95208333333333,°C,GOOD
2025-01-07 14:00:00,PUMP101.BEARING_TEMP,65.67016666666667,°C,GOOD
2025-01-07 16:00:00,PUMP101.BEARING_TEMP,65.35125000000001,°C,GOOD
2025-01-07 18:00:00,PUMP101.BEARING_TEMP,64.67033333333333,°C,GOOD
2025-01-07 20:00:00,PUMP101.BEARING_TEMP,65.20241666666666,°C,GOOD
2025-01-07 22:00:00,PUMP101.BEARING_TEMP,65.5455,°C,GOOD
2025-01-08 00:00:00,PUMP101.BEARING_TEMP,65.67058333333333,°C,GOOD
2025-01-08 02:00:00,PUMP101.BEARING_TEMP,65.29666666666667,°C,GOOD
2025-01-08 04:00:00,PUMP101.BEARING_TEMP,66.13475000000001,°C,GOOD
2025-01-08 06:00:00,PUMP101.BEARING_TEMP,65.87483333333334,°C,GOOD
2025-01-08 08:00:00,PUMP101.BEARING_TEMP,65.24491666666667,°C,GOOD
2025-01-08 10:00:00,PUMP101.BEARING_TEMP,65.75,°C,GOOD
2025-01-08 12:00:00,PUMP101.BEARING_TEMP,66.34408333333333,°C,GOOD
2025-01-08 14:00:00,PUMP101.BEARING_TEMP,66.35916666666667,°C,GOOD
2025-01-08 16:00:00,PUMP101.BEARING_TEMP,64.76724999999999,°C,GOOD
2025-01-08 18:00:00,PUMP101.BEARING_TEMP,64.92033333333335,°C,GOOD
2025-01-08 20:00:00,PUMP101.BEARING_TEMP,66.12741666666668,°C,GOOD
2025-01-08 22:00:00,PUMP101.BEARING_TEMP,64.8585,°C,GOOD
2025-01-09 00:00:00,PUMP101.BEARING_TEMP,64.72858333333333,°C,GOOD
2025-01-09 02:00:00,PUMP101.BEARING_TEMP,65.14866666666667,°C,GOOD
2025-01-09 04:00:00,PUMP101.BEARING_TEMP,65.60374999999999,°C,GOOD
2025-01-09 06:00:00,PUMP101.BEARING_TEMP,65.34483333333333,°C,GOOD
2025-01-09 08:00:00,PUMP101.BEARING_TEMP,65.07291666666666,°C,GOOD
2025-01-09 10:00:00,PUMP101.BEARING_TEMP,65.063,°C,GOOD
2025-01-09 12:00:00,PUMP101.BEARING_TEMP,65.04608333333334,°C,GOOD
2025-01-09 14:00:00,PUMP101.BEARING_TEMP,64.96416666666667,°C,GOOD
2025-01-09 16:00:00,PUMP101.BEARING_TEMP,66.54725,°C,GOOD
2025-01-09 18:00:00,PUMP101.BEARING_TEMP,65.55733333333333,°C,BAD
2025-01-09 20:00:00,PUMP101.BEARING_TEMP,65.85341666666666,°C,GOOD
2025-01-09 22:00:00,PUMP101.BEARING_TEMP,65.16749999999999,°C,GOOD
2025-01-10 00:00:00,PUMP101.BEARING_TEMP,65.32158333333334,°C,GOOD
2025-01-10 02:00:00,PUMP101.BEARING_TEMP,65.05966666666667,°C,GOOD
2025-01-10 04:00:00,PUMP101.BEARING_TEMP,64.09275,°C,GOOD
2025-01-10 06:00:00,PUMP101.BEARING_TEMP,64.73183333333334,°C,GOOD
2025-01-10 08:00:00,PUMP101.BEARING_TEMP,64.51791666666666,°C,GOOD
2025-01-10 10:00:00,PUMP101.BEARING_TEMP,64.3,°C,GOOD
2025-01-10 12:00:00,PUMP101.BEARING_TEMP,64.82908333333333,°C,GOOD
2025-01-10 14:00:00,PUMP101.BEARING_TEMP,66.09116666666667,°C,GOOD
2025-01-10 16:00:00,PUMP101.BEARING_TEMP,65.40925,°C,GOOD
2025-01-10 18:00:00,PUMP101.BEARING_TEMP,66.07833333333333,°C,GOOD
2025-01-10 20:00:00,PUMP101.BEARING_TEMP,65.64041666666667,°C,GOOD
2025-01-10 22:00:00,PUMP101.BEARING_TEMP,65.8285,°C,GOOD
2025-01-11 00:00:00,PUMP101.BEARING_TEMP,64.98958333333333,°C,GOOD
2025-01-11 02:00:00,PUMP101.BEARING_TEMP,65.70366666666666,°C,GOOD
2025-01-11 04:00:00,PUMP101.BEARING_TEMP,65.80775,°C,GOOD
2025-01-11 06:00:00,PUMP101.BEARING_TEMP,65.15783333333334,°C,GOOD
2025-01-11 08:00:00,PUMP101.BEARING_TEMP,65.72791666666667,°C,GOOD
2025-01-11 10:00:00,PUMP101.BEARING_TEMP,65.733,°C,GOOD
2025-01-11 12:00:00,PUMP101.BEARING_TEMP,65.17708333333333,°C,GOOD
2025-01-11 14:00:00,PUMP101.BEARING_TEMP,64.89316666666666,°C,GOOD
2025-01-11 16:00:00,PUMP101.BEARING_TEMP,64.86425,°C,GOOD
2025-01-11 18:00:00,PUMP101.BEARING_TEMP,65.50133333333333,°C,GOOD
2025-01-11 20:00:00,PUMP101.BEARING_TEMP,65.62441666666666,°C,GOOD
2025-01-11 22:00:00,PUMP101.BEARING_TEMP,65.0665,°C,GOOD
2025-01-12 00:00:00,PUMP101.BEARING_TEMP,65.47758333333334,°C,GOOD
2025-01-12 02:00:00,PUMP101.BEARING_TEMP,65.75166666666667,°C,GOOD
2025-01-12 04:00:00,PUMP101.BEARING_TEMP,65.77775,°C,GOOD
2025-01-12 06:00:00,PUMP101.BEARING_TEMP,66.24683333333333,°C,GOOD
2025-01-12 08:00:00,PUMP101.BEARING_TEMP,66.11091666666667,°C,GOOD
2025-01-12 10:00:00,PUMP101.BEARING_TEMP,64.97399999999999,°C,GOOD
2025-01-12 12:00:00,PUMP101.BEARING_TEMP,66.31908333333334,°C,GOOD
2025-01-12 14:00:00,PUMP101.BEARING_TEMP,65.21416666666667,°C,GOOD
2025-01-12 16:00:00,PUMP101.BEARING_TEMP,66.00325000000001,°C,GOOD
2025-01-12 18:00:00,PUMP101.BEARING_TEMP,65.51733333333334,°C,GOOD
2025-01-12 20:00:00,PUMP101.BEARING_TEMP,65.27941666666666,°C,GOOD
2025-01-12 22:00:00,PUMP101.BEARING_TEMP,64.5835,°C,GOOD
2025-01-13 00:00:00,PUMP101.BEARING_TEMP,65.40358333333333,°C,GOOD
2025-01-13 02:00:00,PUMP101.BEARING_TEMP,64.71166666666666,°C,GOOD
2025-01-13 04:00:00,PUMP101.BEARING_TEMP,65.97775,°C,GOOD
2025-01-13 06:00:00,PUMP101.BEARING_TEMP,66.25383333333333,°C,GOOD
2025-01-13 08:00:00,PUMP101.BEARING_TEMP,65.09991666666667,°C,GOOD
2025-01-13 10:00:00,PUMP101.BEARING_TEMP,65.651,°C,GOOD
2025-01-13 12:00:00,PUMP101.BEARING_TEMP,65.13908333333333,°C,GOOD
2025-01-13 14:00:00,PUMP101.BEARING_TEMP,65.19016666666667,°C,GOOD
2025-01-13 16:00:00,PUMP101.BEARING_TEMP,65.89325,°C,GOOD
2025-01-13 18:00:00,PUMP101.BEARING_TEMP,65.48933333333333,°C,GOOD
2025-01-13 20:00:00,PUMP101.BEARING_TEMP,66.38041666666668,°C,GOOD
2025-01-13 22:00:00,PUMP101.BEARING_TEMP,65.2715,°C,GOOD
2025-01-14 00:00:00,PUMP101.BEARING_TEMP,66.01458333333333,°C,GOOD
2025-01-14 02:00:00,PUMP101.BEARING_TEMP,65.56566666666667,°C,GOOD
2025-01-14 04:00:00,PUMP101.BEARING_TEMP,65.91675,°C,GOOD
2025-01-14 06:00:00,PUMP101.BEARING_TEMP,65.29683333333332,°C,GOOD
2025-01-14 08:00:00,PUMP101.BEARING_TEMP,65.49791666666665,°C,GOOD
2025-01-14 10:00:00,PUMP101.BEARING_TEMP,65.467,°C,GOOD
2025-01-14 12:00:00,PUMP101.BEARING_TEMP,65.10908333333333,°C,GOOD
2025-01-14 14:00:00,PUMP101.BEARING_TEMP,65.86016666666667,°C,GOOD
2025-01-14 16:00:00,PUMP101.BEARING_TEMP,65.85625,°C,GOOD
2025-01-14 18:00:00,PUMP101.BEARING_TEMP,65.83033333333333,°C,GOOD
2025-01-14 20:00:00,PUMP101.BEARING_TEMP,66.30341666666666,°C,GOOD
2025-01-14 22:00:00,PUMP101.BEARING_TEMP,66.26249999999999,°C,GOOD
2025-01-15 00:00:00,PUMP101.BEARING_TEMP,65.35258333333334,°C,GOOD
2025-01-15 02:00:00,PUMP101.BEARING_TEMP,65.72866666666667,°C,GOOD
2025-01-15 04:00:00,PUMP101.BEARING_TEMP,65.23175,°C,GOOD
2025-01-15 06:00:00,PUMP101.BEARING_TEMP,65.55783333333333,°C,GOOD
2025-01-15 08:00:00,PUMP101.BEARING_TEMP,65.24791666666667,°C,GOOD
2025-01-15 10:00:00,PUMP101.BEARING_TEMP,66.36,°C,GOOD
2025-01-15 12:00:00,PUMP101.BEARING_TEMP,65.73408333333333,°C,GOOD
2025-01-15 14:00:00,PUMP101.BEARING_TEMP,65.44516666666667,°C,GOOD
2025-01-15 16:00:00,PUMP101.BEARING_TEMP,66.15325,°C,GOOD
2025-01-15 18:00:00,PUMP101.BEARING_TEMP,64.47333333333333,°C,GOOD
2025-01-15 20:00:00,PUMP101.BEARING_TEMP,64.55341666666666,°C,GOOD
2025-01-15 22:00:00,PUMP101.BEARING_TEMP,65.9605,°C,GOOD
2025-01-16 00:00:00,PUMP101.BEARING_TEMP,65.59458333333333,°C,GOOD
2025-01-16 02:00:00,PUMP101.BEARING_TEMP,65.69166666666666,°C,BAD
2025-01-16 04:00:00,PUMP101.BEARING_TEMP,64.90575,°C,GOOD
2025-01-16 06:00:00,PUMP101.BEARING_TEMP,65.55883333333334,°C,BAD
2025-01-16 08:00:00,PUMP101.BEARING_TEMP,66.57491666666667,°C,GOOD
2025-01-16 10:00:00,PUMP101.BEARING_TEMP,65.98700000000001,°C,GOOD
2025-01-16 12:00:00,PUMP101.BEARING_TEMP,65.66208333333333,°C,GOOD
2025-01-16 14:00:00,PUMP101.BEARING_TEMP,65.35916666666667,°C,GOOD
2025-01-16 16:00:00,PUMP101.BEARING_TEMP,65.38425,°C,GOOD
2025-01-16 18:00:00,PUMP101.BEARING_TEMP,64.51833333333333,°C,GOOD
2025-01-16 20:00:00,PUMP101.BEARING_TEMP,65.71441666666666,°C,GOOD
2025-01-16 22:00:00,PUMP101.BEARING_TEMP,66.01050000000001,°C,GOOD
2025-01-17 00:00:00,PUMP101.BEARING_TEMP,64.80158333333334,°C,GOOD
2025-01-17 02:00:00,PUMP101.BEARING_TEMP,65.26066666666667,°C,GOOD
2025-01-17 04:00:00,PUMP101.BEARING_TEMP,65.01475,°C,GOOD
2025-01-17 06:00:00,PUMP101.BEARING_TEMP,65.11283333333333,°C,GOOD
2025-01-17 08:00:00,PUMP101.BEARING_TEMP,65.62491666666666,°C,GOOD
2025-01-17 10:00:00,PUMP101.BEARING_TEMP,64.55799999999999,°C,GOOD
2025-01-17 12:00:00,PUMP101.BEARING_TEMP,65.90908333333334,°C,GOOD
2025-01-17 14:00:00,PUMP101.BEARING_TEMP,65.98116666666667,°C,GOOD
2025-01-17 16:00:00,PUMP101.BEARING_TEMP,65.48025,°C,GOOD
2025-01-17 18:00:00,PUMP101.BEARING_TEMP,64.36833333333333,°C,GOOD
2025-01-17 20:00:00,PUMP101.BEARING_TEMP,65.11241666666666,°C,GOOD
2025-01-17 22:00:00,PUMP101.BEARING_TEMP,66.2285,°C,GOOD
2025-01-18 00:00:00,PUMP101.BEARING_TEMP,64.22558333333333,°C,GOOD
2025-01-18 02:00:00,PUMP101.BEARING_TEMP,65.44266666666665,°C,GOOD
2025-01-18 04:00:00,PUMP101.BEARING_TEMP,65.02875,°C,GOOD
2025-01-18 06:00:00,PUMP101.BEARING_TEMP,66.02283333333334,°C,GOOD
2025-01-18 08:00:00,PUMP101.BEARING_TEMP,65.28491666666667,°C,GOOD
2025-01-18 10:00:00,PUMP101.BEARING_TEMP,65.827,°C,GOOD
2025-01-18 12:00:00,PUMP101.BEARING_TEMP,65.91008333333333,°C,GOOD
2025-01-18 14:00:00,PUMP101.BEARING_TEMP,66.54716666666667,°C,GOOD
2025-01-18 16:00:00,PUMP101.BEARING_TEMP,65.53025,°C,GOOD
2025-01-18 18:00:00,PUMP101.BEARING_TEMP,65.82133333333334,°C,GOOD
2025-01-18 20:00:00,PUMP101.BEARING_TEMP,64.89241666666668,°C,GOOD
2025-01-18 22:00:00,PUMP101.BEARING_TEMP,66.2325,°C,GOOD
2025-01-19 00:00:00,PUMP101.BEARING_TEMP,65.25958333333334,°C,GOOD
2025-01-19 02:00:00,PUMP101.BEARING_TEMP,65.36166666666666,°C,GOOD
2025-01-19 04:00:00,PUMP101.BEARING_TEMP,65.63275,°C,GOOD
2025-01-19 06:00:00,PUMP101.BEARING_TEMP,64.86483333333332,°C,GOOD
2025-01-19 08:00:00,PUMP101.BEARING_TEMP,65.76191666666666,°C,GOOD
2025-01-19 10:00:00,PUMP101.BEARING_TEMP,66.134,°C,GOOD
2025-01-19 12:00:00,PUMP101.BEARING_TEMP,65.79808333333334,°C,GOOD
2025-01-19 14:00:00,PUMP101.BEARING_TEMP,64.86016666666667,°C,GOOD
2025-01-19 16:00:00,PUMP101.BEARING_TEMP,65.59425,°C,GOOD
2025-01-19 18:00:00,PUMP101.BEARING_TEMP,66.02933333333333,°C,GOOD
2025-01-19 20:00:00,PUMP101.BEARING_TEMP,64.72141666666667,°C,GOOD
2025-01-19 22:00:00,PUMP101.BEARING_TEMP,65.12549999999999,°C,GOOD
2025-01-20 00:00:00,PUMP101.BEARING_TEMP,66.10258333333334,°C,GOOD
2025-01-20 02:00:00,PUMP101.BEARING_TEMP,65.80166666666668,°C,GOOD
2025-01-20 04:00:00,PUMP101.BEARING_TEMP,65.87475,°C,GOOD
2025-01-20 06:00:00,PUMP101.BEARING_TEMP,66.60083333333334,°C,GOOD
2025-01-20 08:00:00,PUMP101.BEARING_TEMP,65.90691666666666,°C,GOOD
2025-01-20 10:00:00,PUMP101.BEARING_TEMP,66.00399999999999,°C,GOOD
2025-01-20 12:00:00,PUMP101.BEARING_TEMP,67.03208333333333,°C,GOOD
2025-01-20 14:00:00,PUMP101.BEARING_TEMP,65.57216666666666,°C,GOOD
2025-01-20 16:00:00,PUMP101.BEARING_TEMP,65.28225,°C,GOOD
2025-01-20 18:00:00,PUMP101.BEARING_TEMP,65.89733333333334,°C,GOOD
2025-01-20 20:00:00,PUMP101.BEARING_TEMP,65.90441666666666,°C,GOOD
2025-01-20 22:00:00,PUMP101.BEARING_TEMP,65.4245,°C,GOOD
2025-01-21 00:00:00,PUMP101.BEARING_TEMP,65.17358333333333,°C,GOOD
2025-01-21 02:00:00,PUMP101.BEARING_TEMP,66.84666666666666,°C,GOOD
2025-01-21 04:00:00,PUMP101.BEARING_TEMP,65.85674999999999,°C,GOOD
2025-01-21 06:00:00,PUMP101.BEARING_TEMP,65.32983333333334,°C,GOOD
2025-01-21 08:00:00,PUMP101.BEARING_TEMP,66.15591666666667,°C,GOOD
2025-01-21 10:00:00,PUMP101.BEARING_TEMP,65.645,°C,GOOD
2025-01-21 12:00:00,PUMP101.BEARING_TEMP,65.57608333333333,°C,GOOD
2025-01-21 14:00:00,PUMP101.BEARING_TEMP,65.98516666666667,°C,GOOD
2025-01-21 16:00:00,PUMP101.BEARING_TEMP,65.06025,°C,GOOD
2025-01-21 18:00:00,PUMP101.BEARING_TEMP,65.88433333333333,°C,GOOD
2025-01-21 20:00:00,PUMP101.BEARING_TEMP,66.66641666666666,°C,GOOD
2025-01-21 22:00:00,PUMP101.BEARING_TEMP,65.94550000000001,°C,GOOD
2025-01-22 00:00:00,PUMP101.BEARING_TEMP,65.52658333333333,°C,GOOD
2025-01-22 02:00:00,PUMP101.BEARING_TEMP,65.46266666666666,°C,GOOD
2025-01-22 04:00:00,PUMP101.BEARING_TEMP,65.51375,°C,GOOD
2025-01-22 06:00:00,PUMP101.BEARING_TEMP,65.59383333333334,°C,GOOD
2025-01-22 08:00:00,PUMP101.BEARING_TEMP,65.53391666666667,°C,GOOD
2025-01-22 10:00:00,PUMP101.BEARING_TEMP,66.18299999999999,°C,GOOD
2025-01-22 12:00:00,PUMP101.BEARING_TEMP,64.86008333333334,°C,GOOD
2025-01-22 14:00:00,PUMP101.BEARING_TEMP,66.16016666666667,°C,GOOD
2025-01-22 16:00:00,PUMP101.BEARING_TEMP,65.54125,°C,GOOD
2025-01-22 18:00:00,PUMP101.BEARING_TEMP,65.92133333333334,°C,GOOD
2025-01-22 20:00:00,PUMP101.BEARING_TEMP,65.17241666666666,°C,GOOD
2025-01-22 22:00:00,PUMP101.BEARING_TEMP,66.4015,°C,GOOD
2025-01-23 00:00:00,PUMP101.BEARING_TEMP,66.36258333333333,°C,GOOD
2025-01-23 02:00:00,PUMP101.BEARING_TEMP,66.22166666666666,°C,GOOD
2025-01-23 04:00:00,PUMP101.BEARING_TEMP,64.98675,°C,GOOD
2025-01-23 06:00:00,PUMP101.BEARING_TEMP,66.16083333333334,°C,GOOD
2025-01-23 08:00:00,PUMP101.BEARING_TEMP,65.94991666666667,°C,GOOD
2025-01-23 10:00:00,PUMP101.BEARING_TEMP,64.947,°C,GOOD
2025-01-23 12:00:00,PUMP101.BEARING_TEMP,65.74008333333333,°C,GOOD
2025-01-23 14:00:00,PUMP101.BEARING_TEMP,65.93616666666667,°C,GOOD
2025-01-23 16:00:00,PUMP101.BEARING_TEMP,66.03425,°C,GOOD
2025-01-23 18:00:00,PUMP101.BEARING_TEMP,65.84733333333334,°C,GOOD
2025-01-23 20:00:00,PUMP101.BEARING_TEMP,65.90641666666667,°C,GOOD
2025-01-23 22:00:00,PUMP101.BEARING_TEMP,66.4995,°C,GOOD
2025-01-24 00:00:00,PUMP101.BEARING_TEMP,66.37758333333333,°C,GOOD
2025-01-24 02:00:00,PUMP101.BEARING_TEMP,64.33266666666667,°C,GOOD
2025-01-24 04:00:00,PUMP101.BEARING_TEMP,65.60974999999999,°C,GOOD
2025-01-24 06:00:00,PUMP101.BEARING_TEMP,65.68883333333333,°C,GOOD
2025-01-24 08:00:00,PUMP101.BEARING_TEMP,64.89691666666666,°C,GOOD
2025-01-24 10:00:00,PUMP101.BEARING_TEMP,65.822,°C,GOOD
2025-01-24 12:00:00,PUMP101.BEARING_TEMP,66.40108333333333,°C,GOOD
2025-01-24 14:00:00,PUMP101.BEARING_TEMP,65.23616666666666,°C,GOOD
2025-01-24 16:00:00,PUMP101.BEARING_TEMP,65.94925,°C,GOOD
2025-01-24 18:00:00,PUMP101.BEARING_TEMP,65.32533333333333,°C,GOOD
2025-01-24 20:00:00,PUMP101.BEARING_TEMP,65.44941666666666,°C,GOOD
2025-01-24 22:00:00,PUMP101.BEARING_TEMP,66.5265,°C,GOOD
2025-01-25 00:00:00,PUMP101.BEARING_TEMP,65.51858333333334,°C,GOOD
2025-01-25 02:00:00,PUMP101.BEARING_TEMP,66.02266666666667,°C,GOOD
2025-01-25 04:00:00,PUMP101.BEARING_TEMP,64.85775,°C,GOOD
2025-01-25 06:00:00,PUMP101.BEARING_TEMP,66.72683333333333,°C,GOOD
2025-01-25 08:00:00,PUMP101.BEARING_TEMP,66.09891666666667,°C,GOOD
2025-01-25 10:00:00,PUMP101.BEARING_TEMP,65.709,°C,GOOD
2025-01-25 12:00:00,PUMP101.BEARING_TEMP,66.09008333333333,°C,GOOD
2025-01-25 14:00:00,PUMP101.BEARING_TEMP,65.09916666666666,°C,GOOD
2025-01-25 16:00:00,PUMP101.BEARING_TEMP,66.39725,°C,GOOD
2025-01-25 18:00:00,PUMP101.BEARING_TEMP,65.64633333333333,°C,GOOD
2025-01-25 20:00:00,PUMP101.BEARING_TEMP,65.70841666666666,°C,GOOD
2025-01-25 22:00:00,PUMP101.BEARING_TEMP,65.5665,°C,GOOD
2025-01-26 00:00:00,PUMP101.BEARING_TEMP,65.52458333333333,°C,BAD
2025-01-26 02:00:00,PUMP101.BEARING_TEMP,66.16366666666666,°C,GOOD
2025-01-26 04:00:00,PUMP101.BEARING_TEMP,65.94675,°C,GOOD
2025-01-26 06:00:00,PUMP101.BEARING_TEMP,66.14683333333333,°C,GOOD
2025-01-26 08:00:00,PUMP101.BEARING_TEMP,65.81891666666667,°C,GOOD
2025-01-26 10:00:00,PUMP101.BEARING_TEMP,66.08200000000001,°C,GOOD
2025-01-26 12:00:00,PUMP101.BEARING_TEMP,65.61808333333333,°C,GOOD
2025-01-26 14:00:00,PUMP101.BEARING_TEMP,66.94416666666666,°C,GOOD
2025-01-26 16:00:00,PUMP101.BEARING_TEMP,65.04724999999999,°C,GOOD
2025-01-26 18:00:00,PUMP101.BEARING_TEMP,66.46333333333332,°C,GOOD
2025-01-26 20:00:00,PUMP101.BEARING_TEMP,66.51941666666666,°C,GOOD
2025-01-26 22:00:00,PUMP101.BEARING_TEMP,65.4115,°C,GOOD
2025-01-27 00:00:00,PUMP101.BEARING_TEMP,66.95458333333333,°C,GOOD
2025-01-27 02:00:00,PUMP101.BEARING_TEMP,66.33966666666667,°C,GOOD
2025-01-27 04:00:00,PUMP101.BEARING_TEMP,66.32975,°C,GOOD
2025-01-27 06:00:00,PUMP101.BEARING_TEMP,65.85983333333333,°C,GOOD
2025-01-27 08:00:00,PUMP101.BEARING_TEMP,65.73891666666667,°C,GOOD
2025-01-27 10:00:00,PUMP101.BEARING_TEMP,65.74499999999999,°C,GOOD
2025-01-27 12:00:00,PUMP101.BEARING_TEMP,66.04708333333333,°C,GOOD
2025-01-27 14:00:00,PUMP101.BEARING_TEMP,66.55516666666666,°C,GOOD
2025-01-27 16:00:00,PUMP101.BEARING_TEMP,65.94725,°C,GOOD
2025-01-27 18:00:00,PUMP101.BEARING_TEMP,65.40233333333333,°C,GOOD
2025-01-27 20:00:00,PUMP101.BEARING_TEMP,66.27241666666667,°C,GOOD
2025-01-27 22:00:00,PUMP101.BEARING_TEMP,66.3235,°C,GOOD
2025-01-28 00:00:00,PUMP101.BEARING_TEMP,66.19158333333333,°C,GOOD
2025-01-28 02:00:00,PUMP101.BEARING_TEMP,66.23966666666666,°C,GOOD
2025-01-28 04:00:00,PUMP101.BEARING_TEMP,65.73375,°C,GOOD
2025-01-28 06:00:00,PUMP101.BEARING_TEMP,65.40683333333334,°C,GOOD
2025-01-28 08:00:00,PUMP101.BEARING_TEMP,65.43891666666667,°C,GOOD
2025-01-28 10:00:00,PUMP101.BEARING_TEMP,65.057,°C,GOOD
2025-01-28 12:00:00,PUMP101.BEARING_TEMP,65.99508333333333,°C,GOOD
2025-01-28 14:00:00,PUMP101.BEARING_TEMP,65.83716666666666,°C,GOOD
2025-01-28 16:00:00,PUMP101.BEARING_TEMP,65.66125,°C,GOOD
2025-01-28 18:00:00,PUMP101.BEARING_TEMP,64.40533333333333,°C,GOOD
2025-01-28 20:00:00,PUMP101.BEARING_TEMP,65.26141666666668,°C,GOOD
2025-01-28 22:00:00,PUMP101.BEARING_TEMP,66.4475,°C,GOOD
2025-01-29 00:00:00,PUMP101.BEARING_TEMP,65.55758333333334,°C,GOOD
2025-01-29 02:00:00,PUMP101.BEARING_TEMP,66.07166666666667,°C,GOOD
2025-01-29 04:00:00,PUMP101.BEARING_TEMP,65.19875,°C,GOOD
2025-01-29 06:00:00,PUMP101.BEARING_TEMP,66.61483333333332,°C,GOOD
2025-01-29 08:00:00,PUMP101.BEARING_TEMP,65.82591666666666,°C,GOOD
2025-01-29 10:00:00,PUMP101.BEARING_TEMP,66.045,°C,GOOD
2025-01-29 12:00:00,PUMP101.BEARING_TEMP,67.06508333333333,°C,GOOD
2025-01-29 14:00:00,PUMP101.BEARING_TEMP,66.66216666666666,°C,GOOD
2025-01-29 16:00:00,PUMP101.BEARING_TEMP,65.75325,°C,GOOD
2025-01-29 18:00:00,PUMP101.BEARING_TEMP,65.61133333333333,°C,GOOD
2025-01-29 20:00:00,PUMP101.BEARING_TEMP,65.74741666666667,°C,GOOD
2025-01-29 22:00:00,PUMP101.BEARING_TEMP,66.16749999999999,°C,GOOD
2025-01-30 00:00:00,PUMP101.BEARING_TEMP,65.86158333333334,°C,GOOD
2025-01-30 02:00:00,PUMP101.BEARING_TEMP,65.71866666666668,°C,GOOD
2025-01-30 04:00:00,PUMP101.BEARING_TEMP,66.65275,°C,GOOD
2025-01-30 06:00:00,PUMP101.BEARING_TEMP,65.86383333333333,°C,GOOD
2025-01-30 08:00:00,PUMP101.BEARING_TEMP,67.07291666666667,°C,GOOD
2025-01-30 10:00:00,PUMP101.BEARING_TEMP,65.97,°C,GOOD
2025-01-30 12:00:00,PUMP101.BEARING_TEMP,66.82008333333333,°C,GOOD
2025-01-30 14:00:00,PUMP101.BEARING_TEMP,66.10816666666666,°C,GOOD
2025-01-30 16:00:00,PUMP101.BEARING_TEMP,66.41225,°C,GOOD
2025-01-30 18:00:00,PUMP101.BEARING_TEMP,65.57133333333334,°C,GOOD
2025-01-30 20:00:00,PUMP101.BEARING_TEMP,65.50841666666666,°C,GOOD
2025-01-30 22:00:00,PUMP101.BEARING_TEMP,66.1675,°C,GOOD
2025-01-31 00:00:00,PUMP101.BEARING_TEMP,66.43358333333333,°C,GOOD
2025-01-31 02:00:00,PUMP101.BEARING_TEMP,65.96166666666666,°C,GOOD
2025-01-31 04:00:00,PUMP101.BEARING_TEMP,65.30075,°C,GOOD
2025-01-31 06:00:00,PUMP101.BEARING_TEMP,65.26583333333333,°C,GOOD
2025-01-31 08:00:00,PUMP101.BEARING_TEMP,65.23391666666667,°C,GOOD
2025-01-31 10:00:00,PUMP101.BEARING_TEMP,65.066,°C,GOOD
2025-01-31 12:00:00,PUMP101.BEARING_TEMP,66.00708333333334,°C,GOOD
2025-01-31 14:00:00,PUMP101.BEARING_TEMP,66.51716666666667,°C,GOOD
2025-01-31 16:00:00,PUMP101.BEARING_TEMP,65.94924999999999,°C,GOOD
2025-01-31 18:00:00,PUMP101.BEARING_TEMP,64.82833333333333,°C,GOOD
2025-01-31 20:00:00,PUMP101.BEARING_TEMP,65.86541666666666,°C,GOOD
2025-01-31 22:00:00,PUMP101.BEARING_TEMP,65.8815,°C,GOOD
2025-02-01 00:00:00,PUMP101.BEARING_TEMP,67.01258333333334,°C,GOOD
2025-02-01 02:00:00,PUMP101.BEARING_TEMP,65.23766666666667,°C,GOOD
2025-02-01 04:00:00,PUMP101.BEARING_TEMP,65.77375,°C,GOOD
2025-02-01 06:00:00,PUMP101.BEARING_TEMP,66.82383333333333,°C,GOOD
2025-02-01 08:00:00,PUMP101.BEARING_TEMP,66.19791666666666,°C,GOOD
2025-02-01 10:00:00,PUMP101.BEARING_TEMP,66.25699999999999,°C,GOOD
2025-02-01 12:00:00,PUMP101.BEARING_TEMP,66.03408333333334,°C,GOOD
2025-02-01 14:00:00,PUMP101.BEARING_TEMP,66.14416666666668,°C,GOOD
2025-02-01 16:00:00,PUMP101.BEARING_TEMP,66.37025,°C,GOOD
2025-02-01 18:00:00,PUMP101.BEARING_TEMP,65.57833333333333,°C,GOOD
2025-02-01 20:00:00,PUMP101.BEARING_TEMP,66.42441666666666,°C,GOOD
2025-02-01 22:00:00,PUMP101.BEARING_TEMP,65.3005,°C,GOOD
2025-02-02 00:00:00,PUMP101.BEARING_TEMP,66.15358333333333,°C,GOOD
2025-02-02 02:00:00,PUMP101.BEARING_TEMP,66.08066666666666,°C,GOOD
2025-02-02 04:00:00,PUMP101.BEARING_TEMP,65.68575,°C,GOOD
2025-02-02 06:00:00,PUMP101.BEARING_TEMP,65.98483333333334,°C,GOOD
2025-02-02 08:00:00,PUMP101.BEARING_TEMP,65.68691666666666,°C,GOOD
2025-02-02 10:00:00,PUMP101.BEARING_TEMP,65.464,°C,GOOD
2025-02-02 12:00:00,PUMP101.BEARING_TEMP,65.82508333333332,°C,GOOD
2025-02-02 14:00:00,PUMP101.BEARING_TEMP,65.45216666666666,°C,GOOD
2025-02-02 16:00:00,PUMP101.BEARING_TEMP,66.16725,°C,GOOD
2025-02-02 18:00:00,PUMP101.BEARING_TEMP,65.43333333333334,°C,GOOD
2025-02-02 20:00:00,PUMP101.BEARING_TEMP,66.36641666666667,°C,GOOD
2025-02-02 22:00:00,PUMP101.BEARING_TEMP,65.42150000000001,°C,GOOD
2025-02-03 00:00:00,PUMP101.BEARING_TEMP,65.73158333333333,°C,GOOD
2025-02-03 02:00:00,PUMP101.BEARING_TEMP,65.70466666666667,°C,GOOD
2025-02-03 04:00:00,PUMP101.BEARING_TEMP,66.68175,°C,GOOD
2025-02-03 06:00:00,PUMP101.BEARING_TEMP,66.18583333333333,°C,GOOD
2025-02-03 08:00:00,PUMP101.BEARING_TEMP,65.91691666666667,°C,GOOD
2025-02-03 10:00:00,PUMP101.BEARING_TEMP,66.274,°C,GOOD
2025-02-03 12:00:00,PUMP101.BEARING_TEMP,64.97308333333334,°C,GOOD
2025-02-03 14:00:00,PUMP101.BEARING_TEMP,66.00716666666666,°C,GOOD
2025-02-03 16:00:00,PUMP101.BEARING_TEMP,67.03025,°C,GOOD
2025-02-03 18:00:00,PUMP101.BEARING_TEMP,66.09933333333333,°C,GOOD
2025-02-03 20:00:00,PUMP101.BEARING_TEMP,66.06941666666667,°C,GOOD
2025-02-03 22:00:00,PUMP101.BEARING_TEMP,66.3115,°C,GOOD
2025-02-04 00:00:00,PUMP101.BEARING_TEMP,66.48758333333333,°C,GOOD
2025-02-04 02:00:00,PUMP101.BEARING_TEMP,65.04266666666668,°C,GOOD
2025-02-04 04:00:00,PUMP101.BEARING_TEMP,65.20275000000001,°C,GOOD
2025-02-04 06:00:00,PUMP101.BEARING_TEMP,66.15083333333334,°C,GOOD
2025-02-04 08:00:00,PUMP101.BEARING_TEMP,65.69091666666667,°C,GOOD
2025-02-04 10:00:00,PUMP101.BEARING_TEMP,66.706,°C,GOOD
2025-02-04 12:00:00,PUMP101.BEARING_TEMP,65.89408333333333,°C,GOOD
2025-02-04 14:00:00,PUMP101.BEARING_TEMP,65.08716666666666,°C,GOOD
2025-02-04 16:00:00,PUMP101.BEARING_TEMP,65.42225,°C,GOOD
2025-02-04 18:00:00,PUMP101.BEARING_TEMP,64.68333333333334,°C,GOOD
2025-02-04 20:00:00,PUMP101.BEARING_TEMP,65.94341666666666,°C,GOOD
2025-02-04 22:00:00,PUMP101.BEARING_TEMP,65.9685,°C,GOOD
2025-02-05 00:00:00,PUMP101.BEARING_TEMP,65.85258333333333,°C,GOOD
2025-02-05 02:00:00,PUMP101.BEARING_TEMP,66.60566666666666,°C,GOOD
2025-02-05 04:00:00,PUMP101.BEARING_TEMP,66.66775,°C,GOOD
2025-02-05 06:00:00,PUMP101.BEARING_TEMP,65.98583333333335,°C,GOOD
2025-02-05 08:00:00,PUMP101.BEARING_TEMP,65.00591666666666,°C,GOOD
2025-02-05 10:00:00,PUMP101.BEARING_TEMP,66.384,°C,GOOD
2025-02-05 12:00:00,PUMP101.BEARING_TEMP,66.35508333333334,°C,GOOD
2025-02-05 14:00:00,PUMP101.BEARING_TEMP,66.23416666666667,°C,GOOD
2025-02-05 16:00:00,PUMP101.BEARING_TEMP,66.57225,°C,GOOD
2025-02-05 18:00:00,PUMP101.BEARING_TEMP,65.50133333333333,°C,GOOD
2025-02-05 20:00:00,PUMP101.BEARING_TEMP,67.08941666666666,°C,GOOD
2025-02-05 22:00:00,PUMP101.BEARING_TEMP,65.6075,°C,GOOD
2025-02-06 00:00:00,PUMP101.BEARING_TEMP,66.46458333333334,°C,GOOD
2025-02-06 02:00:00,PUMP101.BEARING_TEMP,65.24766666666667,°C,GOOD
2025-02-06 04:00:00,PUMP101.BEARING_TEMP,65.62875,°C,GOOD
2025-02-06 06:00:00,PUMP101.BEARING_TEMP,66.85383333333333,°C,GOOD
2025-02-06 08:00:00,PUMP101.BEARING_TEMP,65.96791666666667,°C,GOOD
2025-02-06 10:00:00,PUMP101.BEARING_TEMP,66.52,°C,GOOD
2025-02-06 12:00:00,PUMP101.BEARING_TEMP,66.22008333333333,°C,GOOD
2025-02-06 14:00:00,PUMP101.BEARING_TEMP,66.05216666666666,°C,GOOD
2025-02-06 16:00:00,PUMP101.BEARING_TEMP,66.78825,°C,GOOD
2025-02-06 18:00:00,PUMP101.BEARING_TEMP,65.99033333333334,°C,GOOD
2025-02-06 20:00:00,PUMP101.BEARING_TEMP,65.22041666666667,°C,GOOD
2025-02-06 22:00:00,PUMP101.BEARING_TEMP,65.7105,°C,GOOD
2025-02-07 00:00:00,PUMP101.BEARING_TEMP,66.39058333333332,°C,GOOD
2025-02-07 02:00:00,PUMP101.BEARING_TEMP,66.31466666666665,°C,GOOD
2025-02-07 04:00:00,PUMP101.BEARING_TEMP,65.33475,°C,GOOD
2025-02-07 06:00:00,PUMP101.BEARING_TEMP,65.75883333333334,°C,GOOD
2025-02-07 08:00:00,PUMP101.BEARING_TEMP,65.83191666666667,°C,GOOD
2025-02-07 10:00:00,PUMP101.BEARING_TEMP,65.942,°C,GOOD
2025-02-07 12:00:00,PUMP101.BEARING_TEMP,65.43908333333333,°C,GOOD
2025-02-07 14:00:00,PUMP101.BEARING_TEMP,65.81516666666667,°C,GOOD
2025-02-07 16:00:00,PUMP101.BEARING_TEMP,65.76724999999999,°C,GOOD
2025-02-07 18:00:00,PUMP101.BEARING_TEMP,66.51933333333334,°C,GOOD
2025-02-07 20:00:00,PUMP101.BEARING_TEMP,66.54041666666667,°C,GOOD
2025-02-07 22:00:00,PUMP101.BEARING_TEMP,66.06450000000001,°C,GOOD
2025-02-08 00:00:00,PUMP101.BEARING_TEMP,65.94358333333334,°C,GOOD
2025-02-08 02:00:00,PUMP101.BEARING_TEMP,66.21166666666666,°C,GOOD
2025-02-08 04:00:00,PUMP101.BEARING_TEMP,65.73575,°C,GOOD
2025-02-08 06:00:00,PUMP101.BEARING_TEMP,65.57283333333334,°C,GOOD
2025-02-08 08:00:00,PUMP101.BEARING_TEMP,65.67791666666666,°C,BAD
2025-02-08 10:00:00,PUMP101.BEARING_TEMP,65.83300000000001,°C,GOOD
2025-02-08 12:00:00,PUMP101.BEARING_TEMP,65.57008333333334,°C,GOOD
2025-02-08 14:00:00,PUMP101.BEARING_TEMP,66.23516666666667,°C,GOOD
2025-02-08 16:00:00,PUMP101.BEARING_TEMP,66.52125,°C,GOOD
2025-02-08 18:00:00,PUMP101.BEARING_TEMP,65.36433333333333,°C,GOOD
2025-02-08 20:00:00,PUMP101.BEARING_TEMP,66.17341666666667,°C,GOOD
2025-02-08 22:00:00,PUMP101.BEARING_TEMP,66.0525,°C,GOOD
2025-02-09 00:00:00,PUMP101.BEARING_TEMP,66.33558333333335,°C,GOOD
2025-02-09 02:00:00,PUMP101.BEARING_TEMP,66.16066666666667,°C,GOOD
2025-02-09 04:00:00,PUMP101.BEARING_TEMP,65.44175,°C,GOOD
2025-02-09 06:00:00,PUMP101.BEARING_TEMP,65.53983333333333,°C,BAD
2025-02-09 08:00:00,PUMP101.BEARING_TEMP,66.18791666666667,°C,GOOD
2025-02-09 10:00:00,PUMP101.BEARING_TEMP,66.689,°C,GOOD
2025-02-09 12:00:00,PUMP101.BEARING_TEMP,65.07008333333333,°C,GOOD
2025-02-09 14:00:00,PUMP101.BEARING_TEMP,66.35216666666666,°C,GOOD
2025-02-09 16:00:00,PUMP101.BEARING_TEMP,66.77625,°C,GOOD
2025-02-09 18:00:00,PUMP101.BEARING_TEMP,66.10633333333334,°C,GOOD
2025-02-09 20:00:00,PUMP101.BEARING_TEMP,66.46041666666667,°C,GOOD
2025-02-09 22:00:00,PUMP101.BEARING_TEMP,65.8355,°C,GOOD
2025-02-10 00:00:00,PUMP101.BEARING_TEMP,66.12958333333333,°C,GOOD
2025-02-10 02:00:00,PUMP101.BEARING_TEMP,65.38166666666666,°C,GOOD
2025-02-10 04:00:00,PUMP101.BEARING_TEMP,65.02175,°C,GOOD
2025-02-10 06:00:00,PUMP101.BEARING_TEMP,66.66683333333334,°C,GOOD
2025-02-10 08:00:00,PUMP101.BEARING_TEMP,65.70591666666667,°C,GOOD
2025-02-10 10:00:00,PUMP101.BEARING_TEMP,65.97200000000001,°C,GOOD
2025-02-10 12:00:00,PUMP101.BEARING_TEMP,65.50908333333334,°C,GOOD
2025-02-10 14:00:00,PUMP101.BEARING_TEMP,65.49916666666667,°C,GOOD
2025-02-10 16:00:00,PUMP101.BEARING_TEMP,66.11925,°C,GOOD
2025-02-10 18:00:00,PUMP101.BEARING_TEMP,65.84333333333333,°C,GOOD
2025-02-10 20:00:00,PUMP101.BEARING_TEMP,66.39941666666665,°C,GOOD
2025-02-10 22:00:00,PUMP101.BEARING_TEMP,66.4385,°C,GOOD
2025-02-11 00:00:00,PUMP101.BEARING_TEMP,66.37458333333333,°C,GOOD
2025-02-11 02:00:00,PUMP101.BEARING_TEMP,66.33566666666667,°C,GOOD
2025-02-11 04:00:00,PUMP101.BEARING_TEMP,67.00775,°C,GOOD
2025-02-11 06:00:00,PUMP101.BEARING_TEMP,65.68683333333333,°C,GOOD
2025-02-11 08:00:00,PUMP101.BEARING_TEMP,66.19591666666666,°C,GOOD
2025-02-11 10:00:00,PUMP101.BEARING_TEMP,66.791,°C,GOOD
2025-02-11 12:00:00,PUMP101.BEARING_TEMP,66.85908333333334,°C,GOOD
2025-02-11 14:00:00,PUMP101.BEARING_TEMP,65.51816666666667,°C,GOOD
2025-02-11 16:00:00,PUMP101.BEARING_TEMP,66.07525,°C,GOOD
2025-02-11 18:00:00,PUMP101.BEARING_TEMP,66.91233333333334,°C,GOOD
2025-02-11 20:00:00,PUMP101.BEARING_TEMP,66.48941666666667,°C,GOOD
2025-02-11 22:00:00,PUMP101.BEARING_TEMP,66.3355,°C,GOOD
2025-02-12 00:00:00,PUMP101.BEARING_TEMP,66.13058333333333,°C,GOOD
2025-02-12 02:00:00,PUMP101.BEARING_TEMP,66.04966666666667,°C,GOOD
2025-02-12 04:00:00,PUMP101.BEARING_TEMP,66.38775000000001,°C,GOOD
2025-02-12 06:00:00,PUMP101.BEARING_TEMP,66.11983333333333,°C,GOOD
2025-02-12 08:00:00,PUMP101.BEARING_TEMP,66.22691666666667,°C,GOOD
2025-02-12 10:00:00,PUMP101.BEARING_TEMP,66.289,°C,GOOD
2025-02-12 12:00:00,PUMP101.BEARING_TEMP,65.91308333333333,°C,GOOD
2025-02-12 14:00:00,PUMP101.BEARING_TEMP,66.52016666666667,°C,GOOD
2025-02-12 16:00:00,PUMP101.BEARING_TEMP,67.71324999999999,°C,GOOD
2025-02-12 18:00:00,PUMP101.BEARING_TEMP,65.37033333333333,°C,GOOD
2025-02-12 20:00:00,PUMP101.BEARING_TEMP,66.42241666666668,°C,GOOD
2025-02-12 22:00:00,PUMP101.BEARING_TEMP,65.88250000000001,°C,GOOD
2025-02-13 00:00:00,PUMP101.BEARING_TEMP,66.55358333333334,°C,GOOD
2025-02-13 02:00:00,PUMP101.BEARING_TEMP,66.28966666666666,°C,GOOD
2025-02-13 04:00:00,PUMP101.BEARING_TEMP,66.64975,°C,GOOD
2025-02-13 06:00:00,PUMP101.BEARING_TEMP,66.85883333333332,°C,GOOD
2025-02-13 08:00:00,PUMP101.BEARING_TEMP,66.36891666666666,°C,GOOD
2025-02-13 10:00:00,PUMP101.BEARING_TEMP,66.84100000000001,°C,GOOD
2025-02-13 12:00:00,PUMP101.BEARING_TEMP,65.10508333333334,°C,GOOD
2025-02-13 14:00:00,PUMP101.BEARING_TEMP,67.07416666666667,°C,GOOD
2025-02-13 16:00:00,PUMP101.BEARING_TEMP,66.46925,°C,GOOD
2025-02-13 18:00:00,PUMP101.BEARING_TEMP,66.82233333333333,°C,GOOD
2025-02-13 20:00:00,PUMP101.BEARING_TEMP,65.67541666666666,°C,BAD
2025-02-13 22:00:00,PUMP101.BEARING_TEMP,65.87249999999999,°C,GOOD
2025-02-14 00:00:00,PUMP101.BEARING_TEMP,66.36258333333333,°C,GOOD
2025-02-14 02:00:00,PUMP101.BEARING_TEMP,66.28266666666667,°C,GOOD
2025-02-14 04:00:00,PUMP101.BEARING_TEMP,66.43575,°C,GOOD
2025-02-14 06:00:00,PUMP101.BEARING_TEMP,66.83783333333334,°C,GOOD
2025-02-14 08:00:00,PUMP101.BEARING_TEMP,65.41491666666667,°C,GOOD
2025-02-14 10:00:00,PUMP101.BEARING_TEMP,66.78699999999999,°C,GOOD
2025-02-14 12:00:00,PUMP101.BEARING_TEMP,66.30608333333333,°C,GOOD
2025-02-14 14:00:00,PUMP101.BEARING_TEMP,66.20216666666666,°C,GOOD
2025-02-14 16:00:00,PUMP101.BEARING_TEMP,65.57025,°C,GOOD
2025-02-14 18:00:00,PUMP101.BEARING_TEMP,66.56033333333333,°C,GOOD
2025-02-14 20:00:00,PUMP101.BEARING_TEMP,65.10341666666666,°C,GOOD
2025-02-14 22:00:00,PUMP101.BEARING_TEMP,66.6365,°C,GOOD
2025-02-15 00:00:00,PUMP101.BEARING_TEMP,65.56858333333334,°C,GOOD
2025-02-15 02:00:00,PUMP101.BEARING_TEMP,66.34366666666666,°C,GOOD
2025-02-15 04:00:00,PUMP101.BEARING_TEMP,66.25874999999999,°C,GOOD
2025-02-15 06:00:00,PUMP101.BEARING_TEMP,66.90583333333333,°C,GOOD
2025-02-15 08:00:00,PUMP101.BEARING_TEMP,66.23391666666667,°C,GOOD
2025-02-15 10:00:00,PUMP101.BEARING_TEMP,65.97800000000001,°C,GOOD
2025-02-15 12:00:00,PUMP101.BEARING_TEMP,66.07408333333333,°C,GOOD
2025-02-15 14:00:00,PUMP101.BEARING_TEMP,66.96516666666666,°C,GOOD
2025-02-15 16:00:00,PUMP101.BEARING_TEMP,66.59925,°C,GOOD
2025-02-15 18:00:00,PUMP101.BEARING_TEMP,66.14033333333333,°C,GOOD
2025-02-15 20:00:00,PUMP101.BEARING_TEMP,66.21741666666667,°C,GOOD
2025-02-15 22:00:00,PUMP101.BEARING_TEMP,65.5535,°C,GOOD
2025-02-16 00:00:00,PUMP101.BEARING_TEMP,66.53358333333334,°C,GOOD
2025-02-16 02:00:00,PUMP101.BEARING_TEMP,65.46166666666667,°C,GOOD
2025-02-16 04:00:00,PUMP101.BEARING_TEMP,66.71975,°C,GOOD
2025-02-16 06:00:00,PUMP101.BEARING_TEMP,66.40983333333332,°C,GOOD
2025-02-16 08:00:00,PUMP101.BEARING_TEMP,67.54091666666666,°C,GOOD
2025-02-16 10:00:00,PUMP101.BEARING_TEMP,65.8,°C,GOOD
2025-02-16 12:00:00,PUMP101.BEARING_TEMP,66.30108333333334,°C,GOOD
2025-02-16 14:00:00,PUMP101.BEARING_TEMP,67.25316666666667,°C,GOOD
2025-02-16 16:00:00,PUMP101.BEARING_TEMP,66.95225,°C,GOOD
2025-02-16 18:00:00,PUMP101.BEARING_TEMP,66.01033333333334,°C,GOOD
2025-02-16 20:00:00,PUMP101.BEARING_TEMP,66.47241666666666,°C,GOOD
2025-02-16 22:00:00,PUMP101.BEARING_TEMP,66.3635,°C,GOOD
2025-02-17 00:00:00,PUMP101.BEARING_TEMP,66.50558333333333,°C,GOOD
2025-02-17 02:00:00,PUMP101.BEARING_TEMP,66.01766666666666,°C,GOOD
2025-02-17 04:00:00,PUMP101.BEARING_TEMP,66.32375,°C,GOOD
2025-02-17 06:00:00,PUMP101.BEARING_TEMP,65.57183333333333,°C,GOOD
2025-02-17 08:00:00,PUMP101.BEARING_TEMP,66.44091666666667,°C,GOOD
2025-02-17 10:00:00,PUMP101.BEARING_TEMP,66.6,°C,GOOD
2025-02-17 12:00:00,PUMP101.BEARING_TEMP,66.26308333333333,°C,GOOD
2025-02-17 14:00:00,PUMP101.BEARING_TEMP,65.57116666666666,°C,GOOD
2025-02-17 16:00:00,PUMP101.BEARING_TEMP,66.87525,°C,GOOD
2025-02-17 18:00:00,PUMP101.BEARING_TEMP,66.56533333333334,°C,GOOD
2025-02-17 20:00:00,PUMP101.BEARING_TEMP,66.02241666666667,°C,GOOD
2025-02-17 22:00:00,PUMP101.BEARING_TEMP,66.2475,°C,GOOD
2025-02-18 00:00:00,PUMP101.BEARING_TEMP,65.63958333333333,°C,GOOD
2025-02-18 02:00:00,PUMP101.BEARING_TEMP,65.87866666666666,°C,GOOD
2025-02-18 04:00:00,PUMP101.BEARING_TEMP,66.12474999999999,°C,GOOD
2025-02-18 06:00:00,PUMP101.BEARING_TEMP,67.00983333333333,°C,GOOD
2025-02-18 08:00:00,PUMP101.BEARING_TEMP,66.07791666666667,°C,GOOD
2025-02-18 10:00:00,PUMP101.BEARING_TEMP,66.72,°C,GOOD
2025-02-18 12:00:00,PUMP101.BEARING_TEMP,66.13308333333333,°C,GOOD
2025-02-18 14:00:00,PUMP101.BEARING_TEMP,66.52816666666666,°C,GOOD
2025-02-18 16:00:00,PUMP101.BEARING_TEMP,66.33525,°C,GOOD
2025-02-18 18:00:00,PUMP101.BEARING_TEMP,66.84533333333333,°C,BAD
2025-02-18 20:00:00,PUMP101.BEARING_TEMP,66.14341666666667,°C,GOOD
2025-02-18 22:00:00,PUMP101.BEARING_TEMP,65.6265,°C,GOOD
2025-02-19 00:00:00,PUMP101.BEARING_TEMP,65.72358333333334,°C,GOOD
2025-02-19 02:00:00,PUMP101.BEARING_TEMP,66.15066666666667,°C,GOOD
2025-02-19 04:00:00,PUMP101.BEARING_TEMP,65.79375,°C,GOOD
2025-02-19 06:00:00,PUMP101.BEARING_TEMP,66.62583333333333,°C,GOOD
2025-02-19 08:00:00,PUMP101.BEARING_TEMP,66.18991666666666,°C,GOOD
2025-02-19 10:00:00,PUMP101.BEARING_TEMP,67.612,°C,GOOD
2025-02-19 12:00:00,PUMP101.BEARING_TEMP,65.55808333333333,°C,GOOD
2025-02-19 14:00:00,PUMP101.BEARING_TEMP,66.53116666666666,°C,GOOD
2025-02-19 16:00:00,PUMP101.BEARING_TEMP,65.86725000000001,°C,GOOD
2025-02-19 18:00:00,PUMP101.BEARING_TEMP,66.18633333333334,°C,GOOD
2025-02-19 20:00:00,PUMP101.BEARING_TEMP,66.50641666666667,°C,GOOD
2025-02-19 22:00:00,PUMP101.BEARING_TEMP,65.2745,°C,GOOD
2025-02-20 00:00:00,PUMP101.BEARING_TEMP,66.55758333333333,°C,GOOD
2025-02-20 02:00:00,PUMP101.BEARING_TEMP,67.39266666666666,°C,GOOD
2025-02-20 04:00:00,PUMP101.BEARING_TEMP,66.21674999999999,°C,GOOD
2025-02-20 06:00:00,PUMP101.BEARING_TEMP,66.57583333333334,°C,GOOD
2025-02-20 08:00:00,PUMP101.BEARING_TEMP,66.95991666666667,°C,GOOD
2025-02-20 10:00:00,PUMP101.BEARING_TEMP,66.36800000000001,°C,GOOD
2025-02-20 12:00:00,PUMP101.BEARING_TEMP,66.16208333333333,°C,GOOD
2025-02-20 14:00:00,PUMP101.BEARING_TEMP,65.31616666666667,°C,GOOD
2025-02-20 16:00:00,PUMP101.BEARING_TEMP,66.77624999999999,°C,GOOD
2025-02-20 18:00:00,PUMP101.BEARING_TEMP,66.40133333333333,°C,BAD
2025-02-20 20:00:00,PUMP101.BEARING_TEMP,65.95441666666666,°C,GOOD
2025-02-20 22:00:00,PUMP101.BEARING_TEMP,66.52550000000001,°C,GOOD
2025-02-21 00:00:00,PUMP101.BEARING_TEMP,66.17258333333334,°C,GOOD
2025-02-21 02:00:00,PUMP101.BEARING_TEMP,66.20266666666667,°C,GOOD
2025-02-21 04:00:00,PUMP101.BEARING_TEMP,66.77175,°C,GOOD
2025-02-21 06:00:00,PUMP101.BEARING_TEMP,65.80183333333333,°C,GOOD
2025-02-21 08:00:00,PUMP101.BEARING_TEMP,66.99691666666666,°C,GOOD
2025-02-21 10:00:00,PUMP101.BEARING_TEMP,65.776,°C,GOOD
2025-02-21 12:00:00,PUMP101.BEARING_TEMP,66.14608333333334,°C,GOOD
2025-02-21 14:00:00,PUMP101.BEARING_TEMP,67.44016666666667,°C,BAD
2025-02-21 16:00:00,PUMP101.BEARING_TEMP,67.04525,°C,GOOD
2025-02-21 18:00:00,PUMP101.BEARING_TEMP,66.53233333333334,°C,GOOD
2025-02-21 20:00:00,PUMP101.BEARING_TEMP,66.01541666666667,°C,GOOD
2025-02-21 22:00:00,PUMP101.BEARING_TEMP,66.2225,°C,GOOD
2025-02-22 00:00:00,PUMP101.BEARING_TEMP,66.52658333333333,°C,GOOD
2025-02-22 02:00:00,PUMP101.BEARING_TEMP,66.51066666666667,°C,GOOD
2025-02-22 04:00:00,PUMP101.BEARING_TEMP,66.44875,°C,GOOD
2025-02-22 06:00:00,PUMP101.BEARING_TEMP,66.48083333333334,°C,GOOD
2025-02-22 08:00:00,PUMP101.BEARING_TEMP,66.39091666666667,°C,GOOD
2025-02-22 10:00:00,PUMP101.BEARING_TEMP,65.779,°C,GOOD
2025-02-22 12:00:00,PUMP101.BEARING_TEMP,66.24408333333334,°C,GOOD
2025-02-22 14:00:00,PUMP101.BEARING_TEMP,66.96116666666666,°C,GOOD
2025-02-22 16:00:00,PUMP101.BEARING_TEMP,65.82225,°C,GOOD
2025-02-22 18:00:00,PUMP101.BEARING_TEMP,66.41333333333334,°C,GOOD
2025-02-22 20:00:00,PUMP101.BEARING_TEMP,66.10041666666667,°C,GOOD
2025-02-22 22:00:00,PUMP101.BEARING_TEMP,66.5685,°C,GOOD
2025-02-23 00:00:00,PUMP101.BEARING_TEMP,66.32058333333333,°C,GOOD
2025-02-23 02:00:00,PUMP101.BEARING_TEMP,67.25566666666667,°C,GOOD
2025-02-23 04:00:00,PUMP101.BEARING_TEMP,66.77175,°C,GOOD
2025-02-23 06:00:00,PUMP101.BEARING_TEMP,65.86483333333332,°C,GOOD
2025-02-23 08:00:00,PUMP101.BEARING_TEMP,66.85891666666666,°C,GOOD
2025-02-23 10:00:00,PUMP101.BEARING_TEMP,66.138,°C,BAD
2025-02-23 12:00:00,PUMP101.BEARING_TEMP,66.23908333333334,°C,GOOD
2025-02-23 14:00:00,PUMP101.BEARING_TEMP,66.68616666666667,°C,GOOD
2025-02-23 16:00:00,PUMP101.BEARING_TEMP,66.28525,°C,GOOD
2025-02-23 18:00:00,PUMP101.BEARING_TEMP,66.97933333333333,°C,GOOD
2025-02-23 20:00:00,PUMP101.BEARING_TEMP,66.14841666666666,°C,GOOD
2025-02-23 22:00:00,PUMP101.BEARING_TEMP,66.2285,°C,GOOD
2025-02-24 00:00:00,PUMP101.BEARING_TEMP,66.21158333333334,°C,GOOD
2025-02-24 02:00:00,PUMP101.BEARING_TEMP,66.25866666666667,°C,GOOD
2025-02-24 04:00:00,PUMP101.BEARING_TEMP,67.09375,°C,GOOD
2025-02-24 06:00:00,PUMP101.BEARING_TEMP,66.85983333333333,°C,GOOD
2025-02-24 08:00:00,PUMP101.BEARING_TEMP,67.40291666666667,°C,GOOD
2025-02-24 10:00:00,PUMP101.BEARING_TEMP,67.684,°C,GOOD
2025-02-24 12:00:00,PUMP101.BEARING_TEMP,66.03708333333333,°C,GOOD
2025-02-24 14:00:00,PUMP101.BEARING_TEMP,66.58916666666666,°C,GOOD
2025-02-24 16:00:00,PUMP101.BEARING_TEMP,65.96825000000001,°C,GOOD
2025-02-24 18:00:00,PUMP101.BEARING_TEMP,66.16933333333334,°C,GOOD
2025-02-24 20:00:00,PUMP101.BEARING_TEMP,66.24541666666667,°C,GOOD
2025-02-24 22:00:00,PUMP101.BEARING_TEMP,66.0335,°C,GOOD
2025-02-25 00:00:00,PUMP101.BEARING_TEMP,66.03858333333334,°C,GOOD
2025-02-25 02:00:00,PUMP101.BEARING_TEMP,66.49466666666666,°C,GOOD
2025-02-25 04:00:00,PUMP101.BEARING_TEMP,65.96074999999999,°C,GOOD
2025-02-25 06:00:00,PUMP101.BEARING_TEMP,66.99183333333335,°C,GOOD
2025-02-25 08:00:00,PUMP101.BEARING_TEMP,66.11391666666667,°C,GOOD
2025-02-25 10:00:00,PUMP101.BEARING_TEMP,67.98,°C,GOOD
2025-02-25 12:00:00,PUMP101.BEARING_TEMP,66.35108333333334,°C,GOOD
2025-02-25 14:00:00,PUMP101.BEARING_TEMP,66.61516666666667,°C,GOOD
2025-02-25 16:00:00,PUMP101.BEARING_TEMP,65.93325,°C,GOOD
2025-02-25 18:00:00,PUMP101.BEARING_TEMP,67.43633333333332,°C,GOOD
2025-02-25 20:00:00,PUMP101.BEARING_TEMP,67.14541666666666,°C,GOOD
2025-02-25 22:00:00,PUMP101.BEARING_TEMP,66.7355,°C,GOOD
2025-02-26 00:00:00,PUMP101.BEARING_TEMP,65.91658333333334,°C,GOOD
2025-02-26 02:00:00,PUMP101.BEARING_TEMP,66.69666666666667,°C,GOOD
2025-02-26 04:00:00,PUMP101.BEARING_TEMP,66.03275,°C,GOOD
2025-02-26 06:00:00,PUMP101.BEARING_TEMP,67.32683333333333,°C,GOOD
2025-02-26 08:00:00,PUMP101.BEARING_TEMP,67.00291666666666,°C,GOOD
2025-02-26 10:00:00,PUMP101.BEARING_TEMP,66.648,°C,GOOD
2025-02-26 12:00:00,PUMP101.BEARING_TEMP,65.38408333333334,°C,GOOD
2025-02-26 14:00:00,PUMP101.BEARING_TEMP,66.11216666666667,°C,GOOD
2025-02-26 16:00:00,PUMP101.BEARING_TEMP,66.95025,°C,GOOD
2025-02-26 18:00:00,PUMP101.BEARING_TEMP,67.21433333333333,°C,GOOD
2025-02-26 20:00:00,PUMP101.BEARING_TEMP,67.16541666666667,°C,GOOD
2025-02-26 22:00:00,PUMP101.BEARING_TEMP,65.81649999999999,°C,GOOD
2025-02-27 00:00:00,PUMP101.BEARING_TEMP,66.76558333333332,°C,GOOD
2025-02-27 02:00:00,PUMP101.BEARING_TEMP,67.12466666666666,°C,GOOD
2025-02-27 04:00:00,PUMP101.BEARING_TEMP,65.78975000000001,°C,GOOD
2025-02-27 06:00:00,PUMP101.BEARING_TEMP,66.61683333333333,°C,GOOD
2025-02-27 08:00:00,PUMP101.BEARING_TEMP,66.75991666666667,°C,GOOD
2025-02-27 10:00:00,PUMP101.BEARING_TEMP,66.475,°C,GOOD
2025-02-27 12:00:00,PUMP101.BEARING_TEMP,65.70108333333333,°C,GOOD
2025-02-27 14:00:00,PUMP101.BEARING_TEMP,66.46616666666667,°C,GOOD
2025-02-27 16:00:00,PUMP101.BEARING_TEMP,66.46724999999999,°C,GOOD
2025-02-27 18:00:00,PUMP101.BEARING_TEMP,66.55933333333334,°C,GOOD
2025-02-27 20:00:00,PUMP101.BEARING_TEMP,66.35341666666667,°C,GOOD
2025-02-27 22:00:00,PUMP101.BEARING_TEMP,66.41550000000001,°C,GOOD
2025-02-28 00:00:00,PUMP101.BEARING_TEMP,66.61958333333334,°C,GOOD
2025-02-28 02:00:00,PUMP101.BEARING_TEMP,66.86266666666667,°C,GOOD
2025-02-28 04:00:00,PUMP101.BEARING_TEMP,66.49175,°C,GOOD
2025-02-28 06:00:00,PUMP101.BEARING_TEMP,66.44083333333333,°C,GOOD
2025-02-28 08:00:00,PUMP101.BEARING_TEMP,66.69391666666667,°C,GOOD
2025-02-28 10:00:00,PUMP101.BEARING_TEMP,65.69000000000001,°C,GOOD
2025-02-28 12:00:00,PUMP101.BEARING_TEMP,66.89108333333334,°C,GOOD
2025-02-28 14:00:00,PUMP101.BEARING_TEMP,66.65416666666667,°C,GOOD
2025-02-28 16:00:00,PUMP101.BEARING_TEMP,66.67625,°C,GOOD
2025-02-28 18:00:00,PUMP101.BEARING_TEMP,67.13833333333334,°C,GOOD
2025-02-28 20:00:00,PUMP101.BEARING_TEMP,65.68441666666666,°C,GOOD
2025-02-28 22:00:00,PUMP101.BEARING_TEMP,65.6755,°C,BAD
2025-03-01 00:00:00,PUMP101.BEARING_TEMP,66.80158333333334,°C,GOOD
2025-03-01 02:00:00,PUMP101.BEARING_TEMP,66.66266666666667,°C,GOOD
2025-03-01 04:00:00,PUMP101.BEARING_TEMP,66.75375,°C,GOOD
2025-03-01 06:00:00,PUMP101.BEARING_TEMP,66.43983333333334,°C,GOOD
2025-03-01 08:00:00,PUMP101.BEARING_TEMP,67.00491666666666,°C,GOOD
2025-03-01 10:00:00,PUMP101.BEARING_TEMP,67.14099999999999,°C,GOOD
2025-03-01 12:00:00,PUMP101.BEARING_TEMP,66.91908333333333,°C,GOOD
2025-03-01 14:00:00,PUMP101.BEARING_TEMP,66.54916666666666,°C,GOOD
2025-03-01 16:00:00,PUMP101.BEARING_TEMP,65.62725,°C,GOOD
2025-03-01 18:00:00,PUMP101.BEARING_TEMP,67.06833333333334,°C,GOOD
2025-03-01 20:00:00,PUMP101.BEARING_TEMP,67.29641666666667,°C,GOOD
2025-03-01 22:00:00,PUMP101.BEARING_TEMP,67.0095,°C,GOOD
2025-03-02 00:00:00,PUMP101.BEARING_TEMP,66.24958333333333,°C,GOOD
2025-03-02 02:00:00,PUMP101.BEARING_TEMP,67.02866666666667,°C,GOOD
2025-03-02 04:00:00,PUMP101.BEARING_TEMP,67.12375,°C,BAD
2025-03-02 06:00:00,PUMP101.BEARING_TEMP,67.47483333333334,°C,BAD
2025-03-02 08:00:00,PUMP101.BEARING_TEMP,66.25991666666667,°C,GOOD
2025-03-02 10:00:00,PUMP101.BEARING_TEMP,66.587,°C,GOOD
2025-03-02 12:00:00,PUMP101.BEARING_TEMP,67.07608333333333,°C,GOOD
2025-03-02 14:00:00,PUMP101.BEARING_TEMP,66.73316666666666,°C,GOOD
2025-03-02 16:00:00,PUMP101.BEARING_TEMP,66.14725,°C,GOOD
2025-03-02 18:00:00,PUMP101.BEARING_TEMP,66.91533333333332,°C,GOOD
2025-03-02 20:00:00,PUMP101.BEARING_TEMP,66.99941666666666,°C,GOOD
2025-03-02 22:00:00,PUMP101.BEARING_TEMP,66.7565,°C,GOOD
2025-03-03 00:00:00,PUMP101.BEARING_TEMP,66.82458333333334,°C,GOOD
2025-03-03 02:00:00,PUMP101.BEARING_TEMP,66.58766666666666,°C,GOOD
2025-03-03 04:00:00,PUMP101.BEARING_TEMP,67.45775,°C,GOOD
2025-03-03 06:00:00,PUMP101.BEARING_TEMP,66.27083333333333,°C,GOOD
2025-03-03 08:00:00,PUMP101.BEARING_TEMP,66.42891666666667,°C,GOOD
2025-03-03 10:00:00,PUMP101.BEARING_TEMP,66.72999999999999,°C,GOOD
2025-03-03 12:00:00,PUMP101.BEARING_TEMP,67.16608333333333,°C,GOOD
2025-03-03 14:00:00,PUMP101.BEARING_TEMP,65.98016666666668,°C,GOOD
2025-03-03 16:00:00,PUMP101.BEARING_TEMP,66.07625,°C,GOOD
2025-03-03 18:00:00,PUMP101.BEARING_TEMP,65.71433333333333,°C,GOOD
2025-03-03 20:00:00,PUMP101.BEARING_TEMP,66.75141666666667,°C,GOOD
2025-03-03 22:00:00,PUMP101.BEARING_TEMP,66.1785,°C,GOOD
2025-03-04 00:00:00,PUMP101.BEARING_TEMP,66.54758333333334,°C,GOOD
2025-03-04 02:00:00,PUMP101.BEARING_TEMP,67.07266666666666,°C,GOOD
2025-03-04 04:00:00,PUMP101.BEARING_TEMP,66.42275000000001,°C,GOOD
2025-03-04 06:00:00,PUMP101.BEARING_TEMP,66.86183333333334,°C,GOOD
2025-03-04 08:00:00,PUMP101.BEARING_TEMP,66.59791666666666,°C,GOOD
2025-03-04 10:00:00,PUMP101.BEARING_TEMP,67.086,°C,GOOD
2025-03-04 12:00:00,PUMP101.BEARING_TEMP,66.99008333333333,°C,GOOD
2025-03-04 14:00:00,PUMP101.BEARING_TEMP,66.40816666666666,°C,GOOD
2025-03-04 16:00:00,PUMP101.BEARING_TEMP,66.67224999999999,°C,GOOD
2025-03-04 18:00:00,PUMP101.BEARING_TEMP,67.28033333333335,°C,GOOD
2025-03-04 20:00:00,PUMP101.BEARING_TEMP,66.95741666666667,°C,GOOD
2025-03-04 22:00:00,PUMP101.BEARING_TEMP,66.06450000000001,°C,GOOD
2025-03-05 00:00:00,PUMP101.BEARING_TEMP,67.09258333333334,°C,GOOD
2025-03-05 02:00:00,PUMP101.BEARING_TEMP,66.22466666666666,°C,GOOD
2025-03-05 04:00:00,PUMP101.BEARING_TEMP,67.47475,°C,GOOD
2025-03-05 06:00:00,PUMP101.BEARING_TEMP,67.28283333333333,°C,GOOD
2025-03-05 08:00:00,PUMP101.BEARING_TEMP,66.91791666666666,°C,GOOD
2025-03-05 10:00:00,PUMP101.BEARING_TEMP,66.854,°C,GOOD
2025-03-05 12:00:00,PUMP101.BEARING_TEMP,66.67208333333333,°C,GOOD
2025-03-05 14:00:00,PUMP101.BEARING_TEMP,67.11816666666667,°C,GOOD
2025-03-05 16:00:00,PUMP101.BEARING_TEMP,66.59625,°C,GOOD
2025-03-05 18:00:00,PUMP101.BEARING_TEMP,66.90133333333333,°C,GOOD
2025-03-05 20:00:00,PUMP101.BEARING_TEMP,67.22141666666667,°C,GOOD
2025-03-05 22:00:00,PUMP101.BEARING_TEMP,66.50649999999999,°C,GOOD
2025-03-06 00:00:00,PUMP101.BEARING_TEMP,66.48158333333333,°C,GOOD
2025-03-06 02:00:00,PUMP101.BEARING_TEMP,66.19466666666668,°C,GOOD
2025-03-06 04:00:00,PUMP101.BEARING_TEMP,66.26175,°C,GOOD
2025-03-06 06:00:00,PUMP101.BEARING_TEMP,65.88183333333333,°C,GOOD
2025-03-06 08:00:00,PUMP101.BEARING_TEMP,67.16291666666666,°C,GOOD
2025-03-06 10:00:00,PUMP101.BEARING_TEMP,67.704,°C,GOOD
2025-03-06 12:00:00,PUMP101.BEARING_TEMP,67.51508333333332,°C,GOOD
2025-03-06 14:00:00,PUMP101.BEARING_TEMP,65.99116666666666,°C,GOOD
2025-03-06 16:00:00,PUMP101.BEARING_TEMP,67.16825,°C,GOOD
2025-03-06 18:00:00,PUMP101.BEARING_TEMP,67.51933333333334,°C,GOOD
2025-03-06 20:00:00,PUMP101.BEARING_TEMP,66.58241666666667,°C,GOOD
2025-03-06 22:00:00,PUMP101.BEARING_TEMP,66.8635,°C,GOOD
2025-03-07 00:00:00,PUMP101.BEARING_TEMP,65.81058333333334,°C,GOOD
2025-03-07 02:00:00,PUMP101.BEARING_TEMP,66.94966666666666,°C,GOOD
2025-03-07 04:00:00,PUMP101.BEARING_TEMP,66.28675,°C,GOOD
2025-03-07 06:00:00,PUMP101.BEARING_TEMP,66.92083333333333,°C,GOOD
2025-03-07 08:00:00,PUMP101.BEARING_TEMP,66.04191666666667,°C,GOOD
2025-03-07 10:00:00,PUMP101.BEARING_TEMP,67.096,°C,GOOD
2025-03-07 12:00:00,PUMP101.BEARING_TEMP,67.33908333333333,°C,GOOD
2025-03-07 14:00:00,PUMP101.BEARING_TEMP,66.43716666666667,°C,GOOD
2025-03-07 16:00:00,PUMP101.BEARING_TEMP,66.26325,°C,GOOD
2025-03-07 18:00:00,PUMP101.BEARING_TEMP,65.75533333333333,°C,GOOD
2025-03-07 20:00:00,PUMP101.BEARING_TEMP,66.70241666666666,°C,GOOD
2025-03-07 22:00:00,PUMP101.BEARING_TEMP,66.54650000000001,°C,GOOD
2025-03-08 00:00:00,PUMP101.BEARING_TEMP,66.06358333333334,°C,GOOD
2025-03-08 02:00:00,PUMP101.BEARING_TEMP,67.06866666666667,°C,GOOD
2025-03-08 04:00:00,PUMP101.BEARING_TEMP,66.61875,°C,GOOD
2025-03-08 06:00:00,PUMP101.BEARING_TEMP,66.30783333333333,°C,GOOD
2025-03-08 08:00:00,PUMP101.BEARING_TEMP,66.57091666666666,°C,GOOD
2025-03-08 10:00:00,PUMP101.BEARING_TEMP,67.386,°C,GOOD
2025-03-08 12:00:00,PUMP101.BEARING_TEMP,67.15308333333334,°C,GOOD
2025-03-08 14:00:00,PUMP101.BEARING_TEMP,66.78916666666667,°C,GOOD
2025-03-08 16:00:00,PUMP101.BEARING_TEMP,67.16625,°C,GOOD
2025-03-08 18:00:00,PUMP101.BEARING_TEMP,66.27833333333334,°C,GOOD
2025-03-08 20:00:00,PUMP101.BEARING_TEMP,66.87641666666667,°C,GOOD
2025-03-08 22:00:00,PUMP101.BEARING_TEMP,66.9365,°C,GOOD
2025-03-09 00:00:00,PUMP101.BEARING_TEMP,66.62958333333333,°C,GOOD
2025-03-09 02:00:00,PUMP101.BEARING_TEMP,67.08466666666666,°C,BAD
2025-03-09 04:00:00,PUMP101.BEARING_TEMP,66.47875,°C,GOOD
2025-03-09 06:00:00,PUMP101.BEARING_TEMP,67.12583333333333,°C,GOOD
2025-03-09 08:00:00,PUMP101.BEARING_TEMP,67.14891666666666,°C,GOOD
2025-03-09 10:00:00,PUMP101.BEARING_TEMP,65.416,°C,GOOD
2025-03-09 12:00:00,PUMP101.BEARING_TEMP,67.47208333333333,°C,GOOD
2025-03-09 14:00:00,PUMP101.BEARING_TEMP,65.35516666666666,°C,GOOD
2025-03-09 16:00:00,PUMP101.BEARING_TEMP,66.57324999999999,°C,GOOD
2025-03-09 18:00:00,PUMP101.BEARING_TEMP,67.39633333333335,°C,GOOD
2025-03-09 20:00:00,PUMP101.BEARING_TEMP,66.72641666666667,°C,GOOD
2025-03-09 22:00:00,PUMP101.BEARING_TEMP,66.1545,°C,GOOD
2025-03-10 00:00:00,PUMP101.BEARING_TEMP,66.34258333333334,°C,GOOD
2025-03-10 02:00:00,PUMP101.BEARING_TEMP,67.40466666666667,°C,GOOD
2025-03-10 04:00:00,PUMP101.BEARING_TEMP,65.93275,°C,GOOD
2025-03-10 06:00:00,PUMP101.BEARING_TEMP,67.45983333333332,°C,GOOD
2025-03-10 08:00:00,PUMP101.BEARING_TEMP,66.86991666666665,°C,GOOD
2025-03-10 10:00:00,PUMP101.BEARING_TEMP,66.304,°C,GOOD
2025-03-10 12:00:00,PUMP101.BEARING_TEMP,66.61008333333334,°C,GOOD
2025-03-10 14:00:00,PUMP101.BEARING_TEMP,66.39516666666667,°C,GOOD
2025-03-10 16:00:00,PUMP101.BEARING_TEMP,67.33925,°C,GOOD
2025-03-10 18:00:00,PUMP101.BEARING_TEMP,67.27433333333333,°C,GOOD
2025-03-10 20:00:00,PUMP101.BEARING_TEMP,66.05041666666666,°C,GOOD
2025-03-10 22:00:00,PUMP101.BEARING_TEMP,66.7105,°C,GOOD
2025-03-11 00:00:00,PUMP101.BEARING_TEMP,66.48258333333334,°C,GOOD
2025-03-11 02:00:00,PUMP101.BEARING_TEMP,67.56366666666668,°C,GOOD
2025-03-11 04:00:00,PUMP101.BEARING_TEMP,66.24375,°C,GOOD
2025-03-11 06:00:00,PUMP101.BEARING_TEMP,67.72283333333334,°C,GOOD
2025-03-11 08:00:00,PUMP101.BEARING_TEMP,66.90591666666667,°C,GOOD
2025-03-11 10:00:00,PUMP101.BEARING_TEMP,66.344,°C,GOOD
2025-03-11 12:00:00,PUMP101.BEARING_TEMP,66.58808333333333,°C,GOOD
2025-03-11 14:00:00,PUMP101.BEARING_TEMP,66.52816666666666,°C,GOOD
2025-03-11 16:00:00,PUMP101.BEARING_TEMP,66.29425,°C,GOOD
2025-03-11 18:00:00,PUMP101.BEARING_TEMP,66.98033333333333,°C,GOOD
2025-03-11 20:00:00,PUMP101.BEARING_TEMP,66.32141666666666,°C,GOOD
2025-03-11 22:00:00,PUMP101.BEARING_TEMP,65.8475,°C,GOOD
2025-03-12 00:00:00,PUMP101.BEARING_TEMP,66.74958333333333,°C,GOOD
2025-03-12 02:00:00,PUMP101.BEARING_TEMP,66.04066666666667,°C,GOOD
2025-03-12 04:00:00,PUMP101.BEARING_TEMP,66.56774999999999,°C,GOOD
2025-03-12 06:00:00,PUMP101.BEARING_TEMP,66.49083333333334,°C,GOOD
2025-03-12 08:00:00,PUMP101.BEARING_TEMP,66.51191666666666,°C,GOOD
2025-03-12 10:00:00,PUMP101.BEARING_TEMP,67.95,°C,GOOD
2025-03-12 12:00:00,PUMP101.BEARING_TEMP,66.98008333333334,°C,GOOD
2025-03-12 14:00:00,PUMP101.BEARING_TEMP,67.07716666666667,°C,GOOD
2025-03-12 16:00:00,PUMP101.BEARING_TEMP,66.06824999999999,°C,GOOD
2025-03-12 18:00:00,PUMP101.BEARING_TEMP,66.63133333333333,°C,GOOD
2025-03-12 20:00:00,PUMP101.BEARING_TEMP,67.06841666666666,°C,GOOD
2025-03-12 22:00:00,PUMP101.BEARING_TEMP,66.4505,°C,GOOD
2025-03-13 00:00:00,PUMP101.BEARING_TEMP,67.41858333333333,°C,GOOD
2025-03-13 02:00:00,PUMP101.BEARING_TEMP,66.36566666666667,°C,GOOD
2025-03-13 04:00:00,PUMP101.BEARING_TEMP,66.82575,°C,GOOD
2025-03-13 06:00:00,PUMP101.BEARING_TEMP,66.67783333333333,°C,GOOD
2025-03-13 08:00:00,PUMP101.BEARING_TEMP,67.05491666666666,°C,GOOD
2025-03-13 10:00:00,PUMP101.BEARING_TEMP,66.655,°C,BAD
2025-03-13 12:00:00,PUMP101.BEARING_TEMP,66.84208333333333,°C,GOOD
2025-03-13 14:00:00,PUMP101.BEARING_TEMP,66.86116666666668,°C,GOOD
2025-03-13 16:00:00,PUMP101.BEARING_TEMP,66.61425,°C,GOOD
2025-03-13 18:00:00,PUMP101.BEARING_TEMP,67.22633333333333,°C,GOOD
2025-03-13 20:00:00,PUMP101.BEARING_TEMP,67.10441666666667,°C,GOOD
2025-03-13 22:00:00,PUMP101.BEARING_TEMP,66.9435,°C,GOOD
2025-03-14 00:00:00,PUMP101.BEARING_TEMP,66.77458333333333,°C,GOOD
2025-03-14 02:00:00,PUMP101.BEARING_TEMP,67.38966666666666,°C,GOOD
2025-03-14 04:00:00,PUMP101.BEARING_TEMP,66.87575000000001,°C,GOOD
2025-03-14 06:00:00,PUMP101.BEARING_TEMP,66.84283333333333,°C,GOOD
2025-03-14 08:00:00,PUMP101.BEARING_TEMP,67.04991666666668,°C,GOOD
2025-03-14 10:00:00,PUMP101.BEARING_TEMP,67.848,°C,GOOD
2025-03-14 12:00:00,PUMP101.BEARING_TEMP,66.33208333333333,°C,GOOD
2025-03-14 14:00:00,PUMP101.BEARING_TEMP,67.38916666666667,°C,GOOD
2025-03-14 16:00:00,PUMP101.BEARING_TEMP,66.05924999999999,°C,GOOD
2025-03-14 18:00:00,PUMP101.BEARING_TEMP,67.11733333333333,°C,GOOD
2025-03-14 20:00:00,PUMP101.BEARING_TEMP,67.79841666666667,°C,GOOD
2025-03-14 22:00:00,PUMP101.BEARING_TEMP,67.2565,°C,GOOD
2025-03-15 00:00:00,PUMP101.BEARING_TEMP,67.09958333333333,°C,GOOD
2025-03-15 02:00:00,PUMP101.BEARING_TEMP,66.73666666666666,°C,GOOD
2025-03-15 04:00:00,PUMP101.BEARING_TEMP,67.03475,°C,GOOD
2025-03-15 06:00:00,PUMP101.BEARING_TEMP,66.89483333333332,°C,GOOD
2025-03-15 08:00:00,PUMP101.BEARING_TEMP,66.62991666666666,°C,GOOD
2025-03-15 10:00:00,PUMP101.BEARING_TEMP,66.88000000000001,°C,GOOD
2025-03-15 12:00:00,PUMP101.BEARING_TEMP,67.12608333333334,°C,GOOD
2025-03-15 14:00:00,PUMP101.BEARING_TEMP,66.64516666666667,°C,GOOD
2025-03-15 16:00:00,PUMP101.BEARING_TEMP,66.62825,°C,GOOD
2025-03-15 18:00:00,PUMP101.BEARING_TEMP,66.35333333333332,°C,GOOD
2025-03-15 20:00:00,PUMP101.BEARING_TEMP,67.23041666666666,°C,GOOD
2025-03-15 22:00:00,PUMP101.BEARING_TEMP,67.31049999999999,°C,GOOD
2025-03-16 00:00:00,PUMP101.BEARING_TEMP,67.15558333333334,°C,GOOD
2025-03-16 02:00:00,PUMP101.BEARING_TEMP,67.52466666666668,°C,GOOD
2025-03-16 04:00:00,PUMP101.BEARING_TEMP,67.08775,°C,GOOD
2025-03-16 06:00:00,PUMP101.BEARING_TEMP,67.24183333333333,°C,GOOD
2025-03-16 08:00:00,PUMP101.BEARING_TEMP,67.19991666666667,°C,GOOD
2025-03-16 10:00:00,PUMP101.BEARING_TEMP,67.00399999999999,°C,GOOD
2025-03-16 12:00:00,PUMP101.BEARING_TEMP,66.78708333333333,°C,GOOD
2025-03-16 14:00:00,PUMP101.BEARING_TEMP,68.16116666666666,°C,GOOD
2025-03-16 16:00:00,PUMP101.BEARING_TEMP,66.83025,°C,GOOD
2025-03-16 18:00:00,PUMP101.BEARING_TEMP,66.72533333333334,°C,GOOD
2025-03-16 20:00:00,PUMP101.BEARING_TEMP,67.27741666666667,°C,GOOD
2025-03-16 22:00:00,PUMP101.BEARING_TEMP,67.1885,°C,GOOD
2025-03-17 00:00:00,PUMP101.BEARING_TEMP,66.36258333333333,°C,GOOD
2025-03-17 02:00:00,PUMP101.BEARING_TEMP,67.62766666666667,°C,GOOD
2025-03-17 04:00:00,PUMP101.BEARING_TEMP,67.02175,°C,GOOD
2025-03-17 06:00:00,PUMP101.BEARING_TEMP,66.51583333333333,°C,GOOD
2025-03-17 08:00:00,PUMP101.BEARING_TEMP,67.66691666666667,°C,GOOD
2025-03-17 10:00:00,PUMP101.BEARING_TEMP,67.388,°C,GOOD
2025-03-17 12:00:00,PUMP101.BEARING_TEMP,66.44508333333333,°C,GOOD
2025-03-17 14:00:00,PUMP101.BEARING_TEMP,67.96816666666666,°C,GOOD
2025-03-17 16:00:00,PUMP101.BEARING_TEMP,67.41024999999999,°C,GOOD
2025-03-17 18:00:00,PUMP101.BEARING_TEMP,67.07833333333333,°C,GOOD
2025-03-17 20:00:00,PUMP101.BEARING_TEMP,67.88041666666666,°C,GOOD
2025-03-17 22:00:00,PUMP101.BEARING_TEMP,67.1675,°C,GOOD
2025-03-18 00:00:00,PUMP101.BEARING_TEMP,67.07558333333334,°C,GOOD
2025-03-18 02:00:00,PUMP101.BEARING_TEMP,66.76166666666667,°C,GOOD
2025-03-18 04:00:00,PUMP101.BEARING_TEMP,67.38475,°C,GOOD
2025-03-18 06:00:00,PUMP101.BEARING_TEMP,67.33383333333333,°C,GOOD
2025-03-18 08:00:00,PUMP101.BEARING_TEMP,67.10491666666667,°C,GOOD
2025-03-18 10:00:00,PUMP101.BEARING_TEMP,66.705,°C,GOOD
2025-03-18 12:00:00,PUMP101.BEARING_TEMP,67.16708333333334,°C,GOOD
2025-03-18 14:00:00,PUMP101.BEARING_TEMP,67.06916666666667,°C,GOOD
2025-03-18 16:00:00,PUMP101.BEARING_TEMP,66.43925,°C,GOOD
2025-03-18 18:00:00,PUMP101.BEARING_TEMP,66.37233333333333,°C,GOOD
2025-03-18 20:00:00,PUMP101.BEARING_TEMP,67.39341666666667,°C,GOOD
2025-03-18 22:00:00,PUMP101.BEARING_TEMP,65.8115,°C,GOOD
2025-03-19 00:00:00,PUMP101.BEARING_TEMP,67.21758333333332,°C,GOOD
2025-03-19 02:00:00,PUMP101.BEARING_TEMP,66.87766666666666,°C,GOOD
2025-03-19 04:00:00,PUMP101.BEARING_TEMP,67.77275,°C,GOOD
2025-03-19 06:00:00,PUMP101.BEARING_TEMP,66.87383333333334,°C,GOOD
2025-03-19 08:00:00,PUMP101.BEARING_TEMP,67.45291666666667,°C,GOOD
2025-03-19 10:00:00,PUMP101.BEARING_TEMP,66.927,°C,GOOD
2025-03-19 12:00:00,PUMP101.BEARING_TEMP,67.18408333333333,°C,GOOD
2025-03-19 14:00:00,PUMP101.BEARING_TEMP,67.49716666666666,°C,GOOD
2025-03-19 16:00:00,PUMP101.BEARING_TEMP,66.90025,°C,GOOD
2025-03-19 18:00:00,PUMP101.BEARING_TEMP,67.63133333333334,°C,GOOD
2025-03-19 20:00:00,PUMP101.BEARING_TEMP,66.63841666666667,°C,GOOD
2025-03-19 22:00:00,PUMP101.BEARING_TEMP,67.28450000000001,°C,GOOD
2025-03-20 00:00:00,PUMP101.BEARING_TEMP,67.60058333333333,°C,GOOD
2025-03-20 02:00:00,PUMP101.BEARING_TEMP,67.47166666666666,°C,GOOD
2025-03-20 04:00:00,PUMP101.BEARING_TEMP,68.10175,°C,GOOD
2025-03-20 06:00:00,PUMP101.BEARING_TEMP,66.76383333333332,°C,GOOD
2025-03-20 08:00:00,PUMP101.BEARING_TEMP,66.45791666666666,°C,GOOD
2025-03-20 10:00:00,PUMP101.BEARING_TEMP,66.653,°C,GOOD
2025-03-20 12:00:00,PUMP101.BEARING_TEMP,67.48208333333334,°C,GOOD
2025-03-20 14:00:00,PUMP101.BEARING_TEMP,67.40316666666666,°C,GOOD
2025-03-20 16:00:00,PUMP101.BEARING_TEMP,67.20725,°C,GOOD
2025-03-20 18:00:00,PUMP101.BEARING_TEMP,66.59733333333332,°C,GOOD
2025-03-20 20:00:00,PUMP101.BEARING_TEMP,67.54341666666666,°C,BAD
2025-03-20 22:00:00,PUMP101.BEARING_TEMP,66.5505,°C,GOOD
2025-03-21 00:00:00,PUMP101.BEARING_TEMP,67.74358333333333,°C,GOOD
2025-03-21 02:00:00,PUMP101.BEARING_TEMP,68.59566666666667,°C,GOOD
2025-03-21 04:00:00,PUMP101.BEARING_TEMP,67.35175000000001,°C,GOOD
2025-03-21 06:00:00,PUMP101.BEARING_TEMP,67.46283333333334,°C,GOOD
2025-03-21 08:00:00,PUMP101.BEARING_TEMP,66.92691666666667,°C,GOOD
2025-03-21 10:00:00,PUMP101.BEARING_TEMP,66.27,°C,GOOD
2025-03-21 12:00:00,PUMP101.BEARING_TEMP,66.87608333333333,°C,GOOD
2025-03-21 14:00:00,PUMP101.BEARING_TEMP,66.63316666666665,°C,GOOD
2025-03-21 16:00:00,PUMP101.BEARING_TEMP,66.45725,°C,GOOD
2025-03-21 18:00:00,PUMP101.BEARING_TEMP,68.04433333333334,°C,GOOD
2025-03-21 20:00:00,PUMP101.BEARING_TEMP,67.32141666666666,°C,GOOD
2025-03-21 22:00:00,PUMP101.BEARING_TEMP,67.3775,°C,GOOD
2025-03-22 00:00:00,PUMP101.BEARING_TEMP,67.03458333333333,°C,GOOD
2025-03-22 02:00:00,PUMP101.BEARING_TEMP,67.10566666666666,°C,GOOD
2025-03-22 04:00:00,PUMP101.BEARING_TEMP,67.67575,°C,GOOD
2025-03-22 06:00:00,PUMP101.BEARING_TEMP,67.17983333333333,°C,GOOD
2025-03-22 08:00:00,PUMP101.BEARING_TEMP,67.46291666666667,°C,GOOD
2025-03-22 10:00:00,PUMP101.BEARING_TEMP,67.102,°C,GOOD
2025-03-22 12:00:00,PUMP101.BEARING_TEMP,67.03108333333333,°C,GOOD
2025-03-22 14:00:00,PUMP101.BEARING_TEMP,66.50116666666666,°C,GOOD
2025-03-22 16:00:00,PUMP101.BEARING_TEMP,66.21724999999999,°C,GOOD
2025-03-22 18:00:00,PUMP101.BEARING_TEMP,67.07733333333333,°C,GOOD
2025-03-22 20:00:00,PUMP101.BEARING_TEMP,67.23841666666667,°C,GOOD
2025-03-22 22:00:00,PUMP101.BEARING_TEMP,66.5695,°C,GOOD
2025-03-23 00:00:00,PUMP101.BEARING_TEMP,67.19758333333334,°C,GOOD
2025-03-23 02:00:00,PUMP101.BEARING_TEMP,67.24366666666667,°C,GOOD
2025-03-23 04:00:00,PUMP101.BEARING_TEMP,66.14075,°C,GOOD
2025-03-23 06:00:00,PUMP101.BEARING_TEMP,66.76283333333333,°C,GOOD
2025-03-23 08:00:00,PUMP101.BEARING_TEMP,67.42691666666666,°C,GOOD
2025-03-23 10:00:00,PUMP101.BEARING_TEMP,67.419,°C,GOOD
2025-03-23 12:00:00,PUMP101.BEARING_TEMP,66.65008333333334,°C,GOOD
2025-03-23 14:00:00,PUMP101.BEARING_TEMP,67.30816666666666,°C,GOOD
2025-03-23 16:00:00,PUMP101.BEARING_TEMP,67.74225,°C,GOOD
2025-03-23 18:00:00,PUMP101.BEARING_TEMP,67.62233333333333,°C,GOOD
2025-03-23 20:00:00,PUMP101.BEARING_TEMP,67.18741666666666,°C,GOOD
2025-03-23 22:00:00,PUMP101.BEARING_TEMP,67.0035,°C,GOOD
2025-03-24 00:00:00,PUMP101.BEARING_TEMP,66.92458333333333,°C,GOOD
2025-03-24 02:00:00,PUMP101.BEARING_TEMP,67.47566666666665,°C,GOOD
2025-03-24 04:00:00,PUMP101.BEARING_TEMP,67.34175,°C,GOOD
2025-03-24 06:00:00,PUMP101.BEARING_TEMP,67.56083333333333,°C,GOOD
2025-03-24 08:00:00,PUMP101.BEARING_TEMP,67.31391666666667,°C,GOOD
2025-03-24 10:00:00,PUMP101.BEARING_TEMP,67.659,°C,GOOD
2025-03-24 12:00:00,PUMP101.BEARING_TEMP,67.29908333333333,°C,GOOD
2025-03-24 14:00:00,PUMP101.BEARING_TEMP,67.64616666666666,°C,GOOD
2025-03-24 16:00:00,PUMP101.BEARING_TEMP,67.69125,°C,GOOD
2025-03-24 18:00:00,PUMP101.BEARING_TEMP,66.85633333333334,°C,GOOD
2025-03-24 20:00:00,PUMP101.BEARING_TEMP,66.35641666666668,°C,GOOD
2025-03-24 22:00:00,PUMP101.BEARING_TEMP,68.03450000000001,°C,GOOD
2025-03-25 00:00:00,PUMP101.BEARING_TEMP,67.39258333333333,°C,GOOD
2025-03-25 02:00:00,PUMP101.BEARING_TEMP,66.40966666666667,°C,GOOD
2025-03-25 04:00:00,PUMP101.BEARING_TEMP,66.91175,°C,GOOD
2025-03-25 06:00:00,PUMP101.BEARING_TEMP,67.65683333333332,°C,GOOD
2025-03-25 08:00:00,PUMP101.BEARING_TEMP,67.13291666666666,°C,GOOD
2025-03-25 10:00:00,PUMP101.BEARING_TEMP,67.019,°C,GOOD
2025-03-25 12:00:00,PUMP101.BEARING_TEMP,67.97708333333334,°C,GOOD
2025-03-25 14:00:00,PUMP101.BEARING_TEMP,66.75516666666667,°C,GOOD
2025-03-25 16:00:00,PUMP101.BEARING_TEMP,66.88225,°C,GOOD
2025-03-25 18:00:00,PUMP101.BEARING_TEMP,67.38933333333333,°C,GOOD
2025-03-25 20:00:00,PUMP101.BEARING_TEMP,67.48041666666666,°C,GOOD
2025-03-25 22:00:00,PUMP101.BEARING_TEMP,67.5355,°C,GOOD
2025-03-26 00:00:00,PUMP101.BEARING_TEMP,67.74558333333334,°C,GOOD
2025-03-26 02:00:00,PUMP101.BEARING_TEMP,67.39066666666668,°C,GOOD
2025-03-26 04:00:00,PUMP101.BEARING_TEMP,67.53875000000001,°C,GOOD
2025-03-26 06:00:00,PUMP101.BEARING_TEMP,67.16583333333334,°C,GOOD
2025-03-26 08:00:00,PUMP101.BEARING_TEMP,67.32891666666667,°C,GOOD
2025-03-26 10:00:00,PUMP101.BEARING_TEMP,67.354,°C,GOOD
2025-03-26 12:00:00,PUMP101.BEARING_TEMP,67.41008333333333,°C,GOOD
2025-03-26 14:00:00,PUMP101.BEARING_TEMP,67.69016666666666,°C,GOOD
2025-03-26 16:00:00,PUMP101.BEARING_TEMP,67.58425000000001,°C,GOOD
2025-03-26 18:00:00,PUMP101.BEARING_TEMP,67.33033333333334,°C,GOOD
2025-03-26 20:00:00,PUMP101.BEARING_TEMP,66.90541666666667,°C,GOOD
2025-03-26 22:00:00,PUMP101.BEARING_TEMP,67.3465,°C,GOOD
2025-03-27 00:00:00,PUMP101.BEARING_TEMP,67.30058333333334,°C,GOOD
2025-03-27 02:00:00,PUMP101.BEARING_TEMP,67.41366666666666,°C,GOOD
2025-03-27 04:00:00,PUMP101.BEARING_TEMP,68.42174999999999,°C,GOOD
2025-03-27 06:00:00,PUMP101.BEARING_TEMP,67.05883333333334,°C,GOOD
2025-03-27 08:00:00,PUMP101.BEARING_TEMP,67.53391666666667,°C,GOOD
2025-03-27 10:00:00,PUMP101.BEARING_TEMP,67.85900000000001,°C,GOOD
2025-03-27 12:00:00,PUMP101.BEARING_TEMP,67.37608333333334,°C,GOOD
2025-03-27 14:00:00,PUMP101.BEARING_TEMP,68.49816666666666,°C,GOOD
2025-03-27 16:00:00,PUMP101.BEARING_TEMP,67.14225,°C,GOOD
2025-03-27 18:00:00,PUMP101.BEARING_TEMP,67.49533333333333,°C,GOOD
2025-03-27 20:00:00,PUMP101.BEARING_TEMP,66.93641666666666,°C,GOOD
2025-03-27 22:00:00,PUMP101.BEARING_TEMP,67.1615,°C,GOOD
2025-03-28 00:00:00,PUMP101.BEARING_TEMP,67.46358333333333,°C,GOOD
2025-03-28 02:00:00,PUMP101.BEARING_TEMP,67.76466666666667,°C,GOOD
2025-03-28 04:00:00,PUMP101.BEARING_TEMP,67.50375,°C,GOOD
2025-03-28 06:00:00,PUMP101.BEARING_TEMP,67.97583333333333,°C,GOOD
2025-03-28 08:00:00,PUMP101.BEARING_TEMP,67.30091666666667,°C,GOOD
2025-03-28 10:00:00,PUMP101.BEARING_TEMP,67.184,°C,GOOD
2025-03-28 12:00:00,PUMP101.BEARING_TEMP,68.70408333333334,°C,GOOD
2025-03-28 14:00:00,PUMP101.BEARING_TEMP,67.55116666666667,°C,GOOD
2025-03-28 16:00:00,PUMP101.BEARING_TEMP,66.99625,°C,GOOD
2025-03-28 18:00:00,PUMP101.BEARING_TEMP,67.01133333333334,°C,GOOD
2025-03-28 20:00:00,PUMP101.BEARING_TEMP,66.88941666666666,°C,GOOD
2025-03-28 22:00:00,PUMP101.BEARING_TEMP,67.8305,°C,GOOD
2025-03-29 00:00:00,PUMP101.BEARING_TEMP,67.18258333333333,°C,GOOD
2025-03-29 02:00:00,PUMP101.BEARING_TEMP,67.43066666666665,°C,GOOD
2025-03-29 04:00:00,PUMP101.BEARING_TEMP,67.33675000000001,°C,GOOD
2025-03-29 06:00:00,PUMP101.BEARING_TEMP,67.73683333333334,°C,GOOD
2025-03-29 08:00:00,PUMP101.BEARING_TEMP,66.94991666666667,°C,GOOD
2025-03-29 10:00:00,PUMP101.BEARING_TEMP,66.837,°C,GOOD
2025-03-29 12:00:00,PUMP101.BEARING_TEMP,67.48908333333333,°C,GOOD
2025-03-29 14:00:00,PUMP101.BEARING_TEMP,67.67916666666666,°C,GOOD
2025-03-29 16:00:00,PUMP101.BEARING_TEMP,67.54724999999999,°C,GOOD
2025-03-29 18:00:00,PUMP101.BEARING_TEMP,66.97833333333334,°C,GOOD
2025-03-29 20:00:00,PUMP101.BEARING_TEMP,67.72441666666667,°C,GOOD
2025-03-29 22:00:00,PUMP101.BEARING_TEMP,67.0155,°C,GOOD
2025-03-30 00:00:00,PUMP101.BEARING_TEMP,67.12858333333334,°C,GOOD
2025-03-30 02:00:00,PUMP101.BEARING_TEMP,66.91966666666667,°C,GOOD
2025-03-30 04:00:00,PUMP101.BEARING_TEMP,68.04475,°C,GOOD
2025-03-30 06:00:00,PUMP101.BEARING_TEMP,67.71283333333332,°C,GOOD
2025-03-30 08:00:00,PUMP101.BEARING_TEMP,67.69991666666667,°C,GOOD
2025-03-30 10:00:00,PUMP101.BEARING_TEMP,68.024,°C,GOOD
2025-03-30 12:00:00,PUMP101.BEARING_TEMP,68.80808333333334,°C,GOOD
2025-03-30 14:00:00,PUMP101.BEARING_TEMP,66.54916666666666,°C,GOOD
2025-03-30 16:00:00,PUMP101.BEARING_TEMP,67.03725,°C,GOOD
2025-03-30 18:00:00,PUMP101.BEARING_TEMP,67.10033333333332,°C,GOOD
2025-03-30 20:00:00,PUMP101.BEARING_TEMP,66.98541666666667,°C,GOOD
2025-03-30 22:00:00,PUMP101.BEARING_TEMP,66.87349999999999,°C,GOOD
2025-03-31 00:00:00,PUMP101.BEARING_TEMP,67.26458333333333,°C,GOOD
2025-03-31 02:00:00,PUMP101.BEARING_TEMP,66.80866666666667,°C,GOOD
2025-03-31 04:00:00,PUMP101.BEARING_TEMP,67.58675000000001,°C,GOOD
2025-03-31 06:00:00,PUMP101.BEARING_TEMP,67.44683333333333,°C,GOOD
2025-03-31 08:00:00,PUMP101.BEARING_TEMP,67.66391666666667,°C,GOOD
2025-03-31 10:00:00,PUMP101.BEARING_TEMP,67.679,°C,GOOD
2025-03-31 12:00:00,PUMP101.BEARING_TEMP,67.72908333333334,°C,GOOD
2025-03-31 14:00:00,PUMP101.BEARING_TEMP,67.24216666666666,°C,GOOD
2025-03-31 16:00:00,PUMP101.BEARING_TEMP,68.49225000000001,°C,GOOD
2025-03-31 18:00:00,PUMP101.BEARING_TEMP,67.55033333333334,°C,BAD
2025-03-31 20:00:00,PUMP101.BEARING_TEMP,66.50441666666667,°C,GOOD
2025-03-31 22:00:00,PUMP101.BEARING_TEMP,66.9365,°C,BAD
2025-04-01 00:00:00,PUMP101.BEARING_TEMP,66.56958333333333,°C,GOOD
2025-04-01 02:00:00,PUMP101.BEARING_TEMP,67.45066666666666,°C,GOOD
2025-04-01 04:00:00,PUMP101.BEARING_TEMP,67.38274999999999,°C,GOOD
2025-04-01 06:00:00,PUMP101.BEARING_TEMP,67.21183333333335,°C,GOOD
2025-04-01 08:00:00,PUMP101.BEARING_TEMP,68.45291666666667,°C,GOOD
2025-04-01 10:00:00,PUMP101.BEARING_TEMP,67.724,°C,GOOD
2025-04-01 12:00:00,PUMP101.BEARING_TEMP,67.81508333333333,°C,GOOD
2025-04-01 14:00:00,PUMP101.BEARING_TEMP,66.98816666666667,°C,GOOD
2025-04-01 16:00:00,PUMP101.BEARING_TEMP,66.95625,°C,GOOD
2025-04-01 18:00:00,PUMP101.BEARING_TEMP,67.47633333333333,°C,GOOD
2025-04-01 20:00:00,PUMP101.BEARING_TEMP,67.54741666666666,°C,GOOD
2025-04-01 22:00:00,PUMP101.BEARING_TEMP,66.53450000000001,°C,GOOD
2025-04-02 00:00:00,PUMP101.BEARING_TEMP,67.37458333333333,°C,GOOD
2025-04-02 02:00:00,PUMP101.BEARING_TEMP,67.47366666666667,°C,GOOD
2025-04-02 04:00:00,PUMP101.BEARING_TEMP,67.36075,°C,GOOD
2025-04-02 06:00:00,PUMP101.BEARING_TEMP,67.06383333333333,°C,GOOD
2025-04-02 08:00:00,PUMP101.BEARING_TEMP,67.20291666666667,°C,BAD
2025-04-02 10:00:00,PUMP101.BEARING_TEMP,67.387,°C,GOOD
2025-04-02 12:00:00,PUMP101.BEARING_TEMP,67.52208333333334,°C,GOOD
2025-04-02 14:00:00,PUMP101.BEARING_TEMP,67.78116666666668,°C,GOOD
2025-04-02 16:00:00,PUMP101.BEARING_TEMP,68.02125000000001,°C,GOOD
2025-04-02 18:00:00,PUMP101.BEARING_TEMP,67.33633333333333,°C,GOOD
2025-04-02 20:00:00,PUMP101.BEARING_TEMP,67.25741666666667,°C,GOOD
2025-04-02 22:00:00,PUMP101.BEARING_TEMP,67.70649999999999,°C,GOOD
2025-04-03 00:00:00,PUMP101.BEARING_TEMP,67.79458333333334,°C,GOOD
2025-04-03 02:00:00,PUMP101.BEARING_TEMP,67.27466666666666,°C,GOOD
2025-04-03 04:00:00,PUMP101.BEARING_TEMP,67.88875,°C,GOOD
2025-04-03 06:00:00,PUMP101.BEARING_TEMP,67.98583333333333,°C,GOOD
2025-04-03 08:00:00,PUMP101.BEARING_TEMP,68.14391666666667,°C,GOOD
2025-04-03 10:00:00,PUMP101.BEARING_TEMP,68.389,°C,GOOD
2025-04-03 12:00:00,PUMP101.BEARING_TEMP,67.06908333333332,°C,GOOD
2025-04-03 14:00:00,PUMP101.BEARING_TEMP,67.51116666666667,°C,GOOD
2025-04-03 16:00:00,PUMP101.BEARING_TEMP,67.51225,°C,GOOD
2025-04-03 18:00:00,PUMP101.BEARING_TEMP,67.45933333333333,°C,GOOD
2025-04-03 20:00:00,PUMP101.BEARING_TEMP,67.18541666666667,°C,GOOD
2025-04-03 22:00:00,PUMP101.BEARING_TEMP,66.76950000000001,°C,GOOD
2025-04-04 00:00:00,PUMP101.BEARING_TEMP,67.56058333333334,°C,GOOD
2025-04-04 02:00:00,PUMP101.BEARING_TEMP,67.13266666666667,°C,GOOD
2025-04-04 04:00:00,PUMP101.BEARING_TEMP,67.56175,°C,GOOD
2025-04-04 06:00:00,PUMP101.BEARING_TEMP,67.12383333333332,°C,GOOD
2025-04-04 08:00:00,PUMP101.BEARING_TEMP,66.97291666666666,°C,BAD
2025-04-04 10:00:00,PUMP101.BEARING_TEMP,67.64200000000001,°C,GOOD
2025-04-04 12:00:00,PUMP101.BEARING_TEMP,67.60208333333334,°C,GOOD
2025-04-04 14:00:00,PUMP101.BEARING_TEMP,67.81916666666667,°C,GOOD
2025-04-04 16:00:00,PUMP101.BEARING_TEMP,68.62425,°C,GOOD
2025-04-04 18:00:00,PUMP101.BEARING_TEMP,67.67233333333333,°C,GOOD
2025-04-04 20:00:00,PUMP101.BEARING_TEMP,67.77841666666666,°C,GOOD
2025-04-04 22:00:00,PUMP101.BEARING_TEMP,66.99849999999999,°C,GOOD
2025-04-05 00:00:00,PUMP101.BEARING_TEMP,66.89658333333334,°C,GOOD
2025-04-05 02:00:00,PUMP101.BEARING_TEMP,68.33266666666667,°C,GOOD
2025-04-05 04:00:00,PUMP101.BEARING_TEMP,67.08175,°C,GOOD
2025-04-05 06:00:00,PUMP101.BEARING_TEMP,67.02383333333333,°C,GOOD
2025-04-05 08:00:00,PUMP101.BEARING_TEMP,67.52791666666667,°C,GOOD
2025-04-05 10:00:00,PUMP101.BEARING_TEMP,67.505,°C,GOOD
2025-04-05 12:00:00,PUMP101.BEARING_TEMP,67.10108333333334,°C,GOOD
2025-04-05 14:00:00,PUMP101.BEARING_TEMP,67.40216666666666,°C,GOOD
2025-04-05 16:00:00,PUMP101.BEARING_TEMP,68.17125,°C,GOOD
2025-04-05 18:00:00,PUMP101.BEARING_TEMP,67.15533333333333,°C,GOOD
2025-04-05 20:00:00,PUMP101.BEARING_TEMP,66.86341666666667,°C,GOOD
2025-04-05 22:00:00,PUMP101.BEARING_TEMP,68.0335,°C,GOOD
2025-04-06 00:00:00,PUMP101.BEARING_TEMP,67.81058333333333,°C,GOOD
2025-04-06 02:00:00,PUMP101.BEARING_TEMP,67.25666666666666,°C,GOOD
2025-04-06 04:00:00,PUMP101.BEARING_TEMP,66.77775,°C,BAD
2025-04-06 06:00:00,PUMP101.BEARING_TEMP,67.19883333333334,°C,GOOD
2025-04-06 08:00:00,PUMP101.BEARING_TEMP,67.54591666666667,°C,GOOD
2025-04-06 10:00:00,PUMP101.BEARING_TEMP,68.158,°C,GOOD
2025-04-06 12:00:00,PUMP101.BEARING_TEMP,67.05908333333333,°C,GOOD
2025-04-06 14:00:00,PUMP101.BEARING_TEMP,67.53716666666666,°C,GOOD
2025-04-06 16:00:00,PUMP101.BEARING_TEMP,67.91924999999999,°C,GOOD
2025-04-06 18:00:00,PUMP101.BEARING_TEMP,66.39233333333333,°C,GOOD
2025-04-06 20:00:00,PUMP101.BEARING_TEMP,68.10241666666667,°C,GOOD
2025-04-06 22:00:00,PUMP101.BEARING_TEMP,66.99650000000001,°C,GOOD
2025-04-07 00:00:00,PUMP101.BEARING_TEMP,67.75558333333333,°C,GOOD
2025-04-07 02:00:00,PUMP101.BEARING_TEMP,67.71466666666667,°C,GOOD
2025-04-07 04:00:00,PUMP101.BEARING_TEMP,68.13575,°C,GOOD
2025-04-07 06:00:00,PUMP101.BEARING_TEMP,67.87083333333334,°C,GOOD
2025-04-07 08:00:00,PUMP101.BEARING_TEMP,66.40891666666667,°C,GOOD
2025-04-07 10:00:00,PUMP101.BEARING_TEMP,67.208,°C,GOOD
2025-04-07 12:00:00,PUMP101.BEARING_TEMP,67.67108333333334,°C,GOOD
2025-04-07 14:00:00,PUMP101.BEARING_TEMP,67.50716666666668,°C,GOOD
2025-04-07 16:00:00,PUMP101.BEARING_TEMP,67.84525000000001,°C,GOOD
2025-04-07 18:00:00,PUMP101.BEARING_TEMP,68.00333333333333,°C,GOOD
2025-04-07 20:00:00,PUMP101.BEARING_TEMP,67.91441666666667,°C,GOOD
2025-04-07 22:00:00,PUMP101.BEARING_TEMP,67.5055,°C,GOOD
2025-04-08 00:00:00,PUMP101.BEARING_TEMP,66.69158333333333,°C,GOOD
2025-04-08 02:00:00,PUMP101.BEARING_TEMP,67.38866666666667,°C,GOOD
2025-04-08 04:00:00,PUMP101.BEARING_TEMP,67.82675,°C,GOOD
2025-04-08 06:00:00,PUMP101.BEARING_TEMP,67.07583333333334,°C,GOOD
2025-04-08 08:00:00,PUMP101.BEARING_TEMP,67.93891666666667,°C,GOOD
2025-04-08 10:00:00,PUMP101.BEARING_TEMP,68.079,°C,GOOD
2025-04-08 12:00:00,PUMP101.BEARING_TEMP,67.69008333333333,°C,GOOD
2025-04-08 14:00:00,PUMP101.BEARING_TEMP,66.09716666666667,°C,GOOD
2025-04-08 16:00:00,PUMP101.BEARING_TEMP,66.99225,°C,GOOD
2025-04-08 18:00:00,PUMP101.BEARING_TEMP,68.57633333333334,°C,GOOD
2025-04-08 20:00:00,PUMP101.BEARING_TEMP,67.36241666666668,°C,GOOD
2025-04-08 22:00:00,PUMP101.BEARING_TEMP,66.6455,°C,GOOD
2025-04-09 00:00:00,PUMP101.BEARING_TEMP,68.25758333333333,°C,GOOD
2025-04-09 02:00:00,PUMP101.BEARING_TEMP,67.64866666666667,°C,GOOD
2025-04-09 04:00:00,PUMP101.BEARING_TEMP,68.19575,°C,GOOD
2025-04-09 06:00:00,PUMP101.BEARING_TEMP,67.78383333333333,°C,GOOD
2025-04-09 08:00:00,PUMP101.BEARING_TEMP,67.87691666666666,°C,GOOD
2025-04-09 10:00:00,PUMP101.BEARING_TEMP,67.83200000000001,°C,GOOD
2025-04-09 12:00:00,PUMP101.BEARING_TEMP,68.00108333333334,°C,GOOD
2025-04-09 14:00:00,PUMP101.BEARING_TEMP,68.79316666666666,°C,GOOD
2025-04-09 16:00:00,PUMP101.BEARING_TEMP,68.14225,°C,GOOD
2025-04-09 18:00:00,PUMP101.BEARING_TEMP,66.86833333333333,°C,GOOD
2025-04-09 20:00:00,PUMP101.BEARING_TEMP,67.88341666666666,°C,GOOD
2025-04-09 22:00:00,PUMP101.BEARING_TEMP,68.23349999999999,°C,GOOD
2025-04-10 00:00:00,PUMP101.BEARING_TEMP,68.26558333333334,°C,GOOD
2025-04-10 02:00:00,PUMP101.BEARING_TEMP,67.45366666666668,°C,GOOD
2025-04-10 04:00:00,PUMP101.BEARING_TEMP,68.25075,°C,GOOD
2025-04-10 06:00:00,PUMP101.BEARING_TEMP,68.13483333333333,°C,GOOD
2025-04-10 08:00:00,PUMP101.BEARING_TEMP,68.95891666666667,°C,GOOD
2025-04-10 10:00:00,PUMP101.BEARING_TEMP,67.3,°C,GOOD
2025-04-10 12:00:00,PUMP101.BEARING_TEMP,67.42308333333332,°C,GOOD
2025-04-10 14:00:00,PUMP101.BEARING_TEMP,67.52616666666665,°C,GOOD
2025-04-10 16:00:00,PUMP101.BEARING_TEMP,67.43625,°C,GOOD
2025-04-10 18:00:00,PUMP101.BEARING_TEMP,67.23833333333334,°C,GOOD
2025-04-10 20:00:00,PUMP101.BEARING_TEMP,66.30441666666667,°C,GOOD
2025-04-10 22:00:00,PUMP101.BEARING_TEMP,67.4705,°C,GOOD
2025-04-11 00:00:00,PUMP101.BEARING_TEMP,67.87458333333333,°C,GOOD
2025-04-11 02:00:00,PUMP101.BEARING_TEMP,67.44466666666666,°C,GOOD
2025-04-11 04:00:00,PUMP101.BEARING_TEMP,68.66175,°C,GOOD
2025-04-11 06:00:00,PUMP101.BEARING_TEMP,67.70283333333334,°C,GOOD
2025-04-11 08:00:00,PUMP101.BEARING_TEMP,68.34391666666667,°C,GOOD
2025-04-11 10:00:00,PUMP101.BEARING_TEMP,67.831,°C,GOOD
2025-04-11 12:00:00,PUMP101.BEARING_TEMP,68.11508333333333,°C,GOOD
2025-04-11 14:00:00,PUMP101.BEARING_TEMP,67.84416666666667,°C,GOOD
2025-04-11 16:00:00,PUMP101.BEARING_TEMP,68.39025,°C,GOOD
2025-04-11 18:00:00,PUMP101.BEARING_TEMP,67.73633333333333,°C,GOOD
2025-04-11 20:00:00,PUMP101.BEARING_TEMP,67.95841666666666,°C,GOOD
2025-04-11 22:00:00,PUMP101.BEARING_TEMP,67.89550000000001,°C,GOOD
2025-04-12 00:00:00,PUMP101.BEARING_TEMP,67.57058333333333,°C,GOOD
2025-04-12 02:00:00,PUMP101.BEARING_TEMP,67.91866666666667,°C,GOOD
2025-04-12 04:00:00,PUMP101.BEARING_TEMP,68.83575,°C,GOOD
2025-04-12 06:00:00,PUMP101.BEARING_TEMP,67.58583333333333,°C,GOOD
2025-04-12 08:00:00,PUMP101.BEARING_TEMP,67.93291666666666,°C,GOOD
2025-04-12 10:00:00,PUMP101.BEARING_TEMP,68.354,°C,GOOD
2025-04-12 12:00:00,PUMP101.BEARING_TEMP,68.29708333333333,°C,GOOD
2025-04-12 14:00:00,PUMP101.BEARING_TEMP,67.73516666666667,°C,GOOD
2025-04-12 16:00:00,PUMP101.BEARING_TEMP,66.53925,°C,GOOD
2025-04-12 18:00:00,PUMP101.BEARING_TEMP,67.99133333333333,°C,GOOD
2025-04-12 20:00:00,PUMP101.BEARING_TEMP,66.62541666666667,°C,GOOD
2025-04-12 22:00:00,PUMP101.BEARING_TEMP,68.4725,°C,GOOD
2025-04-13 00:00:00,PUMP101.BEARING_TEMP,67.82458333333332,°C,GOOD
2025-04-13 02:00:00,PUMP101.BEARING_TEMP,68.24166666666667,°C,GOOD
2025-04-13 04:00:00,PUMP101.BEARING_TEMP,67.29275000000001,°C,GOOD
2025-04-13 06:00:00,PUMP101.BEARING_TEMP,66.96983333333334,°C,GOOD
2025-04-13 08:00:00,PUMP101.BEARING_TEMP,67.87791666666666,°C,GOOD
2025-04-13 10:00:00,PUMP101.BEARING_TEMP,67.733,°C,GOOD
2025-04-13 12:00:00,PUMP101.BEARING_TEMP,67.50608333333334,°C,GOOD
2025-04-13 14:00:00,PUMP101.BEARING_TEMP,67.79616666666666,°C,GOOD
2025-04-13 16:00:00,PUMP101.BEARING_TEMP,69.14025,°C,GOOD
2025-04-13 18:00:00,PUMP101.BEARING_TEMP,68.17533333333334,°C,GOOD
2025-04-13 20:00:00,PUMP101.BEARING_TEMP,68.28541666666668,°C,GOOD
2025-04-13 22:00:00,PUMP101.BEARING_TEMP,68.1845,°C,GOOD
2025-04-14 00:00:00,PUMP101.BEARING_TEMP,68.50458333333333,°C,GOOD
2025-04-14 02:00:00,PUMP101.BEARING_TEMP,67.67166666666667,°C,GOOD
2025-04-14 04:00:00,PUMP101.BEARING_TEMP,66.74175,°C,GOOD
2025-04-14 06:00:00,PUMP101.BEARING_TEMP,67.67683333333333,°C,GOOD
2025-04-14 08:00:00,PUMP101.BEARING_TEMP,68.17891666666668,°C,GOOD
2025-04-14 10:00:00,PUMP101.BEARING_TEMP,67.29,°C,GOOD
2025-04-14 12:00:00,PUMP101.BEARING_TEMP,67.68908333333334,°C,GOOD
2025-04-14 14:00:00,PUMP101.BEARING_TEMP,67.43316666666666,°C,GOOD
2025-04-14 16:00:00,PUMP101.BEARING_TEMP,68.53225,°C,GOOD
2025-04-14 18:00:00,PUMP101.BEARING_TEMP,68.15833333333333,°C,GOOD
2025-04-14 20:00:00,PUMP101.BEARING_TEMP,68.11141666666666,°C,GOOD
2025-04-14 22:00:00,PUMP101.BEARING_TEMP,68.0985,°C,GOOD
2025-04-15 00:00:00,PUMP101.BEARING_TEMP,67.77058333333333,°C,GOOD
2025-04-15 02:00:00,PUMP101.BEARING_TEMP,67.89066666666668,°C,GOOD
2025-04-15 04:00:00,PUMP101.BEARING_TEMP,67.20075,°C,GOOD
2025-04-15 06:00:00,PUMP101.BEARING_TEMP,66.70283333333333,°C,GOOD
2025-04-15 08:00:00,PUMP101.BEARING_TEMP,67.87291666666667,°C,GOOD
2025-04-15 10:00:00,PUMP101.BEARING_TEMP,67.962,°C,GOOD
2025-04-15 12:00:00,PUMP101.BEARING_TEMP,68.40708333333333,°C,GOOD
2025-04-15 14:00:00,PUMP101.BEARING_TEMP,68.59016666666668,°C,GOOD
2025-04-15 16:00:00,PUMP101.BEARING_TEMP,68.59125,°C,GOOD
2025-04-15 18:00:00,PUMP101.BEARING_TEMP,67.30933333333334,°C,GOOD
2025-04-15 20:00:00,PUMP101.BEARING_TEMP,67.63441666666667,°C,GOOD
2025-04-15 22:00:00,PUMP101.BEARING_TEMP,68.0525,°C,GOOD
2025-04-16 00:00:00,PUMP101.BEARING_TEMP,69.08058333333334,°C,GOOD
2025-04-16 02:00:00,PUMP101.BEARING_TEMP,68.55666666666666,°C,GOOD
2025-04-16 04:00:00,PUMP101.BEARING_TEMP,68.37875,°C,GOOD
2025-04-16 06:00:00,PUMP101.BEARING_TEMP,67.62683333333334,°C,GOOD
2025-04-16 08:00:00,PUMP101.BEARING_TEMP,67.38091666666668,°C,GOOD
2025-04-16 10:00:00,PUMP101.BEARING_TEMP,68.21900000000001,°C,GOOD
2025-04-16 12:00:00,PUMP101.BEARING_TEMP,67.27708333333334,°C,GOOD
2025-04-16 14:00:00,PUMP101.BEARING_TEMP,67.71016666666667,°C,GOOD
2025-04-16 16:00:00,PUMP101.BEARING_TEMP,67.77425,°C,GOOD
2025-04-16 18:00:00,PUMP101.BEARING_TEMP,68.62933333333334,°C,GOOD
2025-04-16 20:00:00,PUMP101.BEARING_TEMP,67.65841666666665,°C,BAD
2025-04-16 22:00:00,PUMP101.BEARING_TEMP,66.6175,°C,GOOD
2025-04-17 00:00:00,PUMP101.BEARING_TEMP,68.09158333333333,°C,GOOD
2025-04-17 02:00:00,PUMP101.BEARING_TEMP,67.49166666666667,°C,GOOD
2025-04-17 04:00:00,PUMP101.BEARING_TEMP,67.86475,°C,GOOD
2025-04-17 06:00:00,PUMP101.BEARING_TEMP,67.80283333333333,°C,GOOD
2025-04-17 08:00:00,PUMP101.BEARING_TEMP,67.71091666666666,°C,GOOD
2025-04-17 10:00:00,PUMP101.BEARING_TEMP,68.24499999999999,°C,GOOD
2025-04-17 12:00:00,PUMP101.BEARING_TEMP,67.08608333333333,°C,GOOD
2025-04-17 14:00:00,PUMP101.BEARING_TEMP,67.59516666666667,°C,GOOD
2025-04-17 16:00:00,PUMP101.BEARING_TEMP,68.19825,°C,GOOD
2025-04-17 18:00:00,PUMP101.BEARING_TEMP,67.55133333333333,°C,GOOD
2025-04-17 20:00:00,PUMP101.BEARING_TEMP,67.05641666666666,°C,GOOD
2025-04-17 22:00:00,PUMP101.BEARING_TEMP,68.1965,°C,GOOD
2025-04-18 00:00:00,PUMP101.BEARING_TEMP,68.42658333333333,°C,GOOD
2025-04-18 02:00:00,PUMP101.BEARING_TEMP,67.84466666666665,°C,GOOD
2025-04-18 04:00:00,PUMP101.BEARING_TEMP,66.88875,°C,GOOD
2025-04-18 06:00:00,PUMP101.BEARING_TEMP,68.22383333333333,°C,GOOD
2025-04-18 08:00:00,PUMP101.BEARING_TEMP,67.04291666666667,°C,GOOD
2025-04-18 10:00:00,PUMP101.BEARING_TEMP,68.029,°C,GOOD
2025-04-18 12:00:00,PUMP101.BEARING_TEMP,67.43308333333333,°C,GOOD
2025-04-18 14:00:00,PUMP101.BEARING_TEMP,67.29916666666666,°C,GOOD
2025-04-18 16:00:00,PUMP101.BEARING_TEMP,67.66024999999999,°C,GOOD
2025-04-18 18:00:00,PUMP101.BEARING_TEMP,67.79133333333334,°C,GOOD
2025-04-18 20:00:00,PUMP101.BEARING_TEMP,67.56341666666667,°C,GOOD
2025-04-18 22:00:00,PUMP101.BEARING_TEMP,68.1815,°C,BAD
2025-04-19 00:00:00,PUMP101.BEARING_TEMP,67.66658333333334,°C,GOOD
2025-04-19 02:00:00,PUMP101.BEARING_TEMP,68.38166666666666,°C,GOOD
2025-04-19 04:00:00,PUMP101.BEARING_TEMP,68.03475,°C,GOOD
2025-04-19 06:00:00,PUMP101.BEARING_TEMP,67.54683333333332,°C,GOOD
2025-04-19 08:00:00,PUMP101.BEARING_TEMP,67.46491666666665,°C,GOOD
2025-04-19 10:00:00,PUMP101.BEARING_TEMP,67.07600000000001,°C,GOOD
2025-04-19 12:00:00,PUMP101.BEARING_TEMP,68.04708333333333,°C,GOOD
2025-04-19 14:00:00,PUMP101.BEARING_TEMP,67.72716666666666,°C,GOOD
2025-04-19 16:00:00,PUMP101.BEARING_TEMP,66.72025,°C,GOOD
2025-04-19 18:00:00,PUMP101.BEARING_TEMP,67.64033333333333,°C,GOOD
2025-04-19 20:00:00,PUMP101.BEARING_TEMP,67.45941666666667,°C,GOOD
2025-04-19 22:00:00,PUMP101.BEARING_TEMP,68.70049999999999,°C,GOOD
2025-04-20 00:00:00,PUMP101.BEARING_TEMP,67.06358333333334,°C,GOOD
2025-04-20 02:00:00,PUMP101.BEARING_TEMP,67.19566666666667,°C,GOOD
2025-04-20 04:00:00,PUMP101.BEARING_TEMP,68.47375000000001,°C,GOOD
2025-04-20 06:00:00,PUMP101.BEARING_TEMP,68.59883333333333,°C,GOOD
2025-04-20 08:00:00,PUMP101.BEARING_TEMP,67.55091666666667,°C,GOOD
2025-04-20 10:00:00,PUMP101.BEARING_TEMP,67.609,°C,GOOD
2025-04-20 12:00:00,PUMP101.BEARING_TEMP,68.23508333333334,°C,GOOD
2025-04-20 14:00:00,PUMP101.BEARING_TEMP,66.76516666666666,°C,GOOD
2025-04-20 16:00:00,PUMP101.BEARING_TEMP,67.00025000000001,°C,GOOD
2025-04-20 18:00:00,PUMP101.BEARING_TEMP,67.79333333333334,°C,GOOD
2025-04-20 20:00:00,PUMP101.BEARING_TEMP,68.71041666666667,°C,GOOD
2025-04-20 22:00:00,PUMP101.BEARING_TEMP,67.7195,°C,GOOD
2025-04-21 00:00:00,PUMP101.BEARING_TEMP,67.98958333333333,°C,GOOD
2025-04-21 02:00:00,PUMP101.BEARING_TEMP,68.50866666666666,°C,GOOD
2025-04-21 04:00:00,PUMP101.BEARING_TEMP,68.99674999999999,°C,GOOD
2025-04-21 06:00:00,PUMP101.BEARING_TEMP,67.65783333333334,°C,GOOD
2025-04-21 08:00:00,PUMP101.BEARING_TEMP,67.93991666666668,°C,GOOD
2025-04-21 10:00:00,PUMP101.BEARING_TEMP,68.861,°C,GOOD
2025-04-21 12:00:00,PUMP101.BEARING_TEMP,67.19108333333334,°C,GOOD
2025-04-21 14:00:00,PUMP101.BEARING_TEMP,68.46816666666666,°C,GOOD
2025-04-21 16:00:00,PUMP101.BEARING_TEMP,67.44725,°C,GOOD
2025-04-21 18:00:00,PUMP101.BEARING_TEMP,68.00933333333333,°C,GOOD
2025-04-21 20:00:00,PUMP101.BEARING_TEMP,67.83941666666666,°C,GOOD
2025-04-21 22:00:00,PUMP101.BEARING_TEMP,67.4835,°C,GOOD
2025-04-22 00:00:00,PUMP101.BEARING_TEMP,67.47258333333333,°C,GOOD
2025-04-22 02:00:00,PUMP101.BEARING_TEMP,68.10466666666667,°C,GOOD
2025-04-22 04:00:00,PUMP101.BEARING_TEMP,68.46675,°C,GOOD
2025-04-22 06:00:00,PUMP101.BEARING_TEMP,67.90583333333333,°C,BAD
2025-04-22 08:00:00,PUMP101.BEARING_TEMP,68.00791666666666,°C,GOOD
2025-04-22 10:00:00,PUMP101.BEARING_TEMP,68.261,°C,GOOD
2025-04-22 12:00:00,PUMP101.BEARING_TEMP,67.49108333333334,°C,GOOD
2025-04-22 14:00:00,PUMP101.BEARING_TEMP,68.34916666666668,°C,GOOD
2025-04-22 16:00:00,PUMP101.BEARING_TEMP,68.39125,°C,GOOD
2025-04-22 18:00:00,PUMP101.BEARING_TEMP,69.28533333333334,°C,GOOD
2025-04-22 20:00:00,PUMP101.BEARING_TEMP,67.79741666666666,°C,GOOD
2025-04-22 22:00:00,PUMP101.BEARING_TEMP,67.7585,°C,GOOD
2025-04-23 00:00:00,PUMP101.BEARING_TEMP,68.37358333333333,°C,GOOD
2025-04-23 02:00:00,PUMP101.BEARING_TEMP,68.40166666666667,°C,GOOD
2025-04-23 04:00:00,PUMP101.BEARING_TEMP,67.72575,°C,GOOD
2025-04-23 06:00:00,PUMP101.BEARING_TEMP,67.79383333333334,°C,GOOD
2025-04-23 08:00:00,PUMP101.BEARING_TEMP,68.26891666666667,°C,GOOD
2025-04-23 10:00:00,PUMP101.BEARING_TEMP,67.586,°C,GOOD
2025-04-23 12:00:00,PUMP101.BEARING_TEMP,67.79708333333333,°C,GOOD
2025-04-23 14:00:00,PUMP101.BEARING_TEMP,68.04916666666666,°C,GOOD
2025-04-23 16:00:00,PUMP101.BEARING_TEMP,68.50425,°C,GOOD
2025-04-23 18:00:00,PUMP101.BEARING_TEMP,67.70633333333333,°C,GOOD
2025-04-23 20:00:00,PUMP101.BEARING_TEMP,67.08941666666666,°C,GOOD
2025-04-23 22:00:00,PUMP101.BEARING_TEMP,67.0545,°C,GOOD
2025-04-24 00:00:00,PUMP101.BEARING_TEMP,67.38458333333334,°C,GOOD
2025-04-24 02:00:00,PUMP101.BEARING_TEMP,67.35966666666667,°C,GOOD
2025-04-24 04:00:00,PUMP101.BEARING_TEMP,67.94175,°C,GOOD
2025-04-24 06:00:00,PUMP101.BEARING_TEMP,67.42683333333333,°C,GOOD
2025-04-24 08:00:00,PUMP101.BEARING_TEMP,67.67191666666668,°C,GOOD
2025-04-24 10:00:00,PUMP101.BEARING_TEMP,67.638,°C,GOOD
2025-04-24 12:00:00,PUMP101.BEARING_TEMP,67.80708333333334,°C,GOOD
2025-04-24 14:00:00,PUMP101.BEARING_TEMP,68.69016666666667,°C,GOOD
2025-04-24 16:00:00,PUMP101.BEARING_TEMP,68.36225,°C,GOOD
2025-04-24 18:00:00,PUMP101.BEARING_TEMP,68.04133333333333,°C,GOOD
2025-04-24 20:00:00,PUMP101.BEARING_TEMP,67.80441666666667,°C,GOOD
2025-04-24 22:00:00,PUMP101.BEARING_TEMP,67.8205,°C,GOOD
2025-04-25 00:00:00,PUMP101.BEARING_TEMP,68.20358333333334,°C,GOOD
2025-04-25 02:00:00,PUMP101.BEARING_TEMP,68.33366666666667,°C,GOOD
2025-04-25 04:00:00,PUMP101.BEARING_TEMP,67.58975000000001,°C,GOOD
2025-04-25 06:00:00,PUMP101.BEARING_TEMP,68.06383333333333,°C,GOOD
2025-04-25 08:00:00,PUMP101.BEARING_TEMP,67.03191666666667,°C,GOOD
2025-04-25 10:00:00,PUMP101.BEARING_TEMP,68.15599999999999,°C,GOOD
2025-04-25 12:00:00,PUMP101.BEARING_TEMP,68.43308333333333,°C,GOOD
2025-04-25 14:00:00,PUMP101.BEARING_TEMP,67.91416666666666,°C,GOOD
2025-04-25 16:00:00,PUMP101.BEARING_TEMP,68.96425,°C,GOOD
2025-04-25 18:00:00,PUMP101.BEARING_TEMP,67.61733333333333,°C,GOOD
2025-04-25 20:00:00,PUMP101.BEARING_TEMP,68.16941666666666,°C,GOOD
2025-04-25 22:00:00,PUMP101.BEARING_TEMP,68.0445,°C,GOOD
2025-04-26 00:00:00,PUMP101.BEARING_TEMP,68.01458333333333,°C,GOOD
2025-04-26 02:00:00,PUMP101.BEARING_TEMP,68.00966666666666,°C,GOOD
2025-04-26 04:00:00,PUMP101.BEARING_TEMP,68.12275,°C,GOOD
2025-04-26 06:00:00,PUMP101.BEARING_TEMP,68.49483333333335,°C,GOOD
2025-04-26 08:00:00,PUMP101.BEARING_TEMP,68.76191666666666,°C,GOOD
2025-04-26 10:00:00,PUMP101.BEARING_TEMP,68.074,°C,GOOD
2025-04-26 12:00:00,PUMP101.BEARING_TEMP,68.48508333333334,°C,GOOD
2025-04-26 14:00:00,PUMP101.BEARING_TEMP,67.72816666666667,°C,GOOD
2025-04-26 16:00:00,PUMP101.BEARING_TEMP,68.46424999999999,°C,GOOD
2025-04-26 18:00:00,PUMP101.BEARING_TEMP,67.70233333333333,°C,GOOD
2025-04-26 20:00:00,PUMP101.BEARING_TEMP,68.63041666666666,°C,GOOD
2025-04-26 22:00:00,PUMP101.BEARING_TEMP,69.19250000000001,°C,GOOD
2025-04-27 00:00:00,PUMP101.BEARING_TEMP,68.02858333333333,°C,GOOD
2025-04-27 02:00:00,PUMP101.BEARING_TEMP,66.99566666666666,°C,GOOD
2025-04-27 04:00:00,PUMP101.BEARING_TEMP,67.81975,°C,GOOD
2025-04-27 06:00:00,PUMP101.BEARING_TEMP,68.71183333333333,°C,GOOD
2025-04-27 08:00:00,PUMP101.BEARING_TEMP,68.37491666666666,°C,GOOD
2025-04-27 10:00:00,PUMP101.BEARING_TEMP,68.22399999999999,°C,GOOD
2025-04-27 12:00:00,PUMP101.BEARING_TEMP,68.60608333333334,°C,GOOD
2025-04-27 14:00:00,PUMP101.BEARING_TEMP,68.34616666666668,°C,GOOD
2025-04-27 16:00:00,PUMP101.BEARING_TEMP,68.71525,°C,GOOD
2025-04-27 18:00:00,PUMP101.BEARING_TEMP,68.56833333333333,°C,GOOD
2025-04-27 20:00:00,PUMP101.BEARING_TEMP,68.87141666666666,°C,GOOD
2025-04-27 22:00:00,PUMP101.BEARING_TEMP,68.2915,°C,GOOD
2025-04-28 00:00:00,PUMP101.BEARING_TEMP,68.56758333333333,°C,GOOD
2025-04-28 02:00:00,PUMP101.BEARING_TEMP,67.96266666666668,°C,GOOD
2025-04-28 04:00:00,PUMP101.BEARING_TEMP,67.81775,°C,GOOD
2025-04-28 06:00:00,PUMP101.BEARING_TEMP,68.97383333333333,°C,GOOD
2025-04-28 08:00:00,PUMP101.BEARING_TEMP,68.23091666666667,°C,GOOD
2025-04-28 10:00:00,PUMP101.BEARING_TEMP,68.527,°C,GOOD
2025-04-28 12:00:00,PUMP101.BEARING_TEMP,68.18908333333333,°C,GOOD
2025-04-28 14:00:00,PUMP101.BEARING_TEMP,67.83616666666666,°C,GOOD
2025-04-28 16:00:00,PUMP101.BEARING_TEMP,68.13624999999999,°C,GOOD
2025-04-28 18:00:00,PUMP101.BEARING_TEMP,68.85133333333334,°C,GOOD
2025-04-28 20:00:00,PUMP101.BEARING_TEMP,68.41341666666668,°C,GOOD
2025-04-28 22:00:00,PUMP101.BEARING_TEMP,67.28150000000001,°C,GOOD
2025-04-29 00:00:00,PUMP101.BEARING_TEMP,68.03158333333333,°C,GOOD
2025-04-29 02:00:00,PUMP101.BEARING_TEMP,69.03266666666667,°C,GOOD
2025-04-29 04:00:00,PUMP101.BEARING_TEMP,68.03675,°C,GOOD
2025-04-29 06:00:00,PUMP101.BEARING_TEMP,67.24583333333332,°C,GOOD
2025-04-29 08:00:00,PUMP101.BEARING_TEMP,69.09491666666668,°C,GOOD
2025-04-29 10:00:00,PUMP101.BEARING_TEMP,68.491,°C,GOOD
2025-04-29 12:00:00,PUMP101.BEARING_TEMP,68.11708333333334,°C,GOOD
2025-04-29 14:00:00,PUMP101.BEARING_TEMP,67.96816666666666,°C,GOOD
2025-04-29 16:00:00,PUMP101.BEARING_TEMP,68.69725,°C,GOOD
2025-04-29 18:00:00,PUMP101.BEARING_TEMP,67.88733333333333,°C,GOOD
2025-04-29 20:00:00,PUMP101.BEARING_TEMP,68.73441666666666,°C,GOOD
2025-04-29 22:00:00,PUMP101.BEARING_TEMP,68.4335,°C,GOOD
2025-04-30 00:00:00,PUMP101.BEARING_TEMP,68.28658333333334,°C,GOOD
2024-10-01 00:00:00,PUMP101.VIBRATION_RMS,2.714,mm/s,GOOD
2024-10-01 02:00:00,PUMP101.VIBRATION_RMS,2.617,mm/s,GOOD
2024-10-01 04:00:00,PUMP101.VIBRATION_RMS,1.705,mm/s,GOOD
2024-10-01 06:00:00,PUMP101.VIBRATION_RMS,1.674,mm/s,GOOD
2024-10-01 08:00:00,PUMP101.VIBRATION_RMS,2.712,mm/s,GOOD
2024-10-01 10:00:00,PUMP101.VIBRATION_RMS,2.092,mm/s,GOOD
2024-10-01 12:00:00,PUMP101.VIBRATION_RMS,2.651,mm/s,GOOD
2024-10-01 14:00:00,PUMP101.VIBRATION_RMS,2.89,mm/s,GOOD
2024-10-01 16:00:00,PUMP101.VIBRATION_RMS,1.865,mm/s,GOOD
2024-10-01 18:00:00,PUMP101.VIBRATION_RMS,1.794,mm/s,GOOD
2024-10-01 20:00:00,PUMP101.VIBRATION_RMS,3.337,mm/s,GOOD
2024-10-01 22:00:00,PUMP101.VIBRATION_RMS,2.676,mm/s,GOOD
2024-10-02 00:00:00,PUMP101.VIBRATION_RMS,2.29,mm/s,GOOD
2024-10-02 02:00:00,PUMP101.VIBRATION_RMS,2.033,mm/s,GOOD
2024-10-02 04:00:00,PUMP101.VIBRATION_RMS,2.245,mm/s,GOOD
2024-10-02 06:00:00,PUMP101.VIBRATION_RMS,1.905,mm/s,GOOD
2024-10-02 08:00:00,PUMP101.VIBRATION_RMS,2.942,mm/s,GOOD
2024-10-02 10:00:00,PUMP101.VIBRATION_RMS,2.112,mm/s,GOOD
2024-10-02 12:00:00,PUMP101.VIBRATION_RMS,3.047,mm/s,GOOD
2024-10-02 14:00:00,PUMP101.VIBRATION_RMS,2.3,mm/s,GOOD
2024-10-02 16:00:00,PUMP101.VIBRATION_RMS,1.978,mm/s,GOOD
2024-10-02 18:00:00,PUMP101.VIBRATION_RMS,2.287,mm/s,GOOD
2024-10-02 20:00:00,PUMP101.VIBRATION_RMS,1.188,mm/s,GOOD
2024-10-02 22:00:00,PUMP101.VIBRATION_RMS,2.44,mm/s,GOOD
2024-10-03 00:00:00,PUMP101.VIBRATION_RMS,2.415,mm/s,GOOD
2024-10-03 02:00:00,PUMP101.VIBRATION_RMS,2.912,mm/s,GOOD
2024-10-03 04:00:00,PUMP101.VIBRATION_RMS,1.557,mm/s,GOOD
2024-10-03 06:00:00,PUMP101.VIBRATION_RMS,3.081,mm/s,GOOD
2024-10-03 08:00:00,PUMP101.VIBRATION_RMS,2.91,mm/s,GOOD
2024-10-03 10:00:00,PUMP101.VIBRATION_RMS,3.126,mm/s,GOOD
2024-10-03 12:00:00,PUMP101.VIBRATION_RMS,2.474,mm/s,GOOD
2024-10-03 14:00:00,PUMP101.VIBRATION_RMS,3.007,mm/s,GOOD
2024-10-03 16:00:00,PUMP101.VIBRATION_RMS,1.764,mm/s,GOOD
2024-10-03 18:00:00,PUMP101.VIBRATION_RMS,2.857,mm/s,GOOD
2024-10-03 20:00:00,PUMP101.VIBRATION_RMS,2.114,mm/s,GOOD
2024-10-03 22:00:00,PUMP101.VIBRATION_RMS,1.674,mm/s,GOOD
2024-10-04 00:00:00,PUMP101.VIBRATION_RMS,1.938,mm/s,GOOD
2024-10-04 02:00:00,PUMP101.VIBRATION_RMS,2.503,mm/s,GOOD
2024-10-04 04:00:00,PUMP101.VIBRATION_RMS,2.088,mm/s,GOOD
2024-10-04 06:00:00,PUMP101.VIBRATION_RMS,2.688,mm/s,GOOD
2024-10-04 08:00:00,PUMP101.VIBRATION_RMS,1.596,mm/s,GOOD
2024-10-04 10:00:00,PUMP101.VIBRATION_RMS,1.436,mm/s,BAD
2024-10-04 12:00:00,PUMP101.VIBRATION_RMS,3.186,mm/s,GOOD
2024-10-04 14:00:00,PUMP101.VIBRATION_RMS,2.952,mm/s,GOOD
2024-10-04 16:00:00,PUMP101.VIBRATION_RMS,1.975,mm/s,GOOD
2024-10-04 18:00:00,PUMP101.VIBRATION_RMS,2.499,mm/s,GOOD
2024-10-04 20:00:00,PUMP101.VIBRATION_RMS,3.01,mm/s,GOOD
2024-10-04 22:00:00,PUMP101.VIBRATION_RMS,2.71,mm/s,GOOD
2024-10-05 00:00:00,PUMP101.VIBRATION_RMS,2.574,mm/s,GOOD
2024-10-05 02:00:00,PUMP101.VIBRATION_RMS,3.048,mm/s,GOOD
2024-10-05 04:00:00,PUMP101.VIBRATION_RMS,2.135,mm/s,GOOD
2024-10-05 06:00:00,PUMP101.VIBRATION_RMS,2.516,mm/s,GOOD
2024-10-05 08:00:00,PUMP101.VIBRATION_RMS,2.491,mm/s,GOOD
2024-10-05 10:00:00,PUMP101.VIBRATION_RMS,2.364,mm/s,GOOD
2024-10-05 12:00:00,PUMP101.VIBRATION_RMS,2.305,mm/s,GOOD
2024-10-05 14:00:00,PUMP101.VIBRATION_RMS,2.536,mm/s,GOOD
2024-10-05 16:00:00,PUMP101.VIBRATION_RMS,2.517,mm/s,GOOD
2024-10-05 18:00:00,PUMP101.VIBRATION_RMS,1.976,mm/s,GOOD
2024-10-05 20:00:00,PUMP101.VIBRATION_RMS,2.901,mm/s,GOOD
2024-10-05 22:00:00,PUMP101.VIBRATION_RMS,2.012,mm/s,GOOD
2024-10-06 00:00:00,PUMP101.VIBRATION_RMS,2.391,mm/s,GOOD
2024-10-06 02:00:00,PUMP101.VIBRATION_RMS,2.352,mm/s,GOOD
2024-10-06 04:00:00,PUMP101.VIBRATION_RMS,2.679,mm/s,GOOD
2024-10-06 06:00:00,PUMP101.VIBRATION_RMS,1.44,mm/s,GOOD
2024-10-06 08:00:00,PUMP101.VIBRATION_RMS,2.945,mm/s,GOOD
2024-10-06 10:00:00,PUMP101.VIBRATION_RMS,2.162,mm/s,GOOD
2024-10-06 12:00:00,PUMP101.VIBRATION_RMS,3.11,mm/s,GOOD
2024-10-06 14:00:00,PUMP101.VIBRATION_RMS,2.261,mm/s,GOOD
2024-10-06 16:00:00,PUMP101.VIBRATION_RMS,2.476,mm/s,GOOD
2024-10-06 18:00:00,PUMP101.VIBRATION_RMS,3.457,mm/s,GOOD
2024-10-06 20:00:00,PUMP101.VIBRATION_RMS,2.361,mm/s,GOOD
2024-10-06 22:00:00,PUMP101.VIBRATION_RMS,3.119,mm/s,GOOD
2024-10-07 00:00:00,PUMP101.VIBRATION_RMS,2.52,mm/s,GOOD
2024-10-07 02:00:00,PUMP101.VIBRATION_RMS,2.708,mm/s,GOOD
2024-10-07 04:00:00,PUMP101.VIBRATION_RMS,2.535,mm/s,GOOD
2024-10-07 06:00:00,PUMP101.VIBRATION_RMS,2.924,mm/s,GOOD
2024-10-07 08:00:00,PUMP101.VIBRATION_RMS,2.157,mm/s,GOOD
2024-10-07 10:00:00,PUMP101.VIBRATION_RMS,2.008,mm/s,GOOD
2024-10-07 12:00:00,PUMP101.VIBRATION_RMS,2.181,mm/s,GOOD
2024-10-07 14:00:00,PUMP101.VIBRATION_RMS,2.55,mm/s,GOOD
2024-10-07 16:00:00,PUMP101.VIBRATION_RMS,2.39,mm/s,GOOD
2024-10-07 18:00:00,PUMP101.VIBRATION_RMS,2.855,mm/s,GOOD
2024-10-07 20:00:00,PUMP101.VIBRATION_RMS,3.152,mm/s,GOOD
2024-10-07 22:00:00,PUMP101.VIBRATION_RMS,2.012,mm/s,GOOD
2024-10-08 00:00:00,PUMP101.VIBRATION_RMS,2.133,mm/s,GOOD
2024-10-08 02:00:00,PUMP101.VIBRATION_RMS,1.782,mm/s,GOOD
2024-10-08 04:00:00,PUMP101.VIBRATION_RMS,3.515,mm/s,GOOD
2024-10-08 06:00:00,PUMP101.VIBRATION_RMS,2.652,mm/s,GOOD
2024-10-08 08:00:00,PUMP101.VIBRATION_RMS,2.74,mm/s,GOOD
2024-10-08 10:00:00,PUMP101.VIBRATION_RMS,1.83,mm/s,GOOD
2024-10-08 12:00:00,PUMP101.VIBRATION_RMS,2.499,mm/s,GOOD
2024-10-08 14:00:00,PUMP101.VIBRATION_RMS,2.755,mm/s,GOOD
2024-10-08 16:00:00,PUMP101.VIBRATION_RMS,2.374,mm/s,GOOD
2024-10-08 18:00:00,PUMP101.VIBRATION_RMS,3.038,mm/s,GOOD
2024-10-08 20:00:00,PUMP101.VIBRATION_RMS,3.656,mm/s,GOOD
2024-10-08 22:00:00,PUMP101.VIBRATION_RMS,2.026,mm/s,GOOD
2024-10-09 00:00:00,PUMP101.VIBRATION_RMS,1.989,mm/s,GOOD
2024-10-09 02:00:00,PUMP101.VIBRATION_RMS,2.061,mm/s,GOOD
2024-10-09 04:00:00,PUMP101.VIBRATION_RMS,3.303,mm/s,GOOD
2024-10-09 06:00:00,PUMP101.VIBRATION_RMS,3.021,mm/s,GOOD
2024-10-09 08:00:00,PUMP101.VIBRATION_RMS,2.432,mm/s,GOOD
2024-10-09 10:00:00,PUMP101.VIBRATION_RMS,2.518,mm/s,GOOD
2024-10-09 12:00:00,PUMP101.VIBRATION_RMS,2.092,mm/s,GOOD
2024-10-09 14:00:00,PUMP101.VIBRATION_RMS,2.945,mm/s,GOOD
2024-10-09 16:00:00,PUMP101.VIBRATION_RMS,2.31,mm/s,GOOD
2024-10-09 18:00:00,PUMP101.VIBRATION_RMS,2.37,mm/s,GOOD
2024-10-09 20:00:00,PUMP101.VIBRATION_RMS,2.804,mm/s,GOOD
2024-10-09 22:00:00,PUMP101.VIBRATION_RMS,2.406,mm/s,GOOD
2024-10-10 00:00:00,PUMP101.VIBRATION_RMS,2.383,mm/s,GOOD
2024-10-10 02:00:00,PUMP101.VIBRATION_RMS,2.505,mm/s,GOOD
2024-10-10 04:00:00,PUMP101.VIBRATION_RMS,2.898,mm/s,GOOD
2024-10-10 06:00:00,PUMP101.VIBRATION_RMS,3.323,mm/s,GOOD
2024-10-10 08:00:00,PUMP101.VIBRATION_RMS,2.793,mm/s,GOOD
2024-10-10 10:00:00,PUMP101.VIBRATION_RMS,2.902,mm/s,GOOD
2024-10-10 12:00:00,PUMP101.VIBRATION_RMS,2.4,mm/s,GOOD
2024-10-10 14:00:00,PUMP101.VIBRATION_RMS,2.146,mm/s,GOOD
2024-10-10 16:00:00,PUMP101.VIBRATION_RMS,2.827,mm/s,GOOD
2024-10-10 18:00:00,PUMP101.VIBRATION_RMS,2.586,mm/s,GOOD
2024-10-10 20:00:00,PUMP101.VIBRATION_RMS,1.789,mm/s,GOOD
2024-10-10 22:00:00,PUMP101.VIBRATION_RMS,2.336,mm/s,GOOD
2024-10-11 00:00:00,PUMP101.VIBRATION_RMS,2.459,mm/s,GOOD
2024-10-11 02:00:00,PUMP101.VIBRATION_RMS,2.245,mm/s,GOOD
2024-10-11 04:00:00,PUMP101.VIBRATION_RMS,3.241,mm/s,GOOD
2024-10-11 06:00:00,PUMP101.VIBRATION_RMS,2.74,mm/s,GOOD
2024-10-11 08:00:00,PUMP101.VIBRATION_RMS,3.187,mm/s,GOOD
2024-10-11 10:00:00,PUMP101.VIBRATION_RMS,2.632,mm/s,GOOD
2024-10-11 12:00:00,PUMP101.VIBRATION_RMS,2.541,mm/s,GOOD
2024-10-11 14:00:00,PUMP101.VIBRATION_RMS,2.032,mm/s,GOOD
2024-10-11 16:00:00,PUMP101.VIBRATION_RMS,2.506,mm/s,GOOD
2024-10-11 18:00:00,PUMP101.VIBRATION_RMS,2.507,mm/s,GOOD
2024-10-11 20:00:00,PUMP101.VIBRATION_RMS,1.816,mm/s,GOOD
2024-10-11 22:00:00,PUMP101.VIBRATION_RMS,2.23,mm/s,GOOD
2024-10-12 00:00:00,PUMP101.VIBRATION_RMS,2.338,mm/s,GOOD
2024-10-12 02:00:00,PUMP101.VIBRATION_RMS,2.707,mm/s,GOOD
2024-10-12 04:00:00,PUMP101.VIBRATION_RMS,2.731,mm/s,GOOD
2024-10-12 06:00:00,PUMP101.VIBRATION_RMS,2.209,mm/s,GOOD
2024-10-12 08:00:00,PUMP101.VIBRATION_RMS,2.734,mm/s,GOOD
2024-10-12 10:00:00,PUMP101.VIBRATION_RMS,2.409,mm/s,GOOD
2024-10-12 12:00:00,PUMP101.VIBRATION_RMS,1.065,mm/s,GOOD
2024-10-12 14:00:00,PUMP101.VIBRATION_RMS,2.258,mm/s,GOOD
2024-10-12 16:00:00,PUMP101.VIBRATION_RMS,3.039,mm/s,GOOD
2024-10-12 18:00:00,PUMP101.VIBRATION_RMS,1.659,mm/s,GOOD
2024-10-12 20:00:00,PUMP101.VIBRATION_RMS,2.556,mm/s,BAD
2024-10-12 22:00:00,PUMP101.VIBRATION_RMS,3.293,mm/s,GOOD
2024-10-13 00:00:00,PUMP101.VIBRATION_RMS,2.12,mm/s,GOOD
2024-10-13 02:00:00,PUMP101.VIBRATION_RMS,2.501,mm/s,GOOD
2024-10-13 04:00:00,PUMP101.VIBRATION_RMS,1.848,mm/s,GOOD
2024-10-13 06:00:00,PUMP101.VIBRATION_RMS,3.314,mm/s,GOOD
2024-10-13 08:00:00,PUMP101.VIBRATION_RMS,2.458,mm/s,GOOD
2024-10-13 10:00:00,PUMP101.VIBRATION_RMS,2.523,mm/s,GOOD
2024-10-13 12:00:00,PUMP101.VIBRATION_RMS,3.177,mm/s,GOOD
2024-10-13 14:00:00,PUMP101.VIBRATION_RMS,2.831,mm/s,GOOD
2024-10-13 16:00:00,PUMP101.VIBRATION_RMS,2.062,mm/s,GOOD
2024-10-13 18:00:00,PUMP101.VIBRATION_RMS,2.176,mm/s,GOOD
2024-10-13 20:00:00,PUMP101.VIBRATION_RMS,2.747,mm/s,GOOD
2024-10-13 22:00:00,PUMP101.VIBRATION_RMS,2.188,mm/s,GOOD
2024-10-14 00:00:00,PUMP101.VIBRATION_RMS,1.441,mm/s,GOOD
2024-10-14 02:00:00,PUMP101.VIBRATION_RMS,2.473,mm/s,GOOD
2024-10-14 04:00:00,PUMP101.VIBRATION_RMS,1.76,mm/s,GOOD
2024-10-14 06:00:00,PUMP101.VIBRATION_RMS,3.308,mm/s,GOOD
2024-10-14 08:00:00,PUMP101.VIBRATION_RMS,2.588,mm/s,GOOD
2024-10-14 10:00:00,PUMP101.VIBRATION_RMS,2.047,mm/s,GOOD
2024-10-14 12:00:00,PUMP101.VIBRATION_RMS,2.151,mm/s,GOOD
2024-10-14 14:00:00,PUMP101.VIBRATION_RMS,1.555,mm/s,GOOD
2024-10-14 16:00:00,PUMP101.VIBRATION_RMS,1.95,mm/s,GOOD
2024-10-14 18:00:00,PUMP101.VIBRATION_RMS,3.008,mm/s,GOOD
2024-10-14 20:00:00,PUMP101.VIBRATION_RMS,3.616,mm/s,GOOD
2024-10-14 22:00:00,PUMP101.VIBRATION_RMS,2.863,mm/s,GOOD
2024-10-15 00:00:00,PUMP101.VIBRATION_RMS,2.454,mm/s,GOOD
2024-10-15 02:00:00,PUMP101.VIBRATION_RMS,2.284,mm/s,GOOD
2024-10-15 04:00:00,PUMP101.VIBRATION_RMS,2.022,mm/s,GOOD
2024-10-15 06:00:00,PUMP101.VIBRATION_RMS,3.53,mm/s,GOOD
2024-10-15 08:00:00,PUMP101.VIBRATION_RMS,2.406,mm/s,GOOD
2024-10-15 10:00:00,PUMP101.VIBRATION_RMS,3.558,mm/s,GOOD
2024-10-15 12:00:00,PUMP101.VIBRATION_RMS,3.197,mm/s,GOOD
2024-10-15 14:00:00,PUMP101.VIBRATION_RMS,1.63,mm/s,GOOD
2024-10-15 16:00:00,PUMP101.VIBRATION_RMS,2.167,mm/s,GOOD
2024-10-15 18:00:00,PUMP101.VIBRATION_RMS,2.165,mm/s,GOOD
2024-10-15 20:00:00,PUMP101.VIBRATION_RMS,2.46,mm/s,GOOD
2024-10-15 22:00:00,PUMP101.VIBRATION_RMS,2.47,mm/s,GOOD
2024-10-16 00:00:00,PUMP101.VIBRATION_RMS,3.998,mm/s,GOOD
2024-10-16 02:00:00,PUMP101.VIBRATION_RMS,1.961,mm/s,GOOD
2024-10-16 04:00:00,PUMP101.VIBRATION_RMS,2.614,mm/s,GOOD
2024-10-16 06:00:00,PUMP101.VIBRATION_RMS,2.808,mm/s,GOOD
2024-10-16 08:00:00,PUMP101.VIBRATION_RMS,2.499,mm/s,GOOD
2024-10-16 10:00:00,PUMP101.VIBRATION_RMS,2.555,mm/s,GOOD
2024-10-16 12:00:00,PUMP101.VIBRATION_RMS,1.978,mm/s,GOOD
2024-10-16 14:00:00,PUMP101.VIBRATION_RMS,2.553,mm/s,GOOD
2024-10-16 16:00:00,PUMP101.VIBRATION_RMS,2.756,mm/s,GOOD
2024-10-16 18:00:00,PUMP101.VIBRATION_RMS,2.664,mm/s,GOOD
2024-10-16 20:00:00,PUMP101.VIBRATION_RMS,2.785,mm/s,GOOD
2024-10-16 22:00:00,PUMP101.VIBRATION_RMS,3.206,mm/s,GOOD
2024-10-17 00:00:00,PUMP101.VIBRATION_RMS,2.968,mm/s,GOOD
2024-10-17 02:00:00,PUMP101.VIBRATION_RMS,2.536,mm/s,GOOD
2024-10-17 04:00:00,PUMP101.VIBRATION_RMS,1.914,mm/s,GOOD
2024-10-17 06:00:00,PUMP101.VIBRATION_RMS,2.2,mm/s,GOOD
2024-10-17 08:00:00,PUMP101.VIBRATION_RMS,2.39,mm/s,GOOD
2024-10-17 10:00:00,PUMP101.VIBRATION_RMS,2.626,mm/s,GOOD
2024-10-17 12:00:00,PUMP101.VIBRATION_RMS,2.261,mm/s,GOOD
2024-10-17 14:00:00,PUMP101.VIBRATION_RMS,2.032,mm/s,GOOD
2024-10-17 16:00:00,PUMP101.VIBRATION_RMS,1.906,mm/s,GOOD
2024-10-17 18:00:00,PUMP101.VIBRATION_RMS,1.674,mm/s,GOOD
2024-10-17 20:00:00,PUMP101.VIBRATION_RMS,2.383,mm/s,GOOD
2024-10-17 22:00:00,PUMP101.VIBRATION_RMS,1.765,mm/s,GOOD
2024-10-18 00:00:00,PUMP101.VIBRATION_RMS,2.0,mm/s,BAD
2024-10-18 02:00:00,PUMP101.VIBRATION_RMS,2.303,mm/s,GOOD
2024-10-18 04:00:00,PUMP101.VIBRATION_RMS,1.832,mm/s,GOOD
2024-10-18 06:00:00,PUMP101.VIBRATION_RMS,2.69,mm/s,GOOD
2024-10-18 08:00:00,PUMP101.VIBRATION_RMS,2.87,mm/s,GOOD
2024-10-18 10:00:00,PUMP101.VIBRATION_RMS,2.225,mm/s,GOOD
2024-10-18 12:00:00,PUMP101.VIBRATION_RMS,2.281,mm/s,GOOD
2024-10-18 14:00:00,PUMP101.VIBRATION_RMS,2.769,mm/s,GOOD
2024-10-18 16:00:00,PUMP101.VIBRATION_RMS,2.143,mm/s,GOOD
2024-10-18 18:00:00,PUMP101.VIBRATION_RMS,2.109,mm/s,GOOD
2024-10-18 20:00:00,PUMP101.VIBRATION_RMS,3.098,mm/s,GOOD
2024-10-18 22:00:00,PUMP101.VIBRATION_RMS,2.942,mm/s,GOOD
2024-10-19 00:00:00,PUMP101.VIBRATION_RMS,2.801,mm/s,GOOD
2024-10-19 02:00:00,PUMP101.VIBRATION_RMS,2.963,mm/s,GOOD
2024-10-19 04:00:00,PUMP101.VIBRATION_RMS,1.511,mm/s,GOOD
2024-10-19 06:00:00,PUMP101.VIBRATION_RMS,3.177,mm/s,GOOD
2024-10-19 08:00:00,PUMP101.VIBRATION_RMS,2.696,mm/s,GOOD
2024-10-19 10:00:00,PUMP101.VIBRATION_RMS,3.005,mm/s,GOOD
2024-10-19 12:00:00,PUMP101.VIBRATION_RMS,2.694,mm/s,GOOD
2024-10-19 14:00:00,PUMP101.VIBRATION_RMS,2.524,mm/s,GOOD
2024-10-19 16:00:00,PUMP101.VIBRATION_RMS,2.362,mm/s,GOOD
2024-10-19 18:00:00,PUMP101.VIBRATION_RMS,2.684,mm/s,GOOD
2024-10-19 20:00:00,PUMP101.VIBRATION_RMS,2.344,mm/s,GOOD
2024-10-19 22:00:00,PUMP101.VIBRATION_RMS,2.934,mm/s,GOOD
2024-10-20 00:00:00,PUMP101.VIBRATION_RMS,1.707,mm/s,GOOD
2024-10-20 02:00:00,PUMP101.VIBRATION_RMS,2.229,mm/s,GOOD
2024-10-20 04:00:00,PUMP101.VIBRATION_RMS,3.522,mm/s,GOOD
2024-10-20 06:00:00,PUMP101.VIBRATION_RMS,2.187,mm/s,GOOD
2024-10-20 08:00:00,PUMP101.VIBRATION_RMS,2.381,mm/s,GOOD
2024-10-20 10:00:00,PUMP101.VIBRATION_RMS,2.059,mm/s,GOOD
2024-10-20 12:00:00,PUMP101.VIBRATION_RMS,2.668,mm/s,GOOD
2024-10-20 14:00:00,PUMP101.VIBRATION_RMS,2.132,mm/s,GOOD
2024-10-20 16:00:00,PUMP101.VIBRATION_RMS,2.407,mm/s,GOOD
2024-10-20 18:00:00,PUMP101.VIBRATION_RMS,2.924,mm/s,GOOD
2024-10-20 20:00:00,PUMP101.VIBRATION_RMS,2.151,mm/s,GOOD
2024-10-20 22:00:00,PUMP101.VIBRATION_RMS,2.894,mm/s,GOOD
2024-10-21 00:00:00,PUMP101.VIBRATION_RMS,2.911,mm/s,GOOD
2024-10-21 02:00:00,PUMP101.VIBRATION_RMS,3.027,mm/s,GOOD
2024-10-21 04:00:00,PUMP101.VIBRATION_RMS,2.57,mm/s,GOOD
2024-10-21 06:00:00,PUMP101.VIBRATION_RMS,4.121,mm/s,GOOD
2024-10-21 08:00:00,PUMP101.VIBRATION_RMS,3.027,mm/s,GOOD
2024-10-21 10:00:00,PUMP101.VIBRATION_RMS,2.662,mm/s,GOOD
2024-10-21 12:00:00,PUMP101.VIBRATION_RMS,2.062,mm/s,GOOD
2024-10-21 14:00:00,PUMP101.VIBRATION_RMS,2.451,mm/s,GOOD
2024-10-21 16:00:00,PUMP101.VIBRATION_RMS,3.213,mm/s,GOOD
2024-10-21 18:00:00,PUMP101.VIBRATION_RMS,3.355,mm/s,BAD
2024-10-21 20:00:00,PUMP101.VIBRATION_RMS,3.239,mm/s,GOOD
2024-10-21 22:00:00,PUMP101.VIBRATION_RMS,2.893,mm/s,GOOD
2024-10-22 00:00:00,PUMP101.VIBRATION_RMS,1.872,mm/s,GOOD
2024-10-22 02:00:00,PUMP101.VIBRATION_RMS,2.744,mm/s,GOOD
2024-10-22 04:00:00,PUMP101.VIBRATION_RMS,1.879,mm/s,GOOD
2024-10-22 06:00:00,PUMP101.VIBRATION_RMS,1.756,mm/s,GOOD
2024-10-22 08:00:00,PUMP101.VIBRATION_RMS,2.62,mm/s,GOOD
2024-10-22 10:00:00,PUMP101.VIBRATION_RMS,2.762,mm/s,GOOD
2024-10-22 12:00:00,PUMP101.VIBRATION_RMS,2.952,mm/s,GOOD
2024-10-22 14:00:00,PUMP101.VIBRATION_RMS,2.749,mm/s,GOOD
2024-10-22 16:00:00,PUMP101.VIBRATION_RMS,2.766,mm/s,GOOD
2024-10-22 18:00:00,PUMP101.VIBRATION_RMS,2.008,mm/s,GOOD
2024-10-22 20:00:00,PUMP101.VIBRATION_RMS,2.448,mm/s,GOOD
2024-10-22 22:00:00,PUMP101.VIBRATION_RMS,1.746,mm/s,GOOD
2024-10-23 00:00:00,PUMP101.VIBRATION_RMS,1.498,mm/s,GOOD
2024-10-23 02:00:00,PUMP101.VIBRATION_RMS,2.87,mm/s,GOOD
2024-10-23 04:00:00,PUMP101.VIBRATION_RMS,2.123,mm/s,GOOD
2024-10-23 06:00:00,PUMP101.VIBRATION_RMS,2.936,mm/s,GOOD
2024-10-23 08:00:00,PUMP101.VIBRATION_RMS,3.054,mm/s,GOOD
2024-10-23 10:00:00,PUMP101.VIBRATION_RMS,2.19,mm/s,GOOD
2024-10-23 12:00:00,PUMP101.VIBRATION_RMS,2.795,mm/s,GOOD
2024-10-23 14:00:00,PUMP101.VIBRATION_RMS,2.169,mm/s,GOOD
2024-10-23 16:00:00,PUMP101.VIBRATION_RMS,1.577,mm/s,GOOD
2024-10-23 18:00:00,PUMP101.VIBRATION_RMS,2.562,mm/s,GOOD
2024-10-23 20:00:00,PUMP101.VIBRATION_RMS,2.265,mm/s,GOOD
2024-10-23 22:00:00,PUMP101.VIBRATION_RMS,2.28,mm/s,GOOD
2024-10-24 00:00:00,PUMP101.VIBRATION_RMS,3.488,mm/s,GOOD
2024-10-24 02:00:00,PUMP101.VIBRATION_RMS,1.737,mm/s,GOOD
2024-10-24 04:00:00,PUMP101.VIBRATION_RMS,2.691,mm/s,GOOD
2024-10-24 06:00:00,PUMP101.VIBRATION_RMS,2.003,mm/s,GOOD
2024-10-24 08:00:00,PUMP101.VIBRATION_RMS,2.954,mm/s,GOOD
2024-10-24 10:00:00,PUMP101.VIBRATION_RMS,2.649,mm/s,GOOD
2024-10-24 12:00:00,PUMP101.VIBRATION_RMS,2.69,mm/s,GOOD
2024-10-24 14:00:00,PUMP101.VIBRATION_RMS,2.028,mm/s,GOOD
2024-10-24 16:00:00,PUMP101.VIBRATION_RMS,2.117,mm/s,GOOD
2024-10-24 18:00:00,PUMP101.VIBRATION_RMS,2.964,mm/s,GOOD
2024-10-24 20:00:00,PUMP101.VIBRATION_RMS,3.385,mm/s,GOOD
2024-10-24 22:00:00,PUMP101.VIBRATION_RMS,2.74,mm/s,GOOD
2024-10-25 00:00:00,PUMP101.VIBRATION_RMS,2.051,mm/s,GOOD
2024-10-25 02:00:00,PUMP101.VIBRATION_RMS,2.669,mm/s,GOOD
2024-10-25 04:00:00,PUMP101.VIBRATION_RMS,3.714,mm/s,BAD
2024-10-25 06:00:00,PUMP101.VIBRATION_RMS,2.551,mm/s,GOOD
2024-10-25 08:00:00,PUMP101.VIBRATION_RMS,3.231,mm/s,GOOD
2024-10-25 10:00:00,PUMP101.VIBRATION_RMS,2.13,mm/s,GOOD
2024-10-25 12:00:00,PUMP101.VIBRATION_RMS,2.479,mm/s,GOOD
2024-10-25 14:00:00,PUMP101.VIBRATION_RMS,2.81,mm/s,GOOD
2024-10-25 16:00:00,PUMP101.VIBRATION_RMS,2.699,mm/s,GOOD
2024-10-25 18:00:00,PUMP101.VIBRATION_RMS,2.117,mm/s,GOOD
2024-10-25 20:00:00,PUMP101.VIBRATION_RMS,2.095,mm/s,GOOD
2024-10-25 22:00:00,PUMP101.VIBRATION_RMS,2.994,mm/s,GOOD
2024-10-26 00:00:00,PUMP101.VIBRATION_RMS,3.096,mm/s,GOOD
2024-10-26 02:00:00,PUMP101.VIBRATION_RMS,3.256,mm/s,GOOD
2024-10-26 04:00:00,PUMP101.VIBRATION_RMS,3.402,mm/s,GOOD
2024-10-26 06:00:00,PUMP101.VIBRATION_RMS,2.567,mm/s,GOOD
2024-10-26 08:00:00,PUMP101.VIBRATION_RMS,2.344,mm/s,GOOD
2024-10-26 10:00:00,PUMP101.VIBRATION_RMS,3.175,mm/s,GOOD
2024-10-26 12:00:00,PUMP101.VIBRATION_RMS,2.857,mm/s,GOOD
2024-10-26 14:00:00,PUMP101.VIBRATION_RMS,2.009,mm/s,GOOD
2024-10-26 16:00:00,PUMP101.VIBRATION_RMS,1.983,mm/s,GOOD
2024-10-26 18:00:00,PUMP101.VIBRATION_RMS,2.746,mm/s,GOOD
2024-10-26 20:00:00,PUMP101.VIBRATION_RMS,2.411,mm/s,BAD
2024-10-26 22:00:00,PUMP101.VIBRATION_RMS,2.487,mm/s,GOOD
2024-10-27 00:00:00,PUMP101.VIBRATION_RMS,3.036,mm/s,GOOD
2024-10-27 02:00:00,PUMP101.VIBRATION_RMS,2.88,mm/s,GOOD
2024-10-27 04:00:00,PUMP101.VIBRATION_RMS,3.165,mm/s,GOOD
2024-10-27 06:00:00,PUMP101.VIBRATION_RMS,1.534,mm/s,GOOD
2024-10-27 08:00:00,PUMP101.VIBRATION_RMS,2.627,mm/s,GOOD
2024-10-27 10:00:00,PUMP101.VIBRATION_RMS,2.847,mm/s,GOOD
2024-10-27 12:00:00,PUMP101.VIBRATION_RMS,1.737,mm/s,GOOD
2024-10-27 14:00:00,PUMP101.VIBRATION_RMS,2.173,mm/s,GOOD
2024-10-27 16:00:00,PUMP101.VIBRATION_RMS,2.08,mm/s,GOOD
2024-10-27 18:00:00,PUMP101.VIBRATION_RMS,2.511,mm/s,GOOD
2024-10-27 20:00:00,PUMP101.VIBRATION_RMS,3.314,mm/s,GOOD
2024-10-27 22:00:00,PUMP101.VIBRATION_RMS,3.511,mm/s,GOOD
2024-10-28 00:00:00,PUMP101.VIBRATION_RMS,2.093,mm/s,GOOD
2024-10-28 02:00:00,PUMP101.VIBRATION_RMS,2.763,mm/s,GOOD
2024-10-28 04:00:00,PUMP101.VIBRATION_RMS,2.779,mm/s,GOOD
2024-10-28 06:00:00,PUMP101.VIBRATION_RMS,2.694,mm/s,GOOD
2024-10-28 08:00:00,PUMP101.VIBRATION_RMS,2.699,mm/s,GOOD
2024-10-28 10:00:00,PUMP101.VIBRATION_RMS,2.652,mm/s,GOOD
2024-10-28 12:00:00,PUMP101.VIBRATION_RMS,3.344,mm/s,GOOD
2024-10-28 14:00:00,PUMP101.VIBRATION_RMS,3.051,mm/s,GOOD
2024-10-28 16:00:00,PUMP101.VIBRATION_RMS,1.97,mm/s,GOOD
2024-10-28 18:00:00,PUMP101.VIBRATION_RMS,2.898,mm/s,GOOD
2024-10-28 20:00:00,PUMP101.VIBRATION_RMS,2.946,mm/s,GOOD
2024-10-28 22:00:00,PUMP101.VIBRATION_RMS,2.657,mm/s,GOOD
2024-10-29 00:00:00,PUMP101.VIBRATION_RMS,3.066,mm/s,GOOD
2024-10-29 02:00:00,PUMP101.VIBRATION_RMS,2.594,mm/s,GOOD
2024-10-29 04:00:00,PUMP101.VIBRATION_RMS,2.6,mm/s,GOOD
2024-10-29 06:00:00,PUMP101.VIBRATION_RMS,2.561,mm/s,GOOD
2024-10-29 08:00:00,PUMP101.VIBRATION_RMS,1.491,mm/s,GOOD
2024-10-29 10:00:00,PUMP101.VIBRATION_RMS,2.46,mm/s,GOOD
2024-10-29 12:00:00,PUMP101.VIBRATION_RMS,2.166,mm/s,GOOD
2024-10-29 14:00:00,PUMP101.VIBRATION_RMS,1.907,mm/s,GOOD
2024-10-29 16:00:00,PUMP101.VIBRATION_RMS,3.217,mm/s,GOOD
2024-10-29 18:00:00,PUMP101.VIBRATION_RMS,2.752,mm/s,GOOD
2024-10-29 20:00:00,PUMP101.VIBRATION_RMS,2.485,mm/s,GOOD
2024-10-29 22:00:00,PUMP101.VIBRATION_RMS,2.218,mm/s,GOOD
2024-10-30 00:00:00,PUMP101.VIBRATION_RMS,2.648,mm/s,GOOD
2024-10-30 02:00:00,PUMP101.VIBRATION_RMS,2.996,mm/s,GOOD
2024-10-30 04:00:00,PUMP101.VIBRATION_RMS,2.087,mm/s,GOOD
2024-10-30 06:00:00,PUMP101.VIBRATION_RMS,2.498,mm/s,GOOD
2024-10-30 08:00:00,PUMP101.VIBRATION_RMS,2.934,mm/s,BAD
2024-10-30 10:00:00,PUMP101.VIBRATION_RMS,1.532,mm/s,GOOD
2024-10-30 12:00:00,PUMP101.VIBRATION_RMS,2.471,mm/s,GOOD
2024-10-30 14:00:00,PUMP101.VIBRATION_RMS,2.285,mm/s,GOOD
2024-10-30 16:00:00,PUMP101.VIBRATION_RMS,2.433,mm/s,GOOD
2024-10-30 18:00:00,PUMP101.VIBRATION_RMS,2.249,mm/s,GOOD
2024-10-30 20:00:00,PUMP101.VIBRATION_RMS,2.569,mm/s,GOOD
2024-10-30 22:00:00,PUMP101.VIBRATION_RMS,3.462,mm/s,GOOD
2024-10-31 00:00:00,PUMP101.VIBRATION_RMS,2.338,mm/s,GOOD
2024-10-31 02:00:00,PUMP101.VIBRATION_RMS,2.646,mm/s,GOOD
2024-10-31 04:00:00,PUMP101.VIBRATION_RMS,3.497,mm/s,GOOD
2024-10-31 06:00:00,PUMP101.VIBRATION_RMS,2.225,mm/s,GOOD
2024-10-31 08:00:00,PUMP101.VIBRATION_RMS,3.407,mm/s,GOOD
2024-10-31 10:00:00,PUMP101.VIBRATION_RMS,2.503,mm/s,GOOD
2024-10-31 12:00:00,PUMP101.VIBRATION_RMS,3.391,mm/s,GOOD
2024-10-31 14:00:00,PUMP101.VIBRATION_RMS,2.875,mm/s,GOOD
2024-10-31 16:00:00,PUMP101.VIBRATION_RMS,2.654,mm/s,GOOD
2024-10-31 18:00:00,PUMP101.VIBRATION_RMS,2.467,mm/s,GOOD
2024-10-31 20:00:00,PUMP101.VIBRATION_RMS,2.188,mm/s,GOOD
2024-10-31 22:00:00,PUMP101.VIBRATION_RMS,2.538,mm/s,GOOD
2024-11-01 00:00:00,PUMP101.VIBRATION_RMS,2.949,mm/s,GOOD
2024-11-01 02:00:00,PUMP101.VIBRATION_RMS,2.493,mm/s,GOOD
2024-11-01 04:00:00,PUMP101.VIBRATION_RMS,2.342,mm/s,GOOD
2024-11-01 06:00:00,PUMP101.VIBRATION_RMS,2.375,mm/s,GOOD
2024-11-01 08:00:00,PUMP101.VIBRATION_RMS,2.996,mm/s,GOOD
2024-11-01 10:00:00,PUMP101.VIBRATION_RMS,3.113,mm/s,GOOD
2024-11-01 12:00:00,PUMP101.VIBRATION_RMS,2.166,mm/s,GOOD
2024-11-01 14:00:00,PUMP101.VIBRATION_RMS,2.166,mm/s,GOOD
2024-11-01 16:00:00,PUMP101.VIBRATION_RMS,2.69,mm/s,GOOD
2024-11-01 18:00:00,PUMP101.VIBRATION_RMS,3.264,mm/s,GOOD
2024-11-01 20:00:00,PUMP101.VIBRATION_RMS,3.073,mm/s,GOOD
2024-11-01 22:00:00,PUMP101.VIBRATION_RMS,1.874,mm/s,GOOD
2024-11-02 00:00:00,PUMP101.VIBRATION_RMS,2.368,mm/s,GOOD
2024-11-02 02:00:00,PUMP101.VIBRATION_RMS,2.035,mm/s,GOOD
2024-11-02 04:00:00,PUMP101.VIBRATION_RMS,2.366,mm/s,GOOD
2024-11-02 06:00:00,PUMP101.VIBRATION_RMS,3.302,mm/s,GOOD
2024-11-02 08:00:00,PUMP101.VIBRATION_RMS,1.789,mm/s,GOOD
2024-11-02 10:00:00,PUMP101.VIBRATION_RMS,1.691,mm/s,GOOD
2024-11-02 12:00:00,PUMP101.VIBRATION_RMS,2.086,mm/s,GOOD
2024-11-02 14:00:00,PUMP101.VIBRATION_RMS,2.644,mm/s,GOOD
2024-11-02 16:00:00,PUMP101.VIBRATION_RMS,2.81,mm/s,GOOD
2024-11-02 18:00:00,PUMP101.VIBRATION_RMS,2.719,mm/s,GOOD
2024-11-02 20:00:00,PUMP101.VIBRATION_RMS,3.088,mm/s,GOOD
2024-11-02 22:00:00,PUMP101.VIBRATION_RMS,1.618,mm/s,GOOD
2024-11-03 00:00:00,PUMP101.VIBRATION_RMS,3.094,mm/s,GOOD
2024-11-03 02:00:00,PUMP101.VIBRATION_RMS,2.344,mm/s,GOOD
2024-11-03 04:00:00,PUMP101.VIBRATION_RMS,2.866,mm/s,GOOD
2024-11-03 06:00:00,PUMP101.VIBRATION_RMS,1.838,mm/s,GOOD
2024-11-03 08:00:00,PUMP101.VIBRATION_RMS,2.502,mm/s,GOOD
2024-11-03 10:00:00,PUMP101.VIBRATION_RMS,2.618,mm/s,GOOD
2024-11-03 12:00:00,PUMP101.VIBRATION_RMS,3.078,mm/s,GOOD
2024-11-03 14:00:00,PUMP101.VIBRATION_RMS,1.707,mm/s,GOOD
2024-11-03 16:00:00,PUMP101.VIBRATION_RMS,2.515,mm/s,GOOD
2024-11-03 18:00:00,PUMP101.VIBRATION_RMS,1.957,mm/s,GOOD
2024-11-03 20:00:00,PUMP101.VIBRATION_RMS,2.753,mm/s,GOOD
2024-11-03 22:00:00,PUMP101.VIBRATION_RMS,2.889,mm/s,GOOD
2024-11-04 00:00:00,PUMP101.VIBRATION_RMS,3.144,mm/s,GOOD
2024-11-04 02:00:00,PUMP101.VIBRATION_RMS,2.232,mm/s,GOOD
2024-11-04 04:00:00,PUMP101.VIBRATION_RMS,2.964,mm/s,GOOD
2024-11-04 06:00:00,PUMP101.VIBRATION_RMS,3.18,mm/s,GOOD
2024-11-04 08:00:00,PUMP101.VIBRATION_RMS,1.678,mm/s,GOOD
2024-11-04 10:00:00,PUMP101.VIBRATION_RMS,2.806,mm/s,GOOD
2024-11-04 12:00:00,PUMP101.VIBRATION_RMS,2.979,mm/s,GOOD
2024-11-04 14:00:00,PUMP101.VIBRATION_RMS,2.371,mm/s,GOOD
2024-11-04 16:00:00,PUMP101.VIBRATION_RMS,1.895,mm/s,GOOD
2024-11-04 18:00:00,PUMP101.VIBRATION_RMS,2.971,mm/s,GOOD
2024-11-04 20:00:00,PUMP101.VIBRATION_RMS,1.9,mm/s,GOOD
2024-11-04 22:00:00,PUMP101.VIBRATION_RMS,2.411,mm/s,GOOD
2024-11-05 00:00:00,PUMP101.VIBRATION_RMS,2.48,mm/s,GOOD
2024-11-05 02:00:00,PUMP101.VIBRATION_RMS,2.858,mm/s,GOOD
2024-11-05 04:00:00,PUMP101.VIBRATION_RMS,2.187,mm/s,GOOD
2024-11-05 06:00:00,PUMP101.VIBRATION_RMS,2.158,mm/s,GOOD
2024-11-05 08:00:00,PUMP101.VIBRATION_RMS,2.549,mm/s,GOOD
2024-11-05 10:00:00,PUMP101.VIBRATION_RMS,3.003,mm/s,GOOD
2024-11-05 12:00:00,PUMP101.VIBRATION_RMS,3.644,mm/s,GOOD
2024-11-05 14:00:00,PUMP101.VIBRATION_RMS,1.746,mm/s,GOOD
2024-11-05 16:00:00,PUMP101.VIBRATION_RMS,2.658,mm/s,GOOD
2024-11-05 18:00:00,PUMP101.VIBRATION_RMS,1.957,mm/s,GOOD
2024-11-05 20:00:00,PUMP101.VIBRATION_RMS,3.009,mm/s,GOOD
2024-11-05 22:00:00,PUMP101.VIBRATION_RMS,2.031,mm/s,GOOD
2024-11-06 00:00:00,PUMP101.VIBRATION_RMS,2.163,mm/s,GOOD
2024-11-06 02:00:00,PUMP101.VIBRATION_RMS,2.205,mm/s,GOOD
2024-11-06 04:00:00,PUMP101.VIBRATION_RMS,2.462,mm/s,GOOD
2024-11-06 06:00:00,PUMP101.VIBRATION_RMS,2.662,mm/s,GOOD
2024-11-06 08:00:00,PUMP101.VIBRATION_RMS,2.742,mm/s,GOOD
2024-11-06 10:00:00,PUMP101.VIBRATION_RMS,2.497,mm/s,GOOD
2024-11-06 12:00:00,PUMP101.VIBRATION_RMS,1.835,mm/s,GOOD
2024-11-06 14:00:00,PUMP101.VIBRATION_RMS,2.864,mm/s,GOOD
2024-11-06 16:00:00,PUMP101.VIBRATION_RMS,2.474,mm/s,GOOD
2024-11-06 18:00:00,PUMP101.VIBRATION_RMS,3.081,mm/s,GOOD
2024-11-06 20:00:00,PUMP101.VIBRATION_RMS,2.146,mm/s,GOOD
2024-11-06 22:00:00,PUMP101.VIBRATION_RMS,1.699,mm/s,GOOD
2024-11-07 00:00:00,PUMP101.VIBRATION_RMS,2.483,mm/s,GOOD
2024-11-07 02:00:00,PUMP101.VIBRATION_RMS,3.148,mm/s,GOOD
2024-11-07 04:00:00,PUMP101.VIBRATION_RMS,2.58,mm/s,GOOD
2024-11-07 06:00:00,PUMP101.VIBRATION_RMS,2.4,mm/s,GOOD
2024-11-07 08:00:00,PUMP101.VIBRATION_RMS,2.065,mm/s,GOOD
2024-11-07 10:00:00,PUMP101.VIBRATION_RMS,3.379,mm/s,GOOD
2024-11-07 12:00:00,PUMP101.VIBRATION_RMS,1.985,mm/s,GOOD
2024-11-07 14:00:00,PUMP101.VIBRATION_RMS,2.137,mm/s,GOOD
2024-11-07 16:00:00,PUMP101.VIBRATION_RMS,2.785,mm/s,GOOD
2024-11-07 18:00:00,PUMP101.VIBRATION_RMS,1.572,mm/s,GOOD
2024-11-07 20:00:00,PUMP101.VIBRATION_RMS,3.137,mm/s,GOOD
2024-11-07 22:00:00,PUMP101.VIBRATION_RMS,2.812,mm/s,GOOD
2024-11-08 00:00:00,PUMP101.VIBRATION_RMS,2.95,mm/s,GOOD
2024-11-08 02:00:00,PUMP101.VIBRATION_RMS,2.779,mm/s,GOOD
2024-11-08 04:00:00,PUMP101.VIBRATION_RMS,2.419,mm/s,GOOD
2024-11-08 06:00:00,PUMP101.VIBRATION_RMS,1.968,mm/s,GOOD
2024-11-08 08:00:00,PUMP101.VIBRATION_RMS,2.43,mm/s,GOOD
2024-11-08 10:00:00,PUMP101.VIBRATION_RMS,2.012,mm/s,GOOD
2024-11-08 12:00:00,PUMP101.VIBRATION_RMS,2.743,mm/s,GOOD
2024-11-08 14:00:00,PUMP101.VIBRATION_RMS,2.903,mm/s,GOOD
2024-11-08 16:00:00,PUMP101.VIBRATION_RMS,3.238,mm/s,GOOD
2024-11-08 18:00:00,PUMP101.VIBRATION_RMS,2.686,mm/s,GOOD
2024-11-08 20:00:00,PUMP101.VIBRATION_RMS,2.962,mm/s,GOOD
2024-11-08 22:00:00,PUMP101.VIBRATION_RMS,2.351,mm/s,GOOD
2024-11-09 00:00:00,PUMP101.VIBRATION_RMS,2.261,mm/s,GOOD
2024-11-09 02:00:00,PUMP101.VIBRATION_RMS,2.737,mm/s,GOOD
2024-11-09 04:00:00,PUMP101.VIBRATION_RMS,2.307,mm/s,GOOD
2024-11-09 06:00:00,PUMP101.VIBRATION_RMS,2.635,mm/s,GOOD
2024-11-09 08:00:00,PUMP101.VIBRATION_RMS,1.969,mm/s,GOOD
2024-11-09 10:00:00,PUMP101.VIBRATION_RMS,2.059,mm/s,GOOD
2024-11-09 12:00:00,PUMP101.VIBRATION_RMS,2.818,mm/s,GOOD
2024-11-09 14:00:00,PUMP101.VIBRATION_RMS,2.943,mm/s,GOOD
2024-11-09 16:00:00,PUMP101.VIBRATION_RMS,2.007,mm/s,GOOD
2024-11-09 18:00:00,PUMP101.VIBRATION_RMS,2.835,mm/s,GOOD
2024-11-09 20:00:00,PUMP101.VIBRATION_RMS,2.234,mm/s,GOOD
2024-11-09 22:00:00,PUMP101.VIBRATION_RMS,2.508,mm/s,GOOD
2024-11-10 00:00:00,PUMP101.VIBRATION_RMS,3.208,mm/s,GOOD
2024-11-10 02:00:00,PUMP101.VIBRATION_RMS,2.904,mm/s,GOOD
2024-11-10 04:00:00,PUMP101.VIBRATION_RMS,2.898,mm/s,GOOD
2024-11-10 06:00:00,PUMP101.VIBRATION_RMS,3.454,mm/s,GOOD
2024-11-10 08:00:00,PUMP101.VIBRATION_RMS,2.148,mm/s,GOOD
2024-11-10 10:00:00,PUMP101.VIBRATION_RMS,2.007,mm/s,GOOD
2024-11-10 12:00:00,PUMP101.VIBRATION_RMS,2.139,mm/s,GOOD
2024-11-10 14:00:00,PUMP101.VIBRATION_RMS,2.373,mm/s,GOOD
2024-11-10 16:00:00,PUMP101.VIBRATION_RMS,1.323,mm/s,GOOD
2024-11-10 18:00:00,PUMP101.VIBRATION_RMS,2.396,mm/s,GOOD
2024-11-10 20:00:00,PUMP101.VIBRATION_RMS,2.228,mm/s,GOOD
2024-11-10 22:00:00,PUMP101.VIBRATION_RMS,2.892,mm/s,GOOD
2024-11-11 00:00:00,PUMP101.VIBRATION_RMS,2.676,mm/s,GOOD
2024-11-11 02:00:00,PUMP101.VIBRATION_RMS,2.2,mm/s,GOOD
2024-11-11 04:00:00,PUMP101.VIBRATION_RMS,2.795,mm/s,GOOD
2024-11-11 06:00:00,PUMP101.VIBRATION_RMS,2.862,mm/s,GOOD
2024-11-11 08:00:00,PUMP101.VIBRATION_RMS,2.116,mm/s,GOOD
2024-11-11 10:00:00,PUMP101.VIBRATION_RMS,2.253,mm/s,GOOD
2024-11-11 12:00:00,PUMP101.VIBRATION_RMS,1.387,mm/s,GOOD
2024-11-11 14:00:00,PUMP101.VIBRATION_RMS,1.955,mm/s,GOOD
2024-11-11 16:00:00,PUMP101.VIBRATION_RMS,2.129,mm/s,GOOD
2024-11-11 18:00:00,PUMP101.VIBRATION_RMS,2.537,mm/s,GOOD
2024-11-11 20:00:00,PUMP101.VIBRATION_RMS,2.027,mm/s,GOOD
2024-11-11 22:00:00,PUMP101.VIBRATION_RMS,2.243,mm/s,GOOD
2024-11-12 00:00:00,PUMP101.VIBRATION_RMS,1.887,mm/s,GOOD
2024-11-12 02:00:00,PUMP101.VIBRATION_RMS,2.586,mm/s,GOOD
2024-11-12 04:00:00,PUMP101.VIBRATION_RMS,2.713,mm/s,GOOD
2024-11-12 06:00:00,PUMP101.VIBRATION_RMS,2.701,mm/s,GOOD
2024-11-12 08:00:00,PUMP101.VIBRATION_RMS,2.506,mm/s,GOOD
2024-11-12 10:00:00,PUMP101.VIBRATION_RMS,1.729,mm/s,GOOD
2024-11-12 12:00:00,PUMP101.VIBRATION_RMS,2.19,mm/s,GOOD
2024-11-12 14:00:00,PUMP101.VIBRATION_RMS,2.296,mm/s,GOOD
2024-11-12 16:00:00,PUMP101.VIBRATION_RMS,2.298,mm/s,GOOD
2024-11-12 18:00:00,PUMP101.VIBRATION_RMS,2.537,mm/s,GOOD
2024-11-12 20:00:00,PUMP101.VIBRATION_RMS,3.213,mm/s,GOOD
2024-11-12 22:00:00,PUMP101.VIBRATION_RMS,2.906,mm/s,GOOD
2024-11-13 00:00:00,PUMP101.VIBRATION_RMS,2.006,mm/s,GOOD
2024-11-13 02:00:00,PUMP101.VIBRATION_RMS,2.839,mm/s,GOOD
2024-11-13 04:00:00,PUMP101.VIBRATION_RMS,2.82,mm/s,GOOD
2024-11-13 06:00:00,PUMP101.VIBRATION_RMS,2.097,mm/s,GOOD
2024-11-13 08:00:00,PUMP101.VIBRATION_RMS,2.924,mm/s,GOOD
2024-11-13 10:00:00,PUMP101.VIBRATION_RMS,2.42,mm/s,GOOD
2024-11-13 12:00:00,PUMP101.VIBRATION_RMS,1.795,mm/s,GOOD
2024-11-13 14:00:00,PUMP101.VIBRATION_RMS,2.728,mm/s,GOOD
2024-11-13 16:00:00,PUMP101.VIBRATION_RMS,2.608,mm/s,GOOD
2024-11-13 18:00:00,PUMP101.VIBRATION_RMS,2.386,mm/s,GOOD
2024-11-13 20:00:00,PUMP101.VIBRATION_RMS,2.481,mm/s,GOOD
2024-11-13 22:00:00,PUMP101.VIBRATION_RMS,2.14,mm/s,GOOD
2024-11-14 00:00:00,PUMP101.VIBRATION_RMS,2.805,mm/s,GOOD
2024-11-14 02:00:00,PUMP101.VIBRATION_RMS,2.478,mm/s,GOOD
2024-11-14 04:00:00,PUMP101.VIBRATION_RMS,2.583,mm/s,GOOD
2024-11-14 06:00:00,PUMP101.VIBRATION_RMS,2.679,mm/s,GOOD
2024-11-14 08:00:00,PUMP101.VIBRATION_RMS,1.923,mm/s,GOOD
2024-11-14 10:00:00,PUMP101.VIBRATION_RMS,2.053,mm/s,GOOD
2024-11-14 12:00:00,PUMP101.VIBRATION_RMS,1.395,mm/s,GOOD
2024-11-14 14:00:00,PUMP101.VIBRATION_RMS,2.782,mm/s,GOOD
2024-11-14 16:00:00,PUMP101.VIBRATION_RMS,1.894,mm/s,GOOD
2024-11-14 18:00:00,PUMP101.VIBRATION_RMS,2.566,mm/s,GOOD
2024-11-14 20:00:00,PUMP101.VIBRATION_RMS,2.685,mm/s,GOOD
2024-11-14 22:00:00,PUMP101.VIBRATION_RMS,2.801,mm/s,GOOD
2024-11-15 00:00:00,PUMP101.VIBRATION_RMS,1.898,mm/s,GOOD
2024-11-15 02:00:00,PUMP101.VIBRATION_RMS,2.467,mm/s,GOOD
2024-11-15 04:00:00,PUMP101.VIBRATION_RMS,3.335,mm/s,GOOD
2024-11-15 06:00:00,PUMP101.VIBRATION_RMS,3.357,mm/s,GOOD
2024-11-15 08:00:00,PUMP101.VIBRATION_RMS,2.994,mm/s,GOOD
2024-11-15 10:00:00,PUMP101.VIBRATION_RMS,2.669,mm/s,GOOD
2024-11-15 12:00:00,PUMP101.VIBRATION_RMS,1.997,mm/s,GOOD
2024-11-15 14:00:00,PUMP101.VIBRATION_RMS,2.859,mm/s,GOOD
2024-11-15 16:00:00,PUMP101.VIBRATION_RMS,2.421,mm/s,GOOD
2024-11-15 18:00:00,PUMP101.VIBRATION_RMS,2.78,mm/s,GOOD
2024-11-15 20:00:00,PUMP101.VIBRATION_RMS,2.184,mm/s,GOOD
2024-11-15 22:00:00,PUMP101.VIBRATION_RMS,2.414,mm/s,GOOD
2024-11-16 00:00:00,PUMP101.VIBRATION_RMS,2.582,mm/s,GOOD
2024-11-16 02:00:00,PUMP101.VIBRATION_RMS,2.623,mm/s,GOOD
2024-11-16 04:00:00,PUMP101.VIBRATION_RMS,2.747,mm/s,GOOD
2024-11-16 06:00:00,PUMP101.VIBRATION_RMS,2.21,mm/s,GOOD
2024-11-16 08:00:00,PUMP101.VIBRATION_RMS,1.828,mm/s,GOOD
2024-11-16 10:00:00,PUMP101.VIBRATION_RMS,3.312,mm/s,GOOD
2024-11-16 12:00:00,PUMP101.VIBRATION_RMS,3.745,mm/s,GOOD
2024-11-16 14:00:00,PUMP101.VIBRATION_RMS,2.724,mm/s,GOOD
2024-11-16 16:00:00,PUMP101.VIBRATION_RMS,1.838,mm/s,GOOD
2024-11-16 18:00:00,PUMP101.VIBRATION_RMS,2.113,mm/s,GOOD
2024-11-16 20:00:00,PUMP101.VIBRATION_RMS,2.755,mm/s,GOOD
2024-11-16 22:00:00,PUMP101.VIBRATION_RMS,3.171,mm/s,GOOD
2024-11-17 00:00:00,PUMP101.VIBRATION_RMS,1.894,mm/s,GOOD
2024-11-17 02:00:00,PUMP101.VIBRATION_RMS,2.438,mm/s,GOOD
2024-11-17 04:00:00,PUMP101.VIBRATION_RMS,2.598,mm/s,GOOD
2024-11-17 06:00:00,PUMP101.VIBRATION_RMS,2.932,mm/s,GOOD
2024-11-17 08:00:00,PUMP101.VIBRATION_RMS,2.328,mm/s,GOOD
2024-11-17 10:00:00,PUMP101.VIBRATION_RMS,1.718,mm/s,BAD
2024-11-17 12:00:00,PUMP101.VIBRATION_RMS,2.811,mm/s,GOOD
2024-11-17 14:00:00,PUMP101.VIBRATION_RMS,3.062,mm/s,GOOD
2024-11-17 16:00:00,PUMP101.VIBRATION_RMS,2.459,mm/s,GOOD
2024-11-17 18:00:00,PUMP101.VIBRATION_RMS,2.703,mm/s,GOOD
2024-11-17 20:00:00,PUMP101.VIBRATION_RMS,2.263,mm/s,BAD
2024-11-17 22:00:00,PUMP101.VIBRATION_RMS,2.077,mm/s,GOOD
2024-11-18 00:00:00,PUMP101.VIBRATION_RMS,3.013,mm/s,GOOD
2024-11-18 02:00:00,PUMP101.VIBRATION_RMS,2.694,mm/s,GOOD
2024-11-18 04:00:00,PUMP101.VIBRATION_RMS,2.745,mm/s,GOOD
2024-11-18 06:00:00,PUMP101.VIBRATION_RMS,3.251,mm/s,GOOD
2024-11-18 08:00:00,PUMP101.VIBRATION_RMS,1.973,mm/s,GOOD
2024-11-18 10:00:00,PUMP101.VIBRATION_RMS,2.224,mm/s,GOOD
2024-11-18 12:00:00,PUMP101.VIBRATION_RMS,2.579,mm/s,GOOD
2024-11-18 14:00:00,PUMP101.VIBRATION_RMS,2.218,mm/s,GOOD
2024-11-18 16:00:00,PUMP101.VIBRATION_RMS,2.892,mm/s,GOOD
2024-11-18 18:00:00,PUMP101.VIBRATION_RMS,2.406,mm/s,GOOD
2024-11-18 20:00:00,PUMP101.VIBRATION_RMS,2.004,mm/s,GOOD
2024-11-18 22:00:00,PUMP101.VIBRATION_RMS,2.533,mm/s,GOOD
2024-11-19 00:00:00,PUMP101.VIBRATION_RMS,2.585,mm/s,GOOD
2024-11-19 02:00:00,PUMP101.VIBRATION_RMS,2.967,mm/s,GOOD
2024-11-19 04:00:00,PUMP101.VIBRATION_RMS,2.697,mm/s,GOOD
2024-11-19 06:00:00,PUMP101.VIBRATION_RMS,2.731,mm/s,GOOD
2024-11-19 08:00:00,PUMP101.VIBRATION_RMS,2.66,mm/s,GOOD
2024-11-19 10:00:00,PUMP101.VIBRATION_RMS,2.406,mm/s,GOOD
2024-11-19 12:00:00,PUMP101.VIBRATION_RMS,2.142,mm/s,GOOD
2024-11-19 14:00:00,PUMP101.VIBRATION_RMS,2.644,mm/s,GOOD
2024-11-19 16:00:00,PUMP101.VIBRATION_RMS,2.333,mm/s,GOOD
2024-11-19 18:00:00,PUMP101.VIBRATION_RMS,3.345,mm/s,GOOD
2024-11-19 20:00:00,PUMP101.VIBRATION_RMS,3.171,mm/s,GOOD
2024-11-19 22:00:00,PUMP101.VIBRATION_RMS,2.816,mm/s,GOOD
2024-11-20 00:00:00,PUMP101.VIBRATION_RMS,2.689,mm/s,GOOD
2024-11-20 02:00:00,PUMP101.VIBRATION_RMS,2.456,mm/s,GOOD
2024-11-20 04:00:00,PUMP101.VIBRATION_RMS,1.869,mm/s,GOOD
2024-11-20 06:00:00,PUMP101.VIBRATION_RMS,2.392,mm/s,GOOD
2024-11-20 08:00:00,PUMP101.VIBRATION_RMS,2.551,mm/s,GOOD
2024-11-20 10:00:00,PUMP101.VIBRATION_RMS,2.615,mm/s,GOOD
2024-11-20 12:00:00,PUMP101.VIBRATION_RMS,2.735,mm/s,GOOD
2024-11-20 14:00:00,PUMP101.VIBRATION_RMS,2.961,mm/s,GOOD
2024-11-20 16:00:00,PUMP101.VIBRATION_RMS,2.154,mm/s,GOOD
2024-11-20 18:00:00,PUMP101.VIBRATION_RMS,2.158,mm/s,GOOD
2024-11-20 20:00:00,PUMP101.VIBRATION_RMS,3.225,mm/s,GOOD
2024-11-20 22:00:00,PUMP101.VIBRATION_RMS,2.885,mm/s,GOOD
2024-11-21 00:00:00,PUMP101.VIBRATION_RMS,2.305,mm/s,GOOD
2024-11-21 02:00:00,PUMP101.VIBRATION_RMS,2.446,mm/s,GOOD
2024-11-21 04:00:00,PUMP101.VIBRATION_RMS,2.449,mm/s,GOOD
2024-11-21 06:00:00,PUMP101.VIBRATION_RMS,2.516,mm/s,GOOD
2024-11-21 08:00:00,PUMP101.VIBRATION_RMS,2.736,mm/s,GOOD
2024-11-21 10:00:00,PUMP101.VIBRATION_RMS,3.767,mm/s,GOOD
2024-11-21 12:00:00,PUMP101.VIBRATION_RMS,2.595,mm/s,GOOD
2024-11-21 14:00:00,PUMP101.VIBRATION_RMS,2.831,mm/s,GOOD
2024-11-21 16:00:00,PUMP101.VIBRATION_RMS,1.657,mm/s,GOOD
2024-11-21 18:00:00,PUMP101.VIBRATION_RMS,2.258,mm/s,GOOD
2024-11-21 20:00:00,PUMP101.VIBRATION_RMS,3.114,mm/s,GOOD
2024-11-21 22:00:00,PUMP101.VIBRATION_RMS,2.701,mm/s,GOOD
2024-11-22 00:00:00,PUMP101.VIBRATION_RMS,0.305,mm/s,GOOD
2024-11-22 02:00:00,PUMP101.VIBRATION_RMS,2.837,mm/s,GOOD
2024-11-22 04:00:00,PUMP101.VIBRATION_RMS,3.459,mm/s,GOOD
2024-11-22 06:00:00,PUMP101.VIBRATION_RMS,1.502,mm/s,GOOD
2024-11-22 08:00:00,PUMP101.VIBRATION_RMS,3.26,mm/s,GOOD
2024-11-22 10:00:00,PUMP101.VIBRATION_RMS,1.114,mm/s,GOOD
2024-11-22 12:00:00,PUMP101.VIBRATION_RMS,2.969,mm/s,GOOD
2024-11-22 14:00:00,PUMP101.VIBRATION_RMS,2.496,mm/s,GOOD
2024-11-22 16:00:00,PUMP101.VIBRATION_RMS,1.325,mm/s,GOOD
2024-11-22 18:00:00,PUMP101.VIBRATION_RMS,2.723,mm/s,GOOD
2024-11-22 20:00:00,PUMP101.VIBRATION_RMS,3.075,mm/s,GOOD
2024-11-22 22:00:00,PUMP101.VIBRATION_RMS,2.682,mm/s,GOOD
2024-11-23 00:00:00,PUMP101.VIBRATION_RMS,2.792,mm/s,GOOD
2024-11-23 02:00:00,PUMP101.VIBRATION_RMS,2.294,mm/s,GOOD
2024-11-23 04:00:00,PUMP101.VIBRATION_RMS,1.569,mm/s,GOOD
2024-11-23 06:00:00,PUMP101.VIBRATION_RMS,2.846,mm/s,GOOD
2024-11-23 08:00:00,PUMP101.VIBRATION_RMS,3.375,mm/s,GOOD
2024-11-23 10:00:00,PUMP101.VIBRATION_RMS,3.065,mm/s,GOOD
2024-11-23 12:00:00,PUMP101.VIBRATION_RMS,1.506,mm/s,GOOD
2024-11-23 14:00:00,PUMP101.VIBRATION_RMS,1.743,mm/s,GOOD
2024-11-23 16:00:00,PUMP101.VIBRATION_RMS,2.077,mm/s,GOOD
2024-11-23 18:00:00,PUMP101.VIBRATION_RMS,1.704,mm/s,GOOD
2024-11-23 20:00:00,PUMP101.VIBRATION_RMS,2.522,mm/s,GOOD
2024-11-23 22:00:00,PUMP101.VIBRATION_RMS,2.697,mm/s,GOOD
2024-11-24 00:00:00,PUMP101.VIBRATION_RMS,1.785,mm/s,GOOD
2024-11-24 02:00:00,PUMP101.VIBRATION_RMS,2.889,mm/s,GOOD
2024-11-24 04:00:00,PUMP101.VIBRATION_RMS,2.801,mm/s,GOOD
2024-11-24 06:00:00,PUMP101.VIBRATION_RMS,2.226,mm/s,GOOD
2024-11-24 08:00:00,PUMP101.VIBRATION_RMS,2.414,mm/s,GOOD
2024-11-24 10:00:00,PUMP101.VIBRATION_RMS,1.525,mm/s,GOOD
2024-11-24 12:00:00,PUMP101.VIBRATION_RMS,2.334,mm/s,GOOD
2024-11-24 14:00:00,PUMP101.VIBRATION_RMS,2.504,mm/s,GOOD
2024-11-24 16:00:00,PUMP101.VIBRATION_RMS,2.584,mm/s,GOOD
2024-11-24 18:00:00,PUMP101.VIBRATION_RMS,2.689,mm/s,GOOD
2024-11-24 20:00:00,PUMP101.VIBRATION_RMS,2.622,mm/s,GOOD
2024-11-24 22:00:00,PUMP101.VIBRATION_RMS,2.368,mm/s,GOOD
2024-11-25 00:00:00,PUMP101.VIBRATION_RMS,2.643,mm/s,GOOD
2024-11-25 02:00:00,PUMP101.VIBRATION_RMS,3.001,mm/s,GOOD
2024-11-25 04:00:00,PUMP101.VIBRATION_RMS,2.452,mm/s,GOOD
2024-11-25 06:00:00,PUMP101.VIBRATION_RMS,2.659,mm/s,GOOD
2024-11-25 08:00:00,PUMP101.VIBRATION_RMS,2.407,mm/s,GOOD
2024-11-25 10:00:00,PUMP101.VIBRATION_RMS,2.177,mm/s,GOOD
2024-11-25 12:00:00,PUMP101.VIBRATION_RMS,2.761,mm/s,GOOD
2024-11-25 14:00:00,PUMP101.VIBRATION_RMS,2.222,mm/s,GOOD
2024-11-25 16:00:00,PUMP101.VIBRATION_RMS,2.693,mm/s,GOOD
2024-11-25 18:00:00,PUMP101.VIBRATION_RMS,2.514,mm/s,GOOD
2024-11-25 20:00:00,PUMP101.VIBRATION_RMS,2.348,mm/s,GOOD
2024-11-25 22:00:00,PUMP101.VIBRATION_RMS,2.336,mm/s,GOOD
2024-11-26 00:00:00,PUMP101.VIBRATION_RMS,2.246,mm/s,GOOD
2024-11-26 02:00:00,PUMP101.VIBRATION_RMS,1.677,mm/s,GOOD
2024-11-26 04:00:00,PUMP101.VIBRATION_RMS,2.691,mm/s,GOOD
2024-11-26 06:00:00,PUMP101.VIBRATION_RMS,2.616,mm/s,GOOD
2024-11-26 08:00:00,PUMP101.VIBRATION_RMS,2.925,mm/s,GOOD
2024-11-26 10:00:00,PUMP101.VIBRATION_RMS,2.234,mm/s,GOOD
2024-11-26 12:00:00,PUMP101.VIBRATION_RMS,3.448,mm/s,GOOD
2024-11-26 14:00:00,PUMP101.VIBRATION_RMS,2.31,mm/s,GOOD
2024-11-26 16:00:00,PUMP101.VIBRATION_RMS,2.062,mm/s,GOOD
2024-11-26 18:00:00,PUMP101.VIBRATION_RMS,2.003,mm/s,GOOD
2024-11-26 20:00:00,PUMP101.VIBRATION_RMS,1.633,mm/s,GOOD
2024-11-26 22:00:00,PUMP101.VIBRATION_RMS,3.266,mm/s,GOOD
2024-11-27 00:00:00,PUMP101.VIBRATION_RMS,3.186,mm/s,GOOD
2024-11-27 02:00:00,PUMP101.VIBRATION_RMS,2.8,mm/s,GOOD
2024-11-27 04:00:00,PUMP101.VIBRATION_RMS,2.052,mm/s,GOOD
2024-11-27 06:00:00,PUMP101.VIBRATION_RMS,3.406,mm/s,GOOD
2024-11-27 08:00:00,PUMP101.VIBRATION_RMS,2.324,mm/s,GOOD
2024-11-27 10:00:00,PUMP101.VIBRATION_RMS,2.365,mm/s,GOOD
2024-11-27 12:00:00,PUMP101.VIBRATION_RMS,3.219,mm/s,GOOD
2024-11-27 14:00:00,PUMP101.VIBRATION_RMS,2.829,mm/s,GOOD
2024-11-27 16:00:00,PUMP101.VIBRATION_RMS,3.601,mm/s,GOOD
2024-11-27 18:00:00,PUMP101.VIBRATION_RMS,2.624,mm/s,GOOD
2024-11-27 20:00:00,PUMP101.VIBRATION_RMS,2.301,mm/s,GOOD
2024-11-27 22:00:00,PUMP101.VIBRATION_RMS,2.194,mm/s,GOOD
2024-11-28 00:00:00,PUMP101.VIBRATION_RMS,1.577,mm/s,GOOD
2024-11-28 02:00:00,PUMP101.VIBRATION_RMS,2.361,mm/s,GOOD
2024-11-28 04:00:00,PUMP101.VIBRATION_RMS,3.072,mm/s,GOOD
2024-11-28 06:00:00,PUMP101.VIBRATION_RMS,2.799,mm/s,GOOD
2024-11-28 08:00:00,PUMP101.VIBRATION_RMS,2.51,mm/s,GOOD
2024-11-28 10:00:00,PUMP101.VIBRATION_RMS,2.003,mm/s,GOOD
2024-11-28 12:00:00,PUMP101.VIBRATION_RMS,2.613,mm/s,GOOD
2024-11-28 14:00:00,PUMP101.VIBRATION_RMS,3.006,mm/s,GOOD
2024-11-28 16:00:00,PUMP101.VIBRATION_RMS,2.715,mm/s,GOOD
2024-11-28 18:00:00,PUMP101.VIBRATION_RMS,2.583,mm/s,GOOD
2024-11-28 20:00:00,PUMP101.VIBRATION_RMS,2.102,mm/s,BAD
2024-11-28 22:00:00,PUMP101.VIBRATION_RMS,2.934,mm/s,GOOD
2024-11-29 00:00:00,PUMP101.VIBRATION_RMS,0.934,mm/s,GOOD
2024-11-29 02:00:00,PUMP101.VIBRATION_RMS,2.691,mm/s,GOOD
2024-11-29 04:00:00,PUMP101.VIBRATION_RMS,3.785,mm/s,GOOD
2024-11-29 06:00:00,PUMP101.VIBRATION_RMS,1.746,mm/s,GOOD
2024-11-29 08:00:00,PUMP101.VIBRATION_RMS,2.379,mm/s,GOOD
2024-11-29 10:00:00,PUMP101.VIBRATION_RMS,2.496,mm/s,GOOD
2024-11-29 12:00:00,PUMP101.VIBRATION_RMS,2.269,mm/s,GOOD
2024-11-29 14:00:00,PUMP101.VIBRATION_RMS,3.018,mm/s,GOOD
2024-11-29 16:00:00,PUMP101.VIBRATION_RMS,2.736,mm/s,GOOD
2024-11-29 18:00:00,PUMP101.VIBRATION_RMS,2.576,mm/s,GOOD
2024-11-29 20:00:00,PUMP101.VIBRATION_RMS,2.899,mm/s,GOOD
2024-11-29 22:00:00,PUMP101.VIBRATION_RMS,2.508,mm/s,GOOD
2024-11-30 00:00:00,PUMP101.VIBRATION_RMS,4.09,mm/s,GOOD
2024-11-30 02:00:00,PUMP101.VIBRATION_RMS,2.576,mm/s,GOOD
2024-11-30 04:00:00,PUMP101.VIBRATION_RMS,2.598,mm/s,GOOD
2024-11-30 06:00:00,PUMP101.VIBRATION_RMS,1.645,mm/s,GOOD
2024-11-30 08:00:00,PUMP101.VIBRATION_RMS,2.228,mm/s,GOOD
2024-11-30 10:00:00,PUMP101.VIBRATION_RMS,3.074,mm/s,GOOD
2024-11-30 12:00:00,PUMP101.VIBRATION_RMS,1.832,mm/s,GOOD
2024-11-30 14:00:00,PUMP101.VIBRATION_RMS,1.421,mm/s,GOOD
2024-11-30 16:00:00,PUMP101.VIBRATION_RMS,2.516,mm/s,GOOD
2024-11-30 18:00:00,PUMP101.VIBRATION_RMS,3.185,mm/s,GOOD
2024-11-30 20:00:00,PUMP101.VIBRATION_RMS,2.521,mm/s,GOOD
2024-11-30 22:00:00,PUMP101.VIBRATION_RMS,2.332,mm/s,GOOD
2024-12-01 00:00:00,PUMP101.VIBRATION_RMS,1.571,mm/s,GOOD
2024-12-01 02:00:00,PUMP101.VIBRATION_RMS,2.726,mm/s,GOOD
2024-12-01 04:00:00,PUMP101.VIBRATION_RMS,2.831,mm/s,GOOD
2024-12-01 06:00:00,PUMP101.VIBRATION_RMS,1.609,mm/s,GOOD
2024-12-01 08:00:00,PUMP101.VIBRATION_RMS,3.067,mm/s,GOOD
2024-12-01 10:00:00,PUMP101.VIBRATION_RMS,2.883,mm/s,GOOD
2024-12-01 12:00:00,PUMP101.VIBRATION_RMS,3.066,mm/s,GOOD
2024-12-01 14:00:00,PUMP101.VIBRATION_RMS,2.792,mm/s,GOOD
2024-12-01 16:00:00,PUMP101.VIBRATION_RMS,2.827,mm/s,GOOD
2024-12-01 18:00:00,PUMP101.VIBRATION_RMS,2.76,mm/s,GOOD
2024-12-01 20:00:00,PUMP101.VIBRATION_RMS,2.934,mm/s,GOOD
2024-12-01 22:00:00,PUMP101.VIBRATION_RMS,1.591,mm/s,GOOD
2024-12-02 00:00:00,PUMP101.VIBRATION_RMS,1.749,mm/s,GOOD
2024-12-02 02:00:00,PUMP101.VIBRATION_RMS,2.132,mm/s,GOOD
2024-12-02 04:00:00,PUMP101.VIBRATION_RMS,2.435,mm/s,GOOD
2024-12-02 06:00:00,PUMP101.VIBRATION_RMS,2.694,mm/s,GOOD
2024-12-02 08:00:00,PUMP101.VIBRATION_RMS,2.662,mm/s,GOOD
2024-12-02 10:00:00,PUMP101.VIBRATION_RMS,3.059,mm/s,GOOD
2024-12-02 12:00:00,PUMP101.VIBRATION_RMS,3.074,mm/s,GOOD
2024-12-02 14:00:00,PUMP101.VIBRATION_RMS,2.064,mm/s,GOOD
2024-12-02 16:00:00,PUMP101.VIBRATION_RMS,2.619,mm/s,GOOD
2024-12-02 18:00:00,PUMP101.VIBRATION_RMS,2.076,mm/s,GOOD
2024-12-02 20:00:00,PUMP101.VIBRATION_RMS,2.406,mm/s,GOOD
2024-12-02 22:00:00,PUMP101.VIBRATION_RMS,2.661,mm/s,GOOD
2024-12-03 00:00:00,PUMP101.VIBRATION_RMS,0.796,mm/s,BAD
2024-12-03 02:00:00,PUMP101.VIBRATION_RMS,3.706,mm/s,GOOD
2024-12-03 04:00:00,PUMP101.VIBRATION_RMS,2.783,mm/s,GOOD
2024-12-03 06:00:00,PUMP101.VIBRATION_RMS,2.202,mm/s,GOOD
2024-12-03 08:00:00,PUMP101.VIBRATION_RMS,3.464,mm/s,GOOD
2024-12-03 10:00:00,PUMP101.VIBRATION_RMS,2.326,mm/s,GOOD
2024-12-03 12:00:00,PUMP101.VIBRATION_RMS,2.566,mm/s,GOOD
2024-12-03 14:00:00,PUMP101.VIBRATION_RMS,2.256,mm/s,GOOD
2024-12-03 16:00:00,PUMP101.VIBRATION_RMS,3.326,mm/s,GOOD
2024-12-03 18:00:00,PUMP101.VIBRATION_RMS,2.448,mm/s,GOOD
2024-12-03 20:00:00,PUMP101.VIBRATION_RMS,2.575,mm/s,GOOD
2024-12-03 22:00:00,PUMP101.VIBRATION_RMS,3.102,mm/s,GOOD
2024-12-04 00:00:00,PUMP101.VIBRATION_RMS,2.793,mm/s,GOOD
2024-12-04 02:00:00,PUMP101.VIBRATION_RMS,2.473,mm/s,GOOD
2024-12-04 04:00:00,PUMP101.VIBRATION_RMS,3.055,mm/s,GOOD
2024-12-04 06:00:00,PUMP101.VIBRATION_RMS,3.769,mm/s,GOOD
2024-12-04 08:00:00,PUMP101.VIBRATION_RMS,2.659,mm/s,GOOD
2024-12-04 10:00:00,PUMP101.VIBRATION_RMS,2.558,mm/s,GOOD
2024-12-04 12:00:00,PUMP101.VIBRATION_RMS,2.585,mm/s,GOOD
2024-12-04 14:00:00,PUMP101.VIBRATION_RMS,3.155,mm/s,BAD
2024-12-04 16:00:00,PUMP101.VIBRATION_RMS,2.2,mm/s,BAD
2024-12-04 18:00:00,PUMP101.VIBRATION_RMS,2.361,mm/s,GOOD
2024-12-04 20:00:00,PUMP101.VIBRATION_RMS,1.731,mm/s,GOOD
2024-12-04 22:00:00,PUMP101.VIBRATION_RMS,1.908,mm/s,GOOD
2024-12-05 00:00:00,PUMP101.VIBRATION_RMS,2.241,mm/s,GOOD
2024-12-05 02:00:00,PUMP101.VIBRATION_RMS,2.472,mm/s,GOOD
2024-12-05 04:00:00,PUMP101.VIBRATION_RMS,3.385,mm/s,GOOD
2024-12-05 06:00:00,PUMP101.VIBRATION_RMS,2.768,mm/s,GOOD
2024-12-05 08:00:00,PUMP101.VIBRATION_RMS,2.044,mm/s,GOOD
2024-12-05 10:00:00,PUMP101.VIBRATION_RMS,2.136,mm/s,GOOD
2024-12-05 12:00:00,PUMP101.VIBRATION_RMS,3.187,mm/s,GOOD
2024-12-05 14:00:00,PUMP101.VIBRATION_RMS,3.063,mm/s,GOOD
2024-12-05 16:00:00,PUMP101.VIBRATION_RMS,2.514,mm/s,GOOD
2024-12-05 18:00:00,PUMP101.VIBRATION_RMS,2.279,mm/s,GOOD
2024-12-05 20:00:00,PUMP101.VIBRATION_RMS,3.062,mm/s,GOOD
2024-12-05 22:00:00,PUMP101.VIBRATION_RMS,2.003,mm/s,GOOD
2024-12-06 00:00:00,PUMP101.VIBRATION_RMS,2.696,mm/s,GOOD
2024-12-06 02:00:00,PUMP101.VIBRATION_RMS,3.636,mm/s,GOOD
2024-12-06 04:00:00,PUMP101.VIBRATION_RMS,2.603,mm/s,GOOD
2024-12-06 06:00:00,PUMP101.VIBRATION_RMS,2.112,mm/s,GOOD
2024-12-06 08:00:00,PUMP101.VIBRATION_RMS,2.705,mm/s,GOOD
2024-12-06 10:00:00,PUMP101.VIBRATION_RMS,2.265,mm/s,GOOD
2024-12-06 12:00:00,PUMP101.VIBRATION_RMS,1.803,mm/s,GOOD
2024-12-06 14:00:00,PUMP101.VIBRATION_RMS,2.851,mm/s,GOOD
2024-12-06 16:00:00,PUMP101.VIBRATION_RMS,3.059,mm/s,GOOD
2024-12-06 18:00:00,PUMP101.VIBRATION_RMS,2.345,mm/s,GOOD
2024-12-06 20:00:00,PUMP101.VIBRATION_RMS,2.311,mm/s,GOOD
2024-12-06 22:00:00,PUMP101.VIBRATION_RMS,2.019,mm/s,GOOD
2024-12-07 00:00:00,PUMP101.VIBRATION_RMS,2.425,mm/s,GOOD
2024-12-07 02:00:00,PUMP101.VIBRATION_RMS,2.219,mm/s,GOOD
2024-12-07 04:00:00,PUMP101.VIBRATION_RMS,1.994,mm/s,GOOD
2024-12-07 06:00:00,PUMP101.VIBRATION_RMS,3.446,mm/s,GOOD
2024-12-07 08:00:00,PUMP101.VIBRATION_RMS,2.733,mm/s,GOOD
2024-12-07 10:00:00,PUMP101.VIBRATION_RMS,2.786,mm/s,GOOD
2024-12-07 12:00:00,PUMP101.VIBRATION_RMS,2.942,mm/s,GOOD
2024-12-07 14:00:00,PUMP101.VIBRATION_RMS,2.886,mm/s,GOOD
2024-12-07 16:00:00,PUMP101.VIBRATION_RMS,2.293,mm/s,GOOD
2024-12-07 18:00:00,PUMP101.VIBRATION_RMS,2.636,mm/s,GOOD
2024-12-07 20:00:00,PUMP101.VIBRATION_RMS,2.365,mm/s,GOOD
2024-12-07 22:00:00,PUMP101.VIBRATION_RMS,2.719,mm/s,GOOD
2024-12-08 00:00:00,PUMP101.VIBRATION_RMS,2.671,mm/s,GOOD
2024-12-08 02:00:00,PUMP101.VIBRATION_RMS,2.309,mm/s,BAD
2024-12-08 04:00:00,PUMP101.VIBRATION_RMS,1.835,mm/s,GOOD
2024-12-08 06:00:00,PUMP101.VIBRATION_RMS,2.573,mm/s,GOOD
2024-12-08 08:00:00,PUMP101.VIBRATION_RMS,2.398,mm/s,GOOD
2024-12-08 10:00:00,PUMP101.VIBRATION_RMS,1.555,mm/s,GOOD
2024-12-08 12:00:00,PUMP101.VIBRATION_RMS,2.754,mm/s,GOOD
2024-12-08 14:00:00,PUMP101.VIBRATION_RMS,2.983,mm/s,GOOD
2024-12-08 16:00:00,PUMP101.VIBRATION_RMS,3.764,mm/s,GOOD
2024-12-08 18:00:00,PUMP101.VIBRATION_RMS,2.304,mm/s,GOOD
2024-12-08 20:00:00,PUMP101.VIBRATION_RMS,2.231,mm/s,GOOD
2024-12-08 22:00:00,PUMP101.VIBRATION_RMS,1.945,mm/s,GOOD
2024-12-09 00:00:00,PUMP101.VIBRATION_RMS,2.604,mm/s,GOOD
2024-12-09 02:00:00,PUMP101.VIBRATION_RMS,2.601,mm/s,GOOD
2024-12-09 04:00:00,PUMP101.VIBRATION_RMS,2.094,mm/s,GOOD
2024-12-09 06:00:00,PUMP101.VIBRATION_RMS,2.413,mm/s,GOOD
2024-12-09 08:00:00,PUMP101.VIBRATION_RMS,1.511,mm/s,GOOD
2024-12-09 10:00:00,PUMP101.VIBRATION_RMS,2.963,mm/s,GOOD
2024-12-09 12:00:00,PUMP101.VIBRATION_RMS,2.115,mm/s,GOOD
2024-12-09 14:00:00,PUMP101.VIBRATION_RMS,2.483,mm/s,GOOD
2024-12-09 16:00:00,PUMP101.VIBRATION_RMS,1.787,mm/s,GOOD
2024-12-09 18:00:00,PUMP101.VIBRATION_RMS,2.209,mm/s,GOOD
2024-12-09 20:00:00,PUMP101.VIBRATION_RMS,2.36,mm/s,GOOD
2024-12-09 22:00:00,PUMP101.VIBRATION_RMS,2.494,mm/s,GOOD
2024-12-10 00:00:00,PUMP101.VIBRATION_RMS,2.74,mm/s,GOOD
2024-12-10 02:00:00,PUMP101.VIBRATION_RMS,3.22,mm/s,GOOD
2024-12-10 04:00:00,PUMP101.VIBRATION_RMS,2.866,mm/s,GOOD
2024-12-10 06:00:00,PUMP101.VIBRATION_RMS,2.981,mm/s,GOOD
2024-12-10 08:00:00,PUMP101.VIBRATION_RMS,3.223,mm/s,GOOD
2024-12-10 10:00:00,PUMP101.VIBRATION_RMS,2.785,mm/s,GOOD
2024-12-10 12:00:00,PUMP101.VIBRATION_RMS,2.482,mm/s,GOOD
2024-12-10 14:00:00,PUMP101.VIBRATION_RMS,3.005,mm/s,GOOD
2024-12-10 16:00:00,PUMP101.VIBRATION_RMS,3.037,mm/s,GOOD
2024-12-10 18:00:00,PUMP101.VIBRATION_RMS,2.824,mm/s,GOOD
2024-12-10 20:00:00,PUMP101.VIBRATION_RMS,1.773,mm/s,GOOD
2024-12-10 22:00:00,PUMP101.VIBRATION_RMS,2.079,mm/s,GOOD
2024-12-11 00:00:00,PUMP101.VIBRATION_RMS,2.363,mm/s,GOOD
2024-12-11 02:00:00,PUMP101.VIBRATION_RMS,2.89,mm/s,GOOD
2024-12-11 04:00:00,PUMP101.VIBRATION_RMS,2.489,mm/s,GOOD
2024-12-11 06:00:00,PUMP101.VIBRATION_RMS,3.068,mm/s,GOOD
2024-12-11 08:00:00,PUMP101.VIBRATION_RMS,3.158,mm/s,GOOD
2024-12-11 10:00:00,PUMP101.VIBRATION_RMS,3.1,mm/s,GOOD
2024-12-11 12:00:00,PUMP101.VIBRATION_RMS,3.103,mm/s,GOOD
2024-12-11 14:00:00,PUMP101.VIBRATION_RMS,1.982,mm/s,BAD
2024-12-11 16:00:00,PUMP101.VIBRATION_RMS,2.741,mm/s,GOOD
2024-12-11 18:00:00,PUMP101.VIBRATION_RMS,2.196,mm/s,GOOD
2024-12-11 20:00:00,PUMP101.VIBRATION_RMS,1.675,mm/s,GOOD
2024-12-11 22:00:00,PUMP101.VIBRATION_RMS,2.356,mm/s,GOOD
2024-12-12 00:00:00,PUMP101.VIBRATION_RMS,3.162,mm/s,GOOD
2024-12-12 02:00:00,PUMP101.VIBRATION_RMS,2.73,mm/s,GOOD
2024-12-12 04:00:00,PUMP101.VIBRATION_RMS,3.509,mm/s,GOOD
2024-12-12 06:00:00,PUMP101.VIBRATION_RMS,2.589,mm/s,GOOD
2024-12-12 08:00:00,PUMP101.VIBRATION_RMS,3.724,mm/s,GOOD
2024-12-12 10:00:00,PUMP101.VIBRATION_RMS,2.589,mm/s,GOOD
2024-12-12 12:00:00,PUMP101.VIBRATION_RMS,2.511,mm/s,GOOD
2024-12-12 14:00:00,PUMP101.VIBRATION_RMS,1.86,mm/s,GOOD
2024-12-12 16:00:00,PUMP101.VIBRATION_RMS,3.055,mm/s,GOOD
2024-12-12 18:00:00,PUMP101.VIBRATION_RMS,2.249,mm/s,GOOD
2024-12-12 20:00:00,PUMP101.VIBRATION_RMS,2.176,mm/s,GOOD
2024-12-12 22:00:00,PUMP101.VIBRATION_RMS,3.141,mm/s,GOOD
2024-12-13 00:00:00,PUMP101.VIBRATION_RMS,3.079,mm/s,GOOD
2024-12-13 02:00:00,PUMP101.VIBRATION_RMS,3.066,mm/s,GOOD
2024-12-13 04:00:00,PUMP101.VIBRATION_RMS,2.319,mm/s,GOOD
2024-12-13 06:00:00,PUMP101.VIBRATION_RMS,2.475,mm/s,GOOD
2024-12-13 08:00:00,PUMP101.VIBRATION_RMS,2.47,mm/s,GOOD
2024-12-13 10:00:00,PUMP101.VIBRATION_RMS,2.891,mm/s,GOOD
2024-12-13 12:00:00,PUMP101.VIBRATION_RMS,3.277,mm/s,GOOD
2024-12-13 14:00:00,PUMP101.VIBRATION_RMS,2.684,mm/s,GOOD
2024-12-13 16:00:00,PUMP101.VIBRATION_RMS,3.487,mm/s,GOOD
2024-12-13 18:00:00,PUMP101.VIBRATION_RMS,2.949,mm/s,GOOD
2024-12-13 20:00:00,PUMP101.VIBRATION_RMS,2.383,mm/s,GOOD
2024-12-13 22:00:00,PUMP101.VIBRATION_RMS,2.918166666666667,mm/s,GOOD
2024-12-14 00:00:00,PUMP101.VIBRATION_RMS,3.3613333333333335,mm/s,GOOD
2024-12-14 02:00:00,PUMP101.VIBRATION_RMS,3.5115000000000003,mm/s,GOOD
2024-12-14 04:00:00,PUMP101.VIBRATION_RMS,3.1096666666666666,mm/s,GOOD
2024-12-14 06:00:00,PUMP101.VIBRATION_RMS,2.5338333333333334,mm/s,GOOD
2024-12-14 08:00:00,PUMP101.VIBRATION_RMS,2.417,mm/s,GOOD
2024-12-14 10:00:00,PUMP101.VIBRATION_RMS,2.8171666666666666,mm/s,GOOD
2024-12-14 12:00:00,PUMP101.VIBRATION_RMS,3.3703333333333334,mm/s,GOOD
2024-12-14 14:00:00,PUMP101.VIBRATION_RMS,2.7545,mm/s,GOOD
2024-12-14 16:00:00,PUMP101.VIBRATION_RMS,2.7686666666666664,mm/s,GOOD
2024-12-14 18:00:00,PUMP101.VIBRATION_RMS,2.571833333333333,mm/s,GOOD
2024-12-14 20:00:00,PUMP101.VIBRATION_RMS,2.3859999999999997,mm/s,GOOD
2024-12-14 22:00:00,PUMP101.VIBRATION_RMS,2.4731666666666667,mm/s,GOOD
2024-12-15 00:00:00,PUMP101.VIBRATION_RMS,2.626333333333333,mm/s,GOOD
2024-12-15 02:00:00,PUMP101.VIBRATION_RMS,3.4215,mm/s,GOOD
2024-12-15 04:00:00,PUMP101.VIBRATION_RMS,2.4466666666666668,mm/s,GOOD
2024-12-15 06:00:00,PUMP101.VIBRATION_RMS,2.596833333333333,mm/s,GOOD
2024-12-15 08:00:00,PUMP101.VIBRATION_RMS,2.1420000000000003,mm/s,GOOD
2024-12-15 10:00:00,PUMP101.VIBRATION_RMS,2.9371666666666667,mm/s,GOOD
2024-12-15 12:00:00,PUMP101.VIBRATION_RMS,3.2663333333333333,mm/s,GOOD
2024-12-15 14:00:00,PUMP101.VIBRATION_RMS,3.3994999999999997,mm/s,GOOD
2024-12-15 16:00:00,PUMP101.VIBRATION_RMS,2.6936666666666667,mm/s,BAD
2024-12-15 18:00:00,PUMP101.VIBRATION_RMS,2.882833333333333,mm/s,GOOD
2024-12-15 20:00:00,PUMP101.VIBRATION_RMS,2.523,mm/s,GOOD
2024-12-15 22:00:00,PUMP101.VIBRATION_RMS,2.8681666666666663,mm/s,GOOD
2024-12-16 00:00:00,PUMP101.VIBRATION_RMS,2.7653333333333334,mm/s,GOOD
2024-12-16 02:00:00,PUMP101.VIBRATION_RMS,2.6414999999999997,mm/s,GOOD
2024-12-16 04:00:00,PUMP101.VIBRATION_RMS,2.6856666666666666,mm/s,GOOD
2024-12-16 06:00:00,PUMP101.VIBRATION_RMS,2.846833333333333,mm/s,BAD
2024-12-16 08:00:00,PUMP101.VIBRATION_RMS,2.478,mm/s,GOOD
2024-12-16 10:00:00,PUMP101.VIBRATION_RMS,2.508166666666667,mm/s,GOOD
2024-12-16 12:00:00,PUMP101.VIBRATION_RMS,3.4873333333333334,mm/s,GOOD
2024-12-16 14:00:00,PUMP101.VIBRATION_RMS,3.9925,mm/s,GOOD
2024-12-16 16:00:00,PUMP101.VIBRATION_RMS,2.0396666666666667,mm/s,GOOD
2024-12-16 18:00:00,PUMP101.VIBRATION_RMS,2.0158333333333336,mm/s,GOOD
2024-12-16 20:00:00,PUMP101.VIBRATION_RMS,2.171,mm/s,GOOD
2024-12-16 22:00:00,PUMP101.VIBRATION_RMS,2.6021666666666667,mm/s,GOOD
2024-12-17 00:00:00,PUMP101.VIBRATION_RMS,3.106333333333333,mm/s,GOOD
2024-12-17 02:00:00,PUMP101.VIBRATION_RMS,2.9585,mm/s,GOOD
2024-12-17 04:00:00,PUMP101.VIBRATION_RMS,2.7526666666666664,mm/s,GOOD
2024-12-17 06:00:00,PUMP101.VIBRATION_RMS,2.934833333333333,mm/s,GOOD
2024-12-17 08:00:00,PUMP101.VIBRATION_RMS,2.3289999999999997,mm/s,GOOD
2024-12-17 10:00:00,PUMP101.VIBRATION_RMS,2.557166666666667,mm/s,GOOD
2024-12-17 12:00:00,PUMP101.VIBRATION_RMS,2.673333333333334,mm/s,GOOD
2024-12-17 14:00:00,PUMP101.VIBRATION_RMS,1.8955,mm/s,GOOD
2024-12-17 16:00:00,PUMP101.VIBRATION_RMS,2.110666666666667,mm/s,GOOD
2024-12-17 18:00:00,PUMP101.VIBRATION_RMS,2.1348333333333334,mm/s,GOOD
2024-12-17 20:00:00,PUMP101.VIBRATION_RMS,3.0820000000000003,mm/s,GOOD
2024-12-17 22:00:00,PUMP101.VIBRATION_RMS,2.827166666666667,mm/s,GOOD
2024-12-18 00:00:00,PUMP101.VIBRATION_RMS,3.0143333333333335,mm/s,GOOD
2024-12-18 02:00:00,PUMP101.VIBRATION_RMS,1.7925,mm/s,GOOD
2024-12-18 04:00:00,PUMP101.VIBRATION_RMS,1.9746666666666668,mm/s,GOOD
2024-12-18 06:00:00,PUMP101.VIBRATION_RMS,3.052833333333333,mm/s,GOOD
2024-12-18 08:00:00,PUMP101.VIBRATION_RMS,1.336,mm/s,GOOD
2024-12-18 10:00:00,PUMP101.VIBRATION_RMS,3.3411666666666666,mm/s,GOOD
2024-12-18 12:00:00,PUMP101.VIBRATION_RMS,1.8213333333333335,mm/s,GOOD
2024-12-18 14:00:00,PUMP101.VIBRATION_RMS,3.1595,mm/s,GOOD
2024-12-18 16:00:00,PUMP101.VIBRATION_RMS,2.2976666666666667,mm/s,GOOD
2024-12-18 18:00:00,PUMP101.VIBRATION_RMS,3.2698333333333336,mm/s,GOOD
2024-12-18 20:00:00,PUMP101.VIBRATION_RMS,4.354,mm/s,GOOD
2024-12-18 22:00:00,PUMP101.VIBRATION_RMS,1.6171666666666666,mm/s,GOOD
2024-12-19 00:00:00,PUMP101.VIBRATION_RMS,3.106333333333333,mm/s,GOOD
2024-12-19 02:00:00,PUMP101.VIBRATION_RMS,1.8585,mm/s,GOOD
2024-12-19 04:00:00,PUMP101.VIBRATION_RMS,2.9796666666666667,mm/s,GOOD
2024-12-19 06:00:00,PUMP101.VIBRATION_RMS,2.6678333333333333,mm/s,GOOD
2024-12-19 08:00:00,PUMP101.VIBRATION_RMS,2.84,mm/s,GOOD
2024-12-19 10:00:00,PUMP101.VIBRATION_RMS,2.323166666666667,mm/s,GOOD
2024-12-19 12:00:00,PUMP101.VIBRATION_RMS,3.1733333333333333,mm/s,GOOD
2024-12-19 14:00:00,PUMP101.VIBRATION_RMS,2.0635,mm/s,GOOD
2024-12-19 16:00:00,PUMP101.VIBRATION_RMS,3.4126666666666665,mm/s,GOOD
2024-12-19 18:00:00,PUMP101.VIBRATION_RMS,2.5908333333333333,mm/s,GOOD
2024-12-19 20:00:00,PUMP101.VIBRATION_RMS,2.099,mm/s,GOOD
2024-12-19 22:00:00,PUMP101.VIBRATION_RMS,3.601166666666667,mm/s,GOOD
2024-12-20 00:00:00,PUMP101.VIBRATION_RMS,2.7743333333333338,mm/s,GOOD
2024-12-20 02:00:00,PUMP101.VIBRATION_RMS,3.7665,mm/s,GOOD
2024-12-20 04:00:00,PUMP101.VIBRATION_RMS,3.427666666666667,mm/s,GOOD
2024-12-20 06:00:00,PUMP101.VIBRATION_RMS,2.4218333333333333,mm/s,GOOD
2024-12-20 08:00:00,PUMP101.VIBRATION_RMS,2.7830000000000004,mm/s,GOOD
2024-12-20 10:00:00,PUMP101.VIBRATION_RMS,2.8901666666666666,mm/s,GOOD
2024-12-20 12:00:00,PUMP101.VIBRATION_RMS,3.5963333333333334,mm/s,GOOD
2024-12-20 14:00:00,PUMP101.VIBRATION_RMS,3.0564999999999998,mm/s,GOOD
2024-12-20 16:00:00,PUMP101.VIBRATION_RMS,2.929666666666667,mm/s,BAD
2024-12-20 18:00:00,PUMP101.VIBRATION_RMS,2.745833333333333,mm/s,GOOD
2024-12-20 20:00:00,PUMP101.VIBRATION_RMS,2.825,mm/s,GOOD
2024-12-20 22:00:00,PUMP101.VIBRATION_RMS,3.5061666666666667,mm/s,GOOD
2024-12-21 00:00:00,PUMP101.VIBRATION_RMS,2.860333333333333,mm/s,GOOD
2024-12-21 02:00:00,PUMP101.VIBRATION_RMS,2.6654999999999998,mm/s,GOOD
2024-12-21 04:00:00,PUMP101.VIBRATION_RMS,2.5846666666666667,mm/s,GOOD
2024-12-21 06:00:00,PUMP101.VIBRATION_RMS,2.5938333333333334,mm/s,GOOD
2024-12-21 08:00:00,PUMP101.VIBRATION_RMS,2.174,mm/s,GOOD
2024-12-21 10:00:00,PUMP101.VIBRATION_RMS,2.5041666666666664,mm/s,GOOD
2024-12-21 12:00:00,PUMP101.VIBRATION_RMS,3.6323333333333334,mm/s,GOOD
2024-12-21 14:00:00,PUMP101.VIBRATION_RMS,2.7845,mm/s,GOOD
2024-12-21 16:00:00,PUMP101.VIBRATION_RMS,3.2436666666666665,mm/s,GOOD
2024-12-21 18:00:00,PUMP101.VIBRATION_RMS,1.6568333333333332,mm/s,GOOD
2024-12-21 20:00:00,PUMP101.VIBRATION_RMS,3.1839999999999997,mm/s,GOOD
2024-12-21 22:00:00,PUMP101.VIBRATION_RMS,2.823166666666667,mm/s,GOOD
2024-12-22 00:00:00,PUMP101.VIBRATION_RMS,2.667333333333333,mm/s,GOOD
2024-12-22 02:00:00,PUMP101.VIBRATION_RMS,3.0025,mm/s,GOOD
2024-12-22 04:00:00,PUMP101.VIBRATION_RMS,2.6686666666666667,mm/s,GOOD
2024-12-22 06:00:00,PUMP101.VIBRATION_RMS,1.8588333333333333,mm/s,GOOD
2024-12-22 08:00:00,PUMP101.VIBRATION_RMS,3.386,mm/s,GOOD
2024-12-22 10:00:00,PUMP101.VIBRATION_RMS,3.0511666666666666,mm/s,GOOD
2024-12-22 12:00:00,PUMP101.VIBRATION_RMS,2.7763333333333335,mm/s,BAD
2024-12-22 14:00:00,PUMP101.VIBRATION_RMS,2.4545,mm/s,GOOD
2024-12-22 16:00:00,PUMP101.VIBRATION_RMS,2.2066666666666666,mm/s,GOOD
2024-12-22 18:00:00,PUMP101.VIBRATION_RMS,3.0578333333333334,mm/s,GOOD
2024-12-22 20:00:00,PUMP101.VIBRATION_RMS,3.757,mm/s,GOOD
2024-12-22 22:00:00,PUMP101.VIBRATION_RMS,3.0561666666666665,mm/s,GOOD
2024-12-23 00:00:00,PUMP101.VIBRATION_RMS,2.267333333333333,mm/s,GOOD
2024-12-23 02:00:00,PUMP101.VIBRATION_RMS,3.0755,mm/s,GOOD
2024-12-23 04:00:00,PUMP101.VIBRATION_RMS,2.9396666666666667,mm/s,GOOD
2024-12-23 06:00:00,PUMP101.VIBRATION_RMS,3.402833333333333,mm/s,GOOD
2024-12-23 08:00:00,PUMP101.VIBRATION_RMS,3.278,mm/s,GOOD
2024-12-23 10:00:00,PUMP101.VIBRATION_RMS,1.4861666666666666,mm/s,GOOD
2024-12-23 12:00:00,PUMP101.VIBRATION_RMS,3.2563333333333335,mm/s,GOOD
2024-12-23 14:00:00,PUMP101.VIBRATION_RMS,2.4855,mm/s,GOOD
2024-12-23 16:00:00,PUMP101.VIBRATION_RMS,2.280666666666667,mm/s,GOOD
2024-12-23 18:00:00,PUMP101.VIBRATION_RMS,2.9018333333333333,mm/s,GOOD
2024-12-23 20:00:00,PUMP101.VIBRATION_RMS,3.205,mm/s,GOOD
2024-12-23 22:00:00,PUMP101.VIBRATION_RMS,2.1841666666666666,mm/s,GOOD
2024-12-24 00:00:00,PUMP101.VIBRATION_RMS,3.360333333333333,mm/s,GOOD
2024-12-24 02:00:00,PUMP101.VIBRATION_RMS,3.3945000000000003,mm/s,GOOD
2024-12-24 04:00:00,PUMP101.VIBRATION_RMS,3.0396666666666667,mm/s,GOOD
2024-12-24 06:00:00,PUMP101.VIBRATION_RMS,2.5868333333333333,mm/s,GOOD
2024-12-24 08:00:00,PUMP101.VIBRATION_RMS,2.5349999999999997,mm/s,GOOD
2024-12-24 10:00:00,PUMP101.VIBRATION_RMS,3.5421666666666667,mm/s,GOOD
2024-12-24 12:00:00,PUMP101.VIBRATION_RMS,2.2773333333333334,mm/s,GOOD
2024-12-24 14:00:00,PUMP101.VIBRATION_RMS,3.5695,mm/s,GOOD
2024-12-24 16:00:00,PUMP101.VIBRATION_RMS,2.958666666666667,mm/s,BAD
2024-12-24 18:00:00,PUMP101.VIBRATION_RMS,2.9978333333333333,mm/s,GOOD
2024-12-24 20:00:00,PUMP101.VIBRATION_RMS,2.1959999999999997,mm/s,GOOD
2024-12-24 22:00:00,PUMP101.VIBRATION_RMS,2.9811666666666667,mm/s,GOOD
2024-12-25 00:00:00,PUMP101.VIBRATION_RMS,3.365333333333333,mm/s,GOOD
2024-12-25 02:00:00,PUMP101.VIBRATION_RMS,2.3945,mm/s,GOOD
2024-12-25 04:00:00,PUMP101.VIBRATION_RMS,3.315666666666667,mm/s,GOOD
2024-12-25 06:00:00,PUMP101.VIBRATION_RMS,3.1158333333333332,mm/s,GOOD
2024-12-25 08:00:00,PUMP101.VIBRATION_RMS,2.753,mm/s,GOOD
2024-12-25 10:00:00,PUMP101.VIBRATION_RMS,3.5061666666666667,mm/s,GOOD
2024-12-25 12:00:00,PUMP101.VIBRATION_RMS,1.9823333333333335,mm/s,GOOD
2024-12-25 14:00:00,PUMP101.VIBRATION_RMS,3.2605,mm/s,GOOD
2024-12-25 16:00:00,PUMP101.VIBRATION_RMS,3.901666666666667,mm/s,GOOD
2024-12-25 18:00:00,PUMP101.VIBRATION_RMS,3.8158333333333334,mm/s,GOOD
2024-12-25 20:00:00,PUMP101.VIBRATION_RMS,3.295,mm/s,GOOD
2024-12-25 22:00:00,PUMP101.VIBRATION_RMS,2.953166666666667,mm/s,GOOD
2024-12-26 00:00:00,PUMP101.VIBRATION_RMS,2.7903333333333333,mm/s,GOOD
2024-12-26 02:00:00,PUMP101.VIBRATION_RMS,2.9615,mm/s,GOOD
2024-12-26 04:00:00,PUMP101.VIBRATION_RMS,3.3886666666666665,mm/s,GOOD
2024-12-26 06:00:00,PUMP101.VIBRATION_RMS,2.7168333333333337,mm/s,GOOD
2024-12-26 08:00:00,PUMP101.VIBRATION_RMS,3.504,mm/s,GOOD
2024-12-26 10:00:00,PUMP101.VIBRATION_RMS,4.196166666666667,mm/s,GOOD
2024-12-26 12:00:00,PUMP101.VIBRATION_RMS,3.102333333333333,mm/s,GOOD
2024-12-26 14:00:00,PUMP101.VIBRATION_RMS,2.4655,mm/s,GOOD
2024-12-26 16:00:00,PUMP101.VIBRATION_RMS,2.469666666666667,mm/s,GOOD
2024-12-26 18:00:00,PUMP101.VIBRATION_RMS,3.5338333333333334,mm/s,GOOD
2024-12-26 20:00:00,PUMP101.VIBRATION_RMS,3.12,mm/s,GOOD
2024-12-26 22:00:00,PUMP101.VIBRATION_RMS,3.592166666666667,mm/s,GOOD
2024-12-27 00:00:00,PUMP101.VIBRATION_RMS,2.8913333333333333,mm/s,GOOD
2024-12-27 02:00:00,PUMP101.VIBRATION_RMS,3.5775,mm/s,GOOD
2024-12-27 04:00:00,PUMP101.VIBRATION_RMS,3.0876666666666663,mm/s,GOOD
2024-12-27 06:00:00,PUMP101.VIBRATION_RMS,2.8048333333333333,mm/s,GOOD
2024-12-27 08:00:00,PUMP101.VIBRATION_RMS,2.9749999999999996,mm/s,GOOD
2024-12-27 10:00:00,PUMP101.VIBRATION_RMS,2.580166666666667,mm/s,GOOD
2024-12-27 12:00:00,PUMP101.VIBRATION_RMS,4.178333333333334,mm/s,GOOD
2024-12-27 14:00:00,PUMP101.VIBRATION_RMS,3.1395,mm/s,GOOD
2024-12-27 16:00:00,PUMP101.VIBRATION_RMS,3.513666666666667,mm/s,GOOD
2024-12-27 18:00:00,PUMP101.VIBRATION_RMS,2.9278333333333335,mm/s,GOOD
2024-12-27 20:00:00,PUMP101.VIBRATION_RMS,2.674,mm/s,GOOD
2024-12-27 22:00:00,PUMP101.VIBRATION_RMS,3.0871666666666666,mm/s,GOOD
2024-12-28 00:00:00,PUMP101.VIBRATION_RMS,3.7593333333333336,mm/s,GOOD
2024-12-28 02:00:00,PUMP101.VIBRATION_RMS,2.9525,mm/s,GOOD
2024-12-28 04:00:00,PUMP101.VIBRATION_RMS,2.7816666666666667,mm/s,GOOD
2024-12-28 06:00:00,PUMP101.VIBRATION_RMS,3.298833333333333,mm/s,GOOD
2024-12-28 08:00:00,PUMP101.VIBRATION_RMS,3.475,mm/s,GOOD
2024-12-28 10:00:00,PUMP101.VIBRATION_RMS,4.050166666666667,mm/s,GOOD
2024-12-28 12:00:00,PUMP101.VIBRATION_RMS,3.4103333333333334,mm/s,GOOD
2024-12-28 14:00:00,PUMP101.VIBRATION_RMS,3.5595,mm/s,GOOD
2024-12-28 16:00:00,PUMP101.VIBRATION_RMS,3.6016666666666666,mm/s,GOOD
2024-12-28 18:00:00,PUMP101.VIBRATION_RMS,2.6688333333333336,mm/s,GOOD
2024-12-28 20:00:00,PUMP101.VIBRATION_RMS,2.768,mm/s,GOOD
2024-12-28 22:00:00,PUMP101.VIBRATION_RMS,2.7121666666666666,mm/s,GOOD
2024-12-29 00:00:00,PUMP101.VIBRATION_RMS,2.5923333333333334,mm/s,GOOD
2024-12-29 02:00:00,PUMP101.VIBRATION_RMS,3.6605000000000003,mm/s,GOOD
2024-12-29 04:00:00,PUMP101.VIBRATION_RMS,3.4116666666666666,mm/s,GOOD
2024-12-29 06:00:00,PUMP101.VIBRATION_RMS,3.3108333333333335,mm/s,GOOD
2024-12-29 08:00:00,PUMP101.VIBRATION_RMS,1.979,mm/s,GOOD
2024-12-29 10:00:00,PUMP101.VIBRATION_RMS,4.307166666666667,mm/s,GOOD
2024-12-29 12:00:00,PUMP101.VIBRATION_RMS,2.836333333333333,mm/s,GOOD
2024-12-29 14:00:00,PUMP101.VIBRATION_RMS,4.3134999999999994,mm/s,GOOD
2024-12-29 16:00:00,PUMP101.VIBRATION_RMS,2.5666666666666664,mm/s,GOOD
2024-12-29 18:00:00,PUMP101.VIBRATION_RMS,2.8898333333333333,mm/s,GOOD
2024-12-29 20:00:00,PUMP101.VIBRATION_RMS,2.199,mm/s,GOOD
2024-12-29 22:00:00,PUMP101.VIBRATION_RMS,3.4851666666666667,mm/s,GOOD
2024-12-30 00:00:00,PUMP101.VIBRATION_RMS,2.7573333333333334,mm/s,GOOD
2024-12-30 02:00:00,PUMP101.VIBRATION_RMS,2.7755,mm/s,GOOD
2024-12-30 04:00:00,PUMP101.VIBRATION_RMS,2.6306666666666665,mm/s,GOOD
2024-12-30 06:00:00,PUMP101.VIBRATION_RMS,3.709833333333333,mm/s,GOOD
2024-12-30 08:00:00,PUMP101.VIBRATION_RMS,3.681,mm/s,GOOD
2024-12-30 10:00:00,PUMP101.VIBRATION_RMS,4.235166666666666,mm/s,GOOD
2024-12-30 12:00:00,PUMP101.VIBRATION_RMS,2.9903333333333335,mm/s,GOOD
2024-12-30 14:00:00,PUMP101.VIBRATION_RMS,3.4465,mm/s,GOOD
2024-12-30 16:00:00,PUMP101.VIBRATION_RMS,2.6966666666666668,mm/s,GOOD
2024-12-30 18:00:00,PUMP101.VIBRATION_RMS,3.177833333333333,mm/s,GOOD
2024-12-30 20:00:00,PUMP101.VIBRATION_RMS,3.091,mm/s,GOOD
2024-12-30 22:00:00,PUMP101.VIBRATION_RMS,3.5861666666666667,mm/s,GOOD
2024-12-31 00:00:00,PUMP101.VIBRATION_RMS,3.8673333333333333,mm/s,GOOD
2024-12-31 02:00:00,PUMP101.VIBRATION_RMS,3.8585000000000003,mm/s,GOOD
2024-12-31 04:00:00,PUMP101.VIBRATION_RMS,2.945666666666667,mm/s,GOOD
2024-12-31 06:00:00,PUMP101.VIBRATION_RMS,3.8698333333333337,mm/s,GOOD
2024-12-31 08:00:00,PUMP101.VIBRATION_RMS,3.353,mm/s,GOOD
2024-12-31 10:00:00,PUMP101.VIBRATION_RMS,3.2171666666666665,mm/s,GOOD
2024-12-31 12:00:00,PUMP101.VIBRATION_RMS,3.029333333333333,mm/s,GOOD
2024-12-31 14:00:00,PUMP101.VIBRATION_RMS,3.1075000000000004,mm/s,GOOD
2024-12-31 16:00:00,PUMP101.VIBRATION_RMS,4.262666666666666,mm/s,GOOD
2024-12-31 18:00:00,PUMP101.VIBRATION_RMS,3.5498333333333334,mm/s,GOOD
2024-12-31 20:00:00,PUMP101.VIBRATION_RMS,3.487,mm/s,GOOD
2024-12-31 22:00:00,PUMP101.VIBRATION_RMS,3.273166666666667,mm/s,GOOD
2025-01-01 00:00:00,PUMP101.VIBRATION_RMS,4.631333333333333,mm/s,GOOD
2025-01-01 02:00:00,PUMP101.VIBRATION_RMS,4.0655,mm/s,GOOD
2025-01-01 04:00:00,PUMP101.VIBRATION_RMS,3.0556666666666663,mm/s,GOOD
2025-01-01 06:00:00,PUMP101.VIBRATION_RMS,3.2838333333333334,mm/s,GOOD
2025-01-01 08:00:00,PUMP101.VIBRATION_RMS,3.3179999999999996,mm/s,GOOD
2025-01-01 10:00:00,PUMP101.VIBRATION_RMS,3.5021666666666667,mm/s,GOOD
2025-01-01 12:00:00,PUMP101.VIBRATION_RMS,3.0823333333333336,mm/s,GOOD
2025-01-01 14:00:00,PUMP101.VIBRATION_RMS,3.6565,mm/s,GOOD
2025-01-01 16:00:00,PUMP101.VIBRATION_RMS,4.167666666666666,mm/s,GOOD
2025-01-01 18:00:00,PUMP101.VIBRATION_RMS,2.7888333333333333,mm/s,GOOD
2025-01-01 20:00:00,PUMP101.VIBRATION_RMS,2.886,mm/s,GOOD
2025-01-01 22:00:00,PUMP101.VIBRATION_RMS,3.2121666666666666,mm/s,GOOD
2025-01-02 00:00:00,PUMP101.VIBRATION_RMS,3.2403333333333335,mm/s,GOOD
2025-01-02 02:00:00,PUMP101.VIBRATION_RMS,4.4615,mm/s,GOOD
2025-01-02 04:00:00,PUMP101.VIBRATION_RMS,3.9676666666666667,mm/s,GOOD
2025-01-02 06:00:00,PUMP101.VIBRATION_RMS,3.9428333333333336,mm/s,GOOD
2025-01-02 08:00:00,PUMP101.VIBRATION_RMS,3.343,mm/s,GOOD
2025-01-02 10:00:00,PUMP101.VIBRATION_RMS,3.3361666666666667,mm/s,GOOD
2025-01-02 12:00:00,PUMP101.VIBRATION_RMS,2.7573333333333334,mm/s,GOOD
2025-01-02 14:00:00,PUMP101.VIBRATION_RMS,3.8785,mm/s,GOOD
2025-01-02 16:00:00,PUMP101.VIBRATION_RMS,3.7376666666666667,mm/s,GOOD
2025-01-02 18:00:00,PUMP101.VIBRATION_RMS,4.138833333333333,mm/s,GOOD
2025-01-02 20:00:00,PUMP101.VIBRATION_RMS,3.395,mm/s,GOOD
2025-01-02 22:00:00,PUMP101.VIBRATION_RMS,3.4331666666666667,mm/s,GOOD
2025-01-03 00:00:00,PUMP101.VIBRATION_RMS,3.5933333333333337,mm/s,GOOD
2025-01-03 02:00:00,PUMP101.VIBRATION_RMS,3.9585,mm/s,GOOD
2025-01-03 04:00:00,PUMP101.VIBRATION_RMS,2.7816666666666663,mm/s,GOOD
2025-01-03 06:00:00,PUMP101.VIBRATION_RMS,3.8888333333333334,mm/s,GOOD
2025-01-03 08:00:00,PUMP101.VIBRATION_RMS,3.5150000000000006,mm/s,GOOD
2025-01-03 10:00:00,PUMP101.VIBRATION_RMS,3.000166666666667,mm/s,GOOD
2025-01-03 12:00:00,PUMP101.VIBRATION_RMS,2.4913333333333334,mm/s,GOOD
2025-01-03 14:00:00,PUMP101.VIBRATION_RMS,3.4695,mm/s,GOOD
2025-01-03 16:00:00,PUMP101.VIBRATION_RMS,4.265666666666667,mm/s,GOOD
2025-01-03 18:00:00,PUMP101.VIBRATION_RMS,4.382833333333334,mm/s,GOOD
2025-01-03 20:00:00,PUMP101.VIBRATION_RMS,3.7279999999999998,mm/s,GOOD
2025-01-03 22:00:00,PUMP101.VIBRATION_RMS,4.535166666666667,mm/s,GOOD
2025-01-04 00:00:00,PUMP101.VIBRATION_RMS,3.5373333333333337,mm/s,GOOD
2025-01-04 02:00:00,PUMP101.VIBRATION_RMS,4.0395,mm/s,GOOD
2025-01-04 04:00:00,PUMP101.VIBRATION_RMS,3.3406666666666665,mm/s,GOOD
2025-01-04 06:00:00,PUMP101.VIBRATION_RMS,3.313833333333333,mm/s,GOOD
2025-01-04 08:00:00,PUMP101.VIBRATION_RMS,3.2359999999999998,mm/s,GOOD
2025-01-04 10:00:00,PUMP101.VIBRATION_RMS,2.5491666666666664,mm/s,GOOD
2025-01-04 12:00:00,PUMP101.VIBRATION_RMS,4.227333333333334,mm/s,GOOD
2025-01-04 14:00:00,PUMP101.VIBRATION_RMS,3.2664999999999997,mm/s,GOOD
2025-01-04 16:00:00,PUMP101.VIBRATION_RMS,3.190666666666667,mm/s,BAD
2025-01-04 18:00:00,PUMP101.VIBRATION_RMS,3.0058333333333334,mm/s,GOOD
2025-01-04 20:00:00,PUMP101.VIBRATION_RMS,3.498,mm/s,GOOD
2025-01-04 22:00:00,PUMP101.VIBRATION_RMS,4.486166666666667,mm/s,GOOD
2025-01-05 00:00:00,PUMP101.VIBRATION_RMS,4.655333333333333,mm/s,GOOD
2025-01-05 02:00:00,PUMP101.VIBRATION_RMS,2.7824999999999998,mm/s,GOOD
2025-01-05 04:00:00,PUMP101.VIBRATION_RMS,3.4396666666666667,mm/s,GOOD
2025-01-05 06:00:00,PUMP101.VIBRATION_RMS,3.103833333333333,mm/s,GOOD
2025-01-05 08:00:00,PUMP101.VIBRATION_RMS,4.119,mm/s,GOOD
2025-01-05 10:00:00,PUMP101.VIBRATION_RMS,3.7721666666666662,mm/s,GOOD
2025-01-05 12:00:00,PUMP101.VIBRATION_RMS,3.3153333333333332,mm/s,GOOD
2025-01-05 14:00:00,PUMP101.VIBRATION_RMS,3.6734999999999998,mm/s,GOOD
2025-01-05 16:00:00,PUMP101.VIBRATION_RMS,3.4026666666666667,mm/s,GOOD
2025-01-05 18:00:00,PUMP101.VIBRATION_RMS,4.452833333333333,mm/s,GOOD
2025-01-05 20:00:00,PUMP101.VIBRATION_RMS,3.923,mm/s,GOOD
2025-01-05 22:00:00,PUMP101.VIBRATION_RMS,3.9891666666666667,mm/s,GOOD
2025-01-06 00:00:00,PUMP101.VIBRATION_RMS,2.3253333333333335,mm/s,GOOD
2025-01-06 02:00:00,PUMP101.VIBRATION_RMS,3.6295,mm/s,GOOD
2025-01-06 04:00:00,PUMP101.VIBRATION_RMS,4.708666666666667,mm/s,GOOD
2025-01-06 06:00:00,PUMP101.VIBRATION_RMS,4.333833333333333,mm/s,GOOD
2025-01-06 08:00:00,PUMP101.VIBRATION_RMS,2.7510000000000003,mm/s,GOOD
2025-01-06 10:00:00,PUMP101.VIBRATION_RMS,3.5221666666666667,mm/s,GOOD
2025-01-06 12:00:00,PUMP101.VIBRATION_RMS,3.0823333333333336,mm/s,GOOD
2025-01-06 14:00:00,PUMP101.VIBRATION_RMS,4.5435,mm/s,GOOD
2025-01-06 16:00:00,PUMP101.VIBRATION_RMS,3.8136666666666663,mm/s,GOOD
2025-01-06 18:00:00,PUMP101.VIBRATION_RMS,3.3118333333333334,mm/s,GOOD
2025-01-06 20:00:00,PUMP101.VIBRATION_RMS,3.717,mm/s,GOOD
2025-01-06 22:00:00,PUMP101.VIBRATION_RMS,2.4001666666666663,mm/s,GOOD
2025-01-07 00:00:00,PUMP101.VIBRATION_RMS,3.166333333333333,mm/s,GOOD
2025-01-07 02:00:00,PUMP101.VIBRATION_RMS,3.7305,mm/s,GOOD
2025-01-07 04:00:00,PUMP101.VIBRATION_RMS,4.139666666666667,mm/s,GOOD
2025-01-07 06:00:00,PUMP101.VIBRATION_RMS,2.749833333333333,mm/s,GOOD
2025-01-07 08:00:00,PUMP101.VIBRATION_RMS,3.5340000000000003,mm/s,GOOD
2025-01-07 10:00:00,PUMP101.VIBRATION_RMS,4.234166666666667,mm/s,GOOD
2025-01-07 12:00:00,PUMP101.VIBRATION_RMS,3.0073333333333334,mm/s,GOOD
2025-01-07 14:00:00,PUMP101.VIBRATION_RMS,3.8525,mm/s,GOOD
2025-01-07 16:00:00,PUMP101.VIBRATION_RMS,3.7746666666666666,mm/s,GOOD
2025-01-07 18:00:00,PUMP101.VIBRATION_RMS,4.602833333333334,mm/s,GOOD
2025-01-07 20:00:00,PUMP101.VIBRATION_RMS,3.635,mm/s,GOOD
2025-01-07 22:00:00,PUMP101.VIBRATION_RMS,3.668166666666667,mm/s,GOOD
2025-01-08 00:00:00,PUMP101.VIBRATION_RMS,4.185333333333333,mm/s,GOOD
2025-01-08 02:00:00,PUMP101.VIBRATION_RMS,3.0995,mm/s,GOOD
2025-01-08 04:00:00,PUMP101.VIBRATION_RMS,3.6566666666666667,mm/s,GOOD
2025-01-08 06:00:00,PUMP101.VIBRATION_RMS,3.5428333333333333,mm/s,GOOD
2025-01-08 08:00:00,PUMP101.VIBRATION_RMS,3.7060000000000004,mm/s,GOOD
2025-01-08 10:00:00,PUMP101.VIBRATION_RMS,4.203166666666666,mm/s,GOOD
2025-01-08 12:00:00,PUMP101.VIBRATION_RMS,4.060333333333333,mm/s,GOOD
2025-01-08 14:00:00,PUMP101.VIBRATION_RMS,3.4135,mm/s,GOOD
2025-01-08 16:00:00,PUMP101.VIBRATION_RMS,3.8596666666666666,mm/s,GOOD
2025-01-08 18:00:00,PUMP101.VIBRATION_RMS,4.5408333333333335,mm/s,GOOD
2025-01-08 20:00:00,PUMP101.VIBRATION_RMS,3.3840000000000003,mm/s,BAD
2025-01-08 22:00:00,PUMP101.VIBRATION_RMS,3.8771666666666667,mm/s,GOOD
2025-01-09 00:00:00,PUMP101.VIBRATION_RMS,3.7113333333333336,mm/s,GOOD
2025-01-09 02:00:00,PUMP101.VIBRATION_RMS,3.7805,mm/s,GOOD
2025-01-09 04:00:00,PUMP101.VIBRATION_RMS,3.001666666666667,mm/s,GOOD
2025-01-09 06:00:00,PUMP101.VIBRATION_RMS,4.525833333333334,mm/s,GOOD
2025-01-09 08:00:00,PUMP101.VIBRATION_RMS,3.438,mm/s,GOOD
2025-01-09 10:00:00,PUMP101.VIBRATION_RMS,4.3421666666666665,mm/s,GOOD
2025-01-09 12:00:00,PUMP101.VIBRATION_RMS,3.5223333333333335,mm/s,GOOD
2025-01-09 14:00:00,PUMP101.VIBRATION_RMS,3.5244999999999997,mm/s,GOOD
2025-01-09 16:00:00,PUMP101.VIBRATION_RMS,4.448666666666667,mm/s,GOOD
2025-01-09 18:00:00,PUMP101.VIBRATION_RMS,4.342833333333333,mm/s,GOOD
2025-01-09 20:00:00,PUMP101.VIBRATION_RMS,3.954,mm/s,GOOD
2025-01-09 22:00:00,PUMP101.VIBRATION_RMS,4.235166666666666,mm/s,GOOD
2025-01-10 00:00:00,PUMP101.VIBRATION_RMS,3.7143333333333333,mm/s,GOOD
2025-01-10 02:00:00,PUMP101.VIBRATION_RMS,3.8585000000000003,mm/s,BAD
2025-01-10 04:00:00,PUMP101.VIBRATION_RMS,3.5356666666666667,mm/s,GOOD
2025-01-10 06:00:00,PUMP101.VIBRATION_RMS,4.3228333333333335,mm/s,GOOD
2025-01-10 08:00:00,PUMP101.VIBRATION_RMS,3.528,mm/s,GOOD
2025-01-10 10:00:00,PUMP101.VIBRATION_RMS,4.622166666666667,mm/s,GOOD
2025-01-10 12:00:00,PUMP101.VIBRATION_RMS,3.7253333333333334,mm/s,GOOD
2025-01-10 14:00:00,PUMP101.VIBRATION_RMS,3.8975,mm/s,GOOD
2025-01-10 16:00:00,PUMP101.VIBRATION_RMS,4.270666666666667,mm/s,GOOD
2025-01-10 18:00:00,PUMP101.VIBRATION_RMS,3.9078333333333335,mm/s,GOOD
2025-01-10 20:00:00,PUMP101.VIBRATION_RMS,3.7510000000000003,mm/s,GOOD
2025-01-10 22:00:00,PUMP101.VIBRATION_RMS,3.8891666666666667,mm/s,GOOD
2025-01-11 00:00:00,PUMP101.VIBRATION_RMS,4.355333333333333,mm/s,GOOD
2025-01-11 02:00:00,PUMP101.VIBRATION_RMS,3.5815,mm/s,GOOD
2025-01-11 04:00:00,PUMP101.VIBRATION_RMS,3.8536666666666664,mm/s,GOOD
2025-01-11 06:00:00,PUMP101.VIBRATION_RMS,3.9258333333333333,mm/s,GOOD
2025-01-11 08:00:00,PUMP101.VIBRATION_RMS,4.357,mm/s,GOOD
2025-01-11 10:00:00,PUMP101.VIBRATION_RMS,3.879166666666667,mm/s,GOOD
2025-01-11 12:00:00,PUMP101.VIBRATION_RMS,4.8373333333333335,mm/s,GOOD
2025-01-11 14:00:00,PUMP101.VIBRATION_RMS,3.8595,mm/s,GOOD
2025-01-11 16:00:00,PUMP101.VIBRATION_RMS,3.8226666666666667,mm/s,GOOD
2025-01-11 18:00:00,PUMP101.VIBRATION_RMS,3.8598333333333334,mm/s,GOOD
2025-01-11 20:00:00,PUMP101.VIBRATION_RMS,3.2920000000000003,mm/s,BAD
2025-01-11 22:00:00,PUMP101.VIBRATION_RMS,3.436166666666667,mm/s,GOOD
2025-01-12 00:00:00,PUMP101.VIBRATION_RMS,3.6933333333333334,mm/s,GOOD
2025-01-12 02:00:00,PUMP101.VIBRATION_RMS,4.5305,mm/s,GOOD
2025-01-12 04:00:00,PUMP101.VIBRATION_RMS,3.949666666666667,mm/s,GOOD
2025-01-12 06:00:00,PUMP101.VIBRATION_RMS,3.728833333333333,mm/s,GOOD
2025-01-12 08:00:00,PUMP101.VIBRATION_RMS,4.588,mm/s,GOOD
2025-01-12 10:00:00,PUMP101.VIBRATION_RMS,4.755166666666667,mm/s,GOOD
2025-01-12 12:00:00,PUMP101.VIBRATION_RMS,4.6113333333333335,mm/s,GOOD
2025-01-12 14:00:00,PUMP101.VIBRATION_RMS,3.5605,mm/s,GOOD
2025-01-12 16:00:00,PUMP101.VIBRATION_RMS,3.7436666666666665,mm/s,GOOD
2025-01-12 18:00:00,PUMP101.VIBRATION_RMS,4.902833333333334,mm/s,GOOD
2025-01-12 20:00:00,PUMP101.VIBRATION_RMS,4.121,mm/s,GOOD
2025-01-12 22:00:00,PUMP101.VIBRATION_RMS,3.870166666666667,mm/s,GOOD
2025-01-13 00:00:00,PUMP101.VIBRATION_RMS,4.367333333333334,mm/s,GOOD
2025-01-13 02:00:00,PUMP101.VIBRATION_RMS,4.516500000000001,mm/s,GOOD
2025-01-13 04:00:00,PUMP101.VIBRATION_RMS,3.7306666666666666,mm/s,GOOD
2025-01-13 06:00:00,PUMP101.VIBRATION_RMS,4.130833333333333,mm/s,GOOD
2025-01-13 08:00:00,PUMP101.VIBRATION_RMS,4.488,mm/s,GOOD
2025-01-13 10:00:00,PUMP101.VIBRATION_RMS,3.4491666666666667,mm/s,GOOD
2025-01-13 12:00:00,PUMP101.VIBRATION_RMS,4.039333333333333,mm/s,GOOD
2025-01-13 14:00:00,PUMP101.VIBRATION_RMS,3.4805,mm/s,GOOD
2025-01-13 16:00:00,PUMP101.VIBRATION_RMS,3.549666666666667,mm/s,GOOD
2025-01-13 18:00:00,PUMP101.VIBRATION_RMS,3.7638333333333334,mm/s,GOOD
2025-01-13 20:00:00,PUMP101.VIBRATION_RMS,4.289,mm/s,GOOD
2025-01-13 22:00:00,PUMP101.VIBRATION_RMS,3.8931666666666667,mm/s,GOOD
2025-01-14 00:00:00,PUMP101.VIBRATION_RMS,3.7343333333333337,mm/s,GOOD
2025-01-14 02:00:00,PUMP101.VIBRATION_RMS,4.0885,mm/s,GOOD
2025-01-14 04:00:00,PUMP101.VIBRATION_RMS,3.493666666666667,mm/s,GOOD
2025-01-14 06:00:00,PUMP101.VIBRATION_RMS,4.284833333333333,mm/s,GOOD
2025-01-14 08:00:00,PUMP101.VIBRATION_RMS,4.641,mm/s,GOOD
2025-01-14 10:00:00,PUMP101.VIBRATION_RMS,4.039166666666667,mm/s,GOOD
2025-01-14 12:00:00,PUMP101.VIBRATION_RMS,3.9823333333333335,mm/s,GOOD
2025-01-14 14:00:00,PUMP101.VIBRATION_RMS,4.2745,mm/s,GOOD
2025-01-14 16:00:00,PUMP101.VIBRATION_RMS,3.0776666666666666,mm/s,GOOD
2025-01-14 18:00:00,PUMP101.VIBRATION_RMS,4.363833333333333,mm/s,GOOD
2025-01-14 20:00:00,PUMP101.VIBRATION_RMS,5.651,mm/s,GOOD
2025-01-14 22:00:00,PUMP101.VIBRATION_RMS,4.043166666666667,mm/s,GOOD
2025-01-15 00:00:00,PUMP101.VIBRATION_RMS,4.048333333333334,mm/s,GOOD
2025-01-15 02:00:00,PUMP101.VIBRATION_RMS,4.4845,mm/s,GOOD
2025-01-15 04:00:00,PUMP101.VIBRATION_RMS,4.939666666666667,mm/s,GOOD
2025-01-15 06:00:00,PUMP101.VIBRATION_RMS,4.607833333333334,mm/s,GOOD
2025-01-15 08:00:00,PUMP101.VIBRATION_RMS,3.0469999999999997,mm/s,GOOD
2025-01-15 10:00:00,PUMP101.VIBRATION_RMS,4.4111666666666665,mm/s,GOOD
2025-01-15 12:00:00,PUMP101.VIBRATION_RMS,5.419333333333333,mm/s,GOOD
2025-01-15 14:00:00,PUMP101.VIBRATION_RMS,4.4485,mm/s,GOOD
2025-01-15 16:00:00,PUMP101.VIBRATION_RMS,3.5646666666666667,mm/s,BAD
2025-01-15 18:00:00,PUMP101.VIBRATION_RMS,4.286833333333333,mm/s,GOOD
2025-01-15 20:00:00,PUMP101.VIBRATION_RMS,3.5100000000000002,mm/s,GOOD
2025-01-15 22:00:00,PUMP101.VIBRATION_RMS,4.770166666666666,mm/s,GOOD
2025-01-16 00:00:00,PUMP101.VIBRATION_RMS,3.680333333333333,mm/s,GOOD
2025-01-16 02:00:00,PUMP101.VIBRATION_RMS,4.1995000000000005,mm/s,GOOD
2025-01-16 04:00:00,PUMP101.VIBRATION_RMS,3.737666666666667,mm/s,GOOD
2025-01-16 06:00:00,PUMP101.VIBRATION_RMS,3.8978333333333333,mm/s,GOOD
2025-01-16 08:00:00,PUMP101.VIBRATION_RMS,4.918,mm/s,GOOD
2025-01-16 10:00:00,PUMP101.VIBRATION_RMS,4.231166666666667,mm/s,GOOD
2025-01-16 12:00:00,PUMP101.VIBRATION_RMS,3.9033333333333333,mm/s,GOOD
2025-01-16 14:00:00,PUMP101.VIBRATION_RMS,3.6145,mm/s,GOOD
2025-01-16 16:00:00,PUMP101.VIBRATION_RMS,3.255666666666667,mm/s,GOOD
2025-01-16 18:00:00,PUMP101.VIBRATION_RMS,3.5698333333333334,mm/s,GOOD
2025-01-16 20:00:00,PUMP101.VIBRATION_RMS,4.256,mm/s,GOOD
2025-01-16 22:00:00,PUMP101.VIBRATION_RMS,4.694166666666667,mm/s,GOOD
2025-01-17 00:00:00,PUMP101.VIBRATION_RMS,3.9283333333333337,mm/s,GOOD
2025-01-17 02:00:00,PUMP101.VIBRATION_RMS,4.9975000000000005,mm/s,GOOD
2025-01-17 04:00:00,PUMP101.VIBRATION_RMS,3.857666666666667,mm/s,GOOD
2025-01-17 06:00:00,PUMP101.VIBRATION_RMS,4.101833333333333,mm/s,GOOD
2025-01-17 08:00:00,PUMP101.VIBRATION_RMS,3.685,mm/s,GOOD
2025-01-17 10:00:00,PUMP101.VIBRATION_RMS,4.724166666666667,mm/s,GOOD
2025-01-17 12:00:00,PUMP101.VIBRATION_RMS,5.282333333333334,mm/s,GOOD
2025-01-17 14:00:00,PUMP101.VIBRATION_RMS,3.3565,mm/s,GOOD
2025-01-17 16:00:00,PUMP101.VIBRATION_RMS,4.068666666666667,mm/s,GOOD
2025-01-17 18:00:00,PUMP101.VIBRATION_RMS,4.877833333333333,mm/s,GOOD
2025-01-17 20:00:00,PUMP101.VIBRATION_RMS,3.527,mm/s,GOOD
2025-01-17 22:00:00,PUMP101.VIBRATION_RMS,4.537166666666667,mm/s,GOOD
2025-01-18 00:00:00,PUMP101.VIBRATION_RMS,4.8693333333333335,mm/s,GOOD
2025-01-18 02:00:00,PUMP101.VIBRATION_RMS,4.301500000000001,mm/s,GOOD
2025-01-18 04:00:00,PUMP101.VIBRATION_RMS,4.541666666666667,mm/s,GOOD
2025-01-18 06:00:00,PUMP101.VIBRATION_RMS,5.150833333333333,mm/s,GOOD
2025-01-18 08:00:00,PUMP101.VIBRATION_RMS,5.2490000000000006,mm/s,GOOD
2025-01-18 10:00:00,PUMP101.VIBRATION_RMS,4.248166666666666,mm/s,GOOD
2025-01-18 12:00:00,PUMP101.VIBRATION_RMS,4.017333333333333,mm/s,GOOD
2025-01-18 14:00:00,PUMP101.VIBRATION_RMS,3.8275,mm/s,GOOD
2025-01-18 16:00:00,PUMP101.VIBRATION_RMS,4.779666666666667,mm/s,GOOD
2025-01-18 18:00:00,PUMP101.VIBRATION_RMS,3.6098333333333334,mm/s,GOOD
2025-01-18 20:00:00,PUMP101.VIBRATION_RMS,4.174,mm/s,GOOD
2025-01-18 22:00:00,PUMP101.VIBRATION_RMS,4.355166666666667,mm/s,GOOD
2025-01-19 00:00:00,PUMP101.VIBRATION_RMS,4.056333333333334,mm/s,GOOD
2025-01-19 02:00:00,PUMP101.VIBRATION_RMS,4.452500000000001,mm/s,GOOD
2025-01-19 04:00:00,PUMP101.VIBRATION_RMS,5.5986666666666665,mm/s,GOOD
2025-01-19 06:00:00,PUMP101.VIBRATION_RMS,4.259833333333333,mm/s,GOOD
2025-01-19 08:00:00,PUMP101.VIBRATION_RMS,4.107,mm/s,GOOD
2025-01-19 10:00:00,PUMP101.VIBRATION_RMS,4.837166666666667,mm/s,GOOD
2025-01-19 12:00:00,PUMP101.VIBRATION_RMS,4.453333333333333,mm/s,GOOD
2025-01-19 14:00:00,PUMP101.VIBRATION_RMS,5.0575,mm/s,GOOD
2025-01-19 16:00:00,PUMP101.VIBRATION_RMS,4.423666666666667,mm/s,GOOD
2025-01-19 18:00:00,PUMP101.VIBRATION_RMS,4.221833333333333,mm/s,GOOD
2025-01-19 20:00:00,PUMP101.VIBRATION_RMS,3.458,mm/s,GOOD
2025-01-19 22:00:00,PUMP101.VIBRATION_RMS,3.544166666666667,mm/s,GOOD
2025-01-20 00:00:00,PUMP101.VIBRATION_RMS,3.4403333333333332,mm/s,GOOD
2025-01-20 02:00:00,PUMP101.VIBRATION_RMS,4.5525,mm/s,GOOD
2025-01-20 04:00:00,PUMP101.VIBRATION_RMS,3.685666666666667,mm/s,GOOD
2025-01-20 06:00:00,PUMP101.VIBRATION_RMS,4.998833333333334,mm/s,GOOD
2025-01-20 08:00:00,PUMP101.VIBRATION_RMS,4.390000000000001,mm/s,GOOD
2025-01-20 10:00:00,PUMP101.VIBRATION_RMS,4.2571666666666665,mm/s,GOOD
2025-01-20 12:00:00,PUMP101.VIBRATION_RMS,3.961333333333333,mm/s,GOOD
2025-01-20 14:00:00,PUMP101.VIBRATION_RMS,4.6985,mm/s,GOOD
2025-01-20 16:00:00,PUMP101.VIBRATION_RMS,3.9896666666666665,mm/s,GOOD
2025-01-20 18:00:00,PUMP101.VIBRATION_RMS,3.9028333333333336,mm/s,GOOD
2025-01-20 20:00:00,PUMP101.VIBRATION_RMS,4.994,mm/s,GOOD
2025-01-20 22:00:00,PUMP101.VIBRATION_RMS,4.581166666666666,mm/s,GOOD
2025-01-21 00:00:00,PUMP101.VIBRATION_RMS,4.291333333333333,mm/s,GOOD
2025-01-21 02:00:00,PUMP101.VIBRATION_RMS,4.7335,mm/s,GOOD
2025-01-21 04:00:00,PUMP101.VIBRATION_RMS,4.420666666666667,mm/s,GOOD
2025-01-21 06:00:00,PUMP101.VIBRATION_RMS,4.612833333333334,mm/s,GOOD
2025-01-21 08:00:00,PUMP101.VIBRATION_RMS,4.017,mm/s,GOOD
2025-01-21 10:00:00,PUMP101.VIBRATION_RMS,5.464166666666667,mm/s,GOOD
2025-01-21 12:00:00,PUMP101.VIBRATION_RMS,4.1433333333333335,mm/s,GOOD
2025-01-21 14:00:00,PUMP101.VIBRATION_RMS,5.2155000000000005,mm/s,GOOD
2025-01-21 16:00:00,PUMP101.VIBRATION_RMS,4.347666666666667,mm/s,GOOD
2025-01-21 18:00:00,PUMP101.VIBRATION_RMS,4.849833333333333,mm/s,GOOD
2025-01-21 20:00:00,PUMP101.VIBRATION_RMS,4.817,mm/s,GOOD
2025-01-21 22:00:00,PUMP101.VIBRATION_RMS,5.027166666666667,mm/s,GOOD
2025-01-22 00:00:00,PUMP101.VIBRATION_RMS,4.038333333333333,mm/s,GOOD
2025-01-22 02:00:00,PUMP101.VIBRATION_RMS,5.0005,mm/s,GOOD
2025-01-22 04:00:00,PUMP101.VIBRATION_RMS,5.389666666666667,mm/s,GOOD
2025-01-22 06:00:00,PUMP101.VIBRATION_RMS,4.341833333333334,mm/s,GOOD
2025-01-22 08:00:00,PUMP101.VIBRATION_RMS,4.492,mm/s,GOOD
2025-01-22 10:00:00,PUMP101.VIBRATION_RMS,4.217166666666667,mm/s,GOOD
2025-01-22 12:00:00,PUMP101.VIBRATION_RMS,4.310333333333333,mm/s,GOOD
2025-01-22 14:00:00,PUMP101.VIBRATION_RMS,5.3435,mm/s,GOOD
2025-01-22 16:00:00,PUMP101.VIBRATION_RMS,3.989666666666667,mm/s,GOOD
2025-01-22 18:00:00,PUMP101.VIBRATION_RMS,4.0248333333333335,mm/s,GOOD
2025-01-22 20:00:00,PUMP101.VIBRATION_RMS,5.305,mm/s,GOOD
2025-01-22 22:00:00,PUMP101.VIBRATION_RMS,4.816166666666667,mm/s,GOOD
2025-01-23 00:00:00,PUMP101.VIBRATION_RMS,5.568333333333333,mm/s,GOOD
2025-01-23 02:00:00,PUMP101.VIBRATION_RMS,4.2875,mm/s,GOOD
2025-01-23 04:00:00,PUMP101.VIBRATION_RMS,4.579666666666667,mm/s,GOOD
2025-01-23 06:00:00,PUMP101.VIBRATION_RMS,4.190833333333334,mm/s,GOOD
2025-01-23 08:00:00,PUMP101.VIBRATION_RMS,4.5969999999999995,mm/s,GOOD
2025-01-23 10:00:00,PUMP101.VIBRATION_RMS,3.6421666666666668,mm/s,GOOD
2025-01-23 12:00:00,PUMP101.VIBRATION_RMS,4.875333333333334,mm/s,GOOD
2025-01-23 14:00:00,PUMP101.VIBRATION_RMS,4.6995000000000005,mm/s,GOOD
2025-01-23 16:00:00,PUMP101.VIBRATION_RMS,4.512666666666667,mm/s,GOOD
2025-01-23 18:00:00,PUMP101.VIBRATION_RMS,4.350833333333334,mm/s,GOOD
2025-01-23 20:00:00,PUMP101.VIBRATION_RMS,4.103,mm/s,GOOD
2025-01-23 22:00:00,PUMP101.VIBRATION_RMS,4.918166666666666,mm/s,GOOD
2025-01-24 00:00:00,PUMP101.VIBRATION_RMS,3.9723333333333333,mm/s,GOOD
2025-01-24 02:00:00,PUMP101.VIBRATION_RMS,4.8185,mm/s,GOOD
2025-01-24 04:00:00,PUMP101.VIBRATION_RMS,5.603666666666667,mm/s,GOOD
2025-01-24 06:00:00,PUMP101.VIBRATION_RMS,5.313833333333333,mm/s,GOOD
2025-01-24 08:00:00,PUMP101.VIBRATION_RMS,3.822,mm/s,GOOD
2025-01-24 10:00:00,PUMP101.VIBRATION_RMS,4.311166666666667,mm/s,GOOD
2025-01-24 12:00:00,PUMP101.VIBRATION_RMS,4.794333333333333,mm/s,GOOD
2025-01-24 14:00:00,PUMP101.VIBRATION_RMS,4.5525,mm/s,GOOD
2025-01-24 16:00:00,PUMP101.VIBRATION_RMS,3.8916666666666666,mm/s,GOOD
2025-01-24 18:00:00,PUMP101.VIBRATION_RMS,4.788833333333333,mm/s,GOOD
2025-01-24 20:00:00,PUMP101.VIBRATION_RMS,4.595000000000001,mm/s,GOOD
2025-01-24 22:00:00,PUMP101.VIBRATION_RMS,5.561166666666667,mm/s,GOOD
2025-01-25 00:00:00,PUMP101.VIBRATION_RMS,4.481333333333334,mm/s,GOOD
2025-01-25 02:00:00,PUMP101.VIBRATION_RMS,5.1965,mm/s,GOOD
2025-01-25 04:00:00,PUMP101.VIBRATION_RMS,3.982666666666667,mm/s,GOOD
2025-01-25 06:00:00,PUMP101.VIBRATION_RMS,4.106833333333333,mm/s,GOOD
2025-01-25 08:00:00,PUMP101.VIBRATION_RMS,4.986000000000001,mm/s,GOOD
2025-01-25 10:00:00,PUMP101.VIBRATION_RMS,5.171166666666666,mm/s,GOOD
2025-01-25 12:00:00,PUMP101.VIBRATION_RMS,4.154333333333334,mm/s,GOOD
2025-01-25 14:00:00,PUMP101.VIBRATION_RMS,4.6495,mm/s,GOOD
2025-01-25 16:00:00,PUMP101.VIBRATION_RMS,3.9506666666666668,mm/s,GOOD
2025-01-25 18:00:00,PUMP101.VIBRATION_RMS,4.554833333333333,mm/s,GOOD
2025-01-25 20:00:00,PUMP101.VIBRATION_RMS,5.068,mm/s,GOOD
2025-01-25 22:00:00,PUMP101.VIBRATION_RMS,4.437166666666666,mm/s,GOOD
2025-01-26 00:00:00,PUMP101.VIBRATION_RMS,4.533333333333333,mm/s,GOOD
2025-01-26 02:00:00,PUMP101.VIBRATION_RMS,4.0975,mm/s,GOOD
2025-01-26 04:00:00,PUMP101.VIBRATION_RMS,4.342666666666667,mm/s,GOOD
2025-01-26 06:00:00,PUMP101.VIBRATION_RMS,5.549833333333334,mm/s,GOOD
2025-01-26 08:00:00,PUMP101.VIBRATION_RMS,4.711,mm/s,GOOD
2025-01-26 10:00:00,PUMP101.VIBRATION_RMS,4.178166666666667,mm/s,GOOD
2025-01-26 12:00:00,PUMP101.VIBRATION_RMS,4.5263333333333335,mm/s,GOOD
2025-01-26 14:00:00,PUMP101.VIBRATION_RMS,3.8885,mm/s,GOOD
2025-01-26 16:00:00,PUMP101.VIBRATION_RMS,4.184666666666667,mm/s,GOOD
2025-01-26 18:00:00,PUMP101.VIBRATION_RMS,5.3758333333333335,mm/s,GOOD
2025-01-26 20:00:00,PUMP101.VIBRATION_RMS,4.629,mm/s,GOOD
2025-01-26 22:00:00,PUMP101.VIBRATION_RMS,5.649166666666667,mm/s,GOOD
2025-01-27 00:00:00,PUMP101.VIBRATION_RMS,4.660333333333334,mm/s,GOOD
2025-01-27 02:00:00,PUMP101.VIBRATION_RMS,4.6945,mm/s,GOOD
2025-01-27 04:00:00,PUMP101.VIBRATION_RMS,5.036666666666667,mm/s,GOOD
2025-01-27 06:00:00,PUMP101.VIBRATION_RMS,3.384833333333333,mm/s,GOOD
2025-01-27 08:00:00,PUMP101.VIBRATION_RMS,4.827,mm/s,GOOD
2025-01-27 10:00:00,PUMP101.VIBRATION_RMS,4.705166666666667,mm/s,GOOD
2025-01-27 12:00:00,PUMP101.VIBRATION_RMS,5.476333333333333,mm/s,GOOD
2025-01-27 14:00:00,PUMP101.VIBRATION_RMS,5.2195,mm/s,GOOD
2025-01-27 16:00:00,PUMP101.VIBRATION_RMS,4.174666666666667,mm/s,GOOD
2025-01-27 18:00:00,PUMP101.VIBRATION_RMS,5.366833333333333,mm/s,GOOD
2025-01-27 20:00:00,PUMP101.VIBRATION_RMS,4.619,mm/s,GOOD
2025-01-27 22:00:00,PUMP101.VIBRATION_RMS,4.3021666666666665,mm/s,GOOD
2025-01-28 00:00:00,PUMP101.VIBRATION_RMS,4.857333333333333,mm/s,GOOD
2025-01-28 02:00:00,PUMP101.VIBRATION_RMS,4.6615,mm/s,GOOD
2025-01-28 04:00:00,PUMP101.VIBRATION_RMS,5.535666666666668,mm/s,GOOD
2025-01-28 06:00:00,PUMP101.VIBRATION_RMS,4.940833333333334,mm/s,GOOD
2025-01-28 08:00:00,PUMP101.VIBRATION_RMS,4.878,mm/s,GOOD
2025-01-28 10:00:00,PUMP101.VIBRATION_RMS,5.229166666666667,mm/s,GOOD
2025-01-28 12:00:00,PUMP101.VIBRATION_RMS,5.329333333333333,mm/s,GOOD
2025-01-28 14:00:00,PUMP101.VIBRATION_RMS,5.1795,mm/s,GOOD
2025-01-28 16:00:00,PUMP101.VIBRATION_RMS,5.501666666666667,mm/s,GOOD
2025-01-28 18:00:00,PUMP101.VIBRATION_RMS,5.099833333333333,mm/s,GOOD
2025-01-28 20:00:00,PUMP101.VIBRATION_RMS,4.884,mm/s,GOOD
2025-01-28 22:00:00,PUMP101.VIBRATION_RMS,5.424166666666666,mm/s,GOOD
2025-01-29 00:00:00,PUMP101.VIBRATION_RMS,4.763333333333334,mm/s,GOOD
2025-01-29 02:00:00,PUMP101.VIBRATION_RMS,4.8294999999999995,mm/s,GOOD
2025-01-29 04:00:00,PUMP101.VIBRATION_RMS,5.677666666666667,mm/s,GOOD
2025-01-29 06:00:00,PUMP101.VIBRATION_RMS,5.631833333333333,mm/s,GOOD
2025-01-29 08:00:00,PUMP101.VIBRATION_RMS,4.821,mm/s,GOOD
2025-01-29 10:00:00,PUMP101.VIBRATION_RMS,4.602166666666667,mm/s,GOOD
2025-01-29 12:00:00,PUMP101.VIBRATION_RMS,5.565333333333333,mm/s,GOOD
2025-01-29 14:00:00,PUMP101.VIBRATION_RMS,5.2375,mm/s,GOOD
2025-01-29 16:00:00,PUMP101.VIBRATION_RMS,4.999666666666666,mm/s,GOOD
2025-01-29 18:00:00,PUMP101.VIBRATION_RMS,4.684833333333334,mm/s,GOOD
2025-01-29 20:00:00,PUMP101.VIBRATION_RMS,5.016,mm/s,GOOD
2025-01-29 22:00:00,PUMP101.VIBRATION_RMS,4.843166666666667,mm/s,GOOD
2025-01-30 00:00:00,PUMP101.VIBRATION_RMS,4.5263333333333335,mm/s,GOOD
2025-01-30 02:00:00,PUMP101.VIBRATION_RMS,4.9275,mm/s,GOOD
2025-01-30 04:00:00,PUMP101.VIBRATION_RMS,4.999666666666666,mm/s,GOOD
2025-01-30 06:00:00,PUMP101.VIBRATION_RMS,4.682833333333333,mm/s,GOOD
2025-01-30 08:00:00,PUMP101.VIBRATION_RMS,5.327,mm/s,GOOD
2025-01-30 10:00:00,PUMP101.VIBRATION_RMS,5.523166666666667,mm/s,GOOD
2025-01-30 12:00:00,PUMP101.VIBRATION_RMS,5.368333333333333,mm/s,GOOD
2025-01-30 14:00:00,PUMP101.VIBRATION_RMS,4.7495,mm/s,GOOD
2025-01-30 16:00:00,PUMP101.VIBRATION_RMS,5.269666666666668,mm/s,GOOD
2025-01-30 18:00:00,PUMP101.VIBRATION_RMS,4.934833333333334,mm/s,GOOD
2025-01-30 20:00:00,PUMP101.VIBRATION_RMS,4.282,mm/s,GOOD
2025-01-30 22:00:00,PUMP101.VIBRATION_RMS,5.240166666666667,mm/s,GOOD
2025-01-31 00:00:00,PUMP101.VIBRATION_RMS,4.981333333333334,mm/s,GOOD
2025-01-31 02:00:00,PUMP101.VIBRATION_RMS,6.2095,mm/s,GOOD
2025-01-31 04:00:00,PUMP101.VIBRATION_RMS,5.645666666666667,mm/s,GOOD
2025-01-31 06:00:00,PUMP101.VIBRATION_RMS,5.276833333333333,mm/s,GOOD
2025-01-31 08:00:00,PUMP101.VIBRATION_RMS,5.050000000000001,mm/s,GOOD
2025-01-31 10:00:00,PUMP101.VIBRATION_RMS,5.011166666666667,mm/s,GOOD
2025-01-31 12:00:00,PUMP101.VIBRATION_RMS,4.431333333333334,mm/s,GOOD
2025-01-31 14:00:00,PUMP101.VIBRATION_RMS,4.0685,mm/s,GOOD
2025-01-31 16:00:00,PUMP101.VIBRATION_RMS,4.5056666666666665,mm/s,GOOD
2025-01-31 18:00:00,PUMP101.VIBRATION_RMS,4.921833333333334,mm/s,GOOD
2025-01-31 20:00:00,PUMP101.VIBRATION_RMS,3.8970000000000002,mm/s,GOOD
2025-01-31 22:00:00,PUMP101.VIBRATION_RMS,4.682166666666667,mm/s,GOOD
2025-02-01 00:00:00,PUMP101.VIBRATION_RMS,4.834333333333333,mm/s,GOOD
2025-02-01 02:00:00,PUMP101.VIBRATION_RMS,4.8545,mm/s,GOOD
2025-02-01 04:00:00,PUMP101.VIBRATION_RMS,4.635666666666667,mm/s,GOOD
2025-02-01 06:00:00,PUMP101.VIBRATION_RMS,4.799833333333334,mm/s,GOOD
2025-02-01 08:00:00,PUMP101.VIBRATION_RMS,5.837,mm/s,GOOD
2025-02-01 10:00:00,PUMP101.VIBRATION_RMS,5.310166666666667,mm/s,GOOD
2025-02-01 12:00:00,PUMP101.VIBRATION_RMS,4.703333333333333,mm/s,GOOD
2025-02-01 14:00:00,PUMP101.VIBRATION_RMS,4.9535,mm/s,GOOD
2025-02-01 16:00:00,PUMP101.VIBRATION_RMS,4.977666666666668,mm/s,GOOD
2025-02-01 18:00:00,PUMP101.VIBRATION_RMS,4.611833333333333,mm/s,GOOD
2025-02-01 20:00:00,PUMP101.VIBRATION_RMS,4.615,mm/s,GOOD
2025-02-01 22:00:00,PUMP101.VIBRATION_RMS,5.509166666666667,mm/s,GOOD
2025-02-02 00:00:00,PUMP101.VIBRATION_RMS,4.798333333333334,mm/s,GOOD
2025-02-02 02:00:00,PUMP101.VIBRATION_RMS,4.4655000000000005,mm/s,GOOD
2025-02-02 04:00:00,PUMP101.VIBRATION_RMS,4.994666666666667,mm/s,BAD
2025-02-02 06:00:00,PUMP101.VIBRATION_RMS,5.079833333333333,mm/s,GOOD
2025-02-02 08:00:00,PUMP101.VIBRATION_RMS,4.039000000000001,mm/s,GOOD
2025-02-02 10:00:00,PUMP101.VIBRATION_RMS,5.009166666666667,mm/s,GOOD
2025-02-02 12:00:00,PUMP101.VIBRATION_RMS,5.467333333333333,mm/s,GOOD
2025-02-02 14:00:00,PUMP101.VIBRATION_RMS,5.2635000000000005,mm/s,GOOD
2025-02-02 16:00:00,PUMP101.VIBRATION_RMS,6.156666666666667,mm/s,GOOD
2025-02-02 18:00:00,PUMP101.VIBRATION_RMS,5.671833333333334,mm/s,GOOD
2025-02-02 20:00:00,PUMP101.VIBRATION_RMS,5.774000000000001,mm/s,GOOD
2025-02-02 22:00:00,PUMP101.VIBRATION_RMS,6.4541666666666675,mm/s,GOOD
2025-02-03 00:00:00,PUMP101.VIBRATION_RMS,5.437333333333333,mm/s,GOOD
2025-02-03 02:00:00,PUMP101.VIBRATION_RMS,5.1445,mm/s,GOOD
2025-02-03 04:00:00,PUMP101.VIBRATION_RMS,5.5536666666666665,mm/s,GOOD
2025-02-03 06:00:00,PUMP101.VIBRATION_RMS,4.7908333333333335,mm/s,GOOD
2025-02-03 08:00:00,PUMP101.VIBRATION_RMS,5.129,mm/s,GOOD
2025-02-03 10:00:00,PUMP101.VIBRATION_RMS,4.755166666666668,mm/s,GOOD
2025-02-03 12:00:00,PUMP101.VIBRATION_RMS,5.282333333333334,mm/s,GOOD
2025-02-03 14:00:00,PUMP101.VIBRATION_RMS,4.7615,mm/s,GOOD
2025-02-03 16:00:00,PUMP101.VIBRATION_RMS,4.748666666666667,mm/s,GOOD
2025-02-03 18:00:00,PUMP101.VIBRATION_RMS,5.302833333333333,mm/s,GOOD
2025-02-03 20:00:00,PUMP101.VIBRATION_RMS,5.031000000000001,mm/s,GOOD
2025-02-03 22:00:00,PUMP101.VIBRATION_RMS,4.140166666666667,mm/s,GOOD
2025-02-04 00:00:00,PUMP101.VIBRATION_RMS,4.380333333333334,mm/s,GOOD
2025-02-04 02:00:00,PUMP101.VIBRATION_RMS,4.5385,mm/s,GOOD
2025-02-04 04:00:00,PUMP101.VIBRATION_RMS,4.675666666666667,mm/s,GOOD
2025-02-04 06:00:00,PUMP101.VIBRATION_RMS,5.327833333333333,mm/s,GOOD
2025-02-04 08:00:00,PUMP101.VIBRATION_RMS,5.234,mm/s,GOOD
2025-02-04 10:00:00,PUMP101.VIBRATION_RMS,5.662166666666667,mm/s,GOOD
2025-02-04 12:00:00,PUMP101.VIBRATION_RMS,5.509333333333333,mm/s,GOOD
2025-02-04 14:00:00,PUMP101.VIBRATION_RMS,5.673500000000001,mm/s,GOOD
2025-02-04 16:00:00,PUMP101.VIBRATION_RMS,5.445666666666667,mm/s,GOOD
2025-02-04 18:00:00,PUMP101.VIBRATION_RMS,5.2508333333333335,mm/s,GOOD
2025-02-04 20:00:00,PUMP101.VIBRATION_RMS,5.7,mm/s,GOOD
2025-02-04 22:00:00,PUMP101.VIBRATION_RMS,5.614166666666667,mm/s,GOOD
2025-02-05 00:00:00,PUMP101.VIBRATION_RMS,5.346333333333334,mm/s,GOOD
2025-02-05 02:00:00,PUMP101.VIBRATION_RMS,5.798500000000001,mm/s,GOOD
2025-02-05 04:00:00,PUMP101.VIBRATION_RMS,3.993666666666667,mm/s,GOOD
2025-02-05 06:00:00,PUMP101.VIBRATION_RMS,5.025833333333333,mm/s,GOOD
2025-02-05 08:00:00,PUMP101.VIBRATION_RMS,5.022,mm/s,GOOD
2025-02-05 10:00:00,PUMP101.VIBRATION_RMS,5.755166666666668,mm/s,GOOD
2025-02-05 12:00:00,PUMP101.VIBRATION_RMS,5.969333333333333,mm/s,GOOD
2025-02-05 14:00:00,PUMP101.VIBRATION_RMS,4.4625,mm/s,GOOD
2025-02-05 16:00:00,PUMP101.VIBRATION_RMS,5.897666666666667,mm/s,GOOD
2025-02-05 18:00:00,PUMP101.VIBRATION_RMS,4.6098333333333334,mm/s,GOOD
2025-02-05 20:00:00,PUMP101.VIBRATION_RMS,4.6290000000000004,mm/s,GOOD
2025-02-05 22:00:00,PUMP101.VIBRATION_RMS,5.087166666666667,mm/s,GOOD
2025-02-06 00:00:00,PUMP101.VIBRATION_RMS,5.049333333333333,mm/s,GOOD
2025-02-06 02:00:00,PUMP101.VIBRATION_RMS,4.4335,mm/s,GOOD
2025-02-06 04:00:00,PUMP101.VIBRATION_RMS,5.541666666666667,mm/s,GOOD
2025-02-06 06:00:00,PUMP101.VIBRATION_RMS,5.560833333333333,mm/s,GOOD
2025-02-06 08:00:00,PUMP101.VIBRATION_RMS,5.752000000000001,mm/s,GOOD
2025-02-06 10:00:00,PUMP101.VIBRATION_RMS,5.012166666666667,mm/s,GOOD
2025-02-06 12:00:00,PUMP101.VIBRATION_RMS,5.213333333333333,mm/s,GOOD
2025-02-06 14:00:00,PUMP101.VIBRATION_RMS,5.2225,mm/s,GOOD
2025-02-06 16:00:00,PUMP101.VIBRATION_RMS,6.085666666666667,mm/s,GOOD
2025-02-06 18:00:00,PUMP101.VIBRATION_RMS,3.8288333333333338,mm/s,GOOD
2025-02-06 20:00:00,PUMP101.VIBRATION_RMS,4.772,mm/s,GOOD
2025-02-06 22:00:00,PUMP101.VIBRATION_RMS,5.2571666666666665,mm/s,GOOD
2025-02-07 00:00:00,PUMP101.VIBRATION_RMS,4.715333333333334,mm/s,GOOD
2025-02-07 02:00:00,PUMP101.VIBRATION_RMS,5.1335,mm/s,GOOD
2025-02-07 04:00:00,PUMP101.VIBRATION_RMS,5.203666666666667,mm/s,GOOD
2025-02-07 06:00:00,PUMP101.VIBRATION_RMS,4.941833333333333,mm/s,GOOD
2025-02-07 08:00:00,PUMP101.VIBRATION_RMS,5.307,mm/s,GOOD
2025-02-07 10:00:00,PUMP101.VIBRATION_RMS,5.593166666666667,mm/s,GOOD
2025-02-07 12:00:00,PUMP101.VIBRATION_RMS,5.165333333333333,mm/s,GOOD
2025-02-07 14:00:00,PUMP101.VIBRATION_RMS,5.0605,mm/s,GOOD
2025-02-07 16:00:00,PUMP101.VIBRATION_RMS,5.208666666666667,mm/s,GOOD
2025-02-07 18:00:00,PUMP101.VIBRATION_RMS,5.291833333333333,mm/s,GOOD
2025-02-07 20:00:00,PUMP101.VIBRATION_RMS,4.43,mm/s,GOOD
2025-02-07 22:00:00,PUMP101.VIBRATION_RMS,5.535166666666667,mm/s,GOOD
2025-02-08 00:00:00,PUMP101.VIBRATION_RMS,5.082333333333334,mm/s,GOOD
2025-02-08 02:00:00,PUMP101.VIBRATION_RMS,5.9435,mm/s,GOOD
2025-02-08 04:00:00,PUMP101.VIBRATION_RMS,5.612666666666667,mm/s,GOOD
2025-02-08 06:00:00,PUMP101.VIBRATION_RMS,5.905833333333334,mm/s,GOOD
2025-02-08 08:00:00,PUMP101.VIBRATION_RMS,4.819,mm/s,GOOD
2025-02-08 10:00:00,PUMP101.VIBRATION_RMS,5.1431666666666676,mm/s,GOOD
2025-02-08 12:00:00,PUMP101.VIBRATION_RMS,4.7123333333333335,mm/s,GOOD
2025-02-08 14:00:00,PUMP101.VIBRATION_RMS,4.984500000000001,mm/s,GOOD
2025-02-08 16:00:00,PUMP101.VIBRATION_RMS,5.967666666666666,mm/s,GOOD
2025-02-08 18:00:00,PUMP101.VIBRATION_RMS,6.089833333333333,mm/s,GOOD
2025-02-08 20:00:00,PUMP101.VIBRATION_RMS,4.776,mm/s,GOOD
2025-02-08 22:00:00,PUMP101.VIBRATION_RMS,5.125166666666667,mm/s,GOOD
2025-02-09 00:00:00,PUMP101.VIBRATION_RMS,5.320333333333334,mm/s,GOOD
2025-02-09 02:00:00,PUMP101.VIBRATION_RMS,5.6555,mm/s,GOOD
2025-02-09 04:00:00,PUMP101.VIBRATION_RMS,4.486666666666667,mm/s,GOOD
2025-02-09 06:00:00,PUMP101.VIBRATION_RMS,4.568833333333334,mm/s,GOOD
2025-02-09 08:00:00,PUMP101.VIBRATION_RMS,5.62,mm/s,GOOD
2025-02-09 10:00:00,PUMP101.VIBRATION_RMS,4.404166666666667,mm/s,GOOD
2025-02-09 12:00:00,PUMP101.VIBRATION_RMS,5.160333333333334,mm/s,GOOD
2025-02-09 14:00:00,PUMP101.VIBRATION_RMS,5.468500000000001,mm/s,GOOD
2025-02-09 16:00:00,PUMP101.VIBRATION_RMS,5.599666666666668,mm/s,BAD
2025-02-09 18:00:00,PUMP101.VIBRATION_RMS,5.324833333333333,mm/s,GOOD
2025-02-09 20:00:00,PUMP101.VIBRATION_RMS,5.2170000000000005,mm/s,GOOD
2025-02-09 22:00:00,PUMP101.VIBRATION_RMS,5.826166666666667,mm/s,GOOD
2025-02-10 00:00:00,PUMP101.VIBRATION_RMS,5.551333333333333,mm/s,GOOD
2025-02-10 02:00:00,PUMP101.VIBRATION_RMS,5.0885,mm/s,GOOD
2025-02-10 04:00:00,PUMP101.VIBRATION_RMS,5.435666666666667,mm/s,GOOD
2025-02-10 06:00:00,PUMP101.VIBRATION_RMS,5.612833333333334,mm/s,GOOD
2025-02-10 08:00:00,PUMP101.VIBRATION_RMS,6.284000000000001,mm/s,GOOD
2025-02-10 10:00:00,PUMP101.VIBRATION_RMS,5.822166666666667,mm/s,GOOD
2025-02-10 12:00:00,PUMP101.VIBRATION_RMS,6.040333333333334,mm/s,GOOD
2025-02-10 14:00:00,PUMP101.VIBRATION_RMS,5.1325,mm/s,GOOD
2025-02-10 16:00:00,PUMP101.VIBRATION_RMS,5.179666666666667,mm/s,GOOD
2025-02-10 18:00:00,PUMP101.VIBRATION_RMS,5.327833333333333,mm/s,GOOD
2025-02-10 20:00:00,PUMP101.VIBRATION_RMS,5.378,mm/s,GOOD
2025-02-10 22:00:00,PUMP101.VIBRATION_RMS,4.950166666666667,mm/s,GOOD
2025-02-11 00:00:00,PUMP101.VIBRATION_RMS,6.091333333333333,mm/s,GOOD
2025-02-11 02:00:00,PUMP101.VIBRATION_RMS,5.9045000000000005,mm/s,GOOD
2025-02-11 04:00:00,PUMP101.VIBRATION_RMS,5.313666666666666,mm/s,GOOD
2025-02-11 06:00:00,PUMP101.VIBRATION_RMS,5.791833333333333,mm/s,GOOD
2025-02-11 08:00:00,PUMP101.VIBRATION_RMS,5.586,mm/s,GOOD
2025-02-11 10:00:00,PUMP101.VIBRATION_RMS,5.839166666666667,mm/s,GOOD
2025-02-11 12:00:00,PUMP101.VIBRATION_RMS,4.811333333333334,mm/s,GOOD
2025-02-11 14:00:00,PUMP101.VIBRATION_RMS,5.4145,mm/s,GOOD
2025-02-11 16:00:00,PUMP101.VIBRATION_RMS,5.462666666666667,mm/s,GOOD
2025-02-11 18:00:00,PUMP101.VIBRATION_RMS,5.807833333333333,mm/s,GOOD
2025-02-11 20:00:00,PUMP101.VIBRATION_RMS,5.186,mm/s,GOOD
2025-02-11 22:00:00,PUMP101.VIBRATION_RMS,4.254166666666666,mm/s,GOOD
2025-02-12 00:00:00,PUMP101.VIBRATION_RMS,4.967333333333333,mm/s,GOOD
2025-02-12 02:00:00,PUMP101.VIBRATION_RMS,5.4815000000000005,mm/s,GOOD
2025-02-12 04:00:00,PUMP101.VIBRATION_RMS,5.5486666666666675,mm/s,GOOD
2025-02-12 06:00:00,PUMP101.VIBRATION_RMS,6.362833333333334,mm/s,GOOD
2025-02-12 08:00:00,PUMP101.VIBRATION_RMS,5.816000000000001,mm/s,GOOD
2025-02-12 10:00:00,PUMP101.VIBRATION_RMS,5.570166666666667,mm/s,GOOD
2025-02-12 12:00:00,PUMP101.VIBRATION_RMS,5.517333333333333,mm/s,GOOD
2025-02-12 14:00:00,PUMP101.VIBRATION_RMS,6.0895,mm/s,GOOD
2025-02-12 16:00:00,PUMP101.VIBRATION_RMS,5.246666666666667,mm/s,GOOD
2025-02-12 18:00:00,PUMP101.VIBRATION_RMS,5.475833333333334,mm/s,BAD
2025-02-12 20:00:00,PUMP101.VIBRATION_RMS,5.005000000000001,mm/s,GOOD
2025-02-12 22:00:00,PUMP101.VIBRATION_RMS,6.263166666666667,mm/s,GOOD
2025-02-13 00:00:00,PUMP101.VIBRATION_RMS,5.754333333333333,mm/s,GOOD
2025-02-13 02:00:00,PUMP101.VIBRATION_RMS,5.2085,mm/s,GOOD
2025-02-13 04:00:00,PUMP101.VIBRATION_RMS,5.509666666666667,mm/s,GOOD
2025-02-13 06:00:00,PUMP101.VIBRATION_RMS,5.825833333333334,mm/s,GOOD
2025-02-13 08:00:00,PUMP101.VIBRATION_RMS,5.45,mm/s,GOOD
2025-02-13 10:00:00,PUMP101.VIBRATION_RMS,5.312166666666667,mm/s,GOOD
2025-02-13 12:00:00,PUMP101.VIBRATION_RMS,5.256333333333334,mm/s,GOOD
2025-02-13 14:00:00,PUMP101.VIBRATION_RMS,5.756500000000001,mm/s,GOOD
2025-02-13 16:00:00,PUMP101.VIBRATION_RMS,5.4126666666666665,mm/s,GOOD
2025-02-13 18:00:00,PUMP101.VIBRATION_RMS,5.368833333333333,mm/s,GOOD
2025-02-13 20:00:00,PUMP101.VIBRATION_RMS,4.932,mm/s,GOOD
2025-02-13 22:00:00,PUMP101.VIBRATION_RMS,5.6431666666666676,mm/s,GOOD
2025-02-14 00:00:00,PUMP101.VIBRATION_RMS,5.517333333333333,mm/s,GOOD
2025-02-14 02:00:00,PUMP101.VIBRATION_RMS,5.4515,mm/s,GOOD
2025-02-14 04:00:00,PUMP101.VIBRATION_RMS,5.715666666666667,mm/s,GOOD
2025-02-14 06:00:00,PUMP101.VIBRATION_RMS,5.994833333333334,mm/s,GOOD
2025-02-14 08:00:00,PUMP101.VIBRATION_RMS,5.976,mm/s,GOOD
2025-02-14 10:00:00,PUMP101.VIBRATION_RMS,5.905166666666666,mm/s,GOOD
2025-02-14 12:00:00,PUMP101.VIBRATION_RMS,5.513333333333334,mm/s,GOOD
2025-02-14 14:00:00,PUMP101.VIBRATION_RMS,5.3545,mm/s,GOOD
2025-02-14 16:00:00,PUMP101.VIBRATION_RMS,5.119666666666667,mm/s,GOOD
2025-02-14 18:00:00,PUMP101.VIBRATION_RMS,5.348833333333333,mm/s,GOOD
2025-02-14 20:00:00,PUMP101.VIBRATION_RMS,5.66,mm/s,GOOD
2025-02-14 22:00:00,PUMP101.VIBRATION_RMS,5.261166666666667,mm/s,GOOD
2025-02-15 00:00:00,PUMP101.VIBRATION_RMS,5.706333333333333,mm/s,GOOD
2025-02-15 02:00:00,PUMP101.VIBRATION_RMS,5.1795,mm/s,GOOD
2025-02-15 04:00:00,PUMP101.VIBRATION_RMS,4.836666666666667,mm/s,GOOD
2025-02-15 06:00:00,PUMP101.VIBRATION_RMS,6.0808333333333335,mm/s,GOOD
2025-02-15 08:00:00,PUMP101.VIBRATION_RMS,5.438000000000001,mm/s,GOOD
2025-02-15 10:00:00,PUMP101.VIBRATION_RMS,5.260166666666667,mm/s,GOOD
2025-02-15 12:00:00,PUMP101.VIBRATION_RMS,5.136333333333334,mm/s,GOOD
2025-02-15 14:00:00,PUMP101.VIBRATION_RMS,5.8995,mm/s,GOOD
2025-02-15 16:00:00,PUMP101.VIBRATION_RMS,6.378666666666667,mm/s,GOOD
2025-02-15 18:00:00,PUMP101.VIBRATION_RMS,5.493833333333333,mm/s,GOOD
2025-02-15 20:00:00,PUMP101.VIBRATION_RMS,5.5920000000000005,mm/s,GOOD
2025-02-15 22:00:00,PUMP101.VIBRATION_RMS,6.240166666666667,mm/s,GOOD
2025-02-16 00:00:00,PUMP101.VIBRATION_RMS,4.803333333333334,mm/s,GOOD
2025-02-16 02:00:00,PUMP101.VIBRATION_RMS,6.695500000000001,mm/s,GOOD
2025-02-16 04:00:00,PUMP101.VIBRATION_RMS,6.938666666666666,mm/s,GOOD
2025-02-16 06:00:00,PUMP101.VIBRATION_RMS,4.3678333333333335,mm/s,GOOD
2025-02-16 08:00:00,PUMP101.VIBRATION_RMS,5.676,mm/s,GOOD
2025-02-16 10:00:00,PUMP101.VIBRATION_RMS,5.370166666666666,mm/s,GOOD
2025-02-16 12:00:00,PUMP101.VIBRATION_RMS,5.601333333333334,mm/s,GOOD
2025-02-16 14:00:00,PUMP101.VIBRATION_RMS,5.5285,mm/s,GOOD
2025-02-16 16:00:00,PUMP101.VIBRATION_RMS,6.147666666666667,mm/s,GOOD
2025-02-16 18:00:00,PUMP101.VIBRATION_RMS,5.6898333333333335,mm/s,BAD
2025-02-16 20:00:00,PUMP101.VIBRATION_RMS,5.295,mm/s,GOOD
2025-02-16 22:00:00,PUMP101.VIBRATION_RMS,5.668166666666666,mm/s,GOOD
2025-02-17 00:00:00,PUMP101.VIBRATION_RMS,6.015333333333334,mm/s,GOOD
2025-02-17 02:00:00,PUMP101.VIBRATION_RMS,5.1705000000000005,mm/s,GOOD
2025-02-17 04:00:00,PUMP101.VIBRATION_RMS,4.943666666666667,mm/s,GOOD
2025-02-17 06:00:00,PUMP101.VIBRATION_RMS,6.766833333333334,mm/s,GOOD
2025-02-17 08:00:00,PUMP101.VIBRATION_RMS,5.454000000000001,mm/s,GOOD
2025-02-17 10:00:00,PUMP101.VIBRATION_RMS,5.710166666666667,mm/s,GOOD
2025-02-17 12:00:00,PUMP101.VIBRATION_RMS,5.584333333333333,mm/s,GOOD
2025-02-17 14:00:00,PUMP101.VIBRATION_RMS,6.0615000000000006,mm/s,GOOD
2025-02-17 16:00:00,PUMP101.VIBRATION_RMS,6.677666666666667,mm/s,GOOD
2025-02-17 18:00:00,PUMP101.VIBRATION_RMS,6.085833333333333,mm/s,GOOD
2025-02-17 20:00:00,PUMP101.VIBRATION_RMS,5.041,mm/s,GOOD
2025-02-17 22:00:00,PUMP101.VIBRATION_RMS,5.112166666666667,mm/s,GOOD
2025-02-18 00:00:00,PUMP101.VIBRATION_RMS,5.609333333333334,mm/s,GOOD
2025-02-18 02:00:00,PUMP101.VIBRATION_RMS,5.6785,mm/s,GOOD
2025-02-18 04:00:00,PUMP101.VIBRATION_RMS,4.955666666666667,mm/s,GOOD
2025-02-18 06:00:00,PUMP101.VIBRATION_RMS,6.230833333333334,mm/s,GOOD
2025-02-18 08:00:00,PUMP101.VIBRATION_RMS,5.282,mm/s,GOOD
2025-02-18 10:00:00,PUMP101.VIBRATION_RMS,6.5761666666666665,mm/s,GOOD
2025-02-18 12:00:00,PUMP101.VIBRATION_RMS,6.743333333333334,mm/s,GOOD
2025-02-18 14:00:00,PUMP101.VIBRATION_RMS,5.7135,mm/s,GOOD
2025-02-18 16:00:00,PUMP101.VIBRATION_RMS,6.060666666666666,mm/s,GOOD
2025-02-18 18:00:00,PUMP101.VIBRATION_RMS,5.229833333333334,mm/s,GOOD
2025-02-18 20:00:00,PUMP101.VIBRATION_RMS,6.162,mm/s,GOOD
2025-02-18 22:00:00,PUMP101.VIBRATION_RMS,5.605166666666666,mm/s,GOOD
2025-02-19 00:00:00,PUMP101.VIBRATION_RMS,5.314333333333334,mm/s,GOOD
2025-02-19 02:00:00,PUMP101.VIBRATION_RMS,5.7175,mm/s,GOOD
2025-02-19 04:00:00,PUMP101.VIBRATION_RMS,5.633666666666667,mm/s,GOOD
2025-02-19 06:00:00,PUMP101.VIBRATION_RMS,5.707833333333333,mm/s,GOOD
2025-02-19 08:00:00,PUMP101.VIBRATION_RMS,6.35,mm/s,GOOD
2025-02-19 10:00:00,PUMP101.VIBRATION_RMS,5.486166666666667,mm/s,GOOD
2025-02-19 12:00:00,PUMP101.VIBRATION_RMS,6.751333333333333,mm/s,GOOD
2025-02-19 14:00:00,PUMP101.VIBRATION_RMS,5.2245,mm/s,GOOD
2025-02-19 16:00:00,PUMP101.VIBRATION_RMS,6.699666666666666,mm/s,GOOD
2025-02-19 18:00:00,PUMP101.VIBRATION_RMS,5.387833333333334,mm/s,GOOD
2025-02-19 20:00:00,PUMP101.VIBRATION_RMS,5.899000000000001,mm/s,GOOD
2025-02-19 22:00:00,PUMP101.VIBRATION_RMS,5.659166666666667,mm/s,GOOD
2025-02-20 00:00:00,PUMP101.VIBRATION_RMS,5.7363333333333335,mm/s,GOOD
2025-02-20 02:00:00,PUMP101.VIBRATION_RMS,6.3134999999999994,mm/s,GOOD
2025-02-20 04:00:00,PUMP101.VIBRATION_RMS,6.666666666666666,mm/s,GOOD
2025-02-20 06:00:00,PUMP101.VIBRATION_RMS,6.515833333333334,mm/s,GOOD
2025-02-20 08:00:00,PUMP101.VIBRATION_RMS,5.723000000000001,mm/s,GOOD
2025-02-20 10:00:00,PUMP101.VIBRATION_RMS,6.021166666666667,mm/s,GOOD
2025-02-20 12:00:00,PUMP101.VIBRATION_RMS,5.542333333333334,mm/s,GOOD
2025-02-20 14:00:00,PUMP101.VIBRATION_RMS,5.4415,mm/s,GOOD
2025-02-20 16:00:00,PUMP101.VIBRATION_RMS,5.368666666666666,mm/s,GOOD
2025-02-20 18:00:00,PUMP101.VIBRATION_RMS,5.726833333333333,mm/s,GOOD
2025-02-20 20:00:00,PUMP101.VIBRATION_RMS,6.075,mm/s,GOOD
2025-02-20 22:00:00,PUMP101.VIBRATION_RMS,4.998166666666666,mm/s,GOOD
2025-02-21 00:00:00,PUMP101.VIBRATION_RMS,5.935333333333334,mm/s,GOOD
2025-02-21 02:00:00,PUMP101.VIBRATION_RMS,6.7205,mm/s,GOOD
2025-02-21 04:00:00,PUMP101.VIBRATION_RMS,6.527666666666667,mm/s,GOOD
2025-02-21 06:00:00,PUMP101.VIBRATION_RMS,5.677833333333334,mm/s,GOOD
2025-02-21 08:00:00,PUMP101.VIBRATION_RMS,5.277,mm/s,GOOD
2025-02-21 10:00:00,PUMP101.VIBRATION_RMS,6.2091666666666665,mm/s,GOOD
2025-02-21 12:00:00,PUMP101.VIBRATION_RMS,4.824333333333334,mm/s,GOOD
2025-02-21 14:00:00,PUMP101.VIBRATION_RMS,6.5425,mm/s,GOOD
2025-02-21 16:00:00,PUMP101.VIBRATION_RMS,5.884666666666666,mm/s,GOOD
2025-02-21 18:00:00,PUMP101.VIBRATION_RMS,6.911833333333334,mm/s,GOOD
2025-02-21 20:00:00,PUMP101.VIBRATION_RMS,5.1370000000000005,mm/s,GOOD
2025-02-21 22:00:00,PUMP101.VIBRATION_RMS,6.463166666666666,mm/s,GOOD
2025-02-22 00:00:00,PUMP101.VIBRATION_RMS,5.958333333333334,mm/s,GOOD
2025-02-22 02:00:00,PUMP101.VIBRATION_RMS,5.846500000000001,mm/s,GOOD
2025-02-22 04:00:00,PUMP101.VIBRATION_RMS,5.331666666666667,mm/s,GOOD
2025-02-22 06:00:00,PUMP101.VIBRATION_RMS,6.318833333333334,mm/s,GOOD
2025-02-22 08:00:00,PUMP101.VIBRATION_RMS,6.363,mm/s,GOOD
2025-02-22 10:00:00,PUMP101.VIBRATION_RMS,6.922166666666667,mm/s,GOOD
2025-02-22 12:00:00,PUMP101.VIBRATION_RMS,6.537333333333334,mm/s,GOOD
2025-02-22 14:00:00,PUMP101.VIBRATION_RMS,5.7405,mm/s,GOOD
2025-02-22 16:00:00,PUMP101.VIBRATION_RMS,5.539666666666666,mm/s,GOOD
2025-02-22 18:00:00,PUMP101.VIBRATION_RMS,5.361833333333334,mm/s,GOOD
2025-02-22 20:00:00,PUMP101.VIBRATION_RMS,6.787000000000001,mm/s,GOOD
2025-02-22 22:00:00,PUMP101.VIBRATION_RMS,5.665166666666667,mm/s,GOOD
2025-02-23 00:00:00,PUMP101.VIBRATION_RMS,6.798333333333334,mm/s,GOOD
2025-02-23 02:00:00,PUMP101.VIBRATION_RMS,6.3255,mm/s,GOOD
2025-02-23 04:00:00,PUMP101.VIBRATION_RMS,6.2316666666666665,mm/s,GOOD
2025-02-23 06:00:00,PUMP101.VIBRATION_RMS,5.917833333333334,mm/s,GOOD
2025-02-23 08:00:00,PUMP101.VIBRATION_RMS,6.405,mm/s,GOOD
2025-02-23 10:00:00,PUMP101.VIBRATION_RMS,6.071166666666667,mm/s,GOOD
2025-02-23 12:00:00,PUMP101.VIBRATION_RMS,5.898333333333333,mm/s,GOOD
2025-02-23 14:00:00,PUMP101.VIBRATION_RMS,6.4355,mm/s,GOOD
2025-02-23 16:00:00,PUMP101.VIBRATION_RMS,6.019666666666667,mm/s,BAD
2025-02-23 18:00:00,PUMP101.VIBRATION_RMS,5.696833333333334,mm/s,GOOD
2025-02-23 20:00:00,PUMP101.VIBRATION_RMS,6.4,mm/s,GOOD
2025-02-23 22:00:00,PUMP101.VIBRATION_RMS,6.072166666666666,mm/s,GOOD
2025-02-24 00:00:00,PUMP101.VIBRATION_RMS,6.352333333333334,mm/s,GOOD
2025-02-24 02:00:00,PUMP101.VIBRATION_RMS,5.8855,mm/s,GOOD
2025-02-24 04:00:00,PUMP101.VIBRATION_RMS,5.511666666666667,mm/s,GOOD
2025-02-24 06:00:00,PUMP101.VIBRATION_RMS,6.988833333333334,mm/s,GOOD
2025-02-24 08:00:00,PUMP101.VIBRATION_RMS,6.898,mm/s,GOOD
2025-02-24 10:00:00,PUMP101.VIBRATION_RMS,6.571166666666667,mm/s,GOOD
2025-02-24 12:00:00,PUMP101.VIBRATION_RMS,5.939333333333334,mm/s,GOOD
2025-02-24 14:00:00,PUMP101.VIBRATION_RMS,5.987500000000001,mm/s,GOOD
2025-02-24 16:00:00,PUMP101.VIBRATION_RMS,6.832666666666666,mm/s,GOOD
2025-02-24 18:00:00,PUMP101.VIBRATION_RMS,5.968833333333334,mm/s,GOOD
2025-02-24 20:00:00,PUMP101.VIBRATION_RMS,5.8340000000000005,mm/s,GOOD
2025-02-24 22:00:00,PUMP101.VIBRATION_RMS,7.090166666666667,mm/s,GOOD
2025-02-25 00:00:00,PUMP101.VIBRATION_RMS,6.134333333333334,mm/s,GOOD
2025-02-25 02:00:00,PUMP101.VIBRATION_RMS,7.0465,mm/s,GOOD
2025-02-25 04:00:00,PUMP101.VIBRATION_RMS,5.467666666666666,mm/s,GOOD
2025-02-25 06:00:00,PUMP101.VIBRATION_RMS,6.429833333333334,mm/s,GOOD
2025-02-25 08:00:00,PUMP101.VIBRATION_RMS,7.211,mm/s,GOOD
2025-02-25 10:00:00,PUMP101.VIBRATION_RMS,6.194166666666667,mm/s,GOOD
2025-02-25 12:00:00,PUMP101.VIBRATION_RMS,6.051333333333334,mm/s,GOOD
2025-02-25 14:00:00,PUMP101.VIBRATION_RMS,5.6035,mm/s,GOOD
2025-02-25 16:00:00,PUMP101.VIBRATION_RMS,6.732666666666667,mm/s,GOOD
2025-02-25 18:00:00,PUMP101.VIBRATION_RMS,5.810833333333334,mm/s,GOOD
2025-02-25 20:00:00,PUMP101.VIBRATION_RMS,6.1530000000000005,mm/s,GOOD
2025-02-25 22:00:00,PUMP101.VIBRATION_RMS,5.587166666666667,mm/s,GOOD
2025-02-26 00:00:00,PUMP101.VIBRATION_RMS,6.986333333333334,mm/s,GOOD
2025-02-26 02:00:00,PUMP101.VIBRATION_RMS,6.7895,mm/s,GOOD
2025-02-26 04:00:00,PUMP101.VIBRATION_RMS,6.200666666666667,mm/s,GOOD
2025-02-26 06:00:00,PUMP101.VIBRATION_RMS,5.643833333333333,mm/s,GOOD
2025-02-26 08:00:00,PUMP101.VIBRATION_RMS,6.993,mm/s,GOOD
2025-02-26 10:00:00,PUMP101.VIBRATION_RMS,6.046166666666666,mm/s,GOOD
2025-02-26 12:00:00,PUMP101.VIBRATION_RMS,5.6803333333333335,mm/s,GOOD
2025-02-26 14:00:00,PUMP101.VIBRATION_RMS,5.3565000000000005,mm/s,GOOD
2025-02-26 16:00:00,PUMP101.VIBRATION_RMS,5.918666666666667,mm/s,GOOD
2025-02-26 18:00:00,PUMP101.VIBRATION_RMS,5.518833333333333,mm/s,GOOD
2025-02-26 20:00:00,PUMP101.VIBRATION_RMS,5.939,mm/s,GOOD
2025-02-26 22:00:00,PUMP101.VIBRATION_RMS,6.626166666666666,mm/s,GOOD
2025-02-27 00:00:00,PUMP101.VIBRATION_RMS,6.070333333333334,mm/s,GOOD
2025-02-27 02:00:00,PUMP101.VIBRATION_RMS,6.4405,mm/s,GOOD
2025-02-27 04:00:00,PUMP101.VIBRATION_RMS,5.9046666666666665,mm/s,GOOD
2025-02-27 06:00:00,PUMP101.VIBRATION_RMS,6.303833333333333,mm/s,GOOD
2025-02-27 08:00:00,PUMP101.VIBRATION_RMS,7.235,mm/s,GOOD
2025-02-27 10:00:00,PUMP101.VIBRATION_RMS,6.105166666666667,mm/s,GOOD
2025-02-27 12:00:00,PUMP101.VIBRATION_RMS,6.475333333333333,mm/s,GOOD
2025-02-27 14:00:00,PUMP101.VIBRATION_RMS,5.5045,mm/s,GOOD
2025-02-27 16:00:00,PUMP101.VIBRATION_RMS,7.051666666666666,mm/s,GOOD
2025-02-27 18:00:00,PUMP101.VIBRATION_RMS,6.0568333333333335,mm/s,GOOD
2025-02-27 20:00:00,PUMP101.VIBRATION_RMS,6.825,mm/s,GOOD
2025-02-27 22:00:00,PUMP101.VIBRATION_RMS,6.242166666666667,mm/s,GOOD
2025-02-28 00:00:00,PUMP101.VIBRATION_RMS,6.614333333333334,mm/s,GOOD
2025-02-28 02:00:00,PUMP101.VIBRATION_RMS,6.6485,mm/s,GOOD
2025-02-28 04:00:00,PUMP101.VIBRATION_RMS,6.0906666666666665,mm/s,GOOD
2025-02-28 06:00:00,PUMP101.VIBRATION_RMS,6.866833333333334,mm/s,GOOD
2025-02-28 08:00:00,PUMP101.VIBRATION_RMS,5.946,mm/s,GOOD
2025-02-28 10:00:00,PUMP101.VIBRATION_RMS,6.718166666666667,mm/s,GOOD
2025-02-28 12:00:00,PUMP101.VIBRATION_RMS,6.138333333333334,mm/s,GOOD
2025-02-28 14:00:00,PUMP101.VIBRATION_RMS,6.5125,mm/s,GOOD
2025-02-28 16:00:00,PUMP101.VIBRATION_RMS,6.110666666666667,mm/s,GOOD
2025-02-28 18:00:00,PUMP101.VIBRATION_RMS,6.370833333333334,mm/s,GOOD
2025-02-28 20:00:00,PUMP101.VIBRATION_RMS,5.813000000000001,mm/s,GOOD
2025-02-28 22:00:00,PUMP101.VIBRATION_RMS,6.478166666666667,mm/s,GOOD
2025-03-01 00:00:00,PUMP101.VIBRATION_RMS,6.380333333333334,mm/s,GOOD
2025-03-01 02:00:00,PUMP101.VIBRATION_RMS,6.0925,mm/s,GOOD
2025-03-01 04:00:00,PUMP101.VIBRATION_RMS,6.338666666666667,mm/s,GOOD
2025-03-01 06:00:00,PUMP101.VIBRATION_RMS,6.437833333333334,mm/s,GOOD
2025-03-01 08:00:00,PUMP101.VIBRATION_RMS,6.067,mm/s,GOOD
2025-03-01 10:00:00,PUMP101.VIBRATION_RMS,6.315166666666666,mm/s,GOOD
2025-03-01 12:00:00,PUMP101.VIBRATION_RMS,5.880333333333334,mm/s,GOOD
2025-03-01 14:00:00,PUMP101.VIBRATION_RMS,7.5605,mm/s,GOOD
2025-03-01 16:00:00,PUMP101.VIBRATION_RMS,6.921666666666667,mm/s,GOOD
2025-03-01 18:00:00,PUMP101.VIBRATION_RMS,6.532833333333334,mm/s,GOOD
2025-03-01 20:00:00,PUMP101.VIBRATION_RMS,6.986000000000001,mm/s,GOOD
2025-03-01 22:00:00,PUMP101.VIBRATION_RMS,5.414166666666667,mm/s,GOOD
2025-03-02 00:00:00,PUMP101.VIBRATION_RMS,5.129333333333333,mm/s,GOOD
2025-03-02 02:00:00,PUMP101.VIBRATION_RMS,6.2125,mm/s,GOOD
2025-03-02 04:00:00,PUMP101.VIBRATION_RMS,5.727666666666666,mm/s,GOOD
2025-03-02 06:00:00,PUMP101.VIBRATION_RMS,6.302833333333334,mm/s,GOOD
2025-03-02 08:00:00,PUMP101.VIBRATION_RMS,6.5280000000000005,mm/s,GOOD
2025-03-02 10:00:00,PUMP101.VIBRATION_RMS,6.889166666666666,mm/s,GOOD
2025-03-02 12:00:00,PUMP101.VIBRATION_RMS,5.864333333333334,mm/s,GOOD
2025-03-02 14:00:00,PUMP101.VIBRATION_RMS,6.6375,mm/s,GOOD
2025-03-02 16:00:00,PUMP101.VIBRATION_RMS,6.448666666666666,mm/s,GOOD
2025-03-02 18:00:00,PUMP101.VIBRATION_RMS,6.619833333333334,mm/s,GOOD
2025-03-02 20:00:00,PUMP101.VIBRATION_RMS,6.19,mm/s,GOOD
2025-03-02 22:00:00,PUMP101.VIBRATION_RMS,7.146166666666667,mm/s,GOOD
2025-03-03 00:00:00,PUMP101.VIBRATION_RMS,6.406333333333334,mm/s,GOOD
2025-03-03 02:00:00,PUMP101.VIBRATION_RMS,7.349500000000001,mm/s,GOOD
2025-03-03 04:00:00,PUMP101.VIBRATION_RMS,6.071666666666667,mm/s,GOOD
2025-03-03 06:00:00,PUMP101.VIBRATION_RMS,6.841833333333334,mm/s,GOOD
2025-03-03 08:00:00,PUMP101.VIBRATION_RMS,6.445,mm/s,GOOD
2025-03-03 10:00:00,PUMP101.VIBRATION_RMS,6.315166666666666,mm/s,GOOD
2025-03-03 12:00:00,PUMP101.VIBRATION_RMS,6.799333333333333,mm/s,GOOD
2025-03-03 14:00:00,PUMP101.VIBRATION_RMS,6.3375,mm/s,GOOD
2025-03-03 16:00:00,PUMP101.VIBRATION_RMS,5.160666666666667,mm/s,GOOD
2025-03-03 18:00:00,PUMP101.VIBRATION_RMS,4.964833333333334,mm/s,GOOD
2025-03-03 20:00:00,PUMP101.VIBRATION_RMS,7.136,mm/s,GOOD
2025-03-03 22:00:00,PUMP101.VIBRATION_RMS,7.119166666666667,mm/s,GOOD
2025-03-04 00:00:00,PUMP101.VIBRATION_RMS,7.452333333333334,mm/s,GOOD
2025-03-04 02:00:00,PUMP101.VIBRATION_RMS,6.503500000000001,mm/s,GOOD
2025-03-04 04:00:00,PUMP101.VIBRATION_RMS,5.870666666666667,mm/s,GOOD
2025-03-04 06:00:00,PUMP101.VIBRATION_RMS,6.310833333333334,mm/s,GOOD
2025-03-04 08:00:00,PUMP101.VIBRATION_RMS,6.531000000000001,mm/s,GOOD
2025-03-04 10:00:00,PUMP101.VIBRATION_RMS,6.025166666666667,mm/s,GOOD
2025-03-04 12:00:00,PUMP101.VIBRATION_RMS,7.357333333333334,mm/s,GOOD
2025-03-04 14:00:00,PUMP101.VIBRATION_RMS,7.657500000000001,mm/s,GOOD
2025-03-04 16:00:00,PUMP101.VIBRATION_RMS,6.780666666666667,mm/s,GOOD
2025-03-04 18:00:00,PUMP101.VIBRATION_RMS,6.5408333333333335,mm/s,GOOD
2025-03-04 20:00:00,PUMP101.VIBRATION_RMS,5.903,mm/s,GOOD
2025-03-04 22:00:00,PUMP101.VIBRATION_RMS,7.327166666666667,mm/s,GOOD
2025-03-05 00:00:00,PUMP101.VIBRATION_RMS,6.596333333333334,mm/s,GOOD
2025-03-05 02:00:00,PUMP101.VIBRATION_RMS,6.4175,mm/s,GOOD
2025-03-05 04:00:00,PUMP101.VIBRATION_RMS,6.807666666666666,mm/s,GOOD
2025-03-05 06:00:00,PUMP101.VIBRATION_RMS,6.277833333333334,mm/s,GOOD
2025-03-05 08:00:00,PUMP101.VIBRATION_RMS,6.648,mm/s,GOOD
2025-03-05 10:00:00,PUMP101.VIBRATION_RMS,5.8581666666666665,mm/s,GOOD
2025-03-05 12:00:00,PUMP101.VIBRATION_RMS,7.127333333333334,mm/s,GOOD
2025-03-05 14:00:00,PUMP101.VIBRATION_RMS,6.535500000000001,mm/s,GOOD
2025-03-05 16:00:00,PUMP101.VIBRATION_RMS,7.170666666666667,mm/s,GOOD
2025-03-05 18:00:00,PUMP101.VIBRATION_RMS,6.494833333333334,mm/s,GOOD
2025-03-05 20:00:00,PUMP101.VIBRATION_RMS,6.532,mm/s,GOOD
2025-03-05 22:00:00,PUMP101.VIBRATION_RMS,5.998166666666667,mm/s,GOOD
2025-03-06 00:00:00,PUMP101.VIBRATION_RMS,6.988333333333333,mm/s,GOOD
2025-03-06 02:00:00,PUMP101.VIBRATION_RMS,6.1745,mm/s,GOOD
2025-03-06 04:00:00,PUMP101.VIBRATION_RMS,6.373666666666667,mm/s,GOOD
2025-03-06 06:00:00,PUMP101.VIBRATION_RMS,6.621833333333333,mm/s,GOOD
2025-03-06 08:00:00,PUMP101.VIBRATION_RMS,6.686,mm/s,GOOD
2025-03-06 10:00:00,PUMP101.VIBRATION_RMS,5.776166666666667,mm/s,GOOD
2025-03-06 12:00:00,PUMP101.VIBRATION_RMS,6.5183333333333335,mm/s,GOOD
2025-03-06 14:00:00,PUMP101.VIBRATION_RMS,7.035500000000001,mm/s,GOOD
2025-03-06 16:00:00,PUMP101.VIBRATION_RMS,6.4526666666666666,mm/s,GOOD
2025-03-06 18:00:00,PUMP101.VIBRATION_RMS,6.533833333333334,mm/s,GOOD
2025-03-06 20:00:00,PUMP101.VIBRATION_RMS,6.731,mm/s,GOOD
2025-03-06 22:00:00,PUMP101.VIBRATION_RMS,6.591166666666666,mm/s,GOOD
2025-03-07 00:00:00,PUMP101.VIBRATION_RMS,6.143333333333334,mm/s,GOOD
2025-03-07 02:00:00,PUMP101.VIBRATION_RMS,6.644500000000001,mm/s,GOOD
2025-03-07 04:00:00,PUMP101.VIBRATION_RMS,7.163666666666667,mm/s,GOOD
2025-03-07 06:00:00,PUMP101.VIBRATION_RMS,6.144833333333334,mm/s,GOOD
2025-03-07 08:00:00,PUMP101.VIBRATION_RMS,6.4879999999999995,mm/s,GOOD
2025-03-07 10:00:00,PUMP101.VIBRATION_RMS,5.988166666666666,mm/s,GOOD
2025-03-07 12:00:00,PUMP101.VIBRATION_RMS,7.154333333333334,mm/s,GOOD
2025-03-07 14:00:00,PUMP101.VIBRATION_RMS,6.641500000000001,mm/s,GOOD
2025-03-07 16:00:00,PUMP101.VIBRATION_RMS,6.266666666666667,mm/s,BAD
2025-03-07 18:00:00,PUMP101.VIBRATION_RMS,6.741833333333334,mm/s,GOOD
2025-03-07 20:00:00,PUMP101.VIBRATION_RMS,6.098,mm/s,GOOD
2025-03-07 22:00:00,PUMP101.VIBRATION_RMS,6.187166666666666,mm/s,GOOD
2025-03-08 00:00:00,PUMP101.VIBRATION_RMS,5.9783333333333335,mm/s,GOOD
2025-03-08 02:00:00,PUMP101.VIBRATION_RMS,6.179500000000001,mm/s,GOOD
2025-03-08 04:00:00,PUMP101.VIBRATION_RMS,7.395666666666667,mm/s,GOOD
2025-03-08 06:00:00,PUMP101.VIBRATION_RMS,6.353833333333334,mm/s,GOOD
2025-03-08 08:00:00,PUMP101.VIBRATION_RMS,6.958,mm/s,GOOD
2025-03-08 10:00:00,PUMP101.VIBRATION_RMS,6.311166666666667,mm/s,GOOD
2025-03-08 12:00:00,PUMP101.VIBRATION_RMS,7.113333333333333,mm/s,GOOD
2025-03-08 14:00:00,PUMP101.VIBRATION_RMS,6.2245,mm/s,GOOD
2025-03-08 16:00:00,PUMP101.VIBRATION_RMS,6.761666666666667,mm/s,GOOD
2025-03-08 18:00:00,PUMP101.VIBRATION_RMS,6.771833333333333,mm/s,GOOD
2025-03-08 20:00:00,PUMP101.VIBRATION_RMS,7.914,mm/s,GOOD
2025-03-08 22:00:00,PUMP101.VIBRATION_RMS,7.069166666666666,mm/s,GOOD
2025-03-09 00:00:00,PUMP101.VIBRATION_RMS,6.4623333333333335,mm/s,GOOD
2025-03-09 02:00:00,PUMP101.VIBRATION_RMS,7.1055,mm/s,GOOD
2025-03-09 04:00:00,PUMP101.VIBRATION_RMS,7.835666666666667,mm/s,GOOD
2025-03-09 06:00:00,PUMP101.VIBRATION_RMS,5.955833333333334,mm/s,GOOD
2025-03-09 08:00:00,PUMP101.VIBRATION_RMS,6.354000000000001,mm/s,GOOD
2025-03-09 10:00:00,PUMP101.VIBRATION_RMS,6.6611666666666665,mm/s,GOOD
2025-03-09 12:00:00,PUMP101.VIBRATION_RMS,6.574333333333334,mm/s,GOOD
2025-03-09 14:00:00,PUMP101.VIBRATION_RMS,6.621500000000001,mm/s,GOOD
2025-03-09 16:00:00,PUMP101.VIBRATION_RMS,6.139666666666667,mm/s,GOOD
2025-03-09 18:00:00,PUMP101.VIBRATION_RMS,7.497833333333333,mm/s,GOOD
2025-03-09 20:00:00,PUMP101.VIBRATION_RMS,6.0889999999999995,mm/s,GOOD
2025-03-09 22:00:00,PUMP101.VIBRATION_RMS,6.704166666666666,mm/s,GOOD
2025-03-10 00:00:00,PUMP101.VIBRATION_RMS,7.331333333333333,mm/s,GOOD
2025-03-10 02:00:00,PUMP101.VIBRATION_RMS,6.797499999999999,mm/s,GOOD
2025-03-10 04:00:00,PUMP101.VIBRATION_RMS,6.326666666666666,mm/s,GOOD
2025-03-10 06:00:00,PUMP101.VIBRATION_RMS,6.146833333333333,mm/s,GOOD
2025-03-10 08:00:00,PUMP101.VIBRATION_RMS,6.71,mm/s,GOOD
2025-03-10 10:00:00,PUMP101.VIBRATION_RMS,6.450166666666666,mm/s,GOOD
2025-03-10 12:00:00,PUMP101.VIBRATION_RMS,6.936333333333334,mm/s,GOOD
2025-03-10 14:00:00,PUMP101.VIBRATION_RMS,6.1365,mm/s,GOOD
2025-03-10 16:00:00,PUMP101.VIBRATION_RMS,7.248666666666667,mm/s,GOOD
2025-03-10 18:00:00,PUMP101.VIBRATION_RMS,6.903833333333334,mm/s,GOOD
2025-03-10 20:00:00,PUMP101.VIBRATION_RMS,6.945,mm/s,GOOD
2025-03-10 22:00:00,PUMP101.VIBRATION_RMS,7.575166666666667,mm/s,GOOD
2025-03-11 00:00:00,PUMP101.VIBRATION_RMS,6.639333333333333,mm/s,GOOD
2025-03-11 02:00:00,PUMP101.VIBRATION_RMS,6.499499999999999,mm/s,GOOD
2025-03-11 04:00:00,PUMP101.VIBRATION_RMS,6.592666666666666,mm/s,GOOD
2025-03-11 06:00:00,PUMP101.VIBRATION_RMS,6.7748333333333335,mm/s,GOOD
2025-03-11 08:00:00,PUMP101.VIBRATION_RMS,6.83,mm/s,GOOD
2025-03-11 10:00:00,PUMP101.VIBRATION_RMS,6.464166666666666,mm/s,GOOD
2025-03-11 12:00:00,PUMP101.VIBRATION_RMS,5.871333333333334,mm/s,GOOD
2025-03-11 14:00:00,PUMP101.VIBRATION_RMS,6.6075,mm/s,GOOD
2025-03-11 16:00:00,PUMP101.VIBRATION_RMS,7.071666666666667,mm/s,GOOD
2025-03-11 18:00:00,PUMP101.VIBRATION_RMS,6.9638333333333335,mm/s,GOOD
2025-03-11 20:00:00,PUMP101.VIBRATION_RMS,7.5,mm/s,GOOD
2025-03-11 22:00:00,PUMP101.VIBRATION_RMS,7.8821666666666665,mm/s,GOOD
2025-03-12 00:00:00,PUMP101.VIBRATION_RMS,7.288333333333334,mm/s,GOOD
2025-03-12 02:00:00,PUMP101.VIBRATION_RMS,7.6035,mm/s,GOOD
2025-03-12 04:00:00,PUMP101.VIBRATION_RMS,7.299666666666667,mm/s,GOOD
2025-03-12 06:00:00,PUMP101.VIBRATION_RMS,7.775833333333333,mm/s,GOOD
2025-03-12 08:00:00,PUMP101.VIBRATION_RMS,7.85,mm/s,GOOD
2025-03-12 10:00:00,PUMP101.VIBRATION_RMS,7.405166666666666,mm/s,GOOD
2025-03-12 12:00:00,PUMP101.VIBRATION_RMS,7.286333333333333,mm/s,GOOD
2025-03-12 14:00:00,PUMP101.VIBRATION_RMS,6.8345,mm/s,GOOD
2025-03-12 16:00:00,PUMP101.VIBRATION_RMS,6.9206666666666665,mm/s,GOOD
2025-03-12 18:00:00,PUMP101.VIBRATION_RMS,6.776833333333334,mm/s,GOOD
2025-03-12 20:00:00,PUMP101.VIBRATION_RMS,7.261,mm/s,GOOD
2025-03-12 22:00:00,PUMP101.VIBRATION_RMS,6.594166666666666,mm/s,GOOD
2025-03-13 00:00:00,PUMP101.VIBRATION_RMS,6.862333333333334,mm/s,GOOD
2025-03-13 02:00:00,PUMP101.VIBRATION_RMS,5.7845,mm/s,GOOD
2025-03-13 04:00:00,PUMP101.VIBRATION_RMS,7.828666666666667,mm/s,GOOD
2025-03-13 06:00:00,PUMP101.VIBRATION_RMS,6.860833333333334,mm/s,GOOD
2025-03-13 08:00:00,PUMP101.VIBRATION_RMS,7.203000000000001,mm/s,GOOD
2025-03-13 10:00:00,PUMP101.VIBRATION_RMS,7.708166666666667,mm/s,BAD
2025-03-13 12:00:00,PUMP101.VIBRATION_RMS,7.133333333333333,mm/s,GOOD
2025-03-13 14:00:00,PUMP101.VIBRATION_RMS,7.7095,mm/s,GOOD
2025-03-13 16:00:00,PUMP101.VIBRATION_RMS,6.370666666666667,mm/s,GOOD
2025-03-13 18:00:00,PUMP101.VIBRATION_RMS,8.194833333333333,mm/s,GOOD
2025-03-13 20:00:00,PUMP101.VIBRATION_RMS,7.5440000000000005,mm/s,GOOD
2025-03-13 22:00:00,PUMP101.VIBRATION_RMS,7.109166666666667,mm/s,GOOD
2025-03-14 00:00:00,PUMP101.VIBRATION_RMS,7.721333333333334,mm/s,GOOD
2025-03-14 02:00:00,PUMP101.VIBRATION_RMS,6.4285,mm/s,GOOD
2025-03-14 04:00:00,PUMP101.VIBRATION_RMS,6.8726666666666665,mm/s,GOOD
2025-03-14 06:00:00,PUMP101.VIBRATION_RMS,7.7428333333333335,mm/s,GOOD
2025-03-14 08:00:00,PUMP101.VIBRATION_RMS,6.091,mm/s,GOOD
2025-03-14 10:00:00,PUMP101.VIBRATION_RMS,7.309166666666666,mm/s,GOOD
2025-03-14 12:00:00,PUMP101.VIBRATION_RMS,7.299333333333334,mm/s,GOOD
2025-03-14 14:00:00,PUMP101.VIBRATION_RMS,8.0225,mm/s,GOOD
2025-03-14 16:00:00,PUMP101.VIBRATION_RMS,6.2506666666666675,mm/s,GOOD
2025-03-14 18:00:00,PUMP101.VIBRATION_RMS,7.850833333333334,mm/s,GOOD
2025-03-14 20:00:00,PUMP101.VIBRATION_RMS,6.77,mm/s,GOOD
2025-03-14 22:00:00,PUMP101.VIBRATION_RMS,6.830166666666666,mm/s,GOOD
2025-03-15 00:00:00,PUMP101.VIBRATION_RMS,6.447333333333334,mm/s,GOOD
2025-03-15 02:00:00,PUMP101.VIBRATION_RMS,6.5184999999999995,mm/s,GOOD
2025-03-15 04:00:00,PUMP101.VIBRATION_RMS,7.268666666666666,mm/s,GOOD
2025-03-15 06:00:00,PUMP101.VIBRATION_RMS,6.514833333333334,mm/s,GOOD
2025-03-15 08:00:00,PUMP101.VIBRATION_RMS,7.445,mm/s,GOOD
2025-03-15 10:00:00,PUMP101.VIBRATION_RMS,6.748166666666666,mm/s,GOOD
2025-03-15 12:00:00,PUMP101.VIBRATION_RMS,6.476333333333334,mm/s,GOOD
2025-03-15 14:00:00,PUMP101.VIBRATION_RMS,6.823500000000001,mm/s,GOOD
2025-03-15 16:00:00,PUMP101.VIBRATION_RMS,7.259666666666667,mm/s,GOOD
2025-03-15 18:00:00,PUMP101.VIBRATION_RMS,6.956833333333334,mm/s,GOOD
2025-03-15 20:00:00,PUMP101.VIBRATION_RMS,7.117000000000001,mm/s,BAD
2025-03-15 22:00:00,PUMP101.VIBRATION_RMS,7.452166666666667,mm/s,GOOD
2025-03-16 00:00:00,PUMP101.VIBRATION_RMS,7.649333333333333,mm/s,GOOD
2025-03-16 02:00:00,PUMP101.VIBRATION_RMS,6.9575,mm/s,GOOD
2025-03-16 04:00:00,PUMP101.VIBRATION_RMS,6.594666666666666,mm/s,GOOD
2025-03-16 06:00:00,PUMP101.VIBRATION_RMS,7.158833333333334,mm/s,BAD
2025-03-16 08:00:00,PUMP101.VIBRATION_RMS,7.359999999999999,mm/s,GOOD
2025-03-16 10:00:00,PUMP101.VIBRATION_RMS,6.399166666666666,mm/s,GOOD
2025-03-16 12:00:00,PUMP101.VIBRATION_RMS,6.688333333333334,mm/s,GOOD
2025-03-16 14:00:00,PUMP101.VIBRATION_RMS,6.7775,mm/s,GOOD
2025-03-16 16:00:00,PUMP101.VIBRATION_RMS,7.0376666666666665,mm/s,GOOD
2025-03-16 18:00:00,PUMP101.VIBRATION_RMS,6.764833333333334,mm/s,GOOD
2025-03-16 20:00:00,PUMP101.VIBRATION_RMS,7.5040000000000004,mm/s,GOOD
2025-03-16 22:00:00,PUMP101.VIBRATION_RMS,6.351166666666667,mm/s,GOOD
2025-03-17 00:00:00,PUMP101.VIBRATION_RMS,6.368333333333334,mm/s,GOOD
2025-03-17 02:00:00,PUMP101.VIBRATION_RMS,6.995500000000001,mm/s,GOOD
2025-03-17 04:00:00,PUMP101.VIBRATION_RMS,7.078666666666667,mm/s,GOOD
2025-03-17 06:00:00,PUMP101.VIBRATION_RMS,6.443833333333333,mm/s,GOOD
2025-03-17 08:00:00,PUMP101.VIBRATION_RMS,6.872,mm/s,GOOD
2025-03-17 10:00:00,PUMP101.VIBRATION_RMS,6.978166666666667,mm/s,GOOD
2025-03-17 12:00:00,PUMP101.VIBRATION_RMS,6.9863333333333335,mm/s,GOOD
2025-03-17 14:00:00,PUMP101.VIBRATION_RMS,7.2635000000000005,mm/s,GOOD
2025-03-17 16:00:00,PUMP101.VIBRATION_RMS,6.860666666666667,mm/s,GOOD
2025-03-17 18:00:00,PUMP101.VIBRATION_RMS,7.934833333333334,mm/s,GOOD
2025-03-17 20:00:00,PUMP101.VIBRATION_RMS,7.444000000000001,mm/s,GOOD
2025-03-17 22:00:00,PUMP101.VIBRATION_RMS,6.800166666666667,mm/s,GOOD
2025-03-18 00:00:00,PUMP101.VIBRATION_RMS,7.2553333333333345,mm/s,GOOD
2025-03-18 02:00:00,PUMP101.VIBRATION_RMS,7.2745,mm/s,GOOD
2025-03-18 04:00:00,PUMP101.VIBRATION_RMS,7.823666666666667,mm/s,GOOD
2025-03-18 06:00:00,PUMP101.VIBRATION_RMS,6.920833333333334,mm/s,GOOD
2025-03-18 08:00:00,PUMP101.VIBRATION_RMS,7.609,mm/s,GOOD
2025-03-18 10:00:00,PUMP101.VIBRATION_RMS,7.250166666666667,mm/s,GOOD
2025-03-18 12:00:00,PUMP101.VIBRATION_RMS,7.979333333333333,mm/s,GOOD
2025-03-18 14:00:00,PUMP101.VIBRATION_RMS,7.8825,mm/s,GOOD
2025-03-18 16:00:00,PUMP101.VIBRATION_RMS,7.339666666666666,mm/s,GOOD
2025-03-18 18:00:00,PUMP101.VIBRATION_RMS,7.114833333333333,mm/s,GOOD
2025-03-18 20:00:00,PUMP101.VIBRATION_RMS,7.503,mm/s,GOOD
2025-03-18 22:00:00,PUMP101.VIBRATION_RMS,7.164166666666667,mm/s,GOOD
2025-03-19 00:00:00,PUMP101.VIBRATION_RMS,8.098333333333333,mm/s,GOOD
2025-03-19 02:00:00,PUMP101.VIBRATION_RMS,7.301500000000001,mm/s,GOOD
2025-03-19 04:00:00,PUMP101.VIBRATION_RMS,7.063666666666666,mm/s,GOOD
2025-03-19 06:00:00,PUMP101.VIBRATION_RMS,7.0408333333333335,mm/s,GOOD
2025-03-19 08:00:00,PUMP101.VIBRATION_RMS,6.668,mm/s,GOOD
2025-03-19 10:00:00,PUMP101.VIBRATION_RMS,7.557166666666667,mm/s,GOOD
2025-03-19 12:00:00,PUMP101.VIBRATION_RMS,6.873333333333334,mm/s,GOOD
2025-03-19 14:00:00,PUMP101.VIBRATION_RMS,7.836500000000001,mm/s,GOOD
2025-03-19 16:00:00,PUMP101.VIBRATION_RMS,6.645666666666667,mm/s,GOOD
2025-03-19 18:00:00,PUMP101.VIBRATION_RMS,7.3598333333333334,mm/s,GOOD
2025-03-19 20:00:00,PUMP101.VIBRATION_RMS,7.875000000000001,mm/s,GOOD
2025-03-19 22:00:00,PUMP101.VIBRATION_RMS,6.228166666666667,mm/s,GOOD
2025-03-20 00:00:00,PUMP101.VIBRATION_RMS,8.317333333333334,mm/s,GOOD
2025-03-20 02:00:00,PUMP101.VIBRATION_RMS,7.0995,mm/s,GOOD
2025-03-20 04:00:00,PUMP101.VIBRATION_RMS,7.387666666666666,mm/s,GOOD
2025-03-20 06:00:00,PUMP101.VIBRATION_RMS,7.606833333333334,mm/s,GOOD
2025-03-20 08:00:00,PUMP101.VIBRATION_RMS,7.688000000000001,mm/s,GOOD
2025-03-20 10:00:00,PUMP101.VIBRATION_RMS,7.466166666666666,mm/s,GOOD
2025-03-20 12:00:00,PUMP101.VIBRATION_RMS,7.8323333333333345,mm/s,GOOD
2025-03-20 14:00:00,PUMP101.VIBRATION_RMS,7.5975,mm/s,GOOD
2025-03-20 16:00:00,PUMP101.VIBRATION_RMS,8.221666666666668,mm/s,GOOD
2025-03-20 18:00:00,PUMP101.VIBRATION_RMS,7.606833333333334,mm/s,GOOD
2025-03-20 20:00:00,PUMP101.VIBRATION_RMS,8.332,mm/s,GOOD
2025-03-20 22:00:00,PUMP101.VIBRATION_RMS,7.805166666666667,mm/s,GOOD
2025-03-21 00:00:00,PUMP101.VIBRATION_RMS,6.455333333333334,mm/s,GOOD
2025-03-21 02:00:00,PUMP101.VIBRATION_RMS,8.668500000000002,mm/s,GOOD
2025-03-21 04:00:00,PUMP101.VIBRATION_RMS,7.079666666666667,mm/s,GOOD
2025-03-21 06:00:00,PUMP101.VIBRATION_RMS,8.118833333333335,mm/s,GOOD
2025-03-21 08:00:00,PUMP101.VIBRATION_RMS,7.388,mm/s,GOOD
2025-03-21 10:00:00,PUMP101.VIBRATION_RMS,7.910166666666667,mm/s,GOOD
2025-03-21 12:00:00,PUMP101.VIBRATION_RMS,7.039333333333333,mm/s,GOOD
2025-03-21 14:00:00,PUMP101.VIBRATION_RMS,7.7005,mm/s,GOOD
2025-03-21 16:00:00,PUMP101.VIBRATION_RMS,7.264666666666667,mm/s,GOOD
2025-03-21 18:00:00,PUMP101.VIBRATION_RMS,8.185833333333335,mm/s,GOOD
2025-03-21 20:00:00,PUMP101.VIBRATION_RMS,7.619,mm/s,GOOD
2025-03-21 22:00:00,PUMP101.VIBRATION_RMS,7.872166666666667,mm/s,GOOD
2025-03-22 00:00:00,PUMP101.VIBRATION_RMS,6.326333333333334,mm/s,GOOD
2025-03-22 02:00:00,PUMP101.VIBRATION_RMS,7.3695,mm/s,GOOD
2025-03-22 04:00:00,PUMP101.VIBRATION_RMS,7.621666666666667,mm/s,GOOD
2025-03-22 06:00:00,PUMP101.VIBRATION_RMS,7.532833333333334,mm/s,GOOD
2025-03-22 08:00:00,PUMP101.VIBRATION_RMS,7.906000000000001,mm/s,GOOD
2025-03-22 10:00:00,PUMP101.VIBRATION_RMS,7.246166666666667,mm/s,GOOD
2025-03-22 12:00:00,PUMP101.VIBRATION_RMS,7.457333333333334,mm/s,GOOD
2025-03-22 14:00:00,PUMP101.VIBRATION_RMS,8.028500000000001,mm/s,GOOD
2025-03-22 16:00:00,PUMP101.VIBRATION_RMS,6.302666666666666,mm/s,BAD
2025-03-22 18:00:00,PUMP101.VIBRATION_RMS,7.740833333333334,mm/s,GOOD
2025-03-22 20:00:00,PUMP101.VIBRATION_RMS,7.283,mm/s,GOOD
2025-03-22 22:00:00,PUMP101.VIBRATION_RMS,6.998166666666666,mm/s,GOOD
2025-03-23 00:00:00,PUMP101.VIBRATION_RMS,7.626333333333334,mm/s,GOOD
2025-03-23 02:00:00,PUMP101.VIBRATION_RMS,8.0765,mm/s,GOOD
2025-03-23 04:00:00,PUMP101.VIBRATION_RMS,7.986666666666666,mm/s,GOOD
2025-03-23 06:00:00,PUMP101.VIBRATION_RMS,7.402833333333334,mm/s,GOOD
2025-03-23 08:00:00,PUMP101.VIBRATION_RMS,7.913,mm/s,GOOD
2025-03-23 10:00:00,PUMP101.VIBRATION_RMS,7.913166666666667,mm/s,GOOD
2025-03-23 12:00:00,PUMP101.VIBRATION_RMS,7.439333333333334,mm/s,GOOD
2025-03-23 14:00:00,PUMP101.VIBRATION_RMS,7.140500000000001,mm/s,GOOD
2025-03-23 16:00:00,PUMP101.VIBRATION_RMS,7.1736666666666675,mm/s,GOOD
2025-03-23 18:00:00,PUMP101.VIBRATION_RMS,7.914833333333334,mm/s,GOOD
2025-03-23 20:00:00,PUMP101.VIBRATION_RMS,7.479,mm/s,GOOD
2025-03-23 22:00:00,PUMP101.VIBRATION_RMS,6.981166666666667,mm/s,GOOD
2025-03-24 00:00:00,PUMP101.VIBRATION_RMS,6.666333333333334,mm/s,GOOD
2025-03-24 02:00:00,PUMP101.VIBRATION_RMS,7.9285,mm/s,GOOD
2025-03-24 04:00:00,PUMP101.VIBRATION_RMS,7.243666666666666,mm/s,GOOD
2025-03-24 06:00:00,PUMP101.VIBRATION_RMS,7.685833333333334,mm/s,GOOD
2025-03-24 08:00:00,PUMP101.VIBRATION_RMS,8.145,mm/s,GOOD
2025-03-24 10:00:00,PUMP101.VIBRATION_RMS,6.875166666666667,mm/s,BAD
2025-03-24 12:00:00,PUMP101.VIBRATION_RMS,7.5103333333333335,mm/s,GOOD
2025-03-24 14:00:00,PUMP101.VIBRATION_RMS,7.452500000000001,mm/s,GOOD
2025-03-24 16:00:00,PUMP101.VIBRATION_RMS,7.731666666666667,mm/s,GOOD
2025-03-24 18:00:00,PUMP101.VIBRATION_RMS,8.165833333333335,mm/s,GOOD
2025-03-24 20:00:00,PUMP101.VIBRATION_RMS,6.885000000000001,mm/s,GOOD
2025-03-24 22:00:00,PUMP101.VIBRATION_RMS,7.839166666666667,mm/s,GOOD
2025-03-25 00:00:00,PUMP101.VIBRATION_RMS,8.074333333333334,mm/s,GOOD
2025-03-25 02:00:00,PUMP101.VIBRATION_RMS,7.4695,mm/s,GOOD
2025-03-25 04:00:00,PUMP101.VIBRATION_RMS,7.4976666666666665,mm/s,GOOD
2025-03-25 06:00:00,PUMP101.VIBRATION_RMS,7.779833333333334,mm/s,GOOD
2025-03-25 08:00:00,PUMP101.VIBRATION_RMS,7.747,mm/s,GOOD
2025-03-25 10:00:00,PUMP101.VIBRATION_RMS,7.870166666666666,mm/s,GOOD
2025-03-25 12:00:00,PUMP101.VIBRATION_RMS,7.8643333333333345,mm/s,GOOD
2025-03-25 14:00:00,PUMP101.VIBRATION_RMS,7.096500000000001,mm/s,GOOD
2025-03-25 16:00:00,PUMP101.VIBRATION_RMS,8.086666666666666,mm/s,GOOD
2025-03-25 18:00:00,PUMP101.VIBRATION_RMS,8.178833333333333,mm/s,GOOD
2025-03-25 20:00:00,PUMP101.VIBRATION_RMS,7.6930000000000005,mm/s,GOOD
2025-03-25 22:00:00,PUMP101.VIBRATION_RMS,6.857166666666667,mm/s,BAD
2025-03-26 00:00:00,PUMP101.VIBRATION_RMS,7.551333333333334,mm/s,GOOD
2025-03-26 02:00:00,PUMP101.VIBRATION_RMS,7.7095,mm/s,GOOD
2025-03-26 04:00:00,PUMP101.VIBRATION_RMS,7.044666666666667,mm/s,GOOD
2025-03-26 06:00:00,PUMP101.VIBRATION_RMS,7.440833333333334,mm/s,GOOD
2025-03-26 08:00:00,PUMP101.VIBRATION_RMS,6.92,mm/s,GOOD
2025-03-26 10:00:00,PUMP101.VIBRATION_RMS,7.933166666666667,mm/s,GOOD
2025-03-26 12:00:00,PUMP101.VIBRATION_RMS,7.716333333333334,mm/s,GOOD
2025-03-26 14:00:00,PUMP101.VIBRATION_RMS,6.814500000000001,mm/s,GOOD
2025-03-26 16:00:00,PUMP101.VIBRATION_RMS,7.817666666666667,mm/s,GOOD
2025-03-26 18:00:00,PUMP101.VIBRATION_RMS,7.6178333333333335,mm/s,GOOD
2025-03-26 20:00:00,PUMP101.VIBRATION_RMS,7.908,mm/s,GOOD
2025-03-26 22:00:00,PUMP101.VIBRATION_RMS,7.458166666666667,mm/s,GOOD
2025-03-27 00:00:00,PUMP101.VIBRATION_RMS,7.257333333333334,mm/s,GOOD
2025-03-27 02:00:00,PUMP101.VIBRATION_RMS,7.277500000000001,mm/s,GOOD
2025-03-27 04:00:00,PUMP101.VIBRATION_RMS,7.397666666666667,mm/s,GOOD
2025-03-27 06:00:00,PUMP101.VIBRATION_RMS,7.679833333333335,mm/s,GOOD
2025-03-27 08:00:00,PUMP101.VIBRATION_RMS,7.7490000000000006,mm/s,GOOD
2025-03-27 10:00:00,PUMP101.VIBRATION_RMS,7.5841666666666665,mm/s,GOOD
2025-03-27 12:00:00,PUMP101.VIBRATION_RMS,7.471333333333334,mm/s,GOOD
2025-03-27 14:00:00,PUMP101.VIBRATION_RMS,7.5115,mm/s,GOOD
2025-03-27 16:00:00,PUMP101.VIBRATION_RMS,8.945666666666666,mm/s,GOOD
2025-03-27 18:00:00,PUMP101.VIBRATION_RMS,7.310833333333334,mm/s,GOOD
2025-03-27 20:00:00,PUMP101.VIBRATION_RMS,7.421,mm/s,GOOD
2025-03-27 22:00:00,PUMP101.VIBRATION_RMS,9.351166666666668,mm/s,GOOD
2025-03-28 00:00:00,PUMP101.VIBRATION_RMS,7.919333333333334,mm/s,GOOD
2025-03-28 02:00:00,PUMP101.VIBRATION_RMS,7.022500000000001,mm/s,GOOD
2025-03-28 04:00:00,PUMP101.VIBRATION_RMS,8.137666666666666,mm/s,GOOD
2025-03-28 06:00:00,PUMP101.VIBRATION_RMS,7.265833333333334,mm/s,GOOD
2025-03-28 08:00:00,PUMP101.VIBRATION_RMS,8.18,mm/s,GOOD
2025-03-28 10:00:00,PUMP101.VIBRATION_RMS,7.624166666666667,mm/s,GOOD
2025-03-28 12:00:00,PUMP101.VIBRATION_RMS,7.513333333333334,mm/s,BAD
2025-03-28 14:00:00,PUMP101.VIBRATION_RMS,8.5425,mm/s,GOOD
2025-03-28 16:00:00,PUMP101.VIBRATION_RMS,8.024666666666667,mm/s,GOOD
2025-03-28 18:00:00,PUMP101.VIBRATION_RMS,8.231833333333334,mm/s,GOOD
2025-03-28 20:00:00,PUMP101.VIBRATION_RMS,7.9670000000000005,mm/s,GOOD
2025-03-28 22:00:00,PUMP101.VIBRATION_RMS,7.532166666666667,mm/s,GOOD
2025-03-29 00:00:00,PUMP101.VIBRATION_RMS,8.064333333333334,mm/s,GOOD
2025-03-29 02:00:00,PUMP101.VIBRATION_RMS,8.3675,mm/s,GOOD
2025-03-29 04:00:00,PUMP101.VIBRATION_RMS,7.833666666666667,mm/s,GOOD
2025-03-29 06:00:00,PUMP101.VIBRATION_RMS,8.671833333333334,mm/s,GOOD
2025-03-29 08:00:00,PUMP101.VIBRATION_RMS,8.2,mm/s,GOOD
2025-03-29 10:00:00,PUMP101.VIBRATION_RMS,7.885166666666667,mm/s,GOOD
2025-03-29 12:00:00,PUMP101.VIBRATION_RMS,7.909333333333334,mm/s,GOOD
2025-03-29 14:00:00,PUMP101.VIBRATION_RMS,7.8565000000000005,mm/s,GOOD
2025-03-29 16:00:00,PUMP101.VIBRATION_RMS,7.165666666666667,mm/s,GOOD
2025-03-29 18:00:00,PUMP101.VIBRATION_RMS,7.750833333333334,mm/s,GOOD
2025-03-29 20:00:00,PUMP101.VIBRATION_RMS,7.911000000000001,mm/s,GOOD
2025-03-29 22:00:00,PUMP101.VIBRATION_RMS,7.596166666666667,mm/s,GOOD
2025-03-30 00:00:00,PUMP101.VIBRATION_RMS,7.977333333333334,mm/s,GOOD
2025-03-30 02:00:00,PUMP101.VIBRATION_RMS,7.8235,mm/s,GOOD
2025-03-30 04:00:00,PUMP101.VIBRATION_RMS,8.203666666666667,mm/s,GOOD
2025-03-30 06:00:00,PUMP101.VIBRATION_RMS,8.152833333333334,mm/s,GOOD
2025-03-30 08:00:00,PUMP101.VIBRATION_RMS,7.909000000000001,mm/s,GOOD
2025-03-30 10:00:00,PUMP101.VIBRATION_RMS,7.145166666666666,mm/s,GOOD
2025-03-30 12:00:00,PUMP101.VIBRATION_RMS,8.728333333333333,mm/s,GOOD
2025-03-30 14:00:00,PUMP101.VIBRATION_RMS,7.766500000000001,mm/s,GOOD
2025-03-30 16:00:00,PUMP101.VIBRATION_RMS,7.801666666666667,mm/s,BAD
2025-03-30 18:00:00,PUMP101.VIBRATION_RMS,7.674833333333334,mm/s,GOOD
2025-03-30 20:00:00,PUMP101.VIBRATION_RMS,7.606,mm/s,GOOD
2025-03-30 22:00:00,PUMP101.VIBRATION_RMS,8.626166666666666,mm/s,GOOD
2025-03-31 00:00:00,PUMP101.VIBRATION_RMS,8.551333333333334,mm/s,GOOD
2025-03-31 02:00:00,PUMP101.VIBRATION_RMS,8.0845,mm/s,GOOD
2025-03-31 04:00:00,PUMP101.VIBRATION_RMS,7.812666666666667,mm/s,GOOD
2025-03-31 06:00:00,PUMP101.VIBRATION_RMS,8.180833333333334,mm/s,GOOD
2025-03-31 08:00:00,PUMP101.VIBRATION_RMS,7.912,mm/s,GOOD
2025-03-31 10:00:00,PUMP101.VIBRATION_RMS,7.784166666666666,mm/s,GOOD
2025-03-31 12:00:00,PUMP101.VIBRATION_RMS,8.052333333333333,mm/s,GOOD
2025-03-31 14:00:00,PUMP101.VIBRATION_RMS,7.6665,mm/s,GOOD
2025-03-31 16:00:00,PUMP101.VIBRATION_RMS,8.017666666666667,mm/s,GOOD
2025-03-31 18:00:00,PUMP101.VIBRATION_RMS,7.997833333333334,mm/s,GOOD
2025-03-31 20:00:00,PUMP101.VIBRATION_RMS,8.201,mm/s,GOOD
2025-03-31 22:00:00,PUMP101.VIBRATION_RMS,7.594166666666666,mm/s,GOOD
2025-04-01 00:00:00,PUMP101.VIBRATION_RMS,8.263333333333334,mm/s,GOOD
2025-04-01 02:00:00,PUMP101.VIBRATION_RMS,7.4595,mm/s,GOOD
2025-04-01 04:00:00,PUMP101.VIBRATION_RMS,7.6306666666666665,mm/s,GOOD
2025-04-01 06:00:00,PUMP101.VIBRATION_RMS,7.656833333333335,mm/s,GOOD
2025-04-01 08:00:00,PUMP101.VIBRATION_RMS,7.389000000000001,mm/s,GOOD
2025-04-01 10:00:00,PUMP101.VIBRATION_RMS,8.437166666666666,mm/s,GOOD
2025-04-01 12:00:00,PUMP101.VIBRATION_RMS,7.448333333333334,mm/s,GOOD
2025-04-01 14:00:00,PUMP101.VIBRATION_RMS,7.5885,mm/s,GOOD
2025-04-01 16:00:00,PUMP101.VIBRATION_RMS,8.569666666666667,mm/s,GOOD
2025-04-01 18:00:00,PUMP101.VIBRATION_RMS,7.660833333333334,mm/s,GOOD
2025-04-01 20:00:00,PUMP101.VIBRATION_RMS,7.856,mm/s,GOOD
2025-04-01 22:00:00,PUMP101.VIBRATION_RMS,7.448166666666666,mm/s,GOOD
2025-04-02 00:00:00,PUMP101.VIBRATION_RMS,8.374333333333334,mm/s,GOOD
2025-04-02 02:00:00,PUMP101.VIBRATION_RMS,8.3855,mm/s,GOOD
2025-04-02 04:00:00,PUMP101.VIBRATION_RMS,8.335666666666667,mm/s,GOOD
2025-04-02 06:00:00,PUMP101.VIBRATION_RMS,8.239833333333333,mm/s,GOOD
2025-04-02 08:00:00,PUMP101.VIBRATION_RMS,8.012,mm/s,GOOD
2025-04-02 10:00:00,PUMP101.VIBRATION_RMS,7.717166666666667,mm/s,GOOD
2025-04-02 12:00:00,PUMP101.VIBRATION_RMS,7.576333333333334,mm/s,GOOD
2025-04-02 14:00:00,PUMP101.VIBRATION_RMS,8.6325,mm/s,GOOD
2025-04-02 16:00:00,PUMP101.VIBRATION_RMS,8.373666666666667,mm/s,GOOD
2025-04-02 18:00:00,PUMP101.VIBRATION_RMS,7.648833333333334,mm/s,GOOD
2025-04-02 20:00:00,PUMP101.VIBRATION_RMS,8.02,mm/s,GOOD
2025-04-02 22:00:00,PUMP101.VIBRATION_RMS,7.854166666666666,mm/s,GOOD
2025-04-03 00:00:00,PUMP101.VIBRATION_RMS,7.444333333333334,mm/s,GOOD
2025-04-03 02:00:00,PUMP101.VIBRATION_RMS,8.1015,mm/s,GOOD
2025-04-03 04:00:00,PUMP101.VIBRATION_RMS,7.808666666666666,mm/s,GOOD
2025-04-03 06:00:00,PUMP101.VIBRATION_RMS,7.544833333333334,mm/s,GOOD
2025-04-03 08:00:00,PUMP101.VIBRATION_RMS,7.285,mm/s,GOOD
2025-04-03 10:00:00,PUMP101.VIBRATION_RMS,7.247166666666667,mm/s,GOOD
2025-04-03 12:00:00,PUMP101.VIBRATION_RMS,7.847333333333334,mm/s,GOOD
2025-04-03 14:00:00,PUMP101.VIBRATION_RMS,7.9945,mm/s,GOOD
2025-04-03 16:00:00,PUMP101.VIBRATION_RMS,7.603666666666667,mm/s,GOOD
2025-04-03 18:00:00,PUMP101.VIBRATION_RMS,8.370833333333334,mm/s,GOOD
2025-04-03 20:00:00,PUMP101.VIBRATION_RMS,8.017000000000001,mm/s,GOOD
2025-04-03 22:00:00,PUMP101.VIBRATION_RMS,8.342166666666667,mm/s,GOOD
2025-04-04 00:00:00,PUMP101.VIBRATION_RMS,7.967333333333333,mm/s,GOOD
2025-04-04 02:00:00,PUMP101.VIBRATION_RMS,7.6685,mm/s,GOOD
2025-04-04 04:00:00,PUMP101.VIBRATION_RMS,8.123666666666667,mm/s,GOOD
2025-04-04 06:00:00,PUMP101.VIBRATION_RMS,7.4398333333333335,mm/s,GOOD
2025-04-04 08:00:00,PUMP101.VIBRATION_RMS,8.345,mm/s,GOOD
2025-04-04 10:00:00,PUMP101.VIBRATION_RMS,7.610166666666666,mm/s,GOOD
2025-04-04 12:00:00,PUMP101.VIBRATION_RMS,8.542333333333334,mm/s,BAD
2025-04-04 14:00:00,PUMP101.VIBRATION_RMS,7.9185,mm/s,GOOD
2025-04-04 16:00:00,PUMP101.VIBRATION_RMS,8.622666666666667,mm/s,GOOD
2025-04-04 18:00:00,PUMP101.VIBRATION_RMS,7.534833333333334,mm/s,GOOD
2025-04-04 20:00:00,PUMP101.VIBRATION_RMS,7.761000000000001,mm/s,GOOD
2025-04-04 22:00:00,PUMP101.VIBRATION_RMS,8.294166666666667,mm/s,GOOD
2025-04-05 00:00:00,PUMP101.VIBRATION_RMS,8.693333333333335,mm/s,GOOD
2025-04-05 02:00:00,PUMP101.VIBRATION_RMS,8.945500000000001,mm/s,GOOD
2025-04-05 04:00:00,PUMP101.VIBRATION_RMS,8.137666666666668,mm/s,GOOD
2025-04-05 06:00:00,PUMP101.VIBRATION_RMS,9.039833333333334,mm/s,GOOD
2025-04-05 08:00:00,PUMP101.VIBRATION_RMS,7.98,mm/s,GOOD
2025-04-05 10:00:00,PUMP101.VIBRATION_RMS,8.678166666666666,mm/s,GOOD
2025-04-05 12:00:00,PUMP101.VIBRATION_RMS,7.662333333333334,mm/s,GOOD
2025-04-05 14:00:00,PUMP101.VIBRATION_RMS,8.3475,mm/s,GOOD
2025-04-05 16:00:00,PUMP101.VIBRATION_RMS,6.970666666666666,mm/s,BAD
2025-04-05 18:00:00,PUMP101.VIBRATION_RMS,7.584833333333334,mm/s,BAD
2025-04-05 20:00:00,PUMP101.VIBRATION_RMS,8.383000000000001,mm/s,GOOD
2025-04-05 22:00:00,PUMP101.VIBRATION_RMS,7.498166666666667,mm/s,GOOD
2025-04-06 00:00:00,PUMP101.VIBRATION_RMS,8.371333333333334,mm/s,GOOD
2025-04-06 02:00:00,PUMP101.VIBRATION_RMS,8.6155,mm/s,GOOD
2025-04-06 04:00:00,PUMP101.VIBRATION_RMS,7.915666666666667,mm/s,GOOD
2025-04-06 06:00:00,PUMP101.VIBRATION_RMS,7.686833333333334,mm/s,GOOD
2025-04-06 08:00:00,PUMP101.VIBRATION_RMS,7.938000000000001,mm/s,GOOD
2025-04-06 10:00:00,PUMP101.VIBRATION_RMS,7.696166666666667,mm/s,GOOD
2025-04-06 12:00:00,PUMP101.VIBRATION_RMS,8.132333333333333,mm/s,GOOD
2025-04-06 14:00:00,PUMP101.VIBRATION_RMS,8.2385,mm/s,GOOD
2025-04-06 16:00:00,PUMP101.VIBRATION_RMS,8.038666666666666,mm/s,GOOD
2025-04-06 18:00:00,PUMP101.VIBRATION_RMS,9.032833333333334,mm/s,GOOD
2025-04-06 20:00:00,PUMP101.VIBRATION_RMS,7.84,mm/s,GOOD
2025-04-06 22:00:00,PUMP101.VIBRATION_RMS,8.900166666666667,mm/s,GOOD
2025-04-07 00:00:00,PUMP101.VIBRATION_RMS,7.687333333333334,mm/s,GOOD
2025-04-07 02:00:00,PUMP101.VIBRATION_RMS,8.2485,mm/s,BAD
2025-04-07 04:00:00,PUMP101.VIBRATION_RMS,8.808666666666667,mm/s,GOOD
2025-04-07 06:00:00,PUMP101.VIBRATION_RMS,8.786833333333334,mm/s,GOOD
2025-04-07 08:00:00,PUMP101.VIBRATION_RMS,8.015,mm/s,GOOD
2025-04-07 10:00:00,PUMP101.VIBRATION_RMS,8.507166666666667,mm/s,GOOD
2025-04-07 12:00:00,PUMP101.VIBRATION_RMS,8.444333333333335,mm/s,GOOD
2025-04-07 14:00:00,PUMP101.VIBRATION_RMS,7.967500000000001,mm/s,GOOD
2025-04-07 16:00:00,PUMP101.VIBRATION_RMS,8.549666666666667,mm/s,GOOD
2025-04-07 18:00:00,PUMP101.VIBRATION_RMS,9.176833333333335,mm/s,GOOD
2025-04-07 20:00:00,PUMP101.VIBRATION_RMS,8.486,mm/s,GOOD
2025-04-07 22:00:00,PUMP101.VIBRATION_RMS,8.537166666666666,mm/s,GOOD
2025-04-08 00:00:00,PUMP101.VIBRATION_RMS,8.594333333333333,mm/s,GOOD
2025-04-08 02:00:00,PUMP101.VIBRATION_RMS,7.532500000000001,mm/s,GOOD
2025-04-08 04:00:00,PUMP101.VIBRATION_RMS,8.496666666666666,mm/s,GOOD
2025-04-08 06:00:00,PUMP101.VIBRATION_RMS,7.762833333333334,mm/s,GOOD
2025-04-08 08:00:00,PUMP101.VIBRATION_RMS,7.98,mm/s,GOOD
2025-04-08 10:00:00,PUMP101.VIBRATION_RMS,9.360166666666666,mm/s,GOOD
2025-04-08 12:00:00,PUMP101.VIBRATION_RMS,8.156333333333334,mm/s,GOOD
2025-04-08 14:00:00,PUMP101.VIBRATION_RMS,7.9175,mm/s,GOOD
2025-04-08 16:00:00,PUMP101.VIBRATION_RMS,8.867666666666667,mm/s,GOOD
2025-04-08 18:00:00,PUMP101.VIBRATION_RMS,7.821833333333334,mm/s,GOOD
2025-04-08 20:00:00,PUMP101.VIBRATION_RMS,8.076,mm/s,GOOD
2025-04-08 22:00:00,PUMP101.VIBRATION_RMS,8.929166666666667,mm/s,GOOD
2025-04-09 00:00:00,PUMP101.VIBRATION_RMS,8.329333333333334,mm/s,GOOD
2025-04-09 02:00:00,PUMP101.VIBRATION_RMS,7.5315,mm/s,GOOD
2025-04-09 04:00:00,PUMP101.VIBRATION_RMS,8.588666666666667,mm/s,GOOD
2025-04-09 06:00:00,PUMP101.VIBRATION_RMS,8.122833333333334,mm/s,GOOD
2025-04-09 08:00:00,PUMP101.VIBRATION_RMS,9.095,mm/s,GOOD
2025-04-09 10:00:00,PUMP101.VIBRATION_RMS,8.026166666666667,mm/s,GOOD
2025-04-09 12:00:00,PUMP101.VIBRATION_RMS,8.859333333333334,mm/s,GOOD
2025-04-09 14:00:00,PUMP101.VIBRATION_RMS,9.2255,mm/s,GOOD
2025-04-09 16:00:00,PUMP101.VIBRATION_RMS,7.916666666666667,mm/s,GOOD
2025-04-09 18:00:00,PUMP101.VIBRATION_RMS,8.248833333333334,mm/s,GOOD
2025-04-09 20:00:00,PUMP101.VIBRATION_RMS,8.544,mm/s,GOOD
2025-04-09 22:00:00,PUMP101.VIBRATION_RMS,7.925166666666668,mm/s,GOOD
2025-04-10 00:00:00,PUMP101.VIBRATION_RMS,8.493333333333334,mm/s,GOOD
2025-04-10 02:00:00,PUMP101.VIBRATION_RMS,8.2505,mm/s,GOOD
2025-04-10 04:00:00,PUMP101.VIBRATION_RMS,8.243666666666666,mm/s,GOOD
2025-04-10 06:00:00,PUMP101.VIBRATION_RMS,8.394833333333334,mm/s,GOOD
2025-04-10 08:00:00,PUMP101.VIBRATION_RMS,8.411,mm/s,GOOD
2025-04-10 10:00:00,PUMP101.VIBRATION_RMS,8.461166666666667,mm/s,GOOD
2025-04-10 12:00:00,PUMP101.VIBRATION_RMS,8.084333333333333,mm/s,GOOD
2025-04-10 14:00:00,PUMP101.VIBRATION_RMS,8.1095,mm/s,GOOD
2025-04-10 16:00:00,PUMP101.VIBRATION_RMS,8.332666666666666,mm/s,GOOD
2025-04-10 18:00:00,PUMP101.VIBRATION_RMS,8.373833333333334,mm/s,GOOD
2025-04-10 20:00:00,PUMP101.VIBRATION_RMS,8.181000000000001,mm/s,GOOD
2025-04-10 22:00:00,PUMP101.VIBRATION_RMS,8.566166666666668,mm/s,GOOD
2025-04-11 00:00:00,PUMP101.VIBRATION_RMS,7.501333333333334,mm/s,GOOD
2025-04-11 02:00:00,PUMP101.VIBRATION_RMS,8.0475,mm/s,GOOD
2025-04-11 04:00:00,PUMP101.VIBRATION_RMS,8.276666666666667,mm/s,GOOD
2025-04-11 06:00:00,PUMP101.VIBRATION_RMS,7.992833333333334,mm/s,GOOD
2025-04-11 08:00:00,PUMP101.VIBRATION_RMS,9.24,mm/s,GOOD
2025-04-11 10:00:00,PUMP101.VIBRATION_RMS,8.438166666666667,mm/s,GOOD
2025-04-11 12:00:00,PUMP101.VIBRATION_RMS,8.521333333333335,mm/s,GOOD
2025-04-11 14:00:00,PUMP101.VIBRATION_RMS,8.1955,mm/s,GOOD
2025-04-11 16:00:00,PUMP101.VIBRATION_RMS,8.433666666666667,mm/s,GOOD
2025-04-11 18:00:00,PUMP101.VIBRATION_RMS,7.837833333333334,mm/s,GOOD
2025-04-11 20:00:00,PUMP101.VIBRATION_RMS,8.365,mm/s,GOOD
2025-04-11 22:00:00,PUMP101.VIBRATION_RMS,7.985166666666666,mm/s,GOOD
2025-04-12 00:00:00,PUMP101.VIBRATION_RMS,8.319333333333335,mm/s,BAD
2025-04-12 02:00:00,PUMP101.VIBRATION_RMS,7.1825,mm/s,GOOD
2025-04-12 04:00:00,PUMP101.VIBRATION_RMS,7.902666666666667,mm/s,GOOD
2025-04-12 06:00:00,PUMP101.VIBRATION_RMS,9.202833333333334,mm/s,GOOD
2025-04-12 08:00:00,PUMP101.VIBRATION_RMS,8.89,mm/s,GOOD
2025-04-12 10:00:00,PUMP101.VIBRATION_RMS,9.139166666666668,mm/s,GOOD
2025-04-12 12:00:00,PUMP101.VIBRATION_RMS,9.177333333333333,mm/s,GOOD
2025-04-12 14:00:00,PUMP101.VIBRATION_RMS,8.823500000000001,mm/s,GOOD
2025-04-12 16:00:00,PUMP101.VIBRATION_RMS,8.265666666666668,mm/s,GOOD
2025-04-12 18:00:00,PUMP101.VIBRATION_RMS,7.976833333333333,mm/s,GOOD
2025-04-12 20:00:00,PUMP101.VIBRATION_RMS,9.073,mm/s,BAD
2025-04-12 22:00:00,PUMP101.VIBRATION_RMS,8.536166666666666,mm/s,GOOD
2025-04-13 00:00:00,PUMP101.VIBRATION_RMS,9.755333333333333,mm/s,GOOD
2025-04-13 02:00:00,PUMP101.VIBRATION_RMS,8.3295,mm/s,GOOD
2025-04-13 04:00:00,PUMP101.VIBRATION_RMS,9.502666666666666,mm/s,GOOD
2025-04-13 06:00:00,PUMP101.VIBRATION_RMS,8.442833333333335,mm/s,GOOD
2025-04-13 08:00:00,PUMP101.VIBRATION_RMS,9.193000000000001,mm/s,BAD
2025-04-13 10:00:00,PUMP101.VIBRATION_RMS,9.377166666666668,mm/s,GOOD
2025-04-13 12:00:00,PUMP101.VIBRATION_RMS,8.022333333333334,mm/s,GOOD
2025-04-13 14:00:00,PUMP101.VIBRATION_RMS,8.2955,mm/s,GOOD
2025-04-13 16:00:00,PUMP101.VIBRATION_RMS,8.025666666666666,mm/s,GOOD
2025-04-13 18:00:00,PUMP101.VIBRATION_RMS,7.930833333333334,mm/s,GOOD
2025-04-13 20:00:00,PUMP101.VIBRATION_RMS,8.884,mm/s,GOOD
2025-04-13 22:00:00,PUMP101.VIBRATION_RMS,8.456166666666668,mm/s,GOOD
2025-04-14 00:00:00,PUMP101.VIBRATION_RMS,8.584333333333333,mm/s,GOOD
2025-04-14 02:00:00,PUMP101.VIBRATION_RMS,8.8405,mm/s,GOOD
2025-04-14 04:00:00,PUMP101.VIBRATION_RMS,7.637666666666666,mm/s,GOOD
2025-04-14 06:00:00,PUMP101.VIBRATION_RMS,9.213833333333334,mm/s,GOOD
2025-04-14 08:00:00,PUMP101.VIBRATION_RMS,8.4,mm/s,GOOD
2025-04-14 10:00:00,PUMP101.VIBRATION_RMS,8.845166666666668,mm/s,GOOD
2025-04-14 12:00:00,PUMP101.VIBRATION_RMS,8.893333333333334,mm/s,GOOD
2025-04-14 14:00:00,PUMP101.VIBRATION_RMS,9.2725,mm/s,GOOD
2025-04-14 16:00:00,PUMP101.VIBRATION_RMS,8.539666666666667,mm/s,GOOD
2025-04-14 18:00:00,PUMP101.VIBRATION_RMS,7.533833333333334,mm/s,GOOD
2025-04-14 20:00:00,PUMP101.VIBRATION_RMS,8.629000000000001,mm/s,GOOD
2025-04-14 22:00:00,PUMP101.VIBRATION_RMS,8.704166666666667,mm/s,GOOD
2025-04-15 00:00:00,PUMP101.VIBRATION_RMS,8.091333333333335,mm/s,GOOD
2025-04-15 02:00:00,PUMP101.VIBRATION_RMS,8.6865,mm/s,GOOD
2025-04-15 04:00:00,PUMP101.VIBRATION_RMS,8.435666666666666,mm/s,GOOD
2025-04-15 06:00:00,PUMP101.VIBRATION_RMS,7.949833333333333,mm/s,GOOD
2025-04-15 08:00:00,PUMP101.VIBRATION_RMS,8.961,mm/s,GOOD
2025-04-15 10:00:00,PUMP101.VIBRATION_RMS,8.347166666666666,mm/s,GOOD
2025-04-15 12:00:00,PUMP101.VIBRATION_RMS,8.430333333333333,mm/s,GOOD
2025-04-15 14:00:00,PUMP101.VIBRATION_RMS,8.406500000000001,mm/s,GOOD
2025-04-15 16:00:00,PUMP101.VIBRATION_RMS,9.259666666666666,mm/s,GOOD
2025-04-15 18:00:00,PUMP101.VIBRATION_RMS,8.625833333333334,mm/s,GOOD
2025-04-15 20:00:00,PUMP101.VIBRATION_RMS,8.690000000000001,mm/s,GOOD
2025-04-15 22:00:00,PUMP101.VIBRATION_RMS,8.434166666666666,mm/s,GOOD
2025-04-16 00:00:00,PUMP101.VIBRATION_RMS,8.889333333333333,mm/s,GOOD
2025-04-16 02:00:00,PUMP101.VIBRATION_RMS,9.3375,mm/s,GOOD
2025-04-16 04:00:00,PUMP101.VIBRATION_RMS,8.990666666666666,mm/s,GOOD
2025-04-16 06:00:00,PUMP101.VIBRATION_RMS,9.013833333333334,mm/s,GOOD
2025-04-16 08:00:00,PUMP101.VIBRATION_RMS,8.978000000000002,mm/s,GOOD
2025-04-16 10:00:00,PUMP101.VIBRATION_RMS,7.989166666666668,mm/s,GOOD
2025-04-16 12:00:00,PUMP101.VIBRATION_RMS,8.245333333333333,mm/s,GOOD
2025-04-16 14:00:00,PUMP101.VIBRATION_RMS,8.5855,mm/s,GOOD
2025-04-16 16:00:00,PUMP101.VIBRATION_RMS,8.328666666666667,mm/s,GOOD
2025-04-16 18:00:00,PUMP101.VIBRATION_RMS,8.163833333333333,mm/s,GOOD
2025-04-16 20:00:00,PUMP101.VIBRATION_RMS,7.764,mm/s,GOOD
2025-04-16 22:00:00,PUMP101.VIBRATION_RMS,8.031166666666667,mm/s,GOOD
2025-04-17 00:00:00,PUMP101.VIBRATION_RMS,8.580333333333334,mm/s,GOOD
2025-04-17 02:00:00,PUMP101.VIBRATION_RMS,8.6775,mm/s,GOOD
2025-04-17 04:00:00,PUMP101.VIBRATION_RMS,8.319666666666667,mm/s,GOOD
2025-04-17 06:00:00,PUMP101.VIBRATION_RMS,8.759833333333335,mm/s,GOOD
2025-04-17 08:00:00,PUMP101.VIBRATION_RMS,8.508000000000001,mm/s,GOOD
2025-04-17 10:00:00,PUMP101.VIBRATION_RMS,9.274166666666666,mm/s,GOOD
2025-04-17 12:00:00,PUMP101.VIBRATION_RMS,8.652333333333335,mm/s,GOOD
2025-04-17 14:00:00,PUMP101.VIBRATION_RMS,9.0855,mm/s,GOOD
2025-04-17 16:00:00,PUMP101.VIBRATION_RMS,8.843666666666667,mm/s,GOOD
2025-04-17 18:00:00,PUMP101.VIBRATION_RMS,8.044833333333333,mm/s,GOOD
2025-04-17 20:00:00,PUMP101.VIBRATION_RMS,8.705,mm/s,GOOD
2025-04-17 22:00:00,PUMP101.VIBRATION_RMS,8.136166666666666,mm/s,GOOD
2025-04-18 00:00:00,PUMP101.VIBRATION_RMS,8.704333333333334,mm/s,GOOD
2025-04-18 02:00:00,PUMP101.VIBRATION_RMS,8.3895,mm/s,GOOD
2025-04-18 04:00:00,PUMP101.VIBRATION_RMS,8.957666666666666,mm/s,BAD
2025-04-18 06:00:00,PUMP101.VIBRATION_RMS,8.099833333333335,mm/s,GOOD
2025-04-18 08:00:00,PUMP101.VIBRATION_RMS,8.782,mm/s,GOOD
2025-04-18 10:00:00,PUMP101.VIBRATION_RMS,9.065166666666666,mm/s,GOOD
2025-04-18 12:00:00,PUMP101.VIBRATION_RMS,9.237333333333334,mm/s,GOOD
2025-04-18 14:00:00,PUMP101.VIBRATION_RMS,8.4055,mm/s,GOOD
2025-04-18 16:00:00,PUMP101.VIBRATION_RMS,8.800666666666666,mm/s,GOOD
2025-04-18 18:00:00,PUMP101.VIBRATION_RMS,8.887833333333335,mm/s,GOOD
2025-04-18 20:00:00,PUMP101.VIBRATION_RMS,9.574000000000002,mm/s,GOOD
2025-04-18 22:00:00,PUMP101.VIBRATION_RMS,8.063166666666667,mm/s,GOOD
2025-04-19 00:00:00,PUMP101.VIBRATION_RMS,8.352333333333334,mm/s,GOOD
2025-04-19 02:00:00,PUMP101.VIBRATION_RMS,10.214500000000001,mm/s,GOOD
2025-04-19 04:00:00,PUMP101.VIBRATION_RMS,8.679666666666666,mm/s,BAD
2025-04-19 06:00:00,PUMP101.VIBRATION_RMS,7.8758333333333335,mm/s,GOOD
2025-04-19 08:00:00,PUMP101.VIBRATION_RMS,8.534,mm/s,GOOD
2025-04-19 10:00:00,PUMP101.VIBRATION_RMS,7.445166666666667,mm/s,GOOD
2025-04-19 12:00:00,PUMP101.VIBRATION_RMS,8.953333333333333,mm/s,GOOD
2025-04-19 14:00:00,PUMP101.VIBRATION_RMS,9.2425,mm/s,GOOD
2025-04-19 16:00:00,PUMP101.VIBRATION_RMS,8.385666666666667,mm/s,GOOD
2025-04-19 18:00:00,PUMP101.VIBRATION_RMS,8.610833333333334,mm/s,GOOD
2025-04-19 20:00:00,PUMP101.VIBRATION_RMS,9.312000000000001,mm/s,GOOD
2025-04-19 22:00:00,PUMP101.VIBRATION_RMS,7.979166666666667,mm/s,GOOD
2025-04-20 00:00:00,PUMP101.VIBRATION_RMS,8.197333333333335,mm/s,GOOD
2025-04-20 02:00:00,PUMP101.VIBRATION_RMS,8.7485,mm/s,GOOD
2025-04-20 04:00:00,PUMP101.VIBRATION_RMS,8.490666666666668,mm/s,GOOD
2025-04-20 06:00:00,PUMP101.VIBRATION_RMS,8.723833333333333,mm/s,GOOD
2025-04-20 08:00:00,PUMP101.VIBRATION_RMS,8.243,mm/s,BAD
2025-04-20 10:00:00,PUMP101.VIBRATION_RMS,8.986166666666666,mm/s,GOOD
2025-04-20 12:00:00,PUMP101.VIBRATION_RMS,8.808333333333334,mm/s,GOOD
2025-04-20 14:00:00,PUMP101.VIBRATION_RMS,9.1625,mm/s,GOOD
2025-04-20 16:00:00,PUMP101.VIBRATION_RMS,8.991666666666667,mm/s,GOOD
2025-04-20 18:00:00,PUMP101.VIBRATION_RMS,8.998833333333334,mm/s,GOOD
2025-04-20 20:00:00,PUMP101.VIBRATION_RMS,8.177,mm/s,BAD
2025-04-20 22:00:00,PUMP101.VIBRATION_RMS,9.150166666666667,mm/s,GOOD
2025-04-21 00:00:00,PUMP101.VIBRATION_RMS,8.743333333333332,mm/s,GOOD
2025-04-21 02:00:00,PUMP101.VIBRATION_RMS,8.8295,mm/s,GOOD
2025-04-21 04:00:00,PUMP101.VIBRATION_RMS,9.440666666666669,mm/s,GOOD
2025-04-21 06:00:00,PUMP101.VIBRATION_RMS,8.560833333333333,mm/s,GOOD
2025-04-21 08:00:00,PUMP101.VIBRATION_RMS,9.601,mm/s,GOOD
2025-04-21 10:00:00,PUMP101.VIBRATION_RMS,9.651166666666667,mm/s,GOOD
2025-04-21 12:00:00,PUMP101.VIBRATION_RMS,9.309333333333333,mm/s,GOOD
2025-04-21 14:00:00,PUMP101.VIBRATION_RMS,8.4475,mm/s,GOOD
2025-04-21 16:00:00,PUMP101.VIBRATION_RMS,7.848666666666667,mm/s,GOOD
2025-04-21 18:00:00,PUMP101.VIBRATION_RMS,9.484833333333333,mm/s,GOOD
2025-04-21 20:00:00,PUMP101.VIBRATION_RMS,9.006,mm/s,GOOD
2025-04-21 22:00:00,PUMP101.VIBRATION_RMS,8.581166666666668,mm/s,GOOD
2025-04-22 00:00:00,PUMP101.VIBRATION_RMS,9.545333333333334,mm/s,GOOD
2025-04-22 02:00:00,PUMP101.VIBRATION_RMS,8.531500000000001,mm/s,GOOD
2025-04-22 04:00:00,PUMP101.VIBRATION_RMS,8.754666666666667,mm/s,GOOD
2025-04-22 06:00:00,PUMP101.VIBRATION_RMS,9.232833333333334,mm/s,GOOD
2025-04-22 08:00:00,PUMP101.VIBRATION_RMS,8.418000000000001,mm/s,GOOD
2025-04-22 10:00:00,PUMP101.VIBRATION_RMS,8.924166666666668,mm/s,GOOD
2025-04-22 12:00:00,PUMP101.VIBRATION_RMS,9.528333333333332,mm/s,GOOD
2025-04-22 14:00:00,PUMP101.VIBRATION_RMS,9.0935,mm/s,GOOD
2025-04-22 16:00:00,PUMP101.VIBRATION_RMS,9.615666666666668,mm/s,GOOD
2025-04-22 18:00:00,PUMP101.VIBRATION_RMS,9.562833333333334,mm/s,GOOD
2025-04-22 20:00:00,PUMP101.VIBRATION_RMS,9.004,mm/s,GOOD
2025-04-22 22:00:00,PUMP101.VIBRATION_RMS,7.836166666666667,mm/s,GOOD
2025-04-23 00:00:00,PUMP101.VIBRATION_RMS,8.455333333333332,mm/s,GOOD
2025-04-23 02:00:00,PUMP101.VIBRATION_RMS,9.3945,mm/s,GOOD
2025-04-23 04:00:00,PUMP101.VIBRATION_RMS,8.241666666666667,mm/s,GOOD
2025-04-23 06:00:00,PUMP101.VIBRATION_RMS,8.857833333333334,mm/s,GOOD
2025-04-23 08:00:00,PUMP101.VIBRATION_RMS,9.194,mm/s,GOOD
2025-04-23 10:00:00,PUMP101.VIBRATION_RMS,9.764166666666668,mm/s,GOOD
2025-04-23 12:00:00,PUMP101.VIBRATION_RMS,8.745333333333333,mm/s,GOOD
2025-04-23 14:00:00,PUMP101.VIBRATION_RMS,8.7155,mm/s,GOOD
2025-04-23 16:00:00,PUMP101.VIBRATION_RMS,9.015666666666668,mm/s,GOOD
2025-04-23 18:00:00,PUMP101.VIBRATION_RMS,9.220833333333333,mm/s,GOOD
2025-04-23 20:00:00,PUMP101.VIBRATION_RMS,8.973,mm/s,GOOD
2025-04-23 22:00:00,PUMP101.VIBRATION_RMS,9.579166666666667,mm/s,GOOD
2025-04-24 00:00:00,PUMP101.VIBRATION_RMS,8.658333333333333,mm/s,GOOD
2025-04-24 02:00:00,PUMP101.VIBRATION_RMS,9.1225,mm/s,GOOD
2025-04-24 04:00:00,PUMP101.VIBRATION_RMS,9.289666666666667,mm/s,GOOD
2025-04-24 06:00:00,PUMP101.VIBRATION_RMS,8.870833333333334,mm/s,GOOD
2025-04-24 08:00:00,PUMP101.VIBRATION_RMS,9.495000000000001,mm/s,GOOD
2025-04-24 10:00:00,PUMP101.VIBRATION_RMS,9.153166666666667,mm/s,GOOD
2025-04-24 12:00:00,PUMP101.VIBRATION_RMS,9.477333333333334,mm/s,GOOD
2025-04-24 14:00:00,PUMP101.VIBRATION_RMS,9.1845,mm/s,GOOD
2025-04-24 16:00:00,PUMP101.VIBRATION_RMS,9.279666666666667,mm/s,GOOD
2025-04-24 18:00:00,PUMP101.VIBRATION_RMS,8.779833333333332,mm/s,GOOD
2025-04-24 20:00:00,PUMP101.VIBRATION_RMS,8.785,mm/s,BAD
2025-04-24 22:00:00,PUMP101.VIBRATION_RMS,9.716166666666668,mm/s,GOOD
2025-04-25 00:00:00,PUMP101.VIBRATION_RMS,9.426333333333334,mm/s,GOOD
2025-04-25 02:00:00,PUMP101.VIBRATION_RMS,8.601500000000001,mm/s,GOOD
2025-04-25 04:00:00,PUMP101.VIBRATION_RMS,9.206666666666667,mm/s,GOOD
2025-04-25 06:00:00,PUMP101.VIBRATION_RMS,7.933833333333333,mm/s,GOOD
2025-04-25 08:00:00,PUMP101.VIBRATION_RMS,8.838000000000001,mm/s,GOOD
2025-04-25 10:00:00,PUMP101.VIBRATION_RMS,9.610166666666668,mm/s,GOOD
2025-04-25 12:00:00,PUMP101.VIBRATION_RMS,9.070333333333332,mm/s,GOOD
2025-04-25 14:00:00,PUMP101.VIBRATION_RMS,9.1965,mm/s,GOOD
2025-04-25 16:00:00,PUMP101.VIBRATION_RMS,7.6336666666666675,mm/s,GOOD
2025-04-25 18:00:00,PUMP101.VIBRATION_RMS,8.949833333333332,mm/s,GOOD
2025-04-25 20:00:00,PUMP101.VIBRATION_RMS,9.319,mm/s,GOOD
2025-04-25 22:00:00,PUMP101.VIBRATION_RMS,9.387166666666667,mm/s,GOOD
2025-04-26 00:00:00,PUMP101.VIBRATION_RMS,9.639333333333333,mm/s,GOOD
2025-04-26 02:00:00,PUMP101.VIBRATION_RMS,9.057500000000001,mm/s,GOOD
2025-04-26 04:00:00,PUMP101.VIBRATION_RMS,9.083666666666668,mm/s,BAD
2025-04-26 06:00:00,PUMP101.VIBRATION_RMS,8.504833333333334,mm/s,GOOD
2025-04-26 08:00:00,PUMP101.VIBRATION_RMS,9.073,mm/s,BAD
2025-04-26 10:00:00,PUMP101.VIBRATION_RMS,8.548166666666667,mm/s,GOOD
2025-04-26 12:00:00,PUMP101.VIBRATION_RMS,8.259333333333334,mm/s,GOOD
2025-04-26 14:00:00,PUMP101.VIBRATION_RMS,8.6445,mm/s,GOOD
2025-04-26 16:00:00,PUMP101.VIBRATION_RMS,9.945666666666668,mm/s,GOOD
2025-04-26 18:00:00,PUMP101.VIBRATION_RMS,9.060833333333333,mm/s,BAD
2025-04-26 20:00:00,PUMP101.VIBRATION_RMS,9.31,mm/s,GOOD
2025-04-26 22:00:00,PUMP101.VIBRATION_RMS,8.947166666666668,mm/s,GOOD
2025-04-27 00:00:00,PUMP101.VIBRATION_RMS,8.313333333333333,mm/s,GOOD
2025-04-27 02:00:00,PUMP101.VIBRATION_RMS,9.6805,mm/s,GOOD
2025-04-27 04:00:00,PUMP101.VIBRATION_RMS,8.130666666666668,mm/s,GOOD
2025-04-27 06:00:00,PUMP101.VIBRATION_RMS,8.943833333333334,mm/s,GOOD
2025-04-27 08:00:00,PUMP101.VIBRATION_RMS,9.198,mm/s,GOOD
2025-04-27 10:00:00,PUMP101.VIBRATION_RMS,9.344166666666668,mm/s,GOOD
2025-04-27 12:00:00,PUMP101.VIBRATION_RMS,8.870333333333333,mm/s,GOOD
2025-04-27 14:00:00,PUMP101.VIBRATION_RMS,8.3185,mm/s,GOOD
2025-04-27 16:00:00,PUMP101.VIBRATION_RMS,8.840666666666667,mm/s,GOOD
2025-04-27 18:00:00,PUMP101.VIBRATION_RMS,8.871833333333333,mm/s,GOOD
2025-04-27 20:00:00,PUMP101.VIBRATION_RMS,8.863,mm/s,GOOD
2025-04-27 22:00:00,PUMP101.VIBRATION_RMS,9.739166666666668,mm/s,GOOD
2025-04-28 00:00:00,PUMP101.VIBRATION_RMS,8.651333333333334,mm/s,GOOD
2025-04-28 02:00:00,PUMP101.VIBRATION_RMS,9.4125,mm/s,GOOD
2025-04-28 04:00:00,PUMP101.VIBRATION_RMS,9.345666666666668,mm/s,GOOD
2025-04-28 06:00:00,PUMP101.VIBRATION_RMS,9.750833333333333,mm/s,GOOD
2025-04-28 08:00:00,PUMP101.VIBRATION_RMS,9.208,mm/s,GOOD
2025-04-28 10:00:00,PUMP101.VIBRATION_RMS,9.675166666666668,mm/s,GOOD
2025-04-28 12:00:00,PUMP101.VIBRATION_RMS,9.197333333333333,mm/s,GOOD
2025-04-28 14:00:00,PUMP101.VIBRATION_RMS,9.5045,mm/s,GOOD
2025-04-28 16:00:00,PUMP101.VIBRATION_RMS,8.540666666666668,mm/s,GOOD
2025-04-28 18:00:00,PUMP101.VIBRATION_RMS,7.976833333333333,mm/s,BAD
2025-04-28 20:00:00,PUMP101.VIBRATION_RMS,9.489,mm/s,GOOD
2025-04-28 22:00:00,PUMP101.VIBRATION_RMS,9.520166666666668,mm/s,GOOD
2025-04-29 00:00:00,PUMP101.VIBRATION_RMS,9.546333333333333,mm/s,GOOD
2025-04-29 02:00:00,PUMP101.VIBRATION_RMS,9.0505,mm/s,GOOD
2025-04-29 04:00:00,PUMP101.VIBRATION_RMS,10.061666666666667,mm/s,GOOD
2025-04-29 06:00:00,PUMP101.VIBRATION_RMS,9.090833333333332,mm/s,GOOD
2025-04-29 08:00:00,PUMP101.VIBRATION_RMS,9.535,mm/s,GOOD
2025-04-29 10:00:00,PUMP101.VIBRATION_RMS,9.626166666666668,mm/s,GOOD
2025-04-29 12:00:00,PUMP101.VIBRATION_RMS,10.192333333333334,mm/s,GOOD
2025-04-29 14:00:00,PUMP101.VIBRATION_RMS,9.1785,mm/s,GOOD
2025-04-29 16:00:00,PUMP101.VIBRATION_RMS,9.014666666666667,mm/s,GOOD
2025-04-29 18:00:00,PUMP101.VIBRATION_RMS,8.596833333333333,mm/s,GOOD
2025-04-29 20:00:00,PUMP101.VIBRATION_RMS,10.126000000000001,mm/s,GOOD
2025-04-29 22:00:00,PUMP101.VIBRATION_RMS,9.565166666666668,mm/s,GOOD
2025-04-30 00:00:00,PUMP101.VIBRATION_RMS,9.585333333333333,mm/s,GOOD
2024-10-01 00:00:00,PUMP102.BEARING_TEMP,62.209,°C,GOOD
2024-10-01 02:00:00,PUMP102.BEARING_TEMP,61.996,°C,GOOD
2024-10-01 04:00:00,PUMP102.BEARING_TEMP,61.727,°C,GOOD
2024-10-01 06:00:00,PUMP102.BEARING_TEMP,62.624,°C,GOOD
2024-10-01 08:00:00,PUMP102.BEARING_TEMP,61.73,°C,GOOD
2024-10-01 10:00:00,PUMP102.BEARING_TEMP,61.854,°C,GOOD
2024-10-01 12:00:00,PUMP102.BEARING_TEMP,61.204,°C,GOOD
2024-10-01 14:00:00,PUMP102.BEARING_TEMP,61.643,°C,GOOD
2024-10-01 16:00:00,PUMP102.BEARING_TEMP,62.258,°C,GOOD
2024-10-01 18:00:00,PUMP102.BEARING_TEMP,62.16,°C,GOOD
2024-10-01 20:00:00,PUMP102.BEARING_TEMP,62.3,°C,GOOD
2024-10-01 22:00:00,PUMP102.BEARING_TEMP,62.275,°C,GOOD
2024-10-02 00:00:00,PUMP102.BEARING_TEMP,63.044,°C,GOOD
2024-10-02 02:00:00,PUMP102.BEARING_TEMP,61.626,°C,GOOD
2024-10-02 04:00:00,PUMP102.BEARING_TEMP,61.19,°C,GOOD
2024-10-02 06:00:00,PUMP102.BEARING_TEMP,61.475,°C,GOOD
2024-10-02 08:00:00,PUMP102.BEARING_TEMP,61.648,°C,GOOD
2024-10-02 10:00:00,PUMP102.BEARING_TEMP,61.513,°C,GOOD
2024-10-02 12:00:00,PUMP102.BEARING_TEMP,62.047,°C,GOOD
2024-10-02 14:00:00,PUMP102.BEARING_TEMP,62.626,°C,GOOD
2024-10-02 16:00:00,PUMP102.BEARING_TEMP,62.77,°C,GOOD
2024-10-02 18:00:00,PUMP102.BEARING_TEMP,62.252,°C,GOOD
2024-10-02 20:00:00,PUMP102.BEARING_TEMP,63.071,°C,GOOD
2024-10-02 22:00:00,PUMP102.BEARING_TEMP,61.822,°C,GOOD
2024-10-03 00:00:00,PUMP102.BEARING_TEMP,61.184,°C,GOOD
2024-10-03 02:00:00,PUMP102.BEARING_TEMP,62.527,°C,GOOD
2024-10-03 04:00:00,PUMP102.BEARING_TEMP,61.081,°C,GOOD
2024-10-03 06:00:00,PUMP102.BEARING_TEMP,61.622,°C,GOOD
2024-10-03 08:00:00,PUMP102.BEARING_TEMP,62.26,°C,GOOD
2024-10-03 10:00:00,PUMP102.BEARING_TEMP,61.949,°C,GOOD
2024-10-03 12:00:00,PUMP102.BEARING_TEMP,61.905,°C,GOOD
2024-10-03 14:00:00,PUMP102.BEARING_TEMP,61.41,°C,GOOD
2024-10-03 16:00:00,PUMP102.BEARING_TEMP,61.995,°C,GOOD
2024-10-03 18:00:00,PUMP102.BEARING_TEMP,62.502,°C,GOOD
2024-10-03 20:00:00,PUMP102.BEARING_TEMP,62.01,°C,GOOD
2024-10-03 22:00:00,PUMP102.BEARING_TEMP,61.585,°C,GOOD
2024-10-04 00:00:00,PUMP102.BEARING_TEMP,61.376,°C,GOOD
2024-10-04 02:00:00,PUMP102.BEARING_TEMP,61.595,°C,GOOD
2024-10-04 04:00:00,PUMP102.BEARING_TEMP,62.196,°C,GOOD
2024-10-04 06:00:00,PUMP102.BEARING_TEMP,62.172,°C,GOOD
2024-10-04 08:00:00,PUMP102.BEARING_TEMP,61.6,°C,GOOD
2024-10-04 10:00:00,PUMP102.BEARING_TEMP,60.895,°C,GOOD
2024-10-04 12:00:00,PUMP102.BEARING_TEMP,62.21,°C,GOOD
2024-10-04 14:00:00,PUMP102.BEARING_TEMP,61.551,°C,GOOD
2024-10-04 16:00:00,PUMP102.BEARING_TEMP,62.345,°C,GOOD
2024-10-04 18:00:00,PUMP102.BEARING_TEMP,61.622,°C,GOOD
2024-10-04 20:00:00,PUMP102.BEARING_TEMP,61.506,°C,GOOD
2024-10-04 22:00:00,PUMP102.BEARING_TEMP,62.077,°C,GOOD
2024-10-05 00:00:00,PUMP102.BEARING_TEMP,63.179,°C,GOOD
2024-10-05 02:00:00,PUMP102.BEARING_TEMP,62.375,°C,GOOD
2024-10-05 04:00:00,PUMP102.BEARING_TEMP,62.068,°C,GOOD
2024-10-05 06:00:00,PUMP102.BEARING_TEMP,62.179,°C,GOOD
2024-10-05 08:00:00,PUMP102.BEARING_TEMP,61.124,°C,GOOD
2024-10-05 10:00:00,PUMP102.BEARING_TEMP,61.439,°C,GOOD
2024-10-05 12:00:00,PUMP102.BEARING_TEMP,60.745,°C,GOOD
2024-10-05 14:00:00,PUMP102.BEARING_TEMP,62.865,°C,GOOD
2024-10-05 16:00:00,PUMP102.BEARING_TEMP,62.764,°C,GOOD
2024-10-05 18:00:00,PUMP102.BEARING_TEMP,62.196,°C,GOOD
2024-10-05 20:00:00,PUMP102.BEARING_TEMP,62.068,°C,GOOD
2024-10-05 22:00:00,PUMP102.BEARING_TEMP,61.224,°C,GOOD
2024-10-06 00:00:00,PUMP102.BEARING_TEMP,61.89,°C,GOOD
2024-10-06 02:00:00,PUMP102.BEARING_TEMP,62.896,°C,GOOD
2024-10-06 04:00:00,PUMP102.BEARING_TEMP,62.066,°C,GOOD
2024-10-06 06:00:00,PUMP102.BEARING_TEMP,61.718,°C,GOOD
2024-10-06 08:00:00,PUMP102.BEARING_TEMP,61.121,°C,GOOD
2024-10-06 10:00:00,PUMP102.BEARING_TEMP,62.69,°C,GOOD
2024-10-06 12:00:00,PUMP102.BEARING_TEMP,61.965,°C,GOOD
2024-10-06 14:00:00,PUMP102.BEARING_TEMP,61.122,°C,GOOD
2024-10-06 16:00:00,PUMP102.BEARING_TEMP,61.538,°C,GOOD
2024-10-06 18:00:00,PUMP102.BEARING_TEMP,61.361,°C,GOOD
2024-10-06 20:00:00,PUMP102.BEARING_TEMP,61.934,°C,GOOD
2024-10-06 22:00:00,PUMP102.BEARING_TEMP,62.104,°C,GOOD
2024-10-07 00:00:00,PUMP102.BEARING_TEMP,61.748,°C,GOOD
2024-10-07 02:00:00,PUMP102.BEARING_TEMP,62.389,°C,GOOD
2024-10-07 04:00:00,PUMP102.BEARING_TEMP,62.039,°C,GOOD
2024-10-07 06:00:00,PUMP102.BEARING_TEMP,62.531,°C,GOOD
2024-10-07 08:00:00,PUMP102.BEARING_TEMP,61.821,°C,GOOD
2024-10-07 10:00:00,PUMP102.BEARING_TEMP,63.523,°C,GOOD
2024-10-07 12:00:00,PUMP102.BEARING_TEMP,61.718,°C,GOOD
2024-10-07 14:00:00,PUMP102.BEARING_TEMP,61.548,°C,GOOD
2024-10-07 16:00:00,PUMP102.BEARING_TEMP,61.487,°C,GOOD
2024-10-07 18:00:00,PUMP102.BEARING_TEMP,61.895,°C,GOOD
2024-10-07 20:00:00,PUMP102.BEARING_TEMP,61.14,°C,GOOD
2024-10-07 22:00:00,PUMP102.BEARING_TEMP,62.147,°C,GOOD
2024-10-08 00:00:00,PUMP102.BEARING_TEMP,61.047,°C,GOOD
2024-10-08 02:00:00,PUMP102.BEARING_TEMP,62.081,°C,GOOD
2024-10-08 04:00:00,PUMP102.BEARING_TEMP,61.324,°C,GOOD
2024-10-08 06:00:00,PUMP102.BEARING_TEMP,61.809,°C,GOOD
2024-10-08 08:00:00,PUMP102.BEARING_TEMP,62.302,°C,GOOD
2024-10-08 10:00:00,PUMP102.BEARING_TEMP,63.152,°C,GOOD
2024-10-08 12:00:00,PUMP102.BEARING_TEMP,61.461,°C,GOOD
2024-10-08 14:00:00,PUMP102.BEARING_TEMP,61.925,°C,GOOD
2024-10-08 16:00:00,PUMP102.BEARING_TEMP,61.638,°C,GOOD
2024-10-08 18:00:00,PUMP102.BEARING_TEMP,61.565,°C,GOOD
2024-10-08 20:00:00,PUMP102.BEARING_TEMP,61.643,°C,GOOD
2024-10-08 22:00:00,PUMP102.BEARING_TEMP,62.412,°C,GOOD
2024-10-09 00:00:00,PUMP102.BEARING_TEMP,61.756,°C,GOOD
2024-10-09 02:00:00,PUMP102.BEARING_TEMP,63.125,°C,GOOD
2024-10-09 04:00:00,PUMP102.BEARING_TEMP,62.208,°C,GOOD
2024-10-09 06:00:00,PUMP102.BEARING_TEMP,61.495,°C,GOOD
2024-10-09 08:00:00,PUMP102.BEARING_TEMP,61.817,°C,GOOD
2024-10-09 10:00:00,PUMP102.BEARING_TEMP,61.599,°C,GOOD
2024-10-09 12:00:00,PUMP102.BEARING_TEMP,62.4,°C,GOOD
2024-10-09 14:00:00,PUMP102.BEARING_TEMP,61.181,°C,GOOD
2024-10-09 16:00:00,PUMP102.BEARING_TEMP,61.33,°C,GOOD
2024-10-09 18:00:00,PUMP102.BEARING_TEMP,61.704,°C,GOOD
2024-10-09 20:00:00,PUMP102.BEARING_TEMP,62.341,°C,GOOD
2024-10-09 22:00:00,PUMP102.BEARING_TEMP,62.617,°C,GOOD
2024-10-10 00:00:00,PUMP102.BEARING_TEMP,62.69,°C,GOOD
2024-10-10 02:00:00,PUMP102.BEARING_TEMP,62.265,°C,GOOD
2024-10-10 04:00:00,PUMP102.BEARING_TEMP,61.959,°C,GOOD
2024-10-10 06:00:00,PUMP102.BEARING_TEMP,62.397,°C,GOOD
2024-10-10 08:00:00,PUMP102.BEARING_TEMP,61.428,°C,GOOD
2024-10-10 10:00:00,PUMP102.BEARING_TEMP,61.078,°C,GOOD
2024-10-10 12:00:00,PUMP102.BEARING_TEMP,62.218,°C,GOOD
2024-10-10 14:00:00,PUMP102.BEARING_TEMP,61.497,°C,GOOD
2024-10-10 16:00:00,PUMP102.BEARING_TEMP,61.967,°C,GOOD
2024-10-10 18:00:00,PUMP102.BEARING_TEMP,62.06,°C,GOOD
2024-10-10 20:00:00,PUMP102.BEARING_TEMP,62.124,°C,GOOD
2024-10-10 22:00:00,PUMP102.BEARING_TEMP,62.469,°C,GOOD
2024-10-11 00:00:00,PUMP102.BEARING_TEMP,62.416,°C,GOOD
2024-10-11 02:00:00,PUMP102.BEARING_TEMP,62.098,°C,GOOD
2024-10-11 04:00:00,PUMP102.BEARING_TEMP,61.779,°C,GOOD
2024-10-11 06:00:00,PUMP102.BEARING_TEMP,62.054,°C,GOOD
2024-10-11 08:00:00,PUMP102.BEARING_TEMP,61.702,°C,GOOD
2024-10-11 10:00:00,PUMP102.BEARING_TEMP,61.902,°C,GOOD
2024-10-11 12:00:00,PUMP102.BEARING_TEMP,63.309,°C,GOOD
2024-10-11 14:00:00,PUMP102.BEARING_TEMP,62.091,°C,GOOD
2024-10-11 16:00:00,PUMP102.BEARING_TEMP,62.225,°C,GOOD
2024-10-11 18:00:00,PUMP102.BEARING_TEMP,61.647,°C,GOOD
2024-10-11 20:00:00,PUMP102.BEARING_TEMP,62.51,°C,GOOD
2024-10-11 22:00:00,PUMP102.BEARING_TEMP,62.38,°C,GOOD
2024-10-12 00:00:00,PUMP102.BEARING_TEMP,62.384,°C,GOOD
2024-10-12 02:00:00,PUMP102.BEARING_TEMP,62.107,°C,GOOD
2024-10-12 04:00:00,PUMP102.BEARING_TEMP,62.517,°C,GOOD
2024-10-12 06:00:00,PUMP102.BEARING_TEMP,62.636,°C,GOOD
2024-10-12 08:00:00,PUMP102.BEARING_TEMP,62.142,°C,GOOD
2024-10-12 10:00:00,PUMP102.BEARING_TEMP,61.943,°C,GOOD
2024-10-12 12:00:00,PUMP102.BEARING_TEMP,62.447,°C,GOOD
2024-10-12 14:00:00,PUMP102.BEARING_TEMP,61.548,°C,GOOD
2024-10-12 16:00:00,PUMP102.BEARING_TEMP,61.641,°C,GOOD
2024-10-12 18:00:00,PUMP102.BEARING_TEMP,61.973,°C,GOOD
2024-10-12 20:00:00,PUMP102.BEARING_TEMP,61.129,°C,GOOD
2024-10-12 22:00:00,PUMP102.BEARING_TEMP,62.414,°C,GOOD
2024-10-13 00:00:00,PUMP102.BEARING_TEMP,61.519,°C,GOOD
2024-10-13 02:00:00,PUMP102.BEARING_TEMP,61.764,°C,GOOD
2024-10-13 04:00:00,PUMP102.BEARING_TEMP,61.893,°C,GOOD
2024-10-13 06:00:00,PUMP102.BEARING_TEMP,62.02,°C,GOOD
2024-10-13 08:00:00,PUMP102.BEARING_TEMP,61.828,°C,GOOD
2024-10-13 10:00:00,PUMP102.BEARING_TEMP,61.966,°C,GOOD
2024-10-13 12:00:00,PUMP102.BEARING_TEMP,61.97,°C,GOOD
2024-10-13 14:00:00,PUMP102.BEARING_TEMP,61.776,°C,GOOD
2024-10-13 16:00:00,PUMP102.BEARING_TEMP,61.613,°C,GOOD
2024-10-13 18:00:00,PUMP102.BEARING_TEMP,62.541,°C,GOOD
2024-10-13 20:00:00,PUMP102.BEARING_TEMP,60.948,°C,GOOD
2024-10-13 22:00:00,PUMP102.BEARING_TEMP,61.897,°C,GOOD
2024-10-14 00:00:00,PUMP102.BEARING_TEMP,61.766,°C,GOOD
2024-10-14 02:00:00,PUMP102.BEARING_TEMP,62.209,°C,GOOD
2024-10-14 04:00:00,PUMP102.BEARING_TEMP,61.273,°C,GOOD
2024-10-14 06:00:00,PUMP102.BEARING_TEMP,61.75,°C,GOOD
2024-10-14 08:00:00,PUMP102.BEARING_TEMP,61.949,°C,GOOD
2024-10-14 10:00:00,PUMP102.BEARING_TEMP,62.535,°C,GOOD
2024-10-14 12:00:00,PUMP102.BEARING_TEMP,62.166,°C,GOOD
2024-10-14 14:00:00,PUMP102.BEARING_TEMP,61.408,°C,GOOD
2024-10-14 16:00:00,PUMP102.BEARING_TEMP,61.756,°C,GOOD
2024-10-14 18:00:00,PUMP102.BEARING_TEMP,62.443,°C,GOOD
2024-10-14 20:00:00,PUMP102.BEARING_TEMP,61.4,°C,GOOD
2024-10-14 22:00:00,PUMP102.BEARING_TEMP,61.961,°C,GOOD
2024-10-15 00:00:00,PUMP102.BEARING_TEMP,61.995,°C,GOOD
2024-10-15 02:00:00,PUMP102.BEARING_TEMP,61.807,°C,GOOD
2024-10-15 04:00:00,PUMP102.BEARING_TEMP,63.348,°C,GOOD
2024-10-15 06:00:00,PUMP102.BEARING_TEMP,61.794,°C,GOOD
2024-10-15 08:00:00,PUMP102.BEARING_TEMP,62.225,°C,GOOD
2024-10-15 10:00:00,PUMP102.BEARING_TEMP,61.617,°C,GOOD
2024-10-15 12:00:00,PUMP102.BEARING_TEMP,62.264,°C,GOOD
2024-10-15 14:00:00,PUMP102.BEARING_TEMP,62.435,°C,GOOD
2024-10-15 16:00:00,PUMP102.BEARING_TEMP,61.706,°C,GOOD
2024-10-15 18:00:00,PUMP102.BEARING_TEMP,61.973,°C,GOOD
2024-10-15 20:00:00,PUMP102.BEARING_TEMP,61.552,°C,GOOD
2024-10-15 22:00:00,PUMP102.BEARING_TEMP,61.428,°C,GOOD
2024-10-16 00:00:00,PUMP102.BEARING_TEMP,62.518,°C,BAD
2024-10-16 02:00:00,PUMP102.BEARING_TEMP,61.723,°C,GOOD
2024-10-16 04:00:00,PUMP102.BEARING_TEMP,60.793,°C,GOOD
2024-10-16 06:00:00,PUMP102.BEARING_TEMP,62.883,°C,GOOD
2024-10-16 08:00:00,PUMP102.BEARING_TEMP,61.599,°C,BAD
2024-10-16 10:00:00,PUMP102.BEARING_TEMP,61.877,°C,GOOD
2024-10-16 12:00:00,PUMP102.BEARING_TEMP,62.82,°C,GOOD
2024-10-16 14:00:00,PUMP102.BEARING_TEMP,61.929,°C,GOOD
2024-10-16 16:00:00,PUMP102.BEARING_TEMP,61.918,°C,GOOD
2024-10-16 18:00:00,PUMP102.BEARING_TEMP,61.386,°C,GOOD
2024-10-16 20:00:00,PUMP102.BEARING_TEMP,61.183,°C,GOOD
2024-10-16 22:00:00,PUMP102.BEARING_TEMP,61.917,°C,GOOD
2024-10-17 00:00:00,PUMP102.BEARING_TEMP,62.181,°C,GOOD
2024-10-17 02:00:00,PUMP102.BEARING_TEMP,62.153,°C,GOOD
2024-10-17 04:00:00,PUMP102.BEARING_TEMP,61.759,°C,GOOD
2024-10-17 06:00:00,PUMP102.BEARING_TEMP,62.01,°C,GOOD
2024-10-17 08:00:00,PUMP102.BEARING_TEMP,61.081,°C,GOOD
2024-10-17 10:00:00,PUMP102.BEARING_TEMP,62.23,°C,GOOD
2024-10-17 12:00:00,PUMP102.BEARING_TEMP,62.081,°C,GOOD
2024-10-17 14:00:00,PUMP102.BEARING_TEMP,62.987,°C,GOOD
2024-10-17 16:00:00,PUMP102.BEARING_TEMP,62.004,°C,GOOD
2024-10-17 18:00:00,PUMP102.BEARING_TEMP,61.529,°C,GOOD
2024-10-17 20:00:00,PUMP102.BEARING_TEMP,61.975,°C,GOOD
2024-10-17 22:00:00,PUMP102.BEARING_TEMP,61.836,°C,GOOD
2024-10-18 00:00:00,PUMP102.BEARING_TEMP,62.217,°C,GOOD
2024-10-18 02:00:00,PUMP102.BEARING_TEMP,62.013,°C,GOOD
2024-10-18 04:00:00,PUMP102.BEARING_TEMP,61.37,°C,GOOD
2024-10-18 06:00:00,PUMP102.BEARING_TEMP,61.182,°C,GOOD
2024-10-18 08:00:00,PUMP102.BEARING_TEMP,62.131,°C,GOOD
2024-10-18 10:00:00,PUMP102.BEARING_TEMP,62.692,°C,GOOD
2024-10-18 12:00:00,PUMP102.BEARING_TEMP,62.04,°C,GOOD
2024-10-18 14:00:00,PUMP102.BEARING_TEMP,62.407,°C,GOOD
2024-10-18 16:00:00,PUMP102.BEARING_TEMP,62.506,°C,GOOD
2024-10-18 18:00:00,PUMP102.BEARING_TEMP,62.133,°C,GOOD
2024-10-18 20:00:00,PUMP102.BEARING_TEMP,61.593,°C,GOOD
2024-10-18 22:00:00,PUMP102.BEARING_TEMP,62.098,°C,BAD
2024-10-19 00:00:00,PUMP102.BEARING_TEMP,62.604,°C,GOOD
2024-10-19 02:00:00,PUMP102.BEARING_TEMP,62.265,°C,GOOD
2024-10-19 04:00:00,PUMP102.BEARING_TEMP,62.374,°C,GOOD
2024-10-19 06:00:00,PUMP102.BEARING_TEMP,61.769,°C,GOOD
2024-10-19 08:00:00,PUMP102.BEARING_TEMP,61.899,°C,GOOD
2024-10-19 10:00:00,PUMP102.BEARING_TEMP,61.941,°C,GOOD
2024-10-19 12:00:00,PUMP102.BEARING_TEMP,61.974,°C,GOOD
2024-10-19 14:00:00,PUMP102.BEARING_TEMP,62.584,°C,GOOD
2024-10-19 16:00:00,PUMP102.BEARING_TEMP,60.826,°C,BAD
2024-10-19 18:00:00,PUMP102.BEARING_TEMP,62.015,°C,GOOD
2024-10-19 20:00:00,PUMP102.BEARING_TEMP,61.96,°C,GOOD
2024-10-19 22:00:00,PUMP102.BEARING_TEMP,61.314,°C,GOOD
2024-10-20 00:00:00,PUMP102.BEARING_TEMP,62.336,°C,GOOD
2024-10-20 02:00:00,PUMP102.BEARING_TEMP,61.638,°C,GOOD
2024-10-20 04:00:00,PUMP102.BEARING_TEMP,61.821,°C,GOOD
2024-10-20 06:00:00,PUMP102.BEARING_TEMP,62.924,°C,GOOD
2024-10-20 08:00:00,PUMP102.BEARING_TEMP,62.505,°C,GOOD
2024-10-20 10:00:00,PUMP102.BEARING_TEMP,62.287,°C,GOOD
2024-10-20 12:00:00,PUMP102.BEARING_TEMP,62.19,°C,GOOD
2024-10-20 14:00:00,PUMP102.BEARING_TEMP,61.918,°C,GOOD
2024-10-20 16:00:00,PUMP102.BEARING_TEMP,63.0,°C,GOOD
2024-10-20 18:00:00,PUMP102.BEARING_TEMP,62.401,°C,GOOD
2024-10-20 20:00:00,PUMP102.BEARING_TEMP,61.625,°C,GOOD
2024-10-20 22:00:00,PUMP102.BEARING_TEMP,61.3,°C,GOOD
2024-10-21 00:00:00,PUMP102.BEARING_TEMP,62.283,°C,GOOD
2024-10-21 02:00:00,PUMP102.BEARING_TEMP,61.972,°C,GOOD
2024-10-21 04:00:00,PUMP102.BEARING_TEMP,61.286,°C,GOOD
2024-10-21 06:00:00,PUMP102.BEARING_TEMP,62.214,°C,GOOD
2024-10-21 08:00:00,PUMP102.BEARING_TEMP,61.865,°C,GOOD
2024-10-21 10:00:00,PUMP102.BEARING_TEMP,62.265,°C,GOOD
2024-10-21 12:00:00,PUMP102.BEARING_TEMP,62.221,°C,GOOD
2024-10-21 14:00:00,PUMP102.BEARING_TEMP,61.696,°C,GOOD
2024-10-21 16:00:00,PUMP102.BEARING_TEMP,62.316,°C,GOOD
2024-10-21 18:00:00,PUMP102.BEARING_TEMP,61.751,°C,GOOD
2024-10-21 20:00:00,PUMP102.BEARING_TEMP,61.784,°C,GOOD
2024-10-21 22:00:00,PUMP102.BEARING_TEMP,61.734,°C,GOOD
2024-10-22 00:00:00,PUMP102.BEARING_TEMP,62.565,°C,GOOD
2024-10-22 02:00:00,PUMP102.BEARING_TEMP,61.86,°C,GOOD
2024-10-22 04:00:00,PUMP102.BEARING_TEMP,62.686,°C,GOOD
2024-10-22 06:00:00,PUMP102.BEARING_TEMP,62.892,°C,GOOD
2024-10-22 08:00:00,PUMP102.BEARING_TEMP,61.631,°C,GOOD
2024-10-22 10:00:00,PUMP102.BEARING_TEMP,60.54,°C,GOOD
2024-10-22 12:00:00,PUMP102.BEARING_TEMP,62.522,°C,GOOD
2024-10-22 14:00:00,PUMP102.BEARING_TEMP,61.829,°C,GOOD
2024-10-22 16:00:00,PUMP102.BEARING_TEMP,61.567,°C,GOOD
2024-10-22 18:00:00,PUMP102.BEARING_TEMP,61.706,°C,GOOD
2024-10-22 20:00:00,PUMP102.BEARING_TEMP,61.793,°C,GOOD
2024-10-22 22:00:00,PUMP102.BEARING_TEMP,62.649,°C,GOOD
2024-10-23 00:00:00,PUMP102.BEARING_TEMP,62.08,°C,GOOD
2024-10-23 02:00:00,PUMP102.BEARING_TEMP,62.642,°C,GOOD
2024-10-23 04:00:00,PUMP102.BEARING_TEMP,62.247,°C,GOOD
2024-10-23 06:00:00,PUMP102.BEARING_TEMP,61.845,°C,GOOD
2024-10-23 08:00:00,PUMP102.BEARING_TEMP,61.805,°C,GOOD
2024-10-23 10:00:00,PUMP102.BEARING_TEMP,62.281,°C,GOOD
2024-10-23 12:00:00,PUMP102.BEARING_TEMP,62.41,°C,GOOD
2024-10-23 14:00:00,PUMP102.BEARING_TEMP,62.498,°C,GOOD
2024-10-23 16:00:00,PUMP102.BEARING_TEMP,61.869,°C,GOOD
2024-10-23 18:00:00,PUMP102.BEARING_TEMP,62.088,°C,GOOD
2024-10-23 20:00:00,PUMP102.BEARING_TEMP,62.292,°C,GOOD
2024-10-23 22:00:00,PUMP102.BEARING_TEMP,61.808,°C,GOOD
2024-10-24 00:00:00,PUMP102.BEARING_TEMP,61.433,°C,GOOD
2024-10-24 02:00:00,PUMP102.BEARING_TEMP,61.597,°C,GOOD
2024-10-24 04:00:00,PUMP102.BEARING_TEMP,61.879,°C,GOOD
2024-10-24 06:00:00,PUMP102.BEARING_TEMP,62.331,°C,GOOD
2024-10-24 08:00:00,PUMP102.BEARING_TEMP,62.629,°C,GOOD
2024-10-24 10:00:00,PUMP102.BEARING_TEMP,61.322,°C,GOOD
2024-10-24 12:00:00,PUMP102.BEARING_TEMP,61.701,°C,GOOD
2024-10-24 14:00:00,PUMP102.BEARING_TEMP,61.821,°C,GOOD
2024-10-24 16:00:00,PUMP102.BEARING_TEMP,62.397,°C,GOOD
2024-10-24 18:00:00,PUMP102.BEARING_TEMP,61.736,°C,GOOD
2024-10-24 20:00:00,PUMP102.BEARING_TEMP,61.785,°C,GOOD
2024-10-24 22:00:00,PUMP102.BEARING_TEMP,61.294,°C,GOOD
2024-10-25 00:00:00,PUMP102.BEARING_TEMP,62.242,°C,GOOD
2024-10-25 02:00:00,PUMP102.BEARING_TEMP,61.919,°C,GOOD
2024-10-25 04:00:00,PUMP102.BEARING_TEMP,61.673,°C,GOOD
2024-10-25 06:00:00,PUMP102.BEARING_TEMP,61.87,°C,BAD
2024-10-25 08:00:00,PUMP102.BEARING_TEMP,62.563,°C,GOOD
2024-10-25 10:00:00,PUMP102.BEARING_TEMP,61.498,°C,GOOD
2024-10-25 12:00:00,PUMP102.BEARING_TEMP,61.579,°C,GOOD
2024-10-25 14:00:00,PUMP102.BEARING_TEMP,62.626,°C,GOOD
2024-10-25 16:00:00,PUMP102.BEARING_TEMP,62.038,°C,GOOD
2024-10-25 18:00:00,PUMP102.BEARING_TEMP,62.335,°C,GOOD
2024-10-25 20:00:00,PUMP102.BEARING_TEMP,62.201,°C,GOOD
2024-10-25 22:00:00,PUMP102.BEARING_TEMP,61.982,°C,GOOD
2024-10-26 00:00:00,PUMP102.BEARING_TEMP,61.826,°C,GOOD
2024-10-26 02:00:00,PUMP102.BEARING_TEMP,62.416,°C,GOOD
2024-10-26 04:00:00,PUMP102.BEARING_TEMP,62.581,°C,GOOD
2024-10-26 06:00:00,PUMP102.BEARING_TEMP,62.542,°C,GOOD
2024-10-26 08:00:00,PUMP102.BEARING_TEMP,61.407,°C,GOOD
2024-10-26 10:00:00,PUMP102.BEARING_TEMP,62.652,°C,GOOD
2024-10-26 12:00:00,PUMP102.BEARING_TEMP,61.821,°C,GOOD
2024-10-26 14:00:00,PUMP102.BEARING_TEMP,61.622,°C,GOOD
2024-10-26 16:00:00,PUMP102.BEARING_TEMP,61.915,°C,GOOD
2024-10-26 18:00:00,PUMP102.BEARING_TEMP,62.416,°C,GOOD
2024-10-26 20:00:00,PUMP102.BEARING_TEMP,62.27,°C,GOOD
2024-10-26 22:00:00,PUMP102.BEARING_TEMP,61.872,°C,GOOD
2024-10-27 00:00:00,PUMP102.BEARING_TEMP,62.419,°C,GOOD
2024-10-27 02:00:00,PUMP102.BEARING_TEMP,62.07,°C,GOOD
2024-10-27 04:00:00,PUMP102.BEARING_TEMP,61.714,°C,GOOD
2024-10-27 06:00:00,PUMP102.BEARING_TEMP,61.646,°C,GOOD
2024-10-27 08:00:00,PUMP102.BEARING_TEMP,62.205,°C,GOOD
2024-10-27 10:00:00,PUMP102.BEARING_TEMP,61.959,°C,GOOD
2024-10-27 12:00:00,PUMP102.BEARING_TEMP,61.312,°C,GOOD
2024-10-27 14:00:00,PUMP102.BEARING_TEMP,62.424,°C,GOOD
2024-10-27 16:00:00,PUMP102.BEARING_TEMP,61.76,°C,GOOD
2024-10-27 18:00:00,PUMP102.BEARING_TEMP,62.796,°C,GOOD
2024-10-27 20:00:00,PUMP102.BEARING_TEMP,61.299,°C,GOOD
2024-10-27 22:00:00,PUMP102.BEARING_TEMP,61.91,°C,GOOD
2024-10-28 00:00:00,PUMP102.BEARING_TEMP,61.65,°C,GOOD
2024-10-28 02:00:00,PUMP102.BEARING_TEMP,61.512,°C,GOOD
2024-10-28 04:00:00,PUMP102.BEARING_TEMP,61.757,°C,GOOD
2024-10-28 06:00:00,PUMP102.BEARING_TEMP,62.885,°C,GOOD
2024-10-28 08:00:00,PUMP102.BEARING_TEMP,62.072,°C,GOOD
2024-10-28 10:00:00,PUMP102.BEARING_TEMP,61.604,°C,GOOD
2024-10-28 12:00:00,PUMP102.BEARING_TEMP,61.086,°C,GOOD
2024-10-28 14:00:00,PUMP102.BEARING_TEMP,61.139,°C,GOOD
2024-10-28 16:00:00,PUMP102.BEARING_TEMP,61.732,°C,GOOD
2024-10-28 18:00:00,PUMP102.BEARING_TEMP,61.683,°C,GOOD
2024-10-28 20:00:00,PUMP102.BEARING_TEMP,61.888,°C,GOOD
2024-10-28 22:00:00,PUMP102.BEARING_TEMP,60.864,°C,GOOD
2024-10-29 00:00:00,PUMP102.BEARING_TEMP,61.954,°C,GOOD
2024-10-29 02:00:00,PUMP102.BEARING_TEMP,62.514,°C,GOOD
2024-10-29 04:00:00,PUMP102.BEARING_TEMP,62.811,°C,GOOD
2024-10-29 06:00:00,PUMP102.BEARING_TEMP,61.053,°C,GOOD
2024-10-29 08:00:00,PUMP102.BEARING_TEMP,61.599,°C,GOOD
2024-10-29 10:00:00,PUMP102.BEARING_TEMP,61.573,°C,GOOD
2024-10-29 12:00:00,PUMP102.BEARING_TEMP,62.073,°C,GOOD
2024-10-29 14:00:00,PUMP102.BEARING_TEMP,61.39,°C,GOOD
2024-10-29 16:00:00,PUMP102.BEARING_TEMP,62.841,°C,GOOD
2024-10-29 18:00:00,PUMP102.BEARING_TEMP,62.022,°C,GOOD
2024-10-29 20:00:00,PUMP102.BEARING_TEMP,61.938,°C,GOOD
2024-10-29 22:00:00,PUMP102.BEARING_TEMP,62.796,°C,GOOD
2024-10-30 00:00:00,PUMP102.BEARING_TEMP,61.992,°C,BAD
2024-10-30 02:00:00,PUMP102.BEARING_TEMP,62.2,°C,GOOD
2024-10-30 04:00:00,PUMP102.BEARING_TEMP,61.625,°C,GOOD
2024-10-30 06:00:00,PUMP102.BEARING_TEMP,61.315,°C,BAD
2024-10-30 08:00:00,PUMP102.BEARING_TEMP,61.695,°C,GOOD
2024-10-30 10:00:00,PUMP102.BEARING_TEMP,63.093,°C,GOOD
2024-10-30 12:00:00,PUMP102.BEARING_TEMP,62.317,°C,GOOD
2024-10-30 14:00:00,PUMP102.BEARING_TEMP,62.137,°C,GOOD
2024-10-30 16:00:00,PUMP102.BEARING_TEMP,61.512,°C,GOOD
2024-10-30 18:00:00,PUMP102.BEARING_TEMP,62.456,°C,GOOD
2024-10-30 20:00:00,PUMP102.BEARING_TEMP,61.321,°C,GOOD
2024-10-30 22:00:00,PUMP102.BEARING_TEMP,61.216,°C,GOOD
2024-10-31 00:00:00,PUMP102.BEARING_TEMP,61.721,°C,GOOD
2024-10-31 02:00:00,PUMP102.BEARING_TEMP,62.977,°C,GOOD
2024-10-31 04:00:00,PUMP102.BEARING_TEMP,62.949,°C,GOOD
2024-10-31 06:00:00,PUMP102.BEARING_TEMP,61.774,°C,GOOD
2024-10-31 08:00:00,PUMP102.BEARING_TEMP,61.663,°C,GOOD
2024-10-31 10:00:00,PUMP102.BEARING_TEMP,61.18,°C,GOOD
2024-10-31 12:00:00,PUMP102.BEARING_TEMP,62.039,°C,GOOD
2024-10-31 14:00:00,PUMP102.BEARING_TEMP,62.081,°C,GOOD
2024-10-31 16:00:00,PUMP102.BEARING_TEMP,62.395,°C,GOOD
2024-10-31 18:00:00,PUMP102.BEARING_TEMP,62.455,°C,GOOD
2024-10-31 20:00:00,PUMP102.BEARING_TEMP,61.901,°C,GOOD
2024-10-31 22:00:00,PUMP102.BEARING_TEMP,62.278,°C,GOOD
2024-11-01 00:00:00,PUMP102.BEARING_TEMP,61.65,°C,GOOD
2024-11-01 02:00:00,PUMP102.BEARING_TEMP,62.269,°C,GOOD
2024-11-01 04:00:00,PUMP102.BEARING_TEMP,61.746,°C,GOOD
2024-11-01 06:00:00,PUMP102.BEARING_TEMP,62.23,°C,GOOD
2024-11-01 08:00:00,PUMP102.BEARING_TEMP,62.189,°C,GOOD
2024-11-01 10:00:00,PUMP102.BEARING_TEMP,62.034,°C,GOOD
2024-11-01 12:00:00,PUMP102.BEARING_TEMP,62.397,°C,GOOD
2024-11-01 14:00:00,PUMP102.BEARING_TEMP,61.215,°C,GOOD
2024-11-01 16:00:00,PUMP102.BEARING_TEMP,61.468,°C,GOOD
2024-11-01 18:00:00,PUMP102.BEARING_TEMP,61.865,°C,GOOD
2024-11-01 20:00:00,PUMP102.BEARING_TEMP,61.278,°C,GOOD
2024-11-01 22:00:00,PUMP102.BEARING_TEMP,61.797,°C,GOOD
2024-11-02 00:00:00,PUMP102.BEARING_TEMP,61.813,°C,GOOD
2024-11-02 02:00:00,PUMP102.BEARING_TEMP,62.655,°C,GOOD
2024-11-02 04:00:00,PUMP102.BEARING_TEMP,62.071,°C,GOOD
2024-11-02 06:00:00,PUMP102.BEARING_TEMP,62.515,°C,GOOD
2024-11-02 08:00:00,PUMP102.BEARING_TEMP,62.151,°C,GOOD
2024-11-02 10:00:00,PUMP102.BEARING_TEMP,61.732,°C,GOOD
2024-11-02 12:00:00,PUMP102.BEARING_TEMP,62.067,°C,GOOD
2024-11-02 14:00:00,PUMP102.BEARING_TEMP,62.365,°C,GOOD
2024-11-02 16:00:00,PUMP102.BEARING_TEMP,62.597,°C,GOOD
2024-11-02 18:00:00,PUMP102.BEARING_TEMP,61.934,°C,GOOD
2024-11-02 20:00:00,PUMP102.BEARING_TEMP,61.176,°C,GOOD
2024-11-02 22:00:00,PUMP102.BEARING_TEMP,61.141,°C,GOOD
2024-11-03 00:00:00,PUMP102.BEARING_TEMP,61.837,°C,GOOD
2024-11-03 02:00:00,PUMP102.BEARING_TEMP,60.831,°C,GOOD
2024-11-03 04:00:00,PUMP102.BEARING_TEMP,62.898,°C,GOOD
2024-11-03 06:00:00,PUMP102.BEARING_TEMP,62.298,°C,GOOD
2024-11-03 08:00:00,PUMP102.BEARING_TEMP,61.682,°C,GOOD
2024-11-03 10:00:00,PUMP102.BEARING_TEMP,61.445,°C,BAD
2024-11-03 12:00:00,PUMP102.BEARING_TEMP,62.514,°C,GOOD
2024-11-03 14:00:00,PUMP102.BEARING_TEMP,61.443,°C,GOOD
2024-11-03 16:00:00,PUMP102.BEARING_TEMP,61.491,°C,GOOD
2024-11-03 18:00:00,PUMP102.BEARING_TEMP,61.617,°C,BAD
2024-11-03 20:00:00,PUMP102.BEARING_TEMP,62.057,°C,GOOD
2024-11-03 22:00:00,PUMP102.BEARING_TEMP,62.31,°C,GOOD
2024-11-04 00:00:00,PUMP102.BEARING_TEMP,62.596,°C,GOOD
2024-11-04 02:00:00,PUMP102.BEARING_TEMP,62.522,°C,GOOD
2024-11-04 04:00:00,PUMP102.BEARING_TEMP,62.0,°C,GOOD
2024-11-04 06:00:00,PUMP102.BEARING_TEMP,62.51,°C,GOOD
2024-11-04 08:00:00,PUMP102.BEARING_TEMP,61.665,°C,GOOD
2024-11-04 10:00:00,PUMP102.BEARING_TEMP,61.09,°C,GOOD
2024-11-04 12:00:00,PUMP102.BEARING_TEMP,61.664,°C,GOOD
2024-11-04 14:00:00,PUMP102.BEARING_TEMP,61.597,°C,GOOD
2024-11-04 16:00:00,PUMP102.BEARING_TEMP,61.684,°C,GOOD
2024-11-04 18:00:00,PUMP102.BEARING_TEMP,61.52,°C,GOOD
2024-11-04 20:00:00,PUMP102.BEARING_TEMP,61.769,°C,GOOD
2024-11-04 22:00:00,PUMP102.BEARING_TEMP,62.31,°C,GOOD
2024-11-05 00:00:00,PUMP102.BEARING_TEMP,62.858,°C,GOOD
2024-11-05 02:00:00,PUMP102.BEARING_TEMP,61.137,°C,GOOD
2024-11-05 04:00:00,PUMP102.BEARING_TEMP,61.356,°C,GOOD
2024-11-05 06:00:00,PUMP102.BEARING_TEMP,61.604,°C,GOOD
2024-11-05 08:00:00,PUMP102.BEARING_TEMP,62.383,°C,GOOD
2024-11-05 10:00:00,PUMP102.BEARING_TEMP,61.898,°C,GOOD
2024-11-05 12:00:00,PUMP102.BEARING_TEMP,61.638,°C,GOOD
2024-11-05 14:00:00,PUMP102.BEARING_TEMP,62.358,°C,GOOD
2024-11-05 16:00:00,PUMP102.BEARING_TEMP,62.478,°C,GOOD
2024-11-05 18:00:00,PUMP102.BEARING_TEMP,61.991,°C,GOOD
2024-11-05 20:00:00,PUMP102.BEARING_TEMP,61.592,°C,GOOD
2024-11-05 22:00:00,PUMP102.BEARING_TEMP,62.135,°C,BAD
2024-11-06 00:00:00,PUMP102.BEARING_TEMP,61.883,°C,GOOD
2024-11-06 02:00:00,PUMP102.BEARING_TEMP,61.879,°C,GOOD
2024-11-06 04:00:00,PUMP102.BEARING_TEMP,61.744,°C,GOOD
2024-11-06 06:00:00,PUMP102.BEARING_TEMP,62.462,°C,GOOD
2024-11-06 08:00:00,PUMP102.BEARING_TEMP,62.125,°C,GOOD
2024-11-06 10:00:00,PUMP102.BEARING_TEMP,62.518,°C,GOOD
2024-11-06 12:00:00,PUMP102.BEARING_TEMP,62.668,°C,GOOD
2024-11-06 14:00:00,PUMP102.BEARING_TEMP,62.229,°C,GOOD
2024-11-06 16:00:00,PUMP102.BEARING_TEMP,61.747,°C,GOOD
2024-11-06 18:00:00,PUMP102.BEARING_TEMP,62.52,°C,GOOD
2024-11-06 20:00:00,PUMP102.BEARING_TEMP,62.233,°C,GOOD
2024-11-06 22:00:00,PUMP102.BEARING_TEMP,63.302,°C,GOOD
2024-11-07 00:00:00,PUMP102.BEARING_TEMP,62.155,°C,BAD
2024-11-07 02:00:00,PUMP102.BEARING_TEMP,62.349,°C,GOOD
2024-11-07 04:00:00,PUMP102.BEARING_TEMP,62.145,°C,GOOD
2024-11-07 06:00:00,PUMP102.BEARING_TEMP,61.95,°C,GOOD
2024-11-07 08:00:00,PUMP102.BEARING_TEMP,61.871,°C,GOOD
2024-11-07 10:00:00,PUMP102.BEARING_TEMP,62.147,°C,GOOD
2024-11-07 12:00:00,PUMP102.BEARING_TEMP,62.261,°C,GOOD
2024-11-07 14:00:00,PUMP102.BEARING_TEMP,62.577,°C,GOOD
2024-11-07 16:00:00,PUMP102.BEARING_TEMP,62.154,°C,GOOD
2024-11-07 18:00:00,PUMP102.BEARING_TEMP,61.769,°C,GOOD
2024-11-07 20:00:00,PUMP102.BEARING_TEMP,61.837,°C,GOOD
2024-11-07 22:00:00,PUMP102.BEARING_TEMP,61.339,°C,GOOD
2024-11-08 00:00:00,PUMP102.BEARING_TEMP,62.831,°C,GOOD
2024-11-08 02:00:00,PUMP102.BEARING_TEMP,61.729,°C,GOOD
2024-11-08 04:00:00,PUMP102.BEARING_TEMP,62.484,°C,GOOD
2024-11-08 06:00:00,PUMP102.BEARING_TEMP,62.138,°C,GOOD
2024-11-08 08:00:00,PUMP102.BEARING_TEMP,62.152,°C,GOOD
2024-11-08 10:00:00,PUMP102.BEARING_TEMP,61.941,°C,GOOD
2024-11-08 12:00:00,PUMP102.BEARING_TEMP,61.606,°C,BAD
2024-11-08 14:00:00,PUMP102.BEARING_TEMP,61.516,°C,GOOD
2024-11-08 16:00:00,PUMP102.BEARING_TEMP,62.864,°C,GOOD
2024-11-08 18:00:00,PUMP102.BEARING_TEMP,62.057,°C,GOOD
2024-11-08 20:00:00,PUMP102.BEARING_TEMP,62.563,°C,GOOD
2024-11-08 22:00:00,PUMP102.BEARING_TEMP,62.692,°C,GOOD
2024-11-09 00:00:00,PUMP102.BEARING_TEMP,61.795,°C,GOOD
2024-11-09 02:00:00,PUMP102.BEARING_TEMP,62.212,°C,GOOD
2024-11-09 04:00:00,PUMP102.BEARING_TEMP,62.023,°C,GOOD
2024-11-09 06:00:00,PUMP102.BEARING_TEMP,61.421,°C,GOOD
2024-11-09 08:00:00,PUMP102.BEARING_TEMP,61.907,°C,GOOD
2024-11-09 10:00:00,PUMP102.BEARING_TEMP,62.294,°C,GOOD
2024-11-09 12:00:00,PUMP102.BEARING_TEMP,61.75,°C,GOOD
2024-11-09 14:00:00,PUMP102.BEARING_TEMP,61.838,°C,GOOD
2024-11-09 16:00:00,PUMP102.BEARING_TEMP,61.913,°C,GOOD
2024-11-09 18:00:00,PUMP102.BEARING_TEMP,63.056,°C,GOOD
2024-11-09 20:00:00,PUMP102.BEARING_TEMP,61.083,°C,GOOD
2024-11-09 22:00:00,PUMP102.BEARING_TEMP,62.251,°C,GOOD
2024-11-10 00:00:00,PUMP102.BEARING_TEMP,61.873,°C,GOOD
2024-11-10 02:00:00,PUMP102.BEARING_TEMP,61.68,°C,GOOD
2024-11-10 04:00:00,PUMP102.BEARING_TEMP,61.861,°C,GOOD
2024-11-10 06:00:00,PUMP102.BEARING_TEMP,62.334,°C,GOOD
2024-11-10 08:00:00,PUMP102.BEARING_TEMP,62.362,°C,GOOD
2024-11-10 10:00:00,PUMP102.BEARING_TEMP,62.093,°C,GOOD
2024-11-10 12:00:00,PUMP102.BEARING_TEMP,62.546,°C,GOOD
2024-11-10 14:00:00,PUMP102.BEARING_TEMP,62.634,°C,GOOD
2024-11-10 16:00:00,PUMP102.BEARING_TEMP,62.408,°C,GOOD
2024-11-10 18:00:00,PUMP102.BEARING_TEMP,61.727,°C,GOOD
2024-11-10 20:00:00,PUMP102.BEARING_TEMP,62.247,°C,GOOD
2024-11-10 22:00:00,PUMP102.BEARING_TEMP,62.25,°C,GOOD
2024-11-11 00:00:00,PUMP102.BEARING_TEMP,61.592,°C,GOOD
2024-11-11 02:00:00,PUMP102.BEARING_TEMP,61.215,°C,GOOD
2024-11-11 04:00:00,PUMP102.BEARING_TEMP,60.989,°C,GOOD
2024-11-11 06:00:00,PUMP102.BEARING_TEMP,62.035,°C,GOOD
2024-11-11 08:00:00,PUMP102.BEARING_TEMP,62.149,°C,GOOD
2024-11-11 10:00:00,PUMP102.BEARING_TEMP,61.409,°C,GOOD
2024-11-11 12:00:00,PUMP102.BEARING_TEMP,62.523,°C,GOOD
2024-11-11 14:00:00,PUMP102.BEARING_TEMP,62.076,°C,GOOD
2024-11-11 16:00:00,PUMP102.BEARING_TEMP,62.675,°C,GOOD
2024-11-11 18:00:00,PUMP102.BEARING_TEMP,62.185,°C,GOOD
2024-11-11 20:00:00,PUMP102.BEARING_TEMP,61.467,°C,GOOD
2024-11-11 22:00:00,PUMP102.BEARING_TEMP,62.229,°C,GOOD
2024-11-12 00:00:00,PUMP102.BEARING_TEMP,62.335,°C,GOOD
2024-11-12 02:00:00,PUMP102.BEARING_TEMP,61.726,°C,GOOD
2024-11-12 04:00:00,PUMP102.BEARING_TEMP,61.279,°C,GOOD
2024-11-12 06:00:00,PUMP102.BEARING_TEMP,62.05,°C,GOOD
2024-11-12 08:00:00,PUMP102.BEARING_TEMP,61.5,°C,GOOD
2024-11-12 10:00:00,PUMP102.BEARING_TEMP,62.56,°C,GOOD
2024-11-12 12:00:00,PUMP102.BEARING_TEMP,61.796,°C,GOOD
2024-11-12 14:00:00,PUMP102.BEARING_TEMP,62.862,°C,GOOD
2024-11-12 16:00:00,PUMP102.BEARING_TEMP,60.938,°C,GOOD
2024-11-12 18:00:00,PUMP102.BEARING_TEMP,62.067,°C,GOOD
2024-11-12 20:00:00,PUMP102.BEARING_TEMP,62.715,°C,GOOD
2024-11-12 22:00:00,PUMP102.BEARING_TEMP,61.555,°C,GOOD
2024-11-13 00:00:00,PUMP102.BEARING_TEMP,61.92,°C,GOOD
2024-11-13 02:00:00,PUMP102.BEARING_TEMP,61.798,°C,GOOD
2024-11-13 04:00:00,PUMP102.BEARING_TEMP,61.658,°C,GOOD
2024-11-13 06:00:00,PUMP102.BEARING_TEMP,62.122,°C,GOOD
2024-11-13 08:00:00,PUMP102.BEARING_TEMP,61.352,°C,GOOD
2024-11-13 10:00:00,PUMP102.BEARING_TEMP,61.945,°C,GOOD
2024-11-13 12:00:00,PUMP102.BEARING_TEMP,62.258,°C,GOOD
2024-11-13 14:00:00,PUMP102.BEARING_TEMP,61.892,°C,GOOD
2024-11-13 16:00:00,PUMP102.BEARING_TEMP,61.5,°C,GOOD
2024-11-13 18:00:00,PUMP102.BEARING_TEMP,62.515,°C,GOOD
2024-11-13 20:00:00,PUMP102.BEARING_TEMP,62.365,°C,GOOD
2024-11-13 22:00:00,PUMP102.BEARING_TEMP,61.479,°C,GOOD
2024-11-14 00:00:00,PUMP102.BEARING_TEMP,61.353,°C,GOOD
2024-11-14 02:00:00,PUMP102.BEARING_TEMP,61.524,°C,GOOD
2024-11-14 04:00:00,PUMP102.BEARING_TEMP,62.273,°C,GOOD
2024-11-14 06:00:00,PUMP102.BEARING_TEMP,62.138,°C,GOOD
2024-11-14 08:00:00,PUMP102.BEARING_TEMP,62.395,°C,GOOD
2024-11-14 10:00:00,PUMP102.BEARING_TEMP,61.837,°C,GOOD
2024-11-14 12:00:00,PUMP102.BEARING_TEMP,61.538,°C,GOOD
2024-11-14 14:00:00,PUMP102.BEARING_TEMP,62.459,°C,GOOD
2024-11-14 16:00:00,PUMP102.BEARING_TEMP,61.723,°C,GOOD
2024-11-14 18:00:00,PUMP102.BEARING_TEMP,62.093,°C,GOOD
2024-11-14 20:00:00,PUMP102.BEARING_TEMP,61.225,°C,GOOD
2024-11-14 22:00:00,PUMP102.BEARING_TEMP,61.715,°C,GOOD
2024-11-15 00:00:00,PUMP102.BEARING_TEMP,62.505,°C,GOOD
2024-11-15 02:00:00,PUMP102.BEARING_TEMP,61.642,°C,GOOD
2024-11-15 04:00:00,PUMP102.BEARING_TEMP,62.407,°C,GOOD
2024-11-15 06:00:00,PUMP102.BEARING_TEMP,60.834,°C,GOOD
2024-11-15 08:00:00,PUMP102.BEARING_TEMP,61.72,°C,GOOD
2024-11-15 10:00:00,PUMP102.BEARING_TEMP,61.914,°C,GOOD
2024-11-15 12:00:00,PUMP102.BEARING_TEMP,62.871,°C,GOOD
2024-11-15 14:00:00,PUMP102.BEARING_TEMP,61.415,°C,GOOD
2024-11-15 16:00:00,PUMP102.BEARING_TEMP,62.335,°C,GOOD
2024-11-15 18:00:00,PUMP102.BEARING_TEMP,62.528,°C,GOOD
2024-11-15 20:00:00,PUMP102.BEARING_TEMP,61.639,°C,GOOD
2024-11-15 22:00:00,PUMP102.BEARING_TEMP,61.813,°C,GOOD
2024-11-16 00:00:00,PUMP102.BEARING_TEMP,62.071,°C,GOOD
2024-11-16 02:00:00,PUMP102.BEARING_TEMP,61.259,°C,GOOD
2024-11-16 04:00:00,PUMP102.BEARING_TEMP,61.772,°C,GOOD
2024-11-16 06:00:00,PUMP102.BEARING_TEMP,62.638,°C,GOOD
2024-11-16 08:00:00,PUMP102.BEARING_TEMP,62.261,°C,GOOD
2024-11-16 10:00:00,PUMP102.BEARING_TEMP,61.922,°C,GOOD
2024-11-16 12:00:00,PUMP102.BEARING_TEMP,62.057,°C,GOOD
2024-11-16 14:00:00,PUMP102.BEARING_TEMP,62.29,°C,GOOD
2024-11-16 16:00:00,PUMP102.BEARING_TEMP,62.386,°C,GOOD
2024-11-16 18:00:00,PUMP102.BEARING_TEMP,61.722,°C,GOOD
2024-11-16 20:00:00,PUMP102.BEARING_TEMP,62.767,°C,GOOD
2024-11-16 22:00:00,PUMP102.BEARING_TEMP,62.658,°C,GOOD
2024-11-17 00:00:00,PUMP102.BEARING_TEMP,62.339,°C,GOOD
2024-11-17 02:00:00,PUMP102.BEARING_TEMP,61.579,°C,GOOD
2024-11-17 04:00:00,PUMP102.BEARING_TEMP,61.49,°C,GOOD
2024-11-17 06:00:00,PUMP102.BEARING_TEMP,61.837,°C,GOOD
2024-11-17 08:00:00,PUMP102.BEARING_TEMP,62.03,°C,GOOD
2024-11-17 10:00:00,PUMP102.BEARING_TEMP,61.116,°C,GOOD
2024-11-17 12:00:00,PUMP102.BEARING_TEMP,62.247,°C,GOOD
2024-11-17 14:00:00,PUMP102.BEARING_TEMP,62.644,°C,GOOD
2024-11-17 16:00:00,PUMP102.BEARING_TEMP,62.288,°C,GOOD
2024-11-17 18:00:00,PUMP102.BEARING_TEMP,61.662,°C,GOOD
2024-11-17 20:00:00,PUMP102.BEARING_TEMP,61.603,°C,GOOD
2024-11-17 22:00:00,PUMP102.BEARING_TEMP,62.15,°C,GOOD
2024-11-18 00:00:00,PUMP102.BEARING_TEMP,61.923,°C,GOOD
2024-11-18 02:00:00,PUMP102.BEARING_TEMP,62.222,°C,GOOD
2024-11-18 04:00:00,PUMP102.BEARING_TEMP,62.301,°C,GOOD
2024-11-18 06:00:00,PUMP102.BEARING_TEMP,62.546,°C,GOOD
2024-11-18 08:00:00,PUMP102.BEARING_TEMP,61.434,°C,GOOD
2024-11-18 10:00:00,PUMP102.BEARING_TEMP,62.111,°C,GOOD
2024-11-18 12:00:00,PUMP102.BEARING_TEMP,61.818,°C,GOOD
2024-11-18 14:00:00,PUMP102.BEARING_TEMP,61.951,°C,GOOD
2024-11-18 16:00:00,PUMP102.BEARING_TEMP,62.432,°C,GOOD
2024-11-18 18:00:00,PUMP102.BEARING_TEMP,62.487,°C,GOOD
2024-11-18 20:00:00,PUMP102.BEARING_TEMP,62.699,°C,GOOD
2024-11-18 22:00:00,PUMP102.BEARING_TEMP,62.213,°C,GOOD
2024-11-19 00:00:00,PUMP102.BEARING_TEMP,61.945,°C,GOOD
2024-11-19 02:00:00,PUMP102.BEARING_TEMP,61.874,°C,GOOD
2024-11-19 04:00:00,PUMP102.BEARING_TEMP,61.133,°C,GOOD
2024-11-19 06:00:00,PUMP102.BEARING_TEMP,62.67,°C,GOOD
2024-11-19 08:00:00,PUMP102.BEARING_TEMP,61.839,°C,GOOD
2024-11-19 10:00:00,PUMP102.BEARING_TEMP,62.253,°C,GOOD
2024-11-19 12:00:00,PUMP102.BEARING_TEMP,62.339,°C,GOOD
2024-11-19 14:00:00,PUMP102.BEARING_TEMP,61.377,°C,GOOD
2024-11-19 16:00:00,PUMP102.BEARING_TEMP,61.538,°C,GOOD
2024-11-19 18:00:00,PUMP102.BEARING_TEMP,62.774,°C,GOOD
2024-11-19 20:00:00,PUMP102.BEARING_TEMP,62.145,°C,GOOD
2024-11-19 22:00:00,PUMP102.BEARING_TEMP,61.71,°C,GOOD
2024-11-20 00:00:00,PUMP102.BEARING_TEMP,61.937,°C,GOOD
2024-11-20 02:00:00,PUMP102.BEARING_TEMP,62.543,°C,GOOD
2024-11-20 04:00:00,PUMP102.BEARING_TEMP,62.467,°C,GOOD
2024-11-20 06:00:00,PUMP102.BEARING_TEMP,61.267,°C,GOOD
2024-11-20 08:00:00,PUMP102.BEARING_TEMP,62.817,°C,GOOD
2024-11-20 10:00:00,PUMP102.BEARING_TEMP,62.483,°C,GOOD
2024-11-20 12:00:00,PUMP102.BEARING_TEMP,61.924,°C,GOOD
2024-11-20 14:00:00,PUMP102.BEARING_TEMP,61.404,°C,GOOD
2024-11-20 16:00:00,PUMP102.BEARING_TEMP,62.527,°C,GOOD
2024-11-20 18:00:00,PUMP102.BEARING_TEMP,62.238,°C,GOOD
2024-11-20 20:00:00,PUMP102.BEARING_TEMP,61.271,°C,GOOD
2024-11-20 22:00:00,PUMP102.BEARING_TEMP,61.884,°C,GOOD
2024-11-21 00:00:00,PUMP102.BEARING_TEMP,63.563,°C,GOOD
2024-11-21 02:00:00,PUMP102.BEARING_TEMP,62.008,°C,GOOD
2024-11-21 04:00:00,PUMP102.BEARING_TEMP,61.629,°C,GOOD
2024-11-21 06:00:00,PUMP102.BEARING_TEMP,61.496,°C,GOOD
2024-11-21 08:00:00,PUMP102.BEARING_TEMP,62.886,°C,GOOD
2024-11-21 10:00:00,PUMP102.BEARING_TEMP,62.424,°C,GOOD
2024-11-21 12:00:00,PUMP102.BEARING_TEMP,62.704,°C,GOOD
2024-11-21 14:00:00,PUMP102.BEARING_TEMP,62.124,°C,GOOD
2024-11-21 16:00:00,PUMP102.BEARING_TEMP,62.627,°C,GOOD
2024-11-21 18:00:00,PUMP102.BEARING_TEMP,61.576,°C,GOOD
2024-11-21 20:00:00,PUMP102.BEARING_TEMP,62.081,°C,GOOD
2024-11-21 22:00:00,PUMP102.BEARING_TEMP,62.144,°C,GOOD
2024-11-22 00:00:00,PUMP102.BEARING_TEMP,62.691,°C,GOOD
2024-11-22 02:00:00,PUMP102.BEARING_TEMP,62.159,°C,GOOD
2024-11-22 04:00:00,PUMP102.BEARING_TEMP,61.687,°C,GOOD
2024-11-22 06:00:00,PUMP102.BEARING_TEMP,62.032,°C,GOOD
2024-11-22 08:00:00,PUMP102.BEARING_TEMP,61.162,°C,GOOD
2024-11-22 10:00:00,PUMP102.BEARING_TEMP,60.84,°C,GOOD
2024-11-22 12:00:00,PUMP102.BEARING_TEMP,62.416,°C,GOOD
2024-11-22 14:00:00,PUMP102.BEARING_TEMP,61.813,°C,GOOD
2024-11-22 16:00:00,PUMP102.BEARING_TEMP,61.869,°C,GOOD
2024-11-22 18:00:00,PUMP102.BEARING_TEMP,62.415,°C,GOOD
2024-11-22 20:00:00,PUMP102.BEARING_TEMP,62.699,°C,GOOD
2024-11-22 22:00:00,PUMP102.BEARING_TEMP,62.267,°C,GOOD
2024-11-23 00:00:00,PUMP102.BEARING_TEMP,62.964,°C,GOOD
2024-11-23 02:00:00,PUMP102.BEARING_TEMP,62.251,°C,GOOD
2024-11-23 04:00:00,PUMP102.BEARING_TEMP,62.151,°C,GOOD
2024-11-23 06:00:00,PUMP102.BEARING_TEMP,62.12,°C,GOOD
2024-11-23 08:00:00,PUMP102.BEARING_TEMP,61.357,°C,GOOD
2024-11-23 10:00:00,PUMP102.BEARING_TEMP,62.478,°C,GOOD
2024-11-23 12:00:00,PUMP102.BEARING_TEMP,60.777,°C,GOOD
2024-11-23 14:00:00,PUMP102.BEARING_TEMP,61.707,°C,GOOD
2024-11-23 16:00:00,PUMP102.BEARING_TEMP,62.011,°C,GOOD
2024-11-23 18:00:00,PUMP102.BEARING_TEMP,61.605,°C,GOOD
2024-11-23 20:00:00,PUMP102.BEARING_TEMP,61.774,°C,GOOD
2024-11-23 22:00:00,PUMP102.BEARING_TEMP,62.92,°C,GOOD
2024-11-24 00:00:00,PUMP102.BEARING_TEMP,62.552,°C,GOOD
2024-11-24 02:00:00,PUMP102.BEARING_TEMP,61.657,°C,GOOD
2024-11-24 04:00:00,PUMP102.BEARING_TEMP,61.765,°C,GOOD
2024-11-24 06:00:00,PUMP102.BEARING_TEMP,61.361,°C,GOOD
2024-11-24 08:00:00,PUMP102.BEARING_TEMP,62.352,°C,GOOD
2024-11-24 10:00:00,PUMP102.BEARING_TEMP,61.875,°C,GOOD
2024-11-24 12:00:00,PUMP102.BEARING_TEMP,61.017,°C,GOOD
2024-11-24 14:00:00,PUMP102.BEARING_TEMP,62.05,°C,GOOD
2024-11-24 16:00:00,PUMP102.BEARING_TEMP,62.219,°C,GOOD
2024-11-24 18:00:00,PUMP102.BEARING_TEMP,62.482,°C,GOOD
2024-11-24 20:00:00,PUMP102.BEARING_TEMP,61.963,°C,GOOD
2024-11-24 22:00:00,PUMP102.BEARING_TEMP,61.814,°C,GOOD
2024-11-25 00:00:00,PUMP102.BEARING_TEMP,62.993,°C,GOOD
2024-11-25 02:00:00,PUMP102.BEARING_TEMP,62.003,°C,GOOD
2024-11-25 04:00:00,PUMP102.BEARING_TEMP,62.36,°C,GOOD
2024-11-25 06:00:00,PUMP102.BEARING_TEMP,61.73,°C,GOOD
2024-11-25 08:00:00,PUMP102.BEARING_TEMP,62.345,°C,GOOD
2024-11-25 10:00:00,PUMP102.BEARING_TEMP,61.272,°C,GOOD
2024-11-25 12:00:00,PUMP102.BEARING_TEMP,61.769,°C,GOOD
2024-11-25 14:00:00,PUMP102.BEARING_TEMP,61.396,°C,GOOD
2024-11-25 16:00:00,PUMP102.BEARING_TEMP,61.698,°C,GOOD
2024-11-25 18:00:00,PUMP102.BEARING_TEMP,62.625,°C,GOOD
2024-11-25 20:00:00,PUMP102.BEARING_TEMP,61.694,°C,GOOD
2024-11-25 22:00:00,PUMP102.BEARING_TEMP,62.359,°C,GOOD
2024-11-26 00:00:00,PUMP102.BEARING_TEMP,62.759,°C,GOOD
2024-11-26 02:00:00,PUMP102.BEARING_TEMP,61.986,°C,GOOD
2024-11-26 04:00:00,PUMP102.BEARING_TEMP,62.497,°C,GOOD
2024-11-26 06:00:00,PUMP102.BEARING_TEMP,62.266,°C,GOOD
2024-11-26 08:00:00,PUMP102.BEARING_TEMP,62.058,°C,GOOD
2024-11-26 10:00:00,PUMP102.BEARING_TEMP,62.375,°C,GOOD
2024-11-26 12:00:00,PUMP102.BEARING_TEMP,62.92,°C,GOOD
2024-11-26 14:00:00,PUMP102.BEARING_TEMP,61.681,°C,GOOD
2024-11-26 16:00:00,PUMP102.BEARING_TEMP,61.52,°C,GOOD
2024-11-26 18:00:00,PUMP102.BEARING_TEMP,61.491,°C,GOOD
2024-11-26 20:00:00,PUMP102.BEARING_TEMP,62.497,°C,GOOD
2024-11-26 22:00:00,PUMP102.BEARING_TEMP,62.565,°C,GOOD
2024-11-27 00:00:00,PUMP102.BEARING_TEMP,61.731,°C,GOOD
2024-11-27 02:00:00,PUMP102.BEARING_TEMP,60.932,°C,GOOD
2024-11-27 04:00:00,PUMP102.BEARING_TEMP,61.663,°C,GOOD
2024-11-27 06:00:00,PUMP102.BEARING_TEMP,62.274,°C,GOOD
2024-11-27 08:00:00,PUMP102.BEARING_TEMP,61.967,°C,GOOD
2024-11-27 10:00:00,PUMP102.BEARING_TEMP,62.09,°C,GOOD
2024-11-27 12:00:00,PUMP102.BEARING_TEMP,61.738,°C,GOOD
2024-11-27 14:00:00,PUMP102.BEARING_TEMP,62.507,°C,GOOD
2024-11-27 16:00:00,PUMP102.BEARING_TEMP,62.172,°C,GOOD
2024-11-27 18:00:00,PUMP102.BEARING_TEMP,62.293,°C,GOOD
2024-11-27 20:00:00,PUMP102.BEARING_TEMP,62.08,°C,GOOD
2024-11-27 22:00:00,PUMP102.BEARING_TEMP,62.262,°C,GOOD
2024-11-28 00:00:00,PUMP102.BEARING_TEMP,62.229,°C,GOOD
2024-11-28 02:00:00,PUMP102.BEARING_TEMP,61.536,°C,GOOD
2024-11-28 04:00:00,PUMP102.BEARING_TEMP,62.187,°C,GOOD
2024-11-28 06:00:00,PUMP102.BEARING_TEMP,62.396,°C,GOOD
2024-11-28 08:00:00,PUMP102.BEARING_TEMP,62.578,°C,GOOD
2024-11-28 10:00:00,PUMP102.BEARING_TEMP,62.208,°C,GOOD
2024-11-28 12:00:00,PUMP102.BEARING_TEMP,61.517,°C,GOOD
2024-11-28 14:00:00,PUMP102.BEARING_TEMP,61.594,°C,GOOD
2024-11-28 16:00:00,PUMP102.BEARING_TEMP,61.782,°C,GOOD
2024-11-28 18:00:00,PUMP102.BEARING_TEMP,62.095,°C,GOOD
2024-11-28 20:00:00,PUMP102.BEARING_TEMP,61.939,°C,GOOD
2024-11-28 22:00:00,PUMP102.BEARING_TEMP,61.438,°C,GOOD
2024-11-29 00:00:00,PUMP102.BEARING_TEMP,61.435,°C,GOOD
2024-11-29 02:00:00,PUMP102.BEARING_TEMP,60.951,°C,GOOD
2024-11-29 04:00:00,PUMP102.BEARING_TEMP,60.44,°C,GOOD
2024-11-29 06:00:00,PUMP102.BEARING_TEMP,61.934,°C,GOOD
2024-11-29 08:00:00,PUMP102.BEARING_TEMP,63.16,°C,GOOD
2024-11-29 10:00:00,PUMP102.BEARING_TEMP,62.898,°C,GOOD
2024-11-29 12:00:00,PUMP102.BEARING_TEMP,61.511,°C,GOOD
2024-11-29 14:00:00,PUMP102.BEARING_TEMP,62.075,°C,GOOD
2024-11-29 16:00:00,PUMP102.BEARING_TEMP,61.268,°C,GOOD
2024-11-29 18:00:00,PUMP102.BEARING_TEMP,61.344,°C,GOOD
2024-11-29 20:00:00,PUMP102.BEARING_TEMP,61.401,°C,GOOD
2024-11-29 22:00:00,PUMP102.BEARING_TEMP,61.887,°C,GOOD
2024-11-30 00:00:00,PUMP102.BEARING_TEMP,61.909,°C,GOOD
2024-11-30 02:00:00,PUMP102.BEARING_TEMP,62.126,°C,GOOD
2024-11-30 04:00:00,PUMP102.BEARING_TEMP,62.332,°C,GOOD
2024-11-30 06:00:00,PUMP102.BEARING_TEMP,61.832,°C,GOOD
2024-11-30 08:00:00,PUMP102.BEARING_TEMP,62.018,°C,GOOD
2024-11-30 10:00:00,PUMP102.BEARING_TEMP,61.453,°C,GOOD
2024-11-30 12:00:00,PUMP102.BEARING_TEMP,61.328,°C,GOOD
2024-11-30 14:00:00,PUMP102.BEARING_TEMP,61.251,°C,GOOD
2024-11-30 16:00:00,PUMP102.BEARING_TEMP,62.325,°C,GOOD
2024-11-30 18:00:00,PUMP102.BEARING_TEMP,61.831,°C,GOOD
2024-11-30 20:00:00,PUMP102.BEARING_TEMP,61.064,°C,GOOD
2024-11-30 22:00:00,PUMP102.BEARING_TEMP,61.968,°C,GOOD
2024-12-01 00:00:00,PUMP102.BEARING_TEMP,61.376,°C,GOOD
2024-12-01 02:00:00,PUMP102.BEARING_TEMP,62.83,°C,GOOD
2024-12-01 04:00:00,PUMP102.BEARING_TEMP,61.711,°C,GOOD
2024-12-01 06:00:00,PUMP102.BEARING_TEMP,62.341,°C,GOOD
2024-12-01 08:00:00,PUMP102.BEARING_TEMP,62.544,°C,GOOD
2024-12-01 10:00:00,PUMP102.BEARING_TEMP,61.523,°C,GOOD
2024-12-01 12:00:00,PUMP102.BEARING_TEMP,62.038,°C,GOOD
2024-12-01 14:00:00,PUMP102.BEARING_TEMP,62.277,°C,GOOD
2024-12-01 16:00:00,PUMP102.BEARING_TEMP,62.058,°C,GOOD
2024-12-01 18:00:00,PUMP102.BEARING_TEMP,62.181,°C,GOOD
2024-12-01 20:00:00,PUMP102.BEARING_TEMP,61.335,°C,GOOD
2024-12-01 22:00:00,PUMP102.BEARING_TEMP,62.277,°C,GOOD
2024-12-02 00:00:00,PUMP102.BEARING_TEMP,61.757,°C,GOOD
2024-12-02 02:00:00,PUMP102.BEARING_TEMP,62.175,°C,GOOD
2024-12-02 04:00:00,PUMP102.BEARING_TEMP,62.46,°C,GOOD
2024-12-02 06:00:00,PUMP102.BEARING_TEMP,62.334,°C,GOOD
2024-12-02 08:00:00,PUMP102.BEARING_TEMP,62.174,°C,GOOD
2024-12-02 10:00:00,PUMP102.BEARING_TEMP,62.321,°C,GOOD
2024-12-02 12:00:00,PUMP102.BEARING_TEMP,62.344,°C,GOOD
2024-12-02 14:00:00,PUMP102.BEARING_TEMP,62.748,°C,GOOD
2024-12-02 16:00:00,PUMP102.BEARING_TEMP,61.983,°C,GOOD
2024-12-02 18:00:00,PUMP102.BEARING_TEMP,62.082,°C,GOOD
2024-12-02 20:00:00,PUMP102.BEARING_TEMP,62.466,°C,GOOD
2024-12-02 22:00:00,PUMP102.BEARING_TEMP,61.755,°C,GOOD
2024-12-03 00:00:00,PUMP102.BEARING_TEMP,61.332,°C,BAD
2024-12-03 02:00:00,PUMP102.BEARING_TEMP,62.247,°C,GOOD
2024-12-03 04:00:00,PUMP102.BEARING_TEMP,61.897,°C,GOOD
2024-12-03 06:00:00,PUMP102.BEARING_TEMP,61.396,°C,GOOD
2024-12-03 08:00:00,PUMP102.BEARING_TEMP,62.25,°C,GOOD
2024-12-03 10:00:00,PUMP102.BEARING_TEMP,62.716,°C,GOOD
2024-12-03 12:00:00,PUMP102.BEARING_TEMP,61.185,°C,GOOD
2024-12-03 14:00:00,PUMP102.BEARING_TEMP,62.511,°C,GOOD
2024-12-03 16:00:00,PUMP102.BEARING_TEMP,60.731,°C,GOOD
2024-12-03 18:00:00,PUMP102.BEARING_TEMP,61.8,°C,GOOD
2024-12-03 20:00:00,PUMP102.BEARING_TEMP,62.92,°C,GOOD
2024-12-03 22:00:00,PUMP102.BEARING_TEMP,61.836,°C,GOOD
2024-12-04 00:00:00,PUMP102.BEARING_TEMP,62.045,°C,BAD
2024-12-04 02:00:00,PUMP102.BEARING_TEMP,62.381,°C,GOOD
2024-12-04 04:00:00,PUMP102.BEARING_TEMP,61.142,°C,GOOD
2024-12-04 06:00:00,PUMP102.BEARING_TEMP,62.036,°C,GOOD
2024-12-04 08:00:00,PUMP102.BEARING_TEMP,62.032,°C,GOOD
2024-12-04 10:00:00,PUMP102.BEARING_TEMP,62.931,°C,GOOD
2024-12-04 12:00:00,PUMP102.BEARING_TEMP,61.382,°C,GOOD
2024-12-04 14:00:00,PUMP102.BEARING_TEMP,61.809,°C,GOOD
2024-12-04 16:00:00,PUMP102.BEARING_TEMP,61.536,°C,GOOD
2024-12-04 18:00:00,PUMP102.BEARING_TEMP,61.483,°C,GOOD
2024-12-04 20:00:00,PUMP102.BEARING_TEMP,62.564,°C,GOOD
2024-12-04 22:00:00,PUMP102.BEARING_TEMP,62.013,°C,GOOD
2024-12-05 00:00:00,PUMP102.BEARING_TEMP,61.722,°C,GOOD
2024-12-05 02:00:00,PUMP102.BEARING_TEMP,61.741,°C,GOOD
2024-12-05 04:00:00,PUMP102.BEARING_TEMP,61.718,°C,GOOD
2024-12-05 06:00:00,PUMP102.BEARING_TEMP,61.763,°C,GOOD
2024-12-05 08:00:00,PUMP102.BEARING_TEMP,61.368,°C,GOOD
2024-12-05 10:00:00,PUMP102.BEARING_TEMP,61.871,°C,GOOD
2024-12-05 12:00:00,PUMP102.BEARING_TEMP,61.82,°C,BAD
2024-12-05 14:00:00,PUMP102.BEARING_TEMP,61.621,°C,GOOD
2024-12-05 16:00:00,PUMP102.BEARING_TEMP,62.078,°C,GOOD
2024-12-05 18:00:00,PUMP102.BEARING_TEMP,62.12,°C,GOOD
2024-12-05 20:00:00,PUMP102.BEARING_TEMP,61.722,°C,GOOD
2024-12-05 22:00:00,PUMP102.BEARING_TEMP,61.928,°C,GOOD
2024-12-06 00:00:00,PUMP102.BEARING_TEMP,63.079,°C,GOOD
2024-12-06 02:00:00,PUMP102.BEARING_TEMP,63.06,°C,GOOD
2024-12-06 04:00:00,PUMP102.BEARING_TEMP,61.473,°C,GOOD
2024-12-06 06:00:00,PUMP102.BEARING_TEMP,61.543,°C,GOOD
2024-12-06 08:00:00,PUMP102.BEARING_TEMP,61.47,°C,GOOD
2024-12-06 10:00:00,PUMP102.BEARING_TEMP,62.529,°C,GOOD
2024-12-06 12:00:00,PUMP102.BEARING_TEMP,61.801,°C,GOOD
2024-12-06 14:00:00,PUMP102.BEARING_TEMP,62.12,°C,GOOD
2024-12-06 16:00:00,PUMP102.BEARING_TEMP,62.998,°C,GOOD
2024-12-06 18:00:00,PUMP102.BEARING_TEMP,61.995,°C,GOOD
2024-12-06 20:00:00,PUMP102.BEARING_TEMP,62.353,°C,GOOD
2024-12-06 22:00:00,PUMP102.BEARING_TEMP,62.26,°C,GOOD
2024-12-07 00:00:00,PUMP102.BEARING_TEMP,61.706,°C,GOOD
2024-12-07 02:00:00,PUMP102.BEARING_TEMP,62.53,°C,GOOD
2024-12-07 04:00:00,PUMP102.BEARING_TEMP,61.575,°C,GOOD
2024-12-07 06:00:00,PUMP102.BEARING_TEMP,62.67,°C,GOOD
2024-12-07 08:00:00,PUMP102.BEARING_TEMP,61.706,°C,GOOD
2024-12-07 10:00:00,PUMP102.BEARING_TEMP,61.761,°C,GOOD
2024-12-07 12:00:00,PUMP102.BEARING_TEMP,61.456,°C,GOOD
2024-12-07 14:00:00,PUMP102.BEARING_TEMP,61.538,°C,GOOD
2024-12-07 16:00:00,PUMP102.BEARING_TEMP,61.787,°C,GOOD
2024-12-07 18:00:00,PUMP102.BEARING_TEMP,60.784,°C,GOOD
2024-12-07 20:00:00,PUMP102.BEARING_TEMP,61.883,°C,GOOD
2024-12-07 22:00:00,PUMP102.BEARING_TEMP,61.746,°C,GOOD
2024-12-08 00:00:00,PUMP102.BEARING_TEMP,62.395,°C,GOOD
2024-12-08 02:00:00,PUMP102.BEARING_TEMP,62.211,°C,GOOD
2024-12-08 04:00:00,PUMP102.BEARING_TEMP,61.646,°C,GOOD
2024-12-08 06:00:00,PUMP102.BEARING_TEMP,61.771,°C,GOOD
2024-12-08 08:00:00,PUMP102.BEARING_TEMP,61.883,°C,GOOD
2024-12-08 10:00:00,PUMP102.BEARING_TEMP,62.743,°C,GOOD
2024-12-08 12:00:00,PUMP102.BEARING_TEMP,61.589,°C,GOOD
2024-12-08 14:00:00,PUMP102.BEARING_TEMP,61.64,°C,GOOD
2024-12-08 16:00:00,PUMP102.BEARING_TEMP,61.436,°C,GOOD
2024-12-08 18:00:00,PUMP102.BEARING_TEMP,61.259,°C,GOOD
2024-12-08 20:00:00,PUMP102.BEARING_TEMP,62.154,°C,GOOD
2024-12-08 22:00:00,PUMP102.BEARING_TEMP,62.101,°C,GOOD
2024-12-09 00:00:00,PUMP102.BEARING_TEMP,62.641,°C,GOOD
2024-12-09 02:00:00,PUMP102.BEARING_TEMP,62.521,°C,GOOD
2024-12-09 04:00:00,PUMP102.BEARING_TEMP,63.199,°C,GOOD
2024-12-09 06:00:00,PUMP102.BEARING_TEMP,61.963,°C,GOOD
2024-12-09 08:00:00,PUMP102.BEARING_TEMP,61.87,°C,GOOD
2024-12-09 10:00:00,PUMP102.BEARING_TEMP,61.35,°C,GOOD
2024-12-09 12:00:00,PUMP102.BEARING_TEMP,62.348,°C,GOOD
2024-12-09 14:00:00,PUMP102.BEARING_TEMP,62.059,°C,GOOD
2024-12-09 16:00:00,PUMP102.BEARING_TEMP,62.326,°C,GOOD
2024-12-09 18:00:00,PUMP102.BEARING_TEMP,61.43,°C,GOOD
2024-12-09 20:00:00,PUMP102.BEARING_TEMP,62.176,°C,GOOD
2024-12-09 22:00:00,PUMP102.BEARING_TEMP,62.103,°C,GOOD
2024-12-10 00:00:00,PUMP102.BEARING_TEMP,62.07,°C,BAD
2024-12-10 02:00:00,PUMP102.BEARING_TEMP,61.658,°C,GOOD
2024-12-10 04:00:00,PUMP102.BEARING_TEMP,62.595,°C,GOOD
2024-12-10 06:00:00,PUMP102.BEARING_TEMP,63.025,°C,GOOD
2024-12-10 08:00:00,PUMP102.BEARING_TEMP,61.445,°C,GOOD
2024-12-10 10:00:00,PUMP102.BEARING_TEMP,62.36,°C,GOOD
2024-12-10 12:00:00,PUMP102.BEARING_TEMP,60.561,°C,GOOD
2024-12-10 14:00:00,PUMP102.BEARING_TEMP,62.334,°C,GOOD
2024-12-10 16:00:00,PUMP102.BEARING_TEMP,61.065,°C,GOOD
2024-12-10 18:00:00,PUMP102.BEARING_TEMP,61.738,°C,GOOD
2024-12-10 20:00:00,PUMP102.BEARING_TEMP,61.343,°C,GOOD
2024-12-10 22:00:00,PUMP102.BEARING_TEMP,61.892,°C,GOOD
2024-12-11 00:00:00,PUMP102.BEARING_TEMP,62.419,°C,GOOD
2024-12-11 02:00:00,PUMP102.BEARING_TEMP,61.071,°C,GOOD
2024-12-11 04:00:00,PUMP102.BEARING_TEMP,61.82,°C,GOOD
2024-12-11 06:00:00,PUMP102.BEARING_TEMP,61.743,°C,GOOD
2024-12-11 08:00:00,PUMP102.BEARING_TEMP,62.791,°C,GOOD
2024-12-11 10:00:00,PUMP102.BEARING_TEMP,62.216,°C,GOOD
2024-12-11 12:00:00,PUMP102.BEARING_TEMP,61.411,°C,GOOD
2024-12-11 14:00:00,PUMP102.BEARING_TEMP,61.764,°C,GOOD
2024-12-11 16:00:00,PUMP102.BEARING_TEMP,62.778,°C,GOOD
2024-12-11 18:00:00,PUMP102.BEARING_TEMP,62.357,°C,GOOD
2024-12-11 20:00:00,PUMP102.BEARING_TEMP,61.541,°C,GOOD
2024-12-11 22:00:00,PUMP102.BEARING_TEMP,61.866,°C,GOOD
2024-12-12 00:00:00,PUMP102.BEARING_TEMP,61.882,°C,GOOD
2024-12-12 02:00:00,PUMP102.BEARING_TEMP,61.731,°C,GOOD
2024-12-12 04:00:00,PUMP102.BEARING_TEMP,61.145,°C,GOOD
2024-12-12 06:00:00,PUMP102.BEARING_TEMP,61.661,°C,GOOD
2024-12-12 08:00:00,PUMP102.BEARING_TEMP,62.695,°C,GOOD
2024-12-12 10:00:00,PUMP102.BEARING_TEMP,61.809,°C,GOOD
2024-12-12 12:00:00,PUMP102.BEARING_TEMP,61.948,°C,GOOD
2024-12-12 14:00:00,PUMP102.BEARING_TEMP,62.07,°C,GOOD
2024-12-12 16:00:00,PUMP102.BEARING_TEMP,63.109,°C,GOOD
2024-12-12 18:00:00,PUMP102.BEARING_TEMP,62.004,°C,GOOD
2024-12-12 20:00:00,PUMP102.BEARING_TEMP,62.547,°C,GOOD
2024-12-12 22:00:00,PUMP102.BEARING_TEMP,61.701,°C,GOOD
2024-12-13 00:00:00,PUMP102.BEARING_TEMP,61.87,°C,GOOD
2024-12-13 02:00:00,PUMP102.BEARING_TEMP,62.006,°C,GOOD
2024-12-13 04:00:00,PUMP102.BEARING_TEMP,61.613,°C,BAD
2024-12-13 06:00:00,PUMP102.BEARING_TEMP,61.898,°C,GOOD
2024-12-13 08:00:00,PUMP102.BEARING_TEMP,62.444,°C,GOOD
2024-12-13 10:00:00,PUMP102.BEARING_TEMP,61.6,°C,GOOD
2024-12-13 12:00:00,PUMP102.BEARING_TEMP,62.0,°C,GOOD
2024-12-13 14:00:00,PUMP102.BEARING_TEMP,62.354,°C,GOOD
2024-12-13 16:00:00,PUMP102.BEARING_TEMP,61.588,°C,GOOD
2024-12-13 18:00:00,PUMP102.BEARING_TEMP,62.548,°C,GOOD
2024-12-13 20:00:00,PUMP102.BEARING_TEMP,62.036,°C,GOOD
2024-12-13 22:00:00,PUMP102.BEARING_TEMP,61.917,°C,GOOD
2024-12-14 00:00:00,PUMP102.BEARING_TEMP,60.996,°C,GOOD
2024-12-14 02:00:00,PUMP102.BEARING_TEMP,61.813,°C,GOOD
2024-12-14 04:00:00,PUMP102.BEARING_TEMP,62.186,°C,GOOD
2024-12-14 06:00:00,PUMP102.BEARING_TEMP,62.873,°C,GOOD
2024-12-14 08:00:00,PUMP102.BEARING_TEMP,62.284,°C,GOOD
2024-12-14 10:00:00,PUMP102.BEARING_TEMP,62.563,°C,GOOD
2024-12-14 12:00:00,PUMP102.BEARING_TEMP,61.395,°C,GOOD
2024-12-14 14:00:00,PUMP102.BEARING_TEMP,61.937,°C,GOOD
2024-12-14 16:00:00,PUMP102.BEARING_TEMP,62.61,°C,GOOD
2024-12-14 18:00:00,PUMP102.BEARING_TEMP,61.556,°C,GOOD
2024-12-14 20:00:00,PUMP102.BEARING_TEMP,62.483,°C,GOOD
2024-12-14 22:00:00,PUMP102.BEARING_TEMP,62.367,°C,GOOD
2024-12-15 00:00:00,PUMP102.BEARING_TEMP,62.137,°C,GOOD
2024-12-15 02:00:00,PUMP102.BEARING_TEMP,61.836,°C,GOOD
2024-12-15 04:00:00,PUMP102.BEARING_TEMP,61.507,°C,GOOD
2024-12-15 06:00:00,PUMP102.BEARING_TEMP,62.888,°C,GOOD
2024-12-15 08:00:00,PUMP102.BEARING_TEMP,62.316,°C,GOOD
2024-12-15 10:00:00,PUMP102.BEARING_TEMP,62.17,°C,GOOD
2024-12-15 12:00:00,PUMP102.BEARING_TEMP,61.794,°C,GOOD
2024-12-15 14:00:00,PUMP102.BEARING_TEMP,62.019,°C,GOOD
2024-12-15 16:00:00,PUMP102.BEARING_TEMP,62.082,°C,GOOD
2024-12-15 18:00:00,PUMP102.BEARING_TEMP,62.2,°C,GOOD
2024-12-15 20:00:00,PUMP102.BEARING_TEMP,62.367,°C,GOOD
2024-12-15 22:00:00,PUMP102.BEARING_TEMP,61.609,°C,GOOD
2024-12-16 00:00:00,PUMP102.BEARING_TEMP,61.267,°C,GOOD
2024-12-16 02:00:00,PUMP102.BEARING_TEMP,62.042,°C,GOOD
2024-12-16 04:00:00,PUMP102.BEARING_TEMP,61.126,°C,GOOD
2024-12-16 06:00:00,PUMP102.BEARING_TEMP,61.838,°C,GOOD
2024-12-16 08:00:00,PUMP102.BEARING_TEMP,61.745,°C,GOOD
2024-12-16 10:00:00,PUMP102.BEARING_TEMP,62.246,°C,GOOD
2024-12-16 12:00:00,PUMP102.BEARING_TEMP,62.991,°C,GOOD
2024-12-16 14:00:00,PUMP102.BEARING_TEMP,61.028,°C,GOOD
2024-12-16 16:00:00,PUMP102.BEARING_TEMP,63.137,°C,GOOD
2024-12-16 18:00:00,PUMP102.BEARING_TEMP,61.883,°C,GOOD
2024-12-16 20:00:00,PUMP102.BEARING_TEMP,62.174,°C,GOOD
2024-12-16 22:00:00,PUMP102.BEARING_TEMP,61.293,°C,GOOD
2024-12-17 00:00:00,PUMP102.BEARING_TEMP,62.498,°C,GOOD
2024-12-17 02:00:00,PUMP102.BEARING_TEMP,62.021,°C,GOOD
2024-12-17 04:00:00,PUMP102.BEARING_TEMP,61.969,°C,GOOD
2024-12-17 06:00:00,PUMP102.BEARING_TEMP,61.031,°C,GOOD
2024-12-17 08:00:00,PUMP102.BEARING_TEMP,62.037,°C,GOOD
2024-12-17 10:00:00,PUMP102.BEARING_TEMP,62.423,°C,GOOD
2024-12-17 12:00:00,PUMP102.BEARING_TEMP,61.882,°C,GOOD
2024-12-17 14:00:00,PUMP102.BEARING_TEMP,62.587,°C,GOOD
2024-12-17 16:00:00,PUMP102.BEARING_TEMP,62.566,°C,GOOD
2024-12-17 18:00:00,PUMP102.BEARING_TEMP,61.679,°C,BAD
2024-12-17 20:00:00,PUMP102.BEARING_TEMP,62.798,°C,GOOD
2024-12-17 22:00:00,PUMP102.BEARING_TEMP,62.023,°C,GOOD
2024-12-18 00:00:00,PUMP102.BEARING_TEMP,62.025,°C,GOOD
2024-12-18 02:00:00,PUMP102.BEARING_TEMP,62.049,°C,GOOD
2024-12-18 04:00:00,PUMP102.BEARING_TEMP,62.035,°C,GOOD
2024-12-18 06:00:00,PUMP102.BEARING_TEMP,60.685,°C,GOOD
2024-12-18 08:00:00,PUMP102.BEARING_TEMP,61.907,°C,GOOD
2024-12-18 10:00:00,PUMP102.BEARING_TEMP,61.318,°C,GOOD
2024-12-18 12:00:00,PUMP102.BEARING_TEMP,62.813,°C,GOOD
2024-12-18 14:00:00,PUMP102.BEARING_TEMP,62.793,°C,GOOD
2024-12-18 16:00:00,PUMP102.BEARING_TEMP,62.426,°C,GOOD
2024-12-18 18:00:00,PUMP102.BEARING_TEMP,61.881,°C,GOOD
2024-12-18 20:00:00,PUMP102.BEARING_TEMP,61.496,°C,GOOD
2024-12-18 22:00:00,PUMP102.BEARING_TEMP,61.671,°C,GOOD
2024-12-19 00:00:00,PUMP102.BEARING_TEMP,62.971,°C,GOOD
2024-12-19 02:00:00,PUMP102.BEARING_TEMP,61.654,°C,GOOD
2024-12-19 04:00:00,PUMP102.BEARING_TEMP,60.822,°C,GOOD
2024-12-19 06:00:00,PUMP102.BEARING_TEMP,62.515,°C,GOOD
2024-12-19 08:00:00,PUMP102.BEARING_TEMP,62.75,°C,GOOD
2024-12-19 10:00:00,PUMP102.BEARING_TEMP,62.83,°C,GOOD
2024-12-19 12:00:00,PUMP102.BEARING_TEMP,62.519,°C,GOOD
2024-12-19 14:00:00,PUMP102.BEARING_TEMP,62.601,°C,GOOD
2024-12-19 16:00:00,PUMP102.BEARING_TEMP,62.026,°C,GOOD
2024-12-19 18:00:00,PUMP102.BEARING_TEMP,60.962,°C,GOOD
2024-12-19 20:00:00,PUMP102.BEARING_TEMP,62.014,°C,GOOD
2024-12-19 22:00:00,PUMP102.BEARING_TEMP,62.311,°C,GOOD
2024-12-20 00:00:00,PUMP102.BEARING_TEMP,61.932,°C,GOOD
2024-12-20 02:00:00,PUMP102.BEARING_TEMP,61.91,°C,GOOD
2024-12-20 04:00:00,PUMP102.BEARING_TEMP,61.518,°C,GOOD
2024-12-20 06:00:00,PUMP102.BEARING_TEMP,61.499,°C,GOOD
2024-12-20 08:00:00,PUMP102.BEARING_TEMP,62.919,°C,GOOD
2024-12-20 10:00:00,PUMP102.BEARING_TEMP,62.937,°C,GOOD
2024-12-20 12:00:00,PUMP102.BEARING_TEMP,61.999,°C,GOOD
2024-12-20 14:00:00,PUMP102.BEARING_TEMP,62.141,°C,GOOD
2024-12-20 16:00:00,PUMP102.BEARING_TEMP,61.51,°C,GOOD
2024-12-20 18:00:00,PUMP102.BEARING_TEMP,62.321,°C,GOOD
2024-12-20 20:00:00,PUMP102.BEARING_TEMP,62.88,°C,GOOD
2024-12-20 22:00:00,PUMP102.BEARING_TEMP,61.235,°C,GOOD
2024-12-21 00:00:00,PUMP102.BEARING_TEMP,62.232,°C,GOOD
2024-12-21 02:00:00,PUMP102.BEARING_TEMP,62.27,°C,GOOD
2024-12-21 04:00:00,PUMP102.BEARING_TEMP,62.264,°C,GOOD
2024-12-21 06:00:00,PUMP102.BEARING_TEMP,62.821,°C,GOOD
2024-12-21 08:00:00,PUMP102.BEARING_TEMP,63.018,°C,GOOD
2024-12-21 10:00:00,PUMP102.BEARING_TEMP,61.883,°C,GOOD
2024-12-21 12:00:00,PUMP102.BEARING_TEMP,62.337,°C,GOOD
2024-12-21 14:00:00,PUMP102.BEARING_TEMP,62.042,°C,BAD
2024-12-21 16:00:00,PUMP102.BEARING_TEMP,61.684,°C,GOOD
2024-12-21 18:00:00,PUMP102.BEARING_TEMP,62.135,°C,GOOD
2024-12-21 20:00:00,PUMP102.BEARING_TEMP,62.336,°C,GOOD
2024-12-21 22:00:00,PUMP102.BEARING_TEMP,62.108,°C,GOOD
2024-12-22 00:00:00,PUMP102.BEARING_TEMP,61.559,°C,GOOD
2024-12-22 02:00:00,PUMP102.BEARING_TEMP,61.768,°C,GOOD
2024-12-22 04:00:00,PUMP102.BEARING_TEMP,61.772,°C,GOOD
2024-12-22 06:00:00,PUMP102.BEARING_TEMP,61.579,°C,GOOD
2024-12-22 08:00:00,PUMP102.BEARING_TEMP,62.157,°C,GOOD
2024-12-22 10:00:00,PUMP102.BEARING_TEMP,62.209,°C,GOOD
2024-12-22 12:00:00,PUMP102.BEARING_TEMP,62.49,°C,GOOD
2024-12-22 14:00:00,PUMP102.BEARING_TEMP,61.571,°C,GOOD
2024-12-22 16:00:00,PUMP102.BEARING_TEMP,61.711,°C,GOOD
2024-12-22 18:00:00,PUMP102.BEARING_TEMP,62.777,°C,GOOD
2024-12-22 20:00:00,PUMP102.BEARING_TEMP,61.918,°C,GOOD
2024-12-22 22:00:00,PUMP102.BEARING_TEMP,62.015,°C,GOOD
2024-12-23 00:00:00,PUMP102.BEARING_TEMP,61.912,°C,GOOD
2024-12-23 02:00:00,PUMP102.BEARING_TEMP,62.567,°C,GOOD
2024-12-23 04:00:00,PUMP102.BEARING_TEMP,62.586,°C,GOOD
2024-12-23 06:00:00,PUMP102.BEARING_TEMP,62.557,°C,GOOD
2024-12-23 08:00:00,PUMP102.BEARING_TEMP,62.013,°C,GOOD
2024-12-23 10:00:00,PUMP102.BEARING_TEMP,61.564,°C,GOOD
2024-12-23 12:00:00,PUMP102.BEARING_TEMP,62.963,°C,GOOD
2024-12-23 14:00:00,PUMP102.BEARING_TEMP,62.428,°C,GOOD
2024-12-23 16:00:00,PUMP102.BEARING_TEMP,61.772,°C,GOOD
2024-12-23 18:00:00,PUMP102.BEARING_TEMP,62.712,°C,GOOD
2024-12-23 20:00:00,PUMP102.BEARING_TEMP,61.732,°C,GOOD
2024-12-23 22:00:00,PUMP102.BEARING_TEMP,62.705,°C,GOOD
2024-12-24 00:00:00,PUMP102.BEARING_TEMP,62.739,°C,GOOD
2024-12-24 02:00:00,PUMP102.BEARING_TEMP,61.539,°C,GOOD
2024-12-24 04:00:00,PUMP102.BEARING_TEMP,62.291,°C,GOOD
2024-12-24 06:00:00,PUMP102.BEARING_TEMP,62.391,°C,GOOD
2024-12-24 08:00:00,PUMP102.BEARING_TEMP,63.307,°C,GOOD
2024-12-24 10:00:00,PUMP102.BEARING_TEMP,61.629,°C,GOOD
2024-12-24 12:00:00,PUMP102.BEARING_TEMP,62.716,°C,GOOD
2024-12-24 14:00:00,PUMP102.BEARING_TEMP,62.009,°C,GOOD
2024-12-24 16:00:00,PUMP102.BEARING_TEMP,61.379,°C,GOOD
2024-12-24 18:00:00,PUMP102.BEARING_TEMP,61.94,°C,GOOD
2024-12-24 20:00:00,PUMP102.BEARING_TEMP,62.001,°C,GOOD
2024-12-24 22:00:00,PUMP102.BEARING_TEMP,61.471,°C,GOOD
2024-12-25 00:00:00,PUMP102.BEARING_TEMP,62.156,°C,GOOD
2024-12-25 02:00:00,PUMP102.BEARING_TEMP,62.479,°C,GOOD
2024-12-25 04:00:00,PUMP102.BEARING_TEMP,62.119,°C,GOOD
2024-12-25 06:00:00,PUMP102.BEARING_TEMP,61.729,°C,GOOD
2024-12-25 08:00:00,PUMP102.BEARING_TEMP,61.926,°C,GOOD
2024-12-25 10:00:00,PUMP102.BEARING_TEMP,61.998,°C,GOOD
2024-12-25 12:00:00,PUMP102.BEARING_TEMP,62.109,°C,GOOD
2024-12-25 14:00:00,PUMP102.BEARING_TEMP,62.555,°C,GOOD
2024-12-25 16:00:00,PUMP102.BEARING_TEMP,62.136,°C,GOOD
2024-12-25 18:00:00,PUMP102.BEARING_TEMP,61.299,°C,GOOD
2024-12-25 20:00:00,PUMP102.BEARING_TEMP,61.719,°C,GOOD
2024-12-25 22:00:00,PUMP102.BEARING_TEMP,62.083,°C,GOOD
2024-12-26 00:00:00,PUMP102.BEARING_TEMP,62.562,°C,GOOD
2024-12-26 02:00:00,PUMP102.BEARING_TEMP,62.649,°C,GOOD
2024-12-26 04:00:00,PUMP102.BEARING_TEMP,62.887,°C,GOOD
2024-12-26 06:00:00,PUMP102.BEARING_TEMP,62.065,°C,GOOD
2024-12-26 08:00:00,PUMP102.BEARING_TEMP,62.382,°C,GOOD
2024-12-26 10:00:00,PUMP102.BEARING_TEMP,61.273,°C,GOOD
2024-12-26 12:00:00,PUMP102.BEARING_TEMP,62.215,°C,GOOD
2024-12-26 14:00:00,PUMP102.BEARING_TEMP,61.462,°C,GOOD
2024-12-26 16:00:00,PUMP102.BEARING_TEMP,61.969,°C,GOOD
2024-12-26 18:00:00,PUMP102.BEARING_TEMP,63.515,°C,GOOD
2024-12-26 20:00:00,PUMP102.BEARING_TEMP,62.152,°C,GOOD
2024-12-26 22:00:00,PUMP102.BEARING_TEMP,61.568,°C,GOOD
2024-12-27 00:00:00,PUMP102.BEARING_TEMP,62.204,°C,GOOD
2024-12-27 02:00:00,PUMP102.BEARING_TEMP,61.741,°C,GOOD
2024-12-27 04:00:00,PUMP102.BEARING_TEMP,61.52,°C,GOOD
2024-12-27 06:00:00,PUMP102.BEARING_TEMP,63.052,°C,GOOD
2024-12-27 08:00:00,PUMP102.BEARING_TEMP,62.533,°C,GOOD
2024-12-27 10:00:00,PUMP102.BEARING_TEMP,62.173,°C,GOOD
2024-12-27 12:00:00,PUMP102.BEARING_TEMP,61.804,°C,GOOD
2024-12-27 14:00:00,PUMP102.BEARING_TEMP,61.845,°C,GOOD
2024-12-27 16:00:00,PUMP102.BEARING_TEMP,62.771,°C,GOOD
2024-12-27 18:00:00,PUMP102.BEARING_TEMP,62.153,°C,GOOD
2024-12-27 20:00:00,PUMP102.BEARING_TEMP,60.459,°C,GOOD
2024-12-27 22:00:00,PUMP102.BEARING_TEMP,63.21,°C,GOOD
2024-12-28 00:00:00,PUMP102.BEARING_TEMP,62.092,°C,GOOD
2024-12-28 02:00:00,PUMP102.BEARING_TEMP,62.172,°C,GOOD
2024-12-28 04:00:00,PUMP102.BEARING_TEMP,62.543,°C,GOOD
2024-12-28 06:00:00,PUMP102.BEARING_TEMP,62.233,°C,GOOD
2024-12-28 08:00:00,PUMP102.BEARING_TEMP,62.373,°C,GOOD
2024-12-28 10:00:00,PUMP102.BEARING_TEMP,61.788,°C,BAD
2024-12-28 12:00:00,PUMP102.BEARING_TEMP,61.385,°C,GOOD
2024-12-28 14:00:00,PUMP102.BEARING_TEMP,62.14,°C,GOOD
2024-12-28 16:00:00,PUMP102.BEARING_TEMP,62.716,°C,GOOD
2024-12-28 18:00:00,PUMP102.BEARING_TEMP,61.676,°C,GOOD
2024-12-28 20:00:00,PUMP102.BEARING_TEMP,61.636,°C,GOOD
2024-12-28 22:00:00,PUMP102.BEARING_TEMP,62.611,°C,GOOD
2024-12-29 00:00:00,PUMP102.BEARING_TEMP,61.771,°C,GOOD
2024-12-29 02:00:00,PUMP102.BEARING_TEMP,61.795,°C,GOOD
2024-12-29 04:00:00,PUMP102.BEARING_TEMP,61.813,°C,GOOD
2024-12-29 06:00:00,PUMP102.BEARING_TEMP,61.968,°C,GOOD
2024-12-29 08:00:00,PUMP102.BEARING_TEMP,61.213,°C,GOOD
2024-12-29 10:00:00,PUMP102.BEARING_TEMP,61.73,°C,GOOD
2024-12-29 12:00:00,PUMP102.BEARING_TEMP,62.115,°C,GOOD
2024-12-29 14:00:00,PUMP102.BEARING_TEMP,62.112,°C,GOOD
2024-12-29 16:00:00,PUMP102.BEARING_TEMP,62.579,°C,GOOD
2024-12-29 18:00:00,PUMP102.BEARING_TEMP,62.92,°C,GOOD
2024-12-29 20:00:00,PUMP102.BEARING_TEMP,62.756,°C,GOOD
2024-12-29 22:00:00,PUMP102.BEARING_TEMP,62.457,°C,GOOD
2024-12-30 00:00:00,PUMP102.BEARING_TEMP,61.926,°C,GOOD
2024-12-30 02:00:00,PUMP102.BEARING_TEMP,61.688,°C,GOOD
2024-12-30 04:00:00,PUMP102.BEARING_TEMP,62.009,°C,GOOD
2024-12-30 06:00:00,PUMP102.BEARING_TEMP,62.293,°C,GOOD
2024-12-30 08:00:00,PUMP102.BEARING_TEMP,62.411,°C,GOOD
2024-12-30 10:00:00,PUMP102.BEARING_TEMP,62.312,°C,GOOD
2024-12-30 12:00:00,PUMP102.BEARING_TEMP,61.939,°C,GOOD
2024-12-30 14:00:00,PUMP102.BEARING_TEMP,62.393,°C,GOOD
2024-12-30 16:00:00,PUMP102.BEARING_TEMP,62.63,°C,GOOD
2024-12-30 18:00:00,PUMP102.BEARING_TEMP,62.44,°C,GOOD
2024-12-30 20:00:00,PUMP102.BEARING_TEMP,61.984,°C,GOOD
2024-12-30 22:00:00,PUMP102.BEARING_TEMP,61.583,°C,GOOD
2024-12-31 00:00:00,PUMP102.BEARING_TEMP,61.571,°C,GOOD
2024-12-31 02:00:00,PUMP102.BEARING_TEMP,61.659,°C,GOOD
2024-12-31 04:00:00,PUMP102.BEARING_TEMP,62.129,°C,GOOD
2024-12-31 06:00:00,PUMP102.BEARING_TEMP,62.26,°C,GOOD
2024-12-31 08:00:00,PUMP102.BEARING_TEMP,61.293,°C,GOOD
2024-12-31 10:00:00,PUMP102.BEARING_TEMP,61.748,°C,GOOD
2024-12-31 12:00:00,PUMP102.BEARING_TEMP,62.122,°C,GOOD
2024-12-31 14:00:00,PUMP102.BEARING_TEMP,61.55,°C,GOOD
2024-12-31 16:00:00,PUMP102.BEARING_TEMP,62.217,°C,GOOD
2024-12-31 18:00:00,PUMP102.BEARING_TEMP,61.846,°C,GOOD
2024-12-31 20:00:00,PUMP102.BEARING_TEMP,61.638,°C,GOOD
2024-12-31 22:00:00,PUMP102.BEARING_TEMP,62.027,°C,GOOD
2025-01-01 00:00:00,PUMP102.BEARING_TEMP,62.196,°C,GOOD
2025-01-01 02:00:00,PUMP102.BEARING_TEMP,61.576,°C,GOOD
2025-01-01 04:00:00,PUMP102.BEARING_TEMP,61.879,°C,GOOD
2025-01-01 06:00:00,PUMP102.BEARING_TEMP,62.234,°C,GOOD
2025-01-01 08:00:00,PUMP102.BEARING_TEMP,61.619,°C,GOOD
2025-01-01 10:00:00,PUMP102.BEARING_TEMP,61.171,°C,GOOD
2025-01-01 12:00:00,PUMP102.BEARING_TEMP,61.232,°C,GOOD
2025-01-01 14:00:00,PUMP102.BEARING_TEMP,61.791,°C,GOOD
2025-01-01 16:00:00,PUMP102.BEARING_TEMP,61.341,°C,GOOD
2025-01-01 18:00:00,PUMP102.BEARING_TEMP,61.826,°C,GOOD
2025-01-01 20:00:00,PUMP102.BEARING_TEMP,62.832,°C,GOOD
2025-01-01 22:00:00,PUMP102.BEARING_TEMP,61.311,°C,GOOD
2025-01-02 00:00:00,PUMP102.BEARING_TEMP,61.859,°C,GOOD
2025-01-02 02:00:00,PUMP102.BEARING_TEMP,63.066,°C,GOOD
2025-01-02 04:00:00,PUMP102.BEARING_TEMP,62.204,°C,GOOD
2025-01-02 06:00:00,PUMP102.BEARING_TEMP,61.816,°C,GOOD
2025-01-02 08:00:00,PUMP102.BEARING_TEMP,61.922,°C,GOOD
2025-01-02 10:00:00,PUMP102.BEARING_TEMP,62.215,°C,GOOD
2025-01-02 12:00:00,PUMP102.BEARING_TEMP,62.848,°C,GOOD
2025-01-02 14:00:00,PUMP102.BEARING_TEMP,61.735,°C,GOOD
2025-01-02 16:00:00,PUMP102.BEARING_TEMP,61.621,°C,GOOD
2025-01-02 18:00:00,PUMP102.BEARING_TEMP,61.311,°C,GOOD
2025-01-02 20:00:00,PUMP102.BEARING_TEMP,62.052,°C,GOOD
2025-01-02 22:00:00,PUMP102.BEARING_TEMP,61.297,°C,GOOD
2025-01-03 00:00:00,PUMP102.BEARING_TEMP,61.768,°C,GOOD
2025-01-03 02:00:00,PUMP102.BEARING_TEMP,61.546,°C,GOOD
2025-01-03 04:00:00,PUMP102.BEARING_TEMP,62.537,°C,GOOD
2025-01-03 06:00:00,PUMP102.BEARING_TEMP,61.746,°C,GOOD
2025-01-03 08:00:00,PUMP102.BEARING_TEMP,62.198,°C,GOOD
2025-01-03 10:00:00,PUMP102.BEARING_TEMP,61.198,°C,GOOD
2025-01-03 12:00:00,PUMP102.BEARING_TEMP,62.066,°C,GOOD
2025-01-03 14:00:00,PUMP102.BEARING_TEMP,61.398,°C,GOOD
2025-01-03 16:00:00,PUMP102.BEARING_TEMP,61.787,°C,GOOD
2025-01-03 18:00:00,PUMP102.BEARING_TEMP,63.106,°C,GOOD
2025-01-03 20:00:00,PUMP102.BEARING_TEMP,62.466,°C,GOOD
2025-01-03 22:00:00,PUMP102.BEARING_TEMP,61.936,°C,GOOD
2025-01-04 00:00:00,PUMP102.BEARING_TEMP,63.599,°C,GOOD
2025-01-04 02:00:00,PUMP102.BEARING_TEMP,61.542,°C,BAD
2025-01-04 04:00:00,PUMP102.BEARING_TEMP,62.583,°C,GOOD
2025-01-04 06:00:00,PUMP102.BEARING_TEMP,61.234,°C,GOOD
2025-01-04 08:00:00,PUMP102.BEARING_TEMP,61.878,°C,GOOD
2025-01-04 10:00:00,PUMP102.BEARING_TEMP,61.326,°C,GOOD
2025-01-04 12:00:00,PUMP102.BEARING_TEMP,62.129,°C,GOOD
2025-01-04 14:00:00,PUMP102.BEARING_TEMP,62.028,°C,GOOD
2025-01-04 16:00:00,PUMP102.BEARING_TEMP,61.846,°C,GOOD
2025-01-04 18:00:00,PUMP102.BEARING_TEMP,62.546,°C,GOOD
2025-01-04 20:00:00,PUMP102.BEARING_TEMP,61.716,°C,GOOD
2025-01-04 22:00:00,PUMP102.BEARING_TEMP,62.163,°C,GOOD
2025-01-05 00:00:00,PUMP102.BEARING_TEMP,62.41,°C,GOOD
2025-01-05 02:00:00,PUMP102.BEARING_TEMP,61.258,°C,GOOD
2025-01-05 04:00:00,PUMP102.BEARING_TEMP,61.626,°C,GOOD
2025-01-05 06:00:00,PUMP102.BEARING_TEMP,62.027,°C,GOOD
2025-01-05 08:00:00,PUMP102.BEARING_TEMP,62.315,°C,GOOD
2025-01-05 10:00:00,PUMP102.BEARING_TEMP,62.711,°C,GOOD
2025-01-05 12:00:00,PUMP102.BEARING_TEMP,61.892,°C,GOOD
2025-01-05 14:00:00,PUMP102.BEARING_TEMP,61.842,°C,GOOD
2025-01-05 16:00:00,PUMP102.BEARING_TEMP,61.564,°C,GOOD
2025-01-05 18:00:00,PUMP102.BEARING_TEMP,62.165,°C,GOOD
2025-01-05 20:00:00,PUMP102.BEARING_TEMP,61.851,°C,GOOD
2025-01-05 22:00:00,PUMP102.BEARING_TEMP,61.863,°C,GOOD
2025-01-06 00:00:00,PUMP102.BEARING_TEMP,61.953,°C,GOOD
2025-01-06 02:00:00,PUMP102.BEARING_TEMP,62.276,°C,GOOD
2025-01-06 04:00:00,PUMP102.BEARING_TEMP,61.718,°C,GOOD
2025-01-06 06:00:00,PUMP102.BEARING_TEMP,61.614,°C,GOOD
2025-01-06 08:00:00,PUMP102.BEARING_TEMP,62.216,°C,GOOD
2025-01-06 10:00:00,PUMP102.BEARING_TEMP,60.487,°C,GOOD
2025-01-06 12:00:00,PUMP102.BEARING_TEMP,61.698,°C,GOOD
2025-01-06 14:00:00,PUMP102.BEARING_TEMP,61.424,°C,GOOD
2025-01-06 16:00:00,PUMP102.BEARING_TEMP,62.602,°C,GOOD
2025-01-06 18:00:00,PUMP102.BEARING_TEMP,61.78,°C,GOOD
2025-01-06 20:00:00,PUMP102.BEARING_TEMP,61.72,°C,GOOD
2025-01-06 22:00:00,PUMP102.BEARING_TEMP,61.976,°C,GOOD
2025-01-07 00:00:00,PUMP102.BEARING_TEMP,61.702,°C,GOOD
2025-01-07 02:00:00,PUMP102.BEARING_TEMP,61.799,°C,GOOD
2025-01-07 04:00:00,PUMP102.BEARING_TEMP,62.049,°C,GOOD
2025-01-07 06:00:00,PUMP102.BEARING_TEMP,61.789,°C,GOOD
2025-01-07 08:00:00,PUMP102.BEARING_TEMP,61.785,°C,GOOD
2025-01-07 10:00:00,PUMP102.BEARING_TEMP,61.495,°C,GOOD
2025-01-07 12:00:00,PUMP102.BEARING_TEMP,61.423,°C,GOOD
2025-01-07 14:00:00,PUMP102.BEARING_TEMP,62.03,°C,GOOD
2025-01-07 16:00:00,PUMP102.BEARING_TEMP,62.153,°C,GOOD
2025-01-07 18:00:00,PUMP102.BEARING_TEMP,61.286,°C,GOOD
2025-01-07 20:00:00,PUMP102.BEARING_TEMP,62.38,°C,GOOD
2025-01-07 22:00:00,PUMP102.BEARING_TEMP,62.382,°C,GOOD
2025-01-08 00:00:00,PUMP102.BEARING_TEMP,62.487,°C,GOOD
2025-01-08 02:00:00,PUMP102.BEARING_TEMP,62.15,°C,GOOD
2025-01-08 04:00:00,PUMP102.BEARING_TEMP,62.319,°C,GOOD
2025-01-08 06:00:00,PUMP102.BEARING_TEMP,63.093,°C,GOOD
2025-01-08 08:00:00,PUMP102.BEARING_TEMP,61.849,°C,GOOD
2025-01-08 10:00:00,PUMP102.BEARING_TEMP,61.477,°C,GOOD
2025-01-08 12:00:00,PUMP102.BEARING_TEMP,61.233,°C,GOOD
2025-01-08 14:00:00,PUMP102.BEARING_TEMP,62.878,°C,GOOD
2025-01-08 16:00:00,PUMP102.BEARING_TEMP,62.884,°C,GOOD
2025-01-08 18:00:00,PUMP102.BEARING_TEMP,61.538,°C,GOOD
2025-01-08 20:00:00,PUMP102.BEARING_TEMP,61.636,°C,GOOD
2025-01-08 22:00:00,PUMP102.BEARING_TEMP,61.838,°C,GOOD
2025-01-09 00:00:00,PUMP102.BEARING_TEMP,62.612,°C,GOOD
2025-01-09 02:00:00,PUMP102.BEARING_TEMP,61.356,°C,GOOD
2025-01-09 04:00:00,PUMP102.BEARING_TEMP,61.017,°C,GOOD
2025-01-09 06:00:00,PUMP102.BEARING_TEMP,63.084,°C,GOOD
2025-01-09 08:00:00,PUMP102.BEARING_TEMP,62.156,°C,GOOD
2025-01-09 10:00:00,PUMP102.BEARING_TEMP,62.227,°C,GOOD
2025-01-09 12:00:00,PUMP102.BEARING_TEMP,61.897,°C,GOOD
2025-01-09 14:00:00,PUMP102.BEARING_TEMP,62.233,°C,GOOD
2025-01-09 16:00:00,PUMP102.BEARING_TEMP,61.243,°C,GOOD
2025-01-09 18:00:00,PUMP102.BEARING_TEMP,61.58,°C,GOOD
2025-01-09 20:00:00,PUMP102.BEARING_TEMP,62.053,°C,GOOD
2025-01-09 22:00:00,PUMP102.BEARING_TEMP,60.865,°C,GOOD
2025-01-10 00:00:00,PUMP102.BEARING_TEMP,61.849,°C,GOOD
2025-01-10 02:00:00,PUMP102.BEARING_TEMP,61.818,°C,GOOD
2025-01-10 04:00:00,PUMP102.BEARING_TEMP,61.849,°C,GOOD
2025-01-10 06:00:00,PUMP102.BEARING_TEMP,61.724,°C,GOOD
2025-01-10 08:00:00,PUMP102.BEARING_TEMP,61.502,°C,GOOD
2025-01-10 10:00:00,PUMP102.BEARING_TEMP,61.089,°C,GOOD
2025-01-10 12:00:00,PUMP102.BEARING_TEMP,62.072,°C,GOOD
2025-01-10 14:00:00,PUMP102.BEARING_TEMP,61.85,°C,GOOD
2025-01-10 16:00:00,PUMP102.BEARING_TEMP,61.312,°C,GOOD
2025-01-10 18:00:00,PUMP102.BEARING_TEMP,62.031,°C,GOOD
2025-01-10 20:00:00,PUMP102.BEARING_TEMP,61.853,°C,GOOD
2025-01-10 22:00:00,PUMP102.BEARING_TEMP,61.769,°C,GOOD
2025-01-11 00:00:00,PUMP102.BEARING_TEMP,60.922,°C,GOOD
2025-01-11 02:00:00,PUMP102.BEARING_TEMP,62.341,°C,GOOD
2025-01-11 04:00:00,PUMP102.BEARING_TEMP,61.383,°C,GOOD
2025-01-11 06:00:00,PUMP102.BEARING_TEMP,62.032,°C,GOOD
2025-01-11 08:00:00,PUMP102.BEARING_TEMP,61.596,°C,GOOD
2025-01-11 10:00:00,PUMP102.BEARING_TEMP,61.806,°C,GOOD
2025-01-11 12:00:00,PUMP102.BEARING_TEMP,62.576,°C,GOOD
2025-01-11 14:00:00,PUMP102.BEARING_TEMP,62.266,°C,GOOD
2025-01-11 16:00:00,PUMP102.BEARING_TEMP,62.565,°C,GOOD
2025-01-11 18:00:00,PUMP102.BEARING_TEMP,62.165,°C,GOOD
2025-01-11 20:00:00,PUMP102.BEARING_TEMP,62.198,°C,GOOD
2025-01-11 22:00:00,PUMP102.BEARING_TEMP,61.109,°C,GOOD
2025-01-12 00:00:00,PUMP102.BEARING_TEMP,61.841,°C,BAD
2025-01-12 02:00:00,PUMP102.BEARING_TEMP,61.888,°C,GOOD
2025-01-12 04:00:00,PUMP102.BEARING_TEMP,62.612,°C,GOOD
2025-01-12 06:00:00,PUMP102.BEARING_TEMP,61.747,°C,GOOD
2025-01-12 08:00:00,PUMP102.BEARING_TEMP,62.132,°C,GOOD
2025-01-12 10:00:00,PUMP102.BEARING_TEMP,62.113,°C,GOOD
2025-01-12 12:00:00,PUMP102.BEARING_TEMP,62.579,°C,GOOD
2025-01-12 14:00:00,PUMP102.BEARING_TEMP,61.933,°C,GOOD
2025-01-12 16:00:00,PUMP102.BEARING_TEMP,62.414,°C,GOOD
2025-01-12 18:00:00,PUMP102.BEARING_TEMP,61.148,°C,GOOD
2025-01-12 20:00:00,PUMP102.BEARING_TEMP,61.193,°C,GOOD
2025-01-12 22:00:00,PUMP102.BEARING_TEMP,60.858,°C,GOOD
2025-01-13 00:00:00,PUMP102.BEARING_TEMP,62.393,°C,GOOD
2025-01-13 02:00:00,PUMP102.BEARING_TEMP,62.337,°C,GOOD
2025-01-13 04:00:00,PUMP102.BEARING_TEMP,62.448,°C,GOOD
2025-01-13 06:00:00,PUMP102.BEARING_TEMP,61.661,°C,GOOD
2025-01-13 08:00:00,PUMP102.BEARING_TEMP,61.718,°C,GOOD
2025-01-13 10:00:00,PUMP102.BEARING_TEMP,61.939,°C,GOOD
2025-01-13 12:00:00,PUMP102.BEARING_TEMP,62.722,°C,GOOD
2025-01-13 14:00:00,PUMP102.BEARING_TEMP,62.847,°C,GOOD
2025-01-13 16:00:00,PUMP102.BEARING_TEMP,62.397,°C,GOOD
2025-01-13 18:00:00,PUMP102.BEARING_TEMP,62.166,°C,GOOD
2025-01-13 20:00:00,PUMP102.BEARING_TEMP,62.668,°C,GOOD
2025-01-13 22:00:00,PUMP102.BEARING_TEMP,61.872,°C,GOOD
2025-01-14 00:00:00,PUMP102.BEARING_TEMP,61.805,°C,GOOD
2025-01-14 02:00:00,PUMP102.BEARING_TEMP,61.935,°C,GOOD
2025-01-14 04:00:00,PUMP102.BEARING_TEMP,61.511,°C,GOOD
2025-01-14 06:00:00,PUMP102.BEARING_TEMP,61.912,°C,GOOD
2025-01-14 08:00:00,PUMP102.BEARING_TEMP,61.441,°C,GOOD
2025-01-14 10:00:00,PUMP102.BEARING_TEMP,62.513,°C,GOOD
2025-01-14 12:00:00,PUMP102.BEARING_TEMP,62.272,°C,GOOD
2025-01-14 14:00:00,PUMP102.BEARING_TEMP,62.715,°C,GOOD
2025-01-14 16:00:00,PUMP102.BEARING_TEMP,61.185,°C,GOOD
2025-01-14 18:00:00,PUMP102.BEARING_TEMP,62.951,°C,GOOD
2025-01-14 20:00:00,PUMP102.BEARING_TEMP,61.214,°C,GOOD
2025-01-14 22:00:00,PUMP102.BEARING_TEMP,61.401,°C,GOOD
2025-01-15 00:00:00,PUMP102.BEARING_TEMP,61.69,°C,GOOD
2025-01-15 02:00:00,PUMP102.BEARING_TEMP,62.654,°C,GOOD
2025-01-15 04:00:00,PUMP102.BEARING_TEMP,62.113,°C,GOOD
2025-01-15 06:00:00,PUMP102.BEARING_TEMP,61.878,°C,GOOD
2025-01-15 08:00:00,PUMP102.BEARING_TEMP,61.604,°C,GOOD
2025-01-15 10:00:00,PUMP102.BEARING_TEMP,61.312,°C,GOOD
2025-01-15 12:00:00,PUMP102.BEARING_TEMP,62.566,°C,GOOD
2025-01-15 14:00:00,PUMP102.BEARING_TEMP,62.399,°C,GOOD
2025-01-15 16:00:00,PUMP102.BEARING_TEMP,62.676,°C,GOOD
2025-01-15 18:00:00,PUMP102.BEARING_TEMP,62.198,°C,GOOD
2025-01-15 20:00:00,PUMP102.BEARING_TEMP,60.679,°C,GOOD
2025-01-15 22:00:00,PUMP102.BEARING_TEMP,61.378,°C,GOOD
2025-01-16 00:00:00,PUMP102.BEARING_TEMP,62.232,°C,GOOD
2025-01-16 02:00:00,PUMP102.BEARING_TEMP,61.815,°C,GOOD
2025-01-16 04:00:00,PUMP102.BEARING_TEMP,61.721,°C,GOOD
2025-01-16 06:00:00,PUMP102.BEARING_TEMP,61.448,°C,GOOD
2025-01-16 08:00:00,PUMP102.BEARING_TEMP,62.474,°C,GOOD
2025-01-16 10:00:00,PUMP102.BEARING_TEMP,62.228,°C,GOOD
2025-01-16 12:00:00,PUMP102.BEARING_TEMP,62.251,°C,GOOD
2025-01-16 14:00:00,PUMP102.BEARING_TEMP,61.683,°C,GOOD
2025-01-16 16:00:00,PUMP102.BEARING_TEMP,62.088,°C,GOOD
2025-01-16 18:00:00,PUMP102.BEARING_TEMP,61.331,°C,GOOD
2025-01-16 20:00:00,PUMP102.BEARING_TEMP,61.935,°C,GOOD
2025-01-16 22:00:00,PUMP102.BEARING_TEMP,60.736,°C,GOOD
2025-01-17 00:00:00,PUMP102.BEARING_TEMP,61.216,°C,GOOD
2025-01-17 02:00:00,PUMP102.BEARING_TEMP,61.839,°C,GOOD
2025-01-17 04:00:00,PUMP102.BEARING_TEMP,63.188,°C,GOOD
2025-01-17 06:00:00,PUMP102.BEARING_TEMP,61.1,°C,GOOD
2025-01-17 08:00:00,PUMP102.BEARING_TEMP,61.378,°C,GOOD
2025-01-17 10:00:00,PUMP102.BEARING_TEMP,62.108,°C,GOOD
2025-01-17 12:00:00,PUMP102.BEARING_TEMP,62.885,°C,GOOD
2025-01-17 14:00:00,PUMP102.BEARING_TEMP,62.101,°C,GOOD
2025-01-17 16:00:00,PUMP102.BEARING_TEMP,62.351,°C,GOOD
2025-01-17 18:00:00,PUMP102.BEARING_TEMP,61.831,°C,GOOD
2025-01-17 20:00:00,PUMP102.BEARING_TEMP,61.745,°C,GOOD
2025-01-17 22:00:00,PUMP102.BEARING_TEMP,62.041,°C,GOOD
2025-01-18 00:00:00,PUMP102.BEARING_TEMP,61.671,°C,GOOD
2025-01-18 02:00:00,PUMP102.BEARING_TEMP,62.362,°C,GOOD
2025-01-18 04:00:00,PUMP102.BEARING_TEMP,61.197,°C,GOOD
2025-01-18 06:00:00,PUMP102.BEARING_TEMP,62.445,°C,GOOD
2025-01-18 08:00:00,PUMP102.BEARING_TEMP,62.02,°C,GOOD
2025-01-18 10:00:00,PUMP102.BEARING_TEMP,61.893,°C,GOOD
2025-01-18 12:00:00,PUMP102.BEARING_TEMP,61.179,°C,GOOD
2025-01-18 14:00:00,PUMP102.BEARING_TEMP,61.51,°C,GOOD
2025-01-18 16:00:00,PUMP102.BEARING_TEMP,62.599,°C,GOOD
2025-01-18 18:00:00,PUMP102.BEARING_TEMP,61.896,°C,GOOD
2025-01-18 20:00:00,PUMP102.BEARING_TEMP,62.139,°C,GOOD
2025-01-18 22:00:00,PUMP102.BEARING_TEMP,61.56,°C,GOOD
2025-01-19 00:00:00,PUMP102.BEARING_TEMP,61.985,°C,GOOD
2025-01-19 02:00:00,PUMP102.BEARING_TEMP,61.314,°C,GOOD
2025-01-19 04:00:00,PUMP102.BEARING_TEMP,62.05,°C,GOOD
2025-01-19 06:00:00,PUMP102.BEARING_TEMP,62.185,°C,GOOD
2025-01-19 08:00:00,PUMP102.BEARING_TEMP,62.16,°C,GOOD
2025-01-19 10:00:00,PUMP102.BEARING_TEMP,61.548,°C,GOOD
2025-01-19 12:00:00,PUMP102.BEARING_TEMP,61.829,°C,GOOD
2025-01-19 14:00:00,PUMP102.BEARING_TEMP,62.269,°C,GOOD
2025-01-19 16:00:00,PUMP102.BEARING_TEMP,61.894,°C,GOOD
2025-01-19 18:00:00,PUMP102.BEARING_TEMP,61.856,°C,GOOD
2025-01-19 20:00:00,PUMP102.BEARING_TEMP,62.952,°C,GOOD
2025-01-19 22:00:00,PUMP102.BEARING_TEMP,61.525,°C,GOOD
2025-01-20 00:00:00,PUMP102.BEARING_TEMP,62.54,°C,GOOD
2025-01-20 02:00:00,PUMP102.BEARING_TEMP,61.423,°C,GOOD
2025-01-20 04:00:00,PUMP102.BEARING_TEMP,62.327,°C,GOOD
2025-01-20 06:00:00,PUMP102.BEARING_TEMP,62.354,°C,GOOD
2025-01-20 08:00:00,PUMP102.BEARING_TEMP,61.745,°C,GOOD
2025-01-20 10:00:00,PUMP102.BEARING_TEMP,61.391,°C,GOOD
2025-01-20 12:00:00,PUMP102.BEARING_TEMP,61.015,°C,GOOD
2025-01-20 14:00:00,PUMP102.BEARING_TEMP,61.692,°C,GOOD
2025-01-20 16:00:00,PUMP102.BEARING_TEMP,62.263,°C,GOOD
2025-01-20 18:00:00,PUMP102.BEARING_TEMP,61.461,°C,GOOD
2025-01-20 20:00:00,PUMP102.BEARING_TEMP,62.048,°C,GOOD
2025-01-20 22:00:00,PUMP102.BEARING_TEMP,61.262,°C,GOOD
2025-01-21 00:00:00,PUMP102.BEARING_TEMP,61.883,°C,GOOD
2025-01-21 02:00:00,PUMP102.BEARING_TEMP,61.426,°C,GOOD
2025-01-21 04:00:00,PUMP102.BEARING_TEMP,61.961,°C,GOOD
2025-01-21 06:00:00,PUMP102.BEARING_TEMP,61.749,°C,GOOD
2025-01-21 08:00:00,PUMP102.BEARING_TEMP,61.405,°C,GOOD
2025-01-21 10:00:00,PUMP102.BEARING_TEMP,61.671,°C,GOOD
2025-01-21 12:00:00,PUMP102.BEARING_TEMP,61.533,°C,GOOD
2025-01-21 14:00:00,PUMP102.BEARING_TEMP,61.343,°C,GOOD
2025-01-21 16:00:00,PUMP102.BEARING_TEMP,62.541,°C,GOOD
2025-01-21 18:00:00,PUMP102.BEARING_TEMP,61.82,°C,GOOD
2025-01-21 20:00:00,PUMP102.BEARING_TEMP,60.899,°C,GOOD
2025-01-21 22:00:00,PUMP102.BEARING_TEMP,61.688,°C,GOOD
2025-01-22 00:00:00,PUMP102.BEARING_TEMP,62.457,°C,GOOD
2025-01-22 02:00:00,PUMP102.BEARING_TEMP,61.619,°C,GOOD
2025-01-22 04:00:00,PUMP102.BEARING_TEMP,62.749,°C,GOOD
2025-01-22 06:00:00,PUMP102.BEARING_TEMP,61.572,°C,GOOD
2025-01-22 08:00:00,PUMP102.BEARING_TEMP,62.252,°C,GOOD
2025-01-22 10:00:00,PUMP102.BEARING_TEMP,62.518,°C,GOOD
2025-01-22 12:00:00,PUMP102.BEARING_TEMP,62.225,°C,GOOD
2025-01-22 14:00:00,PUMP102.BEARING_TEMP,61.313,°C,GOOD
2025-01-22 16:00:00,PUMP102.BEARING_TEMP,61.529,°C,GOOD
2025-01-22 18:00:00,PUMP102.BEARING_TEMP,62.585,°C,GOOD
2025-01-22 20:00:00,PUMP102.BEARING_TEMP,61.598,°C,GOOD
2025-01-22 22:00:00,PUMP102.BEARING_TEMP,62.488,°C,GOOD
2025-01-23 00:00:00,PUMP102.BEARING_TEMP,61.785,°C,GOOD
2025-01-23 02:00:00,PUMP102.BEARING_TEMP,62.071,°C,BAD
2025-01-23 04:00:00,PUMP102.BEARING_TEMP,61.307,°C,GOOD
2025-01-23 06:00:00,PUMP102.BEARING_TEMP,61.696,°C,GOOD
2025-01-23 08:00:00,PUMP102.BEARING_TEMP,61.562,°C,GOOD
2025-01-23 10:00:00,PUMP102.BEARING_TEMP,62.113,°C,GOOD
2025-01-23 12:00:00,PUMP102.BEARING_TEMP,62.047,°C,GOOD
2025-01-23 14:00:00,PUMP102.BEARING_TEMP,62.231,°C,GOOD
2025-01-23 16:00:00,PUMP102.BEARING_TEMP,61.755,°C,BAD
2025-01-23 18:00:00,PUMP102.BEARING_TEMP,61.535,°C,GOOD
2025-01-23 20:00:00,PUMP102.BEARING_TEMP,62.091,°C,GOOD
2025-01-23 22:00:00,PUMP102.BEARING_TEMP,61.485,°C,GOOD
2025-01-24 00:00:00,PUMP102.BEARING_TEMP,62.539,°C,GOOD
2025-01-24 02:00:00,PUMP102.BEARING_TEMP,61.943,°C,GOOD
2025-01-24 04:00:00,PUMP102.BEARING_TEMP,61.837,°C,GOOD
2025-01-24 06:00:00,PUMP102.BEARING_TEMP,62.231,°C,GOOD
2025-01-24 08:00:00,PUMP102.BEARING_TEMP,61.962,°C,GOOD
2025-01-24 10:00:00,PUMP102.BEARING_TEMP,61.171,°C,GOOD
2025-01-24 12:00:00,PUMP102.BEARING_TEMP,61.469,°C,GOOD
2025-01-24 14:00:00,PUMP102.BEARING_TEMP,62.529,°C,GOOD
2025-01-24 16:00:00,PUMP102.BEARING_TEMP,62.042,°C,GOOD
2025-01-24 18:00:00,PUMP102.BEARING_TEMP,61.159,°C,BAD
2025-01-24 20:00:00,PUMP102.BEARING_TEMP,62.176,°C,GOOD
2025-01-24 22:00:00,PUMP102.BEARING_TEMP,61.72,°C,GOOD
2025-01-25 00:00:00,PUMP102.BEARING_TEMP,61.563,°C,GOOD
2025-01-25 02:00:00,PUMP102.BEARING_TEMP,61.428,°C,GOOD
2025-01-25 04:00:00,PUMP102.BEARING_TEMP,62.5,°C,GOOD
2025-01-25 06:00:00,PUMP102.BEARING_TEMP,61.017,°C,GOOD
2025-01-25 08:00:00,PUMP102.BEARING_TEMP,61.581,°C,GOOD
2025-01-25 10:00:00,PUMP102.BEARING_TEMP,62.06,°C,GOOD
2025-01-25 12:00:00,PUMP102.BEARING_TEMP,62.789,°C,BAD
2025-01-25 14:00:00,PUMP102.BEARING_TEMP,62.277,°C,GOOD
2025-01-25 16:00:00,PUMP102.BEARING_TEMP,61.577,°C,GOOD
2025-01-25 18:00:00,PUMP102.BEARING_TEMP,62.765,°C,GOOD
2025-01-25 20:00:00,PUMP102.BEARING_TEMP,61.322,°C,GOOD
2025-01-25 22:00:00,PUMP102.BEARING_TEMP,62.133,°C,BAD
2025-01-26 00:00:00,PUMP102.BEARING_TEMP,62.244,°C,GOOD
2025-01-26 02:00:00,PUMP102.BEARING_TEMP,61.559,°C,GOOD
2025-01-26 04:00:00,PUMP102.BEARING_TEMP,62.349,°C,BAD
2025-01-26 06:00:00,PUMP102.BEARING_TEMP,61.743,°C,GOOD
2025-01-26 08:00:00,PUMP102.BEARING_TEMP,62.348,°C,GOOD
2025-01-26 10:00:00,PUMP102.BEARING_TEMP,61.08,°C,GOOD
2025-01-26 12:00:00,PUMP102.BEARING_TEMP,62.167,°C,GOOD
2025-01-26 14:00:00,PUMP102.BEARING_TEMP,61.794,°C,GOOD
2025-01-26 16:00:00,PUMP102.BEARING_TEMP,62.575,°C,GOOD
2025-01-26 18:00:00,PUMP102.BEARING_TEMP,61.978,°C,GOOD
2025-01-26 20:00:00,PUMP102.BEARING_TEMP,62.625,°C,GOOD
2025-01-26 22:00:00,PUMP102.BEARING_TEMP,62.254,°C,GOOD
2025-01-27 00:00:00,PUMP102.BEARING_TEMP,61.936,°C,GOOD
2025-01-27 02:00:00,PUMP102.BEARING_TEMP,62.394,°C,GOOD
2025-01-27 04:00:00,PUMP102.BEARING_TEMP,62.397,°C,GOOD
2025-01-27 06:00:00,PUMP102.BEARING_TEMP,62.236,°C,GOOD
2025-01-27 08:00:00,PUMP102.BEARING_TEMP,60.854,°C,GOOD
2025-01-27 10:00:00,PUMP102.BEARING_TEMP,61.509,°C,GOOD
2025-01-27 12:00:00,PUMP102.BEARING_TEMP,62.692,°C,GOOD
2025-01-27 14:00:00,PUMP102.BEARING_TEMP,61.372,°C,GOOD
2025-01-27 16:00:00,PUMP102.BEARING_TEMP,62.441,°C,GOOD
2025-01-27 18:00:00,PUMP102.BEARING_TEMP,62.353,°C,GOOD
2025-01-27 20:00:00,PUMP102.BEARING_TEMP,61.637,°C,GOOD
2025-01-27 22:00:00,PUMP102.BEARING_TEMP,61.002,°C,GOOD
2025-01-28 00:00:00,PUMP102.BEARING_TEMP,61.716,°C,GOOD
2025-01-28 02:00:00,PUMP102.BEARING_TEMP,63.039,°C,GOOD
2025-01-28 04:00:00,PUMP102.BEARING_TEMP,61.568,°C,GOOD
2025-01-28 06:00:00,PUMP102.BEARING_TEMP,61.603,°C,GOOD
2025-01-28 08:00:00,PUMP102.BEARING_TEMP,61.501,°C,GOOD
2025-01-28 10:00:00,PUMP102.BEARING_TEMP,62.607,°C,GOOD
2025-01-28 12:00:00,PUMP102.BEARING_TEMP,61.879,°C,GOOD
2025-01-28 14:00:00,PUMP102.BEARING_TEMP,61.687,°C,GOOD
2025-01-28 16:00:00,PUMP102.BEARING_TEMP,62.707,°C,GOOD
2025-01-28 18:00:00,PUMP102.BEARING_TEMP,62.29,°C,GOOD
2025-01-28 20:00:00,PUMP102.BEARING_TEMP,61.54,°C,GOOD
2025-01-28 22:00:00,PUMP102.BEARING_TEMP,61.388,°C,GOOD
2025-01-29 00:00:00,PUMP102.BEARING_TEMP,62.579,°C,GOOD
2025-01-29 02:00:00,PUMP102.BEARING_TEMP,62.008,°C,GOOD
2025-01-29 04:00:00,PUMP102.BEARING_TEMP,61.225,°C,GOOD
2025-01-29 06:00:00,PUMP102.BEARING_TEMP,61.108,°C,GOOD
2025-01-29 08:00:00,PUMP102.BEARING_TEMP,61.442,°C,GOOD
2025-01-29 10:00:00,PUMP102.BEARING_TEMP,61.38,°C,GOOD
2025-01-29 12:00:00,PUMP102.BEARING_TEMP,60.977,°C,GOOD
2025-01-29 14:00:00,PUMP102.BEARING_TEMP,61.45,°C,GOOD
2025-01-29 16:00:00,PUMP102.BEARING_TEMP,61.54,°C,GOOD
2025-01-29 18:00:00,PUMP102.BEARING_TEMP,61.769,°C,GOOD
2025-01-29 20:00:00,PUMP102.BEARING_TEMP,62.846,°C,GOOD
2025-01-29 22:00:00,PUMP102.BEARING_TEMP,61.867,°C,GOOD
2025-01-30 00:00:00,PUMP102.BEARING_TEMP,61.916,°C,GOOD
2025-01-30 02:00:00,PUMP102.BEARING_TEMP,62.255,°C,GOOD
2025-01-30 04:00:00,PUMP102.BEARING_TEMP,61.881,°C,GOOD
2025-01-30 06:00:00,PUMP102.BEARING_TEMP,62.2,°C,GOOD
2025-01-30 08:00:00,PUMP102.BEARING_TEMP,62.14,°C,GOOD
2025-01-30 10:00:00,PUMP102.BEARING_TEMP,62.061,°C,GOOD
2025-01-30 12:00:00,PUMP102.BEARING_TEMP,63.383,°C,GOOD
2025-01-30 14:00:00,PUMP102.BEARING_TEMP,62.456,°C,GOOD
2025-01-30 16:00:00,PUMP102.BEARING_TEMP,61.459,°C,GOOD
2025-01-30 18:00:00,PUMP102.BEARING_TEMP,62.185,°C,GOOD
2025-01-30 20:00:00,PUMP102.BEARING_TEMP,61.604,°C,GOOD
2025-01-30 22:00:00,PUMP102.BEARING_TEMP,62.223,°C,GOOD
2025-01-31 00:00:00,PUMP102.BEARING_TEMP,61.312,°C,GOOD
2025-01-31 02:00:00,PUMP102.BEARING_TEMP,61.446,°C,GOOD
2025-01-31 04:00:00,PUMP102.BEARING_TEMP,62.172,°C,GOOD
2025-01-31 06:00:00,PUMP102.BEARING_TEMP,62.499,°C,GOOD
2025-01-31 08:00:00,PUMP102.BEARING_TEMP,62.251,°C,GOOD
2025-01-31 10:00:00,PUMP102.BEARING_TEMP,62.427,°C,GOOD
2025-01-31 12:00:00,PUMP102.BEARING_TEMP,62.187,°C,GOOD
2025-01-31 14:00:00,PUMP102.BEARING_TEMP,62.086,°C,GOOD
2025-01-31 16:00:00,PUMP102.BEARING_TEMP,61.748,°C,GOOD
2025-01-31 18:00:00,PUMP102.BEARING_TEMP,62.407,°C,GOOD
2025-01-31 20:00:00,PUMP102.BEARING_TEMP,62.512,°C,GOOD
2025-01-31 22:00:00,PUMP102.BEARING_TEMP,61.968,°C,GOOD
2025-02-01 00:00:00,PUMP102.BEARING_TEMP,61.942,°C,GOOD
2025-02-01 02:00:00,PUMP102.BEARING_TEMP,62.796,°C,GOOD
2025-02-01 04:00:00,PUMP102.BEARING_TEMP,61.99,°C,GOOD
2025-02-01 06:00:00,PUMP102.BEARING_TEMP,62.038,°C,GOOD
2025-02-01 08:00:00,PUMP102.BEARING_TEMP,62.242,°C,GOOD
2025-02-01 10:00:00,PUMP102.BEARING_TEMP,61.951,°C,GOOD
2025-02-01 12:00:00,PUMP102.BEARING_TEMP,61.59,°C,GOOD
2025-02-01 14:00:00,PUMP102.BEARING_TEMP,62.189,°C,GOOD
2025-02-01 16:00:00,PUMP102.BEARING_TEMP,61.981,°C,GOOD
2025-02-01 18:00:00,PUMP102.BEARING_TEMP,62.921,°C,GOOD
2025-02-01 20:00:00,PUMP102.BEARING_TEMP,62.394,°C,GOOD
2025-02-01 22:00:00,PUMP102.BEARING_TEMP,61.702,°C,GOOD
2025-02-02 00:00:00,PUMP102.BEARING_TEMP,62.365,°C,GOOD
2025-02-02 02:00:00,PUMP102.BEARING_TEMP,62.154,°C,GOOD
2025-02-02 04:00:00,PUMP102.BEARING_TEMP,62.655,°C,GOOD
2025-02-02 06:00:00,PUMP102.BEARING_TEMP,61.738,°C,GOOD
2025-02-02 08:00:00,PUMP102.BEARING_TEMP,62.094,°C,GOOD
2025-02-02 10:00:00,PUMP102.BEARING_TEMP,61.95,°C,GOOD
2025-02-02 12:00:00,PUMP102.BEARING_TEMP,62.029,°C,GOOD
2025-02-02 14:00:00,PUMP102.BEARING_TEMP,61.557,°C,GOOD
2025-02-02 16:00:00,PUMP102.BEARING_TEMP,62.288,°C,BAD
2025-02-02 18:00:00,PUMP102.BEARING_TEMP,62.209,°C,GOOD
2025-02-02 20:00:00,PUMP102.BEARING_TEMP,62.643,°C,GOOD
2025-02-02 22:00:00,PUMP102.BEARING_TEMP,61.995,°C,GOOD
2025-02-03 00:00:00,PUMP102.BEARING_TEMP,61.794,°C,BAD
2025-02-03 02:00:00,PUMP102.BEARING_TEMP,62.395,°C,GOOD
2025-02-03 04:00:00,PUMP102.BEARING_TEMP,61.603,°C,GOOD
2025-02-03 06:00:00,PUMP102.BEARING_TEMP,62.542,°C,GOOD
2025-02-03 08:00:00,PUMP102.BEARING_TEMP,62.541,°C,GOOD
2025-02-03 10:00:00,PUMP102.BEARING_TEMP,62.629,°C,GOOD
2025-02-03 12:00:00,PUMP102.BEARING_TEMP,62.188,°C,GOOD
2025-02-03 14:00:00,PUMP102.BEARING_TEMP,61.757,°C,GOOD
2025-02-03 16:00:00,PUMP102.BEARING_TEMP,62.055,°C,GOOD
2025-02-03 18:00:00,PUMP102.BEARING_TEMP,62.19,°C,GOOD
2025-02-03 20:00:00,PUMP102.BEARING_TEMP,61.72,°C,GOOD
2025-02-03 22:00:00,PUMP102.BEARING_TEMP,62.667,°C,GOOD
2025-02-04 00:00:00,PUMP102.BEARING_TEMP,62.29,°C,GOOD
2025-02-04 02:00:00,PUMP102.BEARING_TEMP,61.554,°C,GOOD
2025-02-04 04:00:00,PUMP102.BEARING_TEMP,62.941,°C,GOOD
2025-02-04 06:00:00,PUMP102.BEARING_TEMP,62.049,°C,GOOD
2025-02-04 08:00:00,PUMP102.BEARING_TEMP,61.453,°C,GOOD
2025-02-04 10:00:00,PUMP102.BEARING_TEMP,61.585,°C,GOOD
2025-02-04 12:00:00,PUMP102.BEARING_TEMP,62.744,°C,GOOD
2025-02-04 14:00:00,PUMP102.BEARING_TEMP,62.912,°C,GOOD
2025-02-04 16:00:00,PUMP102.BEARING_TEMP,62.505,°C,GOOD
2025-02-04 18:00:00,PUMP102.BEARING_TEMP,62.66,°C,GOOD
2025-02-04 20:00:00,PUMP102.BEARING_TEMP,62.608,°C,GOOD
2025-02-04 22:00:00,PUMP102.BEARING_TEMP,62.278,°C,GOOD
2025-02-05 00:00:00,PUMP102.BEARING_TEMP,62.165,°C,GOOD
2025-02-05 02:00:00,PUMP102.BEARING_TEMP,62.27,°C,GOOD
2025-02-05 04:00:00,PUMP102.BEARING_TEMP,62.368,°C,GOOD
2025-02-05 06:00:00,PUMP102.BEARING_TEMP,61.629,°C,GOOD
2025-02-05 08:00:00,PUMP102.BEARING_TEMP,62.366,°C,GOOD
2025-02-05 10:00:00,PUMP102.BEARING_TEMP,62.729,°C,GOOD
2025-02-05 12:00:00,PUMP102.BEARING_TEMP,61.897,°C,GOOD
2025-02-05 14:00:00,PUMP102.BEARING_TEMP,61.843,°C,GOOD
2025-02-05 16:00:00,PUMP102.BEARING_TEMP,62.238,°C,GOOD
2025-02-05 18:00:00,PUMP102.BEARING_TEMP,61.675,°C,GOOD
2025-02-05 20:00:00,PUMP102.BEARING_TEMP,61.342,°C,GOOD
2025-02-05 22:00:00,PUMP102.BEARING_TEMP,62.574,°C,GOOD
2025-02-06 00:00:00,PUMP102.BEARING_TEMP,61.775,°C,GOOD
2025-02-06 02:00:00,PUMP102.BEARING_TEMP,62.009,°C,GOOD
2025-02-06 04:00:00,PUMP102.BEARING_TEMP,61.695,°C,GOOD
2025-02-06 06:00:00,PUMP102.BEARING_TEMP,62.638,°C,GOOD
2025-02-06 08:00:00,PUMP102.BEARING_TEMP,62.427,°C,GOOD
2025-02-06 10:00:00,PUMP102.BEARING_TEMP,61.88,°C,GOOD
2025-02-06 12:00:00,PUMP102.BEARING_TEMP,61.41,°C,GOOD
2025-02-06 14:00:00,PUMP102.BEARING_TEMP,61.827,°C,GOOD
2025-02-06 16:00:00,PUMP102.BEARING_TEMP,62.285,°C,GOOD
2025-02-06 18:00:00,PUMP102.BEARING_TEMP,62.094,°C,GOOD
2025-02-06 20:00:00,PUMP102.BEARING_TEMP,62.055,°C,GOOD
2025-02-06 22:00:00,PUMP102.BEARING_TEMP,62.106,°C,GOOD
2025-02-07 00:00:00,PUMP102.BEARING_TEMP,62.379,°C,GOOD
2025-02-07 02:00:00,PUMP102.BEARING_TEMP,61.979,°C,GOOD
2025-02-07 04:00:00,PUMP102.BEARING_TEMP,62.225,°C,GOOD
2025-02-07 06:00:00,PUMP102.BEARING_TEMP,61.507,°C,GOOD
2025-02-07 08:00:00,PUMP102.BEARING_TEMP,63.277,°C,GOOD
2025-02-07 10:00:00,PUMP102.BEARING_TEMP,61.858,°C,GOOD
2025-02-07 12:00:00,PUMP102.BEARING_TEMP,62.102,°C,GOOD
2025-02-07 14:00:00,PUMP102.BEARING_TEMP,62.283,°C,GOOD
2025-02-07 16:00:00,PUMP102.BEARING_TEMP,61.795,°C,GOOD
2025-02-07 18:00:00,PUMP102.BEARING_TEMP,62.004,°C,GOOD
2025-02-07 20:00:00,PUMP102.BEARING_TEMP,61.998,°C,GOOD
2025-02-07 22:00:00,PUMP102.BEARING_TEMP,61.543,°C,GOOD
2025-02-08 00:00:00,PUMP102.BEARING_TEMP,62.219,°C,GOOD
2025-02-08 02:00:00,PUMP102.BEARING_TEMP,61.175,°C,BAD
2025-02-08 04:00:00,PUMP102.BEARING_TEMP,62.876,°C,GOOD
2025-02-08 06:00:00,PUMP102.BEARING_TEMP,62.396,°C,GOOD
2025-02-08 08:00:00,PUMP102.BEARING_TEMP,62.32,°C,GOOD
2025-02-08 10:00:00,PUMP102.BEARING_TEMP,61.132,°C,GOOD
2025-02-08 12:00:00,PUMP102.BEARING_TEMP,61.604,°C,GOOD
2025-02-08 14:00:00,PUMP102.BEARING_TEMP,62.695,°C,GOOD
2025-02-08 16:00:00,PUMP102.BEARING_TEMP,64.076,°C,GOOD
2025-02-08 18:00:00,PUMP102.BEARING_TEMP,62.597,°C,GOOD
2025-02-08 20:00:00,PUMP102.BEARING_TEMP,62.518,°C,GOOD
2025-02-08 22:00:00,PUMP102.BEARING_TEMP,62.262,°C,GOOD
2025-02-09 00:00:00,PUMP102.BEARING_TEMP,61.576,°C,GOOD
2025-02-09 02:00:00,PUMP102.BEARING_TEMP,62.498,°C,GOOD
2025-02-09 04:00:00,PUMP102.BEARING_TEMP,61.449,°C,GOOD
2025-02-09 06:00:00,PUMP102.BEARING_TEMP,61.395,°C,GOOD
2025-02-09 08:00:00,PUMP102.BEARING_TEMP,61.363,°C,GOOD
2025-02-09 10:00:00,PUMP102.BEARING_TEMP,62.488,°C,GOOD
2025-02-09 12:00:00,PUMP102.BEARING_TEMP,61.971,°C,GOOD
2025-02-09 14:00:00,PUMP102.BEARING_TEMP,62.05,°C,GOOD
2025-02-09 16:00:00,PUMP102.BEARING_TEMP,61.992,°C,GOOD
2025-02-09 18:00:00,PUMP102.BEARING_TEMP,61.437,°C,GOOD
2025-02-09 20:00:00,PUMP102.BEARING_TEMP,61.665,°C,GOOD
2025-02-09 22:00:00,PUMP102.BEARING_TEMP,61.69,°C,GOOD
2025-02-10 00:00:00,PUMP102.BEARING_TEMP,61.297,°C,GOOD
2025-02-10 02:00:00,PUMP102.BEARING_TEMP,61.748,°C,GOOD
2025-02-10 04:00:00,PUMP102.BEARING_TEMP,61.459,°C,GOOD
2025-02-10 06:00:00,PUMP102.BEARING_TEMP,62.289,°C,GOOD
2025-02-10 08:00:00,PUMP102.BEARING_TEMP,62.33,°C,GOOD
2025-02-10 10:00:00,PUMP102.BEARING_TEMP,61.353,°C,GOOD
2025-02-10 12:00:00,PUMP102.BEARING_TEMP,61.852,°C,GOOD
2025-02-10 14:00:00,PUMP102.BEARING_TEMP,62.928,°C,GOOD
2025-02-10 16:00:00,PUMP102.BEARING_TEMP,61.51,°C,GOOD
2025-02-10 18:00:00,PUMP102.BEARING_TEMP,62.213,°C,GOOD
2025-02-10 20:00:00,PUMP102.BEARING_TEMP,62.053,°C,GOOD
2025-02-10 22:00:00,PUMP102.BEARING_TEMP,62.546,°C,GOOD
2025-02-11 00:00:00,PUMP102.BEARING_TEMP,62.148,°C,GOOD
2025-02-11 02:00:00,PUMP102.BEARING_TEMP,61.784,°C,GOOD
2025-02-11 04:00:00,PUMP102.BEARING_TEMP,62.033,°C,GOOD
2025-02-11 06:00:00,PUMP102.BEARING_TEMP,62.041,°C,GOOD
2025-02-11 08:00:00,PUMP102.BEARING_TEMP,61.954,°C,GOOD
2025-02-11 10:00:00,PUMP102.BEARING_TEMP,61.34,°C,GOOD
2025-02-11 12:00:00,PUMP102.BEARING_TEMP,62.622,°C,GOOD
2025-02-11 14:00:00,PUMP102.BEARING_TEMP,62.533,°C,GOOD
2025-02-11 16:00:00,PUMP102.BEARING_TEMP,61.478,°C,GOOD
2025-02-11 18:00:00,PUMP102.BEARING_TEMP,61.85,°C,GOOD
2025-02-11 20:00:00,PUMP102.BEARING_TEMP,61.887,°C,GOOD
2025-02-11 22:00:00,PUMP102.BEARING_TEMP,61.422,°C,GOOD
2025-02-12 00:00:00,PUMP102.BEARING_TEMP,61.067,°C,GOOD
2025-02-12 02:00:00,PUMP102.BEARING_TEMP,61.665,°C,GOOD
2025-02-12 04:00:00,PUMP102.BEARING_TEMP,61.822,°C,GOOD
2025-02-12 06:00:00,PUMP102.BEARING_TEMP,61.279,°C,GOOD
2025-02-12 08:00:00,PUMP102.BEARING_TEMP,62.088,°C,GOOD
2025-02-12 10:00:00,PUMP102.BEARING_TEMP,62.581,°C,GOOD
2025-02-12 12:00:00,PUMP102.BEARING_TEMP,62.421,°C,GOOD
2025-02-12 14:00:00,PUMP102.BEARING_TEMP,61.937,°C,GOOD
2025-02-12 16:00:00,PUMP102.BEARING_TEMP,61.08,°C,GOOD
2025-02-12 18:00:00,PUMP102.BEARING_TEMP,62.358,°C,GOOD
2025-02-12 20:00:00,PUMP102.BEARING_TEMP,62.073,°C,GOOD
2025-02-12 22:00:00,PUMP102.BEARING_TEMP,62.212,°C,GOOD
2025-02-13 00:00:00,PUMP102.BEARING_TEMP,62.968,°C,GOOD
2025-02-13 02:00:00,PUMP102.BEARING_TEMP,61.588,°C,BAD
2025-02-13 04:00:00,PUMP102.BEARING_TEMP,60.563,°C,GOOD
2025-02-13 06:00:00,PUMP102.BEARING_TEMP,61.473,°C,GOOD
2025-02-13 08:00:00,PUMP102.BEARING_TEMP,62.243,°C,GOOD
2025-02-13 10:00:00,PUMP102.BEARING_TEMP,62.013,°C,GOOD
2025-02-13 12:00:00,PUMP102.BEARING_TEMP,61.392,°C,GOOD
2025-02-13 14:00:00,PUMP102.BEARING_TEMP,61.29,°C,GOOD
2025-02-13 16:00:00,PUMP102.BEARING_TEMP,61.823,°C,GOOD
2025-02-13 18:00:00,PUMP102.BEARING_TEMP,61.377,°C,GOOD
2025-02-13 20:00:00,PUMP102.BEARING_TEMP,62.26,°C,GOOD
2025-02-13 22:00:00,PUMP102.BEARING_TEMP,61.794,°C,GOOD
2025-02-14 00:00:00,PUMP102.BEARING_TEMP,61.686,°C,GOOD
2025-02-14 02:00:00,PUMP102.BEARING_TEMP,61.621,°C,GOOD
2025-02-14 04:00:00,PUMP102.BEARING_TEMP,62.132,°C,GOOD
2025-02-14 06:00:00,PUMP102.BEARING_TEMP,62.021,°C,GOOD
2025-02-14 08:00:00,PUMP102.BEARING_TEMP,62.101,°C,GOOD
2025-02-14 10:00:00,PUMP102.BEARING_TEMP,62.09,°C,GOOD
2025-02-14 12:00:00,PUMP102.BEARING_TEMP,61.964,°C,GOOD
2025-02-14 14:00:00,PUMP102.BEARING_TEMP,61.483,°C,GOOD
2025-02-14 16:00:00,PUMP102.BEARING_TEMP,61.635,°C,GOOD
2025-02-14 18:00:00,PUMP102.BEARING_TEMP,61.803,°C,GOOD
2025-02-14 20:00:00,PUMP102.BEARING_TEMP,63.033,°C,GOOD
2025-02-14 22:00:00,PUMP102.BEARING_TEMP,61.326,°C,GOOD
2025-02-15 00:00:00,PUMP102.BEARING_TEMP,61.791,°C,GOOD
2025-02-15 02:00:00,PUMP102.BEARING_TEMP,62.049,°C,GOOD
2025-02-15 04:00:00,PUMP102.BEARING_TEMP,61.848,°C,GOOD
2025-02-15 06:00:00,PUMP102.BEARING_TEMP,62.537,°C,GOOD
2025-02-15 08:00:00,PUMP102.BEARING_TEMP,61.846,°C,GOOD
2025-02-15 10:00:00,PUMP102.BEARING_TEMP,61.883,°C,GOOD
2025-02-15 12:00:00,PUMP102.BEARING_TEMP,62.407,°C,GOOD
2025-02-15 14:00:00,PUMP102.BEARING_TEMP,62.905,°C,GOOD
2025-02-15 16:00:00,PUMP102.BEARING_TEMP,62.704,°C,GOOD
2025-02-15 18:00:00,PUMP102.BEARING_TEMP,61.932,°C,GOOD
2025-02-15 20:00:00,PUMP102.BEARING_TEMP,61.975,°C,GOOD
2025-02-15 22:00:00,PUMP102.BEARING_TEMP,62.023,°C,GOOD
2025-02-16 00:00:00,PUMP102.BEARING_TEMP,62.073,°C,GOOD
2025-02-16 02:00:00,PUMP102.BEARING_TEMP,61.576,°C,GOOD
2025-02-16 04:00:00,PUMP102.BEARING_TEMP,62.468,°C,GOOD
2025-02-16 06:00:00,PUMP102.BEARING_TEMP,62.103,°C,GOOD
2025-02-16 08:00:00,PUMP102.BEARING_TEMP,61.978,°C,GOOD
2025-02-16 10:00:00,PUMP102.BEARING_TEMP,61.364,°C,GOOD
2025-02-16 12:00:00,PUMP102.BEARING_TEMP,62.031,°C,GOOD
2025-02-16 14:00:00,PUMP102.BEARING_TEMP,61.053,°C,GOOD
2025-02-16 16:00:00,PUMP102.BEARING_TEMP,61.709,°C,GOOD
2025-02-16 18:00:00,PUMP102.BEARING_TEMP,61.718,°C,GOOD
2025-02-16 20:00:00,PUMP102.BEARING_TEMP,62.143,°C,GOOD
2025-02-16 22:00:00,PUMP102.BEARING_TEMP,62.94,°C,GOOD
2025-02-17 00:00:00,PUMP102.BEARING_TEMP,62.286,°C,GOOD
2025-02-17 02:00:00,PUMP102.BEARING_TEMP,62.724,°C,GOOD
2025-02-17 04:00:00,PUMP102.BEARING_TEMP,62.323,°C,GOOD
2025-02-17 06:00:00,PUMP102.BEARING_TEMP,62.563,°C,GOOD
2025-02-17 08:00:00,PUMP102.BEARING_TEMP,62.929,°C,GOOD
2025-02-17 10:00:00,PUMP102.BEARING_TEMP,61.634,°C,GOOD
2025-02-17 12:00:00,PUMP102.BEARING_TEMP,61.601,°C,GOOD
2025-02-17 14:00:00,PUMP102.BEARING_TEMP,62.334,°C,GOOD
2025-02-17 16:00:00,PUMP102.BEARING_TEMP,61.998,°C,GOOD
2025-02-17 18:00:00,PUMP102.BEARING_TEMP,62.11,°C,GOOD
2025-02-17 20:00:00,PUMP102.BEARING_TEMP,61.876,°C,GOOD
2025-02-17 22:00:00,PUMP102.BEARING_TEMP,61.702,°C,GOOD
2025-02-18 00:00:00,PUMP102.BEARING_TEMP,62.81,°C,GOOD
2025-02-18 02:00:00,PUMP102.BEARING_TEMP,61.45,°C,GOOD
2025-02-18 04:00:00,PUMP102.BEARING_TEMP,62.343,°C,GOOD
2025-02-18 06:00:00,PUMP102.BEARING_TEMP,62.262,°C,GOOD
2025-02-18 08:00:00,PUMP102.BEARING_TEMP,61.21,°C,GOOD
2025-02-18 10:00:00,PUMP102.BEARING_TEMP,61.585,°C,GOOD
2025-02-18 12:00:00,PUMP102.BEARING_TEMP,61.669,°C,GOOD
2025-02-18 14:00:00,PUMP102.BEARING_TEMP,62.282,°C,GOOD
2025-02-18 16:00:00,PUMP102.BEARING_TEMP,61.816,°C,GOOD
2025-02-18 18:00:00,PUMP102.BEARING_TEMP,61.957,°C,GOOD
2025-02-18 20:00:00,PUMP102.BEARING_TEMP,61.271,°C,GOOD
2025-02-18 22:00:00,PUMP102.BEARING_TEMP,63.163,°C,GOOD
2025-02-19 00:00:00,PUMP102.BEARING_TEMP,62.036,°C,GOOD
2025-02-19 02:00:00,PUMP102.BEARING_TEMP,62.25,°C,GOOD
2025-02-19 04:00:00,PUMP102.BEARING_TEMP,61.73,°C,GOOD
2025-02-19 06:00:00,PUMP102.BEARING_TEMP,61.674,°C,GOOD
2025-02-19 08:00:00,PUMP102.BEARING_TEMP,62.956,°C,GOOD
2025-02-19 10:00:00,PUMP102.BEARING_TEMP,61.042,°C,GOOD
2025-02-19 12:00:00,PUMP102.BEARING_TEMP,62.139,°C,GOOD
2025-02-19 14:00:00,PUMP102.BEARING_TEMP,61.394,°C,GOOD
2025-02-19 16:00:00,PUMP102.BEARING_TEMP,61.797,°C,GOOD
2025-02-19 18:00:00,PUMP102.BEARING_TEMP,61.681,°C,GOOD
2025-02-19 20:00:00,PUMP102.BEARING_TEMP,61.507,°C,GOOD
2025-02-19 22:00:00,PUMP102.BEARING_TEMP,62.018,°C,GOOD
2025-02-20 00:00:00,PUMP102.BEARING_TEMP,60.716,°C,GOOD
2025-02-20 02:00:00,PUMP102.BEARING_TEMP,61.842,°C,GOOD
2025-02-20 04:00:00,PUMP102.BEARING_TEMP,61.955,°C,GOOD
2025-02-20 06:00:00,PUMP102.BEARING_TEMP,61.32,°C,GOOD
2025-02-20 08:00:00,PUMP102.BEARING_TEMP,62.757,°C,GOOD
2025-02-20 10:00:00,PUMP102.BEARING_TEMP,61.703,°C,GOOD
2025-02-20 12:00:00,PUMP102.BEARING_TEMP,61.881,°C,GOOD
2025-02-20 14:00:00,PUMP102.BEARING_TEMP,61.704,°C,GOOD
2025-02-20 16:00:00,PUMP102.BEARING_TEMP,61.959,°C,GOOD
2025-02-20 18:00:00,PUMP102.BEARING_TEMP,62.654,°C,GOOD
2025-02-20 20:00:00,PUMP102.BEARING_TEMP,63.237,°C,GOOD
2025-02-20 22:00:00,PUMP102.BEARING_TEMP,62.373,°C,GOOD
2025-02-21 00:00:00,PUMP102.BEARING_TEMP,62.544,°C,GOOD
2025-02-21 02:00:00,PUMP102.BEARING_TEMP,62.858,°C,GOOD
2025-02-21 04:00:00,PUMP102.BEARING_TEMP,62.124,°C,GOOD
2025-02-21 06:00:00,PUMP102.BEARING_TEMP,62.785,°C,GOOD
2025-02-21 08:00:00,PUMP102.BEARING_TEMP,62.396,°C,GOOD
2025-02-21 10:00:00,PUMP102.BEARING_TEMP,62.072,°C,GOOD
2025-02-21 12:00:00,PUMP102.BEARING_TEMP,62.175,°C,GOOD
2025-02-21 14:00:00,PUMP102.BEARING_TEMP,61.089,°C,GOOD
2025-02-21 16:00:00,PUMP102.BEARING_TEMP,62.146,°C,GOOD
2025-02-21 18:00:00,PUMP102.BEARING_TEMP,61.228,°C,GOOD
2025-02-21 20:00:00,PUMP102.BEARING_TEMP,61.187,°C,GOOD
2025-02-21 22:00:00,PUMP102.BEARING_TEMP,62.096,°C,GOOD
2025-02-22 00:00:00,PUMP102.BEARING_TEMP,61.443,°C,GOOD
2025-02-22 02:00:00,PUMP102.BEARING_TEMP,61.996,°C,GOOD
2025-02-22 04:00:00,PUMP102.BEARING_TEMP,62.069,°C,GOOD
2025-02-22 06:00:00,PUMP102.BEARING_TEMP,62.092,°C,GOOD
2025-02-22 08:00:00,PUMP102.BEARING_TEMP,61.548,°C,GOOD
2025-02-22 10:00:00,PUMP102.BEARING_TEMP,62.449,°C,GOOD
2025-02-22 12:00:00,PUMP102.BEARING_TEMP,61.955,°C,GOOD
2025-02-22 14:00:00,PUMP102.BEARING_TEMP,62.221,°C,GOOD
2025-02-22 16:00:00,PUMP102.BEARING_TEMP,61.402,°C,GOOD
2025-02-22 18:00:00,PUMP102.BEARING_TEMP,61.911,°C,GOOD
2025-02-22 20:00:00,PUMP102.BEARING_TEMP,62.549,°C,GOOD
2025-02-22 22:00:00,PUMP102.BEARING_TEMP,62.485,°C,GOOD
2025-02-23 00:00:00,PUMP102.BEARING_TEMP,61.601,°C,GOOD
2025-02-23 02:00:00,PUMP102.BEARING_TEMP,61.727,°C,GOOD
2025-02-23 04:00:00,PUMP102.BEARING_TEMP,61.506,°C,GOOD
2025-02-23 06:00:00,PUMP102.BEARING_TEMP,61.672,°C,GOOD
2025-02-23 08:00:00,PUMP102.BEARING_TEMP,61.3,°C,GOOD
2025-02-23 10:00:00,PUMP102.BEARING_TEMP,61.931,°C,GOOD
2025-02-23 12:00:00,PUMP102.BEARING_TEMP,62.317,°C,GOOD
2025-02-23 14:00:00,PUMP102.BEARING_TEMP,61.607,°C,GOOD
2025-02-23 16:00:00,PUMP102.BEARING_TEMP,61.955,°C,GOOD
2025-02-23 18:00:00,PUMP102.BEARING_TEMP,61.89,°C,GOOD
2025-02-23 20:00:00,PUMP102.BEARING_TEMP,62.528,°C,GOOD
2025-02-23 22:00:00,PUMP102.BEARING_TEMP,61.694,°C,GOOD
2025-02-24 00:00:00,PUMP102.BEARING_TEMP,61.712,°C,GOOD
2025-02-24 02:00:00,PUMP102.BEARING_TEMP,61.577,°C,GOOD
2025-02-24 04:00:00,PUMP102.BEARING_TEMP,61.431,°C,GOOD
2025-02-24 06:00:00,PUMP102.BEARING_TEMP,62.265,°C,GOOD
2025-02-24 08:00:00,PUMP102.BEARING_TEMP,61.932,°C,GOOD
2025-02-24 10:00:00,PUMP102.BEARING_TEMP,62.027,°C,GOOD
2025-02-24 12:00:00,PUMP102.BEARING_TEMP,62.637,°C,GOOD
2025-02-24 14:00:00,PUMP102.BEARING_TEMP,62.666,°C,GOOD
2025-02-24 16:00:00,PUMP102.BEARING_TEMP,61.177,°C,BAD
2025-02-24 18:00:00,PUMP102.BEARING_TEMP,62.324,°C,GOOD
2025-02-24 20:00:00,PUMP102.BEARING_TEMP,62.113,°C,GOOD
2025-02-24 22:00:00,PUMP102.BEARING_TEMP,61.769,°C,GOOD
2025-02-25 00:00:00,PUMP102.BEARING_TEMP,62.164,°C,GOOD
2025-02-25 02:00:00,PUMP102.BEARING_TEMP,61.137,°C,GOOD
2025-02-25 04:00:00,PUMP102.BEARING_TEMP,62.731,°C,GOOD
2025-02-25 06:00:00,PUMP102.BEARING_TEMP,62.257,°C,GOOD
2025-02-25 08:00:00,PUMP102.BEARING_TEMP,61.567,°C,GOOD
2025-02-25 10:00:00,PUMP102.BEARING_TEMP,61.707,°C,GOOD
2025-02-25 12:00:00,PUMP102.BEARING_TEMP,61.148,°C,GOOD
2025-02-25 14:00:00,PUMP102.BEARING_TEMP,61.843,°C,GOOD
2025-02-25 16:00:00,PUMP102.BEARING_TEMP,61.759,°C,GOOD
2025-02-25 18:00:00,PUMP102.BEARING_TEMP,61.337,°C,GOOD
2025-02-25 20:00:00,PUMP102.BEARING_TEMP,62.388,°C,GOOD
2025-02-25 22:00:00,PUMP102.BEARING_TEMP,62.638,°C,GOOD
2025-02-26 00:00:00,PUMP102.BEARING_TEMP,61.986,°C,GOOD
2025-02-26 02:00:00,PUMP102.BEARING_TEMP,61.847,°C,GOOD
2025-02-26 04:00:00,PUMP102.BEARING_TEMP,62.217,°C,GOOD
2025-02-26 06:00:00,PUMP102.BEARING_TEMP,61.99,°C,GOOD
2025-02-26 08:00:00,PUMP102.BEARING_TEMP,61.459,°C,GOOD
2025-02-26 10:00:00,PUMP102.BEARING_TEMP,61.674,°C,GOOD
2025-02-26 12:00:00,PUMP102.BEARING_TEMP,61.852,°C,GOOD
2025-02-26 14:00:00,PUMP102.BEARING_TEMP,62.124,°C,GOOD
2025-02-26 16:00:00,PUMP102.BEARING_TEMP,62.005,°C,GOOD
2025-02-26 18:00:00,PUMP102.BEARING_TEMP,62.105,°C,GOOD
2025-02-26 20:00:00,PUMP102.BEARING_TEMP,61.238,°C,GOOD
2025-02-26 22:00:00,PUMP102.BEARING_TEMP,62.333,°C,GOOD
2025-02-27 00:00:00,PUMP102.BEARING_TEMP,62.002,°C,GOOD
2025-02-27 02:00:00,PUMP102.BEARING_TEMP,63.276,°C,GOOD
2025-02-27 04:00:00,PUMP102.BEARING_TEMP,61.806,°C,GOOD
2025-02-27 06:00:00,PUMP102.BEARING_TEMP,62.162,°C,GOOD
2025-02-27 08:00:00,PUMP102.BEARING_TEMP,63.415,°C,GOOD
2025-02-27 10:00:00,PUMP102.BEARING_TEMP,62.097,°C,GOOD
2025-02-27 12:00:00,PUMP102.BEARING_TEMP,61.966,°C,GOOD
2025-02-27 14:00:00,PUMP102.BEARING_TEMP,61.507,°C,GOOD
2025-02-27 16:00:00,PUMP102.BEARING_TEMP,62.764,°C,GOOD
2025-02-27 18:00:00,PUMP102.BEARING_TEMP,61.42,°C,GOOD
2025-02-27 20:00:00,PUMP102.BEARING_TEMP,62.214,°C,GOOD
2025-02-27 22:00:00,PUMP102.BEARING_TEMP,61.763,°C,GOOD
2025-02-28 00:00:00,PUMP102.BEARING_TEMP,61.905,°C,GOOD
2025-02-28 02:00:00,PUMP102.BEARING_TEMP,61.288,°C,GOOD
2025-02-28 04:00:00,PUMP102.BEARING_TEMP,62.672,°C,GOOD
2025-02-28 06:00:00,PUMP102.BEARING_TEMP,61.861,°C,GOOD
2025-02-28 08:00:00,PUMP102.BEARING_TEMP,61.392,°C,GOOD
2025-02-28 10:00:00,PUMP102.BEARING_TEMP,62.626,°C,GOOD
2025-02-28 12:00:00,PUMP102.BEARING_TEMP,61.748,°C,GOOD
2025-02-28 14:00:00,PUMP102.BEARING_TEMP,62.167,°C,GOOD
2025-02-28 16:00:00,PUMP102.BEARING_TEMP,62.421,°C,GOOD
2025-02-28 18:00:00,PUMP102.BEARING_TEMP,62.237,°C,GOOD
2025-02-28 20:00:00,PUMP102.BEARING_TEMP,60.902,°C,GOOD
2025-02-28 22:00:00,PUMP102.BEARING_TEMP,62.348,°C,GOOD
2025-03-01 00:00:00,PUMP102.BEARING_TEMP,61.95,°C,GOOD
2025-03-01 02:00:00,PUMP102.BEARING_TEMP,61.835,°C,GOOD
2025-03-01 04:00:00,PUMP102.BEARING_TEMP,61.945,°C,BAD
2025-03-01 06:00:00,PUMP102.BEARING_TEMP,61.195,°C,GOOD
2025-03-01 08:00:00,PUMP102.BEARING_TEMP,62.096,°C,GOOD
2025-03-01 10:00:00,PUMP102.BEARING_TEMP,61.318,°C,GOOD
2025-03-01 12:00:00,PUMP102.BEARING_TEMP,61.857,°C,GOOD
2025-03-01 14:00:00,PUMP102.BEARING_TEMP,62.078,°C,GOOD
2025-03-01 16:00:00,PUMP102.BEARING_TEMP,62.537,°C,GOOD
2025-03-01 18:00:00,PUMP102.BEARING_TEMP,61.59,°C,GOOD
2025-03-01 20:00:00,PUMP102.BEARING_TEMP,62.726,°C,GOOD
2025-03-01 22:00:00,PUMP102.BEARING_TEMP,62.473,°C,GOOD
2025-03-02 00:00:00,PUMP102.BEARING_TEMP,61.785,°C,GOOD
2025-03-02 02:00:00,PUMP102.BEARING_TEMP,61.446,°C,GOOD
2025-03-02 04:00:00,PUMP102.BEARING_TEMP,61.278,°C,GOOD
2025-03-02 06:00:00,PUMP102.BEARING_TEMP,62.136,°C,GOOD
2025-03-02 08:00:00,PUMP102.BEARING_TEMP,61.631,°C,GOOD
2025-03-02 10:00:00,PUMP102.BEARING_TEMP,62.6,°C,GOOD
2025-03-02 12:00:00,PUMP102.BEARING_TEMP,61.66,°C,GOOD
2025-03-02 14:00:00,PUMP102.BEARING_TEMP,61.55,°C,GOOD
2025-03-02 16:00:00,PUMP102.BEARING_TEMP,62.117,°C,GOOD
2025-03-02 18:00:00,PUMP102.BEARING_TEMP,61.657,°C,GOOD
2025-03-02 20:00:00,PUMP102.BEARING_TEMP,62.004,°C,GOOD
2025-03-02 22:00:00,PUMP102.BEARING_TEMP,62.493,°C,GOOD
2025-03-03 00:00:00,PUMP102.BEARING_TEMP,62.059,°C,GOOD
2025-03-03 02:00:00,PUMP102.BEARING_TEMP,62.06,°C,GOOD
2025-03-03 04:00:00,PUMP102.BEARING_TEMP,62.103,°C,GOOD
2025-03-03 06:00:00,PUMP102.BEARING_TEMP,61.153,°C,GOOD
2025-03-03 08:00:00,PUMP102.BEARING_TEMP,62.196,°C,GOOD
2025-03-03 10:00:00,PUMP102.BEARING_TEMP,62.08,°C,GOOD
2025-03-03 12:00:00,PUMP102.BEARING_TEMP,62.446,°C,GOOD
2025-03-03 14:00:00,PUMP102.BEARING_TEMP,62.303,°C,GOOD
2025-03-03 16:00:00,PUMP102.BEARING_TEMP,61.899,°C,GOOD
2025-03-03 18:00:00,PUMP102.BEARING_TEMP,62.516,°C,GOOD
2025-03-03 20:00:00,PUMP102.BEARING_TEMP,61.854,°C,GOOD
2025-03-03 22:00:00,PUMP102.BEARING_TEMP,62.124,°C,GOOD
2025-03-04 00:00:00,PUMP102.BEARING_TEMP,61.844,°C,GOOD
2025-03-04 02:00:00,PUMP102.BEARING_TEMP,62.231,°C,GOOD
2025-03-04 04:00:00,PUMP102.BEARING_TEMP,61.812,°C,GOOD
2025-03-04 06:00:00,PUMP102.BEARING_TEMP,62.824,°C,GOOD
2025-03-04 08:00:00,PUMP102.BEARING_TEMP,63.009,°C,GOOD
2025-03-04 10:00:00,PUMP102.BEARING_TEMP,62.437,°C,BAD
2025-03-04 12:00:00,PUMP102.BEARING_TEMP,62.771,°C,GOOD
2025-03-04 14:00:00,PUMP102.BEARING_TEMP,61.23,°C,GOOD
2025-03-04 16:00:00,PUMP102.BEARING_TEMP,61.289,°C,GOOD
2025-03-04 18:00:00,PUMP102.BEARING_TEMP,61.839,°C,GOOD
2025-03-04 20:00:00,PUMP102.BEARING_TEMP,62.021,°C,GOOD
2025-03-04 22:00:00,PUMP102.BEARING_TEMP,61.901,°C,GOOD
2025-03-05 00:00:00,PUMP102.BEARING_TEMP,61.179,°C,GOOD
2025-03-05 02:00:00,PUMP102.BEARING_TEMP,62.576,°C,GOOD
2025-03-05 04:00:00,PUMP102.BEARING_TEMP,63.077,°C,GOOD
2025-03-05 06:00:00,PUMP102.BEARING_TEMP,62.64,°C,GOOD
2025-03-05 08:00:00,PUMP102.BEARING_TEMP,62.543,°C,GOOD
2025-03-05 10:00:00,PUMP102.BEARING_TEMP,62.113,°C,GOOD
2025-03-05 12:00:00,PUMP102.BEARING_TEMP,61.579,°C,GOOD
2025-03-05 14:00:00,PUMP102.BEARING_TEMP,62.036,°C,GOOD
2025-03-05 16:00:00,PUMP102.BEARING_TEMP,63.053,°C,GOOD
2025-03-05 18:00:00,PUMP102.BEARING_TEMP,61.824,°C,GOOD
2025-03-05 20:00:00,PUMP102.BEARING_TEMP,61.773,°C,GOOD
2025-03-05 22:00:00,PUMP102.BEARING_TEMP,62.554,°C,GOOD
2025-03-06 00:00:00,PUMP102.BEARING_TEMP,62.587,°C,GOOD
2025-03-06 02:00:00,PUMP102.BEARING_TEMP,61.576,°C,GOOD
2025-03-06 04:00:00,PUMP102.BEARING_TEMP,61.869,°C,GOOD
2025-03-06 06:00:00,PUMP102.BEARING_TEMP,61.749,°C,GOOD
2025-03-06 08:00:00,PUMP102.BEARING_TEMP,62.035,°C,GOOD
2025-03-06 10:00:00,PUMP102.BEARING_TEMP,62.552,°C,GOOD
2025-03-06 12:00:00,PUMP102.BEARING_TEMP,61.598,°C,GOOD
2025-03-06 14:00:00,PUMP102.BEARING_TEMP,62.545,°C,GOOD
2025-03-06 16:00:00,PUMP102.BEARING_TEMP,62.051,°C,GOOD
2025-03-06 18:00:00,PUMP102.BEARING_TEMP,63.163,°C,GOOD
2025-03-06 20:00:00,PUMP102.BEARING_TEMP,62.159,°C,GOOD
2025-03-06 22:00:00,PUMP102.BEARING_TEMP,61.952,°C,GOOD
2025-03-07 00:00:00,PUMP102.BEARING_TEMP,62.287,°C,GOOD
2025-03-07 02:00:00,PUMP102.BEARING_TEMP,61.831,°C,GOOD
2025-03-07 04:00:00,PUMP102.BEARING_TEMP,61.102,°C,GOOD
2025-03-07 06:00:00,PUMP102.BEARING_TEMP,61.88,°C,GOOD
2025-03-07 08:00:00,PUMP102.BEARING_TEMP,61.872,°C,GOOD
2025-03-07 10:00:00,PUMP102.BEARING_TEMP,61.204,°C,GOOD
2025-03-07 12:00:00,PUMP102.BEARING_TEMP,61.963,°C,GOOD
2025-03-07 14:00:00,PUMP102.BEARING_TEMP,60.966,°C,GOOD
2025-03-07 16:00:00,PUMP102.BEARING_TEMP,61.826,°C,GOOD
2025-03-07 18:00:00,PUMP102.BEARING_TEMP,62.122,°C,GOOD
2025-03-07 20:00:00,PUMP102.BEARING_TEMP,62.048,°C,GOOD
2025-03-07 22:00:00,PUMP102.BEARING_TEMP,61.794,°C,GOOD
2025-03-08 00:00:00,PUMP102.BEARING_TEMP,61.957,°C,GOOD
2025-03-08 02:00:00,PUMP102.BEARING_TEMP,61.608,°C,GOOD
2025-03-08 04:00:00,PUMP102.BEARING_TEMP,62.005,°C,GOOD
2025-03-08 06:00:00,PUMP102.BEARING_TEMP,62.029,°C,GOOD
2025-03-08 08:00:00,PUMP102.BEARING_TEMP,61.55,°C,GOOD
2025-03-08 10:00:00,PUMP102.BEARING_TEMP,62.134,°C,GOOD
2025-03-08 12:00:00,PUMP102.BEARING_TEMP,62.131,°C,GOOD
2025-03-08 14:00:00,PUMP102.BEARING_TEMP,61.917,°C,GOOD
2025-03-08 16:00:00,PUMP102.BEARING_TEMP,63.211,°C,GOOD
2025-03-08 18:00:00,PUMP102.BEARING_TEMP,61.93,°C,GOOD
2025-03-08 20:00:00,PUMP102.BEARING_TEMP,61.86,°C,GOOD
2025-03-08 22:00:00,PUMP102.BEARING_TEMP,61.789,°C,GOOD
2025-03-09 00:00:00,PUMP102.BEARING_TEMP,61.515,°C,GOOD
2025-03-09 02:00:00,PUMP102.BEARING_TEMP,62.343,°C,GOOD
2025-03-09 04:00:00,PUMP102.BEARING_TEMP,61.657,°C,GOOD
2025-03-09 06:00:00,PUMP102.BEARING_TEMP,61.716,°C,GOOD
2025-03-09 08:00:00,PUMP102.BEARING_TEMP,61.731,°C,GOOD
2025-03-09 10:00:00,PUMP102.BEARING_TEMP,61.508,°C,GOOD
2025-03-09 12:00:00,PUMP102.BEARING_TEMP,61.124,°C,GOOD
2025-03-09 14:00:00,PUMP102.BEARING_TEMP,61.769,°C,GOOD
2025-03-09 16:00:00,PUMP102.BEARING_TEMP,62.437,°C,GOOD
2025-03-09 18:00:00,PUMP102.BEARING_TEMP,62.098,°C,GOOD
2025-03-09 20:00:00,PUMP102.BEARING_TEMP,62.78,°C,GOOD
2025-03-09 22:00:00,PUMP102.BEARING_TEMP,62.375,°C,GOOD
2025-03-10 00:00:00,PUMP102.BEARING_TEMP,62.262,°C,GOOD
2025-03-10 02:00:00,PUMP102.BEARING_TEMP,62.941,°C,GOOD
2025-03-10 04:00:00,PUMP102.BEARING_TEMP,61.951,°C,GOOD
2025-03-10 06:00:00,PUMP102.BEARING_TEMP,62.032,°C,GOOD
2025-03-10 08:00:00,PUMP102.BEARING_TEMP,61.994,°C,GOOD
2025-03-10 10:00:00,PUMP102.BEARING_TEMP,62.772,°C,GOOD
2025-03-10 12:00:00,PUMP102.BEARING_TEMP,62.001,°C,GOOD
2025-03-10 14:00:00,PUMP102.BEARING_TEMP,61.676,°C,GOOD
2025-03-10 16:00:00,PUMP102.BEARING_TEMP,62.294,°C,GOOD
2025-03-10 18:00:00,PUMP102.BEARING_TEMP,61.592,°C,BAD
2025-03-10 20:00:00,PUMP102.BEARING_TEMP,62.267,°C,GOOD
2025-03-10 22:00:00,PUMP102.BEARING_TEMP,62.207,°C,GOOD
2025-03-11 00:00:00,PUMP102.BEARING_TEMP,61.905,°C,GOOD
2025-03-11 02:00:00,PUMP102.BEARING_TEMP,62.283,°C,GOOD
2025-03-11 04:00:00,PUMP102.BEARING_TEMP,61.256,°C,GOOD
2025-03-11 06:00:00,PUMP102.BEARING_TEMP,62.081,°C,GOOD
2025-03-11 08:00:00,PUMP102.BEARING_TEMP,61.769,°C,GOOD
2025-03-11 10:00:00,PUMP102.BEARING_TEMP,63.431,°C,GOOD
2025-03-11 12:00:00,PUMP102.BEARING_TEMP,62.078,°C,GOOD
2025-03-11 14:00:00,PUMP102.BEARING_TEMP,61.702,°C,GOOD
2025-03-11 16:00:00,PUMP102.BEARING_TEMP,61.311,°C,GOOD
2025-03-11 18:00:00,PUMP102.BEARING_TEMP,62.653,°C,GOOD
2025-03-11 20:00:00,PUMP102.BEARING_TEMP,61.825,°C,GOOD
2025-03-11 22:00:00,PUMP102.BEARING_TEMP,61.604,°C,GOOD
2025-03-12 00:00:00,PUMP102.BEARING_TEMP,62.168,°C,GOOD
2025-03-12 02:00:00,PUMP102.BEARING_TEMP,62.325,°C,GOOD
2025-03-12 04:00:00,PUMP102.BEARING_TEMP,62.317,°C,GOOD
2025-03-12 06:00:00,PUMP102.BEARING_TEMP,62.01,°C,GOOD
2025-03-12 08:00:00,PUMP102.BEARING_TEMP,62.08,°C,GOOD
2025-03-12 10:00:00,PUMP102.BEARING_TEMP,62.116,°C,GOOD
2025-03-12 12:00:00,PUMP102.BEARING_TEMP,62.168,°C,GOOD
2025-03-12 14:00:00,PUMP102.BEARING_TEMP,62.212,°C,GOOD
2025-03-12 16:00:00,PUMP102.BEARING_TEMP,62.547,°C,GOOD
2025-03-12 18:00:00,PUMP102.BEARING_TEMP,62.028,°C,GOOD
2025-03-12 20:00:00,PUMP102.BEARING_TEMP,61.592,°C,GOOD
2025-03-12 22:00:00,PUMP102.BEARING_TEMP,61.928,°C,GOOD
2025-03-13 00:00:00,PUMP102.BEARING_TEMP,62.377,°C,GOOD
2025-03-13 02:00:00,PUMP102.BEARING_TEMP,61.107,°C,BAD
2025-03-13 04:00:00,PUMP102.BEARING_TEMP,61.11,°C,GOOD
2025-03-13 06:00:00,PUMP102.BEARING_TEMP,62.459,°C,BAD
2025-03-13 08:00:00,PUMP102.BEARING_TEMP,62.76,°C,GOOD
2025-03-13 10:00:00,PUMP102.BEARING_TEMP,61.367,°C,GOOD
2025-03-13 12:00:00,PUMP102.BEARING_TEMP,62.05,°C,GOOD
2025-03-13 14:00:00,PUMP102.BEARING_TEMP,61.8,°C,BAD
2025-03-13 16:00:00,PUMP102.BEARING_TEMP,61.87,°C,GOOD
2025-03-13 18:00:00,PUMP102.BEARING_TEMP,62.153,°C,GOOD
2025-03-13 20:00:00,PUMP102.BEARING_TEMP,61.354,°C,GOOD
2025-03-13 22:00:00,PUMP102.BEARING_TEMP,61.446,°C,GOOD
2025-03-14 00:00:00,PUMP102.BEARING_TEMP,61.849,°C,GOOD
2025-03-14 02:00:00,PUMP102.BEARING_TEMP,61.927,°C,GOOD
2025-03-14 04:00:00,PUMP102.BEARING_TEMP,61.437,°C,GOOD
2025-03-14 06:00:00,PUMP102.BEARING_TEMP,62.395,°C,GOOD
2025-03-14 08:00:00,PUMP102.BEARING_TEMP,61.791,°C,GOOD
2025-03-14 10:00:00,PUMP102.BEARING_TEMP,61.789,°C,GOOD
2025-03-14 12:00:00,PUMP102.BEARING_TEMP,62.141,°C,GOOD
2025-03-14 14:00:00,PUMP102.BEARING_TEMP,61.936,°C,GOOD
2025-03-14 16:00:00,PUMP102.BEARING_TEMP,62.419,°C,GOOD
2025-03-14 18:00:00,PUMP102.BEARING_TEMP,61.533,°C,GOOD
2025-03-14 20:00:00,PUMP102.BEARING_TEMP,61.301,°C,GOOD
2025-03-14 22:00:00,PUMP102.BEARING_TEMP,61.845,°C,GOOD
2025-03-15 00:00:00,PUMP102.BEARING_TEMP,62.03,°C,GOOD
2025-03-15 02:00:00,PUMP102.BEARING_TEMP,61.38,°C,GOOD
2025-03-15 04:00:00,PUMP102.BEARING_TEMP,61.306,°C,GOOD
2025-03-15 06:00:00,PUMP102.BEARING_TEMP,62.091,°C,GOOD
2025-03-15 08:00:00,PUMP102.BEARING_TEMP,61.621,°C,GOOD
2025-03-15 10:00:00,PUMP102.BEARING_TEMP,61.274,°C,GOOD
2025-03-15 12:00:00,PUMP102.BEARING_TEMP,62.483,°C,GOOD
2025-03-15 14:00:00,PUMP102.BEARING_TEMP,61.684,°C,GOOD
2025-03-15 16:00:00,PUMP102.BEARING_TEMP,62.575,°C,GOOD
2025-03-15 18:00:00,PUMP102.BEARING_TEMP,62.014,°C,GOOD
2025-03-15 20:00:00,PUMP102.BEARING_TEMP,62.147,°C,GOOD
2025-03-15 22:00:00,PUMP102.BEARING_TEMP,61.894,°C,GOOD
2025-03-16 00:00:00,PUMP102.BEARING_TEMP,60.672,°C,GOOD
2025-03-16 02:00:00,PUMP102.BEARING_TEMP,61.432,°C,GOOD
2025-03-16 04:00:00,PUMP102.BEARING_TEMP,61.937,°C,GOOD
2025-03-16 06:00:00,PUMP102.BEARING_TEMP,62.182,°C,GOOD
2025-03-16 08:00:00,PUMP102.BEARING_TEMP,61.105,°C,GOOD
2025-03-16 10:00:00,PUMP102.BEARING_TEMP,61.973,°C,GOOD
2025-03-16 12:00:00,PUMP102.BEARING_TEMP,61.439,°C,GOOD
2025-03-16 14:00:00,PUMP102.BEARING_TEMP,62.117,°C,GOOD
2025-03-16 16:00:00,PUMP102.BEARING_TEMP,61.99,°C,GOOD
2025-03-16 18:00:00,PUMP102.BEARING_TEMP,62.372,°C,GOOD
2025-03-16 20:00:00,PUMP102.BEARING_TEMP,62.533,°C,GOOD
2025-03-16 22:00:00,PUMP102.BEARING_TEMP,62.229,°C,GOOD
2025-03-17 00:00:00,PUMP102.BEARING_TEMP,62.43,°C,GOOD
2025-03-17 02:00:00,PUMP102.BEARING_TEMP,61.825,°C,GOOD
2025-03-17 04:00:00,PUMP102.BEARING_TEMP,63.412,°C,GOOD
2025-03-17 06:00:00,PUMP102.BEARING_TEMP,61.391,°C,GOOD
2025-03-17 08:00:00,PUMP102.BEARING_TEMP,61.736,°C,GOOD
2025-03-17 10:00:00,PUMP102.BEARING_TEMP,62.451,°C,GOOD
2025-03-17 12:00:00,PUMP102.BEARING_TEMP,62.376,°C,GOOD
2025-03-17 14:00:00,PUMP102.BEARING_TEMP,62.244,°C,GOOD
2025-03-17 16:00:00,PUMP102.BEARING_TEMP,62.338,°C,GOOD
2025-03-17 18:00:00,PUMP102.BEARING_TEMP,60.958,°C,GOOD
2025-03-17 20:00:00,PUMP102.BEARING_TEMP,62.795,°C,GOOD
2025-03-17 22:00:00,PUMP102.BEARING_TEMP,61.898,°C,GOOD
2025-03-18 00:00:00,PUMP102.BEARING_TEMP,62.623,°C,GOOD
2025-03-18 02:00:00,PUMP102.BEARING_TEMP,60.983,°C,BAD
2025-03-18 04:00:00,PUMP102.BEARING_TEMP,62.128,°C,GOOD
2025-03-18 06:00:00,PUMP102.BEARING_TEMP,61.718,°C,GOOD
2025-03-18 08:00:00,PUMP102.BEARING_TEMP,62.286,°C,GOOD
2025-03-18 10:00:00,PUMP102.BEARING_TEMP,62.159,°C,GOOD
2025-03-18 12:00:00,PUMP102.BEARING_TEMP,62.183,°C,GOOD
2025-03-18 14:00:00,PUMP102.BEARING_TEMP,61.471,°C,GOOD
2025-03-18 16:00:00,PUMP102.BEARING_TEMP,61.972,°C,GOOD
2025-03-18 18:00:00,PUMP102.BEARING_TEMP,61.91,°C,GOOD
2025-03-18 20:00:00,PUMP102.BEARING_TEMP,62.248,°C,GOOD
2025-03-18 22:00:00,PUMP102.BEARING_TEMP,62.495,°C,GOOD
2025-03-19 00:00:00,PUMP102.BEARING_TEMP,62.075,°C,GOOD
2025-03-19 02:00:00,PUMP102.BEARING_TEMP,61.362,°C,GOOD
2025-03-19 04:00:00,PUMP102.BEARING_TEMP,62.054,°C,BAD
2025-03-19 06:00:00,PUMP102.BEARING_TEMP,63.306,°C,GOOD
2025-03-19 08:00:00,PUMP102.BEARING_TEMP,62.823,°C,GOOD
2025-03-19 10:00:00,PUMP102.BEARING_TEMP,60.513,°C,GOOD
2025-03-19 12:00:00,PUMP102.BEARING_TEMP,62.032,°C,GOOD
2025-03-19 14:00:00,PUMP102.BEARING_TEMP,62.466,°C,GOOD
2025-03-19 16:00:00,PUMP102.BEARING_TEMP,61.909,°C,GOOD
2025-03-19 18:00:00,PUMP102.BEARING_TEMP,61.77,°C,GOOD
2025-03-19 20:00:00,PUMP102.BEARING_TEMP,61.867,°C,GOOD
2025-03-19 22:00:00,PUMP102.BEARING_TEMP,62.276,°C,GOOD
2025-03-20 00:00:00,PUMP102.BEARING_TEMP,61.426,°C,GOOD
2025-03-20 02:00:00,PUMP102.BEARING_TEMP,62.594,°C,GOOD
2025-03-20 04:00:00,PUMP102.BEARING_TEMP,61.972,°C,GOOD
2025-03-20 06:00:00,PUMP102.BEARING_TEMP,61.532,°C,GOOD
2025-03-20 08:00:00,PUMP102.BEARING_TEMP,62.562,°C,GOOD
2025-03-20 10:00:00,PUMP102.BEARING_TEMP,61.227,°C,GOOD
2025-03-20 12:00:00,PUMP102.BEARING_TEMP,61.722,°C,GOOD
2025-03-20 14:00:00,PUMP102.BEARING_TEMP,61.714,°C,GOOD
2025-03-20 16:00:00,PUMP102.BEARING_TEMP,63.072,°C,GOOD
2025-03-20 18:00:00,PUMP102.BEARING_TEMP,61.657,°C,GOOD
2025-03-20 20:00:00,PUMP102.BEARING_TEMP,60.923,°C,GOOD
2025-03-20 22:00:00,PUMP102.BEARING_TEMP,61.709,°C,GOOD
2025-03-21 00:00:00,PUMP102.BEARING_TEMP,62.228,°C,GOOD
2025-03-21 02:00:00,PUMP102.BEARING_TEMP,62.392,°C,GOOD
2025-03-21 04:00:00,PUMP102.BEARING_TEMP,63.138,°C,GOOD
2025-03-21 06:00:00,PUMP102.BEARING_TEMP,62.703,°C,GOOD
2025-03-21 08:00:00,PUMP102.BEARING_TEMP,62.094,°C,GOOD
2025-03-21 10:00:00,PUMP102.BEARING_TEMP,61.554,°C,GOOD
2025-03-21 12:00:00,PUMP102.BEARING_TEMP,62.812,°C,GOOD
2025-03-21 14:00:00,PUMP102.BEARING_TEMP,61.816,°C,GOOD
2025-03-21 16:00:00,PUMP102.BEARING_TEMP,61.671,°C,GOOD
2025-03-21 18:00:00,PUMP102.BEARING_TEMP,61.791,°C,GOOD
2025-03-21 20:00:00,PUMP102.BEARING_TEMP,61.374,°C,GOOD
2025-03-21 22:00:00,PUMP102.BEARING_TEMP,61.767,°C,GOOD
2025-03-22 00:00:00,PUMP102.BEARING_TEMP,61.883,°C,GOOD
2025-03-22 02:00:00,PUMP102.BEARING_TEMP,62.365,°C,GOOD
2025-03-22 04:00:00,PUMP102.BEARING_TEMP,61.806,°C,GOOD
2025-03-22 06:00:00,PUMP102.BEARING_TEMP,61.366,°C,GOOD
2025-03-22 08:00:00,PUMP102.BEARING_TEMP,61.198,°C,GOOD
2025-03-22 10:00:00,PUMP102.BEARING_TEMP,62.105,°C,GOOD
2025-03-22 12:00:00,PUMP102.BEARING_TEMP,62.036,°C,GOOD
2025-03-22 14:00:00,PUMP102.BEARING_TEMP,61.723,°C,GOOD
2025-03-22 16:00:00,PUMP102.BEARING_TEMP,61.766,°C,GOOD
2025-03-22 18:00:00,PUMP102.BEARING_TEMP,62.194,°C,GOOD
2025-03-22 20:00:00,PUMP102.BEARING_TEMP,62.695,°C,GOOD
2025-03-22 22:00:00,PUMP102.BEARING_TEMP,61.61,°C,GOOD
2025-03-23 00:00:00,PUMP102.BEARING_TEMP,62.044,°C,GOOD
2025-03-23 02:00:00,PUMP102.BEARING_TEMP,62.479,°C,GOOD
2025-03-23 04:00:00,PUMP102.BEARING_TEMP,61.612,°C,GOOD
2025-03-23 06:00:00,PUMP102.BEARING_TEMP,61.992,°C,GOOD
2025-03-23 08:00:00,PUMP102.BEARING_TEMP,61.981,°C,GOOD
2025-03-23 10:00:00,PUMP102.BEARING_TEMP,61.344,°C,GOOD
2025-03-23 12:00:00,PUMP102.BEARING_TEMP,62.084,°C,GOOD
2025-03-23 14:00:00,PUMP102.BEARING_TEMP,62.016,°C,GOOD
2025-03-23 16:00:00,PUMP102.BEARING_TEMP,62.278,°C,GOOD
2025-03-23 18:00:00,PUMP102.BEARING_TEMP,61.407,°C,GOOD
2025-03-23 20:00:00,PUMP102.BEARING_TEMP,62.005,°C,GOOD
2025-03-23 22:00:00,PUMP102.BEARING_TEMP,62.691,°C,GOOD
2025-03-24 00:00:00,PUMP102.BEARING_TEMP,63.039,°C,GOOD
2025-03-24 02:00:00,PUMP102.BEARING_TEMP,62.64,°C,GOOD
2025-03-24 04:00:00,PUMP102.BEARING_TEMP,61.411,°C,GOOD
2025-03-24 06:00:00,PUMP102.BEARING_TEMP,62.226,°C,GOOD
2025-03-24 08:00:00,PUMP102.BEARING_TEMP,61.758,°C,GOOD
2025-03-24 10:00:00,PUMP102.BEARING_TEMP,62.142,°C,GOOD
2025-03-24 12:00:00,PUMP102.BEARING_TEMP,61.614,°C,GOOD
2025-03-24 14:00:00,PUMP102.BEARING_TEMP,61.143,°C,GOOD
2025-03-24 16:00:00,PUMP102.BEARING_TEMP,61.828,°C,BAD
2025-03-24 18:00:00,PUMP102.BEARING_TEMP,62.361,°C,GOOD
2025-03-24 20:00:00,PUMP102.BEARING_TEMP,62.144,°C,GOOD
2025-03-24 22:00:00,PUMP102.BEARING_TEMP,62.201,°C,GOOD
2025-03-25 00:00:00,PUMP102.BEARING_TEMP,62.108,°C,GOOD
2025-03-25 02:00:00,PUMP102.BEARING_TEMP,62.202,°C,GOOD
2025-03-25 04:00:00,PUMP102.BEARING_TEMP,62.265,°C,GOOD
2025-03-25 06:00:00,PUMP102.BEARING_TEMP,61.863,°C,GOOD
2025-03-25 08:00:00,PUMP102.BEARING_TEMP,62.041,°C,GOOD
2025-03-25 10:00:00,PUMP102.BEARING_TEMP,62.872,°C,GOOD
2025-03-25 12:00:00,PUMP102.BEARING_TEMP,62.071,°C,GOOD
2025-03-25 14:00:00,PUMP102.BEARING_TEMP,62.021,°C,GOOD
2025-03-25 16:00:00,PUMP102.BEARING_TEMP,62.051,°C,GOOD
2025-03-25 18:00:00,PUMP102.BEARING_TEMP,61.891,°C,GOOD
2025-03-25 20:00:00,PUMP102.BEARING_TEMP,61.782,°C,GOOD
2025-03-25 22:00:00,PUMP102.BEARING_TEMP,62.104,°C,GOOD
2025-03-26 00:00:00,PUMP102.BEARING_TEMP,61.747,°C,GOOD
2025-03-26 02:00:00,PUMP102.BEARING_TEMP,61.927,°C,GOOD
2025-03-26 04:00:00,PUMP102.BEARING_TEMP,61.605,°C,GOOD
2025-03-26 06:00:00,PUMP102.BEARING_TEMP,62.054,°C,GOOD
2025-03-26 08:00:00,PUMP102.BEARING_TEMP,62.292,°C,GOOD
2025-03-26 10:00:00,PUMP102.BEARING_TEMP,61.894,°C,GOOD
2025-03-26 12:00:00,PUMP102.BEARING_TEMP,60.996,°C,GOOD
2025-03-26 14:00:00,PUMP102.BEARING_TEMP,62.295,°C,GOOD
2025-03-26 16:00:00,PUMP102.BEARING_TEMP,62.06,°C,GOOD
2025-03-26 18:00:00,PUMP102.BEARING_TEMP,61.503,°C,GOOD
2025-03-26 20:00:00,PUMP102.BEARING_TEMP,62.387,°C,GOOD
2025-03-26 22:00:00,PUMP102.BEARING_TEMP,61.301,°C,GOOD
2025-03-27 00:00:00,PUMP102.BEARING_TEMP,62.523,°C,GOOD
2025-03-27 02:00:00,PUMP102.BEARING_TEMP,61.971,°C,GOOD
2025-03-27 04:00:00,PUMP102.BEARING_TEMP,60.866,°C,GOOD
2025-03-27 06:00:00,PUMP102.BEARING_TEMP,62.089,°C,GOOD
2025-03-27 08:00:00,PUMP102.BEARING_TEMP,61.797,°C,GOOD
2025-03-27 10:00:00,PUMP102.BEARING_TEMP,61.722,°C,GOOD
2025-03-27 12:00:00,PUMP102.BEARING_TEMP,61.631,°C,GOOD
2025-03-27 14:00:00,PUMP102.BEARING_TEMP,61.936,°C,GOOD
2025-03-27 16:00:00,PUMP102.BEARING_TEMP,61.757,°C,GOOD
2025-03-27 18:00:00,PUMP102.BEARING_TEMP,61.072,°C,GOOD
2025-03-27 20:00:00,PUMP102.BEARING_TEMP,62.636,°C,GOOD
2025-03-27 22:00:00,PUMP102.BEARING_TEMP,61.878,°C,GOOD
2025-03-28 00:00:00,PUMP102.BEARING_TEMP,61.634,°C,GOOD
2025-03-28 02:00:00,PUMP102.BEARING_TEMP,61.436,°C,GOOD
2025-03-28 04:00:00,PUMP102.BEARING_TEMP,62.385,°C,GOOD
2025-03-28 06:00:00,PUMP102.BEARING_TEMP,61.351,°C,GOOD
2025-03-28 08:00:00,PUMP102.BEARING_TEMP,62.067,°C,GOOD
2025-03-28 10:00:00,PUMP102.BEARING_TEMP,61.708,°C,GOOD
2025-03-28 12:00:00,PUMP102.BEARING_TEMP,61.737,°C,GOOD
2025-03-28 14:00:00,PUMP102.BEARING_TEMP,61.448,°C,GOOD
2025-03-28 16:00:00,PUMP102.BEARING_TEMP,61.69,°C,GOOD
2025-03-28 18:00:00,PUMP102.BEARING_TEMP,62.004,°C,GOOD
2025-03-28 20:00:00,PUMP102.BEARING_TEMP,62.118,°C,GOOD
2025-03-28 22:00:00,PUMP102.BEARING_TEMP,61.607,°C,GOOD
2025-03-29 00:00:00,PUMP102.BEARING_TEMP,61.955,°C,GOOD
2025-03-29 02:00:00,PUMP102.BEARING_TEMP,62.444,°C,GOOD
2025-03-29 04:00:00,PUMP102.BEARING_TEMP,61.169,°C,GOOD
2025-03-29 06:00:00,PUMP102.BEARING_TEMP,61.997,°C,GOOD
2025-03-29 08:00:00,PUMP102.BEARING_TEMP,61.525,°C,GOOD
2025-03-29 10:00:00,PUMP102.BEARING_TEMP,61.474,°C,GOOD
2025-03-29 12:00:00,PUMP102.BEARING_TEMP,62.131,°C,GOOD
2025-03-29 14:00:00,PUMP102.BEARING_TEMP,61.727,°C,GOOD
2025-03-29 16:00:00,PUMP102.BEARING_TEMP,61.392,°C,GOOD
2025-03-29 18:00:00,PUMP102.BEARING_TEMP,62.662,°C,GOOD
2025-03-29 20:00:00,PUMP102.BEARING_TEMP,62.46,°C,GOOD
2025-03-29 22:00:00,PUMP102.BEARING_TEMP,61.034,°C,GOOD
2025-03-30 00:00:00,PUMP102.BEARING_TEMP,61.263,°C,GOOD
2025-03-30 02:00:00,PUMP102.BEARING_TEMP,62.297,°C,GOOD
2025-03-30 04:00:00,PUMP102.BEARING_TEMP,61.858,°C,GOOD
2025-03-30 06:00:00,PUMP102.BEARING_TEMP,62.75,°C,GOOD
2025-03-30 08:00:00,PUMP102.BEARING_TEMP,62.308,°C,GOOD
2025-03-30 10:00:00,PUMP102.BEARING_TEMP,62.15,°C,GOOD
2025-03-30 12:00:00,PUMP102.BEARING_TEMP,61.489,°C,GOOD
2025-03-30 14:00:00,PUMP102.BEARING_TEMP,62.246,°C,GOOD
2025-03-30 16:00:00,PUMP102.BEARING_TEMP,61.362,°C,GOOD
2025-03-30 18:00:00,PUMP102.BEARING_TEMP,62.653,°C,GOOD
2025-03-30 20:00:00,PUMP102.BEARING_TEMP,62.211,°C,GOOD
2025-03-30 22:00:00,PUMP102.BEARING_TEMP,61.588,°C,GOOD
2025-03-31 00:00:00,PUMP102.BEARING_TEMP,62.402,°C,GOOD
2025-03-31 02:00:00,PUMP102.BEARING_TEMP,63.121,°C,GOOD
2025-03-31 04:00:00,PUMP102.BEARING_TEMP,61.891,°C,GOOD
2025-03-31 06:00:00,PUMP102.BEARING_TEMP,62.275,°C,GOOD
2025-03-31 08:00:00,PUMP102.BEARING_TEMP,61.784,°C,GOOD
2025-03-31 10:00:00,PUMP102.BEARING_TEMP,62.043,°C,GOOD
2025-03-31 12:00:00,PUMP102.BEARING_TEMP,61.246,°C,GOOD
2025-03-31 14:00:00,PUMP102.BEARING_TEMP,62.0,°C,GOOD
2025-03-31 16:00:00,PUMP102.BEARING_TEMP,62.022,°C,GOOD
2025-03-31 18:00:00,PUMP102.BEARING_TEMP,62.899,°C,GOOD
2025-03-31 20:00:00,PUMP102.BEARING_TEMP,61.102,°C,GOOD
2025-03-31 22:00:00,PUMP102.BEARING_TEMP,61.86,°C,GOOD
2025-04-01 00:00:00,PUMP102.BEARING_TEMP,62.644,°C,GOOD
2025-04-01 02:00:00,PUMP102.BEARING_TEMP,61.879,°C,BAD
2025-04-01 04:00:00,PUMP102.BEARING_TEMP,61.914,°C,GOOD
2025-04-01 06:00:00,PUMP102.BEARING_TEMP,61.583,°C,GOOD
2025-04-01 08:00:00,PUMP102.BEARING_TEMP,61.534,°C,GOOD
2025-04-01 10:00:00,PUMP102.BEARING_TEMP,61.087,°C,GOOD
2025-04-01 12:00:00,PUMP102.BEARING_TEMP,61.685,°C,GOOD
2025-04-01 14:00:00,PUMP102.BEARING_TEMP,61.505,°C,GOOD
2025-04-01 16:00:00,PUMP102.BEARING_TEMP,62.059,°C,GOOD
2025-04-01 18:00:00,PUMP102.BEARING_TEMP,61.606,°C,GOOD
2025-04-01 20:00:00,PUMP102.BEARING_TEMP,61.76,°C,GOOD
2025-04-01 22:00:00,PUMP102.BEARING_TEMP,61.774,°C,GOOD
2025-04-02 00:00:00,PUMP102.BEARING_TEMP,61.976,°C,GOOD
2025-04-02 02:00:00,PUMP102.BEARING_TEMP,61.736,°C,GOOD
2025-04-02 04:00:00,PUMP102.BEARING_TEMP,61.469,°C,GOOD
2025-04-02 06:00:00,PUMP102.BEARING_TEMP,62.043,°C,GOOD
2025-04-02 08:00:00,PUMP102.BEARING_TEMP,62.534,°C,GOOD
2025-04-02 10:00:00,PUMP102.BEARING_TEMP,62.064,°C,GOOD
2025-04-02 12:00:00,PUMP102.BEARING_TEMP,61.695,°C,GOOD
2025-04-02 14:00:00,PUMP102.BEARING_TEMP,61.938,°C,GOOD
2025-04-02 16:00:00,PUMP102.BEARING_TEMP,60.975,°C,GOOD
2025-04-02 18:00:00,PUMP102.BEARING_TEMP,61.93,°C,GOOD
2025-04-02 20:00:00,PUMP102.BEARING_TEMP,61.8,°C,GOOD
2025-04-02 22:00:00,PUMP102.BEARING_TEMP,61.533,°C,GOOD
2025-04-03 00:00:00,PUMP102.BEARING_TEMP,61.624,°C,GOOD
2025-04-03 02:00:00,PUMP102.BEARING_TEMP,61.795,°C,GOOD
2025-04-03 04:00:00,PUMP102.BEARING_TEMP,62.496,°C,GOOD
2025-04-03 06:00:00,PUMP102.BEARING_TEMP,62.546,°C,GOOD
2025-04-03 08:00:00,PUMP102.BEARING_TEMP,61.536,°C,GOOD
2025-04-03 10:00:00,PUMP102.BEARING_TEMP,61.741,°C,GOOD
2025-04-03 12:00:00,PUMP102.BEARING_TEMP,61.754,°C,GOOD
2025-04-03 14:00:00,PUMP102.BEARING_TEMP,62.405,°C,GOOD
2025-04-03 16:00:00,PUMP102.BEARING_TEMP,62.073,°C,GOOD
2025-04-03 18:00:00,PUMP102.BEARING_TEMP,62.046,°C,GOOD
2025-04-03 20:00:00,PUMP102.BEARING_TEMP,62.268,°C,GOOD
2025-04-03 22:00:00,PUMP102.BEARING_TEMP,61.702,°C,GOOD
2025-04-04 00:00:00,PUMP102.BEARING_TEMP,62.682,°C,GOOD
2025-04-04 02:00:00,PUMP102.BEARING_TEMP,61.999,°C,GOOD
2025-04-04 04:00:00,PUMP102.BEARING_TEMP,61.572,°C,GOOD
2025-04-04 06:00:00,PUMP102.BEARING_TEMP,61.885,°C,GOOD
2025-04-04 08:00:00,PUMP102.BEARING_TEMP,62.616,°C,GOOD
2025-04-04 10:00:00,PUMP102.BEARING_TEMP,61.787,°C,GOOD
2025-04-04 12:00:00,PUMP102.BEARING_TEMP,62.475,°C,GOOD
2025-04-04 14:00:00,PUMP102.BEARING_TEMP,61.687,°C,GOOD
2025-04-04 16:00:00,PUMP102.BEARING_TEMP,61.617,°C,GOOD
2025-04-04 18:00:00,PUMP102.BEARING_TEMP,62.33,°C,GOOD
2025-04-04 20:00:00,PUMP102.BEARING_TEMP,61.563,°C,GOOD
2025-04-04 22:00:00,PUMP102.BEARING_TEMP,62.411,°C,GOOD
2025-04-05 00:00:00,PUMP102.BEARING_TEMP,62.176,°C,GOOD
2025-04-05 02:00:00,PUMP102.BEARING_TEMP,61.563,°C,GOOD
2025-04-05 04:00:00,PUMP102.BEARING_TEMP,61.964,°C,GOOD
2025-04-05 06:00:00,PUMP102.BEARING_TEMP,61.726,°C,GOOD
2025-04-05 08:00:00,PUMP102.BEARING_TEMP,62.174,°C,GOOD
2025-04-05 10:00:00,PUMP102.BEARING_TEMP,62.944,°C,GOOD
2025-04-05 12:00:00,PUMP102.BEARING_TEMP,61.815,°C,GOOD
2025-04-05 14:00:00,PUMP102.BEARING_TEMP,62.267,°C,GOOD
2025-04-05 16:00:00,PUMP102.BEARING_TEMP,62.012,°C,GOOD
2025-04-05 18:00:00,PUMP102.BEARING_TEMP,62.012,°C,GOOD
2025-04-05 20:00:00,PUMP102.BEARING_TEMP,61.917,°C,GOOD
2025-04-05 22:00:00,PUMP102.BEARING_TEMP,61.571,°C,GOOD
2025-04-06 00:00:00,PUMP102.BEARING_TEMP,62.168,°C,GOOD
2025-04-06 02:00:00,PUMP102.BEARING_TEMP,61.856,°C,GOOD
2025-04-06 04:00:00,PUMP102.BEARING_TEMP,61.548,°C,GOOD
2025-04-06 06:00:00,PUMP102.BEARING_TEMP,62.507,°C,GOOD
2025-04-06 08:00:00,PUMP102.BEARING_TEMP,62.05,°C,GOOD
2025-04-06 10:00:00,PUMP102.BEARING_TEMP,61.886,°C,GOOD
2025-04-06 12:00:00,PUMP102.BEARING_TEMP,62.67,°C,GOOD
2025-04-06 14:00:00,PUMP102.BEARING_TEMP,61.082,°C,GOOD
2025-04-06 16:00:00,PUMP102.BEARING_TEMP,62.636,°C,GOOD
2025-04-06 18:00:00,PUMP102.BEARING_TEMP,61.56,°C,GOOD
2025-04-06 20:00:00,PUMP102.BEARING_TEMP,62.106,°C,GOOD
2025-04-06 22:00:00,PUMP102.BEARING_TEMP,61.706,°C,GOOD
2025-04-07 00:00:00,PUMP102.BEARING_TEMP,61.538,°C,GOOD
2025-04-07 02:00:00,PUMP102.BEARING_TEMP,62.657,°C,GOOD
2025-04-07 04:00:00,PUMP102.BEARING_TEMP,62.928,°C,GOOD
2025-04-07 06:00:00,PUMP102.BEARING_TEMP,61.889,°C,GOOD
2025-04-07 08:00:00,PUMP102.BEARING_TEMP,62.168,°C,GOOD
2025-04-07 10:00:00,PUMP102.BEARING_TEMP,62.028,°C,GOOD
2025-04-07 12:00:00,PUMP102.BEARING_TEMP,62.865,°C,GOOD
2025-04-07 14:00:00,PUMP102.BEARING_TEMP,60.943,°C,GOOD
2025-04-07 16:00:00,PUMP102.BEARING_TEMP,62.189,°C,GOOD
2025-04-07 18:00:00,PUMP102.BEARING_TEMP,61.636,°C,GOOD
2025-04-07 20:00:00,PUMP102.BEARING_TEMP,60.822,°C,GOOD
2025-04-07 22:00:00,PUMP102.BEARING_TEMP,61.82,°C,GOOD
2025-04-08 00:00:00,PUMP102.BEARING_TEMP,62.924,°C,GOOD
2025-04-08 02:00:00,PUMP102.BEARING_TEMP,61.672,°C,GOOD
2025-04-08 04:00:00,PUMP102.BEARING_TEMP,62.395,°C,GOOD
2025-04-08 06:00:00,PUMP102.BEARING_TEMP,62.599,°C,GOOD
2025-04-08 08:00:00,PUMP102.BEARING_TEMP,61.994,°C,GOOD
2025-04-08 10:00:00,PUMP102.BEARING_TEMP,62.06,°C,GOOD
2025-04-08 12:00:00,PUMP102.BEARING_TEMP,61.142,°C,GOOD
2025-04-08 14:00:00,PUMP102.BEARING_TEMP,61.642,°C,GOOD
2025-04-08 16:00:00,PUMP102.BEARING_TEMP,62.454,°C,GOOD
2025-04-08 18:00:00,PUMP102.BEARING_TEMP,62.03,°C,GOOD
2025-04-08 20:00:00,PUMP102.BEARING_TEMP,62.184,°C,GOOD
2025-04-08 22:00:00,PUMP102.BEARING_TEMP,62.067,°C,GOOD
2025-04-09 00:00:00,PUMP102.BEARING_TEMP,63.096,°C,GOOD
2025-04-09 02:00:00,PUMP102.BEARING_TEMP,61.785,°C,GOOD
2025-04-09 04:00:00,PUMP102.BEARING_TEMP,62.803,°C,GOOD
2025-04-09 06:00:00,PUMP102.BEARING_TEMP,62.067,°C,GOOD
2025-04-09 08:00:00,PUMP102.BEARING_TEMP,62.847,°C,GOOD
2025-04-09 10:00:00,PUMP102.BEARING_TEMP,61.388,°C,GOOD
2025-04-09 12:00:00,PUMP102.BEARING_TEMP,62.092,°C,GOOD
2025-04-09 14:00:00,PUMP102.BEARING_TEMP,61.803,°C,GOOD
2025-04-09 16:00:00,PUMP102.BEARING_TEMP,62.07,°C,GOOD
2025-04-09 18:00:00,PUMP102.BEARING_TEMP,62.611,°C,GOOD
2025-04-09 20:00:00,PUMP102.BEARING_TEMP,62.189,°C,GOOD
2025-04-09 22:00:00,PUMP102.BEARING_TEMP,62.61,°C,GOOD
2025-04-10 00:00:00,PUMP102.BEARING_TEMP,61.665,°C,GOOD
2025-04-10 02:00:00,PUMP102.BEARING_TEMP,61.589,°C,GOOD
2025-04-10 04:00:00,PUMP102.BEARING_TEMP,62.008,°C,GOOD
2025-04-10 06:00:00,PUMP102.BEARING_TEMP,61.981,°C,GOOD
2025-04-10 08:00:00,PUMP102.BEARING_TEMP,61.907,°C,GOOD
2025-04-10 10:00:00,PUMP102.BEARING_TEMP,61.521,°C,GOOD
2025-04-10 12:00:00,PUMP102.BEARING_TEMP,62.599,°C,GOOD
2025-04-10 14:00:00,PUMP102.BEARING_TEMP,61.819,°C,GOOD
2025-04-10 16:00:00,PUMP102.BEARING_TEMP,62.713,°C,GOOD
2025-04-10 18:00:00,PUMP102.BEARING_TEMP,62.006,°C,GOOD
2025-04-10 20:00:00,PUMP102.BEARING_TEMP,62.324,°C,GOOD
2025-04-10 22:00:00,PUMP102.BEARING_TEMP,62.279,°C,GOOD
2025-04-11 00:00:00,PUMP102.BEARING_TEMP,61.588,°C,GOOD
2025-04-11 02:00:00,PUMP102.BEARING_TEMP,62.184,°C,GOOD
2025-04-11 04:00:00,PUMP102.BEARING_TEMP,62.964,°C,GOOD
2025-04-11 06:00:00,PUMP102.BEARING_TEMP,62.126,°C,GOOD
2025-04-11 08:00:00,PUMP102.BEARING_TEMP,62.451,°C,GOOD
2025-04-11 10:00:00,PUMP102.BEARING_TEMP,62.347,°C,GOOD
2025-04-11 12:00:00,PUMP102.BEARING_TEMP,62.154,°C,GOOD
2025-04-11 14:00:00,PUMP102.BEARING_TEMP,62.093,°C,GOOD
2025-04-11 16:00:00,PUMP102.BEARING_TEMP,62.274,°C,GOOD
2025-04-11 18:00:00,PUMP102.BEARING_TEMP,62.382,°C,GOOD
2025-04-11 20:00:00,PUMP102.BEARING_TEMP,61.324,°C,GOOD
2025-04-11 22:00:00,PUMP102.BEARING_TEMP,62.124,°C,GOOD
2025-04-12 00:00:00,PUMP102.BEARING_TEMP,61.908,°C,GOOD
2025-04-12 02:00:00,PUMP102.BEARING_TEMP,61.804,°C,GOOD
2025-04-12 04:00:00,PUMP102.BEARING_TEMP,62.648,°C,GOOD
2025-04-12 06:00:00,PUMP102.BEARING_TEMP,61.633,°C,GOOD
2025-04-12 08:00:00,PUMP102.BEARING_TEMP,61.303,°C,GOOD
2025-04-12 10:00:00,PUMP102.BEARING_TEMP,62.398,°C,GOOD
2025-04-12 12:00:00,PUMP102.BEARING_TEMP,61.29,°C,GOOD
2025-04-12 14:00:00,PUMP102.BEARING_TEMP,61.036,°C,GOOD
2025-04-12 16:00:00,PUMP102.BEARING_TEMP,62.454,°C,GOOD
2025-04-12 18:00:00,PUMP102.BEARING_TEMP,62.079,°C,GOOD
2025-04-12 20:00:00,PUMP102.BEARING_TEMP,62.236,°C,GOOD
2025-04-12 22:00:00,PUMP102.BEARING_TEMP,61.779,°C,GOOD
2025-04-13 00:00:00,PUMP102.BEARING_TEMP,61.308,°C,GOOD
2025-04-13 02:00:00,PUMP102.BEARING_TEMP,61.407,°C,GOOD
2025-04-13 04:00:00,PUMP102.BEARING_TEMP,61.864,°C,GOOD
2025-04-13 06:00:00,PUMP102.BEARING_TEMP,61.364,°C,GOOD
2025-04-13 08:00:00,PUMP102.BEARING_TEMP,62.154,°C,GOOD
2025-04-13 10:00:00,PUMP102.BEARING_TEMP,61.769,°C,GOOD
2025-04-13 12:00:00,PUMP102.BEARING_TEMP,62.093,°C,GOOD
2025-04-13 14:00:00,PUMP102.BEARING_TEMP,62.078,°C,GOOD
2025-04-13 16:00:00,PUMP102.BEARING_TEMP,62.193,°C,GOOD
2025-04-13 18:00:00,PUMP102.BEARING_TEMP,62.25,°C,GOOD
2025-04-13 20:00:00,PUMP102.BEARING_TEMP,61.828,°C,GOOD
2025-04-13 22:00:00,PUMP102.BEARING_TEMP,62.092,°C,GOOD
2025-04-14 00:00:00,PUMP102.BEARING_TEMP,62.118,°C,GOOD
2025-04-14 02:00:00,PUMP102.BEARING_TEMP,60.786,°C,GOOD
2025-04-14 04:00:00,PUMP102.BEARING_TEMP,62.323,°C,GOOD
2025-04-14 06:00:00,PUMP102.BEARING_TEMP,62.075,°C,GOOD
2025-04-14 08:00:00,PUMP102.BEARING_TEMP,62.282,°C,GOOD
2025-04-14 10:00:00,PUMP102.BEARING_TEMP,61.357,°C,GOOD
2025-04-14 12:00:00,PUMP102.BEARING_TEMP,61.842,°C,GOOD
2025-04-14 14:00:00,PUMP102.BEARING_TEMP,61.454,°C,GOOD
2025-04-14 16:00:00,PUMP102.BEARING_TEMP,62.372,°C,GOOD
2025-04-14 18:00:00,PUMP102.BEARING_TEMP,61.297,°C,GOOD
2025-04-14 20:00:00,PUMP102.BEARING_TEMP,61.536,°C,GOOD
2025-04-14 22:00:00,PUMP102.BEARING_TEMP,62.267,°C,GOOD
2025-04-15 00:00:00,PUMP102.BEARING_TEMP,61.685,°C,GOOD
2025-04-15 02:00:00,PUMP102.BEARING_TEMP,61.536,°C,GOOD
2025-04-15 04:00:00,PUMP102.BEARING_TEMP,62.453,°C,GOOD
2025-04-15 06:00:00,PUMP102.BEARING_TEMP,62.474,°C,GOOD
2025-04-15 08:00:00,PUMP102.BEARING_TEMP,62.361,°C,GOOD
2025-04-15 10:00:00,PUMP102.BEARING_TEMP,62.424,°C,GOOD
2025-04-15 12:00:00,PUMP102.BEARING_TEMP,61.884,°C,GOOD
2025-04-15 14:00:00,PUMP102.BEARING_TEMP,61.898,°C,GOOD
2025-04-15 16:00:00,PUMP102.BEARING_TEMP,61.676,°C,GOOD
2025-04-15 18:00:00,PUMP102.BEARING_TEMP,62.084,°C,GOOD
2025-04-15 20:00:00,PUMP102.BEARING_TEMP,61.736,°C,GOOD
2025-04-15 22:00:00,PUMP102.BEARING_TEMP,61.783,°C,GOOD
2025-04-16 00:00:00,PUMP102.BEARING_TEMP,62.3,°C,GOOD
2025-04-16 02:00:00,PUMP102.BEARING_TEMP,62.592,°C,GOOD
2025-04-16 04:00:00,PUMP102.BEARING_TEMP,62.199,°C,GOOD
2025-04-16 06:00:00,PUMP102.BEARING_TEMP,62.897,°C,GOOD
2025-04-16 08:00:00,PUMP102.BEARING_TEMP,61.647,°C,BAD
2025-04-16 10:00:00,PUMP102.BEARING_TEMP,61.081,°C,GOOD
2025-04-16 12:00:00,PUMP102.BEARING_TEMP,62.357,°C,GOOD
2025-04-16 14:00:00,PUMP102.BEARING_TEMP,61.614,°C,GOOD
2025-04-16 16:00:00,PUMP102.BEARING_TEMP,61.863,°C,GOOD
2025-04-16 18:00:00,PUMP102.BEARING_TEMP,61.115,°C,GOOD
2025-04-16 20:00:00,PUMP102.BEARING_TEMP,61.55,°C,GOOD
2025-04-16 22:00:00,PUMP102.BEARING_TEMP,61.249,°C,GOOD
2025-04-17 00:00:00,PUMP102.BEARING_TEMP,61.783,°C,GOOD
2025-04-17 02:00:00,PUMP102.BEARING_TEMP,61.803,°C,GOOD
2025-04-17 04:00:00,PUMP102.BEARING_TEMP,62.045,°C,GOOD
2025-04-17 06:00:00,PUMP102.BEARING_TEMP,62.62,°C,GOOD
2025-04-17 08:00:00,PUMP102.BEARING_TEMP,62.338,°C,GOOD
2025-04-17 10:00:00,PUMP102.BEARING_TEMP,61.189,°C,GOOD
2025-04-17 12:00:00,PUMP102.BEARING_TEMP,62.304,°C,GOOD
2025-04-17 14:00:00,PUMP102.BEARING_TEMP,62.056,°C,GOOD
2025-04-17 16:00:00,PUMP102.BEARING_TEMP,61.951,°C,GOOD
2025-04-17 18:00:00,PUMP102.BEARING_TEMP,61.989,°C,GOOD
2025-04-17 20:00:00,PUMP102.BEARING_TEMP,62.102,°C,GOOD
2025-04-17 22:00:00,PUMP102.BEARING_TEMP,61.654,°C,GOOD
2025-04-18 00:00:00,PUMP102.BEARING_TEMP,61.909,°C,GOOD
2025-04-18 02:00:00,PUMP102.BEARING_TEMP,62.592,°C,GOOD
2025-04-18 04:00:00,PUMP102.BEARING_TEMP,61.648,°C,GOOD
2025-04-18 06:00:00,PUMP102.BEARING_TEMP,61.485,°C,GOOD
2025-04-18 08:00:00,PUMP102.BEARING_TEMP,61.969,°C,GOOD
2025-04-18 10:00:00,PUMP102.BEARING_TEMP,61.435,°C,GOOD
2025-04-18 12:00:00,PUMP102.BEARING_TEMP,61.139,°C,GOOD
2025-04-18 14:00:00,PUMP102.BEARING_TEMP,61.828,°C,GOOD
2025-04-18 16:00:00,PUMP102.BEARING_TEMP,62.724,°C,GOOD
2025-04-18 18:00:00,PUMP102.BEARING_TEMP,61.981,°C,GOOD
2025-04-18 20:00:00,PUMP102.BEARING_TEMP,62.089,°C,GOOD
2025-04-18 22:00:00,PUMP102.BEARING_TEMP,60.935,°C,GOOD
2025-04-19 00:00:00,PUMP102.BEARING_TEMP,62.219,°C,GOOD
2025-04-19 02:00:00,PUMP102.BEARING_TEMP,62.047,°C,GOOD
2025-04-19 04:00:00,PUMP102.BEARING_TEMP,61.668,°C,GOOD
2025-04-19 06:00:00,PUMP102.BEARING_TEMP,62.09,°C,GOOD
2025-04-19 08:00:00,PUMP102.BEARING_TEMP,62.085,°C,GOOD
2025-04-19 10:00:00,PUMP102.BEARING_TEMP,61.47,°C,GOOD
2025-04-19 12:00:00,PUMP102.BEARING_TEMP,62.166,°C,GOOD
2025-04-19 14:00:00,PUMP102.BEARING_TEMP,62.599,°C,GOOD
2025-04-19 16:00:00,PUMP102.BEARING_TEMP,61.886,°C,GOOD
2025-04-19 18:00:00,PUMP102.BEARING_TEMP,61.566,°C,GOOD
2025-04-19 20:00:00,PUMP102.BEARING_TEMP,61.911,°C,GOOD
2025-04-19 22:00:00,PUMP102.BEARING_TEMP,62.427,°C,GOOD
2025-04-20 00:00:00,PUMP102.BEARING_TEMP,61.387,°C,GOOD
2025-04-20 02:00:00,PUMP102.BEARING_TEMP,62.289,°C,GOOD
2025-04-20 04:00:00,PUMP102.BEARING_TEMP,61.661,°C,GOOD
2025-04-20 06:00:00,PUMP102.BEARING_TEMP,62.121,°C,BAD
2025-04-20 08:00:00,PUMP102.BEARING_TEMP,61.718,°C,GOOD
2025-04-20 10:00:00,PUMP102.BEARING_TEMP,61.716,°C,GOOD
2025-04-20 12:00:00,PUMP102.BEARING_TEMP,62.762,°C,GOOD
2025-04-20 14:00:00,PUMP102.BEARING_TEMP,61.295,°C,GOOD
2025-04-20 16:00:00,PUMP102.BEARING_TEMP,62.243,°C,GOOD
2025-04-20 18:00:00,PUMP102.BEARING_TEMP,62.866,°C,GOOD
2025-04-20 20:00:00,PUMP102.BEARING_TEMP,62.343,°C,GOOD
2025-04-20 22:00:00,PUMP102.BEARING_TEMP,61.334,°C,GOOD
2025-04-21 00:00:00,PUMP102.BEARING_TEMP,61.359,°C,GOOD
2025-04-21 02:00:00,PUMP102.BEARING_TEMP,61.624,°C,GOOD
2025-04-21 04:00:00,PUMP102.BEARING_TEMP,62.079,°C,GOOD
2025-04-21 06:00:00,PUMP102.BEARING_TEMP,62.113,°C,GOOD
2025-04-21 08:00:00,PUMP102.BEARING_TEMP,61.364,°C,GOOD
2025-04-21 10:00:00,PUMP102.BEARING_TEMP,61.564,°C,GOOD
2025-04-21 12:00:00,PUMP102.BEARING_TEMP,61.594,°C,GOOD
2025-04-21 14:00:00,PUMP102.BEARING_TEMP,61.91,°C,GOOD
2025-04-21 16:00:00,PUMP102.BEARING_TEMP,62.992,°C,GOOD
2025-04-21 18:00:00,PUMP102.BEARING_TEMP,61.533,°C,GOOD
2025-04-21 20:00:00,PUMP102.BEARING_TEMP,61.512,°C,GOOD
2025-04-21 22:00:00,PUMP102.BEARING_TEMP,61.433,°C,GOOD
2025-04-22 00:00:00,PUMP102.BEARING_TEMP,62.318,°C,GOOD
2025-04-22 02:00:00,PUMP102.BEARING_TEMP,61.979,°C,GOOD
2025-04-22 04:00:00,PUMP102.BEARING_TEMP,61.552,°C,GOOD
2025-04-22 06:00:00,PUMP102.BEARING_TEMP,61.819,°C,GOOD
2025-04-22 08:00:00,PUMP102.BEARING_TEMP,61.604,°C,GOOD
2025-04-22 10:00:00,PUMP102.BEARING_TEMP,62.148,°C,GOOD
2025-04-22 12:00:00,PUMP102.BEARING_TEMP,63.342,°C,GOOD
2025-04-22 14:00:00,PUMP102.BEARING_TEMP,62.275,°C,GOOD
2025-04-22 16:00:00,PUMP102.BEARING_TEMP,61.954,°C,GOOD
2025-04-22 18:00:00,PUMP102.BEARING_TEMP,61.668,°C,GOOD
2025-04-22 20:00:00,PUMP102.BEARING_TEMP,61.328,°C,GOOD
2025-04-22 22:00:00,PUMP102.BEARING_TEMP,62.367,°C,GOOD
2025-04-23 00:00:00,PUMP102.BEARING_TEMP,62.34,°C,GOOD
2025-04-23 02:00:00,PUMP102.BEARING_TEMP,61.767,°C,GOOD
2025-04-23 04:00:00,PUMP102.BEARING_TEMP,62.607,°C,GOOD
2025-04-23 06:00:00,PUMP102.BEARING_TEMP,62.011,°C,GOOD
2025-04-23 08:00:00,PUMP102.BEARING_TEMP,62.387,°C,GOOD
2025-04-23 10:00:00,PUMP102.BEARING_TEMP,62.148,°C,GOOD
2025-04-23 12:00:00,PUMP102.BEARING_TEMP,61.911,°C,GOOD
2025-04-23 14:00:00,PUMP102.BEARING_TEMP,61.523,°C,GOOD
2025-04-23 16:00:00,PUMP102.BEARING_TEMP,61.927,°C,GOOD
2025-04-23 18:00:00,PUMP102.BEARING_TEMP,62.421,°C,GOOD
2025-04-23 20:00:00,PUMP102.BEARING_TEMP,61.746,°C,GOOD
2025-04-23 22:00:00,PUMP102.BEARING_TEMP,62.22,°C,GOOD
2025-04-24 00:00:00,PUMP102.BEARING_TEMP,61.459,°C,GOOD
2025-04-24 02:00:00,PUMP102.BEARING_TEMP,62.39,°C,GOOD
2025-04-24 04:00:00,PUMP102.BEARING_TEMP,62.156,°C,GOOD
2025-04-24 06:00:00,PUMP102.BEARING_TEMP,61.399,°C,GOOD
2025-04-24 08:00:00,PUMP102.BEARING_TEMP,61.888,°C,GOOD
2025-04-24 10:00:00,PUMP102.BEARING_TEMP,62.466,°C,GOOD
2025-04-24 12:00:00,PUMP102.BEARING_TEMP,61.37,°C,GOOD
2025-04-24 14:00:00,PUMP102.BEARING_TEMP,61.465,°C,GOOD
2025-04-24 16:00:00,PUMP102.BEARING_TEMP,61.965,°C,GOOD
2025-04-24 18:00:00,PUMP102.BEARING_TEMP,63.067,°C,GOOD
2025-04-24 20:00:00,PUMP102.BEARING_TEMP,61.664,°C,GOOD
2025-04-24 22:00:00,PUMP102.BEARING_TEMP,62.248,°C,GOOD
2025-04-25 00:00:00,PUMP102.BEARING_TEMP,62.13,°C,GOOD
2025-04-25 02:00:00,PUMP102.BEARING_TEMP,61.705,°C,GOOD
2025-04-25 04:00:00,PUMP102.BEARING_TEMP,62.081,°C,GOOD
2025-04-25 06:00:00,PUMP102.BEARING_TEMP,61.776,°C,GOOD
2025-04-25 08:00:00,PUMP102.BEARING_TEMP,61.821,°C,GOOD
2025-04-25 10:00:00,PUMP102.BEARING_TEMP,61.169,°C,GOOD
2025-04-25 12:00:00,PUMP102.BEARING_TEMP,61.988,°C,GOOD
2025-04-25 14:00:00,PUMP102.BEARING_TEMP,62.45,°C,GOOD
2025-04-25 16:00:00,PUMP102.BEARING_TEMP,62.029,°C,GOOD
2025-04-25 18:00:00,PUMP102.BEARING_TEMP,62.545,°C,GOOD
2025-04-25 20:00:00,PUMP102.BEARING_TEMP,62.29,°C,BAD
2025-04-25 22:00:00,PUMP102.BEARING_TEMP,61.97,°C,GOOD
2025-04-26 00:00:00,PUMP102.BEARING_TEMP,61.686,°C,GOOD
2025-04-26 02:00:00,PUMP102.BEARING_TEMP,61.757,°C,BAD
2025-04-26 04:00:00,PUMP102.BEARING_TEMP,61.265,°C,GOOD
2025-04-26 06:00:00,PUMP102.BEARING_TEMP,61.866,°C,GOOD
2025-04-26 08:00:00,PUMP102.BEARING_TEMP,62.073,°C,GOOD
2025-04-26 10:00:00,PUMP102.BEARING_TEMP,62.858,°C,GOOD
2025-04-26 12:00:00,PUMP102.BEARING_TEMP,62.264,°C,GOOD
2025-04-26 14:00:00,PUMP102.BEARING_TEMP,61.568,°C,GOOD
2025-04-26 16:00:00,PUMP102.BEARING_TEMP,61.28,°C,GOOD
2025-04-26 18:00:00,PUMP102.BEARING_TEMP,61.897,°C,GOOD
2025-04-26 20:00:00,PUMP102.BEARING_TEMP,62.406,°C,GOOD
2025-04-26 22:00:00,PUMP102.BEARING_TEMP,61.89,°C,GOOD
2025-04-27 00:00:00,PUMP102.BEARING_TEMP,62.271,°C,GOOD
2025-04-27 02:00:00,PUMP102.BEARING_TEMP,61.909,°C,GOOD
2025-04-27 04:00:00,PUMP102.BEARING_TEMP,62.359,°C,GOOD
2025-04-27 06:00:00,PUMP102.BEARING_TEMP,61.201,°C,GOOD
2025-04-27 08:00:00,PUMP102.BEARING_TEMP,62.802,°C,GOOD
2025-04-27 10:00:00,PUMP102.BEARING_TEMP,61.444,°C,GOOD
2025-04-27 12:00:00,PUMP102.BEARING_TEMP,62.397,°C,GOOD
2025-04-27 14:00:00,PUMP102.BEARING_TEMP,61.864,°C,GOOD
2025-04-27 16:00:00,PUMP102.BEARING_TEMP,61.942,°C,GOOD
2025-04-27 18:00:00,PUMP102.BEARING_TEMP,61.879,°C,GOOD
2025-04-27 20:00:00,PUMP102.BEARING_TEMP,62.128,°C,BAD
2025-04-27 22:00:00,PUMP102.BEARING_TEMP,62.229,°C,GOOD
2025-04-28 00:00:00,PUMP102.BEARING_TEMP,62.529,°C,GOOD
2025-04-28 02:00:00,PUMP102.BEARING_TEMP,62.704,°C,GOOD
2025-04-28 04:00:00,PUMP102.BEARING_TEMP,62.166,°C,GOOD
2025-04-28 06:00:00,PUMP102.BEARING_TEMP,62.857,°C,GOOD
2025-04-28 08:00:00,PUMP102.BEARING_TEMP,62.046,°C,GOOD
2025-04-28 10:00:00,PUMP102.BEARING_TEMP,62.539,°C,GOOD
2025-04-28 12:00:00,PUMP102.BEARING_TEMP,62.214,°C,GOOD
2025-04-28 14:00:00,PUMP102.BEARING_TEMP,61.725,°C,GOOD
2025-04-28 16:00:00,PUMP102.BEARING_TEMP,62.091,°C,GOOD
2025-04-28 18:00:00,PUMP102.BEARING_TEMP,62.252,°C,GOOD
2025-04-28 20:00:00,PUMP102.BEARING_TEMP,61.984,°C,GOOD
2025-04-28 22:00:00,PUMP102.BEARING_TEMP,62.206,°C,GOOD
2025-04-29 00:00:00,PUMP102.BEARING_TEMP,62.433,°C,GOOD
2025-04-29 02:00:00,PUMP102.BEARING_TEMP,61.988,°C,GOOD
2025-04-29 04:00:00,PUMP102.BEARING_TEMP,60.528,°C,GOOD
2025-04-29 06:00:00,PUMP102.BEARING_TEMP,62.839,°C,GOOD
2025-04-29 08:00:00,PUMP102.BEARING_TEMP,61.851,°C,GOOD
2025-04-29 10:00:00,PUMP102.BEARING_TEMP,61.588,°C,GOOD
2025-04-29 12:00:00,PUMP102.BEARING_TEMP,61.438,°C,GOOD
2025-04-29 14:00:00,PUMP102.BEARING_TEMP,61.832,°C,GOOD
2025-04-29 16:00:00,PUMP102.BEARING_TEMP,61.719,°C,GOOD
2025-04-29 18:00:00,PUMP102.BEARING_TEMP,61.631,°C,GOOD
2025-04-29 20:00:00,PUMP102.BEARING_TEMP,61.659,°C,GOOD
2025-04-29 22:00:00,PUMP102.BEARING_TEMP,62.265,°C,GOOD
2025-04-30 00:00:00,PUMP102.BEARING_TEMP,63.015,°C,GOOD
2024-10-01 00:00:00,PUMP102.VIBRATION_RMS,2.338,mm/s,GOOD
2024-10-01 02:00:00,PUMP102.VIBRATION_RMS,1.398,mm/s,GOOD
2024-10-01 04:00:00,PUMP102.VIBRATION_RMS,1.705,mm/s,GOOD
2024-10-01 06:00:00,PUMP102.VIBRATION_RMS,1.586,mm/s,GOOD
2024-10-01 08:00:00,PUMP102.VIBRATION_RMS,2.654,mm/s,GOOD
2024-10-01 10:00:00,PUMP102.VIBRATION_RMS,2.927,mm/s,BAD
2024-10-01 12:00:00,PUMP102.VIBRATION_RMS,1.015,mm/s,GOOD
2024-10-01 14:00:00,PUMP102.VIBRATION_RMS,2.882,mm/s,GOOD
2024-10-01 16:00:00,PUMP102.VIBRATION_RMS,2.143,mm/s,GOOD
2024-10-01 18:00:00,PUMP102.VIBRATION_RMS,2.606,mm/s,GOOD
2024-10-01 20:00:00,PUMP102.VIBRATION_RMS,2.353,mm/s,GOOD
2024-10-01 22:00:00,PUMP102.VIBRATION_RMS,2.82,mm/s,GOOD
2024-10-02 00:00:00,PUMP102.VIBRATION_RMS,2.205,mm/s,GOOD
2024-10-02 02:00:00,PUMP102.VIBRATION_RMS,1.418,mm/s,GOOD
2024-10-02 04:00:00,PUMP102.VIBRATION_RMS,2.047,mm/s,GOOD
2024-10-02 06:00:00,PUMP102.VIBRATION_RMS,2.358,mm/s,GOOD
2024-10-02 08:00:00,PUMP102.VIBRATION_RMS,1.992,mm/s,GOOD
2024-10-02 10:00:00,PUMP102.VIBRATION_RMS,2.429,mm/s,GOOD
2024-10-02 12:00:00,PUMP102.VIBRATION_RMS,2.067,mm/s,GOOD
2024-10-02 14:00:00,PUMP102.VIBRATION_RMS,1.802,mm/s,GOOD
2024-10-02 16:00:00,PUMP102.VIBRATION_RMS,1.557,mm/s,GOOD
2024-10-02 18:00:00,PUMP102.VIBRATION_RMS,1.904,mm/s,GOOD
2024-10-02 20:00:00,PUMP102.VIBRATION_RMS,2.202,mm/s,GOOD
2024-10-02 22:00:00,PUMP102.VIBRATION_RMS,1.12,mm/s,GOOD
2024-10-03 00:00:00,PUMP102.VIBRATION_RMS,1.71,mm/s,GOOD
2024-10-03 02:00:00,PUMP102.VIBRATION_RMS,1.102,mm/s,GOOD
2024-10-03 04:00:00,PUMP102.VIBRATION_RMS,1.791,mm/s,GOOD
2024-10-03 06:00:00,PUMP102.VIBRATION_RMS,2.699,mm/s,GOOD
2024-10-03 08:00:00,PUMP102.VIBRATION_RMS,1.507,mm/s,GOOD
2024-10-03 10:00:00,PUMP102.VIBRATION_RMS,2.452,mm/s,GOOD
2024-10-03 12:00:00,PUMP102.VIBRATION_RMS,3.524,mm/s,GOOD
2024-10-03 14:00:00,PUMP102.VIBRATION_RMS,2.827,mm/s,GOOD
2024-10-03 16:00:00,PUMP102.VIBRATION_RMS,2.167,mm/s,GOOD
2024-10-03 18:00:00,PUMP102.VIBRATION_RMS,2.529,mm/s,GOOD
2024-10-03 20:00:00,PUMP102.VIBRATION_RMS,1.415,mm/s,GOOD
2024-10-03 22:00:00,PUMP102.VIBRATION_RMS,1.313,mm/s,GOOD
2024-10-04 00:00:00,PUMP102.VIBRATION_RMS,2.114,mm/s,GOOD
2024-10-04 02:00:00,PUMP102.VIBRATION_RMS,2.299,mm/s,GOOD
2024-10-04 04:00:00,PUMP102.VIBRATION_RMS,2.647,mm/s,GOOD
2024-10-04 06:00:00,PUMP102.VIBRATION_RMS,1.816,mm/s,GOOD
2024-10-04 08:00:00,PUMP102.VIBRATION_RMS,2.197,mm/s,GOOD
2024-10-04 10:00:00,PUMP102.VIBRATION_RMS,2.18,mm/s,GOOD
2024-10-04 12:00:00,PUMP102.VIBRATION_RMS,2.034,mm/s,GOOD
2024-10-04 14:00:00,PUMP102.VIBRATION_RMS,2.064,mm/s,GOOD
2024-10-04 16:00:00,PUMP102.VIBRATION_RMS,1.673,mm/s,GOOD
2024-10-04 18:00:00,PUMP102.VIBRATION_RMS,2.24,mm/s,GOOD
2024-10-04 20:00:00,PUMP102.VIBRATION_RMS,2.198,mm/s,GOOD
2024-10-04 22:00:00,PUMP102.VIBRATION_RMS,1.88,mm/s,GOOD
2024-10-05 00:00:00,PUMP102.VIBRATION_RMS,2.433,mm/s,GOOD
2024-10-05 02:00:00,PUMP102.VIBRATION_RMS,2.614,mm/s,GOOD
2024-10-05 04:00:00,PUMP102.VIBRATION_RMS,2.439,mm/s,BAD
2024-10-05 06:00:00,PUMP102.VIBRATION_RMS,1.579,mm/s,GOOD
2024-10-05 08:00:00,PUMP102.VIBRATION_RMS,2.15,mm/s,GOOD
2024-10-05 10:00:00,PUMP102.VIBRATION_RMS,1.644,mm/s,GOOD
2024-10-05 12:00:00,PUMP102.VIBRATION_RMS,2.148,mm/s,GOOD
2024-10-05 14:00:00,PUMP102.VIBRATION_RMS,1.646,mm/s,GOOD
2024-10-05 16:00:00,PUMP102.VIBRATION_RMS,2.739,mm/s,GOOD
2024-10-05 18:00:00,PUMP102.VIBRATION_RMS,2.492,mm/s,GOOD
2024-10-05 20:00:00,PUMP102.VIBRATION_RMS,2.676,mm/s,GOOD
2024-10-05 22:00:00,PUMP102.VIBRATION_RMS,2.626,mm/s,GOOD
2024-10-06 00:00:00,PUMP102.VIBRATION_RMS,1.965,mm/s,GOOD
2024-10-06 02:00:00,PUMP102.VIBRATION_RMS,1.887,mm/s,GOOD
2024-10-06 04:00:00,PUMP102.VIBRATION_RMS,2.971,mm/s,GOOD
2024-10-06 06:00:00,PUMP102.VIBRATION_RMS,2.017,mm/s,GOOD
2024-10-06 08:00:00,PUMP102.VIBRATION_RMS,1.423,mm/s,GOOD
2024-10-06 10:00:00,PUMP102.VIBRATION_RMS,2.604,mm/s,GOOD
2024-10-06 12:00:00,PUMP102.VIBRATION_RMS,2.172,mm/s,GOOD
2024-10-06 14:00:00,PUMP102.VIBRATION_RMS,2.853,mm/s,GOOD
2024-10-06 16:00:00,PUMP102.VIBRATION_RMS,2.221,mm/s,BAD
2024-10-06 18:00:00,PUMP102.VIBRATION_RMS,2.09,mm/s,GOOD
2024-10-06 20:00:00,PUMP102.VIBRATION_RMS,2.863,mm/s,GOOD
2024-10-06 22:00:00,PUMP102.VIBRATION_RMS,1.331,mm/s,GOOD
2024-10-07 00:00:00,PUMP102.VIBRATION_RMS,1.807,mm/s,GOOD
2024-10-07 02:00:00,PUMP102.VIBRATION_RMS,1.656,mm/s,GOOD
2024-10-07 04:00:00,PUMP102.VIBRATION_RMS,1.002,mm/s,GOOD
2024-10-07 06:00:00,PUMP102.VIBRATION_RMS,2.537,mm/s,GOOD
2024-10-07 08:00:00,PUMP102.VIBRATION_RMS,1.821,mm/s,BAD
2024-10-07 10:00:00,PUMP102.VIBRATION_RMS,2.553,mm/s,GOOD
2024-10-07 12:00:00,PUMP102.VIBRATION_RMS,2.295,mm/s,GOOD
2024-10-07 14:00:00,PUMP102.VIBRATION_RMS,2.404,mm/s,GOOD
2024-10-07 16:00:00,PUMP102.VIBRATION_RMS,1.872,mm/s,GOOD
2024-10-07 18:00:00,PUMP102.VIBRATION_RMS,1.718,mm/s,GOOD
2024-10-07 20:00:00,PUMP102.VIBRATION_RMS,2.145,mm/s,GOOD
2024-10-07 22:00:00,PUMP102.VIBRATION_RMS,2.56,mm/s,GOOD
2024-10-08 00:00:00,PUMP102.VIBRATION_RMS,2.075,mm/s,GOOD
2024-10-08 02:00:00,PUMP102.VIBRATION_RMS,1.749,mm/s,GOOD
2024-10-08 04:00:00,PUMP102.VIBRATION_RMS,1.5,mm/s,GOOD
2024-10-08 06:00:00,PUMP102.VIBRATION_RMS,2.202,mm/s,GOOD
2024-10-08 08:00:00,PUMP102.VIBRATION_RMS,1.823,mm/s,GOOD
2024-10-08 10:00:00,PUMP102.VIBRATION_RMS,2.064,mm/s,GOOD
2024-10-08 12:00:00,PUMP102.VIBRATION_RMS,1.981,mm/s,GOOD
2024-10-08 14:00:00,PUMP102.VIBRATION_RMS,1.878,mm/s,GOOD
2024-10-08 16:00:00,PUMP102.VIBRATION_RMS,2.247,mm/s,GOOD
2024-10-08 18:00:00,PUMP102.VIBRATION_RMS,2.377,mm/s,GOOD
2024-10-08 20:00:00,PUMP102.VIBRATION_RMS,3.083,mm/s,GOOD
2024-10-08 22:00:00,PUMP102.VIBRATION_RMS,2.479,mm/s,GOOD
2024-10-09 00:00:00,PUMP102.VIBRATION_RMS,2.897,mm/s,GOOD
2024-10-09 02:00:00,PUMP102.VIBRATION_RMS,1.691,mm/s,GOOD
2024-10-09 04:00:00,PUMP102.VIBRATION_RMS,1.3,mm/s,GOOD
2024-10-09 06:00:00,PUMP102.VIBRATION_RMS,2.093,mm/s,GOOD
2024-10-09 08:00:00,PUMP102.VIBRATION_RMS,2.529,mm/s,GOOD
2024-10-09 10:00:00,PUMP102.VIBRATION_RMS,2.451,mm/s,GOOD
2024-10-09 12:00:00,PUMP102.VIBRATION_RMS,2.706,mm/s,GOOD
2024-10-09 14:00:00,PUMP102.VIBRATION_RMS,0.832,mm/s,GOOD
2024-10-09 16:00:00,PUMP102.VIBRATION_RMS,2.726,mm/s,GOOD
2024-10-09 18:00:00,PUMP102.VIBRATION_RMS,2.268,mm/s,GOOD
2024-10-09 20:00:00,PUMP102.VIBRATION_RMS,1.328,mm/s,GOOD
2024-10-09 22:00:00,PUMP102.VIBRATION_RMS,2.462,mm/s,GOOD
2024-10-10 00:00:00,PUMP102.VIBRATION_RMS,2.185,mm/s,GOOD
2024-10-10 02:00:00,PUMP102.VIBRATION_RMS,2.291,mm/s,GOOD
2024-10-10 04:00:00,PUMP102.VIBRATION_RMS,2.6,mm/s,GOOD
2024-10-10 06:00:00,PUMP102.VIBRATION_RMS,2.315,mm/s,GOOD
2024-10-10 08:00:00,PUMP102.VIBRATION_RMS,1.364,mm/s,GOOD
2024-10-10 10:00:00,PUMP102.VIBRATION_RMS,2.028,mm/s,GOOD
2024-10-10 12:00:00,PUMP102.VIBRATION_RMS,1.291,mm/s,GOOD
2024-10-10 14:00:00,PUMP102.VIBRATION_RMS,2.425,mm/s,GOOD
2024-10-10 16:00:00,PUMP102.VIBRATION_RMS,2.799,mm/s,GOOD
2024-10-10 18:00:00,PUMP102.VIBRATION_RMS,1.479,mm/s,GOOD
2024-10-10 20:00:00,PUMP102.VIBRATION_RMS,1.764,mm/s,GOOD
2024-10-10 22:00:00,PUMP102.VIBRATION_RMS,1.659,mm/s,GOOD
2024-10-11 00:00:00,PUMP102.VIBRATION_RMS,1.873,mm/s,GOOD
2024-10-11 02:00:00,PUMP102.VIBRATION_RMS,2.306,mm/s,GOOD
2024-10-11 04:00:00,PUMP102.VIBRATION_RMS,1.878,mm/s,GOOD
2024-10-11 06:00:00,PUMP102.VIBRATION_RMS,2.426,mm/s,GOOD
2024-10-11 08:00:00,PUMP102.VIBRATION_RMS,2.633,mm/s,GOOD
2024-10-11 10:00:00,PUMP102.VIBRATION_RMS,2.651,mm/s,GOOD
2024-10-11 12:00:00,PUMP102.VIBRATION_RMS,1.541,mm/s,GOOD
2024-10-11 14:00:00,PUMP102.VIBRATION_RMS,2.793,mm/s,GOOD
2024-10-11 16:00:00,PUMP102.VIBRATION_RMS,2.833,mm/s,GOOD
2024-10-11 18:00:00,PUMP102.VIBRATION_RMS,2.876,mm/s,GOOD
2024-10-11 20:00:00,PUMP102.VIBRATION_RMS,2.021,mm/s,GOOD
2024-10-11 22:00:00,PUMP102.VIBRATION_RMS,1.724,mm/s,GOOD
2024-10-12 00:00:00,PUMP102.VIBRATION_RMS,1.608,mm/s,GOOD
2024-10-12 02:00:00,PUMP102.VIBRATION_RMS,1.549,mm/s,GOOD
2024-10-12 04:00:00,PUMP102.VIBRATION_RMS,2.106,mm/s,GOOD
2024-10-12 06:00:00,PUMP102.VIBRATION_RMS,2.524,mm/s,GOOD
2024-10-12 08:00:00,PUMP102.VIBRATION_RMS,2.753,mm/s,GOOD
2024-10-12 10:00:00,PUMP102.VIBRATION_RMS,1.857,mm/s,GOOD
2024-10-12 12:00:00,PUMP102.VIBRATION_RMS,2.081,mm/s,GOOD
2024-10-12 14:00:00,PUMP102.VIBRATION_RMS,2.048,mm/s,GOOD
2024-10-12 16:00:00,PUMP102.VIBRATION_RMS,1.782,mm/s,GOOD
2024-10-12 18:00:00,PUMP102.VIBRATION_RMS,2.468,mm/s,GOOD
2024-10-12 20:00:00,PUMP102.VIBRATION_RMS,2.281,mm/s,GOOD
2024-10-12 22:00:00,PUMP102.VIBRATION_RMS,2.171,mm/s,GOOD
2024-10-13 00:00:00,PUMP102.VIBRATION_RMS,2.279,mm/s,GOOD
2024-10-13 02:00:00,PUMP102.VIBRATION_RMS,2.408,mm/s,GOOD
2024-10-13 04:00:00,PUMP102.VIBRATION_RMS,2.403,mm/s,BAD
2024-10-13 06:00:00,PUMP102.VIBRATION_RMS,1.681,mm/s,GOOD
2024-10-13 08:00:00,PUMP102.VIBRATION_RMS,2.548,mm/s,GOOD
2024-10-13 10:00:00,PUMP102.VIBRATION_RMS,2.228,mm/s,GOOD
2024-10-13 12:00:00,PUMP102.VIBRATION_RMS,1.883,mm/s,GOOD
2024-10-13 14:00:00,PUMP102.VIBRATION_RMS,2.217,mm/s,GOOD
2024-10-13 16:00:00,PUMP102.VIBRATION_RMS,2.272,mm/s,GOOD
2024-10-13 18:00:00,PUMP102.VIBRATION_RMS,2.641,mm/s,GOOD
2024-10-13 20:00:00,PUMP102.VIBRATION_RMS,1.577,mm/s,GOOD
2024-10-13 22:00:00,PUMP102.VIBRATION_RMS,2.762,mm/s,GOOD
2024-10-14 00:00:00,PUMP102.VIBRATION_RMS,2.112,mm/s,GOOD
2024-10-14 02:00:00,PUMP102.VIBRATION_RMS,1.847,mm/s,GOOD
2024-10-14 04:00:00,PUMP102.VIBRATION_RMS,1.832,mm/s,GOOD
2024-10-14 06:00:00,PUMP102.VIBRATION_RMS,1.599,mm/s,GOOD
2024-10-14 08:00:00,PUMP102.VIBRATION_RMS,1.23,mm/s,GOOD
2024-10-14 10:00:00,PUMP102.VIBRATION_RMS,2.439,mm/s,GOOD
2024-10-14 12:00:00,PUMP102.VIBRATION_RMS,3.09,mm/s,GOOD
2024-10-14 14:00:00,PUMP102.VIBRATION_RMS,1.291,mm/s,GOOD
2024-10-14 16:00:00,PUMP102.VIBRATION_RMS,1.625,mm/s,GOOD
2024-10-14 18:00:00,PUMP102.VIBRATION_RMS,2.476,mm/s,GOOD
2024-10-14 20:00:00,PUMP102.VIBRATION_RMS,2.077,mm/s,GOOD
2024-10-14 22:00:00,PUMP102.VIBRATION_RMS,2.517,mm/s,GOOD
2024-10-15 00:00:00,PUMP102.VIBRATION_RMS,2.049,mm/s,GOOD
2024-10-15 02:00:00,PUMP102.VIBRATION_RMS,1.81,mm/s,GOOD
2024-10-15 04:00:00,PUMP102.VIBRATION_RMS,1.987,mm/s,GOOD
2024-10-15 06:00:00,PUMP102.VIBRATION_RMS,0.909,mm/s,GOOD
2024-10-15 08:00:00,PUMP102.VIBRATION_RMS,1.528,mm/s,GOOD
2024-10-15 10:00:00,PUMP102.VIBRATION_RMS,2.574,mm/s,GOOD
2024-10-15 12:00:00,PUMP102.VIBRATION_RMS,2.696,mm/s,GOOD
2024-10-15 14:00:00,PUMP102.VIBRATION_RMS,2.803,mm/s,GOOD
2024-10-15 16:00:00,PUMP102.VIBRATION_RMS,2.32,mm/s,GOOD
2024-10-15 18:00:00,PUMP102.VIBRATION_RMS,0.972,mm/s,GOOD
2024-10-15 20:00:00,PUMP102.VIBRATION_RMS,1.782,mm/s,GOOD
2024-10-15 22:00:00,PUMP102.VIBRATION_RMS,2.762,mm/s,GOOD
2024-10-16 00:00:00,PUMP102.VIBRATION_RMS,2.912,mm/s,BAD
2024-10-16 02:00:00,PUMP102.VIBRATION_RMS,2.781,mm/s,GOOD
2024-10-16 04:00:00,PUMP102.VIBRATION_RMS,1.982,mm/s,GOOD
2024-10-16 06:00:00,PUMP102.VIBRATION_RMS,1.447,mm/s,GOOD
2024-10-16 08:00:00,PUMP102.VIBRATION_RMS,2.08,mm/s,GOOD
2024-10-16 10:00:00,PUMP102.VIBRATION_RMS,2.107,mm/s,GOOD
2024-10-16 12:00:00,PUMP102.VIBRATION_RMS,2.883,mm/s,GOOD
2024-10-16 14:00:00,PUMP102.VIBRATION_RMS,2.214,mm/s,GOOD
2024-10-16 16:00:00,PUMP102.VIBRATION_RMS,2.108,mm/s,GOOD
2024-10-16 18:00:00,PUMP102.VIBRATION_RMS,2.137,mm/s,GOOD
2024-10-16 20:00:00,PUMP102.VIBRATION_RMS,2.3,mm/s,GOOD
2024-10-16 22:00:00,PUMP102.VIBRATION_RMS,2.413,mm/s,GOOD
2024-10-17 00:00:00,PUMP102.VIBRATION_RMS,1.738,mm/s,GOOD
2024-10-17 02:00:00,PUMP102.VIBRATION_RMS,1.571,mm/s,GOOD
2024-10-17 04:00:00,PUMP102.VIBRATION_RMS,2.785,mm/s,GOOD
2024-10-17 06:00:00,PUMP102.VIBRATION_RMS,1.279,mm/s,GOOD
2024-10-17 08:00:00,PUMP102.VIBRATION_RMS,2.919,mm/s,GOOD
2024-10-17 10:00:00,PUMP102.VIBRATION_RMS,1.145,mm/s,GOOD
2024-10-17 12:00:00,PUMP102.VIBRATION_RMS,1.808,mm/s,GOOD
2024-10-17 14:00:00,PUMP102.VIBRATION_RMS,2.586,mm/s,GOOD
2024-10-17 16:00:00,PUMP102.VIBRATION_RMS,2.1,mm/s,GOOD
2024-10-17 18:00:00,PUMP102.VIBRATION_RMS,1.442,mm/s,GOOD
2024-10-17 20:00:00,PUMP102.VIBRATION_RMS,2.313,mm/s,GOOD
2024-10-17 22:00:00,PUMP102.VIBRATION_RMS,2.134,mm/s,GOOD
2024-10-18 00:00:00,PUMP102.VIBRATION_RMS,1.992,mm/s,GOOD
2024-10-18 02:00:00,PUMP102.VIBRATION_RMS,1.788,mm/s,GOOD
2024-10-18 04:00:00,PUMP102.VIBRATION_RMS,2.083,mm/s,GOOD
2024-10-18 06:00:00,PUMP102.VIBRATION_RMS,1.809,mm/s,GOOD
2024-10-18 08:00:00,PUMP102.VIBRATION_RMS,3.317,mm/s,GOOD
2024-10-18 10:00:00,PUMP102.VIBRATION_RMS,1.98,mm/s,GOOD
2024-10-18 12:00:00,PUMP102.VIBRATION_RMS,1.913,mm/s,GOOD
2024-10-18 14:00:00,PUMP102.VIBRATION_RMS,1.829,mm/s,GOOD
2024-10-18 16:00:00,PUMP102.VIBRATION_RMS,2.988,mm/s,GOOD
2024-10-18 18:00:00,PUMP102.VIBRATION_RMS,1.28,mm/s,GOOD
2024-10-18 20:00:00,PUMP102.VIBRATION_RMS,2.28,mm/s,GOOD
2024-10-18 22:00:00,PUMP102.VIBRATION_RMS,1.98,mm/s,GOOD
2024-10-19 00:00:00,PUMP102.VIBRATION_RMS,1.388,mm/s,GOOD
2024-10-19 02:00:00,PUMP102.VIBRATION_RMS,1.69,mm/s,GOOD
2024-10-19 04:00:00,PUMP102.VIBRATION_RMS,2.258,mm/s,GOOD
2024-10-19 06:00:00,PUMP102.VIBRATION_RMS,1.668,mm/s,BAD
2024-10-19 08:00:00,PUMP102.VIBRATION_RMS,2.23,mm/s,GOOD
2024-10-19 10:00:00,PUMP102.VIBRATION_RMS,2.965,mm/s,GOOD
2024-10-19 12:00:00,PUMP102.VIBRATION_RMS,2.185,mm/s,GOOD
2024-10-19 14:00:00,PUMP102.VIBRATION_RMS,1.373,mm/s,GOOD
2024-10-19 16:00:00,PUMP102.VIBRATION_RMS,1.677,mm/s,GOOD
2024-10-19 18:00:00,PUMP102.VIBRATION_RMS,1.957,mm/s,GOOD
2024-10-19 20:00:00,PUMP102.VIBRATION_RMS,1.924,mm/s,GOOD
2024-10-19 22:00:00,PUMP102.VIBRATION_RMS,2.176,mm/s,GOOD
2024-10-20 00:00:00,PUMP102.VIBRATION_RMS,2.256,mm/s,GOOD
2024-10-20 02:00:00,PUMP102.VIBRATION_RMS,2.965,mm/s,GOOD
2024-10-20 04:00:00,PUMP102.VIBRATION_RMS,2.098,mm/s,GOOD
2024-10-20 06:00:00,PUMP102.VIBRATION_RMS,1.524,mm/s,GOOD
2024-10-20 08:00:00,PUMP102.VIBRATION_RMS,2.677,mm/s,GOOD
2024-10-20 10:00:00,PUMP102.VIBRATION_RMS,2.732,mm/s,GOOD
2024-10-20 12:00:00,PUMP102.VIBRATION_RMS,2.216,mm/s,GOOD
2024-10-20 14:00:00,PUMP102.VIBRATION_RMS,1.977,mm/s,GOOD
2024-10-20 16:00:00,PUMP102.VIBRATION_RMS,2.411,mm/s,GOOD
2024-10-20 18:00:00,PUMP102.VIBRATION_RMS,1.994,mm/s,GOOD
2024-10-20 20:00:00,PUMP102.VIBRATION_RMS,1.072,mm/s,GOOD
2024-10-20 22:00:00,PUMP102.VIBRATION_RMS,2.382,mm/s,GOOD
2024-10-21 00:00:00,PUMP102.VIBRATION_RMS,2.546,mm/s,GOOD
2024-10-21 02:00:00,PUMP102.VIBRATION_RMS,2.821,mm/s,GOOD
2024-10-21 04:00:00,PUMP102.VIBRATION_RMS,1.735,mm/s,GOOD
2024-10-21 06:00:00,PUMP102.VIBRATION_RMS,2.213,mm/s,BAD
2024-10-21 08:00:00,PUMP102.VIBRATION_RMS,2.224,mm/s,GOOD
2024-10-21 10:00:00,PUMP102.VIBRATION_RMS,2.143,mm/s,GOOD
2024-10-21 12:00:00,PUMP102.VIBRATION_RMS,2.157,mm/s,GOOD
2024-10-21 14:00:00,PUMP102.VIBRATION_RMS,2.119,mm/s,GOOD
2024-10-21 16:00:00,PUMP102.VIBRATION_RMS,2.206,mm/s,GOOD
2024-10-21 18:00:00,PUMP102.VIBRATION_RMS,2.47,mm/s,GOOD
2024-10-21 20:00:00,PUMP102.VIBRATION_RMS,2.71,mm/s,GOOD
2024-10-21 22:00:00,PUMP102.VIBRATION_RMS,1.722,mm/s,GOOD
2024-10-22 00:00:00,PUMP102.VIBRATION_RMS,2.014,mm/s,GOOD
2024-10-22 02:00:00,PUMP102.VIBRATION_RMS,1.889,mm/s,GOOD
2024-10-22 04:00:00,PUMP102.VIBRATION_RMS,1.817,mm/s,GOOD
2024-10-22 06:00:00,PUMP102.VIBRATION_RMS,1.292,mm/s,GOOD
2024-10-22 08:00:00,PUMP102.VIBRATION_RMS,2.112,mm/s,GOOD
2024-10-22 10:00:00,PUMP102.VIBRATION_RMS,2.34,mm/s,GOOD
2024-10-22 12:00:00,PUMP102.VIBRATION_RMS,2.022,mm/s,GOOD
2024-10-22 14:00:00,PUMP102.VIBRATION_RMS,2.096,mm/s,GOOD
2024-10-22 16:00:00,PUMP102.VIBRATION_RMS,2.309,mm/s,GOOD
2024-10-22 18:00:00,PUMP102.VIBRATION_RMS,2.806,mm/s,GOOD
2024-10-22 20:00:00,PUMP102.VIBRATION_RMS,1.89,mm/s,GOOD
2024-10-22 22:00:00,PUMP102.VIBRATION_RMS,1.514,mm/s,GOOD
2024-10-23 00:00:00,PUMP102.VIBRATION_RMS,2.055,mm/s,GOOD
2024-10-23 02:00:00,PUMP102.VIBRATION_RMS,3.042,mm/s,GOOD
2024-10-23 04:00:00,PUMP102.VIBRATION_RMS,1.52,mm/s,GOOD
2024-10-23 06:00:00,PUMP102.VIBRATION_RMS,2.425,mm/s,GOOD
2024-10-23 08:00:00,PUMP102.VIBRATION_RMS,2.679,mm/s,GOOD
2024-10-23 10:00:00,PUMP102.VIBRATION_RMS,0.917,mm/s,GOOD
2024-10-23 12:00:00,PUMP102.VIBRATION_RMS,2.305,mm/s,GOOD
2024-10-23 14:00:00,PUMP102.VIBRATION_RMS,2.402,mm/s,GOOD
2024-10-23 16:00:00,PUMP102.VIBRATION_RMS,1.966,mm/s,GOOD
2024-10-23 18:00:00,PUMP102.VIBRATION_RMS,1.777,mm/s,GOOD
2024-10-23 20:00:00,PUMP102.VIBRATION_RMS,1.805,mm/s,GOOD
2024-10-23 22:00:00,PUMP102.VIBRATION_RMS,1.936,mm/s,GOOD
2024-10-24 00:00:00,PUMP102.VIBRATION_RMS,1.949,mm/s,GOOD
2024-10-24 02:00:00,PUMP102.VIBRATION_RMS,1.855,mm/s,GOOD
2024-10-24 04:00:00,PUMP102.VIBRATION_RMS,1.928,mm/s,GOOD
2024-10-24 06:00:00,PUMP102.VIBRATION_RMS,2.695,mm/s,GOOD
2024-10-24 08:00:00,PUMP102.VIBRATION_RMS,1.493,mm/s,GOOD
2024-10-24 10:00:00,PUMP102.VIBRATION_RMS,1.225,mm/s,GOOD
2024-10-24 12:00:00,PUMP102.VIBRATION_RMS,2.703,mm/s,GOOD
2024-10-24 14:00:00,PUMP102.VIBRATION_RMS,2.004,mm/s,GOOD
2024-10-24 16:00:00,PUMP102.VIBRATION_RMS,1.906,mm/s,GOOD
2024-10-24 18:00:00,PUMP102.VIBRATION_RMS,2.044,mm/s,GOOD
2024-10-24 20:00:00,PUMP102.VIBRATION_RMS,2.205,mm/s,GOOD
2024-10-24 22:00:00,PUMP102.VIBRATION_RMS,1.838,mm/s,GOOD
2024-10-25 00:00:00,PUMP102.VIBRATION_RMS,2.353,mm/s,GOOD
2024-10-25 02:00:00,PUMP102.VIBRATION_RMS,1.619,mm/s,GOOD
2024-10-25 04:00:00,PUMP102.VIBRATION_RMS,1.949,mm/s,GOOD
2024-10-25 06:00:00,PUMP102.VIBRATION_RMS,0.993,mm/s,GOOD
2024-10-25 08:00:00,PUMP102.VIBRATION_RMS,2.686,mm/s,GOOD
2024-10-25 10:00:00,PUMP102.VIBRATION_RMS,2.012,mm/s,GOOD
2024-10-25 12:00:00,PUMP102.VIBRATION_RMS,2.435,mm/s,GOOD
2024-10-25 14:00:00,PUMP102.VIBRATION_RMS,2.338,mm/s,GOOD
2024-10-25 16:00:00,PUMP102.VIBRATION_RMS,2.375,mm/s,GOOD
2024-10-25 18:00:00,PUMP102.VIBRATION_RMS,2.096,mm/s,GOOD
2024-10-25 20:00:00,PUMP102.VIBRATION_RMS,2.294,mm/s,GOOD
2024-10-25 22:00:00,PUMP102.VIBRATION_RMS,1.619,mm/s,GOOD
2024-10-26 00:00:00,PUMP102.VIBRATION_RMS,1.514,mm/s,GOOD
2024-10-26 02:00:00,PUMP102.VIBRATION_RMS,2.049,mm/s,GOOD
2024-10-26 04:00:00,PUMP102.VIBRATION_RMS,1.76,mm/s,GOOD
2024-10-26 06:00:00,PUMP102.VIBRATION_RMS,2.813,mm/s,GOOD
2024-10-26 08:00:00,PUMP102.VIBRATION_RMS,2.288,mm/s,GOOD
2024-10-26 10:00:00,PUMP102.VIBRATION_RMS,1.742,mm/s,GOOD
2024-10-26 12:00:00,PUMP102.VIBRATION_RMS,1.964,mm/s,GOOD
2024-10-26 14:00:00,PUMP102.VIBRATION_RMS,2.167,mm/s,GOOD
2024-10-26 16:00:00,PUMP102.VIBRATION_RMS,2.066,mm/s,GOOD
2024-10-26 18:00:00,PUMP102.VIBRATION_RMS,2.236,mm/s,GOOD
2024-10-26 20:00:00,PUMP102.VIBRATION_RMS,2.134,mm/s,GOOD
2024-10-26 22:00:00,PUMP102.VIBRATION_RMS,1.405,mm/s,GOOD
2024-10-27 00:00:00,PUMP102.VIBRATION_RMS,1.025,mm/s,GOOD
2024-10-27 02:00:00,PUMP102.VIBRATION_RMS,1.913,mm/s,GOOD
2024-10-27 04:00:00,PUMP102.VIBRATION_RMS,2.38,mm/s,GOOD
2024-10-27 06:00:00,PUMP102.VIBRATION_RMS,1.919,mm/s,GOOD
2024-10-27 08:00:00,PUMP102.VIBRATION_RMS,2.718,mm/s,GOOD
2024-10-27 10:00:00,PUMP102.VIBRATION_RMS,2.077,mm/s,GOOD
2024-10-27 12:00:00,PUMP102.VIBRATION_RMS,2.779,mm/s,GOOD
2024-10-27 14:00:00,PUMP102.VIBRATION_RMS,2.676,mm/s,GOOD
2024-10-27 16:00:00,PUMP102.VIBRATION_RMS,2.626,mm/s,GOOD
2024-10-27 18:00:00,PUMP102.VIBRATION_RMS,1.498,mm/s,GOOD
2024-10-27 20:00:00,PUMP102.VIBRATION_RMS,2.109,mm/s,GOOD
2024-10-27 22:00:00,PUMP102.VIBRATION_RMS,2.711,mm/s,GOOD
2024-10-28 00:00:00,PUMP102.VIBRATION_RMS,2.236,mm/s,GOOD
2024-10-28 02:00:00,PUMP102.VIBRATION_RMS,2.377,mm/s,GOOD
2024-10-28 04:00:00,PUMP102.VIBRATION_RMS,1.406,mm/s,GOOD
2024-10-28 06:00:00,PUMP102.VIBRATION_RMS,3.059,mm/s,GOOD
2024-10-28 08:00:00,PUMP102.VIBRATION_RMS,1.704,mm/s,GOOD
2024-10-28 10:00:00,PUMP102.VIBRATION_RMS,1.103,mm/s,GOOD
2024-10-28 12:00:00,PUMP102.VIBRATION_RMS,1.924,mm/s,GOOD
2024-10-28 14:00:00,PUMP102.VIBRATION_RMS,0.876,mm/s,GOOD
2024-10-28 16:00:00,PUMP102.VIBRATION_RMS,1.557,mm/s,GOOD
2024-10-28 18:00:00,PUMP102.VIBRATION_RMS,3.379,mm/s,GOOD
2024-10-28 20:00:00,PUMP102.VIBRATION_RMS,1.91,mm/s,BAD
2024-10-28 22:00:00,PUMP102.VIBRATION_RMS,1.386,mm/s,GOOD
2024-10-29 00:00:00,PUMP102.VIBRATION_RMS,2.113,mm/s,GOOD
2024-10-29 02:00:00,PUMP102.VIBRATION_RMS,1.651,mm/s,GOOD
2024-10-29 04:00:00,PUMP102.VIBRATION_RMS,2.532,mm/s,GOOD
2024-10-29 06:00:00,PUMP102.VIBRATION_RMS,1.655,mm/s,GOOD
2024-10-29 08:00:00,PUMP102.VIBRATION_RMS,2.235,mm/s,GOOD
2024-10-29 10:00:00,PUMP102.VIBRATION_RMS,1.526,mm/s,GOOD
2024-10-29 12:00:00,PUMP102.VIBRATION_RMS,3.4,mm/s,GOOD
2024-10-29 14:00:00,PUMP102.VIBRATION_RMS,2.352,mm/s,GOOD
2024-10-29 16:00:00,PUMP102.VIBRATION_RMS,2.027,mm/s,GOOD
2024-10-29 18:00:00,PUMP102.VIBRATION_RMS,1.954,mm/s,GOOD
2024-10-29 20:00:00,PUMP102.VIBRATION_RMS,1.823,mm/s,GOOD
2024-10-29 22:00:00,PUMP102.VIBRATION_RMS,1.72,mm/s,GOOD
2024-10-30 00:00:00,PUMP102.VIBRATION_RMS,1.706,mm/s,GOOD
2024-10-30 02:00:00,PUMP102.VIBRATION_RMS,2.939,mm/s,GOOD
2024-10-30 04:00:00,PUMP102.VIBRATION_RMS,1.824,mm/s,GOOD
2024-10-30 06:00:00,PUMP102.VIBRATION_RMS,1.035,mm/s,GOOD
2024-10-30 08:00:00,PUMP102.VIBRATION_RMS,1.517,mm/s,GOOD
2024-10-30 10:00:00,PUMP102.VIBRATION_RMS,2.564,mm/s,GOOD
2024-10-30 12:00:00,PUMP102.VIBRATION_RMS,1.974,mm/s,GOOD
2024-10-30 14:00:00,PUMP102.VIBRATION_RMS,2.033,mm/s,GOOD
2024-10-30 16:00:00,PUMP102.VIBRATION_RMS,2.685,mm/s,GOOD
2024-10-30 18:00:00,PUMP102.VIBRATION_RMS,1.711,mm/s,GOOD
2024-10-30 20:00:00,PUMP102.VIBRATION_RMS,2.416,mm/s,GOOD
2024-10-30 22:00:00,PUMP102.VIBRATION_RMS,1.766,mm/s,GOOD
2024-10-31 00:00:00,PUMP102.VIBRATION_RMS,2.388,mm/s,GOOD
2024-10-31 02:00:00,PUMP102.VIBRATION_RMS,1.904,mm/s,GOOD
2024-10-31 04:00:00,PUMP102.VIBRATION_RMS,1.979,mm/s,GOOD
2024-10-31 06:00:00,PUMP102.VIBRATION_RMS,2.51,mm/s,GOOD
2024-10-31 08:00:00,PUMP102.VIBRATION_RMS,2.474,mm/s,GOOD
2024-10-31 10:00:00,PUMP102.VIBRATION_RMS,2.017,mm/s,GOOD
2024-10-31 12:00:00,PUMP102.VIBRATION_RMS,1.864,mm/s,GOOD
2024-10-31 14:00:00,PUMP102.VIBRATION_RMS,2.9,mm/s,GOOD
2024-10-31 16:00:00,PUMP102.VIBRATION_RMS,2.395,mm/s,GOOD
2024-10-31 18:00:00,PUMP102.VIBRATION_RMS,1.904,mm/s,GOOD
2024-10-31 20:00:00,PUMP102.VIBRATION_RMS,1.773,mm/s,BAD
2024-10-31 22:00:00,PUMP102.VIBRATION_RMS,2.612,mm/s,GOOD
2024-11-01 00:00:00,PUMP102.VIBRATION_RMS,2.158,mm/s,GOOD
2024-11-01 02:00:00,PUMP102.VIBRATION_RMS,2.018,mm/s,GOOD
2024-11-01 04:00:00,PUMP102.VIBRATION_RMS,2.157,mm/s,GOOD
2024-11-01 06:00:00,PUMP102.VIBRATION_RMS,2.269,mm/s,GOOD
2024-11-01 08:00:00,PUMP102.VIBRATION_RMS,2.072,mm/s,GOOD
2024-11-01 10:00:00,PUMP102.VIBRATION_RMS,2.702,mm/s,GOOD
2024-11-01 12:00:00,PUMP102.VIBRATION_RMS,2.73,mm/s,GOOD
2024-11-01 14:00:00,PUMP102.VIBRATION_RMS,2.366,mm/s,GOOD
2024-11-01 16:00:00,PUMP102.VIBRATION_RMS,2.787,mm/s,GOOD
2024-11-01 18:00:00,PUMP102.VIBRATION_RMS,2.104,mm/s,GOOD
2024-11-01 20:00:00,PUMP102.VIBRATION_RMS,2.445,mm/s,GOOD
2024-11-01 22:00:00,PUMP102.VIBRATION_RMS,2.602,mm/s,GOOD
2024-11-02 00:00:00,PUMP102.VIBRATION_RMS,2.61,mm/s,GOOD
2024-11-02 02:00:00,PUMP102.VIBRATION_RMS,2.558,mm/s,GOOD
2024-11-02 04:00:00,PUMP102.VIBRATION_RMS,2.416,mm/s,GOOD
2024-11-02 06:00:00,PUMP102.VIBRATION_RMS,3.079,mm/s,GOOD
2024-11-02 08:00:00,PUMP102.VIBRATION_RMS,1.83,mm/s,GOOD
2024-11-02 10:00:00,PUMP102.VIBRATION_RMS,2.022,mm/s,GOOD
2024-11-02 12:00:00,PUMP102.VIBRATION_RMS,1.993,mm/s,GOOD
2024-11-02 14:00:00,PUMP102.VIBRATION_RMS,1.916,mm/s,GOOD
2024-11-02 16:00:00,PUMP102.VIBRATION_RMS,1.106,mm/s,GOOD
2024-11-02 18:00:00,PUMP102.VIBRATION_RMS,2.787,mm/s,GOOD
2024-11-02 20:00:00,PUMP102.VIBRATION_RMS,1.587,mm/s,GOOD
2024-11-02 22:00:00,PUMP102.VIBRATION_RMS,2.185,mm/s,GOOD
2024-11-03 00:00:00,PUMP102.VIBRATION_RMS,1.389,mm/s,GOOD
2024-11-03 02:00:00,PUMP102.VIBRATION_RMS,2.41,mm/s,GOOD
2024-11-03 04:00:00,PUMP102.VIBRATION_RMS,1.707,mm/s,GOOD
2024-11-03 06:00:00,PUMP102.VIBRATION_RMS,1.532,mm/s,GOOD
2024-11-03 08:00:00,PUMP102.VIBRATION_RMS,2.197,mm/s,GOOD
2024-11-03 10:00:00,PUMP102.VIBRATION_RMS,1.75,mm/s,GOOD
2024-11-03 12:00:00,PUMP102.VIBRATION_RMS,1.813,mm/s,GOOD
2024-11-03 14:00:00,PUMP102.VIBRATION_RMS,2.186,mm/s,GOOD
2024-11-03 16:00:00,PUMP102.VIBRATION_RMS,2.5,mm/s,GOOD
2024-11-03 18:00:00,PUMP102.VIBRATION_RMS,1.691,mm/s,GOOD
2024-11-03 20:00:00,PUMP102.VIBRATION_RMS,1.604,mm/s,GOOD
2024-11-03 22:00:00,PUMP102.VIBRATION_RMS,2.112,mm/s,GOOD
2024-11-04 00:00:00,PUMP102.VIBRATION_RMS,2.37,mm/s,GOOD
2024-11-04 02:00:00,PUMP102.VIBRATION_RMS,2.831,mm/s,GOOD
2024-11-04 04:00:00,PUMP102.VIBRATION_RMS,1.564,mm/s,GOOD
2024-11-04 06:00:00,PUMP102.VIBRATION_RMS,1.941,mm/s,GOOD
2024-11-04 08:00:00,PUMP102.VIBRATION_RMS,2.688,mm/s,GOOD
2024-11-04 10:00:00,PUMP102.VIBRATION_RMS,3.087,mm/s,GOOD
2024-11-04 12:00:00,PUMP102.VIBRATION_RMS,1.603,mm/s,GOOD
2024-11-04 14:00:00,PUMP102.VIBRATION_RMS,1.731,mm/s,GOOD
2024-11-04 16:00:00,PUMP102.VIBRATION_RMS,2.291,mm/s,GOOD
2024-11-04 18:00:00,PUMP102.VIBRATION_RMS,1.811,mm/s,GOOD
2024-11-04 20:00:00,PUMP102.VIBRATION_RMS,1.72,mm/s,GOOD
2024-11-04 22:00:00,PUMP102.VIBRATION_RMS,2.222,mm/s,GOOD
2024-11-05 00:00:00,PUMP102.VIBRATION_RMS,2.875,mm/s,GOOD
2024-11-05 02:00:00,PUMP102.VIBRATION_RMS,1.445,mm/s,GOOD
2024-11-05 04:00:00,PUMP102.VIBRATION_RMS,2.849,mm/s,GOOD
2024-11-05 06:00:00,PUMP102.VIBRATION_RMS,1.813,mm/s,GOOD
2024-11-05 08:00:00,PUMP102.VIBRATION_RMS,2.273,mm/s,GOOD
2024-11-05 10:00:00,PUMP102.VIBRATION_RMS,2.895,mm/s,GOOD
2024-11-05 12:00:00,PUMP102.VIBRATION_RMS,2.263,mm/s,GOOD
2024-11-05 14:00:00,PUMP102.VIBRATION_RMS,1.951,mm/s,GOOD
2024-11-05 16:00:00,PUMP102.VIBRATION_RMS,2.459,mm/s,BAD
2024-11-05 18:00:00,PUMP102.VIBRATION_RMS,2.013,mm/s,BAD
2024-11-05 20:00:00,PUMP102.VIBRATION_RMS,2.361,mm/s,GOOD
2024-11-05 22:00:00,PUMP102.VIBRATION_RMS,1.998,mm/s,GOOD
2024-11-06 00:00:00,PUMP102.VIBRATION_RMS,2.531,mm/s,GOOD
2024-11-06 02:00:00,PUMP102.VIBRATION_RMS,1.403,mm/s,GOOD
2024-11-06 04:00:00,PUMP102.VIBRATION_RMS,1.593,mm/s,GOOD
2024-11-06 06:00:00,PUMP102.VIBRATION_RMS,1.396,mm/s,GOOD
2024-11-06 08:00:00,PUMP102.VIBRATION_RMS,2.072,mm/s,GOOD
2024-11-06 10:00:00,PUMP102.VIBRATION_RMS,1.335,mm/s,GOOD
2024-11-06 12:00:00,PUMP102.VIBRATION_RMS,1.754,mm/s,GOOD
2024-11-06 14:00:00,PUMP102.VIBRATION_RMS,1.546,mm/s,GOOD
2024-11-06 16:00:00,PUMP102.VIBRATION_RMS,2.84,mm/s,GOOD
2024-11-06 18:00:00,PUMP102.VIBRATION_RMS,1.605,mm/s,GOOD
2024-11-06 20:00:00,PUMP102.VIBRATION_RMS,1.457,mm/s,GOOD
2024-11-06 22:00:00,PUMP102.VIBRATION_RMS,2.224,mm/s,GOOD
2024-11-07 00:00:00,PUMP102.VIBRATION_RMS,2.943,mm/s,GOOD
2024-11-07 02:00:00,PUMP102.VIBRATION_RMS,2.042,mm/s,GOOD
2024-11-07 04:00:00,PUMP102.VIBRATION_RMS,2.081,mm/s,GOOD
2024-11-07 06:00:00,PUMP102.VIBRATION_RMS,2.745,mm/s,GOOD
2024-11-07 08:00:00,PUMP102.VIBRATION_RMS,2.539,mm/s,GOOD
2024-11-07 10:00:00,PUMP102.VIBRATION_RMS,2.313,mm/s,GOOD
2024-11-07 12:00:00,PUMP102.VIBRATION_RMS,1.809,mm/s,GOOD
2024-11-07 14:00:00,PUMP102.VIBRATION_RMS,2.328,mm/s,GOOD
2024-11-07 16:00:00,PUMP102.VIBRATION_RMS,1.42,mm/s,GOOD
2024-11-07 18:00:00,PUMP102.VIBRATION_RMS,1.788,mm/s,GOOD
2024-11-07 20:00:00,PUMP102.VIBRATION_RMS,2.816,mm/s,GOOD
2024-11-07 22:00:00,PUMP102.VIBRATION_RMS,2.751,mm/s,GOOD
2024-11-08 00:00:00,PUMP102.VIBRATION_RMS,2.319,mm/s,GOOD
2024-11-08 02:00:00,PUMP102.VIBRATION_RMS,1.135,mm/s,GOOD
2024-11-08 04:00:00,PUMP102.VIBRATION_RMS,1.496,mm/s,GOOD
2024-11-08 06:00:00,PUMP102.VIBRATION_RMS,1.76,mm/s,GOOD
2024-11-08 08:00:00,PUMP102.VIBRATION_RMS,2.014,mm/s,GOOD
2024-11-08 10:00:00,PUMP102.VIBRATION_RMS,1.475,mm/s,GOOD
2024-11-08 12:00:00,PUMP102.VIBRATION_RMS,1.977,mm/s,GOOD
2024-11-08 14:00:00,PUMP102.VIBRATION_RMS,2.984,mm/s,GOOD
2024-11-08 16:00:00,PUMP102.VIBRATION_RMS,2.3,mm/s,GOOD
2024-11-08 18:00:00,PUMP102.VIBRATION_RMS,2.209,mm/s,GOOD
2024-11-08 20:00:00,PUMP102.VIBRATION_RMS,1.591,mm/s,GOOD
2024-11-08 22:00:00,PUMP102.VIBRATION_RMS,1.281,mm/s,GOOD
2024-11-09 00:00:00,PUMP102.VIBRATION_RMS,1.486,mm/s,GOOD
2024-11-09 02:00:00,PUMP102.VIBRATION_RMS,1.26,mm/s,GOOD
2024-11-09 04:00:00,PUMP102.VIBRATION_RMS,2.138,mm/s,GOOD
2024-11-09 06:00:00,PUMP102.VIBRATION_RMS,2.292,mm/s,GOOD
2024-11-09 08:00:00,PUMP102.VIBRATION_RMS,1.617,mm/s,GOOD
2024-11-09 10:00:00,PUMP102.VIBRATION_RMS,2.174,mm/s,GOOD
2024-11-09 12:00:00,PUMP102.VIBRATION_RMS,2.834,mm/s,GOOD
2024-11-09 14:00:00,PUMP102.VIBRATION_RMS,3.079,mm/s,GOOD
2024-11-09 16:00:00,PUMP102.VIBRATION_RMS,2.485,mm/s,GOOD
2024-11-09 18:00:00,PUMP102.VIBRATION_RMS,2.013,mm/s,GOOD
2024-11-09 20:00:00,PUMP102.VIBRATION_RMS,2.469,mm/s,GOOD
2024-11-09 22:00:00,PUMP102.VIBRATION_RMS,2.776,mm/s,GOOD
2024-11-10 00:00:00,PUMP102.VIBRATION_RMS,1.096,mm/s,GOOD
2024-11-10 02:00:00,PUMP102.VIBRATION_RMS,2.841,mm/s,GOOD
2024-11-10 04:00:00,PUMP102.VIBRATION_RMS,1.828,mm/s,GOOD
2024-11-10 06:00:00,PUMP102.VIBRATION_RMS,1.833,mm/s,GOOD
2024-11-10 08:00:00,PUMP102.VIBRATION_RMS,1.923,mm/s,GOOD
2024-11-10 10:00:00,PUMP102.VIBRATION_RMS,2.26,mm/s,GOOD
2024-11-10 12:00:00,PUMP102.VIBRATION_RMS,1.544,mm/s,GOOD
2024-11-10 14:00:00,PUMP102.VIBRATION_RMS,1.958,mm/s,GOOD
2024-11-10 16:00:00,PUMP102.VIBRATION_RMS,2.363,mm/s,GOOD
2024-11-10 18:00:00,PUMP102.VIBRATION_RMS,2.209,mm/s,GOOD
2024-11-10 20:00:00,PUMP102.VIBRATION_RMS,2.29,mm/s,GOOD
2024-11-10 22:00:00,PUMP102.VIBRATION_RMS,1.938,mm/s,GOOD
2024-11-11 00:00:00,PUMP102.VIBRATION_RMS,2.447,mm/s,GOOD
2024-11-11 02:00:00,PUMP102.VIBRATION_RMS,2.628,mm/s,GOOD
2024-11-11 04:00:00,PUMP102.VIBRATION_RMS,2.598,mm/s,GOOD
2024-11-11 06:00:00,PUMP102.VIBRATION_RMS,2.314,mm/s,GOOD
2024-11-11 08:00:00,PUMP102.VIBRATION_RMS,2.569,mm/s,GOOD
2024-11-11 10:00:00,PUMP102.VIBRATION_RMS,2.536,mm/s,GOOD
2024-11-11 12:00:00,PUMP102.VIBRATION_RMS,3.438,mm/s,GOOD
2024-11-11 14:00:00,PUMP102.VIBRATION_RMS,2.709,mm/s,GOOD
2024-11-11 16:00:00,PUMP102.VIBRATION_RMS,2.056,mm/s,GOOD
2024-11-11 18:00:00,PUMP102.VIBRATION_RMS,1.644,mm/s,GOOD
2024-11-11 20:00:00,PUMP102.VIBRATION_RMS,1.969,mm/s,GOOD
2024-11-11 22:00:00,PUMP102.VIBRATION_RMS,1.934,mm/s,GOOD
2024-11-12 00:00:00,PUMP102.VIBRATION_RMS,2.356,mm/s,GOOD
2024-11-12 02:00:00,PUMP102.VIBRATION_RMS,1.75,mm/s,GOOD
2024-11-12 04:00:00,PUMP102.VIBRATION_RMS,2.696,mm/s,GOOD
2024-11-12 06:00:00,PUMP102.VIBRATION_RMS,1.405,mm/s,BAD
2024-11-12 08:00:00,PUMP102.VIBRATION_RMS,1.284,mm/s,GOOD
2024-11-12 10:00:00,PUMP102.VIBRATION_RMS,2.032,mm/s,GOOD
2024-11-12 12:00:00,PUMP102.VIBRATION_RMS,1.679,mm/s,GOOD
2024-11-12 14:00:00,PUMP102.VIBRATION_RMS,1.471,mm/s,GOOD
2024-11-12 16:00:00,PUMP102.VIBRATION_RMS,1.781,mm/s,GOOD
2024-11-12 18:00:00,PUMP102.VIBRATION_RMS,1.719,mm/s,GOOD
2024-11-12 20:00:00,PUMP102.VIBRATION_RMS,2.105,mm/s,GOOD
2024-11-12 22:00:00,PUMP102.VIBRATION_RMS,1.79,mm/s,GOOD
2024-11-13 00:00:00,PUMP102.VIBRATION_RMS,1.83,mm/s,GOOD
2024-11-13 02:00:00,PUMP102.VIBRATION_RMS,2.098,mm/s,GOOD
2024-11-13 04:00:00,PUMP102.VIBRATION_RMS,2.607,mm/s,GOOD
2024-11-13 06:00:00,PUMP102.VIBRATION_RMS,2.835,mm/s,GOOD
2024-11-13 08:00:00,PUMP102.VIBRATION_RMS,2.174,mm/s,GOOD
2024-11-13 10:00:00,PUMP102.VIBRATION_RMS,2.213,mm/s,GOOD
2024-11-13 12:00:00,PUMP102.VIBRATION_RMS,2.008,mm/s,GOOD
2024-11-13 14:00:00,PUMP102.VIBRATION_RMS,2.341,mm/s,GOOD
2024-11-13 16:00:00,PUMP102.VIBRATION_RMS,2.295,mm/s,GOOD
2024-11-13 18:00:00,PUMP102.VIBRATION_RMS,2.763,mm/s,GOOD
2024-11-13 20:00:00,PUMP102.VIBRATION_RMS,1.156,mm/s,GOOD
2024-11-13 22:00:00,PUMP102.VIBRATION_RMS,1.983,mm/s,GOOD
2024-11-14 00:00:00,PUMP102.VIBRATION_RMS,2.27,mm/s,GOOD
2024-11-14 02:00:00,PUMP102.VIBRATION_RMS,2.087,mm/s,GOOD
2024-11-14 04:00:00,PUMP102.VIBRATION_RMS,1.63,mm/s,GOOD
2024-11-14 06:00:00,PUMP102.VIBRATION_RMS,1.45,mm/s,GOOD
2024-11-14 08:00:00,PUMP102.VIBRATION_RMS,2.503,mm/s,GOOD
2024-11-14 10:00:00,PUMP102.VIBRATION_RMS,1.722,mm/s,GOOD
2024-11-14 12:00:00,PUMP102.VIBRATION_RMS,1.223,mm/s,GOOD
2024-11-14 14:00:00,PUMP102.VIBRATION_RMS,2.528,mm/s,GOOD
2024-11-14 16:00:00,PUMP102.VIBRATION_RMS,2.329,mm/s,GOOD
2024-11-14 18:00:00,PUMP102.VIBRATION_RMS,2.042,mm/s,GOOD
2024-11-14 20:00:00,PUMP102.VIBRATION_RMS,1.643,mm/s,GOOD
2024-11-14 22:00:00,PUMP102.VIBRATION_RMS,2.043,mm/s,GOOD
2024-11-15 00:00:00,PUMP102.VIBRATION_RMS,2.708,mm/s,GOOD
2024-11-15 02:00:00,PUMP102.VIBRATION_RMS,1.293,mm/s,GOOD
2024-11-15 04:00:00,PUMP102.VIBRATION_RMS,1.318,mm/s,GOOD
2024-11-15 06:00:00,PUMP102.VIBRATION_RMS,1.786,mm/s,GOOD
2024-11-15 08:00:00,PUMP102.VIBRATION_RMS,2.087,mm/s,GOOD
2024-11-15 10:00:00,PUMP102.VIBRATION_RMS,1.852,mm/s,GOOD
2024-11-15 12:00:00,PUMP102.VIBRATION_RMS,2.421,mm/s,GOOD
2024-11-15 14:00:00,PUMP102.VIBRATION_RMS,2.644,mm/s,GOOD
2024-11-15 16:00:00,PUMP102.VIBRATION_RMS,2.239,mm/s,GOOD
2024-11-15 18:00:00,PUMP102.VIBRATION_RMS,2.38,mm/s,GOOD
2024-11-15 20:00:00,PUMP102.VIBRATION_RMS,2.236,mm/s,GOOD
2024-11-15 22:00:00,PUMP102.VIBRATION_RMS,2.105,mm/s,GOOD
2024-11-16 00:00:00,PUMP102.VIBRATION_RMS,1.453,mm/s,GOOD
2024-11-16 02:00:00,PUMP102.VIBRATION_RMS,1.586,mm/s,GOOD
2024-11-16 04:00:00,PUMP102.VIBRATION_RMS,1.425,mm/s,GOOD
2024-11-16 06:00:00,PUMP102.VIBRATION_RMS,2.026,mm/s,GOOD
2024-11-16 08:00:00,PUMP102.VIBRATION_RMS,2.216,mm/s,GOOD
2024-11-16 10:00:00,PUMP102.VIBRATION_RMS,1.375,mm/s,GOOD
2024-11-16 12:00:00,PUMP102.VIBRATION_RMS,2.136,mm/s,GOOD
2024-11-16 14:00:00,PUMP102.VIBRATION_RMS,1.662,mm/s,GOOD
2024-11-16 16:00:00,PUMP102.VIBRATION_RMS,1.565,mm/s,GOOD
2024-11-16 18:00:00,PUMP102.VIBRATION_RMS,1.787,mm/s,GOOD
2024-11-16 20:00:00,PUMP102.VIBRATION_RMS,1.54,mm/s,GOOD
2024-11-16 22:00:00,PUMP102.VIBRATION_RMS,2.403,mm/s,GOOD
2024-11-17 00:00:00,PUMP102.VIBRATION_RMS,2.016,mm/s,GOOD
2024-11-17 02:00:00,PUMP102.VIBRATION_RMS,2.508,mm/s,GOOD
2024-11-17 04:00:00,PUMP102.VIBRATION_RMS,1.878,mm/s,GOOD
2024-11-17 06:00:00,PUMP102.VIBRATION_RMS,1.897,mm/s,GOOD
2024-11-17 08:00:00,PUMP102.VIBRATION_RMS,3.037,mm/s,GOOD
2024-11-17 10:00:00,PUMP102.VIBRATION_RMS,1.288,mm/s,GOOD
2024-11-17 12:00:00,PUMP102.VIBRATION_RMS,2.742,mm/s,GOOD
2024-11-17 14:00:00,PUMP102.VIBRATION_RMS,2.927,mm/s,GOOD
2024-11-17 16:00:00,PUMP102.VIBRATION_RMS,2.483,mm/s,GOOD
2024-11-17 18:00:00,PUMP102.VIBRATION_RMS,1.935,mm/s,GOOD
2024-11-17 20:00:00,PUMP102.VIBRATION_RMS,2.813,mm/s,GOOD
2024-11-17 22:00:00,PUMP102.VIBRATION_RMS,1.939,mm/s,GOOD
2024-11-18 00:00:00,PUMP102.VIBRATION_RMS,1.747,mm/s,GOOD
2024-11-18 02:00:00,PUMP102.VIBRATION_RMS,1.906,mm/s,GOOD
2024-11-18 04:00:00,PUMP102.VIBRATION_RMS,1.815,mm/s,BAD
2024-11-18 06:00:00,PUMP102.VIBRATION_RMS,1.627,mm/s,GOOD
2024-11-18 08:00:00,PUMP102.VIBRATION_RMS,2.655,mm/s,GOOD
2024-11-18 10:00:00,PUMP102.VIBRATION_RMS,1.713,mm/s,GOOD
2024-11-18 12:00:00,PUMP102.VIBRATION_RMS,2.085,mm/s,GOOD
2024-11-18 14:00:00,PUMP102.VIBRATION_RMS,1.378,mm/s,GOOD
2024-11-18 16:00:00,PUMP102.VIBRATION_RMS,2.115,mm/s,GOOD
2024-11-18 18:00:00,PUMP102.VIBRATION_RMS,1.522,mm/s,GOOD
2024-11-18 20:00:00,PUMP102.VIBRATION_RMS,1.51,mm/s,GOOD
2024-11-18 22:00:00,PUMP102.VIBRATION_RMS,2.045,mm/s,GOOD
2024-11-19 00:00:00,PUMP102.VIBRATION_RMS,2.628,mm/s,GOOD
2024-11-19 02:00:00,PUMP102.VIBRATION_RMS,2.32,mm/s,GOOD
2024-11-19 04:00:00,PUMP102.VIBRATION_RMS,2.355,mm/s,GOOD
2024-11-19 06:00:00,PUMP102.VIBRATION_RMS,2.035,mm/s,GOOD
2024-11-19 08:00:00,PUMP102.VIBRATION_RMS,1.932,mm/s,GOOD
2024-11-19 10:00:00,PUMP102.VIBRATION_RMS,2.496,mm/s,GOOD
2024-11-19 12:00:00,PUMP102.VIBRATION_RMS,1.818,mm/s,GOOD
2024-11-19 14:00:00,PUMP102.VIBRATION_RMS,2.517,mm/s,GOOD
2024-11-19 16:00:00,PUMP102.VIBRATION_RMS,2.718,mm/s,GOOD
2024-11-19 18:00:00,PUMP102.VIBRATION_RMS,1.679,mm/s,GOOD
2024-11-19 20:00:00,PUMP102.VIBRATION_RMS,1.753,mm/s,GOOD
2024-11-19 22:00:00,PUMP102.VIBRATION_RMS,1.827,mm/s,GOOD
2024-11-20 00:00:00,PUMP102.VIBRATION_RMS,1.367,mm/s,GOOD
2024-11-20 02:00:00,PUMP102.VIBRATION_RMS,1.865,mm/s,GOOD
2024-11-20 04:00:00,PUMP102.VIBRATION_RMS,2.751,mm/s,GOOD
2024-11-20 06:00:00,PUMP102.VIBRATION_RMS,1.577,mm/s,GOOD
2024-11-20 08:00:00,PUMP102.VIBRATION_RMS,2.763,mm/s,BAD
2024-11-20 10:00:00,PUMP102.VIBRATION_RMS,1.883,mm/s,GOOD
2024-11-20 12:00:00,PUMP102.VIBRATION_RMS,3.157,mm/s,GOOD
2024-11-20 14:00:00,PUMP102.VIBRATION_RMS,1.759,mm/s,GOOD
2024-11-20 16:00:00,PUMP102.VIBRATION_RMS,2.028,mm/s,GOOD
2024-11-20 18:00:00,PUMP102.VIBRATION_RMS,1.645,mm/s,GOOD
2024-11-20 20:00:00,PUMP102.VIBRATION_RMS,1.756,mm/s,GOOD
2024-11-20 22:00:00,PUMP102.VIBRATION_RMS,2.769,mm/s,GOOD
2024-11-21 00:00:00,PUMP102.VIBRATION_RMS,2.337,mm/s,GOOD
2024-11-21 02:00:00,PUMP102.VIBRATION_RMS,2.614,mm/s,GOOD
2024-11-21 04:00:00,PUMP102.VIBRATION_RMS,1.442,mm/s,GOOD
2024-11-21 06:00:00,PUMP102.VIBRATION_RMS,2.427,mm/s,GOOD
2024-11-21 08:00:00,PUMP102.VIBRATION_RMS,1.614,mm/s,GOOD
2024-11-21 10:00:00,PUMP102.VIBRATION_RMS,1.431,mm/s,GOOD
2024-11-21 12:00:00,PUMP102.VIBRATION_RMS,2.219,mm/s,GOOD
2024-11-21 14:00:00,PUMP102.VIBRATION_RMS,2.214,mm/s,GOOD
2024-11-21 16:00:00,PUMP102.VIBRATION_RMS,2.127,mm/s,GOOD
2024-11-21 18:00:00,PUMP102.VIBRATION_RMS,2.459,mm/s,GOOD
2024-11-21 20:00:00,PUMP102.VIBRATION_RMS,2.537,mm/s,GOOD
2024-11-21 22:00:00,PUMP102.VIBRATION_RMS,2.835,mm/s,GOOD
2024-11-22 00:00:00,PUMP102.VIBRATION_RMS,1.505,mm/s,GOOD
2024-11-22 02:00:00,PUMP102.VIBRATION_RMS,2.851,mm/s,GOOD
2024-11-22 04:00:00,PUMP102.VIBRATION_RMS,3.041,mm/s,GOOD
2024-11-22 06:00:00,PUMP102.VIBRATION_RMS,1.917,mm/s,GOOD
2024-11-22 08:00:00,PUMP102.VIBRATION_RMS,1.266,mm/s,GOOD
2024-11-22 10:00:00,PUMP102.VIBRATION_RMS,1.408,mm/s,GOOD
2024-11-22 12:00:00,PUMP102.VIBRATION_RMS,1.869,mm/s,GOOD
2024-11-22 14:00:00,PUMP102.VIBRATION_RMS,3.107,mm/s,BAD
2024-11-22 16:00:00,PUMP102.VIBRATION_RMS,2.109,mm/s,GOOD
2024-11-22 18:00:00,PUMP102.VIBRATION_RMS,1.791,mm/s,GOOD
2024-11-22 20:00:00,PUMP102.VIBRATION_RMS,1.757,mm/s,GOOD
2024-11-22 22:00:00,PUMP102.VIBRATION_RMS,1.439,mm/s,GOOD
2024-11-23 00:00:00,PUMP102.VIBRATION_RMS,2.537,mm/s,GOOD
2024-11-23 02:00:00,PUMP102.VIBRATION_RMS,2.054,mm/s,BAD
2024-11-23 04:00:00,PUMP102.VIBRATION_RMS,3.15,mm/s,GOOD
2024-11-23 06:00:00,PUMP102.VIBRATION_RMS,2.414,mm/s,GOOD
2024-11-23 08:00:00,PUMP102.VIBRATION_RMS,2.515,mm/s,GOOD
2024-11-23 10:00:00,PUMP102.VIBRATION_RMS,1.979,mm/s,GOOD
2024-11-23 12:00:00,PUMP102.VIBRATION_RMS,1.554,mm/s,GOOD
2024-11-23 14:00:00,PUMP102.VIBRATION_RMS,1.663,mm/s,GOOD
2024-11-23 16:00:00,PUMP102.VIBRATION_RMS,1.415,mm/s,GOOD
2024-11-23 18:00:00,PUMP102.VIBRATION_RMS,2.555,mm/s,GOOD
2024-11-23 20:00:00,PUMP102.VIBRATION_RMS,1.908,mm/s,GOOD
2024-11-23 22:00:00,PUMP102.VIBRATION_RMS,2.576,mm/s,GOOD
2024-11-24 00:00:00,PUMP102.VIBRATION_RMS,2.168,mm/s,GOOD
2024-11-24 02:00:00,PUMP102.VIBRATION_RMS,1.954,mm/s,GOOD
2024-11-24 04:00:00,PUMP102.VIBRATION_RMS,1.515,mm/s,GOOD
2024-11-24 06:00:00,PUMP102.VIBRATION_RMS,2.251,mm/s,GOOD
2024-11-24 08:00:00,PUMP102.VIBRATION_RMS,1.991,mm/s,GOOD
2024-11-24 10:00:00,PUMP102.VIBRATION_RMS,2.551,mm/s,GOOD
2024-11-24 12:00:00,PUMP102.VIBRATION_RMS,1.742,mm/s,GOOD
2024-11-24 14:00:00,PUMP102.VIBRATION_RMS,2.408,mm/s,GOOD
2024-11-24 16:00:00,PUMP102.VIBRATION_RMS,2.92,mm/s,GOOD
2024-11-24 18:00:00,PUMP102.VIBRATION_RMS,2.236,mm/s,GOOD
2024-11-24 20:00:00,PUMP102.VIBRATION_RMS,2.493,mm/s,GOOD
2024-11-24 22:00:00,PUMP102.VIBRATION_RMS,2.386,mm/s,GOOD
2024-11-25 00:00:00,PUMP102.VIBRATION_RMS,3.049,mm/s,GOOD
2024-11-25 02:00:00,PUMP102.VIBRATION_RMS,2.286,mm/s,GOOD
2024-11-25 04:00:00,PUMP102.VIBRATION_RMS,2.45,mm/s,GOOD
2024-11-25 06:00:00,PUMP102.VIBRATION_RMS,2.082,mm/s,GOOD
2024-11-25 08:00:00,PUMP102.VIBRATION_RMS,1.713,mm/s,GOOD
2024-11-25 10:00:00,PUMP102.VIBRATION_RMS,1.496,mm/s,GOOD
2024-11-25 12:00:00,PUMP102.VIBRATION_RMS,2.733,mm/s,GOOD
2024-11-25 14:00:00,PUMP102.VIBRATION_RMS,1.596,mm/s,GOOD
2024-11-25 16:00:00,PUMP102.VIBRATION_RMS,2.473,mm/s,GOOD
2024-11-25 18:00:00,PUMP102.VIBRATION_RMS,2.308,mm/s,GOOD
2024-11-25 20:00:00,PUMP102.VIBRATION_RMS,2.559,mm/s,GOOD
2024-11-25 22:00:00,PUMP102.VIBRATION_RMS,1.843,mm/s,GOOD
2024-11-26 00:00:00,PUMP102.VIBRATION_RMS,1.705,mm/s,GOOD
2024-11-26 02:00:00,PUMP102.VIBRATION_RMS,2.289,mm/s,GOOD
2024-11-26 04:00:00,PUMP102.VIBRATION_RMS,1.954,mm/s,GOOD
2024-11-26 06:00:00,PUMP102.VIBRATION_RMS,1.484,mm/s,GOOD
2024-11-26 08:00:00,PUMP102.VIBRATION_RMS,3.069,mm/s,GOOD
2024-11-26 10:00:00,PUMP102.VIBRATION_RMS,1.704,mm/s,GOOD
2024-11-26 12:00:00,PUMP102.VIBRATION_RMS,1.603,mm/s,GOOD
2024-11-26 14:00:00,PUMP102.VIBRATION_RMS,1.979,mm/s,GOOD
2024-11-26 16:00:00,PUMP102.VIBRATION_RMS,2.726,mm/s,GOOD
2024-11-26 18:00:00,PUMP102.VIBRATION_RMS,1.017,mm/s,GOOD
2024-11-26 20:00:00,PUMP102.VIBRATION_RMS,2.685,mm/s,GOOD
2024-11-26 22:00:00,PUMP102.VIBRATION_RMS,1.644,mm/s,GOOD
2024-11-27 00:00:00,PUMP102.VIBRATION_RMS,2.232,mm/s,GOOD
2024-11-27 02:00:00,PUMP102.VIBRATION_RMS,1.762,mm/s,GOOD
2024-11-27 04:00:00,PUMP102.VIBRATION_RMS,3.096,mm/s,GOOD
2024-11-27 06:00:00,PUMP102.VIBRATION_RMS,2.162,mm/s,GOOD
2024-11-27 08:00:00,PUMP102.VIBRATION_RMS,1.746,mm/s,GOOD
2024-11-27 10:00:00,PUMP102.VIBRATION_RMS,1.949,mm/s,GOOD
2024-11-27 12:00:00,PUMP102.VIBRATION_RMS,2.145,mm/s,GOOD
2024-11-27 14:00:00,PUMP102.VIBRATION_RMS,2.189,mm/s,GOOD
2024-11-27 16:00:00,PUMP102.VIBRATION_RMS,2.319,mm/s,GOOD
2024-11-27 18:00:00,PUMP102.VIBRATION_RMS,2.099,mm/s,GOOD
2024-11-27 20:00:00,PUMP102.VIBRATION_RMS,1.411,mm/s,GOOD
2024-11-27 22:00:00,PUMP102.VIBRATION_RMS,1.93,mm/s,GOOD
2024-11-28 00:00:00,PUMP102.VIBRATION_RMS,2.403,mm/s,GOOD
2024-11-28 02:00:00,PUMP102.VIBRATION_RMS,1.765,mm/s,BAD
2024-11-28 04:00:00,PUMP102.VIBRATION_RMS,2.436,mm/s,GOOD
2024-11-28 06:00:00,PUMP102.VIBRATION_RMS,2.116,mm/s,GOOD
2024-11-28 08:00:00,PUMP102.VIBRATION_RMS,1.991,mm/s,GOOD
2024-11-28 10:00:00,PUMP102.VIBRATION_RMS,2.697,mm/s,GOOD
2024-11-28 12:00:00,PUMP102.VIBRATION_RMS,1.231,mm/s,GOOD
2024-11-28 14:00:00,PUMP102.VIBRATION_RMS,1.762,mm/s,GOOD
2024-11-28 16:00:00,PUMP102.VIBRATION_RMS,2.716,mm/s,GOOD
2024-11-28 18:00:00,PUMP102.VIBRATION_RMS,3.015,mm/s,GOOD
2024-11-28 20:00:00,PUMP102.VIBRATION_RMS,3.243,mm/s,GOOD
2024-11-28 22:00:00,PUMP102.VIBRATION_RMS,2.125,mm/s,GOOD
2024-11-29 00:00:00,PUMP102.VIBRATION_RMS,2.329,mm/s,GOOD
2024-11-29 02:00:00,PUMP102.VIBRATION_RMS,2.509,mm/s,GOOD
2024-11-29 04:00:00,PUMP102.VIBRATION_RMS,2.738,mm/s,GOOD
2024-11-29 06:00:00,PUMP102.VIBRATION_RMS,2.257,mm/s,GOOD
2024-11-29 08:00:00,PUMP102.VIBRATION_RMS,2.563,mm/s,GOOD
2024-11-29 10:00:00,PUMP102.VIBRATION_RMS,2.33,mm/s,GOOD
2024-11-29 12:00:00,PUMP102.VIBRATION_RMS,2.361,mm/s,GOOD
2024-11-29 14:00:00,PUMP102.VIBRATION_RMS,1.641,mm/s,GOOD
2024-11-29 16:00:00,PUMP102.VIBRATION_RMS,1.935,mm/s,GOOD
2024-11-29 18:00:00,PUMP102.VIBRATION_RMS,1.839,mm/s,GOOD
2024-11-29 20:00:00,PUMP102.VIBRATION_RMS,1.506,mm/s,GOOD
2024-11-29 22:00:00,PUMP102.VIBRATION_RMS,1.274,mm/s,GOOD
2024-11-30 00:00:00,PUMP102.VIBRATION_RMS,1.888,mm/s,GOOD
2024-11-30 02:00:00,PUMP102.VIBRATION_RMS,1.968,mm/s,GOOD
2024-11-30 04:00:00,PUMP102.VIBRATION_RMS,2.153,mm/s,GOOD
2024-11-30 06:00:00,PUMP102.VIBRATION_RMS,2.378,mm/s,GOOD
2024-11-30 08:00:00,PUMP102.VIBRATION_RMS,2.194,mm/s,GOOD
2024-11-30 10:00:00,PUMP102.VIBRATION_RMS,1.972,mm/s,GOOD
2024-11-30 12:00:00,PUMP102.VIBRATION_RMS,1.642,mm/s,GOOD
2024-11-30 14:00:00,PUMP102.VIBRATION_RMS,2.539,mm/s,GOOD
2024-11-30 16:00:00,PUMP102.VIBRATION_RMS,2.049,mm/s,GOOD
2024-11-30 18:00:00,PUMP102.VIBRATION_RMS,1.883,mm/s,GOOD
2024-11-30 20:00:00,PUMP102.VIBRATION_RMS,2.007,mm/s,GOOD
2024-11-30 22:00:00,PUMP102.VIBRATION_RMS,1.734,mm/s,GOOD
2024-12-01 00:00:00,PUMP102.VIBRATION_RMS,1.835,mm/s,GOOD
2024-12-01 02:00:00,PUMP102.VIBRATION_RMS,1.819,mm/s,GOOD
2024-12-01 04:00:00,PUMP102.VIBRATION_RMS,1.956,mm/s,GOOD
2024-12-01 06:00:00,PUMP102.VIBRATION_RMS,2.428,mm/s,GOOD
2024-12-01 08:00:00,PUMP102.VIBRATION_RMS,2.304,mm/s,GOOD
2024-12-01 10:00:00,PUMP102.VIBRATION_RMS,2.873,mm/s,GOOD
2024-12-01 12:00:00,PUMP102.VIBRATION_RMS,2.706,mm/s,GOOD
2024-12-01 14:00:00,PUMP102.VIBRATION_RMS,3.078,mm/s,GOOD
2024-12-01 16:00:00,PUMP102.VIBRATION_RMS,2.38,mm/s,GOOD
2024-12-01 18:00:00,PUMP102.VIBRATION_RMS,2.372,mm/s,GOOD
2024-12-01 20:00:00,PUMP102.VIBRATION_RMS,1.856,mm/s,GOOD
2024-12-01 22:00:00,PUMP102.VIBRATION_RMS,2.513,mm/s,GOOD
2024-12-02 00:00:00,PUMP102.VIBRATION_RMS,1.772,mm/s,GOOD
2024-12-02 02:00:00,PUMP102.VIBRATION_RMS,1.365,mm/s,GOOD
2024-12-02 04:00:00,PUMP102.VIBRATION_RMS,2.863,mm/s,GOOD
2024-12-02 06:00:00,PUMP102.VIBRATION_RMS,1.475,mm/s,GOOD
2024-12-02 08:00:00,PUMP102.VIBRATION_RMS,2.319,mm/s,GOOD
2024-12-02 10:00:00,PUMP102.VIBRATION_RMS,1.66,mm/s,GOOD
2024-12-02 12:00:00,PUMP102.VIBRATION_RMS,2.663,mm/s,BAD
2024-12-02 14:00:00,PUMP102.VIBRATION_RMS,2.731,mm/s,GOOD
2024-12-02 16:00:00,PUMP102.VIBRATION_RMS,2.365,mm/s,GOOD
2024-12-02 18:00:00,PUMP102.VIBRATION_RMS,2.723,mm/s,GOOD
2024-12-02 20:00:00,PUMP102.VIBRATION_RMS,2.104,mm/s,GOOD
2024-12-02 22:00:00,PUMP102.VIBRATION_RMS,3.217,mm/s,GOOD
2024-12-03 00:00:00,PUMP102.VIBRATION_RMS,2.473,mm/s,GOOD
2024-12-03 02:00:00,PUMP102.VIBRATION_RMS,1.65,mm/s,GOOD
2024-12-03 04:00:00,PUMP102.VIBRATION_RMS,2.135,mm/s,GOOD
2024-12-03 06:00:00,PUMP102.VIBRATION_RMS,2.024,mm/s,GOOD
2024-12-03 08:00:00,PUMP102.VIBRATION_RMS,1.975,mm/s,GOOD
2024-12-03 10:00:00,PUMP102.VIBRATION_RMS,1.271,mm/s,GOOD
2024-12-03 12:00:00,PUMP102.VIBRATION_RMS,2.293,mm/s,GOOD
2024-12-03 14:00:00,PUMP102.VIBRATION_RMS,1.407,mm/s,GOOD
2024-12-03 16:00:00,PUMP102.VIBRATION_RMS,0.837,mm/s,GOOD
2024-12-03 18:00:00,PUMP102.VIBRATION_RMS,1.928,mm/s,GOOD
2024-12-03 20:00:00,PUMP102.VIBRATION_RMS,1.722,mm/s,GOOD
2024-12-03 22:00:00,PUMP102.VIBRATION_RMS,1.669,mm/s,GOOD
2024-12-04 00:00:00,PUMP102.VIBRATION_RMS,0.548,mm/s,GOOD
2024-12-04 02:00:00,PUMP102.VIBRATION_RMS,1.675,mm/s,GOOD
2024-12-04 04:00:00,PUMP102.VIBRATION_RMS,2.013,mm/s,GOOD
2024-12-04 06:00:00,PUMP102.VIBRATION_RMS,1.783,mm/s,GOOD
2024-12-04 08:00:00,PUMP102.VIBRATION_RMS,2.294,mm/s,GOOD
2024-12-04 10:00:00,PUMP102.VIBRATION_RMS,2.796,mm/s,GOOD
2024-12-04 12:00:00,PUMP102.VIBRATION_RMS,2.358,mm/s,GOOD
2024-12-04 14:00:00,PUMP102.VIBRATION_RMS,2.613,mm/s,GOOD
2024-12-04 16:00:00,PUMP102.VIBRATION_RMS,2.655,mm/s,BAD
2024-12-04 18:00:00,PUMP102.VIBRATION_RMS,1.591,mm/s,GOOD
2024-12-04 20:00:00,PUMP102.VIBRATION_RMS,2.32,mm/s,GOOD
2024-12-04 22:00:00,PUMP102.VIBRATION_RMS,2.598,mm/s,GOOD
2024-12-05 00:00:00,PUMP102.VIBRATION_RMS,1.882,mm/s,GOOD
2024-12-05 02:00:00,PUMP102.VIBRATION_RMS,1.705,mm/s,GOOD
2024-12-05 04:00:00,PUMP102.VIBRATION_RMS,2.365,mm/s,GOOD
2024-12-05 06:00:00,PUMP102.VIBRATION_RMS,1.359,mm/s,GOOD
2024-12-05 08:00:00,PUMP102.VIBRATION_RMS,1.556,mm/s,GOOD
2024-12-05 10:00:00,PUMP102.VIBRATION_RMS,1.767,mm/s,GOOD
2024-12-05 12:00:00,PUMP102.VIBRATION_RMS,2.325,mm/s,GOOD
2024-12-05 14:00:00,PUMP102.VIBRATION_RMS,2.209,mm/s,GOOD
2024-12-05 16:00:00,PUMP102.VIBRATION_RMS,2.616,mm/s,GOOD
2024-12-05 18:00:00,PUMP102.VIBRATION_RMS,1.639,mm/s,GOOD
2024-12-05 20:00:00,PUMP102.VIBRATION_RMS,1.612,mm/s,GOOD
2024-12-05 22:00:00,PUMP102.VIBRATION_RMS,2.362,mm/s,GOOD
2024-12-06 00:00:00,PUMP102.VIBRATION_RMS,1.701,mm/s,GOOD
2024-12-06 02:00:00,PUMP102.VIBRATION_RMS,1.798,mm/s,BAD
2024-12-06 04:00:00,PUMP102.VIBRATION_RMS,1.172,mm/s,GOOD
2024-12-06 06:00:00,PUMP102.VIBRATION_RMS,2.245,mm/s,GOOD
2024-12-06 08:00:00,PUMP102.VIBRATION_RMS,2.871,mm/s,GOOD
2024-12-06 10:00:00,PUMP102.VIBRATION_RMS,1.585,mm/s,GOOD
2024-12-06 12:00:00,PUMP102.VIBRATION_RMS,2.611,mm/s,GOOD
2024-12-06 14:00:00,PUMP102.VIBRATION_RMS,2.07,mm/s,GOOD
2024-12-06 16:00:00,PUMP102.VIBRATION_RMS,1.217,mm/s,GOOD
2024-12-06 18:00:00,PUMP102.VIBRATION_RMS,1.653,mm/s,GOOD
2024-12-06 20:00:00,PUMP102.VIBRATION_RMS,1.622,mm/s,BAD
2024-12-06 22:00:00,PUMP102.VIBRATION_RMS,1.942,mm/s,GOOD
2024-12-07 00:00:00,PUMP102.VIBRATION_RMS,2.31,mm/s,GOOD
2024-12-07 02:00:00,PUMP102.VIBRATION_RMS,3.024,mm/s,GOOD
2024-12-07 04:00:00,PUMP102.VIBRATION_RMS,1.384,mm/s,GOOD
2024-12-07 06:00:00,PUMP102.VIBRATION_RMS,1.858,mm/s,GOOD
2024-12-07 08:00:00,PUMP102.VIBRATION_RMS,1.652,mm/s,GOOD
2024-12-07 10:00:00,PUMP102.VIBRATION_RMS,1.466,mm/s,GOOD
2024-12-07 12:00:00,PUMP102.VIBRATION_RMS,2.148,mm/s,GOOD
2024-12-07 14:00:00,PUMP102.VIBRATION_RMS,2.101,mm/s,GOOD
2024-12-07 16:00:00,PUMP102.VIBRATION_RMS,1.193,mm/s,GOOD
2024-12-07 18:00:00,PUMP102.VIBRATION_RMS,2.109,mm/s,GOOD
2024-12-07 20:00:00,PUMP102.VIBRATION_RMS,1.497,mm/s,GOOD
2024-12-07 22:00:00,PUMP102.VIBRATION_RMS,2.106,mm/s,GOOD
2024-12-08 00:00:00,PUMP102.VIBRATION_RMS,2.735,mm/s,GOOD
2024-12-08 02:00:00,PUMP102.VIBRATION_RMS,2.332,mm/s,GOOD
2024-12-08 04:00:00,PUMP102.VIBRATION_RMS,2.189,mm/s,GOOD
2024-12-08 06:00:00,PUMP102.VIBRATION_RMS,1.836,mm/s,GOOD
2024-12-08 08:00:00,PUMP102.VIBRATION_RMS,2.133,mm/s,GOOD
2024-12-08 10:00:00,PUMP102.VIBRATION_RMS,2.382,mm/s,GOOD
2024-12-08 12:00:00,PUMP102.VIBRATION_RMS,2.332,mm/s,BAD
2024-12-08 14:00:00,PUMP102.VIBRATION_RMS,2.05,mm/s,GOOD
2024-12-08 16:00:00,PUMP102.VIBRATION_RMS,2.209,mm/s,GOOD
2024-12-08 18:00:00,PUMP102.VIBRATION_RMS,1.442,mm/s,GOOD
2024-12-08 20:00:00,PUMP102.VIBRATION_RMS,1.733,mm/s,GOOD
2024-12-08 22:00:00,PUMP102.VIBRATION_RMS,2.454,mm/s,GOOD
2024-12-09 00:00:00,PUMP102.VIBRATION_RMS,2.521,mm/s,GOOD
2024-12-09 02:00:00,PUMP102.VIBRATION_RMS,2.147,mm/s,GOOD
2024-12-09 04:00:00,PUMP102.VIBRATION_RMS,2.839,mm/s,GOOD
2024-12-09 06:00:00,PUMP102.VIBRATION_RMS,2.354,mm/s,GOOD
2024-12-09 08:00:00,PUMP102.VIBRATION_RMS,1.983,mm/s,GOOD
2024-12-09 10:00:00,PUMP102.VIBRATION_RMS,1.49,mm/s,GOOD
2024-12-09 12:00:00,PUMP102.VIBRATION_RMS,2.819,mm/s,GOOD
2024-12-09 14:00:00,PUMP102.VIBRATION_RMS,2.485,mm/s,GOOD
2024-12-09 16:00:00,PUMP102.VIBRATION_RMS,2.999,mm/s,GOOD
2024-12-09 18:00:00,PUMP102.VIBRATION_RMS,3.183,mm/s,GOOD
2024-12-09 20:00:00,PUMP102.VIBRATION_RMS,1.457,mm/s,GOOD
2024-12-09 22:00:00,PUMP102.VIBRATION_RMS,1.458,mm/s,GOOD
2024-12-10 00:00:00,PUMP102.VIBRATION_RMS,0.668,mm/s,GOOD
2024-12-10 02:00:00,PUMP102.VIBRATION_RMS,2.559,mm/s,GOOD
2024-12-10 04:00:00,PUMP102.VIBRATION_RMS,2.428,mm/s,GOOD
2024-12-10 06:00:00,PUMP102.VIBRATION_RMS,2.149,mm/s,GOOD
2024-12-10 08:00:00,PUMP102.VIBRATION_RMS,1.487,mm/s,GOOD
2024-12-10 10:00:00,PUMP102.VIBRATION_RMS,2.055,mm/s,GOOD
2024-12-10 12:00:00,PUMP102.VIBRATION_RMS,2.192,mm/s,GOOD
2024-12-10 14:00:00,PUMP102.VIBRATION_RMS,2.491,mm/s,GOOD
2024-12-10 16:00:00,PUMP102.VIBRATION_RMS,2.236,mm/s,GOOD
2024-12-10 18:00:00,PUMP102.VIBRATION_RMS,2.432,mm/s,GOOD
2024-12-10 20:00:00,PUMP102.VIBRATION_RMS,2.038,mm/s,GOOD
2024-12-10 22:00:00,PUMP102.VIBRATION_RMS,2.691,mm/s,GOOD
2024-12-11 00:00:00,PUMP102.VIBRATION_RMS,2.416,mm/s,GOOD
2024-12-11 02:00:00,PUMP102.VIBRATION_RMS,1.507,mm/s,GOOD
2024-12-11 04:00:00,PUMP102.VIBRATION_RMS,2.795,mm/s,GOOD
2024-12-11 06:00:00,PUMP102.VIBRATION_RMS,2.713,mm/s,GOOD
2024-12-11 08:00:00,PUMP102.VIBRATION_RMS,2.333,mm/s,GOOD
2024-12-11 10:00:00,PUMP102.VIBRATION_RMS,2.24,mm/s,GOOD
2024-12-11 12:00:00,PUMP102.VIBRATION_RMS,2.929,mm/s,GOOD
2024-12-11 14:00:00,PUMP102.VIBRATION_RMS,1.283,mm/s,GOOD
2024-12-11 16:00:00,PUMP102.VIBRATION_RMS,2.721,mm/s,GOOD
2024-12-11 18:00:00,PUMP102.VIBRATION_RMS,1.862,mm/s,GOOD
2024-12-11 20:00:00,PUMP102.VIBRATION_RMS,2.648,mm/s,GOOD
2024-12-11 22:00:00,PUMP102.VIBRATION_RMS,2.16,mm/s,GOOD
2024-12-12 00:00:00,PUMP102.VIBRATION_RMS,1.479,mm/s,GOOD
2024-12-12 02:00:00,PUMP102.VIBRATION_RMS,1.852,mm/s,GOOD
2024-12-12 04:00:00,PUMP102.VIBRATION_RMS,2.611,mm/s,GOOD
2024-12-12 06:00:00,PUMP102.VIBRATION_RMS,1.995,mm/s,GOOD
2024-12-12 08:00:00,PUMP102.VIBRATION_RMS,1.789,mm/s,GOOD
2024-12-12 10:00:00,PUMP102.VIBRATION_RMS,1.786,mm/s,GOOD
2024-12-12 12:00:00,PUMP102.VIBRATION_RMS,2.421,mm/s,GOOD
2024-12-12 14:00:00,PUMP102.VIBRATION_RMS,2.975,mm/s,GOOD
2024-12-12 16:00:00,PUMP102.VIBRATION_RMS,1.03,mm/s,GOOD
2024-12-12 18:00:00,PUMP102.VIBRATION_RMS,3.5,mm/s,GOOD
2024-12-12 20:00:00,PUMP102.VIBRATION_RMS,2.202,mm/s,GOOD
2024-12-12 22:00:00,PUMP102.VIBRATION_RMS,2.39,mm/s,GOOD
2024-12-13 00:00:00,PUMP102.VIBRATION_RMS,1.882,mm/s,GOOD
2024-12-13 02:00:00,PUMP102.VIBRATION_RMS,2.098,mm/s,GOOD
2024-12-13 04:00:00,PUMP102.VIBRATION_RMS,2.196,mm/s,GOOD
2024-12-13 06:00:00,PUMP102.VIBRATION_RMS,1.575,mm/s,GOOD
2024-12-13 08:00:00,PUMP102.VIBRATION_RMS,1.697,mm/s,GOOD
2024-12-13 10:00:00,PUMP102.VIBRATION_RMS,2.692,mm/s,GOOD
2024-12-13 12:00:00,PUMP102.VIBRATION_RMS,1.324,mm/s,GOOD
2024-12-13 14:00:00,PUMP102.VIBRATION_RMS,2.321,mm/s,GOOD
2024-12-13 16:00:00,PUMP102.VIBRATION_RMS,1.915,mm/s,GOOD
2024-12-13 18:00:00,PUMP102.VIBRATION_RMS,1.62,mm/s,GOOD
2024-12-13 20:00:00,PUMP102.VIBRATION_RMS,3.086,mm/s,BAD
2024-12-13 22:00:00,PUMP102.VIBRATION_RMS,1.623,mm/s,GOOD
2024-12-14 00:00:00,PUMP102.VIBRATION_RMS,1.535,mm/s,GOOD
2024-12-14 02:00:00,PUMP102.VIBRATION_RMS,2.007,mm/s,GOOD
2024-12-14 04:00:00,PUMP102.VIBRATION_RMS,1.716,mm/s,GOOD
2024-12-14 06:00:00,PUMP102.VIBRATION_RMS,2.103,mm/s,GOOD
2024-12-14 08:00:00,PUMP102.VIBRATION_RMS,2.178,mm/s,GOOD
2024-12-14 10:00:00,PUMP102.VIBRATION_RMS,2.217,mm/s,GOOD
2024-12-14 12:00:00,PUMP102.VIBRATION_RMS,2.038,mm/s,GOOD
2024-12-14 14:00:00,PUMP102.VIBRATION_RMS,1.749,mm/s,GOOD
2024-12-14 16:00:00,PUMP102.VIBRATION_RMS,2.422,mm/s,GOOD
2024-12-14 18:00:00,PUMP102.VIBRATION_RMS,2.044,mm/s,GOOD
2024-12-14 20:00:00,PUMP102.VIBRATION_RMS,1.852,mm/s,GOOD
2024-12-14 22:00:00,PUMP102.VIBRATION_RMS,2.84,mm/s,GOOD
2024-12-15 00:00:00,PUMP102.VIBRATION_RMS,2.039,mm/s,GOOD
2024-12-15 02:00:00,PUMP102.VIBRATION_RMS,2.646,mm/s,GOOD
2024-12-15 04:00:00,PUMP102.VIBRATION_RMS,2.713,mm/s,GOOD
2024-12-15 06:00:00,PUMP102.VIBRATION_RMS,2.744,mm/s,GOOD
2024-12-15 08:00:00,PUMP102.VIBRATION_RMS,2.446,mm/s,GOOD
2024-12-15 10:00:00,PUMP102.VIBRATION_RMS,2.1,mm/s,GOOD
2024-12-15 12:00:00,PUMP102.VIBRATION_RMS,2.068,mm/s,GOOD
2024-12-15 14:00:00,PUMP102.VIBRATION_RMS,1.978,mm/s,GOOD
2024-12-15 16:00:00,PUMP102.VIBRATION_RMS,1.017,mm/s,GOOD
2024-12-15 18:00:00,PUMP102.VIBRATION_RMS,2.459,mm/s,GOOD
2024-12-15 20:00:00,PUMP102.VIBRATION_RMS,2.222,mm/s,GOOD
2024-12-15 22:00:00,PUMP102.VIBRATION_RMS,2.513,mm/s,GOOD
2024-12-16 00:00:00,PUMP102.VIBRATION_RMS,2.041,mm/s,GOOD
2024-12-16 02:00:00,PUMP102.VIBRATION_RMS,2.432,mm/s,GOOD
2024-12-16 04:00:00,PUMP102.VIBRATION_RMS,1.411,mm/s,GOOD
2024-12-16 06:00:00,PUMP102.VIBRATION_RMS,1.515,mm/s,GOOD
2024-12-16 08:00:00,PUMP102.VIBRATION_RMS,0.862,mm/s,GOOD
2024-12-16 10:00:00,PUMP102.VIBRATION_RMS,2.033,mm/s,GOOD
2024-12-16 12:00:00,PUMP102.VIBRATION_RMS,1.714,mm/s,GOOD
2024-12-16 14:00:00,PUMP102.VIBRATION_RMS,1.648,mm/s,GOOD
2024-12-16 16:00:00,PUMP102.VIBRATION_RMS,2.267,mm/s,GOOD
2024-12-16 18:00:00,PUMP102.VIBRATION_RMS,1.887,mm/s,GOOD
2024-12-16 20:00:00,PUMP102.VIBRATION_RMS,1.383,mm/s,GOOD
2024-12-16 22:00:00,PUMP102.VIBRATION_RMS,3.372,mm/s,GOOD
2024-12-17 00:00:00,PUMP102.VIBRATION_RMS,2.081,mm/s,GOOD
2024-12-17 02:00:00,PUMP102.VIBRATION_RMS,1.558,mm/s,GOOD
2024-12-17 04:00:00,PUMP102.VIBRATION_RMS,1.765,mm/s,GOOD
2024-12-17 06:00:00,PUMP102.VIBRATION_RMS,2.013,mm/s,GOOD
2024-12-17 08:00:00,PUMP102.VIBRATION_RMS,2.012,mm/s,GOOD
2024-12-17 10:00:00,PUMP102.VIBRATION_RMS,2.751,mm/s,GOOD
2024-12-17 12:00:00,PUMP102.VIBRATION_RMS,2.06,mm/s,GOOD
2024-12-17 14:00:00,PUMP102.VIBRATION_RMS,3.028,mm/s,GOOD
2024-12-17 16:00:00,PUMP102.VIBRATION_RMS,1.884,mm/s,GOOD
2024-12-17 18:00:00,PUMP102.VIBRATION_RMS,2.313,mm/s,GOOD
2024-12-17 20:00:00,PUMP102.VIBRATION_RMS,2.611,mm/s,GOOD
2024-12-17 22:00:00,PUMP102.VIBRATION_RMS,2.698,mm/s,GOOD
2024-12-18 00:00:00,PUMP102.VIBRATION_RMS,2.756,mm/s,GOOD
2024-12-18 02:00:00,PUMP102.VIBRATION_RMS,1.964,mm/s,GOOD
2024-12-18 04:00:00,PUMP102.VIBRATION_RMS,2.097,mm/s,GOOD
2024-12-18 06:00:00,PUMP102.VIBRATION_RMS,0.86,mm/s,GOOD
2024-12-18 08:00:00,PUMP102.VIBRATION_RMS,2.002,mm/s,GOOD
2024-12-18 10:00:00,PUMP102.VIBRATION_RMS,2.646,mm/s,GOOD
2024-12-18 12:00:00,PUMP102.VIBRATION_RMS,2.548,mm/s,GOOD
2024-12-18 14:00:00,PUMP102.VIBRATION_RMS,2.057,mm/s,GOOD
2024-12-18 16:00:00,PUMP102.VIBRATION_RMS,2.95,mm/s,GOOD
2024-12-18 18:00:00,PUMP102.VIBRATION_RMS,1.908,mm/s,GOOD
2024-12-18 20:00:00,PUMP102.VIBRATION_RMS,1.742,mm/s,GOOD
2024-12-18 22:00:00,PUMP102.VIBRATION_RMS,1.866,mm/s,GOOD
2024-12-19 00:00:00,PUMP102.VIBRATION_RMS,1.539,mm/s,GOOD
2024-12-19 02:00:00,PUMP102.VIBRATION_RMS,2.411,mm/s,GOOD
2024-12-19 04:00:00,PUMP102.VIBRATION_RMS,2.244,mm/s,GOOD
2024-12-19 06:00:00,PUMP102.VIBRATION_RMS,2.405,mm/s,GOOD
2024-12-19 08:00:00,PUMP102.VIBRATION_RMS,1.893,mm/s,GOOD
2024-12-19 10:00:00,PUMP102.VIBRATION_RMS,2.071,mm/s,GOOD
2024-12-19 12:00:00,PUMP102.VIBRATION_RMS,1.011,mm/s,GOOD
2024-12-19 14:00:00,PUMP102.VIBRATION_RMS,2.288,mm/s,GOOD
2024-12-19 16:00:00,PUMP102.VIBRATION_RMS,2.149,mm/s,GOOD
2024-12-19 18:00:00,PUMP102.VIBRATION_RMS,1.55,mm/s,GOOD
2024-12-19 20:00:00,PUMP102.VIBRATION_RMS,2.048,mm/s,GOOD
2024-12-19 22:00:00,PUMP102.VIBRATION_RMS,1.971,mm/s,GOOD
2024-12-20 00:00:00,PUMP102.VIBRATION_RMS,2.982,mm/s,GOOD
2024-12-20 02:00:00,PUMP102.VIBRATION_RMS,1.569,mm/s,GOOD
2024-12-20 04:00:00,PUMP102.VIBRATION_RMS,2.266,mm/s,GOOD
2024-12-20 06:00:00,PUMP102.VIBRATION_RMS,1.555,mm/s,GOOD
2024-12-20 08:00:00,PUMP102.VIBRATION_RMS,1.821,mm/s,GOOD
2024-12-20 10:00:00,PUMP102.VIBRATION_RMS,2.238,mm/s,GOOD
2024-12-20 12:00:00,PUMP102.VIBRATION_RMS,1.994,mm/s,GOOD
2024-12-20 14:00:00,PUMP102.VIBRATION_RMS,2.097,mm/s,GOOD
2024-12-20 16:00:00,PUMP102.VIBRATION_RMS,2.266,mm/s,GOOD
2024-12-20 18:00:00,PUMP102.VIBRATION_RMS,1.853,mm/s,GOOD
2024-12-20 20:00:00,PUMP102.VIBRATION_RMS,2.542,mm/s,GOOD
2024-12-20 22:00:00,PUMP102.VIBRATION_RMS,1.947,mm/s,GOOD
2024-12-21 00:00:00,PUMP102.VIBRATION_RMS,2.051,mm/s,BAD
2024-12-21 02:00:00,PUMP102.VIBRATION_RMS,2.281,mm/s,GOOD
2024-12-21 04:00:00,PUMP102.VIBRATION_RMS,2.214,mm/s,GOOD
2024-12-21 06:00:00,PUMP102.VIBRATION_RMS,2.422,mm/s,GOOD
2024-12-21 08:00:00,PUMP102.VIBRATION_RMS,2.258,mm/s,GOOD
2024-12-21 10:00:00,PUMP102.VIBRATION_RMS,2.335,mm/s,GOOD
2024-12-21 12:00:00,PUMP102.VIBRATION_RMS,1.937,mm/s,GOOD
2024-12-21 14:00:00,PUMP102.VIBRATION_RMS,1.566,mm/s,GOOD
2024-12-21 16:00:00,PUMP102.VIBRATION_RMS,1.386,mm/s,GOOD
2024-12-21 18:00:00,PUMP102.VIBRATION_RMS,1.265,mm/s,GOOD
2024-12-21 20:00:00,PUMP102.VIBRATION_RMS,2.981,mm/s,GOOD
2024-12-21 22:00:00,PUMP102.VIBRATION_RMS,0.994,mm/s,GOOD
2024-12-22 00:00:00,PUMP102.VIBRATION_RMS,2.697,mm/s,GOOD
2024-12-22 02:00:00,PUMP102.VIBRATION_RMS,1.69,mm/s,GOOD
2024-12-22 04:00:00,PUMP102.VIBRATION_RMS,2.693,mm/s,GOOD
2024-12-22 06:00:00,PUMP102.VIBRATION_RMS,0.999,mm/s,GOOD
2024-12-22 08:00:00,PUMP102.VIBRATION_RMS,1.982,mm/s,GOOD
2024-12-22 10:00:00,PUMP102.VIBRATION_RMS,2.827,mm/s,GOOD
2024-12-22 12:00:00,PUMP102.VIBRATION_RMS,2.457,mm/s,GOOD
2024-12-22 14:00:00,PUMP102.VIBRATION_RMS,1.931,mm/s,GOOD
2024-12-22 16:00:00,PUMP102.VIBRATION_RMS,1.129,mm/s,GOOD
2024-12-22 18:00:00,PUMP102.VIBRATION_RMS,1.439,mm/s,GOOD
2024-12-22 20:00:00,PUMP102.VIBRATION_RMS,2.795,mm/s,GOOD
2024-12-22 22:00:00,PUMP102.VIBRATION_RMS,1.926,mm/s,GOOD
2024-12-23 00:00:00,PUMP102.VIBRATION_RMS,2.064,mm/s,GOOD
2024-12-23 02:00:00,PUMP102.VIBRATION_RMS,2.242,mm/s,GOOD
2024-12-23 04:00:00,PUMP102.VIBRATION_RMS,1.449,mm/s,BAD
2024-12-23 06:00:00,PUMP102.VIBRATION_RMS,2.304,mm/s,GOOD
2024-12-23 08:00:00,PUMP102.VIBRATION_RMS,1.89,mm/s,GOOD
2024-12-23 10:00:00,PUMP102.VIBRATION_RMS,2.247,mm/s,GOOD
2024-12-23 12:00:00,PUMP102.VIBRATION_RMS,1.811,mm/s,GOOD
2024-12-23 14:00:00,PUMP102.VIBRATION_RMS,1.313,mm/s,GOOD
2024-12-23 16:00:00,PUMP102.VIBRATION_RMS,1.886,mm/s,GOOD
2024-12-23 18:00:00,PUMP102.VIBRATION_RMS,2.42,mm/s,GOOD
2024-12-23 20:00:00,PUMP102.VIBRATION_RMS,2.297,mm/s,GOOD
2024-12-23 22:00:00,PUMP102.VIBRATION_RMS,2.115,mm/s,GOOD
2024-12-24 00:00:00,PUMP102.VIBRATION_RMS,2.549,mm/s,GOOD
2024-12-24 02:00:00,PUMP102.VIBRATION_RMS,1.998,mm/s,GOOD
2024-12-24 04:00:00,PUMP102.VIBRATION_RMS,2.128,mm/s,GOOD
2024-12-24 06:00:00,PUMP102.VIBRATION_RMS,1.86,mm/s,GOOD
2024-12-24 08:00:00,PUMP102.VIBRATION_RMS,2.578,mm/s,GOOD
2024-12-24 10:00:00,PUMP102.VIBRATION_RMS,2.246,mm/s,GOOD
2024-12-24 12:00:00,PUMP102.VIBRATION_RMS,1.822,mm/s,GOOD
2024-12-24 14:00:00,PUMP102.VIBRATION_RMS,1.355,mm/s,BAD
2024-12-24 16:00:00,PUMP102.VIBRATION_RMS,2.652,mm/s,GOOD
2024-12-24 18:00:00,PUMP102.VIBRATION_RMS,1.728,mm/s,GOOD
2024-12-24 20:00:00,PUMP102.VIBRATION_RMS,2.136,mm/s,GOOD
2024-12-24 22:00:00,PUMP102.VIBRATION_RMS,3.276,mm/s,GOOD
2024-12-25 00:00:00,PUMP102.VIBRATION_RMS,2.501,mm/s,GOOD
2024-12-25 02:00:00,PUMP102.VIBRATION_RMS,2.906,mm/s,GOOD
2024-12-25 04:00:00,PUMP102.VIBRATION_RMS,1.831,mm/s,GOOD
2024-12-25 06:00:00,PUMP102.VIBRATION_RMS,2.635,mm/s,BAD
2024-12-25 08:00:00,PUMP102.VIBRATION_RMS,2.113,mm/s,GOOD
2024-12-25 10:00:00,PUMP102.VIBRATION_RMS,2.283,mm/s,GOOD
2024-12-25 12:00:00,PUMP102.VIBRATION_RMS,3.11,mm/s,GOOD
2024-12-25 14:00:00,PUMP102.VIBRATION_RMS,1.961,mm/s,GOOD
2024-12-25 16:00:00,PUMP102.VIBRATION_RMS,2.11,mm/s,GOOD
2024-12-25 18:00:00,PUMP102.VIBRATION_RMS,1.648,mm/s,GOOD
2024-12-25 20:00:00,PUMP102.VIBRATION_RMS,2.544,mm/s,GOOD
2024-12-25 22:00:00,PUMP102.VIBRATION_RMS,1.82,mm/s,GOOD
2024-12-26 00:00:00,PUMP102.VIBRATION_RMS,2.611,mm/s,GOOD
2024-12-26 02:00:00,PUMP102.VIBRATION_RMS,1.275,mm/s,GOOD
2024-12-26 04:00:00,PUMP102.VIBRATION_RMS,2.374,mm/s,GOOD
2024-12-26 06:00:00,PUMP102.VIBRATION_RMS,1.778,mm/s,GOOD
2024-12-26 08:00:00,PUMP102.VIBRATION_RMS,2.465,mm/s,GOOD
2024-12-26 10:00:00,PUMP102.VIBRATION_RMS,2.093,mm/s,GOOD
2024-12-26 12:00:00,PUMP102.VIBRATION_RMS,1.832,mm/s,GOOD
2024-12-26 14:00:00,PUMP102.VIBRATION_RMS,1.907,mm/s,GOOD
2024-12-26 16:00:00,PUMP102.VIBRATION_RMS,1.675,mm/s,GOOD
2024-12-26 18:00:00,PUMP102.VIBRATION_RMS,2.519,mm/s,GOOD
2024-12-26 20:00:00,PUMP102.VIBRATION_RMS,1.576,mm/s,GOOD
2024-12-26 22:00:00,PUMP102.VIBRATION_RMS,1.966,mm/s,BAD
2024-12-27 00:00:00,PUMP102.VIBRATION_RMS,2.273,mm/s,GOOD
2024-12-27 02:00:00,PUMP102.VIBRATION_RMS,2.907,mm/s,GOOD
2024-12-27 04:00:00,PUMP102.VIBRATION_RMS,2.095,mm/s,GOOD
2024-12-27 06:00:00,PUMP102.VIBRATION_RMS,1.979,mm/s,GOOD
2024-12-27 08:00:00,PUMP102.VIBRATION_RMS,2.237,mm/s,GOOD
2024-12-27 10:00:00,PUMP102.VIBRATION_RMS,1.063,mm/s,GOOD
2024-12-27 12:00:00,PUMP102.VIBRATION_RMS,1.501,mm/s,GOOD
2024-12-27 14:00:00,PUMP102.VIBRATION_RMS,1.912,mm/s,GOOD
2024-12-27 16:00:00,PUMP102.VIBRATION_RMS,1.744,mm/s,GOOD
2024-12-27 18:00:00,PUMP102.VIBRATION_RMS,1.3,mm/s,GOOD
2024-12-27 20:00:00,PUMP102.VIBRATION_RMS,2.529,mm/s,GOOD
2024-12-27 22:00:00,PUMP102.VIBRATION_RMS,2.23,mm/s,GOOD
2024-12-28 00:00:00,PUMP102.VIBRATION_RMS,2.17,mm/s,GOOD
2024-12-28 02:00:00,PUMP102.VIBRATION_RMS,1.753,mm/s,GOOD
2024-12-28 04:00:00,PUMP102.VIBRATION_RMS,2.14,mm/s,GOOD
2024-12-28 06:00:00,PUMP102.VIBRATION_RMS,2.357,mm/s,GOOD
2024-12-28 08:00:00,PUMP102.VIBRATION_RMS,1.968,mm/s,GOOD
2024-12-28 10:00:00,PUMP102.VIBRATION_RMS,2.322,mm/s,GOOD
2024-12-28 12:00:00,PUMP102.VIBRATION_RMS,1.702,mm/s,GOOD
2024-12-28 14:00:00,PUMP102.VIBRATION_RMS,2.149,mm/s,GOOD
2024-12-28 16:00:00,PUMP102.VIBRATION_RMS,2.671,mm/s,GOOD
2024-12-28 18:00:00,PUMP102.VIBRATION_RMS,2.716,mm/s,GOOD
2024-12-28 20:00:00,PUMP102.VIBRATION_RMS,2.764,mm/s,GOOD
2024-12-28 22:00:00,PUMP102.VIBRATION_RMS,2.243,mm/s,GOOD
2024-12-29 00:00:00,PUMP102.VIBRATION_RMS,2.116,mm/s,GOOD
2024-12-29 02:00:00,PUMP102.VIBRATION_RMS,1.876,mm/s,BAD
2024-12-29 04:00:00,PUMP102.VIBRATION_RMS,1.196,mm/s,GOOD
2024-12-29 06:00:00,PUMP102.VIBRATION_RMS,1.428,mm/s,GOOD
2024-12-29 08:00:00,PUMP102.VIBRATION_RMS,2.016,mm/s,GOOD
2024-12-29 10:00:00,PUMP102.VIBRATION_RMS,2.046,mm/s,GOOD
2024-12-29 12:00:00,PUMP102.VIBRATION_RMS,2.806,mm/s,GOOD
2024-12-29 14:00:00,PUMP102.VIBRATION_RMS,2.757,mm/s,GOOD
2024-12-29 16:00:00,PUMP102.VIBRATION_RMS,1.757,mm/s,GOOD
2024-12-29 18:00:00,PUMP102.VIBRATION_RMS,2.509,mm/s,GOOD
2024-12-29 20:00:00,PUMP102.VIBRATION_RMS,1.861,mm/s,GOOD
2024-12-29 22:00:00,PUMP102.VIBRATION_RMS,2.441,mm/s,GOOD
2024-12-30 00:00:00,PUMP102.VIBRATION_RMS,2.503,mm/s,GOOD
2024-12-30 02:00:00,PUMP102.VIBRATION_RMS,2.721,mm/s,GOOD
2024-12-30 04:00:00,PUMP102.VIBRATION_RMS,1.854,mm/s,GOOD
2024-12-30 06:00:00,PUMP102.VIBRATION_RMS,2.607,mm/s,GOOD
2024-12-30 08:00:00,PUMP102.VIBRATION_RMS,1.164,mm/s,GOOD
2024-12-30 10:00:00,PUMP102.VIBRATION_RMS,2.748,mm/s,GOOD
2024-12-30 12:00:00,PUMP102.VIBRATION_RMS,2.087,mm/s,GOOD
2024-12-30 14:00:00,PUMP102.VIBRATION_RMS,2.098,mm/s,GOOD
2024-12-30 16:00:00,PUMP102.VIBRATION_RMS,1.081,mm/s,GOOD
2024-12-30 18:00:00,PUMP102.VIBRATION_RMS,1.906,mm/s,GOOD
2024-12-30 20:00:00,PUMP102.VIBRATION_RMS,2.778,mm/s,BAD
2024-12-30 22:00:00,PUMP102.VIBRATION_RMS,1.887,mm/s,GOOD
2024-12-31 00:00:00,PUMP102.VIBRATION_RMS,2.457,mm/s,GOOD
2024-12-31 02:00:00,PUMP102.VIBRATION_RMS,2.117,mm/s,GOOD
2024-12-31 04:00:00,PUMP102.VIBRATION_RMS,2.631,mm/s,GOOD
2024-12-31 06:00:00,PUMP102.VIBRATION_RMS,2.196,mm/s,GOOD
2024-12-31 08:00:00,PUMP102.VIBRATION_RMS,1.634,mm/s,GOOD
2024-12-31 10:00:00,PUMP102.VIBRATION_RMS,2.128,mm/s,GOOD
2024-12-31 12:00:00,PUMP102.VIBRATION_RMS,2.901,mm/s,GOOD
2024-12-31 14:00:00,PUMP102.VIBRATION_RMS,2.349,mm/s,GOOD
2024-12-31 16:00:00,PUMP102.VIBRATION_RMS,2.042,mm/s,GOOD
2024-12-31 18:00:00,PUMP102.VIBRATION_RMS,3.228,mm/s,GOOD
2024-12-31 20:00:00,PUMP102.VIBRATION_RMS,2.68,mm/s,GOOD
2024-12-31 22:00:00,PUMP102.VIBRATION_RMS,2.508,mm/s,GOOD
2025-01-01 00:00:00,PUMP102.VIBRATION_RMS,2.259,mm/s,GOOD
2025-01-01 02:00:00,PUMP102.VIBRATION_RMS,2.465,mm/s,GOOD
2025-01-01 04:00:00,PUMP102.VIBRATION_RMS,2.481,mm/s,GOOD
2025-01-01 06:00:00,PUMP102.VIBRATION_RMS,1.009,mm/s,GOOD
2025-01-01 08:00:00,PUMP102.VIBRATION_RMS,2.297,mm/s,GOOD
2025-01-01 10:00:00,PUMP102.VIBRATION_RMS,2.02,mm/s,GOOD
2025-01-01 12:00:00,PUMP102.VIBRATION_RMS,1.85,mm/s,GOOD
2025-01-01 14:00:00,PUMP102.VIBRATION_RMS,2.002,mm/s,GOOD
2025-01-01 16:00:00,PUMP102.VIBRATION_RMS,1.322,mm/s,GOOD
2025-01-01 18:00:00,PUMP102.VIBRATION_RMS,1.198,mm/s,GOOD
2025-01-01 20:00:00,PUMP102.VIBRATION_RMS,2.723,mm/s,GOOD
2025-01-01 22:00:00,PUMP102.VIBRATION_RMS,2.331,mm/s,GOOD
2025-01-02 00:00:00,PUMP102.VIBRATION_RMS,0.893,mm/s,GOOD
2025-01-02 02:00:00,PUMP102.VIBRATION_RMS,1.812,mm/s,GOOD
2025-01-02 04:00:00,PUMP102.VIBRATION_RMS,2.54,mm/s,GOOD
2025-01-02 06:00:00,PUMP102.VIBRATION_RMS,1.96,mm/s,GOOD
2025-01-02 08:00:00,PUMP102.VIBRATION_RMS,2.723,mm/s,GOOD
2025-01-02 10:00:00,PUMP102.VIBRATION_RMS,2.625,mm/s,GOOD
2025-01-02 12:00:00,PUMP102.VIBRATION_RMS,1.422,mm/s,GOOD
2025-01-02 14:00:00,PUMP102.VIBRATION_RMS,2.028,mm/s,GOOD
2025-01-02 16:00:00,PUMP102.VIBRATION_RMS,1.876,mm/s,GOOD
2025-01-02 18:00:00,PUMP102.VIBRATION_RMS,1.405,mm/s,GOOD
2025-01-02 20:00:00,PUMP102.VIBRATION_RMS,1.373,mm/s,GOOD
2025-01-02 22:00:00,PUMP102.VIBRATION_RMS,1.697,mm/s,GOOD
2025-01-03 00:00:00,PUMP102.VIBRATION_RMS,1.78,mm/s,GOOD
2025-01-03 02:00:00,PUMP102.VIBRATION_RMS,2.242,mm/s,GOOD
2025-01-03 04:00:00,PUMP102.VIBRATION_RMS,2.622,mm/s,GOOD
2025-01-03 06:00:00,PUMP102.VIBRATION_RMS,2.357,mm/s,GOOD
2025-01-03 08:00:00,PUMP102.VIBRATION_RMS,2.475,mm/s,GOOD
2025-01-03 10:00:00,PUMP102.VIBRATION_RMS,1.967,mm/s,GOOD
2025-01-03 12:00:00,PUMP102.VIBRATION_RMS,2.402,mm/s,GOOD
2025-01-03 14:00:00,PUMP102.VIBRATION_RMS,2.026,mm/s,GOOD
2025-01-03 16:00:00,PUMP102.VIBRATION_RMS,1.879,mm/s,GOOD
2025-01-03 18:00:00,PUMP102.VIBRATION_RMS,3.049,mm/s,GOOD
2025-01-03 20:00:00,PUMP102.VIBRATION_RMS,0.935,mm/s,BAD
2025-01-03 22:00:00,PUMP102.VIBRATION_RMS,1.163,mm/s,GOOD
2025-01-04 00:00:00,PUMP102.VIBRATION_RMS,2.291,mm/s,GOOD
2025-01-04 02:00:00,PUMP102.VIBRATION_RMS,1.968,mm/s,GOOD
2025-01-04 04:00:00,PUMP102.VIBRATION_RMS,1.382,mm/s,GOOD
2025-01-04 06:00:00,PUMP102.VIBRATION_RMS,1.573,mm/s,GOOD
2025-01-04 08:00:00,PUMP102.VIBRATION_RMS,1.638,mm/s,GOOD
2025-01-04 10:00:00,PUMP102.VIBRATION_RMS,2.546,mm/s,GOOD
2025-01-04 12:00:00,PUMP102.VIBRATION_RMS,2.706,mm/s,GOOD
2025-01-04 14:00:00,PUMP102.VIBRATION_RMS,2.92,mm/s,GOOD
2025-01-04 16:00:00,PUMP102.VIBRATION_RMS,1.305,mm/s,GOOD
2025-01-04 18:00:00,PUMP102.VIBRATION_RMS,1.416,mm/s,GOOD
2025-01-04 20:00:00,PUMP102.VIBRATION_RMS,1.382,mm/s,GOOD
2025-01-04 22:00:00,PUMP102.VIBRATION_RMS,2.744,mm/s,GOOD
2025-01-05 00:00:00,PUMP102.VIBRATION_RMS,2.309,mm/s,GOOD
2025-01-05 02:00:00,PUMP102.VIBRATION_RMS,2.14,mm/s,GOOD
2025-01-05 04:00:00,PUMP102.VIBRATION_RMS,2.215,mm/s,GOOD
2025-01-05 06:00:00,PUMP102.VIBRATION_RMS,2.072,mm/s,GOOD
2025-01-05 08:00:00,PUMP102.VIBRATION_RMS,1.539,mm/s,GOOD
2025-01-05 10:00:00,PUMP102.VIBRATION_RMS,2.357,mm/s,GOOD
2025-01-05 12:00:00,PUMP102.VIBRATION_RMS,2.007,mm/s,GOOD
2025-01-05 14:00:00,PUMP102.VIBRATION_RMS,1.5,mm/s,GOOD
2025-01-05 16:00:00,PUMP102.VIBRATION_RMS,2.387,mm/s,GOOD
2025-01-05 18:00:00,PUMP102.VIBRATION_RMS,1.887,mm/s,GOOD
2025-01-05 20:00:00,PUMP102.VIBRATION_RMS,2.214,mm/s,GOOD
2025-01-05 22:00:00,PUMP102.VIBRATION_RMS,2.038,mm/s,GOOD
2025-01-06 00:00:00,PUMP102.VIBRATION_RMS,2.546,mm/s,GOOD
2025-01-06 02:00:00,PUMP102.VIBRATION_RMS,2.21,mm/s,GOOD
2025-01-06 04:00:00,PUMP102.VIBRATION_RMS,1.658,mm/s,GOOD
2025-01-06 06:00:00,PUMP102.VIBRATION_RMS,2.261,mm/s,GOOD
2025-01-06 08:00:00,PUMP102.VIBRATION_RMS,2.277,mm/s,GOOD
2025-01-06 10:00:00,PUMP102.VIBRATION_RMS,2.356,mm/s,GOOD
2025-01-06 12:00:00,PUMP102.VIBRATION_RMS,2.618,mm/s,GOOD
2025-01-06 14:00:00,PUMP102.VIBRATION_RMS,1.792,mm/s,GOOD
2025-01-06 16:00:00,PUMP102.VIBRATION_RMS,2.434,mm/s,GOOD
2025-01-06 18:00:00,PUMP102.VIBRATION_RMS,1.238,mm/s,GOOD
2025-01-06 20:00:00,PUMP102.VIBRATION_RMS,2.04,mm/s,GOOD
2025-01-06 22:00:00,PUMP102.VIBRATION_RMS,1.963,mm/s,GOOD
2025-01-07 00:00:00,PUMP102.VIBRATION_RMS,2.824,mm/s,GOOD
2025-01-07 02:00:00,PUMP102.VIBRATION_RMS,2.022,mm/s,GOOD
2025-01-07 04:00:00,PUMP102.VIBRATION_RMS,2.404,mm/s,GOOD
2025-01-07 06:00:00,PUMP102.VIBRATION_RMS,1.219,mm/s,GOOD
2025-01-07 08:00:00,PUMP102.VIBRATION_RMS,1.924,mm/s,GOOD
2025-01-07 10:00:00,PUMP102.VIBRATION_RMS,1.677,mm/s,GOOD
2025-01-07 12:00:00,PUMP102.VIBRATION_RMS,3.338,mm/s,GOOD
2025-01-07 14:00:00,PUMP102.VIBRATION_RMS,1.767,mm/s,GOOD
2025-01-07 16:00:00,PUMP102.VIBRATION_RMS,2.137,mm/s,GOOD
2025-01-07 18:00:00,PUMP102.VIBRATION_RMS,2.163,mm/s,GOOD
2025-01-07 20:00:00,PUMP102.VIBRATION_RMS,1.305,mm/s,GOOD
2025-01-07 22:00:00,PUMP102.VIBRATION_RMS,1.837,mm/s,GOOD
2025-01-08 00:00:00,PUMP102.VIBRATION_RMS,2.302,mm/s,GOOD
2025-01-08 02:00:00,PUMP102.VIBRATION_RMS,2.143,mm/s,GOOD
2025-01-08 04:00:00,PUMP102.VIBRATION_RMS,0.95,mm/s,GOOD
2025-01-08 06:00:00,PUMP102.VIBRATION_RMS,1.817,mm/s,GOOD
2025-01-08 08:00:00,PUMP102.VIBRATION_RMS,2.61,mm/s,GOOD
2025-01-08 10:00:00,PUMP102.VIBRATION_RMS,2.394,mm/s,GOOD
2025-01-08 12:00:00,PUMP102.VIBRATION_RMS,2.709,mm/s,GOOD
2025-01-08 14:00:00,PUMP102.VIBRATION_RMS,1.607,mm/s,GOOD
2025-01-08 16:00:00,PUMP102.VIBRATION_RMS,2.74,mm/s,GOOD
2025-01-08 18:00:00,PUMP102.VIBRATION_RMS,2.078,mm/s,GOOD
2025-01-08 20:00:00,PUMP102.VIBRATION_RMS,2.896,mm/s,GOOD
2025-01-08 22:00:00,PUMP102.VIBRATION_RMS,2.102,mm/s,GOOD
2025-01-09 00:00:00,PUMP102.VIBRATION_RMS,1.076,mm/s,GOOD
2025-01-09 02:00:00,PUMP102.VIBRATION_RMS,2.525,mm/s,GOOD
2025-01-09 04:00:00,PUMP102.VIBRATION_RMS,1.878,mm/s,GOOD
2025-01-09 06:00:00,PUMP102.VIBRATION_RMS,1.912,mm/s,GOOD
2025-01-09 08:00:00,PUMP102.VIBRATION_RMS,1.373,mm/s,GOOD
2025-01-09 10:00:00,PUMP102.VIBRATION_RMS,2.911,mm/s,GOOD
2025-01-09 12:00:00,PUMP102.VIBRATION_RMS,1.839,mm/s,GOOD
2025-01-09 14:00:00,PUMP102.VIBRATION_RMS,2.888,mm/s,GOOD
2025-01-09 16:00:00,PUMP102.VIBRATION_RMS,1.884,mm/s,GOOD
2025-01-09 18:00:00,PUMP102.VIBRATION_RMS,1.636,mm/s,GOOD
2025-01-09 20:00:00,PUMP102.VIBRATION_RMS,2.76,mm/s,GOOD
2025-01-09 22:00:00,PUMP102.VIBRATION_RMS,2.063,mm/s,GOOD
2025-01-10 00:00:00,PUMP102.VIBRATION_RMS,2.068,mm/s,GOOD
2025-01-10 02:00:00,PUMP102.VIBRATION_RMS,1.459,mm/s,GOOD
2025-01-10 04:00:00,PUMP102.VIBRATION_RMS,1.871,mm/s,GOOD
2025-01-10 06:00:00,PUMP102.VIBRATION_RMS,2.314,mm/s,GOOD
2025-01-10 08:00:00,PUMP102.VIBRATION_RMS,1.45,mm/s,GOOD
2025-01-10 10:00:00,PUMP102.VIBRATION_RMS,1.83,mm/s,GOOD
2025-01-10 12:00:00,PUMP102.VIBRATION_RMS,1.89,mm/s,GOOD
2025-01-10 14:00:00,PUMP102.VIBRATION_RMS,2.133,mm/s,GOOD
2025-01-10 16:00:00,PUMP102.VIBRATION_RMS,2.84,mm/s,GOOD
2025-01-10 18:00:00,PUMP102.VIBRATION_RMS,1.95,mm/s,BAD
2025-01-10 20:00:00,PUMP102.VIBRATION_RMS,1.755,mm/s,GOOD
2025-01-10 22:00:00,PUMP102.VIBRATION_RMS,3.473,mm/s,GOOD
2025-01-11 00:00:00,PUMP102.VIBRATION_RMS,1.883,mm/s,GOOD
2025-01-11 02:00:00,PUMP102.VIBRATION_RMS,2.005,mm/s,GOOD
2025-01-11 04:00:00,PUMP102.VIBRATION_RMS,1.921,mm/s,GOOD
2025-01-11 06:00:00,PUMP102.VIBRATION_RMS,1.962,mm/s,GOOD
2025-01-11 08:00:00,PUMP102.VIBRATION_RMS,2.139,mm/s,GOOD
2025-01-11 10:00:00,PUMP102.VIBRATION_RMS,2.56,mm/s,GOOD
2025-01-11 12:00:00,PUMP102.VIBRATION_RMS,2.302,mm/s,GOOD
2025-01-11 14:00:00,PUMP102.VIBRATION_RMS,2.639,mm/s,GOOD
2025-01-11 16:00:00,PUMP102.VIBRATION_RMS,2.622,mm/s,GOOD
2025-01-11 18:00:00,PUMP102.VIBRATION_RMS,2.204,mm/s,GOOD
2025-01-11 20:00:00,PUMP102.VIBRATION_RMS,2.288,mm/s,GOOD
2025-01-11 22:00:00,PUMP102.VIBRATION_RMS,2.654,mm/s,GOOD
2025-01-12 00:00:00,PUMP102.VIBRATION_RMS,1.544,mm/s,GOOD
2025-01-12 02:00:00,PUMP102.VIBRATION_RMS,3.349,mm/s,GOOD
2025-01-12 04:00:00,PUMP102.VIBRATION_RMS,1.844,mm/s,GOOD
2025-01-12 06:00:00,PUMP102.VIBRATION_RMS,1.925,mm/s,GOOD
2025-01-12 08:00:00,PUMP102.VIBRATION_RMS,1.494,mm/s,GOOD
2025-01-12 10:00:00,PUMP102.VIBRATION_RMS,1.509,mm/s,GOOD
2025-01-12 12:00:00,PUMP102.VIBRATION_RMS,2.587,mm/s,GOOD
2025-01-12 14:00:00,PUMP102.VIBRATION_RMS,3.235,mm/s,GOOD
2025-01-12 16:00:00,PUMP102.VIBRATION_RMS,1.816,mm/s,GOOD
2025-01-12 18:00:00,PUMP102.VIBRATION_RMS,2.274,mm/s,GOOD
2025-01-12 20:00:00,PUMP102.VIBRATION_RMS,2.21,mm/s,GOOD
2025-01-12 22:00:00,PUMP102.VIBRATION_RMS,2.6,mm/s,GOOD
2025-01-13 00:00:00,PUMP102.VIBRATION_RMS,3.209,mm/s,GOOD
2025-01-13 02:00:00,PUMP102.VIBRATION_RMS,2.86,mm/s,GOOD
2025-01-13 04:00:00,PUMP102.VIBRATION_RMS,1.981,mm/s,GOOD
2025-01-13 06:00:00,PUMP102.VIBRATION_RMS,2.364,mm/s,GOOD
2025-01-13 08:00:00,PUMP102.VIBRATION_RMS,2.414,mm/s,GOOD
2025-01-13 10:00:00,PUMP102.VIBRATION_RMS,2.09,mm/s,GOOD
2025-01-13 12:00:00,PUMP102.VIBRATION_RMS,1.552,mm/s,GOOD
2025-01-13 14:00:00,PUMP102.VIBRATION_RMS,1.701,mm/s,GOOD
2025-01-13 16:00:00,PUMP102.VIBRATION_RMS,2.674,mm/s,GOOD
2025-01-13 18:00:00,PUMP102.VIBRATION_RMS,2.726,mm/s,GOOD
2025-01-13 20:00:00,PUMP102.VIBRATION_RMS,1.996,mm/s,GOOD
2025-01-13 22:00:00,PUMP102.VIBRATION_RMS,2.231,mm/s,GOOD
2025-01-14 00:00:00,PUMP102.VIBRATION_RMS,2.699,mm/s,GOOD
2025-01-14 02:00:00,PUMP102.VIBRATION_RMS,1.248,mm/s,GOOD
2025-01-14 04:00:00,PUMP102.VIBRATION_RMS,1.877,mm/s,GOOD
2025-01-14 06:00:00,PUMP102.VIBRATION_RMS,3.109,mm/s,GOOD
2025-01-14 08:00:00,PUMP102.VIBRATION_RMS,2.25,mm/s,GOOD
2025-01-14 10:00:00,PUMP102.VIBRATION_RMS,1.535,mm/s,GOOD
2025-01-14 12:00:00,PUMP102.VIBRATION_RMS,2.159,mm/s,GOOD
2025-01-14 14:00:00,PUMP102.VIBRATION_RMS,2.611,mm/s,GOOD
2025-01-14 16:00:00,PUMP102.VIBRATION_RMS,0.827,mm/s,GOOD
2025-01-14 18:00:00,PUMP102.VIBRATION_RMS,2.188,mm/s,GOOD
2025-01-14 20:00:00,PUMP102.VIBRATION_RMS,1.914,mm/s,BAD
2025-01-14 22:00:00,PUMP102.VIBRATION_RMS,1.279,mm/s,GOOD
2025-01-15 00:00:00,PUMP102.VIBRATION_RMS,2.141,mm/s,GOOD
2025-01-15 02:00:00,PUMP102.VIBRATION_RMS,2.032,mm/s,GOOD
2025-01-15 04:00:00,PUMP102.VIBRATION_RMS,2.088,mm/s,GOOD
2025-01-15 06:00:00,PUMP102.VIBRATION_RMS,1.926,mm/s,GOOD
2025-01-15 08:00:00,PUMP102.VIBRATION_RMS,1.589,mm/s,GOOD
2025-01-15 10:00:00,PUMP102.VIBRATION_RMS,1.373,mm/s,GOOD
2025-01-15 12:00:00,PUMP102.VIBRATION_RMS,1.755,mm/s,GOOD
2025-01-15 14:00:00,PUMP102.VIBRATION_RMS,2.53,mm/s,GOOD
2025-01-15 16:00:00,PUMP102.VIBRATION_RMS,2.217,mm/s,GOOD
2025-01-15 18:00:00,PUMP102.VIBRATION_RMS,2.065,mm/s,GOOD
2025-01-15 20:00:00,PUMP102.VIBRATION_RMS,1.58,mm/s,GOOD
2025-01-15 22:00:00,PUMP102.VIBRATION_RMS,1.913,mm/s,GOOD
2025-01-16 00:00:00,PUMP102.VIBRATION_RMS,2.469,mm/s,GOOD
2025-01-16 02:00:00,PUMP102.VIBRATION_RMS,2.352,mm/s,GOOD
2025-01-16 04:00:00,PUMP102.VIBRATION_RMS,1.861,mm/s,GOOD
2025-01-16 06:00:00,PUMP102.VIBRATION_RMS,0.794,mm/s,GOOD
2025-01-16 08:00:00,PUMP102.VIBRATION_RMS,1.763,mm/s,GOOD
2025-01-16 10:00:00,PUMP102.VIBRATION_RMS,1.859,mm/s,GOOD
2025-01-16 12:00:00,PUMP102.VIBRATION_RMS,1.646,mm/s,BAD
2025-01-16 14:00:00,PUMP102.VIBRATION_RMS,1.893,mm/s,GOOD
2025-01-16 16:00:00,PUMP102.VIBRATION_RMS,2.508,mm/s,GOOD
2025-01-16 18:00:00,PUMP102.VIBRATION_RMS,2.081,mm/s,GOOD
2025-01-16 20:00:00,PUMP102.VIBRATION_RMS,2.595,mm/s,GOOD
2025-01-16 22:00:00,PUMP102.VIBRATION_RMS,1.346,mm/s,GOOD
2025-01-17 00:00:00,PUMP102.VIBRATION_RMS,1.947,mm/s,GOOD
2025-01-17 02:00:00,PUMP102.VIBRATION_RMS,1.13,mm/s,GOOD
2025-01-17 04:00:00,PUMP102.VIBRATION_RMS,1.887,mm/s,GOOD
2025-01-17 06:00:00,PUMP102.VIBRATION_RMS,1.577,mm/s,GOOD
2025-01-17 08:00:00,PUMP102.VIBRATION_RMS,2.741,mm/s,GOOD
2025-01-17 10:00:00,PUMP102.VIBRATION_RMS,2.305,mm/s,GOOD
2025-01-17 12:00:00,PUMP102.VIBRATION_RMS,2.607,mm/s,GOOD
2025-01-17 14:00:00,PUMP102.VIBRATION_RMS,1.885,mm/s,GOOD
2025-01-17 16:00:00,PUMP102.VIBRATION_RMS,1.59,mm/s,GOOD
2025-01-17 18:00:00,PUMP102.VIBRATION_RMS,1.574,mm/s,GOOD
2025-01-17 20:00:00,PUMP102.VIBRATION_RMS,2.233,mm/s,GOOD
2025-01-17 22:00:00,PUMP102.VIBRATION_RMS,3.005,mm/s,GOOD
2025-01-18 00:00:00,PUMP102.VIBRATION_RMS,2.306,mm/s,GOOD
2025-01-18 02:00:00,PUMP102.VIBRATION_RMS,1.913,mm/s,GOOD
2025-01-18 04:00:00,PUMP102.VIBRATION_RMS,2.006,mm/s,GOOD
2025-01-18 06:00:00,PUMP102.VIBRATION_RMS,2.084,mm/s,GOOD
2025-01-18 08:00:00,PUMP102.VIBRATION_RMS,3.113,mm/s,GOOD
2025-01-18 10:00:00,PUMP102.VIBRATION_RMS,2.717,mm/s,GOOD
2025-01-18 12:00:00,PUMP102.VIBRATION_RMS,2.23,mm/s,GOOD
2025-01-18 14:00:00,PUMP102.VIBRATION_RMS,2.155,mm/s,GOOD
2025-01-18 16:00:00,PUMP102.VIBRATION_RMS,2.25,mm/s,GOOD
2025-01-18 18:00:00,PUMP102.VIBRATION_RMS,2.347,mm/s,GOOD
2025-01-18 20:00:00,PUMP102.VIBRATION_RMS,1.893,mm/s,GOOD
2025-01-18 22:00:00,PUMP102.VIBRATION_RMS,1.678,mm/s,GOOD
2025-01-19 00:00:00,PUMP102.VIBRATION_RMS,2.616,mm/s,GOOD
2025-01-19 02:00:00,PUMP102.VIBRATION_RMS,2.111,mm/s,GOOD
2025-01-19 04:00:00,PUMP102.VIBRATION_RMS,2.574,mm/s,GOOD
2025-01-19 06:00:00,PUMP102.VIBRATION_RMS,2.923,mm/s,GOOD
2025-01-19 08:00:00,PUMP102.VIBRATION_RMS,2.36,mm/s,GOOD
2025-01-19 10:00:00,PUMP102.VIBRATION_RMS,2.279,mm/s,GOOD
2025-01-19 12:00:00,PUMP102.VIBRATION_RMS,3.7,mm/s,GOOD
2025-01-19 14:00:00,PUMP102.VIBRATION_RMS,2.204,mm/s,GOOD
2025-01-19 16:00:00,PUMP102.VIBRATION_RMS,1.555,mm/s,GOOD
2025-01-19 18:00:00,PUMP102.VIBRATION_RMS,1.959,mm/s,GOOD
2025-01-19 20:00:00,PUMP102.VIBRATION_RMS,2.876,mm/s,GOOD
2025-01-19 22:00:00,PUMP102.VIBRATION_RMS,1.453,mm/s,GOOD
2025-01-20 00:00:00,PUMP102.VIBRATION_RMS,1.724,mm/s,GOOD
2025-01-20 02:00:00,PUMP102.VIBRATION_RMS,2.653,mm/s,GOOD
2025-01-20 04:00:00,PUMP102.VIBRATION_RMS,1.964,mm/s,GOOD
2025-01-20 06:00:00,PUMP102.VIBRATION_RMS,2.045,mm/s,GOOD
2025-01-20 08:00:00,PUMP102.VIBRATION_RMS,2.637,mm/s,GOOD
2025-01-20 10:00:00,PUMP102.VIBRATION_RMS,1.742,mm/s,GOOD
2025-01-20 12:00:00,PUMP102.VIBRATION_RMS,1.366,mm/s,GOOD
2025-01-20 14:00:00,PUMP102.VIBRATION_RMS,1.406,mm/s,GOOD
2025-01-20 16:00:00,PUMP102.VIBRATION_RMS,2.391,mm/s,BAD
2025-01-20 18:00:00,PUMP102.VIBRATION_RMS,2.23,mm/s,GOOD
2025-01-20 20:00:00,PUMP102.VIBRATION_RMS,1.754,mm/s,BAD
2025-01-20 22:00:00,PUMP102.VIBRATION_RMS,1.521,mm/s,GOOD
2025-01-21 00:00:00,PUMP102.VIBRATION_RMS,1.965,mm/s,GOOD
2025-01-21 02:00:00,PUMP102.VIBRATION_RMS,2.658,mm/s,GOOD
2025-01-21 04:00:00,PUMP102.VIBRATION_RMS,1.682,mm/s,GOOD
2025-01-21 06:00:00,PUMP102.VIBRATION_RMS,1.769,mm/s,GOOD
2025-01-21 08:00:00,PUMP102.VIBRATION_RMS,1.505,mm/s,GOOD
2025-01-21 10:00:00,PUMP102.VIBRATION_RMS,1.916,mm/s,GOOD
2025-01-21 12:00:00,PUMP102.VIBRATION_RMS,2.269,mm/s,GOOD
2025-01-21 14:00:00,PUMP102.VIBRATION_RMS,3.158,mm/s,GOOD
2025-01-21 16:00:00,PUMP102.VIBRATION_RMS,2.209,mm/s,GOOD
2025-01-21 18:00:00,PUMP102.VIBRATION_RMS,2.073,mm/s,GOOD
2025-01-21 20:00:00,PUMP102.VIBRATION_RMS,2.531,mm/s,GOOD
2025-01-21 22:00:00,PUMP102.VIBRATION_RMS,2.448,mm/s,GOOD
2025-01-22 00:00:00,PUMP102.VIBRATION_RMS,1.811,mm/s,GOOD
2025-01-22 02:00:00,PUMP102.VIBRATION_RMS,3.251,mm/s,GOOD
2025-01-22 04:00:00,PUMP102.VIBRATION_RMS,2.088,mm/s,GOOD
2025-01-22 06:00:00,PUMP102.VIBRATION_RMS,2.218,mm/s,GOOD
2025-01-22 08:00:00,PUMP102.VIBRATION_RMS,2.376,mm/s,GOOD
2025-01-22 10:00:00,PUMP102.VIBRATION_RMS,2.273,mm/s,GOOD
2025-01-22 12:00:00,PUMP102.VIBRATION_RMS,2.863,mm/s,GOOD
2025-01-22 14:00:00,PUMP102.VIBRATION_RMS,1.805,mm/s,GOOD
2025-01-22 16:00:00,PUMP102.VIBRATION_RMS,2.492,mm/s,GOOD
2025-01-22 18:00:00,PUMP102.VIBRATION_RMS,2.182,mm/s,GOOD
2025-01-22 20:00:00,PUMP102.VIBRATION_RMS,2.591,mm/s,GOOD
2025-01-22 22:00:00,PUMP102.VIBRATION_RMS,1.993,mm/s,GOOD
2025-01-23 00:00:00,PUMP102.VIBRATION_RMS,1.925,mm/s,GOOD
2025-01-23 02:00:00,PUMP102.VIBRATION_RMS,2.466,mm/s,GOOD
2025-01-23 04:00:00,PUMP102.VIBRATION_RMS,2.279,mm/s,BAD
2025-01-23 06:00:00,PUMP102.VIBRATION_RMS,1.69,mm/s,GOOD
2025-01-23 08:00:00,PUMP102.VIBRATION_RMS,2.773,mm/s,GOOD
2025-01-23 10:00:00,PUMP102.VIBRATION_RMS,2.466,mm/s,GOOD
2025-01-23 12:00:00,PUMP102.VIBRATION_RMS,2.063,mm/s,GOOD
2025-01-23 14:00:00,PUMP102.VIBRATION_RMS,1.866,mm/s,GOOD
2025-01-23 16:00:00,PUMP102.VIBRATION_RMS,2.282,mm/s,GOOD
2025-01-23 18:00:00,PUMP102.VIBRATION_RMS,2.43,mm/s,GOOD
2025-01-23 20:00:00,PUMP102.VIBRATION_RMS,1.303,mm/s,GOOD
2025-01-23 22:00:00,PUMP102.VIBRATION_RMS,2.288,mm/s,GOOD
2025-01-24 00:00:00,PUMP102.VIBRATION_RMS,2.426,mm/s,GOOD
2025-01-24 02:00:00,PUMP102.VIBRATION_RMS,0.924,mm/s,GOOD
2025-01-24 04:00:00,PUMP102.VIBRATION_RMS,2.198,mm/s,GOOD
2025-01-24 06:00:00,PUMP102.VIBRATION_RMS,2.447,mm/s,GOOD
2025-01-24 08:00:00,PUMP102.VIBRATION_RMS,2.39,mm/s,GOOD
2025-01-24 10:00:00,PUMP102.VIBRATION_RMS,2.501,mm/s,GOOD
2025-01-24 12:00:00,PUMP102.VIBRATION_RMS,1.936,mm/s,GOOD
2025-01-24 14:00:00,PUMP102.VIBRATION_RMS,1.58,mm/s,GOOD
2025-01-24 16:00:00,PUMP102.VIBRATION_RMS,1.2,mm/s,GOOD
2025-01-24 18:00:00,PUMP102.VIBRATION_RMS,2.646,mm/s,GOOD
2025-01-24 20:00:00,PUMP102.VIBRATION_RMS,2.452,mm/s,GOOD
2025-01-24 22:00:00,PUMP102.VIBRATION_RMS,2.684,mm/s,GOOD
2025-01-25 00:00:00,PUMP102.VIBRATION_RMS,1.737,mm/s,GOOD
2025-01-25 02:00:00,PUMP102.VIBRATION_RMS,2.502,mm/s,GOOD
2025-01-25 04:00:00,PUMP102.VIBRATION_RMS,1.349,mm/s,GOOD
2025-01-25 06:00:00,PUMP102.VIBRATION_RMS,1.665,mm/s,GOOD
2025-01-25 08:00:00,PUMP102.VIBRATION_RMS,2.163,mm/s,GOOD
2025-01-25 10:00:00,PUMP102.VIBRATION_RMS,2.432,mm/s,GOOD
2025-01-25 12:00:00,PUMP102.VIBRATION_RMS,2.94,mm/s,GOOD
2025-01-25 14:00:00,PUMP102.VIBRATION_RMS,1.98,mm/s,GOOD
2025-01-25 16:00:00,PUMP102.VIBRATION_RMS,1.667,mm/s,GOOD
2025-01-25 18:00:00,PUMP102.VIBRATION_RMS,1.641,mm/s,GOOD
2025-01-25 20:00:00,PUMP102.VIBRATION_RMS,1.756,mm/s,GOOD
2025-01-25 22:00:00,PUMP102.VIBRATION_RMS,3.211,mm/s,GOOD
2025-01-26 00:00:00,PUMP102.VIBRATION_RMS,2.478,mm/s,GOOD
2025-01-26 02:00:00,PUMP102.VIBRATION_RMS,2.656,mm/s,GOOD
2025-01-26 04:00:00,PUMP102.VIBRATION_RMS,1.981,mm/s,GOOD
2025-01-26 06:00:00,PUMP102.VIBRATION_RMS,2.099,mm/s,GOOD
2025-01-26 08:00:00,PUMP102.VIBRATION_RMS,2.45,mm/s,GOOD
2025-01-26 10:00:00,PUMP102.VIBRATION_RMS,1.847,mm/s,GOOD
2025-01-26 12:00:00,PUMP102.VIBRATION_RMS,1.954,mm/s,GOOD
2025-01-26 14:00:00,PUMP102.VIBRATION_RMS,1.763,mm/s,GOOD
2025-01-26 16:00:00,PUMP102.VIBRATION_RMS,1.876,mm/s,GOOD
2025-01-26 18:00:00,PUMP102.VIBRATION_RMS,2.124,mm/s,GOOD
2025-01-26 20:00:00,PUMP102.VIBRATION_RMS,1.689,mm/s,GOOD
2025-01-26 22:00:00,PUMP102.VIBRATION_RMS,2.243,mm/s,GOOD
2025-01-27 00:00:00,PUMP102.VIBRATION_RMS,2.242,mm/s,GOOD
2025-01-27 02:00:00,PUMP102.VIBRATION_RMS,2.01,mm/s,GOOD
2025-01-27 04:00:00,PUMP102.VIBRATION_RMS,1.686,mm/s,GOOD
2025-01-27 06:00:00,PUMP102.VIBRATION_RMS,2.152,mm/s,GOOD
2025-01-27 08:00:00,PUMP102.VIBRATION_RMS,1.848,mm/s,GOOD
2025-01-27 10:00:00,PUMP102.VIBRATION_RMS,2.123,mm/s,GOOD
2025-01-27 12:00:00,PUMP102.VIBRATION_RMS,2.649,mm/s,GOOD
2025-01-27 14:00:00,PUMP102.VIBRATION_RMS,1.474,mm/s,GOOD
2025-01-27 16:00:00,PUMP102.VIBRATION_RMS,3.187,mm/s,GOOD
2025-01-27 18:00:00,PUMP102.VIBRATION_RMS,2.064,mm/s,GOOD
2025-01-27 20:00:00,PUMP102.VIBRATION_RMS,2.306,mm/s,GOOD
2025-01-27 22:00:00,PUMP102.VIBRATION_RMS,1.724,mm/s,GOOD
2025-01-28 00:00:00,PUMP102.VIBRATION_RMS,2.671,mm/s,GOOD
2025-01-28 02:00:00,PUMP102.VIBRATION_RMS,2.037,mm/s,GOOD
2025-01-28 04:00:00,PUMP102.VIBRATION_RMS,1.903,mm/s,GOOD
2025-01-28 06:00:00,PUMP102.VIBRATION_RMS,1.812,mm/s,GOOD
2025-01-28 08:00:00,PUMP102.VIBRATION_RMS,1.966,mm/s,GOOD
2025-01-28 10:00:00,PUMP102.VIBRATION_RMS,2.309,mm/s,GOOD
2025-01-28 12:00:00,PUMP102.VIBRATION_RMS,2.186,mm/s,GOOD
2025-01-28 14:00:00,PUMP102.VIBRATION_RMS,2.08,mm/s,GOOD
2025-01-28 16:00:00,PUMP102.VIBRATION_RMS,1.744,mm/s,GOOD
2025-01-28 18:00:00,PUMP102.VIBRATION_RMS,1.715,mm/s,GOOD
2025-01-28 20:00:00,PUMP102.VIBRATION_RMS,1.87,mm/s,GOOD
2025-01-28 22:00:00,PUMP102.VIBRATION_RMS,2.33,mm/s,GOOD
2025-01-29 00:00:00,PUMP102.VIBRATION_RMS,2.431,mm/s,GOOD
2025-01-29 02:00:00,PUMP102.VIBRATION_RMS,2.499,mm/s,GOOD
2025-01-29 04:00:00,PUMP102.VIBRATION_RMS,2.099,mm/s,GOOD
2025-01-29 06:00:00,PUMP102.VIBRATION_RMS,2.292,mm/s,GOOD
2025-01-29 08:00:00,PUMP102.VIBRATION_RMS,2.016,mm/s,GOOD
2025-01-29 10:00:00,PUMP102.VIBRATION_RMS,1.229,mm/s,GOOD
2025-01-29 12:00:00,PUMP102.VIBRATION_RMS,1.992,mm/s,GOOD
2025-01-29 14:00:00,PUMP102.VIBRATION_RMS,1.912,mm/s,GOOD
2025-01-29 16:00:00,PUMP102.VIBRATION_RMS,1.58,mm/s,GOOD
2025-01-29 18:00:00,PUMP102.VIBRATION_RMS,1.816,mm/s,GOOD
2025-01-29 20:00:00,PUMP102.VIBRATION_RMS,2.168,mm/s,GOOD
2025-01-29 22:00:00,PUMP102.VIBRATION_RMS,1.533,mm/s,GOOD
2025-01-30 00:00:00,PUMP102.VIBRATION_RMS,1.745,mm/s,GOOD
2025-01-30 02:00:00,PUMP102.VIBRATION_RMS,2.874,mm/s,GOOD
2025-01-30 04:00:00,PUMP102.VIBRATION_RMS,1.299,mm/s,GOOD
2025-01-30 06:00:00,PUMP102.VIBRATION_RMS,2.008,mm/s,GOOD
2025-01-30 08:00:00,PUMP102.VIBRATION_RMS,1.517,mm/s,GOOD
2025-01-30 10:00:00,PUMP102.VIBRATION_RMS,1.724,mm/s,GOOD
2025-01-30 12:00:00,PUMP102.VIBRATION_RMS,2.001,mm/s,GOOD
2025-01-30 14:00:00,PUMP102.VIBRATION_RMS,1.606,mm/s,GOOD
2025-01-30 16:00:00,PUMP102.VIBRATION_RMS,2.387,mm/s,GOOD
2025-01-30 18:00:00,PUMP102.VIBRATION_RMS,2.776,mm/s,GOOD
2025-01-30 20:00:00,PUMP102.VIBRATION_RMS,2.521,mm/s,GOOD
2025-01-30 22:00:00,PUMP102.VIBRATION_RMS,2.612,mm/s,GOOD
2025-01-31 00:00:00,PUMP102.VIBRATION_RMS,1.41,mm/s,GOOD
2025-01-31 02:00:00,PUMP102.VIBRATION_RMS,1.978,mm/s,GOOD
2025-01-31 04:00:00,PUMP102.VIBRATION_RMS,2.334,mm/s,GOOD
2025-01-31 06:00:00,PUMP102.VIBRATION_RMS,2.536,mm/s,GOOD
2025-01-31 08:00:00,PUMP102.VIBRATION_RMS,2.977,mm/s,GOOD
2025-01-31 10:00:00,PUMP102.VIBRATION_RMS,2.635,mm/s,GOOD
2025-01-31 12:00:00,PUMP102.VIBRATION_RMS,2.548,mm/s,GOOD
2025-01-31 14:00:00,PUMP102.VIBRATION_RMS,3.417,mm/s,GOOD
2025-01-31 16:00:00,PUMP102.VIBRATION_RMS,2.148,mm/s,GOOD
2025-01-31 18:00:00,PUMP102.VIBRATION_RMS,1.955,mm/s,GOOD
2025-01-31 20:00:00,PUMP102.VIBRATION_RMS,2.189,mm/s,GOOD
2025-01-31 22:00:00,PUMP102.VIBRATION_RMS,1.642,mm/s,GOOD
2025-02-01 00:00:00,PUMP102.VIBRATION_RMS,2.134,mm/s,GOOD
2025-02-01 02:00:00,PUMP102.VIBRATION_RMS,1.237,mm/s,GOOD
2025-02-01 04:00:00,PUMP102.VIBRATION_RMS,1.835,mm/s,GOOD
2025-02-01 06:00:00,PUMP102.VIBRATION_RMS,2.042,mm/s,GOOD
2025-02-01 08:00:00,PUMP102.VIBRATION_RMS,2.575,mm/s,GOOD
2025-02-01 10:00:00,PUMP102.VIBRATION_RMS,2.656,mm/s,GOOD
2025-02-01 12:00:00,PUMP102.VIBRATION_RMS,1.618,mm/s,GOOD
2025-02-01 14:00:00,PUMP102.VIBRATION_RMS,3.138,mm/s,GOOD
2025-02-01 16:00:00,PUMP102.VIBRATION_RMS,2.174,mm/s,GOOD
2025-02-01 18:00:00,PUMP102.VIBRATION_RMS,2.22,mm/s,GOOD
2025-02-01 20:00:00,PUMP102.VIBRATION_RMS,1.291,mm/s,GOOD
2025-02-01 22:00:00,PUMP102.VIBRATION_RMS,1.79,mm/s,GOOD
2025-02-02 00:00:00,PUMP102.VIBRATION_RMS,2.625,mm/s,GOOD
2025-02-02 02:00:00,PUMP102.VIBRATION_RMS,2.185,mm/s,GOOD
2025-02-02 04:00:00,PUMP102.VIBRATION_RMS,2.154,mm/s,GOOD
2025-02-02 06:00:00,PUMP102.VIBRATION_RMS,2.214,mm/s,GOOD
2025-02-02 08:00:00,PUMP102.VIBRATION_RMS,1.378,mm/s,GOOD
2025-02-02 10:00:00,PUMP102.VIBRATION_RMS,2.052,mm/s,GOOD
2025-02-02 12:00:00,PUMP102.VIBRATION_RMS,2.804,mm/s,GOOD
2025-02-02 14:00:00,PUMP102.VIBRATION_RMS,2.643,mm/s,GOOD
2025-02-02 16:00:00,PUMP102.VIBRATION_RMS,2.037,mm/s,GOOD
2025-02-02 18:00:00,PUMP102.VIBRATION_RMS,2.882,mm/s,GOOD
2025-02-02 20:00:00,PUMP102.VIBRATION_RMS,1.47,mm/s,GOOD
2025-02-02 22:00:00,PUMP102.VIBRATION_RMS,1.614,mm/s,GOOD
2025-02-03 00:00:00,PUMP102.VIBRATION_RMS,3.032,mm/s,GOOD
2025-02-03 02:00:00,PUMP102.VIBRATION_RMS,2.389,mm/s,GOOD
2025-02-03 04:00:00,PUMP102.VIBRATION_RMS,1.956,mm/s,GOOD
2025-02-03 06:00:00,PUMP102.VIBRATION_RMS,2.072,mm/s,GOOD
2025-02-03 08:00:00,PUMP102.VIBRATION_RMS,1.697,mm/s,GOOD
2025-02-03 10:00:00,PUMP102.VIBRATION_RMS,2.238,mm/s,GOOD
2025-02-03 12:00:00,PUMP102.VIBRATION_RMS,2.199,mm/s,GOOD
2025-02-03 14:00:00,PUMP102.VIBRATION_RMS,2.11,mm/s,GOOD
2025-02-03 16:00:00,PUMP102.VIBRATION_RMS,1.52,mm/s,GOOD
2025-02-03 18:00:00,PUMP102.VIBRATION_RMS,2.232,mm/s,GOOD
2025-02-03 20:00:00,PUMP102.VIBRATION_RMS,1.835,mm/s,GOOD
2025-02-03 22:00:00,PUMP102.VIBRATION_RMS,1.607,mm/s,GOOD
2025-02-04 00:00:00,PUMP102.VIBRATION_RMS,2.733,mm/s,GOOD
2025-02-04 02:00:00,PUMP102.VIBRATION_RMS,3.185,mm/s,GOOD
2025-02-04 04:00:00,PUMP102.VIBRATION_RMS,3.071,mm/s,GOOD
2025-02-04 06:00:00,PUMP102.VIBRATION_RMS,2.425,mm/s,GOOD
2025-02-04 08:00:00,PUMP102.VIBRATION_RMS,1.967,mm/s,GOOD
2025-02-04 10:00:00,PUMP102.VIBRATION_RMS,2.065,mm/s,GOOD
2025-02-04 12:00:00,PUMP102.VIBRATION_RMS,2.303,mm/s,GOOD
2025-02-04 14:00:00,PUMP102.VIBRATION_RMS,1.89,mm/s,GOOD
2025-02-04 16:00:00,PUMP102.VIBRATION_RMS,2.759,mm/s,GOOD
2025-02-04 18:00:00,PUMP102.VIBRATION_RMS,1.082,mm/s,GOOD
2025-02-04 20:00:00,PUMP102.VIBRATION_RMS,1.952,mm/s,GOOD
2025-02-04 22:00:00,PUMP102.VIBRATION_RMS,2.501,mm/s,GOOD
2025-02-05 00:00:00,PUMP102.VIBRATION_RMS,1.677,mm/s,GOOD
2025-02-05 02:00:00,PUMP102.VIBRATION_RMS,1.98,mm/s,GOOD
2025-02-05 04:00:00,PUMP102.VIBRATION_RMS,2.397,mm/s,GOOD
2025-02-05 06:00:00,PUMP102.VIBRATION_RMS,2.859,mm/s,GOOD
2025-02-05 08:00:00,PUMP102.VIBRATION_RMS,1.453,mm/s,GOOD
2025-02-05 10:00:00,PUMP102.VIBRATION_RMS,1.416,mm/s,GOOD
2025-02-05 12:00:00,PUMP102.VIBRATION_RMS,1.627,mm/s,GOOD
2025-02-05 14:00:00,PUMP102.VIBRATION_RMS,1.331,mm/s,BAD
2025-02-05 16:00:00,PUMP102.VIBRATION_RMS,1.367,mm/s,GOOD
2025-02-05 18:00:00,PUMP102.VIBRATION_RMS,1.614,mm/s,GOOD
2025-02-05 20:00:00,PUMP102.VIBRATION_RMS,2.717,mm/s,GOOD
2025-02-05 22:00:00,PUMP102.VIBRATION_RMS,1.944,mm/s,GOOD
2025-02-06 00:00:00,PUMP102.VIBRATION_RMS,2.116,mm/s,GOOD
2025-02-06 02:00:00,PUMP102.VIBRATION_RMS,1.622,mm/s,GOOD
2025-02-06 04:00:00,PUMP102.VIBRATION_RMS,2.417,mm/s,GOOD
2025-02-06 06:00:00,PUMP102.VIBRATION_RMS,3.038,mm/s,GOOD
2025-02-06 08:00:00,PUMP102.VIBRATION_RMS,1.656,mm/s,GOOD
2025-02-06 10:00:00,PUMP102.VIBRATION_RMS,2.962,mm/s,GOOD
2025-02-06 12:00:00,PUMP102.VIBRATION_RMS,2.282,mm/s,GOOD
2025-02-06 14:00:00,PUMP102.VIBRATION_RMS,2.108,mm/s,GOOD
2025-02-06 16:00:00,PUMP102.VIBRATION_RMS,2.3,mm/s,GOOD
2025-02-06 18:00:00,PUMP102.VIBRATION_RMS,2.295,mm/s,GOOD
2025-02-06 20:00:00,PUMP102.VIBRATION_RMS,3.029,mm/s,GOOD
2025-02-06 22:00:00,PUMP102.VIBRATION_RMS,2.36,mm/s,GOOD
2025-02-07 00:00:00,PUMP102.VIBRATION_RMS,2.371,mm/s,GOOD
2025-02-07 02:00:00,PUMP102.VIBRATION_RMS,1.889,mm/s,GOOD
2025-02-07 04:00:00,PUMP102.VIBRATION_RMS,2.52,mm/s,GOOD
2025-02-07 06:00:00,PUMP102.VIBRATION_RMS,1.622,mm/s,GOOD
2025-02-07 08:00:00,PUMP102.VIBRATION_RMS,2.155,mm/s,GOOD
2025-02-07 10:00:00,PUMP102.VIBRATION_RMS,3.542,mm/s,GOOD
2025-02-07 12:00:00,PUMP102.VIBRATION_RMS,0.848,mm/s,GOOD
2025-02-07 14:00:00,PUMP102.VIBRATION_RMS,2.217,mm/s,GOOD
2025-02-07 16:00:00,PUMP102.VIBRATION_RMS,2.236,mm/s,GOOD
2025-02-07 18:00:00,PUMP102.VIBRATION_RMS,1.986,mm/s,GOOD
2025-02-07 20:00:00,PUMP102.VIBRATION_RMS,1.998,mm/s,GOOD
2025-02-07 22:00:00,PUMP102.VIBRATION_RMS,2.146,mm/s,GOOD
2025-02-08 00:00:00,PUMP102.VIBRATION_RMS,1.974,mm/s,GOOD
2025-02-08 02:00:00,PUMP102.VIBRATION_RMS,2.211,mm/s,GOOD
2025-02-08 04:00:00,PUMP102.VIBRATION_RMS,1.856,mm/s,GOOD
2025-02-08 06:00:00,PUMP102.VIBRATION_RMS,3.111,mm/s,GOOD
2025-02-08 08:00:00,PUMP102.VIBRATION_RMS,1.974,mm/s,GOOD
2025-02-08 10:00:00,PUMP102.VIBRATION_RMS,2.385,mm/s,GOOD
2025-02-08 12:00:00,PUMP102.VIBRATION_RMS,1.765,mm/s,GOOD
2025-02-08 14:00:00,PUMP102.VIBRATION_RMS,2.567,mm/s,GOOD
2025-02-08 16:00:00,PUMP102.VIBRATION_RMS,2.467,mm/s,GOOD
2025-02-08 18:00:00,PUMP102.VIBRATION_RMS,2.31,mm/s,GOOD
2025-02-08 20:00:00,PUMP102.VIBRATION_RMS,1.586,mm/s,GOOD
2025-02-08 22:00:00,PUMP102.VIBRATION_RMS,1.724,mm/s,BAD
2025-02-09 00:00:00,PUMP102.VIBRATION_RMS,2.943,mm/s,GOOD
2025-02-09 02:00:00,PUMP102.VIBRATION_RMS,1.718,mm/s,GOOD
2025-02-09 04:00:00,PUMP102.VIBRATION_RMS,2.42,mm/s,GOOD
2025-02-09 06:00:00,PUMP102.VIBRATION_RMS,1.628,mm/s,GOOD
2025-02-09 08:00:00,PUMP102.VIBRATION_RMS,2.604,mm/s,GOOD
2025-02-09 10:00:00,PUMP102.VIBRATION_RMS,1.757,mm/s,BAD
2025-02-09 12:00:00,PUMP102.VIBRATION_RMS,1.618,mm/s,GOOD
2025-02-09 14:00:00,PUMP102.VIBRATION_RMS,1.744,mm/s,GOOD
2025-02-09 16:00:00,PUMP102.VIBRATION_RMS,1.823,mm/s,GOOD
2025-02-09 18:00:00,PUMP102.VIBRATION_RMS,2.302,mm/s,GOOD
2025-02-09 20:00:00,PUMP102.VIBRATION_RMS,2.135,mm/s,GOOD
2025-02-09 22:00:00,PUMP102.VIBRATION_RMS,1.552,mm/s,GOOD
2025-02-10 00:00:00,PUMP102.VIBRATION_RMS,2.086,mm/s,GOOD
2025-02-10 02:00:00,PUMP102.VIBRATION_RMS,1.528,mm/s,GOOD
2025-02-10 04:00:00,PUMP102.VIBRATION_RMS,2.422,mm/s,GOOD
2025-02-10 06:00:00,PUMP102.VIBRATION_RMS,2.513,mm/s,GOOD
2025-02-10 08:00:00,PUMP102.VIBRATION_RMS,2.088,mm/s,GOOD
2025-02-10 10:00:00,PUMP102.VIBRATION_RMS,2.236,mm/s,GOOD
2025-02-10 12:00:00,PUMP102.VIBRATION_RMS,2.976,mm/s,GOOD
2025-02-10 14:00:00,PUMP102.VIBRATION_RMS,2.021,mm/s,GOOD
2025-02-10 16:00:00,PUMP102.VIBRATION_RMS,1.628,mm/s,GOOD
2025-02-10 18:00:00,PUMP102.VIBRATION_RMS,2.39,mm/s,GOOD
2025-02-10 20:00:00,PUMP102.VIBRATION_RMS,1.534,mm/s,GOOD
2025-02-10 22:00:00,PUMP102.VIBRATION_RMS,1.995,mm/s,GOOD
2025-02-11 00:00:00,PUMP102.VIBRATION_RMS,1.801,mm/s,GOOD
2025-02-11 02:00:00,PUMP102.VIBRATION_RMS,1.749,mm/s,GOOD
2025-02-11 04:00:00,PUMP102.VIBRATION_RMS,1.975,mm/s,GOOD
2025-02-11 06:00:00,PUMP102.VIBRATION_RMS,2.55,mm/s,GOOD
2025-02-11 08:00:00,PUMP102.VIBRATION_RMS,2.653,mm/s,GOOD
2025-02-11 10:00:00,PUMP102.VIBRATION_RMS,2.563,mm/s,GOOD
2025-02-11 12:00:00,PUMP102.VIBRATION_RMS,2.268,mm/s,GOOD
2025-02-11 14:00:00,PUMP102.VIBRATION_RMS,1.971,mm/s,GOOD
2025-02-11 16:00:00,PUMP102.VIBRATION_RMS,0.921,mm/s,GOOD
2025-02-11 18:00:00,PUMP102.VIBRATION_RMS,2.284,mm/s,GOOD
2025-02-11 20:00:00,PUMP102.VIBRATION_RMS,0.96,mm/s,GOOD
2025-02-11 22:00:00,PUMP102.VIBRATION_RMS,1.138,mm/s,GOOD
2025-02-12 00:00:00,PUMP102.VIBRATION_RMS,2.019,mm/s,GOOD
2025-02-12 02:00:00,PUMP102.VIBRATION_RMS,2.232,mm/s,GOOD
2025-02-12 04:00:00,PUMP102.VIBRATION_RMS,1.874,mm/s,GOOD
2025-02-12 06:00:00,PUMP102.VIBRATION_RMS,2.868,mm/s,GOOD
2025-02-12 08:00:00,PUMP102.VIBRATION_RMS,2.331,mm/s,GOOD
2025-02-12 10:00:00,PUMP102.VIBRATION_RMS,1.975,mm/s,GOOD
2025-02-12 12:00:00,PUMP102.VIBRATION_RMS,2.793,mm/s,GOOD
2025-02-12 14:00:00,PUMP102.VIBRATION_RMS,2.883,mm/s,GOOD
2025-02-12 16:00:00,PUMP102.VIBRATION_RMS,2.356,mm/s,GOOD
2025-02-12 18:00:00,PUMP102.VIBRATION_RMS,1.712,mm/s,GOOD
2025-02-12 20:00:00,PUMP102.VIBRATION_RMS,1.825,mm/s,GOOD
2025-02-12 22:00:00,PUMP102.VIBRATION_RMS,1.377,mm/s,GOOD
2025-02-13 00:00:00,PUMP102.VIBRATION_RMS,2.079,mm/s,GOOD
2025-02-13 02:00:00,PUMP102.VIBRATION_RMS,1.575,mm/s,GOOD
2025-02-13 04:00:00,PUMP102.VIBRATION_RMS,1.935,mm/s,GOOD
2025-02-13 06:00:00,PUMP102.VIBRATION_RMS,2.23,mm/s,GOOD
2025-02-13 08:00:00,PUMP102.VIBRATION_RMS,1.108,mm/s,GOOD
2025-02-13 10:00:00,PUMP102.VIBRATION_RMS,1.468,mm/s,GOOD
2025-02-13 12:00:00,PUMP102.VIBRATION_RMS,1.847,mm/s,GOOD
2025-02-13 14:00:00,PUMP102.VIBRATION_RMS,2.074,mm/s,GOOD
2025-02-13 16:00:00,PUMP102.VIBRATION_RMS,1.853,mm/s,GOOD
2025-02-13 18:00:00,PUMP102.VIBRATION_RMS,1.965,mm/s,GOOD
2025-02-13 20:00:00,PUMP102.VIBRATION_RMS,1.747,mm/s,GOOD
2025-02-13 22:00:00,PUMP102.VIBRATION_RMS,1.375,mm/s,GOOD
2025-02-14 00:00:00,PUMP102.VIBRATION_RMS,1.833,mm/s,GOOD
2025-02-14 02:00:00,PUMP102.VIBRATION_RMS,1.993,mm/s,GOOD
2025-02-14 04:00:00,PUMP102.VIBRATION_RMS,1.945,mm/s,GOOD
2025-02-14 06:00:00,PUMP102.VIBRATION_RMS,2.156,mm/s,GOOD
2025-02-14 08:00:00,PUMP102.VIBRATION_RMS,2.309,mm/s,GOOD
2025-02-14 10:00:00,PUMP102.VIBRATION_RMS,2.441,mm/s,GOOD
2025-02-14 12:00:00,PUMP102.VIBRATION_RMS,1.783,mm/s,GOOD
2025-02-14 14:00:00,PUMP102.VIBRATION_RMS,1.312,mm/s,BAD
2025-02-14 16:00:00,PUMP102.VIBRATION_RMS,2.736,mm/s,GOOD
2025-02-14 18:00:00,PUMP102.VIBRATION_RMS,2.293,mm/s,GOOD
2025-02-14 20:00:00,PUMP102.VIBRATION_RMS,1.623,mm/s,GOOD
2025-02-14 22:00:00,PUMP102.VIBRATION_RMS,2.239,mm/s,GOOD
2025-02-15 00:00:00,PUMP102.VIBRATION_RMS,2.634,mm/s,GOOD
2025-02-15 02:00:00,PUMP102.VIBRATION_RMS,2.965,mm/s,GOOD
2025-02-15 04:00:00,PUMP102.VIBRATION_RMS,2.225,mm/s,GOOD
2025-02-15 06:00:00,PUMP102.VIBRATION_RMS,2.63,mm/s,GOOD
2025-02-15 08:00:00,PUMP102.VIBRATION_RMS,1.495,mm/s,GOOD
2025-02-15 10:00:00,PUMP102.VIBRATION_RMS,2.082,mm/s,GOOD
2025-02-15 12:00:00,PUMP102.VIBRATION_RMS,1.932,mm/s,GOOD
2025-02-15 14:00:00,PUMP102.VIBRATION_RMS,2.271,mm/s,GOOD
2025-02-15 16:00:00,PUMP102.VIBRATION_RMS,2.906,mm/s,GOOD
2025-02-15 18:00:00,PUMP102.VIBRATION_RMS,2.225,mm/s,GOOD
2025-02-15 20:00:00,PUMP102.VIBRATION_RMS,1.631,mm/s,GOOD
2025-02-15 22:00:00,PUMP102.VIBRATION_RMS,1.468,mm/s,GOOD
2025-02-16 00:00:00,PUMP102.VIBRATION_RMS,2.923,mm/s,GOOD
2025-02-16 02:00:00,PUMP102.VIBRATION_RMS,2.357,mm/s,GOOD
2025-02-16 04:00:00,PUMP102.VIBRATION_RMS,2.324,mm/s,GOOD
2025-02-16 06:00:00,PUMP102.VIBRATION_RMS,1.928,mm/s,GOOD
2025-02-16 08:00:00,PUMP102.VIBRATION_RMS,2.234,mm/s,GOOD
2025-02-16 10:00:00,PUMP102.VIBRATION_RMS,1.607,mm/s,GOOD
2025-02-16 12:00:00,PUMP102.VIBRATION_RMS,2.294,mm/s,GOOD
2025-02-16 14:00:00,PUMP102.VIBRATION_RMS,1.513,mm/s,GOOD
2025-02-16 16:00:00,PUMP102.VIBRATION_RMS,1.92,mm/s,BAD
2025-02-16 18:00:00,PUMP102.VIBRATION_RMS,1.779,mm/s,GOOD
2025-02-16 20:00:00,PUMP102.VIBRATION_RMS,0.471,mm/s,GOOD
2025-02-16 22:00:00,PUMP102.VIBRATION_RMS,1.927,mm/s,GOOD
2025-02-17 00:00:00,PUMP102.VIBRATION_RMS,1.651,mm/s,GOOD
2025-02-17 02:00:00,PUMP102.VIBRATION_RMS,1.995,mm/s,GOOD
2025-02-17 04:00:00,PUMP102.VIBRATION_RMS,2.101,mm/s,GOOD
2025-02-17 06:00:00,PUMP102.VIBRATION_RMS,2.984,mm/s,GOOD
2025-02-17 08:00:00,PUMP102.VIBRATION_RMS,2.252,mm/s,GOOD
2025-02-17 10:00:00,PUMP102.VIBRATION_RMS,2.267,mm/s,GOOD
2025-02-17 12:00:00,PUMP102.VIBRATION_RMS,2.348,mm/s,GOOD
2025-02-17 14:00:00,PUMP102.VIBRATION_RMS,2.536,mm/s,GOOD
2025-02-17 16:00:00,PUMP102.VIBRATION_RMS,2.327,mm/s,GOOD
2025-02-17 18:00:00,PUMP102.VIBRATION_RMS,2.241,mm/s,GOOD
2025-02-17 20:00:00,PUMP102.VIBRATION_RMS,2.456,mm/s,GOOD
2025-02-17 22:00:00,PUMP102.VIBRATION_RMS,0.887,mm/s,GOOD
2025-02-18 00:00:00,PUMP102.VIBRATION_RMS,3.145,mm/s,GOOD
2025-02-18 02:00:00,PUMP102.VIBRATION_RMS,2.895,mm/s,GOOD
2025-02-18 04:00:00,PUMP102.VIBRATION_RMS,2.209,mm/s,GOOD
2025-02-18 06:00:00,PUMP102.VIBRATION_RMS,1.393,mm/s,GOOD
2025-02-18 08:00:00,PUMP102.VIBRATION_RMS,2.705,mm/s,GOOD
2025-02-18 10:00:00,PUMP102.VIBRATION_RMS,1.753,mm/s,GOOD
2025-02-18 12:00:00,PUMP102.VIBRATION_RMS,2.367,mm/s,GOOD
2025-02-18 14:00:00,PUMP102.VIBRATION_RMS,1.459,mm/s,GOOD
2025-02-18 16:00:00,PUMP102.VIBRATION_RMS,3.213,mm/s,GOOD
2025-02-18 18:00:00,PUMP102.VIBRATION_RMS,1.379,mm/s,GOOD
2025-02-18 20:00:00,PUMP102.VIBRATION_RMS,2.134,mm/s,GOOD
2025-02-18 22:00:00,PUMP102.VIBRATION_RMS,1.039,mm/s,GOOD
2025-02-19 00:00:00,PUMP102.VIBRATION_RMS,2.079,mm/s,GOOD
2025-02-19 02:00:00,PUMP102.VIBRATION_RMS,1.887,mm/s,GOOD
2025-02-19 04:00:00,PUMP102.VIBRATION_RMS,2.669,mm/s,GOOD
2025-02-19 06:00:00,PUMP102.VIBRATION_RMS,1.887,mm/s,GOOD
2025-02-19 08:00:00,PUMP102.VIBRATION_RMS,2.669,mm/s,GOOD
2025-02-19 10:00:00,PUMP102.VIBRATION_RMS,1.588,mm/s,GOOD
2025-02-19 12:00:00,PUMP102.VIBRATION_RMS,1.959,mm/s,GOOD
2025-02-19 14:00:00,PUMP102.VIBRATION_RMS,1.969,mm/s,GOOD
2025-02-19 16:00:00,PUMP102.VIBRATION_RMS,2.348,mm/s,GOOD
2025-02-19 18:00:00,PUMP102.VIBRATION_RMS,2.284,mm/s,GOOD
2025-02-19 20:00:00,PUMP102.VIBRATION_RMS,2.461,mm/s,GOOD
2025-02-19 22:00:00,PUMP102.VIBRATION_RMS,2.233,mm/s,GOOD
2025-02-20 00:00:00,PUMP102.VIBRATION_RMS,2.431,mm/s,GOOD
2025-02-20 02:00:00,PUMP102.VIBRATION_RMS,1.651,mm/s,GOOD
2025-02-20 04:00:00,PUMP102.VIBRATION_RMS,2.294,mm/s,GOOD
2025-02-20 06:00:00,PUMP102.VIBRATION_RMS,2.904,mm/s,GOOD
2025-02-20 08:00:00,PUMP102.VIBRATION_RMS,1.26,mm/s,GOOD
2025-02-20 10:00:00,PUMP102.VIBRATION_RMS,2.345,mm/s,GOOD
2025-02-20 12:00:00,PUMP102.VIBRATION_RMS,2.438,mm/s,GOOD
2025-02-20 14:00:00,PUMP102.VIBRATION_RMS,2.831,mm/s,GOOD
2025-02-20 16:00:00,PUMP102.VIBRATION_RMS,2.463,mm/s,BAD
2025-02-20 18:00:00,PUMP102.VIBRATION_RMS,2.15,mm/s,GOOD
2025-02-20 20:00:00,PUMP102.VIBRATION_RMS,2.315,mm/s,GOOD
2025-02-20 22:00:00,PUMP102.VIBRATION_RMS,1.732,mm/s,GOOD
2025-02-21 00:00:00,PUMP102.VIBRATION_RMS,1.906,mm/s,GOOD
2025-02-21 02:00:00,PUMP102.VIBRATION_RMS,1.432,mm/s,GOOD
2025-02-21 04:00:00,PUMP102.VIBRATION_RMS,2.844,mm/s,GOOD
2025-02-21 06:00:00,PUMP102.VIBRATION_RMS,2.325,mm/s,GOOD
2025-02-21 08:00:00,PUMP102.VIBRATION_RMS,1.642,mm/s,GOOD
2025-02-21 10:00:00,PUMP102.VIBRATION_RMS,2.236,mm/s,GOOD
2025-02-21 12:00:00,PUMP102.VIBRATION_RMS,2.68,mm/s,GOOD
2025-02-21 14:00:00,PUMP102.VIBRATION_RMS,2.596,mm/s,GOOD
2025-02-21 16:00:00,PUMP102.VIBRATION_RMS,1.636,mm/s,GOOD
2025-02-21 18:00:00,PUMP102.VIBRATION_RMS,0.533,mm/s,GOOD
2025-02-21 20:00:00,PUMP102.VIBRATION_RMS,2.298,mm/s,BAD
2025-02-21 22:00:00,PUMP102.VIBRATION_RMS,1.657,mm/s,GOOD
2025-02-22 00:00:00,PUMP102.VIBRATION_RMS,2.411,mm/s,GOOD
2025-02-22 02:00:00,PUMP102.VIBRATION_RMS,2.575,mm/s,GOOD
2025-02-22 04:00:00,PUMP102.VIBRATION_RMS,2.657,mm/s,GOOD
2025-02-22 06:00:00,PUMP102.VIBRATION_RMS,2.972,mm/s,GOOD
2025-02-22 08:00:00,PUMP102.VIBRATION_RMS,2.718,mm/s,GOOD
2025-02-22 10:00:00,PUMP102.VIBRATION_RMS,2.975,mm/s,GOOD
2025-02-22 12:00:00,PUMP102.VIBRATION_RMS,2.79,mm/s,GOOD
2025-02-22 14:00:00,PUMP102.VIBRATION_RMS,2.833,mm/s,GOOD
2025-02-22 16:00:00,PUMP102.VIBRATION_RMS,2.08,mm/s,GOOD
2025-02-22 18:00:00,PUMP102.VIBRATION_RMS,1.455,mm/s,GOOD
2025-02-22 20:00:00,PUMP102.VIBRATION_RMS,3.341,mm/s,GOOD
2025-02-22 22:00:00,PUMP102.VIBRATION_RMS,2.131,mm/s,GOOD
2025-02-23 00:00:00,PUMP102.VIBRATION_RMS,2.714,mm/s,GOOD
2025-02-23 02:00:00,PUMP102.VIBRATION_RMS,1.825,mm/s,GOOD
2025-02-23 04:00:00,PUMP102.VIBRATION_RMS,2.582,mm/s,GOOD
2025-02-23 06:00:00,PUMP102.VIBRATION_RMS,0.878,mm/s,GOOD
2025-02-23 08:00:00,PUMP102.VIBRATION_RMS,1.895,mm/s,GOOD
2025-02-23 10:00:00,PUMP102.VIBRATION_RMS,2.051,mm/s,GOOD
2025-02-23 12:00:00,PUMP102.VIBRATION_RMS,2.331,mm/s,GOOD
2025-02-23 14:00:00,PUMP102.VIBRATION_RMS,2.636,mm/s,GOOD
2025-02-23 16:00:00,PUMP102.VIBRATION_RMS,1.553,mm/s,GOOD
2025-02-23 18:00:00,PUMP102.VIBRATION_RMS,2.43,mm/s,GOOD
2025-02-23 20:00:00,PUMP102.VIBRATION_RMS,2.713,mm/s,GOOD
2025-02-23 22:00:00,PUMP102.VIBRATION_RMS,3.273,mm/s,GOOD
2025-02-24 00:00:00,PUMP102.VIBRATION_RMS,2.453,mm/s,GOOD
2025-02-24 02:00:00,PUMP102.VIBRATION_RMS,1.87,mm/s,GOOD
2025-02-24 04:00:00,PUMP102.VIBRATION_RMS,1.464,mm/s,GOOD
2025-02-24 06:00:00,PUMP102.VIBRATION_RMS,3.015,mm/s,GOOD
2025-02-24 08:00:00,PUMP102.VIBRATION_RMS,2.469,mm/s,GOOD
2025-02-24 10:00:00,PUMP102.VIBRATION_RMS,2.089,mm/s,GOOD
2025-02-24 12:00:00,PUMP102.VIBRATION_RMS,1.29,mm/s,GOOD
2025-02-24 14:00:00,PUMP102.VIBRATION_RMS,1.634,mm/s,GOOD
2025-02-24 16:00:00,PUMP102.VIBRATION_RMS,2.416,mm/s,GOOD
2025-02-24 18:00:00,PUMP102.VIBRATION_RMS,2.277,mm/s,GOOD
2025-02-24 20:00:00,PUMP102.VIBRATION_RMS,1.127,mm/s,GOOD
2025-02-24 22:00:00,PUMP102.VIBRATION_RMS,2.416,mm/s,GOOD
2025-02-25 00:00:00,PUMP102.VIBRATION_RMS,1.316,mm/s,GOOD
2025-02-25 02:00:00,PUMP102.VIBRATION_RMS,2.777,mm/s,GOOD
2025-02-25 04:00:00,PUMP102.VIBRATION_RMS,2.204,mm/s,GOOD
2025-02-25 06:00:00,PUMP102.VIBRATION_RMS,1.868,mm/s,GOOD
2025-02-25 08:00:00,PUMP102.VIBRATION_RMS,2.595,mm/s,GOOD
2025-02-25 10:00:00,PUMP102.VIBRATION_RMS,2.277,mm/s,GOOD
2025-02-25 12:00:00,PUMP102.VIBRATION_RMS,2.762,mm/s,GOOD
2025-02-25 14:00:00,PUMP102.VIBRATION_RMS,2.14,mm/s,GOOD
2025-02-25 16:00:00,PUMP102.VIBRATION_RMS,2.169,mm/s,GOOD
2025-02-25 18:00:00,PUMP102.VIBRATION_RMS,1.957,mm/s,GOOD
2025-02-25 20:00:00,PUMP102.VIBRATION_RMS,2.231,mm/s,GOOD
2025-02-25 22:00:00,PUMP102.VIBRATION_RMS,2.949,mm/s,GOOD
2025-02-26 00:00:00,PUMP102.VIBRATION_RMS,1.849,mm/s,GOOD
2025-02-26 02:00:00,PUMP102.VIBRATION_RMS,2.424,mm/s,GOOD
2025-02-26 04:00:00,PUMP102.VIBRATION_RMS,1.66,mm/s,GOOD
2025-02-26 06:00:00,PUMP102.VIBRATION_RMS,1.067,mm/s,GOOD
2025-02-26 08:00:00,PUMP102.VIBRATION_RMS,2.204,mm/s,GOOD
2025-02-26 10:00:00,PUMP102.VIBRATION_RMS,2.285,mm/s,GOOD
2025-02-26 12:00:00,PUMP102.VIBRATION_RMS,2.045,mm/s,GOOD
2025-02-26 14:00:00,PUMP102.VIBRATION_RMS,1.352,mm/s,GOOD
2025-02-26 16:00:00,PUMP102.VIBRATION_RMS,2.252,mm/s,BAD
2025-02-26 18:00:00,PUMP102.VIBRATION_RMS,2.233,mm/s,GOOD
2025-02-26 20:00:00,PUMP102.VIBRATION_RMS,1.656,mm/s,GOOD
2025-02-26 22:00:00,PUMP102.VIBRATION_RMS,1.423,mm/s,GOOD
2025-02-27 00:00:00,PUMP102.VIBRATION_RMS,1.974,mm/s,GOOD
2025-02-27 02:00:00,PUMP102.VIBRATION_RMS,2.426,mm/s,BAD
2025-02-27 04:00:00,PUMP102.VIBRATION_RMS,2.308,mm/s,GOOD
2025-02-27 06:00:00,PUMP102.VIBRATION_RMS,1.66,mm/s,GOOD
2025-02-27 08:00:00,PUMP102.VIBRATION_RMS,2.168,mm/s,GOOD
2025-02-27 10:00:00,PUMP102.VIBRATION_RMS,2.544,mm/s,GOOD
2025-02-27 12:00:00,PUMP102.VIBRATION_RMS,1.514,mm/s,GOOD
2025-02-27 14:00:00,PUMP102.VIBRATION_RMS,2.132,mm/s,GOOD
2025-02-27 16:00:00,PUMP102.VIBRATION_RMS,2.77,mm/s,GOOD
2025-02-27 18:00:00,PUMP102.VIBRATION_RMS,1.463,mm/s,GOOD
2025-02-27 20:00:00,PUMP102.VIBRATION_RMS,2.678,mm/s,GOOD
2025-02-27 22:00:00,PUMP102.VIBRATION_RMS,2.91,mm/s,GOOD
2025-02-28 00:00:00,PUMP102.VIBRATION_RMS,1.989,mm/s,GOOD
2025-02-28 02:00:00,PUMP102.VIBRATION_RMS,1.928,mm/s,GOOD
2025-02-28 04:00:00,PUMP102.VIBRATION_RMS,2.617,mm/s,GOOD
2025-02-28 06:00:00,PUMP102.VIBRATION_RMS,2.007,mm/s,GOOD
2025-02-28 08:00:00,PUMP102.VIBRATION_RMS,0.923,mm/s,GOOD
2025-02-28 10:00:00,PUMP102.VIBRATION_RMS,2.051,mm/s,GOOD
2025-02-28 12:00:00,PUMP102.VIBRATION_RMS,2.335,mm/s,GOOD
2025-02-28 14:00:00,PUMP102.VIBRATION_RMS,2.47,mm/s,GOOD
2025-02-28 16:00:00,PUMP102.VIBRATION_RMS,1.66,mm/s,GOOD
2025-02-28 18:00:00,PUMP102.VIBRATION_RMS,1.965,mm/s,GOOD
2025-02-28 20:00:00,PUMP102.VIBRATION_RMS,2.588,mm/s,GOOD
2025-02-28 22:00:00,PUMP102.VIBRATION_RMS,2.07,mm/s,GOOD
2025-03-01 00:00:00,PUMP102.VIBRATION_RMS,1.336,mm/s,GOOD
2025-03-01 02:00:00,PUMP102.VIBRATION_RMS,2.719,mm/s,GOOD
2025-03-01 04:00:00,PUMP102.VIBRATION_RMS,1.993,mm/s,GOOD
2025-03-01 06:00:00,PUMP102.VIBRATION_RMS,2.646,mm/s,GOOD
2025-03-01 08:00:00,PUMP102.VIBRATION_RMS,1.402,mm/s,GOOD
2025-03-01 10:00:00,PUMP102.VIBRATION_RMS,2.04,mm/s,GOOD
2025-03-01 12:00:00,PUMP102.VIBRATION_RMS,2.355,mm/s,GOOD
2025-03-01 14:00:00,PUMP102.VIBRATION_RMS,2.056,mm/s,GOOD
2025-03-01 16:00:00,PUMP102.VIBRATION_RMS,1.508,mm/s,GOOD
2025-03-01 18:00:00,PUMP102.VIBRATION_RMS,0.907,mm/s,GOOD
2025-03-01 20:00:00,PUMP102.VIBRATION_RMS,2.862,mm/s,GOOD
2025-03-01 22:00:00,PUMP102.VIBRATION_RMS,2.224,mm/s,GOOD
2025-03-02 00:00:00,PUMP102.VIBRATION_RMS,2.683,mm/s,GOOD
2025-03-02 02:00:00,PUMP102.VIBRATION_RMS,2.564,mm/s,GOOD
2025-03-02 04:00:00,PUMP102.VIBRATION_RMS,2.398,mm/s,GOOD
2025-03-02 06:00:00,PUMP102.VIBRATION_RMS,1.939,mm/s,GOOD
2025-03-02 08:00:00,PUMP102.VIBRATION_RMS,2.345,mm/s,GOOD
2025-03-02 10:00:00,PUMP102.VIBRATION_RMS,2.816,mm/s,GOOD
2025-03-02 12:00:00,PUMP102.VIBRATION_RMS,2.142,mm/s,GOOD
2025-03-02 14:00:00,PUMP102.VIBRATION_RMS,3.051,mm/s,GOOD
2025-03-02 16:00:00,PUMP102.VIBRATION_RMS,1.35,mm/s,GOOD
2025-03-02 18:00:00,PUMP102.VIBRATION_RMS,1.297,mm/s,GOOD
2025-03-02 20:00:00,PUMP102.VIBRATION_RMS,2.594,mm/s,GOOD
2025-03-02 22:00:00,PUMP102.VIBRATION_RMS,1.691,mm/s,GOOD
2025-03-03 00:00:00,PUMP102.VIBRATION_RMS,3.122,mm/s,GOOD
2025-03-03 02:00:00,PUMP102.VIBRATION_RMS,2.769,mm/s,GOOD
2025-03-03 04:00:00,PUMP102.VIBRATION_RMS,2.894,mm/s,GOOD
2025-03-03 06:00:00,PUMP102.VIBRATION_RMS,2.542,mm/s,GOOD
2025-03-03 08:00:00,PUMP102.VIBRATION_RMS,1.639,mm/s,GOOD
2025-03-03 10:00:00,PUMP102.VIBRATION_RMS,1.27,mm/s,GOOD
2025-03-03 12:00:00,PUMP102.VIBRATION_RMS,2.848,mm/s,GOOD
2025-03-03 14:00:00,PUMP102.VIBRATION_RMS,1.35,mm/s,GOOD
2025-03-03 16:00:00,PUMP102.VIBRATION_RMS,2.892,mm/s,GOOD
2025-03-03 18:00:00,PUMP102.VIBRATION_RMS,2.435,mm/s,GOOD
2025-03-03 20:00:00,PUMP102.VIBRATION_RMS,2.062,mm/s,GOOD
2025-03-03 22:00:00,PUMP102.VIBRATION_RMS,2.321,mm/s,GOOD
2025-03-04 00:00:00,PUMP102.VIBRATION_RMS,2.333,mm/s,GOOD
2025-03-04 02:00:00,PUMP102.VIBRATION_RMS,1.999,mm/s,GOOD
2025-03-04 04:00:00,PUMP102.VIBRATION_RMS,2.813,mm/s,GOOD
2025-03-04 06:00:00,PUMP102.VIBRATION_RMS,2.796,mm/s,GOOD
2025-03-04 08:00:00,PUMP102.VIBRATION_RMS,2.178,mm/s,GOOD
2025-03-04 10:00:00,PUMP102.VIBRATION_RMS,1.8,mm/s,GOOD
2025-03-04 12:00:00,PUMP102.VIBRATION_RMS,2.753,mm/s,GOOD
2025-03-04 14:00:00,PUMP102.VIBRATION_RMS,1.089,mm/s,GOOD
2025-03-04 16:00:00,PUMP102.VIBRATION_RMS,2.322,mm/s,GOOD
2025-03-04 18:00:00,PUMP102.VIBRATION_RMS,2.47,mm/s,GOOD
2025-03-04 20:00:00,PUMP102.VIBRATION_RMS,1.686,mm/s,GOOD
2025-03-04 22:00:00,PUMP102.VIBRATION_RMS,2.587,mm/s,GOOD
2025-03-05 00:00:00,PUMP102.VIBRATION_RMS,2.087,mm/s,GOOD
2025-03-05 02:00:00,PUMP102.VIBRATION_RMS,1.827,mm/s,GOOD
2025-03-05 04:00:00,PUMP102.VIBRATION_RMS,2.582,mm/s,GOOD
2025-03-05 06:00:00,PUMP102.VIBRATION_RMS,1.557,mm/s,GOOD
2025-03-05 08:00:00,PUMP102.VIBRATION_RMS,2.535,mm/s,GOOD
2025-03-05 10:00:00,PUMP102.VIBRATION_RMS,1.109,mm/s,GOOD
2025-03-05 12:00:00,PUMP102.VIBRATION_RMS,2.243,mm/s,GOOD
2025-03-05 14:00:00,PUMP102.VIBRATION_RMS,2.122,mm/s,GOOD
2025-03-05 16:00:00,PUMP102.VIBRATION_RMS,1.83,mm/s,GOOD
2025-03-05 18:00:00,PUMP102.VIBRATION_RMS,2.295,mm/s,GOOD
2025-03-05 20:00:00,PUMP102.VIBRATION_RMS,2.06,mm/s,GOOD
2025-03-05 22:00:00,PUMP102.VIBRATION_RMS,2.627,mm/s,GOOD
2025-03-06 00:00:00,PUMP102.VIBRATION_RMS,2.38,mm/s,GOOD
2025-03-06 02:00:00,PUMP102.VIBRATION_RMS,2.326,mm/s,GOOD
2025-03-06 04:00:00,PUMP102.VIBRATION_RMS,2.246,mm/s,GOOD
2025-03-06 06:00:00,PUMP102.VIBRATION_RMS,1.864,mm/s,GOOD
2025-03-06 08:00:00,PUMP102.VIBRATION_RMS,1.949,mm/s,GOOD
2025-03-06 10:00:00,PUMP102.VIBRATION_RMS,2.224,mm/s,GOOD
2025-03-06 12:00:00,PUMP102.VIBRATION_RMS,2.013,mm/s,GOOD
2025-03-06 14:00:00,PUMP102.VIBRATION_RMS,2.656,mm/s,GOOD
2025-03-06 16:00:00,PUMP102.VIBRATION_RMS,2.147,mm/s,GOOD
2025-03-06 18:00:00,PUMP102.VIBRATION_RMS,2.288,mm/s,GOOD
2025-03-06 20:00:00,PUMP102.VIBRATION_RMS,1.399,mm/s,GOOD
2025-03-06 22:00:00,PUMP102.VIBRATION_RMS,2.572,mm/s,GOOD
2025-03-07 00:00:00,PUMP102.VIBRATION_RMS,1.809,mm/s,GOOD
2025-03-07 02:00:00,PUMP102.VIBRATION_RMS,1.579,mm/s,GOOD
2025-03-07 04:00:00,PUMP102.VIBRATION_RMS,2.923,mm/s,GOOD
2025-03-07 06:00:00,PUMP102.VIBRATION_RMS,2.449,mm/s,GOOD
2025-03-07 08:00:00,PUMP102.VIBRATION_RMS,2.589,mm/s,GOOD
2025-03-07 10:00:00,PUMP102.VIBRATION_RMS,2.327,mm/s,GOOD
2025-03-07 12:00:00,PUMP102.VIBRATION_RMS,2.053,mm/s,GOOD
2025-03-07 14:00:00,PUMP102.VIBRATION_RMS,1.96,mm/s,GOOD
2025-03-07 16:00:00,PUMP102.VIBRATION_RMS,2.49,mm/s,GOOD
2025-03-07 18:00:00,PUMP102.VIBRATION_RMS,2.666,mm/s,GOOD
2025-03-07 20:00:00,PUMP102.VIBRATION_RMS,2.066,mm/s,GOOD
2025-03-07 22:00:00,PUMP102.VIBRATION_RMS,3.136,mm/s,GOOD
2025-03-08 00:00:00,PUMP102.VIBRATION_RMS,2.001,mm/s,GOOD
2025-03-08 02:00:00,PUMP102.VIBRATION_RMS,1.403,mm/s,GOOD
2025-03-08 04:00:00,PUMP102.VIBRATION_RMS,1.239,mm/s,GOOD
2025-03-08 06:00:00,PUMP102.VIBRATION_RMS,1.256,mm/s,GOOD
2025-03-08 08:00:00,PUMP102.VIBRATION_RMS,1.893,mm/s,GOOD
2025-03-08 10:00:00,PUMP102.VIBRATION_RMS,1.984,mm/s,GOOD
2025-03-08 12:00:00,PUMP102.VIBRATION_RMS,2.441,mm/s,GOOD
2025-03-08 14:00:00,PUMP102.VIBRATION_RMS,2.086,mm/s,GOOD
2025-03-08 16:00:00,PUMP102.VIBRATION_RMS,2.522,mm/s,GOOD
2025-03-08 18:00:00,PUMP102.VIBRATION_RMS,2.122,mm/s,GOOD
2025-03-08 20:00:00,PUMP102.VIBRATION_RMS,2.107,mm/s,GOOD
2025-03-08 22:00:00,PUMP102.VIBRATION_RMS,1.811,mm/s,GOOD
2025-03-09 00:00:00,PUMP102.VIBRATION_RMS,2.811,mm/s,GOOD
2025-03-09 02:00:00,PUMP102.VIBRATION_RMS,1.334,mm/s,GOOD
2025-03-09 04:00:00,PUMP102.VIBRATION_RMS,2.251,mm/s,GOOD
2025-03-09 06:00:00,PUMP102.VIBRATION_RMS,2.009,mm/s,GOOD
2025-03-09 08:00:00,PUMP102.VIBRATION_RMS,2.491,mm/s,GOOD
2025-03-09 10:00:00,PUMP102.VIBRATION_RMS,2.09,mm/s,GOOD
2025-03-09 12:00:00,PUMP102.VIBRATION_RMS,2.104,mm/s,GOOD
2025-03-09 14:00:00,PUMP102.VIBRATION_RMS,1.967,mm/s,GOOD
2025-03-09 16:00:00,PUMP102.VIBRATION_RMS,2.797,mm/s,GOOD
2025-03-09 18:00:00,PUMP102.VIBRATION_RMS,2.101,mm/s,GOOD
2025-03-09 20:00:00,PUMP102.VIBRATION_RMS,3.085,mm/s,GOOD
2025-03-09 22:00:00,PUMP102.VIBRATION_RMS,2.236,mm/s,GOOD
2025-03-10 00:00:00,PUMP102.VIBRATION_RMS,2.111,mm/s,GOOD
2025-03-10 02:00:00,PUMP102.VIBRATION_RMS,2.027,mm/s,GOOD
2025-03-10 04:00:00,PUMP102.VIBRATION_RMS,2.382,mm/s,GOOD
2025-03-10 06:00:00,PUMP102.VIBRATION_RMS,1.806,mm/s,GOOD
2025-03-10 08:00:00,PUMP102.VIBRATION_RMS,2.173,mm/s,GOOD
2025-03-10 10:00:00,PUMP102.VIBRATION_RMS,2.104,mm/s,GOOD
2025-03-10 12:00:00,PUMP102.VIBRATION_RMS,2.263,mm/s,GOOD
2025-03-10 14:00:00,PUMP102.VIBRATION_RMS,2.275,mm/s,GOOD
2025-03-10 16:00:00,PUMP102.VIBRATION_RMS,2.301,mm/s,GOOD
2025-03-10 18:00:00,PUMP102.VIBRATION_RMS,2.147,mm/s,GOOD
2025-03-10 20:00:00,PUMP102.VIBRATION_RMS,2.884,mm/s,GOOD
2025-03-10 22:00:00,PUMP102.VIBRATION_RMS,2.311,mm/s,GOOD
2025-03-11 00:00:00,PUMP102.VIBRATION_RMS,3.403,mm/s,GOOD
2025-03-11 02:00:00,PUMP102.VIBRATION_RMS,2.125,mm/s,GOOD
2025-03-11 04:00:00,PUMP102.VIBRATION_RMS,2.579,mm/s,GOOD
2025-03-11 06:00:00,PUMP102.VIBRATION_RMS,1.737,mm/s,GOOD
2025-03-11 08:00:00,PUMP102.VIBRATION_RMS,2.8,mm/s,GOOD
2025-03-11 10:00:00,PUMP102.VIBRATION_RMS,1.748,mm/s,GOOD
2025-03-11 12:00:00,PUMP102.VIBRATION_RMS,2.328,mm/s,GOOD
2025-03-11 14:00:00,PUMP102.VIBRATION_RMS,1.968,mm/s,GOOD
2025-03-11 16:00:00,PUMP102.VIBRATION_RMS,2.326,mm/s,GOOD
2025-03-11 18:00:00,PUMP102.VIBRATION_RMS,1.983,mm/s,GOOD
2025-03-11 20:00:00,PUMP102.VIBRATION_RMS,1.705,mm/s,GOOD
2025-03-11 22:00:00,PUMP102.VIBRATION_RMS,1.964,mm/s,GOOD
2025-03-12 00:00:00,PUMP102.VIBRATION_RMS,2.871,mm/s,GOOD
2025-03-12 02:00:00,PUMP102.VIBRATION_RMS,2.334,mm/s,GOOD
2025-03-12 04:00:00,PUMP102.VIBRATION_RMS,1.456,mm/s,GOOD
2025-03-12 06:00:00,PUMP102.VIBRATION_RMS,2.648,mm/s,GOOD
2025-03-12 08:00:00,PUMP102.VIBRATION_RMS,1.654,mm/s,GOOD
2025-03-12 10:00:00,PUMP102.VIBRATION_RMS,2.472,mm/s,GOOD
2025-03-12 12:00:00,PUMP102.VIBRATION_RMS,2.377,mm/s,GOOD
2025-03-12 14:00:00,PUMP102.VIBRATION_RMS,2.408,mm/s,GOOD
2025-03-12 16:00:00,PUMP102.VIBRATION_RMS,3.027,mm/s,GOOD
2025-03-12 18:00:00,PUMP102.VIBRATION_RMS,1.686,mm/s,GOOD
2025-03-12 20:00:00,PUMP102.VIBRATION_RMS,2.405,mm/s,GOOD
2025-03-12 22:00:00,PUMP102.VIBRATION_RMS,2.73,mm/s,GOOD
2025-03-13 00:00:00,PUMP102.VIBRATION_RMS,1.778,mm/s,GOOD
2025-03-13 02:00:00,PUMP102.VIBRATION_RMS,1.727,mm/s,GOOD
2025-03-13 04:00:00,PUMP102.VIBRATION_RMS,1.956,mm/s,GOOD
2025-03-13 06:00:00,PUMP102.VIBRATION_RMS,2.262,mm/s,GOOD
2025-03-13 08:00:00,PUMP102.VIBRATION_RMS,1.395,mm/s,GOOD
2025-03-13 10:00:00,PUMP102.VIBRATION_RMS,2.376,mm/s,GOOD
2025-03-13 12:00:00,PUMP102.VIBRATION_RMS,1.396,mm/s,GOOD
2025-03-13 14:00:00,PUMP102.VIBRATION_RMS,2.747,mm/s,GOOD
2025-03-13 16:00:00,PUMP102.VIBRATION_RMS,2.357,mm/s,GOOD
2025-03-13 18:00:00,PUMP102.VIBRATION_RMS,3.057,mm/s,GOOD
2025-03-13 20:00:00,PUMP102.VIBRATION_RMS,2.434,mm/s,GOOD
2025-03-13 22:00:00,PUMP102.VIBRATION_RMS,1.948,mm/s,GOOD
2025-03-14 00:00:00,PUMP102.VIBRATION_RMS,1.701,mm/s,GOOD
2025-03-14 02:00:00,PUMP102.VIBRATION_RMS,2.219,mm/s,GOOD
2025-03-14 04:00:00,PUMP102.VIBRATION_RMS,2.085,mm/s,GOOD
2025-03-14 06:00:00,PUMP102.VIBRATION_RMS,2.693,mm/s,GOOD
2025-03-14 08:00:00,PUMP102.VIBRATION_RMS,1.636,mm/s,GOOD
2025-03-14 10:00:00,PUMP102.VIBRATION_RMS,3.11,mm/s,GOOD
2025-03-14 12:00:00,PUMP102.VIBRATION_RMS,2.737,mm/s,GOOD
2025-03-14 14:00:00,PUMP102.VIBRATION_RMS,1.998,mm/s,GOOD
2025-03-14 16:00:00,PUMP102.VIBRATION_RMS,2.999,mm/s,GOOD
2025-03-14 18:00:00,PUMP102.VIBRATION_RMS,1.708,mm/s,GOOD
2025-03-14 20:00:00,PUMP102.VIBRATION_RMS,2.203,mm/s,GOOD
2025-03-14 22:00:00,PUMP102.VIBRATION_RMS,1.462,mm/s,GOOD
2025-03-15 00:00:00,PUMP102.VIBRATION_RMS,3.023,mm/s,GOOD
2025-03-15 02:00:00,PUMP102.VIBRATION_RMS,1.276,mm/s,GOOD
2025-03-15 04:00:00,PUMP102.VIBRATION_RMS,1.38,mm/s,BAD
2025-03-15 06:00:00,PUMP102.VIBRATION_RMS,1.783,mm/s,GOOD
2025-03-15 08:00:00,PUMP102.VIBRATION_RMS,2.761,mm/s,GOOD
2025-03-15 10:00:00,PUMP102.VIBRATION_RMS,2.577,mm/s,GOOD
2025-03-15 12:00:00,PUMP102.VIBRATION_RMS,2.161,mm/s,GOOD
2025-03-15 14:00:00,PUMP102.VIBRATION_RMS,2.609,mm/s,GOOD
2025-03-15 16:00:00,PUMP102.VIBRATION_RMS,2.042,mm/s,GOOD
2025-03-15 18:00:00,PUMP102.VIBRATION_RMS,2.311,mm/s,GOOD
2025-03-15 20:00:00,PUMP102.VIBRATION_RMS,2.926,mm/s,GOOD
2025-03-15 22:00:00,PUMP102.VIBRATION_RMS,1.977,mm/s,GOOD
2025-03-16 00:00:00,PUMP102.VIBRATION_RMS,1.717,mm/s,GOOD
2025-03-16 02:00:00,PUMP102.VIBRATION_RMS,2.335,mm/s,GOOD
2025-03-16 04:00:00,PUMP102.VIBRATION_RMS,2.47,mm/s,GOOD
2025-03-16 06:00:00,PUMP102.VIBRATION_RMS,2.155,mm/s,GOOD
2025-03-16 08:00:00,PUMP102.VIBRATION_RMS,2.602,mm/s,GOOD
2025-03-16 10:00:00,PUMP102.VIBRATION_RMS,1.999,mm/s,GOOD
2025-03-16 12:00:00,PUMP102.VIBRATION_RMS,2.164,mm/s,GOOD
2025-03-16 14:00:00,PUMP102.VIBRATION_RMS,2.287,mm/s,GOOD
2025-03-16 16:00:00,PUMP102.VIBRATION_RMS,2.244,mm/s,GOOD
2025-03-16 18:00:00,PUMP102.VIBRATION_RMS,2.907,mm/s,GOOD
2025-03-16 20:00:00,PUMP102.VIBRATION_RMS,2.285,mm/s,GOOD
2025-03-16 22:00:00,PUMP102.VIBRATION_RMS,1.948,mm/s,GOOD
2025-03-17 00:00:00,PUMP102.VIBRATION_RMS,2.364,mm/s,GOOD
2025-03-17 02:00:00,PUMP102.VIBRATION_RMS,2.604,mm/s,GOOD
2025-03-17 04:00:00,PUMP102.VIBRATION_RMS,2.487,mm/s,GOOD
2025-03-17 06:00:00,PUMP102.VIBRATION_RMS,2.459,mm/s,GOOD
2025-03-17 08:00:00,PUMP102.VIBRATION_RMS,1.351,mm/s,GOOD
2025-03-17 10:00:00,PUMP102.VIBRATION_RMS,0.854,mm/s,GOOD
2025-03-17 12:00:00,PUMP102.VIBRATION_RMS,2.738,mm/s,GOOD
2025-03-17 14:00:00,PUMP102.VIBRATION_RMS,2.319,mm/s,GOOD
2025-03-17 16:00:00,PUMP102.VIBRATION_RMS,2.089,mm/s,GOOD
2025-03-17 18:00:00,PUMP102.VIBRATION_RMS,2.447,mm/s,GOOD
2025-03-17 20:00:00,PUMP102.VIBRATION_RMS,3.064,mm/s,GOOD
2025-03-17 22:00:00,PUMP102.VIBRATION_RMS,2.807,mm/s,GOOD
2025-03-18 00:00:00,PUMP102.VIBRATION_RMS,2.581,mm/s,GOOD
2025-03-18 02:00:00,PUMP102.VIBRATION_RMS,1.657,mm/s,GOOD
2025-03-18 04:00:00,PUMP102.VIBRATION_RMS,1.722,mm/s,GOOD
2025-03-18 06:00:00,PUMP102.VIBRATION_RMS,0.907,mm/s,GOOD
2025-03-18 08:00:00,PUMP102.VIBRATION_RMS,2.417,mm/s,GOOD
2025-03-18 10:00:00,PUMP102.VIBRATION_RMS,2.654,mm/s,GOOD
2025-03-18 12:00:00,PUMP102.VIBRATION_RMS,2.695,mm/s,GOOD
2025-03-18 14:00:00,PUMP102.VIBRATION_RMS,2.438,mm/s,GOOD
2025-03-18 16:00:00,PUMP102.VIBRATION_RMS,2.023,mm/s,GOOD
2025-03-18 18:00:00,PUMP102.VIBRATION_RMS,1.818,mm/s,GOOD
2025-03-18 20:00:00,PUMP102.VIBRATION_RMS,1.687,mm/s,GOOD
2025-03-18 22:00:00,PUMP102.VIBRATION_RMS,2.018,mm/s,GOOD
2025-03-19 00:00:00,PUMP102.VIBRATION_RMS,1.611,mm/s,GOOD
2025-03-19 02:00:00,PUMP102.VIBRATION_RMS,2.978,mm/s,GOOD
2025-03-19 04:00:00,PUMP102.VIBRATION_RMS,1.449,mm/s,GOOD
2025-03-19 06:00:00,PUMP102.VIBRATION_RMS,2.001,mm/s,GOOD
2025-03-19 08:00:00,PUMP102.VIBRATION_RMS,1.132,mm/s,GOOD
2025-03-19 10:00:00,PUMP102.VIBRATION_RMS,2.248,mm/s,GOOD
2025-03-19 12:00:00,PUMP102.VIBRATION_RMS,2.099,mm/s,GOOD
2025-03-19 14:00:00,PUMP102.VIBRATION_RMS,1.922,mm/s,GOOD
2025-03-19 16:00:00,PUMP102.VIBRATION_RMS,1.634,mm/s,GOOD
2025-03-19 18:00:00,PUMP102.VIBRATION_RMS,2.101,mm/s,GOOD
2025-03-19 20:00:00,PUMP102.VIBRATION_RMS,1.828,mm/s,BAD
2025-03-19 22:00:00,PUMP102.VIBRATION_RMS,2.032,mm/s,GOOD
2025-03-20 00:00:00,PUMP102.VIBRATION_RMS,3.079,mm/s,GOOD
2025-03-20 02:00:00,PUMP102.VIBRATION_RMS,2.186,mm/s,GOOD
2025-03-20 04:00:00,PUMP102.VIBRATION_RMS,2.366,mm/s,GOOD
2025-03-20 06:00:00,PUMP102.VIBRATION_RMS,1.868,mm/s,GOOD
2025-03-20 08:00:00,PUMP102.VIBRATION_RMS,1.708,mm/s,GOOD
2025-03-20 10:00:00,PUMP102.VIBRATION_RMS,2.089,mm/s,GOOD
2025-03-20 12:00:00,PUMP102.VIBRATION_RMS,3.352,mm/s,GOOD
2025-03-20 14:00:00,PUMP102.VIBRATION_RMS,1.956,mm/s,GOOD
2025-03-20 16:00:00,PUMP102.VIBRATION_RMS,2.281,mm/s,GOOD
2025-03-20 18:00:00,PUMP102.VIBRATION_RMS,1.686,mm/s,GOOD
2025-03-20 20:00:00,PUMP102.VIBRATION_RMS,0.722,mm/s,GOOD
2025-03-20 22:00:00,PUMP102.VIBRATION_RMS,1.705,mm/s,GOOD
2025-03-21 00:00:00,PUMP102.VIBRATION_RMS,3.29,mm/s,GOOD
2025-03-21 02:00:00,PUMP102.VIBRATION_RMS,2.398,mm/s,GOOD
2025-03-21 04:00:00,PUMP102.VIBRATION_RMS,2.92,mm/s,GOOD
2025-03-21 06:00:00,PUMP102.VIBRATION_RMS,1.926,mm/s,GOOD
2025-03-21 08:00:00,PUMP102.VIBRATION_RMS,0.922,mm/s,GOOD
2025-03-21 10:00:00,PUMP102.VIBRATION_RMS,1.546,mm/s,GOOD
2025-03-21 12:00:00,PUMP102.VIBRATION_RMS,2.299,mm/s,GOOD
2025-03-21 14:00:00,PUMP102.VIBRATION_RMS,2.219,mm/s,GOOD
2025-03-21 16:00:00,PUMP102.VIBRATION_RMS,2.095,mm/s,GOOD
2025-03-21 18:00:00,PUMP102.VIBRATION_RMS,1.835,mm/s,GOOD
2025-03-21 20:00:00,PUMP102.VIBRATION_RMS,2.57,mm/s,GOOD
2025-03-21 22:00:00,PUMP102.VIBRATION_RMS,1.849,mm/s,GOOD
2025-03-22 00:00:00,PUMP102.VIBRATION_RMS,2.254,mm/s,GOOD
2025-03-22 02:00:00,PUMP102.VIBRATION_RMS,2.198,mm/s,GOOD
2025-03-22 04:00:00,PUMP102.VIBRATION_RMS,1.916,mm/s,GOOD
2025-03-22 06:00:00,PUMP102.VIBRATION_RMS,1.659,mm/s,GOOD
2025-03-22 08:00:00,PUMP102.VIBRATION_RMS,1.886,mm/s,GOOD
2025-03-22 10:00:00,PUMP102.VIBRATION_RMS,3.037,mm/s,GOOD
2025-03-22 12:00:00,PUMP102.VIBRATION_RMS,2.656,mm/s,GOOD
2025-03-22 14:00:00,PUMP102.VIBRATION_RMS,2.61,mm/s,GOOD
2025-03-22 16:00:00,PUMP102.VIBRATION_RMS,1.707,mm/s,GOOD
2025-03-22 18:00:00,PUMP102.VIBRATION_RMS,1.381,mm/s,GOOD
2025-03-22 20:00:00,PUMP102.VIBRATION_RMS,2.648,mm/s,GOOD
2025-03-22 22:00:00,PUMP102.VIBRATION_RMS,2.552,mm/s,GOOD
2025-03-23 00:00:00,PUMP102.VIBRATION_RMS,2.169,mm/s,GOOD
2025-03-23 02:00:00,PUMP102.VIBRATION_RMS,1.915,mm/s,BAD
2025-03-23 04:00:00,PUMP102.VIBRATION_RMS,1.368,mm/s,GOOD
2025-03-23 06:00:00,PUMP102.VIBRATION_RMS,2.534,mm/s,GOOD
2025-03-23 08:00:00,PUMP102.VIBRATION_RMS,2.693,mm/s,GOOD
2025-03-23 10:00:00,PUMP102.VIBRATION_RMS,1.76,mm/s,GOOD
2025-03-23 12:00:00,PUMP102.VIBRATION_RMS,1.719,mm/s,GOOD
2025-03-23 14:00:00,PUMP102.VIBRATION_RMS,2.721,mm/s,GOOD
2025-03-23 16:00:00,PUMP102.VIBRATION_RMS,1.779,mm/s,GOOD
2025-03-23 18:00:00,PUMP102.VIBRATION_RMS,2.99,mm/s,GOOD
2025-03-23 20:00:00,PUMP102.VIBRATION_RMS,2.045,mm/s,GOOD
2025-03-23 22:00:00,PUMP102.VIBRATION_RMS,1.907,mm/s,GOOD
2025-03-24 00:00:00,PUMP102.VIBRATION_RMS,2.123,mm/s,GOOD
2025-03-24 02:00:00,PUMP102.VIBRATION_RMS,1.907,mm/s,GOOD
2025-03-24 04:00:00,PUMP102.VIBRATION_RMS,2.663,mm/s,GOOD
2025-03-24 06:00:00,PUMP102.VIBRATION_RMS,2.543,mm/s,GOOD
2025-03-24 08:00:00,PUMP102.VIBRATION_RMS,2.644,mm/s,GOOD
2025-03-24 10:00:00,PUMP102.VIBRATION_RMS,2.192,mm/s,GOOD
2025-03-24 12:00:00,PUMP102.VIBRATION_RMS,1.872,mm/s,GOOD
2025-03-24 14:00:00,PUMP102.VIBRATION_RMS,2.095,mm/s,GOOD
2025-03-24 16:00:00,PUMP102.VIBRATION_RMS,1.887,mm/s,GOOD
2025-03-24 18:00:00,PUMP102.VIBRATION_RMS,2.833,mm/s,GOOD
2025-03-24 20:00:00,PUMP102.VIBRATION_RMS,2.601,mm/s,GOOD
2025-03-24 22:00:00,PUMP102.VIBRATION_RMS,2.054,mm/s,GOOD
2025-03-25 00:00:00,PUMP102.VIBRATION_RMS,1.637,mm/s,GOOD
2025-03-25 02:00:00,PUMP102.VIBRATION_RMS,2.87,mm/s,GOOD
2025-03-25 04:00:00,PUMP102.VIBRATION_RMS,2.168,mm/s,GOOD
2025-03-25 06:00:00,PUMP102.VIBRATION_RMS,2.035,mm/s,GOOD
2025-03-25 08:00:00,PUMP102.VIBRATION_RMS,2.875,mm/s,GOOD
2025-03-25 10:00:00,PUMP102.VIBRATION_RMS,1.845,mm/s,GOOD
2025-03-25 12:00:00,PUMP102.VIBRATION_RMS,1.941,mm/s,GOOD
2025-03-25 14:00:00,PUMP102.VIBRATION_RMS,1.985,mm/s,GOOD
2025-03-25 16:00:00,PUMP102.VIBRATION_RMS,1.442,mm/s,BAD
2025-03-25 18:00:00,PUMP102.VIBRATION_RMS,2.258,mm/s,GOOD
2025-03-25 20:00:00,PUMP102.VIBRATION_RMS,1.719,mm/s,GOOD
2025-03-25 22:00:00,PUMP102.VIBRATION_RMS,1.815,mm/s,GOOD
2025-03-26 00:00:00,PUMP102.VIBRATION_RMS,1.748,mm/s,GOOD
2025-03-26 02:00:00,PUMP102.VIBRATION_RMS,1.806,mm/s,GOOD
2025-03-26 04:00:00,PUMP102.VIBRATION_RMS,1.681,mm/s,GOOD
2025-03-26 06:00:00,PUMP102.VIBRATION_RMS,2.224,mm/s,GOOD
2025-03-26 08:00:00,PUMP102.VIBRATION_RMS,2.022,mm/s,GOOD
2025-03-26 10:00:00,PUMP102.VIBRATION_RMS,2.124,mm/s,GOOD
2025-03-26 12:00:00,PUMP102.VIBRATION_RMS,3.277,mm/s,GOOD
2025-03-26 14:00:00,PUMP102.VIBRATION_RMS,2.022,mm/s,GOOD
2025-03-26 16:00:00,PUMP102.VIBRATION_RMS,2.402,mm/s,GOOD
2025-03-26 18:00:00,PUMP102.VIBRATION_RMS,2.459,mm/s,GOOD
2025-03-26 20:00:00,PUMP102.VIBRATION_RMS,2.069,mm/s,GOOD
2025-03-26 22:00:00,PUMP102.VIBRATION_RMS,2.237,mm/s,GOOD
2025-03-27 00:00:00,PUMP102.VIBRATION_RMS,2.11,mm/s,BAD
2025-03-27 02:00:00,PUMP102.VIBRATION_RMS,2.201,mm/s,GOOD
2025-03-27 04:00:00,PUMP102.VIBRATION_RMS,1.807,mm/s,GOOD
2025-03-27 06:00:00,PUMP102.VIBRATION_RMS,1.853,mm/s,GOOD
2025-03-27 08:00:00,PUMP102.VIBRATION_RMS,2.108,mm/s,GOOD
2025-03-27 10:00:00,PUMP102.VIBRATION_RMS,1.114,mm/s,GOOD
2025-03-27 12:00:00,PUMP102.VIBRATION_RMS,2.848,mm/s,GOOD
2025-03-27 14:00:00,PUMP102.VIBRATION_RMS,3.18,mm/s,GOOD
2025-03-27 16:00:00,PUMP102.VIBRATION_RMS,2.185,mm/s,GOOD
2025-03-27 18:00:00,PUMP102.VIBRATION_RMS,2.433,mm/s,GOOD
2025-03-27 20:00:00,PUMP102.VIBRATION_RMS,2.641,mm/s,GOOD
2025-03-27 22:00:00,PUMP102.VIBRATION_RMS,1.438,mm/s,GOOD
2025-03-28 00:00:00,PUMP102.VIBRATION_RMS,2.564,mm/s,GOOD
2025-03-28 02:00:00,PUMP102.VIBRATION_RMS,1.887,mm/s,GOOD
2025-03-28 04:00:00,PUMP102.VIBRATION_RMS,3.245,mm/s,GOOD
2025-03-28 06:00:00,PUMP102.VIBRATION_RMS,2.006,mm/s,GOOD
2025-03-28 08:00:00,PUMP102.VIBRATION_RMS,2.554,mm/s,GOOD
2025-03-28 10:00:00,PUMP102.VIBRATION_RMS,2.011,mm/s,GOOD
2025-03-28 12:00:00,PUMP102.VIBRATION_RMS,3.198,mm/s,GOOD
2025-03-28 14:00:00,PUMP102.VIBRATION_RMS,1.844,mm/s,GOOD
2025-03-28 16:00:00,PUMP102.VIBRATION_RMS,2.683,mm/s,GOOD
2025-03-28 18:00:00,PUMP102.VIBRATION_RMS,2.413,mm/s,GOOD
2025-03-28 20:00:00,PUMP102.VIBRATION_RMS,2.302,mm/s,GOOD
2025-03-28 22:00:00,PUMP102.VIBRATION_RMS,2.215,mm/s,GOOD
2025-03-29 00:00:00,PUMP102.VIBRATION_RMS,1.766,mm/s,GOOD
2025-03-29 02:00:00,PUMP102.VIBRATION_RMS,0.807,mm/s,GOOD
2025-03-29 04:00:00,PUMP102.VIBRATION_RMS,2.637,mm/s,GOOD
2025-03-29 06:00:00,PUMP102.VIBRATION_RMS,1.856,mm/s,BAD
2025-03-29 08:00:00,PUMP102.VIBRATION_RMS,2.685,mm/s,GOOD
2025-03-29 10:00:00,PUMP102.VIBRATION_RMS,2.276,mm/s,GOOD
2025-03-29 12:00:00,PUMP102.VIBRATION_RMS,2.7,mm/s,GOOD
2025-03-29 14:00:00,PUMP102.VIBRATION_RMS,2.501,mm/s,GOOD
2025-03-29 16:00:00,PUMP102.VIBRATION_RMS,0.868,mm/s,BAD
2025-03-29 18:00:00,PUMP102.VIBRATION_RMS,2.407,mm/s,GOOD
2025-03-29 20:00:00,PUMP102.VIBRATION_RMS,1.928,mm/s,GOOD
2025-03-29 22:00:00,PUMP102.VIBRATION_RMS,2.683,mm/s,GOOD
2025-03-30 00:00:00,PUMP102.VIBRATION_RMS,2.396,mm/s,GOOD
2025-03-30 02:00:00,PUMP102.VIBRATION_RMS,2.401,mm/s,GOOD
2025-03-30 04:00:00,PUMP102.VIBRATION_RMS,1.964,mm/s,GOOD
2025-03-30 06:00:00,PUMP102.VIBRATION_RMS,1.644,mm/s,GOOD
2025-03-30 08:00:00,PUMP102.VIBRATION_RMS,1.884,mm/s,GOOD
2025-03-30 10:00:00,PUMP102.VIBRATION_RMS,1.2,mm/s,GOOD
2025-03-30 12:00:00,PUMP102.VIBRATION_RMS,1.805,mm/s,GOOD
2025-03-30 14:00:00,PUMP102.VIBRATION_RMS,1.368,mm/s,GOOD
2025-03-30 16:00:00,PUMP102.VIBRATION_RMS,1.381,mm/s,GOOD
2025-03-30 18:00:00,PUMP102.VIBRATION_RMS,2.158,mm/s,GOOD
2025-03-30 20:00:00,PUMP102.VIBRATION_RMS,2.367,mm/s,GOOD
2025-03-30 22:00:00,PUMP102.VIBRATION_RMS,2.084,mm/s,GOOD
2025-03-31 00:00:00,PUMP102.VIBRATION_RMS,1.851,mm/s,GOOD
2025-03-31 02:00:00,PUMP102.VIBRATION_RMS,1.626,mm/s,GOOD
2025-03-31 04:00:00,PUMP102.VIBRATION_RMS,1.941,mm/s,GOOD
2025-03-31 06:00:00,PUMP102.VIBRATION_RMS,1.689,mm/s,GOOD
2025-03-31 08:00:00,PUMP102.VIBRATION_RMS,2.069,mm/s,GOOD
2025-03-31 10:00:00,PUMP102.VIBRATION_RMS,1.339,mm/s,GOOD
2025-03-31 12:00:00,PUMP102.VIBRATION_RMS,2.451,mm/s,GOOD
2025-03-31 14:00:00,PUMP102.VIBRATION_RMS,1.816,mm/s,GOOD
2025-03-31 16:00:00,PUMP102.VIBRATION_RMS,2.288,mm/s,GOOD
2025-03-31 18:00:00,PUMP102.VIBRATION_RMS,2.544,mm/s,GOOD
2025-03-31 20:00:00,PUMP102.VIBRATION_RMS,2.264,mm/s,GOOD
2025-03-31 22:00:00,PUMP102.VIBRATION_RMS,2.5,mm/s,GOOD
2025-04-01 00:00:00,PUMP102.VIBRATION_RMS,1.067,mm/s,GOOD
2025-04-01 02:00:00,PUMP102.VIBRATION_RMS,1.854,mm/s,GOOD
2025-04-01 04:00:00,PUMP102.VIBRATION_RMS,2.652,mm/s,GOOD
2025-04-01 06:00:00,PUMP102.VIBRATION_RMS,2.355,mm/s,GOOD
2025-04-01 08:00:00,PUMP102.VIBRATION_RMS,3.024,mm/s,GOOD
2025-04-01 10:00:00,PUMP102.VIBRATION_RMS,2.952,mm/s,GOOD
2025-04-01 12:00:00,PUMP102.VIBRATION_RMS,2.25,mm/s,GOOD
2025-04-01 14:00:00,PUMP102.VIBRATION_RMS,1.974,mm/s,GOOD
2025-04-01 16:00:00,PUMP102.VIBRATION_RMS,1.621,mm/s,GOOD
2025-04-01 18:00:00,PUMP102.VIBRATION_RMS,1.862,mm/s,GOOD
2025-04-01 20:00:00,PUMP102.VIBRATION_RMS,1.896,mm/s,GOOD
2025-04-01 22:00:00,PUMP102.VIBRATION_RMS,1.803,mm/s,GOOD
2025-04-02 00:00:00,PUMP102.VIBRATION_RMS,1.641,mm/s,GOOD
2025-04-02 02:00:00,PUMP102.VIBRATION_RMS,2.301,mm/s,GOOD
2025-04-02 04:00:00,PUMP102.VIBRATION_RMS,2.948,mm/s,GOOD
2025-04-02 06:00:00,PUMP102.VIBRATION_RMS,2.567,mm/s,GOOD
2025-04-02 08:00:00,PUMP102.VIBRATION_RMS,1.939,mm/s,GOOD
2025-04-02 10:00:00,PUMP102.VIBRATION_RMS,2.607,mm/s,GOOD
2025-04-02 12:00:00,PUMP102.VIBRATION_RMS,2.273,mm/s,GOOD
2025-04-02 14:00:00,PUMP102.VIBRATION_RMS,2.08,mm/s,GOOD
2025-04-02 16:00:00,PUMP102.VIBRATION_RMS,2.048,mm/s,GOOD
2025-04-02 18:00:00,PUMP102.VIBRATION_RMS,2.0,mm/s,GOOD
2025-04-02 20:00:00,PUMP102.VIBRATION_RMS,2.426,mm/s,GOOD
2025-04-02 22:00:00,PUMP102.VIBRATION_RMS,2.17,mm/s,GOOD
2025-04-03 00:00:00,PUMP102.VIBRATION_RMS,1.736,mm/s,GOOD
2025-04-03 02:00:00,PUMP102.VIBRATION_RMS,1.712,mm/s,GOOD
2025-04-03 04:00:00,PUMP102.VIBRATION_RMS,2.253,mm/s,GOOD
2025-04-03 06:00:00,PUMP102.VIBRATION_RMS,2.314,mm/s,GOOD
2025-04-03 08:00:00,PUMP102.VIBRATION_RMS,1.943,mm/s,GOOD
2025-04-03 10:00:00,PUMP102.VIBRATION_RMS,1.534,mm/s,GOOD
2025-04-03 12:00:00,PUMP102.VIBRATION_RMS,2.725,mm/s,GOOD
2025-04-03 14:00:00,PUMP102.VIBRATION_RMS,2.619,mm/s,GOOD
2025-04-03 16:00:00,PUMP102.VIBRATION_RMS,1.106,mm/s,GOOD
2025-04-03 18:00:00,PUMP102.VIBRATION_RMS,2.77,mm/s,GOOD
2025-04-03 20:00:00,PUMP102.VIBRATION_RMS,1.996,mm/s,GOOD
2025-04-03 22:00:00,PUMP102.VIBRATION_RMS,2.195,mm/s,GOOD
2025-04-04 00:00:00,PUMP102.VIBRATION_RMS,2.669,mm/s,GOOD
2025-04-04 02:00:00,PUMP102.VIBRATION_RMS,2.926,mm/s,GOOD
2025-04-04 04:00:00,PUMP102.VIBRATION_RMS,2.601,mm/s,GOOD
2025-04-04 06:00:00,PUMP102.VIBRATION_RMS,2.221,mm/s,GOOD
2025-04-04 08:00:00,PUMP102.VIBRATION_RMS,1.412,mm/s,GOOD
2025-04-04 10:00:00,PUMP102.VIBRATION_RMS,1.087,mm/s,GOOD
2025-04-04 12:00:00,PUMP102.VIBRATION_RMS,2.539,mm/s,GOOD
2025-04-04 14:00:00,PUMP102.VIBRATION_RMS,2.771,mm/s,GOOD
2025-04-04 16:00:00,PUMP102.VIBRATION_RMS,1.693,mm/s,GOOD
2025-04-04 18:00:00,PUMP102.VIBRATION_RMS,1.965,mm/s,GOOD
2025-04-04 20:00:00,PUMP102.VIBRATION_RMS,1.821,mm/s,GOOD
2025-04-04 22:00:00,PUMP102.VIBRATION_RMS,1.808,mm/s,GOOD
2025-04-05 00:00:00,PUMP102.VIBRATION_RMS,2.637,mm/s,GOOD
2025-04-05 02:00:00,PUMP102.VIBRATION_RMS,2.209,mm/s,GOOD
2025-04-05 04:00:00,PUMP102.VIBRATION_RMS,1.985,mm/s,GOOD
2025-04-05 06:00:00,PUMP102.VIBRATION_RMS,3.429,mm/s,GOOD
2025-04-05 08:00:00,PUMP102.VIBRATION_RMS,1.383,mm/s,GOOD
2025-04-05 10:00:00,PUMP102.VIBRATION_RMS,2.374,mm/s,GOOD
2025-04-05 12:00:00,PUMP102.VIBRATION_RMS,1.576,mm/s,GOOD
2025-04-05 14:00:00,PUMP102.VIBRATION_RMS,2.021,mm/s,GOOD
2025-04-05 16:00:00,PUMP102.VIBRATION_RMS,2.174,mm/s,GOOD
2025-04-05 18:00:00,PUMP102.VIBRATION_RMS,2.522,mm/s,GOOD
2025-04-05 20:00:00,PUMP102.VIBRATION_RMS,1.969,mm/s,GOOD
2025-04-05 22:00:00,PUMP102.VIBRATION_RMS,1.917,mm/s,GOOD
2025-04-06 00:00:00,PUMP102.VIBRATION_RMS,1.96,mm/s,GOOD
2025-04-06 02:00:00,PUMP102.VIBRATION_RMS,1.56,mm/s,GOOD
2025-04-06 04:00:00,PUMP102.VIBRATION_RMS,2.416,mm/s,GOOD
2025-04-06 06:00:00,PUMP102.VIBRATION_RMS,2.241,mm/s,GOOD
2025-04-06 08:00:00,PUMP102.VIBRATION_RMS,2.318,mm/s,GOOD
2025-04-06 10:00:00,PUMP102.VIBRATION_RMS,2.065,mm/s,GOOD
2025-04-06 12:00:00,PUMP102.VIBRATION_RMS,2.004,mm/s,GOOD
2025-04-06 14:00:00,PUMP102.VIBRATION_RMS,2.688,mm/s,GOOD
2025-04-06 16:00:00,PUMP102.VIBRATION_RMS,2.611,mm/s,GOOD
2025-04-06 18:00:00,PUMP102.VIBRATION_RMS,2.807,mm/s,GOOD
2025-04-06 20:00:00,PUMP102.VIBRATION_RMS,2.286,mm/s,GOOD
2025-04-06 22:00:00,PUMP102.VIBRATION_RMS,2.776,mm/s,GOOD
2025-04-07 00:00:00,PUMP102.VIBRATION_RMS,1.892,mm/s,GOOD
2025-04-07 02:00:00,PUMP102.VIBRATION_RMS,2.0,mm/s,GOOD
2025-04-07 04:00:00,PUMP102.VIBRATION_RMS,2.698,mm/s,GOOD
2025-04-07 06:00:00,PUMP102.VIBRATION_RMS,2.522,mm/s,GOOD
2025-04-07 08:00:00,PUMP102.VIBRATION_RMS,1.955,mm/s,GOOD
2025-04-07 10:00:00,PUMP102.VIBRATION_RMS,1.577,mm/s,GOOD
2025-04-07 12:00:00,PUMP102.VIBRATION_RMS,1.998,mm/s,GOOD
2025-04-07 14:00:00,PUMP102.VIBRATION_RMS,1.758,mm/s,GOOD
2025-04-07 16:00:00,PUMP102.VIBRATION_RMS,2.962,mm/s,GOOD
2025-04-07 18:00:00,PUMP102.VIBRATION_RMS,2.48,mm/s,GOOD
2025-04-07 20:00:00,PUMP102.VIBRATION_RMS,1.717,mm/s,GOOD
2025-04-07 22:00:00,PUMP102.VIBRATION_RMS,1.578,mm/s,GOOD
2025-04-08 00:00:00,PUMP102.VIBRATION_RMS,1.711,mm/s,GOOD
2025-04-08 02:00:00,PUMP102.VIBRATION_RMS,1.821,mm/s,BAD
2025-04-08 04:00:00,PUMP102.VIBRATION_RMS,2.017,mm/s,GOOD
2025-04-08 06:00:00,PUMP102.VIBRATION_RMS,2.657,mm/s,GOOD
2025-04-08 08:00:00,PUMP102.VIBRATION_RMS,1.617,mm/s,GOOD
2025-04-08 10:00:00,PUMP102.VIBRATION_RMS,3.245,mm/s,GOOD
2025-04-08 12:00:00,PUMP102.VIBRATION_RMS,1.628,mm/s,GOOD
2025-04-08 14:00:00,PUMP102.VIBRATION_RMS,1.395,mm/s,GOOD
2025-04-08 16:00:00,PUMP102.VIBRATION_RMS,2.944,mm/s,GOOD
2025-04-08 18:00:00,PUMP102.VIBRATION_RMS,2.761,mm/s,GOOD
2025-04-08 20:00:00,PUMP102.VIBRATION_RMS,2.009,mm/s,GOOD
2025-04-08 22:00:00,PUMP102.VIBRATION_RMS,2.291,mm/s,GOOD
2025-04-09 00:00:00,PUMP102.VIBRATION_RMS,2.303,mm/s,GOOD
2025-04-09 02:00:00,PUMP102.VIBRATION_RMS,2.168,mm/s,GOOD
2025-04-09 04:00:00,PUMP102.VIBRATION_RMS,1.452,mm/s,GOOD
2025-04-09 06:00:00,PUMP102.VIBRATION_RMS,0.859,mm/s,GOOD
2025-04-09 08:00:00,PUMP102.VIBRATION_RMS,1.678,mm/s,GOOD
2025-04-09 10:00:00,PUMP102.VIBRATION_RMS,3.008,mm/s,GOOD
2025-04-09 12:00:00,PUMP102.VIBRATION_RMS,3.028,mm/s,GOOD
2025-04-09 14:00:00,PUMP102.VIBRATION_RMS,1.969,mm/s,BAD
2025-04-09 16:00:00,PUMP102.VIBRATION_RMS,1.621,mm/s,GOOD
2025-04-09 18:00:00,PUMP102.VIBRATION_RMS,2.239,mm/s,GOOD
2025-04-09 20:00:00,PUMP102.VIBRATION_RMS,2.319,mm/s,GOOD
2025-04-09 22:00:00,PUMP102.VIBRATION_RMS,2.4,mm/s,GOOD
2025-04-10 00:00:00,PUMP102.VIBRATION_RMS,0.836,mm/s,GOOD
2025-04-10 02:00:00,PUMP102.VIBRATION_RMS,3.679,mm/s,GOOD
2025-04-10 04:00:00,PUMP102.VIBRATION_RMS,2.666,mm/s,GOOD
2025-04-10 06:00:00,PUMP102.VIBRATION_RMS,2.001,mm/s,GOOD
2025-04-10 08:00:00,PUMP102.VIBRATION_RMS,1.741,mm/s,GOOD
2025-04-10 10:00:00,PUMP102.VIBRATION_RMS,2.594,mm/s,GOOD
2025-04-10 12:00:00,PUMP102.VIBRATION_RMS,2.348,mm/s,GOOD
2025-04-10 14:00:00,PUMP102.VIBRATION_RMS,2.146,mm/s,GOOD
2025-04-10 16:00:00,PUMP102.VIBRATION_RMS,2.329,mm/s,GOOD
2025-04-10 18:00:00,PUMP102.VIBRATION_RMS,2.044,mm/s,GOOD
2025-04-10 20:00:00,PUMP102.VIBRATION_RMS,2.301,mm/s,GOOD
2025-04-10 22:00:00,PUMP102.VIBRATION_RMS,2.463,mm/s,GOOD
2025-04-11 00:00:00,PUMP102.VIBRATION_RMS,2.272,mm/s,GOOD
2025-04-11 02:00:00,PUMP102.VIBRATION_RMS,2.245,mm/s,GOOD
2025-04-11 04:00:00,PUMP102.VIBRATION_RMS,2.796,mm/s,GOOD
2025-04-11 06:00:00,PUMP102.VIBRATION_RMS,1.301,mm/s,GOOD
2025-04-11 08:00:00,PUMP102.VIBRATION_RMS,1.701,mm/s,GOOD
2025-04-11 10:00:00,PUMP102.VIBRATION_RMS,2.113,mm/s,GOOD
2025-04-11 12:00:00,PUMP102.VIBRATION_RMS,1.735,mm/s,GOOD
2025-04-11 14:00:00,PUMP102.VIBRATION_RMS,1.902,mm/s,GOOD
2025-04-11 16:00:00,PUMP102.VIBRATION_RMS,2.744,mm/s,GOOD
2025-04-11 18:00:00,PUMP102.VIBRATION_RMS,2.026,mm/s,GOOD
2025-04-11 20:00:00,PUMP102.VIBRATION_RMS,1.185,mm/s,GOOD
2025-04-11 22:00:00,PUMP102.VIBRATION_RMS,1.888,mm/s,GOOD
2025-04-12 00:00:00,PUMP102.VIBRATION_RMS,2.129,mm/s,GOOD
2025-04-12 02:00:00,PUMP102.VIBRATION_RMS,2.12,mm/s,GOOD
2025-04-12 04:00:00,PUMP102.VIBRATION_RMS,2.378,mm/s,GOOD
2025-04-12 06:00:00,PUMP102.VIBRATION_RMS,2.337,mm/s,GOOD
2025-04-12 08:00:00,PUMP102.VIBRATION_RMS,2.031,mm/s,GOOD
2025-04-12 10:00:00,PUMP102.VIBRATION_RMS,1.503,mm/s,GOOD
2025-04-12 12:00:00,PUMP102.VIBRATION_RMS,1.879,mm/s,GOOD
2025-04-12 14:00:00,PUMP102.VIBRATION_RMS,1.789,mm/s,GOOD
2025-04-12 16:00:00,PUMP102.VIBRATION_RMS,1.957,mm/s,GOOD
2025-04-12 18:00:00,PUMP102.VIBRATION_RMS,2.446,mm/s,GOOD
2025-04-12 20:00:00,PUMP102.VIBRATION_RMS,2.302,mm/s,GOOD
2025-04-12 22:00:00,PUMP102.VIBRATION_RMS,2.512,mm/s,GOOD
2025-04-13 00:00:00,PUMP102.VIBRATION_RMS,1.908,mm/s,GOOD
2025-04-13 02:00:00,PUMP102.VIBRATION_RMS,2.854,mm/s,GOOD
2025-04-13 04:00:00,PUMP102.VIBRATION_RMS,2.436,mm/s,GOOD
2025-04-13 06:00:00,PUMP102.VIBRATION_RMS,2.156,mm/s,GOOD
2025-04-13 08:00:00,PUMP102.VIBRATION_RMS,2.402,mm/s,GOOD
2025-04-13 10:00:00,PUMP102.VIBRATION_RMS,1.762,mm/s,GOOD
2025-04-13 12:00:00,PUMP102.VIBRATION_RMS,1.046,mm/s,GOOD
2025-04-13 14:00:00,PUMP102.VIBRATION_RMS,1.797,mm/s,GOOD
2025-04-13 16:00:00,PUMP102.VIBRATION_RMS,2.474,mm/s,GOOD
2025-04-13 18:00:00,PUMP102.VIBRATION_RMS,2.14,mm/s,GOOD
2025-04-13 20:00:00,PUMP102.VIBRATION_RMS,2.032,mm/s,GOOD
2025-04-13 22:00:00,PUMP102.VIBRATION_RMS,1.676,mm/s,GOOD
2025-04-14 00:00:00,PUMP102.VIBRATION_RMS,1.122,mm/s,GOOD
2025-04-14 02:00:00,PUMP102.VIBRATION_RMS,2.812,mm/s,GOOD
2025-04-14 04:00:00,PUMP102.VIBRATION_RMS,1.996,mm/s,GOOD
2025-04-14 06:00:00,PUMP102.VIBRATION_RMS,1.885,mm/s,GOOD
2025-04-14 08:00:00,PUMP102.VIBRATION_RMS,1.764,mm/s,GOOD
2025-04-14 10:00:00,PUMP102.VIBRATION_RMS,2.727,mm/s,GOOD
2025-04-14 12:00:00,PUMP102.VIBRATION_RMS,2.541,mm/s,GOOD
2025-04-14 14:00:00,PUMP102.VIBRATION_RMS,1.616,mm/s,GOOD
2025-04-14 16:00:00,PUMP102.VIBRATION_RMS,2.682,mm/s,GOOD
2025-04-14 18:00:00,PUMP102.VIBRATION_RMS,2.027,mm/s,GOOD
2025-04-14 20:00:00,PUMP102.VIBRATION_RMS,1.795,mm/s,GOOD
2025-04-14 22:00:00,PUMP102.VIBRATION_RMS,1.953,mm/s,GOOD
2025-04-15 00:00:00,PUMP102.VIBRATION_RMS,1.708,mm/s,GOOD
2025-04-15 02:00:00,PUMP102.VIBRATION_RMS,1.44,mm/s,GOOD
2025-04-15 04:00:00,PUMP102.VIBRATION_RMS,2.488,mm/s,GOOD
2025-04-15 06:00:00,PUMP102.VIBRATION_RMS,1.99,mm/s,GOOD
2025-04-15 08:00:00,PUMP102.VIBRATION_RMS,2.409,mm/s,GOOD
2025-04-15 10:00:00,PUMP102.VIBRATION_RMS,2.244,mm/s,GOOD
2025-04-15 12:00:00,PUMP102.VIBRATION_RMS,2.374,mm/s,GOOD
2025-04-15 14:00:00,PUMP102.VIBRATION_RMS,1.077,mm/s,GOOD
2025-04-15 16:00:00,PUMP102.VIBRATION_RMS,1.667,mm/s,GOOD
2025-04-15 18:00:00,PUMP102.VIBRATION_RMS,2.385,mm/s,GOOD
2025-04-15 20:00:00,PUMP102.VIBRATION_RMS,1.463,mm/s,GOOD
2025-04-15 22:00:00,PUMP102.VIBRATION_RMS,2.287,mm/s,GOOD
2025-04-16 00:00:00,PUMP102.VIBRATION_RMS,1.405,mm/s,GOOD
2025-04-16 02:00:00,PUMP102.VIBRATION_RMS,2.108,mm/s,GOOD
2025-04-16 04:00:00,PUMP102.VIBRATION_RMS,2.905,mm/s,GOOD
2025-04-16 06:00:00,PUMP102.VIBRATION_RMS,2.487,mm/s,GOOD
2025-04-16 08:00:00,PUMP102.VIBRATION_RMS,1.175,mm/s,GOOD
2025-04-16 10:00:00,PUMP102.VIBRATION_RMS,2.524,mm/s,GOOD
2025-04-16 12:00:00,PUMP102.VIBRATION_RMS,3.011,mm/s,GOOD
2025-04-16 14:00:00,PUMP102.VIBRATION_RMS,3.499,mm/s,GOOD
2025-04-16 16:00:00,PUMP102.VIBRATION_RMS,2.338,mm/s,GOOD
2025-04-16 18:00:00,PUMP102.VIBRATION_RMS,1.418,mm/s,GOOD
2025-04-16 20:00:00,PUMP102.VIBRATION_RMS,2.317,mm/s,GOOD
2025-04-16 22:00:00,PUMP102.VIBRATION_RMS,2.898,mm/s,BAD
2025-04-17 00:00:00,PUMP102.VIBRATION_RMS,2.006,mm/s,GOOD
2025-04-17 02:00:00,PUMP102.VIBRATION_RMS,2.622,mm/s,GOOD
2025-04-17 04:00:00,PUMP102.VIBRATION_RMS,1.68,mm/s,GOOD
2025-04-17 06:00:00,PUMP102.VIBRATION_RMS,2.286,mm/s,GOOD
2025-04-17 08:00:00,PUMP102.VIBRATION_RMS,0.855,mm/s,GOOD
2025-04-17 10:00:00,PUMP102.VIBRATION_RMS,1.625,mm/s,GOOD
2025-04-17 12:00:00,PUMP102.VIBRATION_RMS,2.097,mm/s,GOOD
2025-04-17 14:00:00,PUMP102.VIBRATION_RMS,1.918,mm/s,GOOD
2025-04-17 16:00:00,PUMP102.VIBRATION_RMS,1.45,mm/s,GOOD
2025-04-17 18:00:00,PUMP102.VIBRATION_RMS,1.85,mm/s,GOOD
2025-04-17 20:00:00,PUMP102.VIBRATION_RMS,2.265,mm/s,GOOD
2025-04-17 22:00:00,PUMP102.VIBRATION_RMS,2.057,mm/s,GOOD
2025-04-18 00:00:00,PUMP102.VIBRATION_RMS,2.13,mm/s,GOOD
2025-04-18 02:00:00,PUMP102.VIBRATION_RMS,2.466,mm/s,GOOD
2025-04-18 04:00:00,PUMP102.VIBRATION_RMS,1.928,mm/s,GOOD
2025-04-18 06:00:00,PUMP102.VIBRATION_RMS,2.78,mm/s,GOOD
2025-04-18 08:00:00,PUMP102.VIBRATION_RMS,1.605,mm/s,GOOD
2025-04-18 10:00:00,PUMP102.VIBRATION_RMS,3.064,mm/s,GOOD
2025-04-18 12:00:00,PUMP102.VIBRATION_RMS,2.657,mm/s,GOOD
2025-04-18 14:00:00,PUMP102.VIBRATION_RMS,1.922,mm/s,GOOD
2025-04-18 16:00:00,PUMP102.VIBRATION_RMS,1.955,mm/s,GOOD
2025-04-18 18:00:00,PUMP102.VIBRATION_RMS,2.203,mm/s,GOOD
2025-04-18 20:00:00,PUMP102.VIBRATION_RMS,2.399,mm/s,GOOD
2025-04-18 22:00:00,PUMP102.VIBRATION_RMS,2.647,mm/s,GOOD
2025-04-19 00:00:00,PUMP102.VIBRATION_RMS,1.43,mm/s,GOOD
2025-04-19 02:00:00,PUMP102.VIBRATION_RMS,2.319,mm/s,GOOD
2025-04-19 04:00:00,PUMP102.VIBRATION_RMS,1.042,mm/s,GOOD
2025-04-19 06:00:00,PUMP102.VIBRATION_RMS,2.011,mm/s,GOOD
2025-04-19 08:00:00,PUMP102.VIBRATION_RMS,2.827,mm/s,GOOD
2025-04-19 10:00:00,PUMP102.VIBRATION_RMS,1.391,mm/s,GOOD
2025-04-19 12:00:00,PUMP102.VIBRATION_RMS,1.3,mm/s,GOOD
2025-04-19 14:00:00,PUMP102.VIBRATION_RMS,2.21,mm/s,GOOD
2025-04-19 16:00:00,PUMP102.VIBRATION_RMS,2.794,mm/s,GOOD
2025-04-19 18:00:00,PUMP102.VIBRATION_RMS,2.263,mm/s,GOOD
2025-04-19 20:00:00,PUMP102.VIBRATION_RMS,1.148,mm/s,GOOD
2025-04-19 22:00:00,PUMP102.VIBRATION_RMS,1.258,mm/s,BAD
2025-04-20 00:00:00,PUMP102.VIBRATION_RMS,2.149,mm/s,GOOD
2025-04-20 02:00:00,PUMP102.VIBRATION_RMS,1.51,mm/s,GOOD
2025-04-20 04:00:00,PUMP102.VIBRATION_RMS,2.168,mm/s,GOOD
2025-04-20 06:00:00,PUMP102.VIBRATION_RMS,2.198,mm/s,GOOD
2025-04-20 08:00:00,PUMP102.VIBRATION_RMS,1.855,mm/s,GOOD
2025-04-20 10:00:00,PUMP102.VIBRATION_RMS,3.007,mm/s,GOOD
2025-04-20 12:00:00,PUMP102.VIBRATION_RMS,2.395,mm/s,GOOD
2025-04-20 14:00:00,PUMP102.VIBRATION_RMS,2.706,mm/s,GOOD
2025-04-20 16:00:00,PUMP102.VIBRATION_RMS,2.56,mm/s,GOOD
2025-04-20 18:00:00,PUMP102.VIBRATION_RMS,2.025,mm/s,GOOD
2025-04-20 20:00:00,PUMP102.VIBRATION_RMS,2.003,mm/s,GOOD
2025-04-20 22:00:00,PUMP102.VIBRATION_RMS,1.951,mm/s,GOOD
2025-04-21 00:00:00,PUMP102.VIBRATION_RMS,2.441,mm/s,GOOD
2025-04-21 02:00:00,PUMP102.VIBRATION_RMS,1.775,mm/s,BAD
2025-04-21 04:00:00,PUMP102.VIBRATION_RMS,2.963,mm/s,GOOD
2025-04-21 06:00:00,PUMP102.VIBRATION_RMS,1.727,mm/s,GOOD
2025-04-21 08:00:00,PUMP102.VIBRATION_RMS,2.207,mm/s,GOOD
2025-04-21 10:00:00,PUMP102.VIBRATION_RMS,1.985,mm/s,GOOD
2025-04-21 12:00:00,PUMP102.VIBRATION_RMS,1.875,mm/s,GOOD
2025-04-21 14:00:00,PUMP102.VIBRATION_RMS,3.186,mm/s,GOOD
2025-04-21 16:00:00,PUMP102.VIBRATION_RMS,1.88,mm/s,GOOD
2025-04-21 18:00:00,PUMP102.VIBRATION_RMS,1.948,mm/s,GOOD
2025-04-21 20:00:00,PUMP102.VIBRATION_RMS,1.768,mm/s,GOOD
2025-04-21 22:00:00,PUMP102.VIBRATION_RMS,2.121,mm/s,GOOD
2025-04-22 00:00:00,PUMP102.VIBRATION_RMS,2.049,mm/s,GOOD
2025-04-22 02:00:00,PUMP102.VIBRATION_RMS,1.54,mm/s,GOOD
2025-04-22 04:00:00,PUMP102.VIBRATION_RMS,1.888,mm/s,GOOD
2025-04-22 06:00:00,PUMP102.VIBRATION_RMS,2.405,mm/s,GOOD
2025-04-22 08:00:00,PUMP102.VIBRATION_RMS,2.613,mm/s,GOOD
2025-04-22 10:00:00,PUMP102.VIBRATION_RMS,2.112,mm/s,GOOD
2025-04-22 12:00:00,PUMP102.VIBRATION_RMS,2.129,mm/s,GOOD
2025-04-22 14:00:00,PUMP102.VIBRATION_RMS,1.92,mm/s,GOOD
2025-04-22 16:00:00,PUMP102.VIBRATION_RMS,1.849,mm/s,GOOD
2025-04-22 18:00:00,PUMP102.VIBRATION_RMS,1.64,mm/s,GOOD
2025-04-22 20:00:00,PUMP102.VIBRATION_RMS,1.322,mm/s,GOOD
2025-04-22 22:00:00,PUMP102.VIBRATION_RMS,1.749,mm/s,GOOD
2025-04-23 00:00:00,PUMP102.VIBRATION_RMS,2.552,mm/s,GOOD
2025-04-23 02:00:00,PUMP102.VIBRATION_RMS,1.888,mm/s,GOOD
2025-04-23 04:00:00,PUMP102.VIBRATION_RMS,1.927,mm/s,GOOD
2025-04-23 06:00:00,PUMP102.VIBRATION_RMS,1.917,mm/s,GOOD
2025-04-23 08:00:00,PUMP102.VIBRATION_RMS,2.722,mm/s,GOOD
2025-04-23 10:00:00,PUMP102.VIBRATION_RMS,1.636,mm/s,GOOD
2025-04-23 12:00:00,PUMP102.VIBRATION_RMS,2.239,mm/s,GOOD
2025-04-23 14:00:00,PUMP102.VIBRATION_RMS,2.066,mm/s,GOOD
2025-04-23 16:00:00,PUMP102.VIBRATION_RMS,2.134,mm/s,GOOD
2025-04-23 18:00:00,PUMP102.VIBRATION_RMS,2.222,mm/s,GOOD
2025-04-23 20:00:00,PUMP102.VIBRATION_RMS,2.129,mm/s,GOOD
2025-04-23 22:00:00,PUMP102.VIBRATION_RMS,2.497,mm/s,GOOD
2025-04-24 00:00:00,PUMP102.VIBRATION_RMS,2.085,mm/s,GOOD
2025-04-24 02:00:00,PUMP102.VIBRATION_RMS,2.972,mm/s,GOOD
2025-04-24 04:00:00,PUMP102.VIBRATION_RMS,2.122,mm/s,GOOD
2025-04-24 06:00:00,PUMP102.VIBRATION_RMS,1.248,mm/s,GOOD
2025-04-24 08:00:00,PUMP102.VIBRATION_RMS,2.419,mm/s,GOOD
2025-04-24 10:00:00,PUMP102.VIBRATION_RMS,2.296,mm/s,GOOD
2025-04-24 12:00:00,PUMP102.VIBRATION_RMS,2.116,mm/s,GOOD
2025-04-24 14:00:00,PUMP102.VIBRATION_RMS,1.97,mm/s,GOOD
2025-04-24 16:00:00,PUMP102.VIBRATION_RMS,1.043,mm/s,GOOD
2025-04-24 18:00:00,PUMP102.VIBRATION_RMS,1.127,mm/s,GOOD
2025-04-24 20:00:00,PUMP102.VIBRATION_RMS,2.924,mm/s,GOOD
2025-04-24 22:00:00,PUMP102.VIBRATION_RMS,1.807,mm/s,GOOD
2025-04-25 00:00:00,PUMP102.VIBRATION_RMS,2.583,mm/s,GOOD
2025-04-25 02:00:00,PUMP102.VIBRATION_RMS,1.298,mm/s,GOOD
2025-04-25 04:00:00,PUMP102.VIBRATION_RMS,1.577,mm/s,GOOD
2025-04-25 06:00:00,PUMP102.VIBRATION_RMS,2.439,mm/s,GOOD
2025-04-25 08:00:00,PUMP102.VIBRATION_RMS,2.049,mm/s,GOOD
2025-04-25 10:00:00,PUMP102.VIBRATION_RMS,2.369,mm/s,GOOD
2025-04-25 12:00:00,PUMP102.VIBRATION_RMS,2.093,mm/s,GOOD
2025-04-25 14:00:00,PUMP102.VIBRATION_RMS,1.996,mm/s,GOOD
2025-04-25 16:00:00,PUMP102.VIBRATION_RMS,1.76,mm/s,GOOD
2025-04-25 18:00:00,PUMP102.VIBRATION_RMS,1.503,mm/s,GOOD
2025-04-25 20:00:00,PUMP102.VIBRATION_RMS,2.801,mm/s,GOOD
2025-04-25 22:00:00,PUMP102.VIBRATION_RMS,2.884,mm/s,GOOD
2025-04-26 00:00:00,PUMP102.VIBRATION_RMS,1.581,mm/s,GOOD
2025-04-26 02:00:00,PUMP102.VIBRATION_RMS,1.548,mm/s,GOOD
2025-04-26 04:00:00,PUMP102.VIBRATION_RMS,1.926,mm/s,GOOD
2025-04-26 06:00:00,PUMP102.VIBRATION_RMS,2.27,mm/s,GOOD
2025-04-26 08:00:00,PUMP102.VIBRATION_RMS,2.009,mm/s,GOOD
2025-04-26 10:00:00,PUMP102.VIBRATION_RMS,2.35,mm/s,GOOD
2025-04-26 12:00:00,PUMP102.VIBRATION_RMS,2.075,mm/s,GOOD
2025-04-26 14:00:00,PUMP102.VIBRATION_RMS,2.043,mm/s,GOOD
2025-04-26 16:00:00,PUMP102.VIBRATION_RMS,3.307,mm/s,GOOD
2025-04-26 18:00:00,PUMP102.VIBRATION_RMS,1.837,mm/s,GOOD
2025-04-26 20:00:00,PUMP102.VIBRATION_RMS,2.92,mm/s,GOOD
2025-04-26 22:00:00,PUMP102.VIBRATION_RMS,2.823,mm/s,GOOD
2025-04-27 00:00:00,PUMP102.VIBRATION_RMS,2.352,mm/s,GOOD
2025-04-27 02:00:00,PUMP102.VIBRATION_RMS,1.137,mm/s,GOOD
2025-04-27 04:00:00,PUMP102.VIBRATION_RMS,2.116,mm/s,GOOD
2025-04-27 06:00:00,PUMP102.VIBRATION_RMS,1.843,mm/s,GOOD
2025-04-27 08:00:00,PUMP102.VIBRATION_RMS,2.11,mm/s,GOOD
2025-04-27 10:00:00,PUMP102.VIBRATION_RMS,1.569,mm/s,GOOD
2025-04-27 12:00:00,PUMP102.VIBRATION_RMS,2.478,mm/s,GOOD
2025-04-27 14:00:00,PUMP102.VIBRATION_RMS,2.592,mm/s,GOOD
2025-04-27 16:00:00,PUMP102.VIBRATION_RMS,2.685,mm/s,GOOD
2025-04-27 18:00:00,PUMP102.VIBRATION_RMS,1.909,mm/s,GOOD
2025-04-27 20:00:00,PUMP102.VIBRATION_RMS,1.57,mm/s,GOOD
2025-04-27 22:00:00,PUMP102.VIBRATION_RMS,2.276,mm/s,GOOD
2025-04-28 00:00:00,PUMP102.VIBRATION_RMS,2.978,mm/s,GOOD
2025-04-28 02:00:00,PUMP102.VIBRATION_RMS,2.135,mm/s,GOOD
2025-04-28 04:00:00,PUMP102.VIBRATION_RMS,2.326,mm/s,GOOD
2025-04-28 06:00:00,PUMP102.VIBRATION_RMS,1.983,mm/s,GOOD
2025-04-28 08:00:00,PUMP102.VIBRATION_RMS,1.848,mm/s,GOOD
2025-04-28 10:00:00,PUMP102.VIBRATION_RMS,2.429,mm/s,GOOD
2025-04-28 12:00:00,PUMP102.VIBRATION_RMS,2.047,mm/s,GOOD
2025-04-28 14:00:00,PUMP102.VIBRATION_RMS,2.302,mm/s,GOOD
2025-04-28 16:00:00,PUMP102.VIBRATION_RMS,2.354,mm/s,GOOD
2025-04-28 18:00:00,PUMP102.VIBRATION_RMS,2.274,mm/s,GOOD
2025-04-28 20:00:00,PUMP102.VIBRATION_RMS,2.379,mm/s,GOOD
2025-04-28 22:00:00,PUMP102.VIBRATION_RMS,1.673,mm/s,GOOD
2025-04-29 00:00:00,PUMP102.VIBRATION_RMS,1.643,mm/s,GOOD
2025-04-29 02:00:00,PUMP102.VIBRATION_RMS,2.079,mm/s,GOOD
2025-04-29 04:00:00,PUMP102.VIBRATION_RMS,2.091,mm/s,GOOD
2025-04-29 06:00:00,PUMP102.VIBRATION_RMS,1.839,mm/s,GOOD
2025-04-29 08:00:00,PUMP102.VIBRATION_RMS,2.221,mm/s,GOOD
2025-04-29 10:00:00,PUMP102.VIBRATION_RMS,2.554,mm/s,GOOD
2025-04-29 12:00:00,PUMP102.VIBRATION_RMS,2.694,mm/s,BAD
2025-04-29 14:00:00,PUMP102.VIBRATION_RMS,2.806,mm/s,GOOD
2025-04-29 16:00:00,PUMP102.VIBRATION_RMS,1.443,mm/s,GOOD
2025-04-29 18:00:00,PUMP102.VIBRATION_RMS,1.519,mm/s,GOOD
2025-04-29 20:00:00,PUMP102.VIBRATION_RMS,1.955,mm/s,GOOD
2025-04-29 22:00:00,PUMP102.VIBRATION_RMS,2.14,mm/s,GOOD
2025-04-30 00:00:00,PUMP102.VIBRATION_RMS,1.981,mm/s,GOOD
2024-10-01 00:00:00,MILL201.POWER_KW,450.566,kW,GOOD
2024-10-01 02:00:00,MILL201.POWER_KW,450.27,kW,GOOD
2024-10-01 04:00:00,MILL201.POWER_KW,449.569,kW,GOOD
2024-10-01 06:00:00,MILL201.POWER_KW,449.891,kW,GOOD
2024-10-01 08:00:00,MILL201.POWER_KW,450.736,kW,GOOD
2024-10-01 10:00:00,MILL201.POWER_KW,450.676,kW,GOOD
2024-10-01 12:00:00,MILL201.POWER_KW,449.343,kW,GOOD
2024-10-01 14:00:00,MILL201.POWER_KW,449.817,kW,GOOD
2024-10-01 16:00:00,MILL201.POWER_KW,450.961,kW,GOOD
2024-10-01 18:00:00,MILL201.POWER_KW,449.966,kW,GOOD
2024-10-01 20:00:00,MILL201.POWER_KW,450.142,kW,GOOD
2024-10-01 22:00:00,MILL201.POWER_KW,450.563,kW,GOOD
2024-10-02 00:00:00,MILL201.POWER_KW,449.384,kW,GOOD
2024-10-02 02:00:00,MILL201.POWER_KW,449.58,kW,GOOD
2024-10-02 04:00:00,MILL201.POWER_KW,449.888,kW,GOOD
2024-10-02 06:00:00,MILL201.POWER_KW,450.652,kW,GOOD
2024-10-02 08:00:00,MILL201.POWER_KW,450.56,kW,GOOD
2024-10-02 10:00:00,MILL201.POWER_KW,450.41,kW,GOOD
2024-10-02 12:00:00,MILL201.POWER_KW,449.98,kW,GOOD
2024-10-02 14:00:00,MILL201.POWER_KW,450.615,kW,GOOD
2024-10-02 16:00:00,MILL201.POWER_KW,449.974,kW,GOOD
2024-10-02 18:00:00,MILL201.POWER_KW,450.339,kW,GOOD
2024-10-02 20:00:00,MILL201.POWER_KW,450.506,kW,GOOD
2024-10-02 22:00:00,MILL201.POWER_KW,450.898,kW,GOOD
2024-10-03 00:00:00,MILL201.POWER_KW,450.022,kW,GOOD
2024-10-03 02:00:00,MILL201.POWER_KW,449.869,kW,GOOD
2024-10-03 04:00:00,MILL201.POWER_KW,450.698,kW,GOOD
2024-10-03 06:00:00,MILL201.POWER_KW,450.736,kW,GOOD
2024-10-03 08:00:00,MILL201.POWER_KW,449.778,kW,GOOD
2024-10-03 10:00:00,MILL201.POWER_KW,449.497,kW,GOOD
2024-10-03 12:00:00,MILL201.POWER_KW,450.66,kW,GOOD
2024-10-03 14:00:00,MILL201.POWER_KW,449.229,kW,GOOD
2024-10-03 16:00:00,MILL201.POWER_KW,449.204,kW,GOOD
2024-10-03 18:00:00,MILL201.POWER_KW,449.916,kW,GOOD
2024-10-03 20:00:00,MILL201.POWER_KW,450.051,kW,GOOD
2024-10-03 22:00:00,MILL201.POWER_KW,449.47,kW,GOOD
2024-10-04 00:00:00,MILL201.POWER_KW,450.111,kW,GOOD
2024-10-04 02:00:00,MILL201.POWER_KW,450.133,kW,GOOD
2024-10-04 04:00:00,MILL201.POWER_KW,449.76,kW,GOOD
2024-10-04 06:00:00,MILL201.POWER_KW,451.017,kW,GOOD
2024-10-04 08:00:00,MILL201.POWER_KW,450.215,kW,GOOD
2024-10-04 10:00:00,MILL201.POWER_KW,450.564,kW,GOOD
2024-10-04 12:00:00,MILL201.POWER_KW,449.272,kW,GOOD
2024-10-04 14:00:00,MILL201.POWER_KW,449.268,kW,GOOD
2024-10-04 16:00:00,MILL201.POWER_KW,450.23,kW,GOOD
2024-10-04 18:00:00,MILL201.POWER_KW,450.927,kW,GOOD
2024-10-04 20:00:00,MILL201.POWER_KW,449.495,kW,GOOD
2024-10-04 22:00:00,MILL201.POWER_KW,450.072,kW,GOOD
2024-10-05 00:00:00,MILL201.POWER_KW,449.382,kW,GOOD
2024-10-05 02:00:00,MILL201.POWER_KW,449.641,kW,GOOD
2024-10-05 04:00:00,MILL201.POWER_KW,450.097,kW,GOOD
2024-10-05 06:00:00,MILL201.POWER_KW,449.754,kW,GOOD
2024-10-05 08:00:00,MILL201.POWER_KW,449.347,kW,GOOD
2024-10-05 10:00:00,MILL201.POWER_KW,449.336,kW,GOOD
2024-10-05 12:00:00,MILL201.POWER_KW,449.057,kW,BAD
2024-10-05 14:00:00,MILL201.POWER_KW,450.238,kW,GOOD
2024-10-05 16:00:00,MILL201.POWER_KW,450.299,kW,GOOD
2024-10-05 18:00:00,MILL201.POWER_KW,450.296,kW,GOOD
2024-10-05 20:00:00,MILL201.POWER_KW,449.545,kW,GOOD
2024-10-05 22:00:00,MILL201.POWER_KW,450.503,kW,GOOD
2024-10-06 00:00:00,MILL201.POWER_KW,450.353,kW,GOOD
2024-10-06 02:00:00,MILL201.POWER_KW,450.004,kW,GOOD
2024-10-06 04:00:00,MILL201.POWER_KW,449.922,kW,GOOD
2024-10-06 06:00:00,MILL201.POWER_KW,449.675,kW,GOOD
2024-10-06 08:00:00,MILL201.POWER_KW,450.096,kW,GOOD
2024-10-06 10:00:00,MILL201.POWER_KW,450.809,kW,GOOD
2024-10-06 12:00:00,MILL201.POWER_KW,450.569,kW,BAD
2024-10-06 14:00:00,MILL201.POWER_KW,449.872,kW,GOOD
2024-10-06 16:00:00,MILL201.POWER_KW,450.269,kW,GOOD
2024-10-06 18:00:00,MILL201.POWER_KW,449.449,kW,GOOD
2024-10-06 20:00:00,MILL201.POWER_KW,450.365,kW,GOOD
2024-10-06 22:00:00,MILL201.POWER_KW,449.585,kW,GOOD
2024-10-07 00:00:00,MILL201.POWER_KW,450.345,kW,GOOD
2024-10-07 02:00:00,MILL201.POWER_KW,451.485,kW,GOOD
2024-10-07 04:00:00,MILL201.POWER_KW,449.715,kW,GOOD
2024-10-07 06:00:00,MILL201.POWER_KW,451.461,kW,GOOD
2024-10-07 08:00:00,MILL201.POWER_KW,450.245,kW,GOOD
2024-10-07 10:00:00,MILL201.POWER_KW,449.625,kW,GOOD
2024-10-07 12:00:00,MILL201.POWER_KW,449.602,kW,GOOD
2024-10-07 14:00:00,MILL201.POWER_KW,451.182,kW,GOOD
2024-10-07 16:00:00,MILL201.POWER_KW,450.246,kW,GOOD
2024-10-07 18:00:00,MILL201.POWER_KW,449.717,kW,GOOD
2024-10-07 20:00:00,MILL201.POWER_KW,449.898,kW,GOOD
2024-10-07 22:00:00,MILL201.POWER_KW,450.215,kW,GOOD
2024-10-08 00:00:00,MILL201.POWER_KW,449.996,kW,GOOD
2024-10-08 02:00:00,MILL201.POWER_KW,450.173,kW,GOOD
2024-10-08 04:00:00,MILL201.POWER_KW,450.887,kW,GOOD
2024-10-08 06:00:00,MILL201.POWER_KW,449.436,kW,GOOD
2024-10-08 08:00:00,MILL201.POWER_KW,450.322,kW,GOOD
2024-10-08 10:00:00,MILL201.POWER_KW,449.964,kW,GOOD
2024-10-08 12:00:00,MILL201.POWER_KW,449.75,kW,GOOD
2024-10-08 14:00:00,MILL201.POWER_KW,450.536,kW,GOOD
2024-10-08 16:00:00,MILL201.POWER_KW,449.269,kW,GOOD
2024-10-08 18:00:00,MILL201.POWER_KW,448.817,kW,GOOD
2024-10-08 20:00:00,MILL201.POWER_KW,450.112,kW,GOOD
2024-10-08 22:00:00,MILL201.POWER_KW,449.931,kW,GOOD
2024-10-09 00:00:00,MILL201.POWER_KW,449.324,kW,GOOD
2024-10-09 02:00:00,MILL201.POWER_KW,449.145,kW,GOOD
2024-10-09 04:00:00,MILL201.POWER_KW,450.965,kW,GOOD
2024-10-09 06:00:00,MILL201.POWER_KW,450.232,kW,GOOD
2024-10-09 08:00:00,MILL201.POWER_KW,450.01,kW,GOOD
2024-10-09 10:00:00,MILL201.POWER_KW,451.098,kW,GOOD
2024-10-09 12:00:00,MILL201.POWER_KW,450.511,kW,GOOD
2024-10-09 14:00:00,MILL201.POWER_KW,450.885,kW,GOOD
2024-10-09 16:00:00,MILL201.POWER_KW,449.41,kW,GOOD
2024-10-09 18:00:00,MILL201.POWER_KW,449.391,kW,GOOD
2024-10-09 20:00:00,MILL201.POWER_KW,450.309,kW,GOOD
2024-10-09 22:00:00,MILL201.POWER_KW,450.207,kW,GOOD
2024-10-10 00:00:00,MILL201.POWER_KW,450.625,kW,GOOD
2024-10-10 02:00:00,MILL201.POWER_KW,449.185,kW,GOOD
2024-10-10 04:00:00,MILL201.POWER_KW,450.352,kW,GOOD
2024-10-10 06:00:00,MILL201.POWER_KW,450.495,kW,GOOD
2024-10-10 08:00:00,MILL201.POWER_KW,450.468,kW,GOOD
2024-10-10 10:00:00,MILL201.POWER_KW,449.797,kW,GOOD
2024-10-10 12:00:00,MILL201.POWER_KW,450.259,kW,GOOD
2024-10-10 14:00:00,MILL201.POWER_KW,449.612,kW,GOOD
2024-10-10 16:00:00,MILL201.POWER_KW,449.854,kW,GOOD
2024-10-10 18:00:00,MILL201.POWER_KW,449.479,kW,GOOD
2024-10-10 20:00:00,MILL201.POWER_KW,449.621,kW,GOOD
2024-10-10 22:00:00,MILL201.POWER_KW,449.88,kW,GOOD
2024-10-11 00:00:00,MILL201.POWER_KW,449.755,kW,GOOD
2024-10-11 02:00:00,MILL201.POWER_KW,449.621,kW,GOOD
2024-10-11 04:00:00,MILL201.POWER_KW,449.35,kW,GOOD
2024-10-11 06:00:00,MILL201.POWER_KW,450.981,kW,GOOD
2024-10-11 08:00:00,MILL201.POWER_KW,449.75,kW,GOOD
2024-10-11 10:00:00,MILL201.POWER_KW,450.165,kW,GOOD
2024-10-11 12:00:00,MILL201.POWER_KW,449.121,kW,GOOD
2024-10-11 14:00:00,MILL201.POWER_KW,450.679,kW,GOOD
2024-10-11 16:00:00,MILL201.POWER_KW,450.084,kW,GOOD
2024-10-11 18:00:00,MILL201.POWER_KW,449.778,kW,GOOD
2024-10-11 20:00:00,MILL201.POWER_KW,449.782,kW,GOOD
2024-10-11 22:00:00,MILL201.POWER_KW,450.435,kW,GOOD
2024-10-12 00:00:00,MILL201.POWER_KW,448.523,kW,GOOD
2024-10-12 02:00:00,MILL201.POWER_KW,449.588,kW,GOOD
2024-10-12 04:00:00,MILL201.POWER_KW,449.94,kW,GOOD
2024-10-12 06:00:00,MILL201.POWER_KW,449.935,kW,GOOD
2024-10-12 08:00:00,MILL201.POWER_KW,451.253,kW,GOOD
2024-10-12 10:00:00,MILL201.POWER_KW,449.831,kW,GOOD
2024-10-12 12:00:00,MILL201.POWER_KW,450.495,kW,GOOD
2024-10-12 14:00:00,MILL201.POWER_KW,450.906,kW,GOOD
2024-10-12 16:00:00,MILL201.POWER_KW,450.335,kW,GOOD
2024-10-12 18:00:00,MILL201.POWER_KW,449.663,kW,GOOD
2024-10-12 20:00:00,MILL201.POWER_KW,449.358,kW,GOOD
2024-10-12 22:00:00,MILL201.POWER_KW,450.373,kW,GOOD
2024-10-13 00:00:00,MILL201.POWER_KW,450.823,kW,GOOD
2024-10-13 02:00:00,MILL201.POWER_KW,450.273,kW,GOOD
2024-10-13 04:00:00,MILL201.POWER_KW,450.617,kW,GOOD
2024-10-13 06:00:00,MILL201.POWER_KW,451.296,kW,GOOD
2024-10-13 08:00:00,MILL201.POWER_KW,450.419,kW,GOOD
2024-10-13 10:00:00,MILL201.POWER_KW,449.45,kW,GOOD
2024-10-13 12:00:00,MILL201.POWER_KW,450.026,kW,GOOD
2024-10-13 14:00:00,MILL201.POWER_KW,450.685,kW,GOOD
2024-10-13 16:00:00,MILL201.POWER_KW,449.876,kW,GOOD
2024-10-13 18:00:00,MILL201.POWER_KW,450.753,kW,GOOD
2024-10-13 20:00:00,MILL201.POWER_KW,449.967,kW,GOOD
2024-10-13 22:00:00,MILL201.POWER_KW,450.167,kW,GOOD
2024-10-14 00:00:00,MILL201.POWER_KW,449.825,kW,GOOD
2024-10-14 02:00:00,MILL201.POWER_KW,450.08,kW,GOOD
2024-10-14 04:00:00,MILL201.POWER_KW,450.106,kW,GOOD
2024-10-14 06:00:00,MILL201.POWER_KW,449.196,kW,GOOD
2024-10-14 08:00:00,MILL201.POWER_KW,449.779,kW,GOOD
2024-10-14 10:00:00,MILL201.POWER_KW,449.383,kW,GOOD
2024-10-14 12:00:00,MILL201.POWER_KW,449.796,kW,GOOD
2024-10-14 14:00:00,MILL201.POWER_KW,449.602,kW,GOOD
2024-10-14 16:00:00,MILL201.POWER_KW,450.506,kW,GOOD
2024-10-14 18:00:00,MILL201.POWER_KW,450.512,kW,GOOD
2024-10-14 20:00:00,MILL201.POWER_KW,450.28,kW,GOOD
2024-10-14 22:00:00,MILL201.POWER_KW,449.366,kW,GOOD
2024-10-15 00:00:00,MILL201.POWER_KW,449.951,kW,BAD
2024-10-15 02:00:00,MILL201.POWER_KW,449.326,kW,GOOD
2024-10-15 04:00:00,MILL201.POWER_KW,449.926,kW,GOOD
2024-10-15 06:00:00,MILL201.POWER_KW,450.324,kW,GOOD
2024-10-15 08:00:00,MILL201.POWER_KW,450.496,kW,GOOD
2024-10-15 10:00:00,MILL201.POWER_KW,450.236,kW,GOOD
2024-10-15 12:00:00,MILL201.POWER_KW,450.629,kW,GOOD
2024-10-15 14:00:00,MILL201.POWER_KW,450.13,kW,GOOD
2024-10-15 16:00:00,MILL201.POWER_KW,449.883,kW,GOOD
2024-10-15 18:00:00,MILL201.POWER_KW,450.437,kW,GOOD
2024-10-15 20:00:00,MILL201.POWER_KW,450.453,kW,GOOD
2024-10-15 22:00:00,MILL201.POWER_KW,449.738,kW,GOOD
2024-10-16 00:00:00,MILL201.POWER_KW,450.189,kW,GOOD
2024-10-16 02:00:00,MILL201.POWER_KW,449.853,kW,GOOD
2024-10-16 04:00:00,MILL201.POWER_KW,448.996,kW,GOOD
2024-10-16 06:00:00,MILL201.POWER_KW,450.22,kW,GOOD
2024-10-16 08:00:00,MILL201.POWER_KW,449.353,kW,GOOD
2024-10-16 10:00:00,MILL201.POWER_KW,450.164,kW,GOOD
2024-10-16 12:00:00,MILL201.POWER_KW,449.232,kW,GOOD
2024-10-16 14:00:00,MILL201.POWER_KW,449.64,kW,GOOD
2024-10-16 16:00:00,MILL201.POWER_KW,449.783,kW,GOOD
2024-10-16 18:00:00,MILL201.POWER_KW,450.601,kW,GOOD
2024-10-16 20:00:00,MILL201.POWER_KW,449.733,kW,GOOD
2024-10-16 22:00:00,MILL201.POWER_KW,449.463,kW,GOOD
2024-10-17 00:00:00,MILL201.POWER_KW,450.182,kW,GOOD
2024-10-17 02:00:00,MILL201.POWER_KW,449.892,kW,GOOD
2024-10-17 04:00:00,MILL201.POWER_KW,450.395,kW,GOOD
2024-10-17 06:00:00,MILL201.POWER_KW,449.494,kW,GOOD
2024-10-17 08:00:00,MILL201.POWER_KW,450.105,kW,GOOD
2024-10-17 10:00:00,MILL201.POWER_KW,451.235,kW,GOOD
2024-10-17 12:00:00,MILL201.POWER_KW,449.88,kW,GOOD
2024-10-17 14:00:00,MILL201.POWER_KW,450.093,kW,GOOD
2024-10-17 16:00:00,MILL201.POWER_KW,449.169,kW,GOOD
2024-10-17 18:00:00,MILL201.POWER_KW,449.574,kW,GOOD
2024-10-17 20:00:00,MILL201.POWER_KW,450.23,kW,GOOD
2024-10-17 22:00:00,MILL201.POWER_KW,449.835,kW,GOOD
2024-10-18 00:00:00,MILL201.POWER_KW,450.307,kW,GOOD
2024-10-18 02:00:00,MILL201.POWER_KW,450.212,kW,GOOD
2024-10-18 04:00:00,MILL201.POWER_KW,449.341,kW,GOOD
2024-10-18 06:00:00,MILL201.POWER_KW,450.508,kW,GOOD
2024-10-18 08:00:00,MILL201.POWER_KW,449.379,kW,GOOD
2024-10-18 10:00:00,MILL201.POWER_KW,449.618,kW,GOOD
2024-10-18 12:00:00,MILL201.POWER_KW,450.115,kW,GOOD
2024-10-18 14:00:00,MILL201.POWER_KW,450.784,kW,GOOD
2024-10-18 16:00:00,MILL201.POWER_KW,449.498,kW,GOOD
2024-10-18 18:00:00,MILL201.POWER_KW,450.074,kW,GOOD
2024-10-18 20:00:00,MILL201.POWER_KW,450.078,kW,GOOD
2024-10-18 22:00:00,MILL201.POWER_KW,450.329,kW,GOOD
2024-10-19 00:00:00,MILL201.POWER_KW,450.592,kW,GOOD
2024-10-19 02:00:00,MILL201.POWER_KW,449.798,kW,GOOD
2024-10-19 04:00:00,MILL201.POWER_KW,450.506,kW,GOOD
2024-10-19 06:00:00,MILL201.POWER_KW,450.665,kW,GOOD
2024-10-19 08:00:00,MILL201.POWER_KW,450.892,kW,GOOD
2024-10-19 10:00:00,MILL201.POWER_KW,450.251,kW,GOOD
2024-10-19 12:00:00,MILL201.POWER_KW,450.079,kW,GOOD
2024-10-19 14:00:00,MILL201.POWER_KW,449.763,kW,GOOD
2024-10-19 16:00:00,MILL201.POWER_KW,449.271,kW,GOOD
2024-10-19 18:00:00,MILL201.POWER_KW,449.861,kW,GOOD
2024-10-19 20:00:00,MILL201.POWER_KW,450.056,kW,GOOD
2024-10-19 22:00:00,MILL201.POWER_KW,449.945,kW,GOOD
2024-10-20 00:00:00,MILL201.POWER_KW,450.299,kW,GOOD
2024-10-20 02:00:00,MILL201.POWER_KW,449.273,kW,GOOD
2024-10-20 04:00:00,MILL201.POWER_KW,449.909,kW,GOOD
2024-10-20 06:00:00,MILL201.POWER_KW,450.997,kW,GOOD
2024-10-20 08:00:00,MILL201.POWER_KW,450.498,kW,GOOD
2024-10-20 10:00:00,MILL201.POWER_KW,450.308,kW,GOOD
2024-10-20 12:00:00,MILL201.POWER_KW,450.195,kW,GOOD
2024-10-20 14:00:00,MILL201.POWER_KW,449.817,kW,GOOD
2024-10-20 16:00:00,MILL201.POWER_KW,449.123,kW,GOOD
2024-10-20 18:00:00,MILL201.POWER_KW,450.229,kW,GOOD
2024-10-20 20:00:00,MILL201.POWER_KW,448.776,kW,GOOD
2024-10-20 22:00:00,MILL201.POWER_KW,449.837,kW,GOOD
2024-10-21 00:00:00,MILL201.POWER_KW,449.998,kW,GOOD
2024-10-21 02:00:00,MILL201.POWER_KW,449.776,kW,GOOD
2024-10-21 04:00:00,MILL201.POWER_KW,451.086,kW,BAD
2024-10-21 06:00:00,MILL201.POWER_KW,450.912,kW,GOOD
2024-10-21 08:00:00,MILL201.POWER_KW,450.516,kW,GOOD
2024-10-21 10:00:00,MILL201.POWER_KW,449.537,kW,GOOD
2024-10-21 12:00:00,MILL201.POWER_KW,450.961,kW,GOOD
2024-10-21 14:00:00,MILL201.POWER_KW,450.309,kW,GOOD
2024-10-21 16:00:00,MILL201.POWER_KW,449.529,kW,GOOD
2024-10-21 18:00:00,MILL201.POWER_KW,450.016,kW,GOOD
2024-10-21 20:00:00,MILL201.POWER_KW,450.479,kW,GOOD
2024-10-21 22:00:00,MILL201.POWER_KW,449.701,kW,BAD
2024-10-22 00:00:00,MILL201.POWER_KW,450.07,kW,GOOD
2024-10-22 02:00:00,MILL201.POWER_KW,450.158,kW,GOOD
2024-10-22 04:00:00,MILL201.POWER_KW,449.45,kW,GOOD
2024-10-22 06:00:00,MILL201.POWER_KW,449.865,kW,GOOD
2024-10-22 08:00:00,MILL201.POWER_KW,449.487,kW,GOOD
2024-10-22 10:00:00,MILL201.POWER_KW,450.434,kW,GOOD
2024-10-22 12:00:00,MILL201.POWER_KW,449.546,kW,GOOD
2024-10-22 14:00:00,MILL201.POWER_KW,450.146,kW,GOOD
2024-10-22 16:00:00,MILL201.POWER_KW,449.305,kW,GOOD
2024-10-22 18:00:00,MILL201.POWER_KW,449.433,kW,GOOD
2024-10-22 20:00:00,MILL201.POWER_KW,449.409,kW,GOOD
2024-10-22 22:00:00,MILL201.POWER_KW,449.855,kW,GOOD
2024-10-23 00:00:00,MILL201.POWER_KW,450.09,kW,GOOD
2024-10-23 02:00:00,MILL201.POWER_KW,450.182,kW,GOOD
2024-10-23 04:00:00,MILL201.POWER_KW,449.114,kW,GOOD
2024-10-23 06:00:00,MILL201.POWER_KW,449.916,kW,GOOD
2024-10-23 08:00:00,MILL201.POWER_KW,449.625,kW,GOOD
2024-10-23 10:00:00,MILL201.POWER_KW,450.267,kW,GOOD
2024-10-23 12:00:00,MILL201.POWER_KW,449.866,kW,GOOD
2024-10-23 14:00:00,MILL201.POWER_KW,449.96,kW,GOOD
2024-10-23 16:00:00,MILL201.POWER_KW,449.628,kW,GOOD
2024-10-23 18:00:00,MILL201.POWER_KW,450.862,kW,GOOD
2024-10-23 20:00:00,MILL201.POWER_KW,449.358,kW,GOOD
2024-10-23 22:00:00,MILL201.POWER_KW,449.8,kW,GOOD
2024-10-24 00:00:00,MILL201.POWER_KW,450.054,kW,GOOD
2024-10-24 02:00:00,MILL201.POWER_KW,449.874,kW,GOOD
2024-10-24 04:00:00,MILL201.POWER_KW,449.618,kW,GOOD
2024-10-24 06:00:00,MILL201.POWER_KW,449.094,kW,GOOD
2024-10-24 08:00:00,MILL201.POWER_KW,449.654,kW,GOOD
2024-10-24 10:00:00,MILL201.POWER_KW,449.52,kW,BAD
2024-10-24 12:00:00,MILL201.POWER_KW,450.84,kW,GOOD
2024-10-24 14:00:00,MILL201.POWER_KW,451.132,kW,GOOD
2024-10-24 16:00:00,MILL201.POWER_KW,449.975,kW,GOOD
2024-10-24 18:00:00,MILL201.POWER_KW,449.298,kW,GOOD
2024-10-24 20:00:00,MILL201.POWER_KW,450.369,kW,GOOD
2024-10-24 22:00:00,MILL201.POWER_KW,449.509,kW,GOOD
2024-10-25 00:00:00,MILL201.POWER_KW,449.725,kW,GOOD
2024-10-25 02:00:00,MILL201.POWER_KW,449.686,kW,GOOD
2024-10-25 04:00:00,MILL201.POWER_KW,449.75,kW,GOOD
2024-10-25 06:00:00,MILL201.POWER_KW,449.823,kW,GOOD
2024-10-25 08:00:00,MILL201.POWER_KW,449.343,kW,GOOD
2024-10-25 10:00:00,MILL201.POWER_KW,449.649,kW,GOOD
2024-10-25 12:00:00,MILL201.POWER_KW,450.51,kW,GOOD
2024-10-25 14:00:00,MILL201.POWER_KW,449.983,kW,GOOD
2024-10-25 16:00:00,MILL201.POWER_KW,450.063,kW,GOOD
2024-10-25 18:00:00,MILL201.POWER_KW,448.884,kW,GOOD
2024-10-25 20:00:00,MILL201.POWER_KW,450.474,kW,GOOD
2024-10-25 22:00:00,MILL201.POWER_KW,449.657,kW,GOOD
2024-10-26 00:00:00,MILL201.POWER_KW,450.562,kW,BAD
2024-10-26 02:00:00,MILL201.POWER_KW,450.077,kW,GOOD
2024-10-26 04:00:00,MILL201.POWER_KW,449.719,kW,GOOD
2024-10-26 06:00:00,MILL201.POWER_KW,449.161,kW,GOOD
2024-10-26 08:00:00,MILL201.POWER_KW,451.087,kW,GOOD
2024-10-26 10:00:00,MILL201.POWER_KW,450.402,kW,GOOD
2024-10-26 12:00:00,MILL201.POWER_KW,450.432,kW,GOOD
2024-10-26 14:00:00,MILL201.POWER_KW,450.909,kW,GOOD
2024-10-26 16:00:00,MILL201.POWER_KW,450.112,kW,GOOD
2024-10-26 18:00:00,MILL201.POWER_KW,450.676,kW,GOOD
2024-10-26 20:00:00,MILL201.POWER_KW,449.761,kW,GOOD
2024-10-26 22:00:00,MILL201.POWER_KW,450.369,kW,GOOD
2024-10-27 00:00:00,MILL201.POWER_KW,449.685,kW,GOOD
2024-10-27 02:00:00,MILL201.POWER_KW,449.748,kW,GOOD
2024-10-27 04:00:00,MILL201.POWER_KW,450.049,kW,GOOD
2024-10-27 06:00:00,MILL201.POWER_KW,449.366,kW,GOOD
2024-10-27 08:00:00,MILL201.POWER_KW,450.165,kW,GOOD
2024-10-27 10:00:00,MILL201.POWER_KW,449.844,kW,GOOD
2024-10-27 12:00:00,MILL201.POWER_KW,449.006,kW,GOOD
2024-10-27 14:00:00,MILL201.POWER_KW,449.771,kW,BAD
2024-10-27 16:00:00,MILL201.POWER_KW,449.827,kW,GOOD
2024-10-27 18:00:00,MILL201.POWER_KW,450.426,kW,GOOD
2024-10-27 20:00:00,MILL201.POWER_KW,450.143,kW,GOOD
2024-10-27 22:00:00,MILL201.POWER_KW,450.724,kW,GOOD
2024-10-28 00:00:00,MILL201.POWER_KW,450.26,kW,GOOD
2024-10-28 02:00:00,MILL201.POWER_KW,449.723,kW,GOOD
2024-10-28 04:00:00,MILL201.POWER_KW,449.971,kW,GOOD
2024-10-28 06:00:00,MILL201.POWER_KW,449.826,kW,GOOD
2024-10-28 08:00:00,MILL201.POWER_KW,450.244,kW,GOOD
2024-10-28 10:00:00,MILL201.POWER_KW,450.03,kW,GOOD
2024-10-28 12:00:00,MILL201.POWER_KW,449.686,kW,GOOD
2024-10-28 14:00:00,MILL201.POWER_KW,450.004,kW,GOOD
2024-10-28 16:00:00,MILL201.POWER_KW,450.231,kW,GOOD
2024-10-28 18:00:00,MILL201.POWER_KW,449.497,kW,GOOD
2024-10-28 20:00:00,MILL201.POWER_KW,450.159,kW,GOOD
2024-10-28 22:00:00,MILL201.POWER_KW,449.211,kW,GOOD
2024-10-29 00:00:00,MILL201.POWER_KW,450.553,kW,GOOD
2024-10-29 02:00:00,MILL201.POWER_KW,450.264,kW,GOOD
2024-10-29 04:00:00,MILL201.POWER_KW,450.815,kW,GOOD
2024-10-29 06:00:00,MILL201.POWER_KW,449.442,kW,GOOD
2024-10-29 08:00:00,MILL201.POWER_KW,450.567,kW,GOOD
2024-10-29 10:00:00,MILL201.POWER_KW,450.468,kW,GOOD
2024-10-29 12:00:00,MILL201.POWER_KW,449.909,kW,GOOD
2024-10-29 14:00:00,MILL201.POWER_KW,449.812,kW,GOOD
2024-10-29 16:00:00,MILL201.POWER_KW,449.457,kW,GOOD
2024-10-29 18:00:00,MILL201.POWER_KW,449.327,kW,GOOD
2024-10-29 20:00:00,MILL201.POWER_KW,449.624,kW,GOOD
2024-10-29 22:00:00,MILL201.POWER_KW,449.372,kW,GOOD
2024-10-30 00:00:00,MILL201.POWER_KW,450.798,kW,GOOD
2024-10-30 02:00:00,MILL201.POWER_KW,449.249,kW,GOOD
2024-10-30 04:00:00,MILL201.POWER_KW,450.074,kW,GOOD
2024-10-30 06:00:00,MILL201.POWER_KW,450.218,kW,GOOD
2024-10-30 08:00:00,MILL201.POWER_KW,450.179,kW,GOOD
2024-10-30 10:00:00,MILL201.POWER_KW,450.223,kW,GOOD
2024-10-30 12:00:00,MILL201.POWER_KW,450.473,kW,GOOD
2024-10-30 14:00:00,MILL201.POWER_KW,449.777,kW,GOOD
2024-10-30 16:00:00,MILL201.POWER_KW,450.044,kW,GOOD
2024-10-30 18:00:00,MILL201.POWER_KW,449.853,kW,GOOD
2024-10-30 20:00:00,MILL201.POWER_KW,450.651,kW,GOOD
2024-10-30 22:00:00,MILL201.POWER_KW,451.05,kW,GOOD
2024-10-31 00:00:00,MILL201.POWER_KW,449.403,kW,GOOD
2024-10-31 02:00:00,MILL201.POWER_KW,448.984,kW,GOOD
2024-10-31 04:00:00,MILL201.POWER_KW,450.285,kW,GOOD
2024-10-31 06:00:00,MILL201.POWER_KW,450.535,kW,GOOD
2024-10-31 08:00:00,MILL201.POWER_KW,450.978,kW,GOOD
2024-10-31 10:00:00,MILL201.POWER_KW,450.369,kW,GOOD
2024-10-31 12:00:00,MILL201.POWER_KW,450.698,kW,GOOD
2024-10-31 14:00:00,MILL201.POWER_KW,450.83,kW,GOOD
2024-10-31 16:00:00,MILL201.POWER_KW,450.732,kW,GOOD
2024-10-31 18:00:00,MILL201.POWER_KW,450.441,kW,GOOD
2024-10-31 20:00:00,MILL201.POWER_KW,449.359,kW,GOOD
2024-10-31 22:00:00,MILL201.POWER_KW,449.996,kW,GOOD
2024-11-01 00:00:00,MILL201.POWER_KW,450.15,kW,GOOD
2024-11-01 02:00:00,MILL201.POWER_KW,449.95,kW,GOOD
2024-11-01 04:00:00,MILL201.POWER_KW,449.981,kW,GOOD
2024-11-01 06:00:00,MILL201.POWER_KW,450.784,kW,GOOD
2024-11-01 08:00:00,MILL201.POWER_KW,449.622,kW,GOOD
2024-11-01 10:00:00,MILL201.POWER_KW,450.4,kW,GOOD
2024-11-01 12:00:00,MILL201.POWER_KW,450.158,kW,GOOD
2024-11-01 14:00:00,MILL201.POWER_KW,449.571,kW,GOOD
2024-11-01 16:00:00,MILL201.POWER_KW,449.462,kW,GOOD
2024-11-01 18:00:00,MILL201.POWER_KW,449.149,kW,GOOD
2024-11-01 20:00:00,MILL201.POWER_KW,450.243,kW,GOOD
2024-11-01 22:00:00,MILL201.POWER_KW,449.968,kW,GOOD
2024-11-02 00:00:00,MILL201.POWER_KW,449.587,kW,GOOD
2024-11-02 02:00:00,MILL201.POWER_KW,449.062,kW,GOOD
2024-11-02 04:00:00,MILL201.POWER_KW,450.216,kW,GOOD
2024-11-02 06:00:00,MILL201.POWER_KW,449.913,kW,GOOD
2024-11-02 08:00:00,MILL201.POWER_KW,449.643,kW,GOOD
2024-11-02 10:00:00,MILL201.POWER_KW,449.518,kW,GOOD
2024-11-02 12:00:00,MILL201.POWER_KW,449.881,kW,GOOD
2024-11-02 14:00:00,MILL201.POWER_KW,450.235,kW,GOOD
2024-11-02 16:00:00,MILL201.POWER_KW,449.835,kW,GOOD
2024-11-02 18:00:00,MILL201.POWER_KW,449.406,kW,GOOD
2024-11-02 20:00:00,MILL201.POWER_KW,449.971,kW,GOOD
2024-11-02 22:00:00,MILL201.POWER_KW,450.523,kW,GOOD
2024-11-03 00:00:00,MILL201.POWER_KW,450.02,kW,GOOD
2024-11-03 02:00:00,MILL201.POWER_KW,450.034,kW,GOOD
2024-11-03 04:00:00,MILL201.POWER_KW,449.837,kW,GOOD
2024-11-03 06:00:00,MILL201.POWER_KW,449.555,kW,GOOD
2024-11-03 08:00:00,MILL201.POWER_KW,449.539,kW,BAD
2024-11-03 10:00:00,MILL201.POWER_KW,449.169,kW,GOOD
2024-11-03 12:00:00,MILL201.POWER_KW,450.591,kW,GOOD
2024-11-03 14:00:00,MILL201.POWER_KW,450.231,kW,GOOD
2024-11-03 16:00:00,MILL201.POWER_KW,450.041,kW,GOOD
2024-11-03 18:00:00,MILL201.POWER_KW,450.148,kW,GOOD
2024-11-03 20:00:00,MILL201.POWER_KW,450.17,kW,GOOD
2024-11-03 22:00:00,MILL201.POWER_KW,449.633,kW,GOOD
2024-11-04 00:00:00,MILL201.POWER_KW,449.837,kW,GOOD
2024-11-04 02:00:00,MILL201.POWER_KW,449.763,kW,GOOD
2024-11-04 04:00:00,MILL201.POWER_KW,451.256,kW,GOOD
2024-11-04 06:00:00,MILL201.POWER_KW,450.51,kW,GOOD
2024-11-04 08:00:00,MILL201.POWER_KW,450.084,kW,GOOD
2024-11-04 10:00:00,MILL201.POWER_KW,450.683,kW,BAD
2024-11-04 12:00:00,MILL201.POWER_KW,450.62,kW,GOOD
2024-11-04 14:00:00,MILL201.POWER_KW,449.31,kW,GOOD
2024-11-04 16:00:00,MILL201.POWER_KW,449.889,kW,GOOD
2024-11-04 18:00:00,MILL201.POWER_KW,449.992,kW,GOOD
2024-11-04 20:00:00,MILL201.POWER_KW,450.306,kW,GOOD
2024-11-04 22:00:00,MILL201.POWER_KW,449.888,kW,GOOD
2024-11-05 00:00:00,MILL201.POWER_KW,449.951,kW,GOOD
2024-11-05 02:00:00,MILL201.POWER_KW,449.769,kW,GOOD
2024-11-05 04:00:00,MILL201.POWER_KW,450.524,kW,GOOD
2024-11-05 06:00:00,MILL201.POWER_KW,449.278,kW,GOOD
2024-11-05 08:00:00,MILL201.POWER_KW,449.786,kW,GOOD
2024-11-05 10:00:00,MILL201.POWER_KW,449.078,kW,GOOD
2024-11-05 12:00:00,MILL201.POWER_KW,449.485,kW,GOOD
2024-11-05 14:00:00,MILL201.POWER_KW,450.159,kW,GOOD
2024-11-05 16:00:00,MILL201.POWER_KW,450.168,kW,GOOD
2024-11-05 18:00:00,MILL201.POWER_KW,449.843,kW,GOOD
2024-11-05 20:00:00,MILL201.POWER_KW,450.562,kW,GOOD
2024-11-05 22:00:00,MILL201.POWER_KW,450.677,kW,GOOD
2024-11-06 00:00:00,MILL201.POWER_KW,449.965,kW,GOOD
2024-11-06 02:00:00,MILL201.POWER_KW,450.125,kW,GOOD
2024-11-06 04:00:00,MILL201.POWER_KW,449.774,kW,GOOD
2024-11-06 06:00:00,MILL201.POWER_KW,450.313,kW,BAD
2024-11-06 08:00:00,MILL201.POWER_KW,449.403,kW,GOOD
2024-11-06 10:00:00,MILL201.POWER_KW,450.898,kW,GOOD
2024-11-06 12:00:00,MILL201.POWER_KW,450.57,kW,GOOD
2024-11-06 14:00:00,MILL201.POWER_KW,449.401,kW,GOOD
2024-11-06 16:00:00,MILL201.POWER_KW,449.605,kW,GOOD
2024-11-06 18:00:00,MILL201.POWER_KW,450.211,kW,GOOD
2024-11-06 20:00:00,MILL201.POWER_KW,449.831,kW,GOOD
2024-11-06 22:00:00,MILL201.POWER_KW,450.272,kW,GOOD
2024-11-07 00:00:00,MILL201.POWER_KW,449.82,kW,GOOD
2024-11-07 02:00:00,MILL201.POWER_KW,450.762,kW,GOOD
2024-11-07 04:00:00,MILL201.POWER_KW,450.004,kW,GOOD
2024-11-07 06:00:00,MILL201.POWER_KW,451.21,kW,GOOD
2024-11-07 08:00:00,MILL201.POWER_KW,450.301,kW,GOOD
2024-11-07 10:00:00,MILL201.POWER_KW,449.325,kW,GOOD
2024-11-07 12:00:00,MILL201.POWER_KW,451.043,kW,GOOD
2024-11-07 14:00:00,MILL201.POWER_KW,450.549,kW,GOOD
2024-11-07 16:00:00,MILL201.POWER_KW,450.19,kW,GOOD
2024-11-07 18:00:00,MILL201.POWER_KW,450.323,kW,GOOD
2024-11-07 20:00:00,MILL201.POWER_KW,449.405,kW,GOOD
2024-11-07 22:00:00,MILL201.POWER_KW,449.098,kW,GOOD
2024-11-08 00:00:00,MILL201.POWER_KW,449.979,kW,GOOD
2024-11-08 02:00:00,MILL201.POWER_KW,450.689,kW,GOOD
2024-11-08 04:00:00,MILL201.POWER_KW,450.198,kW,GOOD
2024-11-08 06:00:00,MILL201.POWER_KW,450.855,kW,GOOD
2024-11-08 08:00:00,MILL201.POWER_KW,450.661,kW,GOOD
2024-11-08 10:00:00,MILL201.POWER_KW,450.01,kW,GOOD
2024-11-08 12:00:00,MILL201.POWER_KW,450.592,kW,GOOD
2024-11-08 14:00:00,MILL201.POWER_KW,450.761,kW,BAD
2024-11-08 16:00:00,MILL201.POWER_KW,449.96,kW,BAD
2024-11-08 18:00:00,MILL201.POWER_KW,449.893,kW,GOOD
2024-11-08 20:00:00,MILL201.POWER_KW,450.07,kW,GOOD
2024-11-08 22:00:00,MILL201.POWER_KW,448.794,kW,GOOD
2024-11-09 00:00:00,MILL201.POWER_KW,450.14,kW,GOOD
2024-11-09 02:00:00,MILL201.POWER_KW,450.36,kW,GOOD
2024-11-09 04:00:00,MILL201.POWER_KW,450.072,kW,GOOD
2024-11-09 06:00:00,MILL201.POWER_KW,450.172,kW,GOOD
2024-11-09 08:00:00,MILL201.POWER_KW,449.978,kW,GOOD
2024-11-09 10:00:00,MILL201.POWER_KW,449.001,kW,GOOD
2024-11-09 12:00:00,MILL201.POWER_KW,450.831,kW,GOOD
2024-11-09 14:00:00,MILL201.POWER_KW,449.816,kW,GOOD
2024-11-09 16:00:00,MILL201.POWER_KW,449.691,kW,GOOD
2024-11-09 18:00:00,MILL201.POWER_KW,450.679,kW,GOOD
2024-11-09 20:00:00,MILL201.POWER_KW,450.489,kW,BAD
2024-11-09 22:00:00,MILL201.POWER_KW,450.137,kW,GOOD
2024-11-10 00:00:00,MILL201.POWER_KW,450.385,kW,GOOD
2024-11-10 02:00:00,MILL201.POWER_KW,449.423,kW,GOOD
2024-11-10 04:00:00,MILL201.POWER_KW,449.96,kW,BAD
2024-11-10 06:00:00,MILL201.POWER_KW,450.647,kW,GOOD
2024-11-10 08:00:00,MILL201.POWER_KW,449.661,kW,GOOD
2024-11-10 10:00:00,MILL201.POWER_KW,449.501,kW,GOOD
2024-11-10 12:00:00,MILL201.POWER_KW,450.039,kW,GOOD
2024-11-10 14:00:00,MILL201.POWER_KW,450.051,kW,GOOD
2024-11-10 16:00:00,MILL201.POWER_KW,450.324,kW,GOOD
2024-11-10 18:00:00,MILL201.POWER_KW,449.311,kW,GOOD
2024-11-10 20:00:00,MILL201.POWER_KW,448.725,kW,GOOD
2024-11-10 22:00:00,MILL201.POWER_KW,450.461,kW,GOOD
2024-11-11 00:00:00,MILL201.POWER_KW,449.459,kW,GOOD
2024-11-11 02:00:00,MILL201.POWER_KW,449.695,kW,GOOD
2024-11-11 04:00:00,MILL201.POWER_KW,448.908,kW,GOOD
2024-11-11 06:00:00,MILL201.POWER_KW,450.511,kW,GOOD
2024-11-11 08:00:00,MILL201.POWER_KW,450.175,kW,GOOD
2024-11-11 10:00:00,MILL201.POWER_KW,450.155,kW,GOOD
2024-11-11 12:00:00,MILL201.POWER_KW,450.152,kW,GOOD
2024-11-11 14:00:00,MILL201.POWER_KW,448.97,kW,GOOD
2024-11-11 16:00:00,MILL201.POWER_KW,449.507,kW,GOOD
2024-11-11 18:00:00,MILL201.POWER_KW,449.774,kW,GOOD
2024-11-11 20:00:00,MILL201.POWER_KW,449.626,kW,GOOD
2024-11-11 22:00:00,MILL201.POWER_KW,449.864,kW,GOOD
2024-11-12 00:00:00,MILL201.POWER_KW,450.123,kW,GOOD
2024-11-12 02:00:00,MILL201.POWER_KW,450.503,kW,GOOD
2024-11-12 04:00:00,MILL201.POWER_KW,449.26,kW,GOOD
2024-11-12 06:00:00,MILL201.POWER_KW,449.996,kW,GOOD
2024-11-12 08:00:00,MILL201.POWER_KW,450.356,kW,GOOD
2024-11-12 10:00:00,MILL201.POWER_KW,449.538,kW,GOOD
2024-11-12 12:00:00,MILL201.POWER_KW,449.904,kW,GOOD
2024-11-12 14:00:00,MILL201.POWER_KW,450.233,kW,GOOD
2024-11-12 16:00:00,MILL201.POWER_KW,450.006,kW,GOOD
2024-11-12 18:00:00,MILL201.POWER_KW,450.337,kW,GOOD
2024-11-12 20:00:00,MILL201.POWER_KW,450.047,kW,GOOD
2024-11-12 22:00:00,MILL201.POWER_KW,449.844,kW,GOOD
2024-11-13 00:00:00,MILL201.POWER_KW,449.414,kW,GOOD
2024-11-13 02:00:00,MILL201.POWER_KW,450.124,kW,GOOD
2024-11-13 04:00:00,MILL201.POWER_KW,450.05,kW,GOOD
2024-11-13 06:00:00,MILL201.POWER_KW,449.504,kW,GOOD
2024-11-13 08:00:00,MILL201.POWER_KW,450.291,kW,GOOD
2024-11-13 10:00:00,MILL201.POWER_KW,450.634,kW,GOOD
2024-11-13 12:00:00,MILL201.POWER_KW,449.67,kW,GOOD
2024-11-13 14:00:00,MILL201.POWER_KW,449.636,kW,GOOD
2024-11-13 16:00:00,MILL201.POWER_KW,449.618,kW,BAD
2024-11-13 18:00:00,MILL201.POWER_KW,449.161,kW,GOOD
2024-11-13 20:00:00,MILL201.POWER_KW,451.002,kW,GOOD
2024-11-13 22:00:00,MILL201.POWER_KW,449.776,kW,GOOD
2024-11-14 00:00:00,MILL201.POWER_KW,449.571,kW,GOOD
2024-11-14 02:00:00,MILL201.POWER_KW,449.437,kW,GOOD
2024-11-14 04:00:00,MILL201.POWER_KW,449.806,kW,GOOD
2024-11-14 06:00:00,MILL201.POWER_KW,449.652,kW,GOOD
2024-11-14 08:00:00,MILL201.POWER_KW,450.719,kW,GOOD
2024-11-14 10:00:00,MILL201.POWER_KW,449.376,kW,GOOD
2024-11-14 12:00:00,MILL201.POWER_KW,449.231,kW,GOOD
2024-11-14 14:00:00,MILL201.POWER_KW,450.276,kW,GOOD
2024-11-14 16:00:00,MILL201.POWER_KW,449.946,kW,GOOD
2024-11-14 18:00:00,MILL201.POWER_KW,449.889,kW,GOOD
2024-11-14 20:00:00,MILL201.POWER_KW,450.28,kW,GOOD
2024-11-14 22:00:00,MILL201.POWER_KW,450.068,kW,GOOD
2024-11-15 00:00:00,MILL201.POWER_KW,449.977,kW,GOOD
2024-11-15 02:00:00,MILL201.POWER_KW,449.297,kW,GOOD
2024-11-15 04:00:00,MILL201.POWER_KW,449.166,kW,GOOD
2024-11-15 06:00:00,MILL201.POWER_KW,449.65,kW,GOOD
2024-11-15 08:00:00,MILL201.POWER_KW,449.458,kW,GOOD
2024-11-15 10:00:00,MILL201.POWER_KW,450.135,kW,GOOD
2024-11-15 12:00:00,MILL201.POWER_KW,449.101,kW,GOOD
2024-11-15 14:00:00,MILL201.POWER_KW,449.776,kW,GOOD
2024-11-15 16:00:00,MILL201.POWER_KW,449.913,kW,BAD
2024-11-15 18:00:00,MILL201.POWER_KW,449.98,kW,GOOD
2024-11-15 20:00:00,MILL201.POWER_KW,450.199,kW,GOOD
2024-11-15 22:00:00,MILL201.POWER_KW,449.837,kW,GOOD
2024-11-16 00:00:00,MILL201.POWER_KW,449.666,kW,GOOD
2024-11-16 02:00:00,MILL201.POWER_KW,450.622,kW,GOOD
2024-11-16 04:00:00,MILL201.POWER_KW,449.84,kW,GOOD
2024-11-16 06:00:00,MILL201.POWER_KW,450.71,kW,GOOD
2024-11-16 08:00:00,MILL201.POWER_KW,449.837,kW,GOOD
2024-11-16 10:00:00,MILL201.POWER_KW,449.992,kW,GOOD
2024-11-16 12:00:00,MILL201.POWER_KW,449.931,kW,GOOD
2024-11-16 14:00:00,MILL201.POWER_KW,450.116,kW,GOOD
2024-11-16 16:00:00,MILL201.POWER_KW,449.79,kW,GOOD
2024-11-16 18:00:00,MILL201.POWER_KW,450.048,kW,GOOD
2024-11-16 20:00:00,MILL201.POWER_KW,450.765,kW,GOOD
2024-11-16 22:00:00,MILL201.POWER_KW,450.524,kW,GOOD
2024-11-17 00:00:00,MILL201.POWER_KW,450.528,kW,GOOD
2024-11-17 02:00:00,MILL201.POWER_KW,449.329,kW,GOOD
2024-11-17 04:00:00,MILL201.POWER_KW,449.41,kW,GOOD
2024-11-17 06:00:00,MILL201.POWER_KW,450.109,kW,GOOD
2024-11-17 08:00:00,MILL201.POWER_KW,450.385,kW,GOOD
2024-11-17 10:00:00,MILL201.POWER_KW,449.74,kW,GOOD
2024-11-17 12:00:00,MILL201.POWER_KW,449.651,kW,GOOD
2024-11-17 14:00:00,MILL201.POWER_KW,450.697,kW,GOOD
2024-11-17 16:00:00,MILL201.POWER_KW,450.343,kW,GOOD
2024-11-17 18:00:00,MILL201.POWER_KW,450.529,kW,GOOD
2024-11-17 20:00:00,MILL201.POWER_KW,449.779,kW,GOOD
2024-11-17 22:00:00,MILL201.POWER_KW,449.74,kW,GOOD
2024-11-18 00:00:00,MILL201.POWER_KW,450.474,kW,GOOD
2024-11-18 02:00:00,MILL201.POWER_KW,449.869,kW,GOOD
2024-11-18 04:00:00,MILL201.POWER_KW,449.695,kW,GOOD
2024-11-18 06:00:00,MILL201.POWER_KW,449.543,kW,BAD
2024-11-18 08:00:00,MILL201.POWER_KW,449.744,kW,GOOD
2024-11-18 10:00:00,MILL201.POWER_KW,450.438,kW,GOOD
2024-11-18 12:00:00,MILL201.POWER_KW,449.245,kW,GOOD
2024-11-18 14:00:00,MILL201.POWER_KW,450.315,kW,GOOD
2024-11-18 16:00:00,MILL201.POWER_KW,449.646,kW,GOOD
2024-11-18 18:00:00,MILL201.POWER_KW,449.895,kW,GOOD
2024-11-18 20:00:00,MILL201.POWER_KW,449.927,kW,GOOD
2024-11-18 22:00:00,MILL201.POWER_KW,449.89,kW,GOOD
2024-11-19 00:00:00,MILL201.POWER_KW,449.856,kW,GOOD
2024-11-19 02:00:00,MILL201.POWER_KW,449.778,kW,GOOD
2024-11-19 04:00:00,MILL201.POWER_KW,449.714,kW,GOOD
2024-11-19 06:00:00,MILL201.POWER_KW,450.66,kW,GOOD
2024-11-19 08:00:00,MILL201.POWER_KW,450.013,kW,GOOD
2024-11-19 10:00:00,MILL201.POWER_KW,449.937,kW,GOOD
2024-11-19 12:00:00,MILL201.POWER_KW,449.678,kW,GOOD
2024-11-19 14:00:00,MILL201.POWER_KW,449.796,kW,GOOD
2024-11-19 16:00:00,MILL201.POWER_KW,449.679,kW,GOOD
2024-11-19 18:00:00,MILL201.POWER_KW,450.383,kW,GOOD
2024-11-19 20:00:00,MILL201.POWER_KW,449.623,kW,GOOD
2024-11-19 22:00:00,MILL201.POWER_KW,448.877,kW,GOOD
2024-11-20 00:00:00,MILL201.POWER_KW,450.029,kW,GOOD
2024-11-20 02:00:00,MILL201.POWER_KW,449.86,kW,GOOD
2024-11-20 04:00:00,MILL201.POWER_KW,449.707,kW,GOOD
2024-11-20 06:00:00,MILL201.POWER_KW,450.456,kW,GOOD
2024-11-20 08:00:00,MILL201.POWER_KW,448.633,kW,GOOD
2024-11-20 10:00:00,MILL201.POWER_KW,450.788,kW,GOOD
2024-11-20 12:00:00,MILL201.POWER_KW,450.527,kW,GOOD
2024-11-20 14:00:00,MILL201.POWER_KW,449.686,kW,GOOD
2024-11-20 16:00:00,MILL201.POWER_KW,449.775,kW,GOOD
2024-11-20 18:00:00,MILL201.POWER_KW,450.252,kW,GOOD
2024-11-20 20:00:00,MILL201.POWER_KW,450.266,kW,GOOD
2024-11-20 22:00:00,MILL201.POWER_KW,449.683,kW,GOOD
2024-11-21 00:00:00,MILL201.POWER_KW,449.192,kW,GOOD
2024-11-21 02:00:00,MILL201.POWER_KW,451.057,kW,GOOD
2024-11-21 04:00:00,MILL201.POWER_KW,450.478,kW,GOOD
2024-11-21 06:00:00,MILL201.POWER_KW,450.078,kW,GOOD
2024-11-21 08:00:00,MILL201.POWER_KW,450.088,kW,GOOD
2024-11-21 10:00:00,MILL201.POWER_KW,450.311,kW,GOOD
2024-11-21 12:00:00,MILL201.POWER_KW,450.371,kW,GOOD
2024-11-21 14:00:00,MILL201.POWER_KW,448.957,kW,GOOD
2024-11-21 16:00:00,MILL201.POWER_KW,449.825,kW,GOOD
2024-11-21 18:00:00,MILL201.POWER_KW,449.773,kW,GOOD
2024-11-21 20:00:00,MILL201.POWER_KW,449.919,kW,GOOD
2024-11-21 22:00:00,MILL201.POWER_KW,450.385,kW,GOOD
2024-11-22 00:00:00,MILL201.POWER_KW,449.105,kW,GOOD
2024-11-22 02:00:00,MILL201.POWER_KW,449.325,kW,GOOD
2024-11-22 04:00:00,MILL201.POWER_KW,449.659,kW,GOOD
2024-11-22 06:00:00,MILL201.POWER_KW,450.077,kW,GOOD
2024-11-22 08:00:00,MILL201.POWER_KW,450.416,kW,GOOD
2024-11-22 10:00:00,MILL201.POWER_KW,450.816,kW,GOOD
2024-11-22 12:00:00,MILL201.POWER_KW,449.857,kW,GOOD
2024-11-22 14:00:00,MILL201.POWER_KW,450.415,kW,GOOD
2024-11-22 16:00:00,MILL201.POWER_KW,450.355,kW,GOOD
2024-11-22 18:00:00,MILL201.POWER_KW,450.271,kW,GOOD
2024-11-22 20:00:00,MILL201.POWER_KW,449.988,kW,GOOD
2024-11-22 22:00:00,MILL201.POWER_KW,449.8,kW,GOOD
2024-11-23 00:00:00,MILL201.POWER_KW,449.467,kW,GOOD
2024-11-23 02:00:00,MILL201.POWER_KW,449.434,kW,GOOD
2024-11-23 04:00:00,MILL201.POWER_KW,450.174,kW,GOOD
2024-11-23 06:00:00,MILL201.POWER_KW,449.973,kW,GOOD
2024-11-23 08:00:00,MILL201.POWER_KW,449.792,kW,GOOD
2024-11-23 10:00:00,MILL201.POWER_KW,450.332,kW,GOOD
2024-11-23 12:00:00,MILL201.POWER_KW,449.9,kW,GOOD
2024-11-23 14:00:00,MILL201.POWER_KW,449.543,kW,GOOD
2024-11-23 16:00:00,MILL201.POWER_KW,449.867,kW,GOOD
2024-11-23 18:00:00,MILL201.POWER_KW,450.41,kW,GOOD
2024-11-23 20:00:00,MILL201.POWER_KW,449.488,kW,GOOD
2024-11-23 22:00:00,MILL201.POWER_KW,450.105,kW,GOOD
2024-11-24 00:00:00,MILL201.POWER_KW,449.972,kW,GOOD
2024-11-24 02:00:00,MILL201.POWER_KW,449.62,kW,GOOD
2024-11-24 04:00:00,MILL201.POWER_KW,449.853,kW,GOOD
2024-11-24 06:00:00,MILL201.POWER_KW,449.214,kW,GOOD
2024-11-24 08:00:00,MILL201.POWER_KW,450.055,kW,GOOD
2024-11-24 10:00:00,MILL201.POWER_KW,449.318,kW,GOOD
2024-11-24 12:00:00,MILL201.POWER_KW,450.536,kW,GOOD
2024-11-24 14:00:00,MILL201.POWER_KW,449.954,kW,GOOD
2024-11-24 16:00:00,MILL201.POWER_KW,449.714,kW,GOOD
2024-11-24 18:00:00,MILL201.POWER_KW,450.58,kW,GOOD
2024-11-24 20:00:00,MILL201.POWER_KW,449.484,kW,GOOD
2024-11-24 22:00:00,MILL201.POWER_KW,449.626,kW,GOOD
2024-11-25 00:00:00,MILL201.POWER_KW,449.085,kW,GOOD
2024-11-25 02:00:00,MILL201.POWER_KW,450.655,kW,GOOD
2024-11-25 04:00:00,MILL201.POWER_KW,450.936,kW,GOOD
2024-11-25 06:00:00,MILL201.POWER_KW,449.163,kW,GOOD
2024-11-25 08:00:00,MILL201.POWER_KW,449.592,kW,GOOD
2024-11-25 10:00:00,MILL201.POWER_KW,450.035,kW,GOOD
2024-11-25 12:00:00,MILL201.POWER_KW,449.742,kW,GOOD
2024-11-25 14:00:00,MILL201.POWER_KW,449.984,kW,GOOD
2024-11-25 16:00:00,MILL201.POWER_KW,449.941,kW,GOOD
2024-11-25 18:00:00,MILL201.POWER_KW,450.204,kW,GOOD
2024-11-25 20:00:00,MILL201.POWER_KW,449.52,kW,GOOD
2024-11-25 22:00:00,MILL201.POWER_KW,450.096,kW,GOOD
2024-11-26 00:00:00,MILL201.POWER_KW,449.442,kW,GOOD
2024-11-26 02:00:00,MILL201.POWER_KW,449.794,kW,BAD
2024-11-26 04:00:00,MILL201.POWER_KW,449.132,kW,GOOD
2024-11-26 06:00:00,MILL201.POWER_KW,449.798,kW,GOOD
2024-11-26 08:00:00,MILL201.POWER_KW,449.714,kW,GOOD
2024-11-26 10:00:00,MILL201.POWER_KW,450.472,kW,GOOD
2024-11-26 12:00:00,MILL201.POWER_KW,449.97,kW,GOOD
2024-11-26 14:00:00,MILL201.POWER_KW,450.061,kW,GOOD
2024-11-26 16:00:00,MILL201.POWER_KW,449.989,kW,GOOD
2024-11-26 18:00:00,MILL201.POWER_KW,448.935,kW,GOOD
2024-11-26 20:00:00,MILL201.POWER_KW,449.002,kW,GOOD
2024-11-26 22:00:00,MILL201.POWER_KW,449.841,kW,GOOD
2024-11-27 00:00:00,MILL201.POWER_KW,450.139,kW,GOOD
2024-11-27 02:00:00,MILL201.POWER_KW,449.883,kW,GOOD
2024-11-27 04:00:00,MILL201.POWER_KW,449.568,kW,GOOD
2024-11-27 06:00:00,MILL201.POWER_KW,449.88,kW,GOOD
2024-11-27 08:00:00,MILL201.POWER_KW,449.836,kW,GOOD
2024-11-27 10:00:00,MILL201.POWER_KW,450.39,kW,BAD
2024-11-27 12:00:00,MILL201.POWER_KW,450.362,kW,GOOD
2024-11-27 14:00:00,MILL201.POWER_KW,449.723,kW,BAD
2024-11-27 16:00:00,MILL201.POWER_KW,449.975,kW,GOOD
2024-11-27 18:00:00,MILL201.POWER_KW,450.138,kW,GOOD
2024-11-27 20:00:00,MILL201.POWER_KW,450.212,kW,GOOD
2024-11-27 22:00:00,MILL201.POWER_KW,450.826,kW,GOOD
2024-11-28 00:00:00,MILL201.POWER_KW,449.986,kW,GOOD
2024-11-28 02:00:00,MILL201.POWER_KW,450.584,kW,GOOD
2024-11-28 04:00:00,MILL201.POWER_KW,449.42,kW,GOOD
2024-11-28 06:00:00,MILL201.POWER_KW,449.681,kW,GOOD
2024-11-28 08:00:00,MILL201.POWER_KW,448.932,kW,GOOD
2024-11-28 10:00:00,MILL201.POWER_KW,450.076,kW,GOOD
2024-11-28 12:00:00,MILL201.POWER_KW,450.324,kW,GOOD
2024-11-28 14:00:00,MILL201.POWER_KW,448.722,kW,GOOD
2024-11-28 16:00:00,MILL201.POWER_KW,450.094,kW,GOOD
2024-11-28 18:00:00,MILL201.POWER_KW,450.302,kW,GOOD
2024-11-28 20:00:00,MILL201.POWER_KW,450.274,kW,GOOD
2024-11-28 22:00:00,MILL201.POWER_KW,449.402,kW,GOOD
2024-11-29 00:00:00,MILL201.POWER_KW,450.387,kW,GOOD
2024-11-29 02:00:00,MILL201.POWER_KW,450.005,kW,GOOD
2024-11-29 04:00:00,MILL201.POWER_KW,450.296,kW,BAD
2024-11-29 06:00:00,MILL201.POWER_KW,449.937,kW,GOOD
2024-11-29 08:00:00,MILL201.POWER_KW,450.191,kW,GOOD
2024-11-29 10:00:00,MILL201.POWER_KW,450.555,kW,GOOD
2024-11-29 12:00:00,MILL201.POWER_KW,449.898,kW,GOOD
2024-11-29 14:00:00,MILL201.POWER_KW,450.142,kW,GOOD
2024-11-29 16:00:00,MILL201.POWER_KW,450.625,kW,GOOD
2024-11-29 18:00:00,MILL201.POWER_KW,449.933,kW,GOOD
2024-11-29 20:00:00,MILL201.POWER_KW,449.437,kW,GOOD
2024-11-29 22:00:00,MILL201.POWER_KW,450.338,kW,GOOD
2024-11-30 00:00:00,MILL201.POWER_KW,450.717,kW,GOOD
2024-11-30 02:00:00,MILL201.POWER_KW,450.644,kW,GOOD
2024-11-30 04:00:00,MILL201.POWER_KW,450.357,kW,GOOD
2024-11-30 06:00:00,MILL201.POWER_KW,448.828,kW,GOOD
2024-11-30 08:00:00,MILL201.POWER_KW,449.682,kW,GOOD
2024-11-30 10:00:00,MILL201.POWER_KW,449.708,kW,GOOD
2024-11-30 12:00:00,MILL201.POWER_KW,450.022,kW,GOOD
2024-11-30 14:00:00,MILL201.POWER_KW,450.844,kW,GOOD
2024-11-30 16:00:00,MILL201.POWER_KW,449.46,kW,GOOD
2024-11-30 18:00:00,MILL201.POWER_KW,451.121,kW,GOOD
2024-11-30 20:00:00,MILL201.POWER_KW,449.809,kW,GOOD
2024-11-30 22:00:00,MILL201.POWER_KW,449.617,kW,GOOD
2024-12-01 00:00:00,MILL201.POWER_KW,450.423,kW,GOOD
2024-12-01 02:00:00,MILL201.POWER_KW,450.462,kW,GOOD
2024-12-01 04:00:00,MILL201.POWER_KW,450.325,kW,GOOD
2024-12-01 06:00:00,MILL201.POWER_KW,449.615,kW,GOOD
2024-12-01 08:00:00,MILL201.POWER_KW,450.251,kW,GOOD
2024-12-01 10:00:00,MILL201.POWER_KW,449.483,kW,BAD
2024-12-01 12:00:00,MILL201.POWER_KW,449.601,kW,GOOD
2024-12-01 14:00:00,MILL201.POWER_KW,449.953,kW,GOOD
2024-12-01 16:00:00,MILL201.POWER_KW,449.59,kW,GOOD
2024-12-01 18:00:00,MILL201.POWER_KW,450.526,kW,GOOD
2024-12-01 20:00:00,MILL201.POWER_KW,449.711,kW,GOOD
2024-12-01 22:00:00,MILL201.POWER_KW,449.89,kW,GOOD
2024-12-02 00:00:00,MILL201.POWER_KW,449.56,kW,GOOD
2024-12-02 02:00:00,MILL201.POWER_KW,450.519,kW,GOOD
2024-12-02 04:00:00,MILL201.POWER_KW,449.667,kW,GOOD
2024-12-02 06:00:00,MILL201.POWER_KW,450.571,kW,GOOD
2024-12-02 08:00:00,MILL201.POWER_KW,450.534,kW,BAD
2024-12-02 10:00:00,MILL201.POWER_KW,449.777,kW,GOOD
2024-12-02 12:00:00,MILL201.POWER_KW,450.015,kW,GOOD
2024-12-02 14:00:00,MILL201.POWER_KW,449.763,kW,GOOD
2024-12-02 16:00:00,MILL201.POWER_KW,450.273,kW,BAD
2024-12-02 18:00:00,MILL201.POWER_KW,449.903,kW,GOOD
2024-12-02 20:00:00,MILL201.POWER_KW,449.791,kW,GOOD
2024-12-02 22:00:00,MILL201.POWER_KW,450.023,kW,GOOD
2024-12-03 00:00:00,MILL201.POWER_KW,449.209,kW,GOOD
2024-12-03 02:00:00,MILL201.POWER_KW,449.962,kW,GOOD
2024-12-03 04:00:00,MILL201.POWER_KW,450.325,kW,GOOD
2024-12-03 06:00:00,MILL201.POWER_KW,450.069,kW,GOOD
2024-12-03 08:00:00,MILL201.POWER_KW,450.476,kW,GOOD
2024-12-03 10:00:00,MILL201.POWER_KW,449.811,kW,GOOD
2024-12-03 12:00:00,MILL201.POWER_KW,449.77,kW,GOOD
2024-12-03 14:00:00,MILL201.POWER_KW,449.441,kW,GOOD
2024-12-03 16:00:00,MILL201.POWER_KW,449.797,kW,GOOD
2024-12-03 18:00:00,MILL201.POWER_KW,450.983,kW,GOOD
2024-12-03 20:00:00,MILL201.POWER_KW,450.138,kW,GOOD
2024-12-03 22:00:00,MILL201.POWER_KW,449.707,kW,GOOD
2024-12-04 00:00:00,MILL201.POWER_KW,449.497,kW,GOOD
2024-12-04 02:00:00,MILL201.POWER_KW,449.201,kW,GOOD
2024-12-04 04:00:00,MILL201.POWER_KW,449.585,kW,GOOD
2024-12-04 06:00:00,MILL201.POWER_KW,450.38,kW,GOOD
2024-12-04 08:00:00,MILL201.POWER_KW,449.786,kW,GOOD
2024-12-04 10:00:00,MILL201.POWER_KW,449.521,kW,GOOD
2024-12-04 12:00:00,MILL201.POWER_KW,449.576,kW,GOOD
2024-12-04 14:00:00,MILL201.POWER_KW,450.325,kW,GOOD
2024-12-04 16:00:00,MILL201.POWER_KW,449.959,kW,GOOD
2024-12-04 18:00:00,MILL201.POWER_KW,449.686,kW,GOOD
2024-12-04 20:00:00,MILL201.POWER_KW,449.846,kW,GOOD
2024-12-04 22:00:00,MILL201.POWER_KW,451.103,kW,GOOD
2024-12-05 00:00:00,MILL201.POWER_KW,450.61,kW,GOOD
2024-12-05 02:00:00,MILL201.POWER_KW,450.734,kW,GOOD
2024-12-05 04:00:00,MILL201.POWER_KW,449.124,kW,GOOD
2024-12-05 06:00:00,MILL201.POWER_KW,449.924,kW,GOOD
2024-12-05 08:00:00,MILL201.POWER_KW,449.678,kW,GOOD
2024-12-05 10:00:00,MILL201.POWER_KW,450.272,kW,GOOD
2024-12-05 12:00:00,MILL201.POWER_KW,450.53,kW,GOOD
2024-12-05 14:00:00,MILL201.POWER_KW,450.163,kW,GOOD
2024-12-05 16:00:00,MILL201.POWER_KW,449.564,kW,GOOD
2024-12-05 18:00:00,MILL201.POWER_KW,449.669,kW,GOOD
2024-12-05 20:00:00,MILL201.POWER_KW,450.31,kW,GOOD
2024-12-05 22:00:00,MILL201.POWER_KW,450.36,kW,GOOD
2024-12-06 00:00:00,MILL201.POWER_KW,450.07,kW,GOOD
2024-12-06 02:00:00,MILL201.POWER_KW,450.065,kW,GOOD
2024-12-06 04:00:00,MILL201.POWER_KW,450.025,kW,GOOD
2024-12-06 06:00:00,MILL201.POWER_KW,450.135,kW,GOOD
2024-12-06 08:00:00,MILL201.POWER_KW,450.358,kW,GOOD
2024-12-06 10:00:00,MILL201.POWER_KW,450.315,kW,GOOD
2024-12-06 12:00:00,MILL201.POWER_KW,450.012,kW,GOOD
2024-12-06 14:00:00,MILL201.POWER_KW,449.975,kW,GOOD
2024-12-06 16:00:00,MILL201.POWER_KW,449.956,kW,GOOD
2024-12-06 18:00:00,MILL201.POWER_KW,449.61,kW,GOOD
2024-12-06 20:00:00,MILL201.POWER_KW,449.603,kW,GOOD
2024-12-06 22:00:00,MILL201.POWER_KW,450.272,kW,GOOD
2024-12-07 00:00:00,MILL201.POWER_KW,449.644,kW,GOOD
2024-12-07 02:00:00,MILL201.POWER_KW,450.407,kW,GOOD
2024-12-07 04:00:00,MILL201.POWER_KW,449.974,kW,GOOD
2024-12-07 06:00:00,MILL201.POWER_KW,450.41,kW,GOOD
2024-12-07 08:00:00,MILL201.POWER_KW,450.318,kW,GOOD
2024-12-07 10:00:00,MILL201.POWER_KW,450.421,kW,GOOD
2024-12-07 12:00:00,MILL201.POWER_KW,449.762,kW,GOOD
2024-12-07 14:00:00,MILL201.POWER_KW,450.204,kW,GOOD
2024-12-07 16:00:00,MILL201.POWER_KW,450.369,kW,GOOD
2024-12-07 18:00:00,MILL201.POWER_KW,449.224,kW,GOOD
2024-12-07 20:00:00,MILL201.POWER_KW,450.851,kW,GOOD
2024-12-07 22:00:00,MILL201.POWER_KW,451.133,kW,GOOD
2024-12-08 00:00:00,MILL201.POWER_KW,450.474,kW,GOOD
2024-12-08 02:00:00,MILL201.POWER_KW,450.403,kW,GOOD
2024-12-08 04:00:00,MILL201.POWER_KW,450.294,kW,GOOD
2024-12-08 06:00:00,MILL201.POWER_KW,449.838,kW,GOOD
2024-12-08 08:00:00,MILL201.POWER_KW,449.945,kW,GOOD
2024-12-08 10:00:00,MILL201.POWER_KW,450.482,kW,GOOD
2024-12-08 12:00:00,MILL201.POWER_KW,449.513,kW,GOOD
2024-12-08 14:00:00,MILL201.POWER_KW,449.47,kW,GOOD
2024-12-08 16:00:00,MILL201.POWER_KW,449.801,kW,GOOD
2024-12-08 18:00:00,MILL201.POWER_KW,450.328,kW,GOOD
2024-12-08 20:00:00,MILL201.POWER_KW,449.567,kW,GOOD
2024-12-08 22:00:00,MILL201.POWER_KW,449.887,kW,GOOD
2024-12-09 00:00:00,MILL201.POWER_KW,449.947,kW,GOOD
2024-12-09 02:00:00,MILL201.POWER_KW,449.494,kW,GOOD
2024-12-09 04:00:00,MILL201.POWER_KW,448.78,kW,GOOD
2024-12-09 06:00:00,MILL201.POWER_KW,449.487,kW,GOOD
2024-12-09 08:00:00,MILL201.POWER_KW,450.13,kW,GOOD
2024-12-09 10:00:00,MILL201.POWER_KW,450.243,kW,GOOD
2024-12-09 12:00:00,MILL201.POWER_KW,450.247,kW,GOOD
2024-12-09 14:00:00,MILL201.POWER_KW,450.305,kW,GOOD
2024-12-09 16:00:00,MILL201.POWER_KW,449.687,kW,GOOD
2024-12-09 18:00:00,MILL201.POWER_KW,449.58,kW,GOOD
2024-12-09 20:00:00,MILL201.POWER_KW,450.188,kW,GOOD
2024-12-09 22:00:00,MILL201.POWER_KW,449.894,kW,GOOD
2024-12-10 00:00:00,MILL201.POWER_KW,450.454,kW,GOOD
2024-12-10 02:00:00,MILL201.POWER_KW,450.191,kW,GOOD
2024-12-10 04:00:00,MILL201.POWER_KW,450.642,kW,GOOD
2024-12-10 06:00:00,MILL201.POWER_KW,449.767,kW,GOOD
2024-12-10 08:00:00,MILL201.POWER_KW,450.534,kW,GOOD
2024-12-10 10:00:00,MILL201.POWER_KW,451.017,kW,GOOD
2024-12-10 12:00:00,MILL201.POWER_KW,450.027,kW,GOOD
2024-12-10 14:00:00,MILL201.POWER_KW,450.25,kW,GOOD
2024-12-10 16:00:00,MILL201.POWER_KW,449.535,kW,GOOD
2024-12-10 18:00:00,MILL201.POWER_KW,450.447,kW,GOOD
2024-12-10 20:00:00,MILL201.POWER_KW,450.565,kW,GOOD
2024-12-10 22:00:00,MILL201.POWER_KW,449.753,kW,GOOD
2024-12-11 00:00:00,MILL201.POWER_KW,450.293,kW,GOOD
2024-12-11 02:00:00,MILL201.POWER_KW,450.14,kW,GOOD
2024-12-11 04:00:00,MILL201.POWER_KW,450.195,kW,GOOD
2024-12-11 06:00:00,MILL201.POWER_KW,450.406,kW,GOOD
2024-12-11 08:00:00,MILL201.POWER_KW,450.259,kW,GOOD
2024-12-11 10:00:00,MILL201.POWER_KW,449.931,kW,GOOD
2024-12-11 12:00:00,MILL201.POWER_KW,450.417,kW,GOOD
2024-12-11 14:00:00,MILL201.POWER_KW,450.556,kW,GOOD
2024-12-11 16:00:00,MILL201.POWER_KW,449.723,kW,GOOD
2024-12-11 18:00:00,MILL201.POWER_KW,449.999,kW,GOOD
2024-12-11 20:00:00,MILL201.POWER_KW,449.116,kW,GOOD
2024-12-11 22:00:00,MILL201.POWER_KW,450.292,kW,GOOD
2024-12-12 00:00:00,MILL201.POWER_KW,450.612,kW,GOOD
2024-12-12 02:00:00,MILL201.POWER_KW,449.871,kW,GOOD
2024-12-12 04:00:00,MILL201.POWER_KW,450.067,kW,GOOD
2024-12-12 06:00:00,MILL201.POWER_KW,449.89,kW,GOOD
2024-12-12 08:00:00,MILL201.POWER_KW,449.808,kW,GOOD
2024-12-12 10:00:00,MILL201.POWER_KW,450.116,kW,GOOD
2024-12-12 12:00:00,MILL201.POWER_KW,449.608,kW,GOOD
2024-12-12 14:00:00,MILL201.POWER_KW,449.882,kW,GOOD
2024-12-12 16:00:00,MILL201.POWER_KW,449.548,kW,GOOD
2024-12-12 18:00:00,MILL201.POWER_KW,450.295,kW,GOOD
2024-12-12 20:00:00,MILL201.POWER_KW,450.12,kW,GOOD
2024-12-12 22:00:00,MILL201.POWER_KW,449.784,kW,GOOD
2024-12-13 00:00:00,MILL201.POWER_KW,450.019,kW,GOOD
2024-12-13 02:00:00,MILL201.POWER_KW,449.89,kW,GOOD
2024-12-13 04:00:00,MILL201.POWER_KW,450.572,kW,GOOD
2024-12-13 06:00:00,MILL201.POWER_KW,449.779,kW,GOOD
2024-12-13 08:00:00,MILL201.POWER_KW,450.318,kW,GOOD
2024-12-13 10:00:00,MILL201.POWER_KW,449.647,kW,GOOD
2024-12-13 12:00:00,MILL201.POWER_KW,450.407,kW,GOOD
2024-12-13 14:00:00,MILL201.POWER_KW,450.519,kW,GOOD
2024-12-13 16:00:00,MILL201.POWER_KW,450.542,kW,GOOD
2024-12-13 18:00:00,MILL201.POWER_KW,450.736,kW,GOOD
2024-12-13 20:00:00,MILL201.POWER_KW,450.146,kW,GOOD
2024-12-13 22:00:00,MILL201.POWER_KW,450.619,kW,GOOD
2024-12-14 00:00:00,MILL201.POWER_KW,450.812,kW,GOOD
2024-12-14 02:00:00,MILL201.POWER_KW,449.439,kW,GOOD
2024-12-14 04:00:00,MILL201.POWER_KW,449.698,kW,GOOD
2024-12-14 06:00:00,MILL201.POWER_KW,449.252,kW,GOOD
2024-12-14 08:00:00,MILL201.POWER_KW,450.531,kW,GOOD
2024-12-14 10:00:00,MILL201.POWER_KW,449.246,kW,GOOD
2024-12-14 12:00:00,MILL201.POWER_KW,449.11,kW,GOOD
2024-12-14 14:00:00,MILL201.POWER_KW,449.451,kW,GOOD
2024-12-14 16:00:00,MILL201.POWER_KW,449.131,kW,GOOD
2024-12-14 18:00:00,MILL201.POWER_KW,450.136,kW,GOOD
2024-12-14 20:00:00,MILL201.POWER_KW,449.458,kW,GOOD
2024-12-14 22:00:00,MILL201.POWER_KW,449.155,kW,GOOD
2024-12-15 00:00:00,MILL201.POWER_KW,449.979,kW,GOOD
2024-12-15 02:00:00,MILL201.POWER_KW,450.009,kW,GOOD
2024-12-15 04:00:00,MILL201.POWER_KW,449.065,kW,GOOD
2024-12-15 06:00:00,MILL201.POWER_KW,449.643,kW,GOOD
2024-12-15 08:00:00,MILL201.POWER_KW,449.963,kW,GOOD
2024-12-15 10:00:00,MILL201.POWER_KW,449.822,kW,GOOD
2024-12-15 12:00:00,MILL201.POWER_KW,449.835,kW,GOOD
2024-12-15 14:00:00,MILL201.POWER_KW,450.59,kW,GOOD
2024-12-15 16:00:00,MILL201.POWER_KW,451.073,kW,GOOD
2024-12-15 18:00:00,MILL201.POWER_KW,449.843,kW,GOOD
2024-12-15 20:00:00,MILL201.POWER_KW,449.339,kW,GOOD
2024-12-15 22:00:00,MILL201.POWER_KW,449.883,kW,GOOD
2024-12-16 00:00:00,MILL201.POWER_KW,450.097,kW,GOOD
2024-12-16 02:00:00,MILL201.POWER_KW,449.973,kW,GOOD
2024-12-16 04:00:00,MILL201.POWER_KW,450.305,kW,GOOD
2024-12-16 06:00:00,MILL201.POWER_KW,451.106,kW,GOOD
2024-12-16 08:00:00,MILL201.POWER_KW,449.143,kW,GOOD
2024-12-16 10:00:00,MILL201.POWER_KW,449.746,kW,GOOD
2024-12-16 12:00:00,MILL201.POWER_KW,450.771,kW,GOOD
2024-12-16 14:00:00,MILL201.POWER_KW,449.739,kW,GOOD
2024-12-16 16:00:00,MILL201.POWER_KW,450.395,kW,GOOD
2024-12-16 18:00:00,MILL201.POWER_KW,450.315,kW,GOOD
2024-12-16 20:00:00,MILL201.POWER_KW,450.618,kW,GOOD
2024-12-16 22:00:00,MILL201.POWER_KW,450.957,kW,GOOD
2024-12-17 00:00:00,MILL201.POWER_KW,450.167,kW,GOOD
2024-12-17 02:00:00,MILL201.POWER_KW,449.127,kW,GOOD
2024-12-17 04:00:00,MILL201.POWER_KW,449.65,kW,GOOD
2024-12-17 06:00:00,MILL201.POWER_KW,451.093,kW,GOOD
2024-12-17 08:00:00,MILL201.POWER_KW,449.293,kW,GOOD
2024-12-17 10:00:00,MILL201.POWER_KW,450.248,kW,GOOD
2024-12-17 12:00:00,MILL201.POWER_KW,448.743,kW,GOOD
2024-12-17 14:00:00,MILL201.POWER_KW,449.324,kW,GOOD
2024-12-17 16:00:00,MILL201.POWER_KW,450.443,kW,GOOD
2024-12-17 18:00:00,MILL201.POWER_KW,450.018,kW,GOOD
2024-12-17 20:00:00,MILL201.POWER_KW,449.812,kW,GOOD
2024-12-17 22:00:00,MILL201.POWER_KW,449.593,kW,GOOD
2024-12-18 00:00:00,MILL201.POWER_KW,449.002,kW,GOOD
2024-12-18 02:00:00,MILL201.POWER_KW,450.347,kW,GOOD
2024-12-18 04:00:00,MILL201.POWER_KW,449.858,kW,GOOD
2024-12-18 06:00:00,MILL201.POWER_KW,449.239,kW,GOOD
2024-12-18 08:00:00,MILL201.POWER_KW,450.015,kW,GOOD
2024-12-18 10:00:00,MILL201.POWER_KW,450.291,kW,GOOD
2024-12-18 12:00:00,MILL201.POWER_KW,449.9,kW,GOOD
2024-12-18 14:00:00,MILL201.POWER_KW,450.058,kW,GOOD
2024-12-18 16:00:00,MILL201.POWER_KW,450.019,kW,GOOD
2024-12-18 18:00:00,MILL201.POWER_KW,449.647,kW,GOOD
2024-12-18 20:00:00,MILL201.POWER_KW,450.027,kW,GOOD
2024-12-18 22:00:00,MILL201.POWER_KW,450.368,kW,GOOD
2024-12-19 00:00:00,MILL201.POWER_KW,450.517,kW,GOOD
2024-12-19 02:00:00,MILL201.POWER_KW,450.395,kW,GOOD
2024-12-19 04:00:00,MILL201.POWER_KW,449.662,kW,GOOD
2024-12-19 06:00:00,MILL201.POWER_KW,450.318,kW,GOOD
2024-12-19 08:00:00,MILL201.POWER_KW,450.233,kW,GOOD
2024-12-19 10:00:00,MILL201.POWER_KW,449.645,kW,GOOD
2024-12-19 12:00:00,MILL201.POWER_KW,449.768,kW,GOOD
2024-12-19 14:00:00,MILL201.POWER_KW,450.34,kW,GOOD
2024-12-19 16:00:00,MILL201.POWER_KW,450.688,kW,GOOD
2024-12-19 18:00:00,MILL201.POWER_KW,449.094,kW,GOOD
2024-12-19 20:00:00,MILL201.POWER_KW,450.82,kW,BAD
2024-12-19 22:00:00,MILL201.POWER_KW,450.582,kW,GOOD
2024-12-20 00:00:00,MILL201.POWER_KW,450.1,kW,GOOD
2024-12-20 02:00:00,MILL201.POWER_KW,449.88,kW,GOOD
2024-12-20 04:00:00,MILL201.POWER_KW,450.195,kW,GOOD
2024-12-20 06:00:00,MILL201.POWER_KW,449.68,kW,GOOD
2024-12-20 08:00:00,MILL201.POWER_KW,449.911,kW,GOOD
2024-12-20 10:00:00,MILL201.POWER_KW,449.262,kW,GOOD
2024-12-20 12:00:00,MILL201.POWER_KW,449.129,kW,BAD
2024-12-20 14:00:00,MILL201.POWER_KW,451.166,kW,GOOD
2024-12-20 16:00:00,MILL201.POWER_KW,450.032,kW,GOOD
2024-12-20 18:00:00,MILL201.POWER_KW,450.102,kW,GOOD
2024-12-20 20:00:00,MILL201.POWER_KW,449.985,kW,GOOD
2024-12-20 22:00:00,MILL201.POWER_KW,449.586,kW,GOOD
2024-12-21 00:00:00,MILL201.POWER_KW,449.846,kW,GOOD
2024-12-21 02:00:00,MILL201.POWER_KW,450.046,kW,GOOD
2024-12-21 04:00:00,MILL201.POWER_KW,449.902,kW,GOOD
2024-12-21 06:00:00,MILL201.POWER_KW,449.624,kW,GOOD
2024-12-21 08:00:00,MILL201.POWER_KW,450.24,kW,GOOD
2024-12-21 10:00:00,MILL201.POWER_KW,450.094,kW,GOOD
2024-12-21 12:00:00,MILL201.POWER_KW,450.196,kW,GOOD
2024-12-21 14:00:00,MILL201.POWER_KW,450.353,kW,GOOD
2024-12-21 16:00:00,MILL201.POWER_KW,449.915,kW,GOOD
2024-12-21 18:00:00,MILL201.POWER_KW,449.916,kW,GOOD
2024-12-21 20:00:00,MILL201.POWER_KW,450.741,kW,GOOD
2024-12-21 22:00:00,MILL201.POWER_KW,449.528,kW,GOOD
2024-12-22 00:00:00,MILL201.POWER_KW,449.063,kW,GOOD
2024-12-22 02:00:00,MILL201.POWER_KW,450.278,kW,GOOD
2024-12-22 04:00:00,MILL201.POWER_KW,449.685,kW,GOOD
2024-12-22 06:00:00,MILL201.POWER_KW,449.461,kW,GOOD
2024-12-22 08:00:00,MILL201.POWER_KW,450.443,kW,GOOD
2024-12-22 10:00:00,MILL201.POWER_KW,449.928,kW,GOOD
2024-12-22 12:00:00,MILL201.POWER_KW,449.368,kW,GOOD
2024-12-22 14:00:00,MILL201.POWER_KW,450.967,kW,GOOD
2024-12-22 16:00:00,MILL201.POWER_KW,449.195,kW,GOOD
2024-12-22 18:00:00,MILL201.POWER_KW,449.957,kW,GOOD
2024-12-22 20:00:00,MILL201.POWER_KW,449.055,kW,GOOD
2024-12-22 22:00:00,MILL201.POWER_KW,450.135,kW,GOOD
2024-12-23 00:00:00,MILL201.POWER_KW,449.679,kW,GOOD
2024-12-23 02:00:00,MILL201.POWER_KW,450.41,kW,GOOD
2024-12-23 04:00:00,MILL201.POWER_KW,449.991,kW,GOOD
2024-12-23 06:00:00,MILL201.POWER_KW,450.675,kW,GOOD
2024-12-23 08:00:00,MILL201.POWER_KW,449.785,kW,GOOD
2024-12-23 10:00:00,MILL201.POWER_KW,449.198,kW,GOOD
2024-12-23 12:00:00,MILL201.POWER_KW,450.119,kW,GOOD
2024-12-23 14:00:00,MILL201.POWER_KW,449.874,kW,GOOD
2024-12-23 16:00:00,MILL201.POWER_KW,449.09,kW,GOOD
2024-12-23 18:00:00,MILL201.POWER_KW,449.472,kW,GOOD
2024-12-23 20:00:00,MILL201.POWER_KW,449.631,kW,GOOD
2024-12-23 22:00:00,MILL201.POWER_KW,450.778,kW,GOOD
2024-12-24 00:00:00,MILL201.POWER_KW,450.354,kW,GOOD
2024-12-24 02:00:00,MILL201.POWER_KW,449.826,kW,BAD
2024-12-24 04:00:00,MILL201.POWER_KW,450.235,kW,GOOD
2024-12-24 06:00:00,MILL201.POWER_KW,448.98,kW,GOOD
2024-12-24 08:00:00,MILL201.POWER_KW,449.718,kW,GOOD
2024-12-24 10:00:00,MILL201.POWER_KW,450.2,kW,GOOD
2024-12-24 12:00:00,MILL201.POWER_KW,450.083,kW,GOOD
2024-12-24 14:00:00,MILL201.POWER_KW,449.73,kW,GOOD
2024-12-24 16:00:00,MILL201.POWER_KW,449.981,kW,GOOD
2024-12-24 18:00:00,MILL201.POWER_KW,450.169,kW,GOOD
2024-12-24 20:00:00,MILL201.POWER_KW,449.995,kW,GOOD
2024-12-24 22:00:00,MILL201.POWER_KW,450.431,kW,GOOD
2024-12-25 00:00:00,MILL201.POWER_KW,450.159,kW,GOOD
2024-12-25 02:00:00,MILL201.POWER_KW,450.256,kW,GOOD
2024-12-25 04:00:00,MILL201.POWER_KW,450.857,kW,GOOD
2024-12-25 06:00:00,MILL201.POWER_KW,450.414,kW,GOOD
2024-12-25 08:00:00,MILL201.POWER_KW,450.87,kW,GOOD
2024-12-25 10:00:00,MILL201.POWER_KW,449.664,kW,GOOD
2024-12-25 12:00:00,MILL201.POWER_KW,449.204,kW,GOOD
2024-12-25 14:00:00,MILL201.POWER_KW,449.93,kW,GOOD
2024-12-25 16:00:00,MILL201.POWER_KW,449.887,kW,GOOD
2024-12-25 18:00:00,MILL201.POWER_KW,450.73,kW,BAD
2024-12-25 20:00:00,MILL201.POWER_KW,449.435,kW,GOOD
2024-12-25 22:00:00,MILL201.POWER_KW,449.961,kW,GOOD
2024-12-26 00:00:00,MILL201.POWER_KW,450.203,kW,GOOD
2024-12-26 02:00:00,MILL201.POWER_KW,450.05,kW,GOOD
2024-12-26 04:00:00,MILL201.POWER_KW,449.914,kW,GOOD
2024-12-26 06:00:00,MILL201.POWER_KW,450.179,kW,GOOD
2024-12-26 08:00:00,MILL201.POWER_KW,450.54,kW,GOOD
2024-12-26 10:00:00,MILL201.POWER_KW,450.768,kW,GOOD
2024-12-26 12:00:00,MILL201.POWER_KW,450.016,kW,GOOD
2024-12-26 14:00:00,MILL201.POWER_KW,449.592,kW,GOOD
2024-12-26 16:00:00,MILL201.POWER_KW,450.767,kW,GOOD
2024-12-26 18:00:00,MILL201.POWER_KW,449.461,kW,GOOD
2024-12-26 20:00:00,MILL201.POWER_KW,450.895,kW,GOOD
2024-12-26 22:00:00,MILL201.POWER_KW,450.672,kW,GOOD
2024-12-27 00:00:00,MILL201.POWER_KW,450.745,kW,GOOD
2024-12-27 02:00:00,MILL201.POWER_KW,450.343,kW,GOOD
2024-12-27 04:00:00,MILL201.POWER_KW,448.944,kW,GOOD
2024-12-27 06:00:00,MILL201.POWER_KW,449.48,kW,GOOD
2024-12-27 08:00:00,MILL201.POWER_KW,450.153,kW,GOOD
2024-12-27 10:00:00,MILL201.POWER_KW,449.662,kW,GOOD
2024-12-27 12:00:00,MILL201.POWER_KW,449.842,kW,GOOD
2024-12-27 14:00:00,MILL201.POWER_KW,450.306,kW,GOOD
2024-12-27 16:00:00,MILL201.POWER_KW,449.915,kW,GOOD
2024-12-27 18:00:00,MILL201.POWER_KW,449.39,kW,GOOD
2024-12-27 20:00:00,MILL201.POWER_KW,450.443,kW,GOOD
2024-12-27 22:00:00,MILL201.POWER_KW,450.257,kW,GOOD
2024-12-28 00:00:00,MILL201.POWER_KW,449.876,kW,GOOD
2024-12-28 02:00:00,MILL201.POWER_KW,450.356,kW,GOOD
2024-12-28 04:00:00,MILL201.POWER_KW,450.048,kW,GOOD
2024-12-28 06:00:00,MILL201.POWER_KW,450.666,kW,GOOD
2024-12-28 08:00:00,MILL201.POWER_KW,450.076,kW,GOOD
2024-12-28 10:00:00,MILL201.POWER_KW,450.662,kW,GOOD
2024-12-28 12:00:00,MILL201.POWER_KW,449.063,kW,GOOD
2024-12-28 14:00:00,MILL201.POWER_KW,450.23,kW,GOOD
2024-12-28 16:00:00,MILL201.POWER_KW,449.801,kW,GOOD
2024-12-28 18:00:00,MILL201.POWER_KW,449.57,kW,GOOD
2024-12-28 20:00:00,MILL201.POWER_KW,450.579,kW,GOOD
2024-12-28 22:00:00,MILL201.POWER_KW,450.445,kW,GOOD
2024-12-29 00:00:00,MILL201.POWER_KW,448.997,kW,GOOD
2024-12-29 02:00:00,MILL201.POWER_KW,450.358,kW,GOOD
2024-12-29 04:00:00,MILL201.POWER_KW,450.297,kW,GOOD
2024-12-29 06:00:00,MILL201.POWER_KW,449.638,kW,GOOD
2024-12-29 08:00:00,MILL201.POWER_KW,449.582,kW,GOOD
2024-12-29 10:00:00,MILL201.POWER_KW,449.205,kW,GOOD
2024-12-29 12:00:00,MILL201.POWER_KW,449.831,kW,GOOD
2024-12-29 14:00:00,MILL201.POWER_KW,449.911,kW,GOOD
2024-12-29 16:00:00,MILL201.POWER_KW,450.398,kW,GOOD
2024-12-29 18:00:00,MILL201.POWER_KW,450.135,kW,GOOD
2024-12-29 20:00:00,MILL201.POWER_KW,449.47,kW,GOOD
2024-12-29 22:00:00,MILL201.POWER_KW,450.119,kW,GOOD
2024-12-30 00:00:00,MILL201.POWER_KW,449.873,kW,GOOD
2024-12-30 02:00:00,MILL201.POWER_KW,449.533,kW,GOOD
2024-12-30 04:00:00,MILL201.POWER_KW,449.205,kW,GOOD
2024-12-30 06:00:00,MILL201.POWER_KW,450.312,kW,GOOD
2024-12-30 08:00:00,MILL201.POWER_KW,450.223,kW,GOOD
2024-12-30 10:00:00,MILL201.POWER_KW,450.278,kW,GOOD
2024-12-30 12:00:00,MILL201.POWER_KW,449.636,kW,GOOD
2024-12-30 14:00:00,MILL201.POWER_KW,450.086,kW,GOOD
2024-12-30 16:00:00,MILL201.POWER_KW,449.312,kW,GOOD
2024-12-30 18:00:00,MILL201.POWER_KW,449.507,kW,GOOD
2024-12-30 20:00:00,MILL201.POWER_KW,450.017,kW,GOOD
2024-12-30 22:00:00,MILL201.POWER_KW,450.131,kW,GOOD
2024-12-31 00:00:00,MILL201.POWER_KW,449.186,kW,GOOD
2024-12-31 02:00:00,MILL201.POWER_KW,449.471,kW,GOOD
2024-12-31 04:00:00,MILL201.POWER_KW,449.817,kW,GOOD
2024-12-31 06:00:00,MILL201.POWER_KW,450.479,kW,GOOD
2024-12-31 08:00:00,MILL201.POWER_KW,449.593,kW,BAD
2024-12-31 10:00:00,MILL201.POWER_KW,450.07,kW,GOOD
2024-12-31 12:00:00,MILL201.POWER_KW,450.123,kW,GOOD
2024-12-31 14:00:00,MILL201.POWER_KW,449.875,kW,GOOD
2024-12-31 16:00:00,MILL201.POWER_KW,450.134,kW,GOOD
2024-12-31 18:00:00,MILL201.POWER_KW,449.328,kW,GOOD
2024-12-31 20:00:00,MILL201.POWER_KW,449.672,kW,GOOD
2024-12-31 22:00:00,MILL201.POWER_KW,450.717,kW,GOOD
2025-01-01 00:00:00,MILL201.POWER_KW,450.752,kW,GOOD
2025-01-01 02:00:00,MILL201.POWER_KW,450.421,kW,GOOD
2025-01-01 04:00:00,MILL201.POWER_KW,450.55,kW,GOOD
2025-01-01 06:00:00,MILL201.POWER_KW,449.087,kW,GOOD
2025-01-01 08:00:00,MILL201.POWER_KW,449.526,kW,GOOD
2025-01-01 10:00:00,MILL201.POWER_KW,449.844,kW,GOOD
2025-01-01 12:00:00,MILL201.POWER_KW,451.208,kW,GOOD
2025-01-01 14:00:00,MILL201.POWER_KW,449.843,kW,GOOD
2025-01-01 16:00:00,MILL201.POWER_KW,450.372,kW,GOOD
2025-01-01 18:00:00,MILL201.POWER_KW,450.189,kW,GOOD
2025-01-01 20:00:00,MILL201.POWER_KW,450.178,kW,GOOD
2025-01-01 22:00:00,MILL201.POWER_KW,449.988,kW,GOOD
2025-01-02 00:00:00,MILL201.POWER_KW,449.4,kW,BAD
2025-01-02 02:00:00,MILL201.POWER_KW,448.649,kW,GOOD
2025-01-02 04:00:00,MILL201.POWER_KW,450.641,kW,GOOD
2025-01-02 06:00:00,MILL201.POWER_KW,449.692,kW,GOOD
2025-01-02 08:00:00,MILL201.POWER_KW,449.066,kW,GOOD
2025-01-02 10:00:00,MILL201.POWER_KW,450.219,kW,GOOD
2025-01-02 12:00:00,MILL201.POWER_KW,450.209,kW,GOOD
2025-01-02 14:00:00,MILL201.POWER_KW,450.384,kW,GOOD
2025-01-02 16:00:00,MILL201.POWER_KW,450.558,kW,GOOD
2025-01-02 18:00:00,MILL201.POWER_KW,449.541,kW,GOOD
2025-01-02 20:00:00,MILL201.POWER_KW,449.563,kW,GOOD
2025-01-02 22:00:00,MILL201.POWER_KW,449.841,kW,GOOD
2025-01-03 00:00:00,MILL201.POWER_KW,450.411,kW,GOOD
2025-01-03 02:00:00,MILL201.POWER_KW,448.949,kW,GOOD
2025-01-03 04:00:00,MILL201.POWER_KW,450.064,kW,GOOD
2025-01-03 06:00:00,MILL201.POWER_KW,450.466,kW,GOOD
2025-01-03 08:00:00,MILL201.POWER_KW,450.445,kW,GOOD
2025-01-03 10:00:00,MILL201.POWER_KW,450.354,kW,GOOD
2025-01-03 12:00:00,MILL201.POWER_KW,450.532,kW,GOOD
2025-01-03 14:00:00,MILL201.POWER_KW,448.626,kW,GOOD
2025-01-03 16:00:00,MILL201.POWER_KW,450.807,kW,GOOD
2025-01-03 18:00:00,MILL201.POWER_KW,450.165,kW,GOOD
2025-01-03 20:00:00,MILL201.POWER_KW,450.667,kW,GOOD
2025-01-03 22:00:00,MILL201.POWER_KW,449.413,kW,GOOD
2025-01-04 00:00:00,MILL201.POWER_KW,449.123,kW,GOOD
2025-01-04 02:00:00,MILL201.POWER_KW,450.893,kW,GOOD
2025-01-04 04:00:00,MILL201.POWER_KW,449.537,kW,GOOD
2025-01-04 06:00:00,MILL201.POWER_KW,449.845,kW,GOOD
2025-01-04 08:00:00,MILL201.POWER_KW,450.264,kW,GOOD
2025-01-04 10:00:00,MILL201.POWER_KW,450.386,kW,GOOD
2025-01-04 12:00:00,MILL201.POWER_KW,450.539,kW,GOOD
2025-01-04 14:00:00,MILL201.POWER_KW,450.112,kW,GOOD
2025-01-04 16:00:00,MILL201.POWER_KW,449.473,kW,GOOD
2025-01-04 18:00:00,MILL201.POWER_KW,450.353,kW,GOOD
2025-01-04 20:00:00,MILL201.POWER_KW,450.361,kW,GOOD
2025-01-04 22:00:00,MILL201.POWER_KW,449.092,kW,GOOD
2025-01-05 00:00:00,MILL201.POWER_KW,450.709,kW,GOOD
2025-01-05 02:00:00,MILL201.POWER_KW,448.756,kW,GOOD
2025-01-05 04:00:00,MILL201.POWER_KW,450.517,kW,GOOD
2025-01-05 06:00:00,MILL201.POWER_KW,449.683,kW,GOOD
2025-01-05 08:00:00,MILL201.POWER_KW,450.353,kW,GOOD
2025-01-05 10:00:00,MILL201.POWER_KW,450.255,kW,GOOD
2025-01-05 12:00:00,MILL201.POWER_KW,449.981,kW,GOOD
2025-01-05 14:00:00,MILL201.POWER_KW,450.226,kW,GOOD
2025-01-05 16:00:00,MILL201.POWER_KW,449.957,kW,GOOD
2025-01-05 18:00:00,MILL201.POWER_KW,450.357,kW,GOOD
2025-01-05 20:00:00,MILL201.POWER_KW,451.093,kW,GOOD
2025-01-05 22:00:00,MILL201.POWER_KW,449.329,kW,GOOD
2025-01-06 00:00:00,MILL201.POWER_KW,448.406,kW,GOOD
2025-01-06 02:00:00,MILL201.POWER_KW,449.792,kW,GOOD
2025-01-06 04:00:00,MILL201.POWER_KW,449.758,kW,GOOD
2025-01-06 06:00:00,MILL201.POWER_KW,449.811,kW,GOOD
2025-01-06 08:00:00,MILL201.POWER_KW,449.537,kW,GOOD
2025-01-06 10:00:00,MILL201.POWER_KW,450.436,kW,GOOD
2025-01-06 12:00:00,MILL201.POWER_KW,449.309,kW,GOOD
2025-01-06 14:00:00,MILL201.POWER_KW,450.225,kW,GOOD
2025-01-06 16:00:00,MILL201.POWER_KW,450.319,kW,GOOD
2025-01-06 18:00:00,MILL201.POWER_KW,450.158,kW,GOOD
2025-01-06 20:00:00,MILL201.POWER_KW,450.244,kW,GOOD
2025-01-06 22:00:00,MILL201.POWER_KW,450.475,kW,GOOD
2025-01-07 00:00:00,MILL201.POWER_KW,450.027,kW,GOOD
2025-01-07 02:00:00,MILL201.POWER_KW,449.827,kW,GOOD
2025-01-07 04:00:00,MILL201.POWER_KW,450.243,kW,GOOD
2025-01-07 06:00:00,MILL201.POWER_KW,450.3,kW,GOOD
2025-01-07 08:00:00,MILL201.POWER_KW,450.445,kW,GOOD
2025-01-07 10:00:00,MILL201.POWER_KW,449.144,kW,GOOD
2025-01-07 12:00:00,MILL201.POWER_KW,449.908,kW,GOOD
2025-01-07 14:00:00,MILL201.POWER_KW,449.467,kW,GOOD
2025-01-07 16:00:00,MILL201.POWER_KW,450.28,kW,GOOD
2025-01-07 18:00:00,MILL201.POWER_KW,450.363,kW,GOOD
2025-01-07 20:00:00,MILL201.POWER_KW,449.863,kW,GOOD
2025-01-07 22:00:00,MILL201.POWER_KW,449.635,kW,GOOD
2025-01-08 00:00:00,MILL201.POWER_KW,450.298,kW,GOOD
2025-01-08 02:00:00,MILL201.POWER_KW,449.933,kW,GOOD
2025-01-08 04:00:00,MILL201.POWER_KW,450.713,kW,GOOD
2025-01-08 06:00:00,MILL201.POWER_KW,450.886,kW,GOOD
2025-01-08 08:00:00,MILL201.POWER_KW,450.5,kW,GOOD
2025-01-08 10:00:00,MILL201.POWER_KW,450.116,kW,GOOD
2025-01-08 12:00:00,MILL201.POWER_KW,450.913,kW,GOOD
2025-01-08 14:00:00,MILL201.POWER_KW,450.12,kW,GOOD
2025-01-08 16:00:00,MILL201.POWER_KW,449.76,kW,GOOD
2025-01-08 18:00:00,MILL201.POWER_KW,449.662,kW,GOOD
2025-01-08 20:00:00,MILL201.POWER_KW,449.648,kW,GOOD
2025-01-08 22:00:00,MILL201.POWER_KW,449.997,kW,GOOD
2025-01-09 00:00:00,MILL201.POWER_KW,450.232,kW,GOOD
2025-01-09 02:00:00,MILL201.POWER_KW,449.292,kW,GOOD
2025-01-09 04:00:00,MILL201.POWER_KW,449.776,kW,GOOD
2025-01-09 06:00:00,MILL201.POWER_KW,450.106,kW,GOOD
2025-01-09 08:00:00,MILL201.POWER_KW,450.322,kW,GOOD
2025-01-09 10:00:00,MILL201.POWER_KW,449.987,kW,GOOD
2025-01-09 12:00:00,MILL201.POWER_KW,450.122,kW,GOOD
2025-01-09 14:00:00,MILL201.POWER_KW,449.381,kW,GOOD
2025-01-09 16:00:00,MILL201.POWER_KW,449.544,kW,GOOD
2025-01-09 18:00:00,MILL201.POWER_KW,449.97,kW,GOOD
2025-01-09 20:00:00,MILL201.POWER_KW,450.255,kW,GOOD
2025-01-09 22:00:00,MILL201.POWER_KW,450.116,kW,GOOD
2025-01-10 00:00:00,MILL201.POWER_KW,449.576,kW,GOOD
2025-01-10 02:00:00,MILL201.POWER_KW,449.882,kW,GOOD
2025-01-10 04:00:00,MILL201.POWER_KW,450.756,kW,GOOD
2025-01-10 06:00:00,MILL201.POWER_KW,450.272,kW,GOOD
2025-01-10 08:00:00,MILL201.POWER_KW,449.919,kW,GOOD
2025-01-10 10:00:00,MILL201.POWER_KW,449.487,kW,GOOD
2025-01-10 12:00:00,MILL201.POWER_KW,449.643,kW,GOOD
2025-01-10 14:00:00,MILL201.POWER_KW,450.003,kW,GOOD
2025-01-10 16:00:00,MILL201.POWER_KW,450.138,kW,GOOD
2025-01-10 18:00:00,MILL201.POWER_KW,450.283,kW,GOOD
2025-01-10 20:00:00,MILL201.POWER_KW,450.194,kW,GOOD
2025-01-10 22:00:00,MILL201.POWER_KW,449.815,kW,GOOD
2025-01-11 00:00:00,MILL201.POWER_KW,449.744,kW,GOOD
2025-01-11 02:00:00,MILL201.POWER_KW,451.023,kW,GOOD
2025-01-11 04:00:00,MILL201.POWER_KW,449.722,kW,GOOD
2025-01-11 06:00:00,MILL201.POWER_KW,449.354,kW,GOOD
2025-01-11 08:00:00,MILL201.POWER_KW,449.181,kW,GOOD
2025-01-11 10:00:00,MILL201.POWER_KW,449.823,kW,GOOD
2025-01-11 12:00:00,MILL201.POWER_KW,450.47,kW,GOOD
2025-01-11 14:00:00,MILL201.POWER_KW,449.712,kW,GOOD
2025-01-11 16:00:00,MILL201.POWER_KW,450.739,kW,GOOD
2025-01-11 18:00:00,MILL201.POWER_KW,449.996,kW,GOOD
2025-01-11 20:00:00,MILL201.POWER_KW,450.555,kW,GOOD
2025-01-11 22:00:00,MILL201.POWER_KW,449.621,kW,GOOD
2025-01-12 00:00:00,MILL201.POWER_KW,449.629,kW,GOOD
2025-01-12 02:00:00,MILL201.POWER_KW,450.046,kW,GOOD
2025-01-12 04:00:00,MILL201.POWER_KW,450.241,kW,GOOD
2025-01-12 06:00:00,MILL201.POWER_KW,449.911,kW,GOOD
2025-01-12 08:00:00,MILL201.POWER_KW,450.146,kW,GOOD
2025-01-12 10:00:00,MILL201.POWER_KW,450.294,kW,GOOD
2025-01-12 12:00:00,MILL201.POWER_KW,449.29,kW,GOOD
2025-01-12 14:00:00,MILL201.POWER_KW,449.83,kW,GOOD
2025-01-12 16:00:00,MILL201.POWER_KW,449.741,kW,GOOD
2025-01-12 18:00:00,MILL201.POWER_KW,449.765,kW,GOOD
2025-01-12 20:00:00,MILL201.POWER_KW,450.203,kW,GOOD
2025-01-12 22:00:00,MILL201.POWER_KW,449.748,kW,GOOD
2025-01-13 00:00:00,MILL201.POWER_KW,448.997,kW,GOOD
2025-01-13 02:00:00,MILL201.POWER_KW,449.882,kW,GOOD
2025-01-13 04:00:00,MILL201.POWER_KW,449.468,kW,GOOD
2025-01-13 06:00:00,MILL201.POWER_KW,450.248,kW,GOOD
2025-01-13 08:00:00,MILL201.POWER_KW,450.403,kW,GOOD
2025-01-13 10:00:00,MILL201.POWER_KW,448.913,kW,GOOD
2025-01-13 12:00:00,MILL201.POWER_KW,449.613,kW,GOOD
2025-01-13 14:00:00,MILL201.POWER_KW,450.177,kW,GOOD
2025-01-13 16:00:00,MILL201.POWER_KW,449.296,kW,GOOD
2025-01-13 18:00:00,MILL201.POWER_KW,450.391,kW,GOOD
2025-01-13 20:00:00,MILL201.POWER_KW,450.525,kW,GOOD
2025-01-13 22:00:00,MILL201.POWER_KW,449.919,kW,GOOD
2025-01-14 00:00:00,MILL201.POWER_KW,449.613,kW,GOOD
2025-01-14 02:00:00,MILL201.POWER_KW,448.845,kW,BAD
2025-01-14 04:00:00,MILL201.POWER_KW,450.407,kW,GOOD
2025-01-14 06:00:00,MILL201.POWER_KW,451.001,kW,GOOD
2025-01-14 08:00:00,MILL201.POWER_KW,450.898,kW,GOOD
2025-01-14 10:00:00,MILL201.POWER_KW,449.903,kW,GOOD
2025-01-14 12:00:00,MILL201.POWER_KW,449.454,kW,GOOD
2025-01-14 14:00:00,MILL201.POWER_KW,450.419,kW,GOOD
2025-01-14 16:00:00,MILL201.POWER_KW,449.937,kW,GOOD
2025-01-14 18:00:00,MILL201.POWER_KW,450.239,kW,GOOD
2025-01-14 20:00:00,MILL201.POWER_KW,450.151,kW,GOOD
2025-01-14 22:00:00,MILL201.POWER_KW,450.047,kW,GOOD
2025-01-15 00:00:00,MILL201.POWER_KW,450.514,kW,GOOD
2025-01-15 02:00:00,MILL201.POWER_KW,450.533,kW,GOOD
2025-01-15 04:00:00,MILL201.POWER_KW,449.739,kW,GOOD
2025-01-15 06:00:00,MILL201.POWER_KW,449.538,kW,GOOD
2025-01-15 08:00:00,MILL201.POWER_KW,448.75,kW,GOOD
2025-01-15 10:00:00,MILL201.POWER_KW,449.827,kW,GOOD
2025-01-15 12:00:00,MILL201.POWER_KW,449.453,kW,GOOD
2025-01-15 14:00:00,MILL201.POWER_KW,450.21,kW,GOOD
2025-01-15 16:00:00,MILL201.POWER_KW,449.832,kW,GOOD
2025-01-15 18:00:00,MILL201.POWER_KW,449.886,kW,GOOD
2025-01-15 20:00:00,MILL201.POWER_KW,450.406,kW,GOOD
2025-01-15 22:00:00,MILL201.POWER_KW,450.199,kW,GOOD
2025-01-16 00:00:00,MILL201.POWER_KW,449.942,kW,GOOD
2025-01-16 02:00:00,MILL201.POWER_KW,450.843,kW,GOOD
2025-01-16 04:00:00,MILL201.POWER_KW,450.369,kW,GOOD
2025-01-16 06:00:00,MILL201.POWER_KW,449.792,kW,GOOD
2025-01-16 08:00:00,MILL201.POWER_KW,449.814,kW,GOOD
2025-01-16 10:00:00,MILL201.POWER_KW,450.394,kW,GOOD
2025-01-16 12:00:00,MILL201.POWER_KW,450.101,kW,GOOD
2025-01-16 14:00:00,MILL201.POWER_KW,449.439,kW,GOOD
2025-01-16 16:00:00,MILL201.POWER_KW,450.447,kW,GOOD
2025-01-16 18:00:00,MILL201.POWER_KW,450.629,kW,GOOD
2025-01-16 20:00:00,MILL201.POWER_KW,450.591,kW,GOOD
2025-01-16 22:00:00,MILL201.POWER_KW,450.771,kW,BAD
2025-01-17 00:00:00,MILL201.POWER_KW,451.035,kW,GOOD
2025-01-17 02:00:00,MILL201.POWER_KW,450.865,kW,GOOD
2025-01-17 04:00:00,MILL201.POWER_KW,450.17,kW,GOOD
2025-01-17 06:00:00,MILL201.POWER_KW,449.896,kW,GOOD
2025-01-17 08:00:00,MILL201.POWER_KW,449.085,kW,GOOD
2025-01-17 10:00:00,MILL201.POWER_KW,450.005,kW,GOOD
2025-01-17 12:00:00,MILL201.POWER_KW,450.26,kW,GOOD
2025-01-17 14:00:00,MILL201.POWER_KW,450.022,kW,GOOD
2025-01-17 16:00:00,MILL201.POWER_KW,449.056,kW,GOOD
2025-01-17 18:00:00,MILL201.POWER_KW,449.857,kW,GOOD
2025-01-17 20:00:00,MILL201.POWER_KW,450.323,kW,GOOD
2025-01-17 22:00:00,MILL201.POWER_KW,449.487,kW,GOOD
2025-01-18 00:00:00,MILL201.POWER_KW,450.083,kW,GOOD
2025-01-18 02:00:00,MILL201.POWER_KW,450.216,kW,GOOD
2025-01-18 04:00:00,MILL201.POWER_KW,450.559,kW,GOOD
2025-01-18 06:00:00,MILL201.POWER_KW,450.856,kW,GOOD
2025-01-18 08:00:00,MILL201.POWER_KW,449.811,kW,GOOD
2025-01-18 10:00:00,MILL201.POWER_KW,450.092,kW,GOOD
2025-01-18 12:00:00,MILL201.POWER_KW,450.108,kW,GOOD
2025-01-18 14:00:00,MILL201.POWER_KW,450.325,kW,GOOD
2025-01-18 16:00:00,MILL201.POWER_KW,450.269,kW,GOOD
2025-01-18 18:00:00,MILL201.POWER_KW,450.713,kW,GOOD
2025-01-18 20:00:00,MILL201.POWER_KW,448.834,kW,GOOD
2025-01-18 22:00:00,MILL201.POWER_KW,450.209,kW,GOOD
2025-01-19 00:00:00,MILL201.POWER_KW,450.244,kW,GOOD
2025-01-19 02:00:00,MILL201.POWER_KW,449.882,kW,GOOD
2025-01-19 04:00:00,MILL201.POWER_KW,448.868,kW,GOOD
2025-01-19 06:00:00,MILL201.POWER_KW,449.97,kW,GOOD
2025-01-19 08:00:00,MILL201.POWER_KW,449.645,kW,GOOD
2025-01-19 10:00:00,MILL201.POWER_KW,450.839,kW,GOOD
2025-01-19 12:00:00,MILL201.POWER_KW,450.188,kW,GOOD
2025-01-19 14:00:00,MILL201.POWER_KW,449.602,kW,GOOD
2025-01-19 16:00:00,MILL201.POWER_KW,448.974,kW,GOOD
2025-01-19 18:00:00,MILL201.POWER_KW,450.295,kW,GOOD
2025-01-19 20:00:00,MILL201.POWER_KW,450.348,kW,GOOD
2025-01-19 22:00:00,MILL201.POWER_KW,449.892,kW,GOOD
2025-01-20 00:00:00,MILL201.POWER_KW,450.302,kW,GOOD
2025-01-20 02:00:00,MILL201.POWER_KW,449.826,kW,GOOD
2025-01-20 04:00:00,MILL201.POWER_KW,450.534,kW,GOOD
2025-01-20 06:00:00,MILL201.POWER_KW,450.496,kW,GOOD
2025-01-20 08:00:00,MILL201.POWER_KW,449.181,kW,GOOD
2025-01-20 10:00:00,MILL201.POWER_KW,449.302,kW,GOOD
2025-01-20 12:00:00,MILL201.POWER_KW,451.016,kW,GOOD
2025-01-20 14:00:00,MILL201.POWER_KW,450.466,kW,GOOD
2025-01-20 16:00:00,MILL201.POWER_KW,449.369,kW,GOOD
2025-01-20 18:00:00,MILL201.POWER_KW,449.215,kW,GOOD
2025-01-20 20:00:00,MILL201.POWER_KW,450.104,kW,GOOD
2025-01-20 22:00:00,MILL201.POWER_KW,449.429,kW,GOOD
2025-01-21 00:00:00,MILL201.POWER_KW,449.842,kW,GOOD
2025-01-21 02:00:00,MILL201.POWER_KW,449.976,kW,GOOD
2025-01-21 04:00:00,MILL201.POWER_KW,449.955,kW,GOOD
2025-01-21 06:00:00,MILL201.POWER_KW,450.563,kW,GOOD
2025-01-21 08:00:00,MILL201.POWER_KW,450.917,kW,GOOD
2025-01-21 10:00:00,MILL201.POWER_KW,449.761,kW,GOOD
2025-01-21 12:00:00,MILL201.POWER_KW,449.435,kW,GOOD
2025-01-21 14:00:00,MILL201.POWER_KW,450.194,kW,GOOD
2025-01-21 16:00:00,MILL201.POWER_KW,450.816,kW,GOOD
2025-01-21 18:00:00,MILL201.POWER_KW,449.798,kW,GOOD
2025-01-21 20:00:00,MILL201.POWER_KW,450.425,kW,GOOD
2025-01-21 22:00:00,MILL201.POWER_KW,449.581,kW,GOOD
2025-01-22 00:00:00,MILL201.POWER_KW,450.011,kW,GOOD
2025-01-22 02:00:00,MILL201.POWER_KW,449.419,kW,GOOD
2025-01-22 04:00:00,MILL201.POWER_KW,450.005,kW,GOOD
2025-01-22 06:00:00,MILL201.POWER_KW,449.942,kW,GOOD
2025-01-22 08:00:00,MILL201.POWER_KW,450.304,kW,GOOD
2025-01-22 10:00:00,MILL201.POWER_KW,450.889,kW,GOOD
2025-01-22 12:00:00,MILL201.POWER_KW,449.806,kW,GOOD
2025-01-22 14:00:00,MILL201.POWER_KW,449.0,kW,GOOD
2025-01-22 16:00:00,MILL201.POWER_KW,449.899,kW,GOOD
2025-01-22 18:00:00,MILL201.POWER_KW,450.15,kW,GOOD
2025-01-22 20:00:00,MILL201.POWER_KW,450.101,kW,GOOD
2025-01-22 22:00:00,MILL201.POWER_KW,449.921,kW,GOOD
2025-01-23 00:00:00,MILL201.POWER_KW,450.744,kW,GOOD
2025-01-23 02:00:00,MILL201.POWER_KW,450.068,kW,GOOD
2025-01-23 04:00:00,MILL201.POWER_KW,449.948,kW,GOOD
2025-01-23 06:00:00,MILL201.POWER_KW,449.611,kW,GOOD
2025-01-23 08:00:00,MILL201.POWER_KW,449.127,kW,GOOD
2025-01-23 10:00:00,MILL201.POWER_KW,450.165,kW,GOOD
2025-01-23 12:00:00,MILL201.POWER_KW,450.123,kW,GOOD
2025-01-23 14:00:00,MILL201.POWER_KW,449.47,kW,GOOD
2025-01-23 16:00:00,MILL201.POWER_KW,449.978,kW,GOOD
2025-01-23 18:00:00,MILL201.POWER_KW,449.928,kW,GOOD
2025-01-23 20:00:00,MILL201.POWER_KW,449.688,kW,GOOD
2025-01-23 22:00:00,MILL201.POWER_KW,449.603,kW,GOOD
2025-01-24 00:00:00,MILL201.POWER_KW,450.203,kW,GOOD
2025-01-24 02:00:00,MILL201.POWER_KW,449.887,kW,GOOD
2025-01-24 04:00:00,MILL201.POWER_KW,449.705,kW,GOOD
2025-01-24 06:00:00,MILL201.POWER_KW,449.569,kW,GOOD
2025-01-24 08:00:00,MILL201.POWER_KW,449.935,kW,GOOD
2025-01-24 10:00:00,MILL201.POWER_KW,450.462,kW,GOOD
2025-01-24 12:00:00,MILL201.POWER_KW,450.103,kW,GOOD
2025-01-24 14:00:00,MILL201.POWER_KW,449.881,kW,GOOD
2025-01-24 16:00:00,MILL201.POWER_KW,450.154,kW,GOOD
2025-01-24 18:00:00,MILL201.POWER_KW,450.682,kW,GOOD
2025-01-24 20:00:00,MILL201.POWER_KW,450.245,kW,GOOD
2025-01-24 22:00:00,MILL201.POWER_KW,450.13,kW,GOOD
2025-01-25 00:00:00,MILL201.POWER_KW,450.319,kW,GOOD
2025-01-25 02:00:00,MILL201.POWER_KW,449.921,kW,GOOD
2025-01-25 04:00:00,MILL201.POWER_KW,450.092,kW,GOOD
2025-01-25 06:00:00,MILL201.POWER_KW,449.756,kW,GOOD
2025-01-25 08:00:00,MILL201.POWER_KW,449.225,kW,GOOD
2025-01-25 10:00:00,MILL201.POWER_KW,450.171,kW,GOOD
2025-01-25 12:00:00,MILL201.POWER_KW,450.173,kW,GOOD
2025-01-25 14:00:00,MILL201.POWER_KW,449.856,kW,GOOD
2025-01-25 16:00:00,MILL201.POWER_KW,450.518,kW,GOOD
2025-01-25 18:00:00,MILL201.POWER_KW,449.639,kW,GOOD
2025-01-25 20:00:00,MILL201.POWER_KW,449.114,kW,GOOD
2025-01-25 22:00:00,MILL201.POWER_KW,449.651,kW,GOOD
2025-01-26 00:00:00,MILL201.POWER_KW,449.23,kW,GOOD
2025-01-26 02:00:00,MILL201.POWER_KW,450.169,kW,GOOD
2025-01-26 04:00:00,MILL201.POWER_KW,449.624,kW,GOOD
2025-01-26 06:00:00,MILL201.POWER_KW,450.492,kW,GOOD
2025-01-26 08:00:00,MILL201.POWER_KW,450.482,kW,GOOD
2025-01-26 10:00:00,MILL201.POWER_KW,449.538,kW,GOOD
2025-01-26 12:00:00,MILL201.POWER_KW,449.596,kW,GOOD
2025-01-26 14:00:00,MILL201.POWER_KW,450.267,kW,GOOD
2025-01-26 16:00:00,MILL201.POWER_KW,450.49,kW,GOOD
2025-01-26 18:00:00,MILL201.POWER_KW,448.994,kW,GOOD
2025-01-26 20:00:00,MILL201.POWER_KW,450.141,kW,GOOD
2025-01-26 22:00:00,MILL201.POWER_KW,448.901,kW,GOOD
2025-01-27 00:00:00,MILL201.POWER_KW,449.726,kW,GOOD
2025-01-27 02:00:00,MILL201.POWER_KW,450.547,kW,GOOD
2025-01-27 04:00:00,MILL201.POWER_KW,451.505,kW,GOOD
2025-01-27 06:00:00,MILL201.POWER_KW,449.881,kW,GOOD
2025-01-27 08:00:00,MILL201.POWER_KW,449.376,kW,GOOD
2025-01-27 10:00:00,MILL201.POWER_KW,449.743,kW,GOOD
2025-01-27 12:00:00,MILL201.POWER_KW,450.033,kW,GOOD
2025-01-27 14:00:00,MILL201.POWER_KW,449.665,kW,GOOD
2025-01-27 16:00:00,MILL201.POWER_KW,449.538,kW,GOOD
2025-01-27 18:00:00,MILL201.POWER_KW,449.787,kW,GOOD
2025-01-27 20:00:00,MILL201.POWER_KW,450.198,kW,GOOD
2025-01-27 22:00:00,MILL201.POWER_KW,449.915,kW,GOOD
2025-01-28 00:00:00,MILL201.POWER_KW,449.559,kW,GOOD
2025-01-28 02:00:00,MILL201.POWER_KW,449.665,kW,GOOD
2025-01-28 04:00:00,MILL201.POWER_KW,449.793,kW,GOOD
2025-01-28 06:00:00,MILL201.POWER_KW,449.5,kW,GOOD
2025-01-28 08:00:00,MILL201.POWER_KW,449.646,kW,GOOD
2025-01-28 10:00:00,MILL201.POWER_KW,450.322,kW,GOOD
2025-01-28 12:00:00,MILL201.POWER_KW,449.885,kW,GOOD
2025-01-28 14:00:00,MILL201.POWER_KW,449.123,kW,GOOD
2025-01-28 16:00:00,MILL201.POWER_KW,450.512,kW,GOOD
2025-01-28 18:00:00,MILL201.POWER_KW,450.208,kW,GOOD
2025-01-28 20:00:00,MILL201.POWER_KW,449.308,kW,GOOD
2025-01-28 22:00:00,MILL201.POWER_KW,449.817,kW,GOOD
2025-01-29 00:00:00,MILL201.POWER_KW,449.604,kW,GOOD
2025-01-29 02:00:00,MILL201.POWER_KW,450.338,kW,GOOD
2025-01-29 04:00:00,MILL201.POWER_KW,449.814,kW,GOOD
2025-01-29 06:00:00,MILL201.POWER_KW,449.964,kW,GOOD
2025-01-29 08:00:00,MILL201.POWER_KW,449.905,kW,GOOD
2025-01-29 10:00:00,MILL201.POWER_KW,449.26,kW,GOOD
2025-01-29 12:00:00,MILL201.POWER_KW,450.703,kW,GOOD
2025-01-29 14:00:00,MILL201.POWER_KW,450.331,kW,GOOD
2025-01-29 16:00:00,MILL201.POWER_KW,449.626,kW,GOOD
2025-01-29 18:00:00,MILL201.POWER_KW,450.096,kW,GOOD
2025-01-29 20:00:00,MILL201.POWER_KW,450.487,kW,GOOD
2025-01-29 22:00:00,MILL201.POWER_KW,450.028,kW,GOOD
2025-01-30 00:00:00,MILL201.POWER_KW,450.778,kW,GOOD
2025-01-30 02:00:00,MILL201.POWER_KW,451.459,kW,GOOD
2025-01-30 04:00:00,MILL201.POWER_KW,449.937,kW,GOOD
2025-01-30 06:00:00,MILL201.POWER_KW,449.709,kW,GOOD
2025-01-30 08:00:00,MILL201.POWER_KW,449.505,kW,GOOD
2025-01-30 10:00:00,MILL201.POWER_KW,448.893,kW,GOOD
2025-01-30 12:00:00,MILL201.POWER_KW,450.624,kW,GOOD
2025-01-30 14:00:00,MILL201.POWER_KW,449.823,kW,GOOD
2025-01-30 16:00:00,MILL201.POWER_KW,450.438,kW,GOOD
2025-01-30 18:00:00,MILL201.POWER_KW,450.538,kW,GOOD
2025-01-30 20:00:00,MILL201.POWER_KW,449.46,kW,GOOD
2025-01-30 22:00:00,MILL201.POWER_KW,449.535,kW,GOOD
2025-01-31 00:00:00,MILL201.POWER_KW,450.872,kW,GOOD
2025-01-31 02:00:00,MILL201.POWER_KW,449.965,kW,GOOD
2025-01-31 04:00:00,MILL201.POWER_KW,449.67,kW,GOOD
2025-01-31 06:00:00,MILL201.POWER_KW,449.477,kW,GOOD
2025-01-31 08:00:00,MILL201.POWER_KW,449.929,kW,GOOD
2025-01-31 10:00:00,MILL201.POWER_KW,450.754,kW,BAD
2025-01-31 12:00:00,MILL201.POWER_KW,450.343,kW,GOOD
2025-01-31 14:00:00,MILL201.POWER_KW,450.091,kW,GOOD
2025-01-31 16:00:00,MILL201.POWER_KW,450.794,kW,GOOD
2025-01-31 18:00:00,MILL201.POWER_KW,450.698,kW,GOOD
2025-01-31 20:00:00,MILL201.POWER_KW,450.167,kW,GOOD
2025-01-31 22:00:00,MILL201.POWER_KW,451.388,kW,GOOD
2025-02-01 00:00:00,MILL201.POWER_KW,449.876,kW,GOOD
2025-02-01 02:00:00,MILL201.POWER_KW,450.549,kW,GOOD
2025-02-01 04:00:00,MILL201.POWER_KW,449.804,kW,GOOD
2025-02-01 06:00:00,MILL201.POWER_KW,450.451,kW,GOOD
2025-02-01 08:00:00,MILL201.POWER_KW,449.876,kW,GOOD
2025-02-01 10:00:00,MILL201.POWER_KW,450.231,kW,GOOD
2025-02-01 12:00:00,MILL201.POWER_KW,451.195,kW,GOOD
2025-02-01 14:00:00,MILL201.POWER_KW,450.476,kW,GOOD
2025-02-01 16:00:00,MILL201.POWER_KW,450.238,kW,GOOD
2025-02-01 18:00:00,MILL201.POWER_KW,449.613,kW,GOOD
2025-02-01 20:00:00,MILL201.POWER_KW,450.094,kW,GOOD
2025-02-01 22:00:00,MILL201.POWER_KW,449.496,kW,GOOD
2025-02-02 00:00:00,MILL201.POWER_KW,450.443,kW,GOOD
2025-02-02 02:00:00,MILL201.POWER_KW,450.431,kW,GOOD
2025-02-02 04:00:00,MILL201.POWER_KW,449.91,kW,GOOD
2025-02-02 06:00:00,MILL201.POWER_KW,450.832,kW,GOOD
2025-02-02 08:00:00,MILL201.POWER_KW,450.761,kW,GOOD
2025-02-02 10:00:00,MILL201.POWER_KW,450.075,kW,GOOD
2025-02-02 12:00:00,MILL201.POWER_KW,450.283,kW,GOOD
2025-02-02 14:00:00,MILL201.POWER_KW,449.706,kW,GOOD
2025-02-02 16:00:00,MILL201.POWER_KW,449.864,kW,GOOD
2025-02-02 18:00:00,MILL201.POWER_KW,449.461,kW,GOOD
2025-02-02 20:00:00,MILL201.POWER_KW,449.761,kW,GOOD
2025-02-02 22:00:00,MILL201.POWER_KW,449.948,kW,GOOD
2025-02-03 00:00:00,MILL201.POWER_KW,449.17,kW,GOOD
2025-02-03 02:00:00,MILL201.POWER_KW,450.288,kW,GOOD
2025-02-03 04:00:00,MILL201.POWER_KW,450.511,kW,GOOD
2025-02-03 06:00:00,MILL201.POWER_KW,449.996,kW,GOOD
2025-02-03 08:00:00,MILL201.POWER_KW,448.651,kW,GOOD
2025-02-03 10:00:00,MILL201.POWER_KW,449.874,kW,GOOD
2025-02-03 12:00:00,MILL201.POWER_KW,449.303,kW,GOOD
2025-02-03 14:00:00,MILL201.POWER_KW,449.695,kW,GOOD
2025-02-03 16:00:00,MILL201.POWER_KW,450.726,kW,GOOD
2025-02-03 18:00:00,MILL201.POWER_KW,448.783,kW,GOOD
2025-02-03 20:00:00,MILL201.POWER_KW,449.592,kW,GOOD
2025-02-03 22:00:00,MILL201.POWER_KW,450.415,kW,GOOD
2025-02-04 00:00:00,MILL201.POWER_KW,449.649,kW,GOOD
2025-02-04 02:00:00,MILL201.POWER_KW,449.611,kW,GOOD
2025-02-04 04:00:00,MILL201.POWER_KW,451.016,kW,GOOD
2025-02-04 06:00:00,MILL201.POWER_KW,450.189,kW,GOOD
2025-02-04 08:00:00,MILL201.POWER_KW,450.467,kW,GOOD
2025-02-04 10:00:00,MILL201.POWER_KW,450.247,kW,GOOD
2025-02-04 12:00:00,MILL201.POWER_KW,450.081,kW,GOOD
2025-02-04 14:00:00,MILL201.POWER_KW,450.632,kW,GOOD
2025-02-04 16:00:00,MILL201.POWER_KW,450.953,kW,GOOD
2025-02-04 18:00:00,MILL201.POWER_KW,449.158,kW,GOOD
2025-02-04 20:00:00,MILL201.POWER_KW,449.982,kW,GOOD
2025-02-04 22:00:00,MILL201.POWER_KW,449.978,kW,GOOD
2025-02-05 00:00:00,MILL201.POWER_KW,449.785,kW,GOOD
2025-02-05 02:00:00,MILL201.POWER_KW,450.491,kW,GOOD
2025-02-05 04:00:00,MILL201.POWER_KW,450.128,kW,GOOD
2025-02-05 06:00:00,MILL201.POWER_KW,450.963,kW,GOOD
2025-02-05 08:00:00,MILL201.POWER_KW,450.55,kW,GOOD
2025-02-05 10:00:00,MILL201.POWER_KW,450.682,kW,GOOD
2025-02-05 12:00:00,MILL201.POWER_KW,449.4,kW,GOOD
2025-02-05 14:00:00,MILL201.POWER_KW,449.597,kW,GOOD
2025-02-05 16:00:00,MILL201.POWER_KW,449.638,kW,GOOD
2025-02-05 18:00:00,MILL201.POWER_KW,450.662,kW,GOOD
2025-02-05 20:00:00,MILL201.POWER_KW,449.516,kW,GOOD
2025-02-05 22:00:00,MILL201.POWER_KW,449.531,kW,GOOD
2025-02-06 00:00:00,MILL201.POWER_KW,449.439,kW,GOOD
2025-02-06 02:00:00,MILL201.POWER_KW,451.377,kW,GOOD
2025-02-06 04:00:00,MILL201.POWER_KW,449.929,kW,GOOD
2025-02-06 06:00:00,MILL201.POWER_KW,450.265,kW,GOOD
2025-02-06 08:00:00,MILL201.POWER_KW,449.43,kW,GOOD
2025-02-06 10:00:00,MILL201.POWER_KW,450.48,kW,GOOD
2025-02-06 12:00:00,MILL201.POWER_KW,449.113,kW,GOOD
2025-02-06 14:00:00,MILL201.POWER_KW,449.51,kW,GOOD
2025-02-06 16:00:00,MILL201.POWER_KW,449.634,kW,GOOD
2025-02-06 18:00:00,MILL201.POWER_KW,450.109,kW,GOOD
2025-02-06 20:00:00,MILL201.POWER_KW,449.603,kW,GOOD
2025-02-06 22:00:00,MILL201.POWER_KW,450.762,kW,GOOD
2025-02-07 00:00:00,MILL201.POWER_KW,450.252,kW,GOOD
2025-02-07 02:00:00,MILL201.POWER_KW,449.655,kW,GOOD
2025-02-07 04:00:00,MILL201.POWER_KW,450.499,kW,GOOD
2025-02-07 06:00:00,MILL201.POWER_KW,449.803,kW,GOOD
2025-02-07 08:00:00,MILL201.POWER_KW,449.705,kW,GOOD
2025-02-07 10:00:00,MILL201.POWER_KW,450.448,kW,GOOD
2025-02-07 12:00:00,MILL201.POWER_KW,448.774,kW,GOOD
2025-02-07 14:00:00,MILL201.POWER_KW,450.367,kW,GOOD
2025-02-07 16:00:00,MILL201.POWER_KW,449.643,kW,GOOD
2025-02-07 18:00:00,MILL201.POWER_KW,449.643,kW,GOOD
2025-02-07 20:00:00,MILL201.POWER_KW,450.979,kW,GOOD
2025-02-07 22:00:00,MILL201.POWER_KW,449.734,kW,GOOD
2025-02-08 00:00:00,MILL201.POWER_KW,450.478,kW,GOOD
2025-02-08 02:00:00,MILL201.POWER_KW,450.14,kW,GOOD
2025-02-08 04:00:00,MILL201.POWER_KW,450.191,kW,GOOD
2025-02-08 06:00:00,MILL201.POWER_KW,449.875,kW,GOOD
2025-02-08 08:00:00,MILL201.POWER_KW,449.849,kW,GOOD
2025-02-08 10:00:00,MILL201.POWER_KW,450.764,kW,GOOD
2025-02-08 12:00:00,MILL201.POWER_KW,450.465,kW,GOOD
2025-02-08 14:00:00,MILL201.POWER_KW,449.75,kW,GOOD
2025-02-08 16:00:00,MILL201.POWER_KW,449.477,kW,GOOD
2025-02-08 18:00:00,MILL201.POWER_KW,449.708,kW,GOOD
2025-02-08 20:00:00,MILL201.POWER_KW,450.491,kW,GOOD
2025-02-08 22:00:00,MILL201.POWER_KW,450.589,kW,GOOD
2025-02-09 00:00:00,MILL201.POWER_KW,450.277,kW,GOOD
2025-02-09 02:00:00,MILL201.POWER_KW,449.192,kW,GOOD
2025-02-09 04:00:00,MILL201.POWER_KW,450.377,kW,GOOD
2025-02-09 06:00:00,MILL201.POWER_KW,450.652,kW,GOOD
2025-02-09 08:00:00,MILL201.POWER_KW,450.087,kW,GOOD
2025-02-09 10:00:00,MILL201.POWER_KW,450.99,kW,GOOD
2025-02-09 12:00:00,MILL201.POWER_KW,449.34,kW,GOOD
2025-02-09 14:00:00,MILL201.POWER_KW,450.342,kW,GOOD
2025-02-09 16:00:00,MILL201.POWER_KW,449.49,kW,GOOD
2025-02-09 18:00:00,MILL201.POWER_KW,450.529,kW,GOOD
2025-02-09 20:00:00,MILL201.POWER_KW,450.306,kW,GOOD
2025-02-09 22:00:00,MILL201.POWER_KW,450.901,kW,GOOD
2025-02-10 00:00:00,MILL201.POWER_KW,450.25,kW,GOOD
2025-02-10 02:00:00,MILL201.POWER_KW,449.798,kW,GOOD
2025-02-10 04:00:00,MILL201.POWER_KW,449.754,kW,GOOD
2025-02-10 06:00:00,MILL201.POWER_KW,449.875,kW,GOOD
2025-02-10 08:00:00,MILL201.POWER_KW,449.745,kW,GOOD
2025-02-10 10:00:00,MILL201.POWER_KW,450.674,kW,GOOD
2025-02-10 12:00:00,MILL201.POWER_KW,450.638,kW,GOOD
2025-02-10 14:00:00,MILL201.POWER_KW,449.252,kW,GOOD
2025-02-10 16:00:00,MILL201.POWER_KW,450.019,kW,GOOD
2025-02-10 18:00:00,MILL201.POWER_KW,450.031,kW,GOOD
2025-02-10 20:00:00,MILL201.POWER_KW,449.609,kW,GOOD
2025-02-10 22:00:00,MILL201.POWER_KW,450.219,kW,GOOD
2025-02-11 00:00:00,MILL201.POWER_KW,450.73,kW,GOOD
2025-02-11 02:00:00,MILL201.POWER_KW,450.446,kW,GOOD
2025-02-11 04:00:00,MILL201.POWER_KW,450.674,kW,GOOD
2025-02-11 06:00:00,MILL201.POWER_KW,449.641,kW,GOOD
2025-02-11 08:00:00,MILL201.POWER_KW,450.018,kW,GOOD
2025-02-11 10:00:00,MILL201.POWER_KW,449.617,kW,GOOD
2025-02-11 12:00:00,MILL201.POWER_KW,450.12,kW,GOOD
2025-02-11 14:00:00,MILL201.POWER_KW,450.165,kW,GOOD
2025-02-11 16:00:00,MILL201.POWER_KW,450.48,kW,GOOD
2025-02-11 18:00:00,MILL201.POWER_KW,450.657,kW,GOOD
2025-02-11 20:00:00,MILL201.POWER_KW,450.344,kW,GOOD
2025-02-11 22:00:00,MILL201.POWER_KW,449.57,kW,GOOD
2025-02-12 00:00:00,MILL201.POWER_KW,449.324,kW,GOOD
2025-02-12 02:00:00,MILL201.POWER_KW,450.26,kW,GOOD
2025-02-12 04:00:00,MILL201.POWER_KW,450.75,kW,GOOD
2025-02-12 06:00:00,MILL201.POWER_KW,449.988,kW,GOOD
2025-02-12 08:00:00,MILL201.POWER_KW,449.236,kW,GOOD
2025-02-12 10:00:00,MILL201.POWER_KW,451.042,kW,GOOD
2025-02-12 12:00:00,MILL201.POWER_KW,450.245,kW,GOOD
2025-02-12 14:00:00,MILL201.POWER_KW,450.086,kW,GOOD
2025-02-12 16:00:00,MILL201.POWER_KW,449.416,kW,GOOD
2025-02-12 18:00:00,MILL201.POWER_KW,450.008,kW,GOOD
2025-02-12 20:00:00,MILL201.POWER_KW,450.343,kW,GOOD
2025-02-12 22:00:00,MILL201.POWER_KW,450.252,kW,GOOD
2025-02-13 00:00:00,MILL201.POWER_KW,449.66,kW,GOOD
2025-02-13 02:00:00,MILL201.POWER_KW,449.971,kW,GOOD
2025-02-13 04:00:00,MILL201.POWER_KW,449.692,kW,GOOD
2025-02-13 06:00:00,MILL201.POWER_KW,450.832,kW,GOOD
2025-02-13 08:00:00,MILL201.POWER_KW,450.447,kW,GOOD
2025-02-13 10:00:00,MILL201.POWER_KW,449.738,kW,GOOD
2025-02-13 12:00:00,MILL201.POWER_KW,449.416,kW,GOOD
2025-02-13 14:00:00,MILL201.POWER_KW,450.139,kW,GOOD
2025-02-13 16:00:00,MILL201.POWER_KW,449.754,kW,GOOD
2025-02-13 18:00:00,MILL201.POWER_KW,449.791,kW,GOOD
2025-02-13 20:00:00,MILL201.POWER_KW,449.432,kW,GOOD
2025-02-13 22:00:00,MILL201.POWER_KW,449.494,kW,GOOD
2025-02-14 00:00:00,MILL201.POWER_KW,450.081,kW,GOOD
2025-02-14 02:00:00,MILL201.POWER_KW,449.867,kW,GOOD
2025-02-14 04:00:00,MILL201.POWER_KW,451.248,kW,GOOD
2025-02-14 06:00:00,MILL201.POWER_KW,450.297,kW,BAD
2025-02-14 08:00:00,MILL201.POWER_KW,449.424,kW,GOOD
2025-02-14 10:00:00,MILL201.POWER_KW,449.232,kW,GOOD
2025-02-14 12:00:00,MILL201.POWER_KW,450.199,kW,GOOD
2025-02-14 14:00:00,MILL201.POWER_KW,449.802,kW,GOOD
2025-02-14 16:00:00,MILL201.POWER_KW,450.666,kW,GOOD
2025-02-14 18:00:00,MILL201.POWER_KW,450.141,kW,GOOD
2025-02-14 20:00:00,MILL201.POWER_KW,449.009,kW,GOOD
2025-02-14 22:00:00,MILL201.POWER_KW,449.49,kW,GOOD
2025-02-15 00:00:00,MILL201.POWER_KW,449.662,kW,GOOD
2025-02-15 02:00:00,MILL201.POWER_KW,450.221,kW,GOOD
2025-02-15 04:00:00,MILL201.POWER_KW,449.474,kW,GOOD
2025-02-15 06:00:00,MILL201.POWER_KW,450.076,kW,GOOD
2025-02-15 08:00:00,MILL201.POWER_KW,449.332,kW,GOOD
2025-02-15 10:00:00,MILL201.POWER_KW,450.003,kW,GOOD
2025-02-15 12:00:00,MILL201.POWER_KW,450.185,kW,GOOD
2025-02-15 14:00:00,MILL201.POWER_KW,450.731,kW,GOOD
2025-02-15 16:00:00,MILL201.POWER_KW,450.123,kW,GOOD
2025-02-15 18:00:00,MILL201.POWER_KW,449.592,kW,GOOD
2025-02-15 20:00:00,MILL201.POWER_KW,450.747,kW,GOOD
2025-02-15 22:00:00,MILL201.POWER_KW,449.908,kW,GOOD
2025-02-16 00:00:00,MILL201.POWER_KW,450.387,kW,GOOD
2025-02-16 02:00:00,MILL201.POWER_KW,449.694,kW,GOOD
2025-02-16 04:00:00,MILL201.POWER_KW,450.045,kW,GOOD
2025-02-16 06:00:00,MILL201.POWER_KW,449.599,kW,GOOD
2025-02-16 08:00:00,MILL201.POWER_KW,450.161,kW,GOOD
2025-02-16 10:00:00,MILL201.POWER_KW,450.402,kW,GOOD
2025-02-16 12:00:00,MILL201.POWER_KW,449.753,kW,GOOD
2025-02-16 14:00:00,MILL201.POWER_KW,449.724,kW,GOOD
2025-02-16 16:00:00,MILL201.POWER_KW,450.178,kW,GOOD
2025-02-16 18:00:00,MILL201.POWER_KW,449.587,kW,GOOD
2025-02-16 20:00:00,MILL201.POWER_KW,449.241,kW,GOOD
2025-02-16 22:00:00,MILL201.POWER_KW,450.177,kW,GOOD
2025-02-17 00:00:00,MILL201.POWER_KW,449.946,kW,GOOD
2025-02-17 02:00:00,MILL201.POWER_KW,449.936,kW,GOOD
2025-02-17 04:00:00,MILL201.POWER_KW,450.261,kW,GOOD
2025-02-17 06:00:00,MILL201.POWER_KW,450.33,kW,GOOD
2025-02-17 08:00:00,MILL201.POWER_KW,449.919,kW,GOOD
2025-02-17 10:00:00,MILL201.POWER_KW,449.439,kW,GOOD
2025-02-17 12:00:00,MILL201.POWER_KW,449.681,kW,GOOD
2025-02-17 14:00:00,MILL201.POWER_KW,450.292,kW,GOOD
2025-02-17 16:00:00,MILL201.POWER_KW,450.068,kW,GOOD
2025-02-17 18:00:00,MILL201.POWER_KW,449.725,kW,GOOD
2025-02-17 20:00:00,MILL201.POWER_KW,449.608,kW,GOOD
2025-02-17 22:00:00,MILL201.POWER_KW,450.309,kW,GOOD
2025-02-18 00:00:00,MILL201.POWER_KW,449.889,kW,GOOD
2025-02-18 02:00:00,MILL201.POWER_KW,450.376,kW,GOOD
2025-02-18 04:00:00,MILL201.POWER_KW,450.44,kW,GOOD
2025-02-18 06:00:00,MILL201.POWER_KW,449.844,kW,GOOD
2025-02-18 08:00:00,MILL201.POWER_KW,450.475,kW,GOOD
2025-02-18 10:00:00,MILL201.POWER_KW,450.069,kW,GOOD
2025-02-18 12:00:00,MILL201.POWER_KW,450.134,kW,GOOD
2025-02-18 14:00:00,MILL201.POWER_KW,448.906,kW,GOOD
2025-02-18 16:00:00,MILL201.POWER_KW,449.515,kW,GOOD
2025-02-18 18:00:00,MILL201.POWER_KW,449.542,kW,GOOD
2025-02-18 20:00:00,MILL201.POWER_KW,449.841,kW,GOOD
2025-02-18 22:00:00,MILL201.POWER_KW,450.057,kW,GOOD
2025-02-19 00:00:00,MILL201.POWER_KW,450.078,kW,GOOD
2025-02-19 02:00:00,MILL201.POWER_KW,450.143,kW,GOOD
2025-02-19 04:00:00,MILL201.POWER_KW,449.658,kW,GOOD
2025-02-19 06:00:00,MILL201.POWER_KW,450.346,kW,GOOD
2025-02-19 08:00:00,MILL201.POWER_KW,450.905,kW,GOOD
2025-02-19 10:00:00,MILL201.POWER_KW,449.823,kW,GOOD
2025-02-19 12:00:00,MILL201.POWER_KW,449.668,kW,GOOD
2025-02-19 14:00:00,MILL201.POWER_KW,449.657,kW,GOOD
2025-02-19 16:00:00,MILL201.POWER_KW,450.043,kW,GOOD
2025-02-19 18:00:00,MILL201.POWER_KW,449.737,kW,GOOD
2025-02-19 20:00:00,MILL201.POWER_KW,449.135,kW,BAD
2025-02-19 22:00:00,MILL201.POWER_KW,449.272,kW,GOOD
2025-02-20 00:00:00,MILL201.POWER_KW,450.51,kW,GOOD
2025-02-20 02:00:00,MILL201.POWER_KW,450.641,kW,GOOD
2025-02-20 04:00:00,MILL201.POWER_KW,450.8,kW,GOOD
2025-02-20 06:00:00,MILL201.POWER_KW,450.113,kW,GOOD
2025-02-20 08:00:00,MILL201.POWER_KW,449.505,kW,GOOD
2025-02-20 10:00:00,MILL201.POWER_KW,449.781,kW,GOOD
2025-02-20 12:00:00,MILL201.POWER_KW,449.254,kW,GOOD
2025-02-20 14:00:00,MILL201.POWER_KW,449.235,kW,GOOD
2025-02-20 16:00:00,MILL201.POWER_KW,450.128,kW,GOOD
2025-02-20 18:00:00,MILL201.POWER_KW,450.27,kW,BAD
2025-02-20 20:00:00,MILL201.POWER_KW,450.979,kW,GOOD
2025-02-20 22:00:00,MILL201.POWER_KW,449.958,kW,GOOD
2025-02-21 00:00:00,MILL201.POWER_KW,449.321,kW,GOOD
2025-02-21 02:00:00,MILL201.POWER_KW,449.939,kW,GOOD
2025-02-21 04:00:00,MILL201.POWER_KW,449.859,kW,GOOD
2025-02-21 06:00:00,MILL201.POWER_KW,449.754,kW,GOOD
2025-02-21 08:00:00,MILL201.POWER_KW,450.172,kW,GOOD
2025-02-21 10:00:00,MILL201.POWER_KW,449.393,kW,GOOD
2025-02-21 12:00:00,MILL201.POWER_KW,450.065,kW,GOOD
2025-02-21 14:00:00,MILL201.POWER_KW,450.326,kW,GOOD
2025-02-21 16:00:00,MILL201.POWER_KW,450.71,kW,GOOD
2025-02-21 18:00:00,MILL201.POWER_KW,450.155,kW,GOOD
2025-02-21 20:00:00,MILL201.POWER_KW,450.522,kW,GOOD
2025-02-21 22:00:00,MILL201.POWER_KW,449.778,kW,GOOD
2025-02-22 00:00:00,MILL201.POWER_KW,449.848,kW,GOOD
2025-02-22 02:00:00,MILL201.POWER_KW,450.674,kW,GOOD
2025-02-22 04:00:00,MILL201.POWER_KW,449.314,kW,GOOD
2025-02-22 06:00:00,MILL201.POWER_KW,449.798,kW,GOOD
2025-02-22 08:00:00,MILL201.POWER_KW,450.564,kW,GOOD
2025-02-22 10:00:00,MILL201.POWER_KW,449.894,kW,GOOD
2025-02-22 12:00:00,MILL201.POWER_KW,449.857,kW,BAD
2025-02-22 14:00:00,MILL201.POWER_KW,449.867,kW,GOOD
2025-02-22 16:00:00,MILL201.POWER_KW,450.059,kW,GOOD
2025-02-22 18:00:00,MILL201.POWER_KW,450.543,kW,GOOD
2025-02-22 20:00:00,MILL201.POWER_KW,450.462,kW,GOOD
2025-02-22 22:00:00,MILL201.POWER_KW,450.006,kW,GOOD
2025-02-23 00:00:00,MILL201.POWER_KW,450.546,kW,GOOD
2025-02-23 02:00:00,MILL201.POWER_KW,450.171,kW,GOOD
2025-02-23 04:00:00,MILL201.POWER_KW,450.43,kW,GOOD
2025-02-23 06:00:00,MILL201.POWER_KW,449.486,kW,GOOD
2025-02-23 08:00:00,MILL201.POWER_KW,450.869,kW,GOOD
2025-02-23 10:00:00,MILL201.POWER_KW,450.11,kW,GOOD
2025-02-23 12:00:00,MILL201.POWER_KW,448.626,kW,GOOD
2025-02-23 14:00:00,MILL201.POWER_KW,450.83,kW,GOOD
2025-02-23 16:00:00,MILL201.POWER_KW,450.003,kW,GOOD
2025-02-23 18:00:00,MILL201.POWER_KW,449.802,kW,GOOD
2025-02-23 20:00:00,MILL201.POWER_KW,449.697,kW,GOOD
2025-02-23 22:00:00,MILL201.POWER_KW,450.22,kW,GOOD
2025-02-24 00:00:00,MILL201.POWER_KW,449.556,kW,GOOD
2025-02-24 02:00:00,MILL201.POWER_KW,449.712,kW,GOOD
2025-02-24 04:00:00,MILL201.POWER_KW,449.724,kW,GOOD
2025-02-24 06:00:00,MILL201.POWER_KW,449.854,kW,GOOD
2025-02-24 08:00:00,MILL201.POWER_KW,449.742,kW,GOOD
2025-02-24 10:00:00,MILL201.POWER_KW,450.426,kW,GOOD
2025-02-24 12:00:00,MILL201.POWER_KW,450.136,kW,GOOD
2025-02-24 14:00:00,MILL201.POWER_KW,450.197,kW,GOOD
2025-02-24 16:00:00,MILL201.POWER_KW,450.305,kW,GOOD
2025-02-24 18:00:00,MILL201.POWER_KW,449.953,kW,GOOD
2025-02-24 20:00:00,MILL201.POWER_KW,449.49,kW,GOOD
2025-02-24 22:00:00,MILL201.POWER_KW,450.903,kW,GOOD
2025-02-25 00:00:00,MILL201.POWER_KW,450.464,kW,GOOD
2025-02-25 02:00:00,MILL201.POWER_KW,450.806,kW,GOOD
2025-02-25 04:00:00,MILL201.POWER_KW,450.517,kW,GOOD
2025-02-25 06:00:00,MILL201.POWER_KW,449.77,kW,GOOD
2025-02-25 08:00:00,MILL201.POWER_KW,448.826,kW,GOOD
2025-02-25 10:00:00,MILL201.POWER_KW,449.385,kW,GOOD
2025-02-25 12:00:00,MILL201.POWER_KW,450.318,kW,GOOD
2025-02-25 14:00:00,MILL201.POWER_KW,449.949,kW,GOOD
2025-02-25 16:00:00,MILL201.POWER_KW,449.79,kW,GOOD
2025-02-25 18:00:00,MILL201.POWER_KW,448.752,kW,GOOD
2025-02-25 20:00:00,MILL201.POWER_KW,449.993,kW,GOOD
2025-02-25 22:00:00,MILL201.POWER_KW,449.459,kW,GOOD
2025-02-26 00:00:00,MILL201.POWER_KW,449.638,kW,GOOD
2025-02-26 02:00:00,MILL201.POWER_KW,450.425,kW,GOOD
2025-02-26 04:00:00,MILL201.POWER_KW,449.485,kW,GOOD
2025-02-26 06:00:00,MILL201.POWER_KW,449.533,kW,GOOD
2025-02-26 08:00:00,MILL201.POWER_KW,450.093,kW,GOOD
2025-02-26 10:00:00,MILL201.POWER_KW,450.436,kW,GOOD
2025-02-26 12:00:00,MILL201.POWER_KW,449.799,kW,GOOD
2025-02-26 14:00:00,MILL201.POWER_KW,450.734,kW,GOOD
2025-02-26 16:00:00,MILL201.POWER_KW,449.361,kW,GOOD
2025-02-26 18:00:00,MILL201.POWER_KW,449.273,kW,GOOD
2025-02-26 20:00:00,MILL201.POWER_KW,449.23,kW,GOOD
2025-02-26 22:00:00,MILL201.POWER_KW,449.174,kW,GOOD
2025-02-27 00:00:00,MILL201.POWER_KW,450.168,kW,GOOD
2025-02-27 02:00:00,MILL201.POWER_KW,449.511,kW,GOOD
2025-02-27 04:00:00,MILL201.POWER_KW,449.295,kW,GOOD
2025-02-27 06:00:00,MILL201.POWER_KW,450.19,kW,GOOD
2025-02-27 08:00:00,MILL201.POWER_KW,450.412,kW,GOOD
2025-02-27 10:00:00,MILL201.POWER_KW,450.525,kW,GOOD
2025-02-27 12:00:00,MILL201.POWER_KW,450.438,kW,GOOD
2025-02-27 14:00:00,MILL201.POWER_KW,449.541,kW,GOOD
2025-02-27 16:00:00,MILL201.POWER_KW,450.138,kW,GOOD
2025-02-27 18:00:00,MILL201.POWER_KW,450.248,kW,GOOD
2025-02-27 20:00:00,MILL201.POWER_KW,449.763,kW,GOOD
2025-02-27 22:00:00,MILL201.POWER_KW,450.082,kW,GOOD
2025-02-28 00:00:00,MILL201.POWER_KW,449.374,kW,GOOD
2025-02-28 02:00:00,MILL201.POWER_KW,449.686,kW,GOOD
2025-02-28 04:00:00,MILL201.POWER_KW,450.186,kW,GOOD
2025-02-28 06:00:00,MILL201.POWER_KW,450.754,kW,GOOD
2025-02-28 08:00:00,MILL201.POWER_KW,450.576,kW,GOOD
2025-02-28 10:00:00,MILL201.POWER_KW,450.33,kW,GOOD
2025-02-28 12:00:00,MILL201.POWER_KW,450.04,kW,GOOD
2025-02-28 14:00:00,MILL201.POWER_KW,449.962,kW,GOOD
2025-02-28 16:00:00,MILL201.POWER_KW,449.276,kW,GOOD
2025-02-28 18:00:00,MILL201.POWER_KW,449.582,kW,GOOD
2025-02-28 20:00:00,MILL201.POWER_KW,449.599,kW,GOOD
2025-02-28 22:00:00,MILL201.POWER_KW,450.287,kW,GOOD
2025-03-01 00:00:00,MILL201.POWER_KW,450.472,kW,GOOD
2025-03-01 02:00:00,MILL201.POWER_KW,450.368,kW,GOOD
2025-03-01 04:00:00,MILL201.POWER_KW,450.591,kW,GOOD
2025-03-01 06:00:00,MILL201.POWER_KW,450.036,kW,GOOD
2025-03-01 08:00:00,MILL201.POWER_KW,449.509,kW,GOOD
2025-03-01 10:00:00,MILL201.POWER_KW,449.975,kW,GOOD
2025-03-01 12:00:00,MILL201.POWER_KW,449.638,kW,BAD
2025-03-01 14:00:00,MILL201.POWER_KW,450.329,kW,GOOD
2025-03-01 16:00:00,MILL201.POWER_KW,449.82,kW,GOOD
2025-03-01 18:00:00,MILL201.POWER_KW,449.951,kW,GOOD
2025-03-01 20:00:00,MILL201.POWER_KW,450.347,kW,GOOD
2025-03-01 22:00:00,MILL201.POWER_KW,449.629,kW,GOOD
2025-03-02 00:00:00,MILL201.POWER_KW,450.482,kW,BAD
2025-03-02 02:00:00,MILL201.POWER_KW,449.326,kW,GOOD
2025-03-02 04:00:00,MILL201.POWER_KW,450.153,kW,BAD
2025-03-02 06:00:00,MILL201.POWER_KW,449.955,kW,GOOD
2025-03-02 08:00:00,MILL201.POWER_KW,450.414,kW,GOOD
2025-03-02 10:00:00,MILL201.POWER_KW,449.313,kW,GOOD
2025-03-02 12:00:00,MILL201.POWER_KW,449.235,kW,GOOD
2025-03-02 14:00:00,MILL201.POWER_KW,450.375,kW,GOOD
2025-03-02 16:00:00,MILL201.POWER_KW,449.805,kW,GOOD
2025-03-02 18:00:00,MILL201.POWER_KW,449.955,kW,GOOD
2025-03-02 20:00:00,MILL201.POWER_KW,449.67,kW,GOOD
2025-03-02 22:00:00,MILL201.POWER_KW,450.456,kW,GOOD
2025-03-03 00:00:00,MILL201.POWER_KW,450.15,kW,GOOD
2025-03-03 02:00:00,MILL201.POWER_KW,450.12,kW,GOOD
2025-03-03 04:00:00,MILL201.POWER_KW,449.415,kW,GOOD
2025-03-03 06:00:00,MILL201.POWER_KW,450.251,kW,GOOD
2025-03-03 08:00:00,MILL201.POWER_KW,449.504,kW,GOOD
2025-03-03 10:00:00,MILL201.POWER_KW,449.671,kW,BAD
2025-03-03 12:00:00,MILL201.POWER_KW,449.317,kW,GOOD
2025-03-03 14:00:00,MILL201.POWER_KW,449.922,kW,GOOD
2025-03-03 16:00:00,MILL201.POWER_KW,450.532,kW,GOOD
2025-03-03 18:00:00,MILL201.POWER_KW,450.113,kW,GOOD
2025-03-03 20:00:00,MILL201.POWER_KW,449.779,kW,GOOD
2025-03-03 22:00:00,MILL201.POWER_KW,450.055,kW,GOOD
2025-03-04 00:00:00,MILL201.POWER_KW,450.052,kW,GOOD
2025-03-04 02:00:00,MILL201.POWER_KW,450.033,kW,GOOD
2025-03-04 04:00:00,MILL201.POWER_KW,450.089,kW,GOOD
2025-03-04 06:00:00,MILL201.POWER_KW,449.48,kW,GOOD
2025-03-04 08:00:00,MILL201.POWER_KW,450.053,kW,GOOD
2025-03-04 10:00:00,MILL201.POWER_KW,449.122,kW,GOOD
2025-03-04 12:00:00,MILL201.POWER_KW,450.288,kW,GOOD
2025-03-04 14:00:00,MILL201.POWER_KW,449.449,kW,GOOD
2025-03-04 16:00:00,MILL201.POWER_KW,450.589,kW,GOOD
2025-03-04 18:00:00,MILL201.POWER_KW,448.777,kW,GOOD
2025-03-04 20:00:00,MILL201.POWER_KW,450.837,kW,GOOD
2025-03-04 22:00:00,MILL201.POWER_KW,449.18,kW,GOOD
2025-03-05 00:00:00,MILL201.POWER_KW,449.4,kW,GOOD
2025-03-05 02:00:00,MILL201.POWER_KW,450.15,kW,GOOD
2025-03-05 04:00:00,MILL201.POWER_KW,450.309,kW,GOOD
2025-03-05 06:00:00,MILL201.POWER_KW,449.858,kW,GOOD
2025-03-05 08:00:00,MILL201.POWER_KW,450.446,kW,GOOD
2025-03-05 10:00:00,MILL201.POWER_KW,449.602,kW,GOOD
2025-03-05 12:00:00,MILL201.POWER_KW,449.8,kW,GOOD
2025-03-05 14:00:00,MILL201.POWER_KW,449.849,kW,GOOD
2025-03-05 16:00:00,MILL201.POWER_KW,449.731,kW,GOOD
2025-03-05 18:00:00,MILL201.POWER_KW,449.033,kW,GOOD
2025-03-05 20:00:00,MILL201.POWER_KW,449.988,kW,GOOD
2025-03-05 22:00:00,MILL201.POWER_KW,449.942,kW,GOOD
2025-03-06 00:00:00,MILL201.POWER_KW,450.539,kW,GOOD
2025-03-06 02:00:00,MILL201.POWER_KW,449.357,kW,GOOD
2025-03-06 04:00:00,MILL201.POWER_KW,449.68,kW,GOOD
2025-03-06 06:00:00,MILL201.POWER_KW,450.602,kW,GOOD
2025-03-06 08:00:00,MILL201.POWER_KW,450.147,kW,GOOD
2025-03-06 10:00:00,MILL201.POWER_KW,450.275,kW,GOOD
2025-03-06 12:00:00,MILL201.POWER_KW,450.227,kW,GOOD
2025-03-06 14:00:00,MILL201.POWER_KW,450.229,kW,GOOD
2025-03-06 16:00:00,MILL201.POWER_KW,450.911,kW,GOOD
2025-03-06 18:00:00,MILL201.POWER_KW,450.046,kW,GOOD
2025-03-06 20:00:00,MILL201.POWER_KW,449.494,kW,GOOD
2025-03-06 22:00:00,MILL201.POWER_KW,450.319,kW,GOOD
2025-03-07 00:00:00,MILL201.POWER_KW,449.717,kW,GOOD
2025-03-07 02:00:00,MILL201.POWER_KW,449.945,kW,GOOD
2025-03-07 04:00:00,MILL201.POWER_KW,450.185,kW,GOOD
2025-03-07 06:00:00,MILL201.POWER_KW,449.589,kW,GOOD
2025-03-07 08:00:00,MILL201.POWER_KW,449.745,kW,GOOD
2025-03-07 10:00:00,MILL201.POWER_KW,450.238,kW,GOOD
2025-03-07 12:00:00,MILL201.POWER_KW,449.726,kW,GOOD
2025-03-07 14:00:00,MILL201.POWER_KW,450.487,kW,BAD
2025-03-07 16:00:00,MILL201.POWER_KW,449.507,kW,GOOD
2025-03-07 18:00:00,MILL201.POWER_KW,449.505,kW,BAD
2025-03-07 20:00:00,MILL201.POWER_KW,450.953,kW,GOOD
2025-03-07 22:00:00,MILL201.POWER_KW,449.235,kW,GOOD
2025-03-08 00:00:00,MILL201.POWER_KW,449.987,kW,GOOD
2025-03-08 02:00:00,MILL201.POWER_KW,450.926,kW,GOOD
2025-03-08 04:00:00,MILL201.POWER_KW,449.986,kW,GOOD
2025-03-08 06:00:00,MILL201.POWER_KW,450.673,kW,GOOD
2025-03-08 08:00:00,MILL201.POWER_KW,450.326,kW,GOOD
2025-03-08 10:00:00,MILL201.POWER_KW,449.996,kW,GOOD
2025-03-08 12:00:00,MILL201.POWER_KW,449.935,kW,GOOD
2025-03-08 14:00:00,MILL201.POWER_KW,448.94,kW,GOOD
2025-03-08 16:00:00,MILL201.POWER_KW,449.84,kW,GOOD
2025-03-08 18:00:00,MILL201.POWER_KW,450.116,kW,GOOD
2025-03-08 20:00:00,MILL201.POWER_KW,450.116,kW,GOOD
2025-03-08 22:00:00,MILL201.POWER_KW,451.233,kW,GOOD
2025-03-09 00:00:00,MILL201.POWER_KW,450.14,kW,GOOD
2025-03-09 02:00:00,MILL201.POWER_KW,450.315,kW,GOOD
2025-03-09 04:00:00,MILL201.POWER_KW,450.582,kW,GOOD
2025-03-09 06:00:00,MILL201.POWER_KW,450.27,kW,GOOD
2025-03-09 08:00:00,MILL201.POWER_KW,449.957,kW,GOOD
2025-03-09 10:00:00,MILL201.POWER_KW,449.959,kW,GOOD
2025-03-09 12:00:00,MILL201.POWER_KW,449.825,kW,GOOD
2025-03-09 14:00:00,MILL201.POWER_KW,450.222,kW,GOOD
2025-03-09 16:00:00,MILL201.POWER_KW,449.915,kW,GOOD
2025-03-09 18:00:00,MILL201.POWER_KW,450.312,kW,GOOD
2025-03-09 20:00:00,MILL201.POWER_KW,449.495,kW,GOOD
2025-03-09 22:00:00,MILL201.POWER_KW,450.073,kW,GOOD
2025-03-10 00:00:00,MILL201.POWER_KW,450.776,kW,GOOD
2025-03-10 02:00:00,MILL201.POWER_KW,449.888,kW,GOOD
2025-03-10 04:00:00,MILL201.POWER_KW,450.922,kW,GOOD
2025-03-10 06:00:00,MILL201.POWER_KW,450.082,kW,GOOD
2025-03-10 08:00:00,MILL201.POWER_KW,449.972,kW,GOOD
2025-03-10 10:00:00,MILL201.POWER_KW,450.058,kW,GOOD
2025-03-10 12:00:00,MILL201.POWER_KW,449.844,kW,GOOD
2025-03-10 14:00:00,MILL201.POWER_KW,449.01,kW,GOOD
2025-03-10 16:00:00,MILL201.POWER_KW,450.44,kW,GOOD
2025-03-10 18:00:00,MILL201.POWER_KW,451.096,kW,GOOD
2025-03-10 20:00:00,MILL201.POWER_KW,450.24,kW,GOOD
2025-03-10 22:00:00,MILL201.POWER_KW,450.271,kW,GOOD
2025-03-11 00:00:00,MILL201.POWER_KW,449.909,kW,GOOD
2025-03-11 02:00:00,MILL201.POWER_KW,450.579,kW,GOOD
2025-03-11 04:00:00,MILL201.POWER_KW,449.98,kW,GOOD
2025-03-11 06:00:00,MILL201.POWER_KW,450.134,kW,GOOD
2025-03-11 08:00:00,MILL201.POWER_KW,449.217,kW,GOOD
2025-03-11 10:00:00,MILL201.POWER_KW,449.735,kW,BAD
2025-03-11 12:00:00,MILL201.POWER_KW,450.184,kW,GOOD
2025-03-11 14:00:00,MILL201.POWER_KW,450.454,kW,GOOD
2025-03-11 16:00:00,MILL201.POWER_KW,450.467,kW,GOOD
2025-03-11 18:00:00,MILL201.POWER_KW,449.21,kW,GOOD
2025-03-11 20:00:00,MILL201.POWER_KW,449.261,kW,GOOD
2025-03-11 22:00:00,MILL201.POWER_KW,450.292,kW,GOOD
2025-03-12 00:00:00,MILL201.POWER_KW,449.627,kW,GOOD
2025-03-12 02:00:00,MILL201.POWER_KW,450.447,kW,GOOD
2025-03-12 04:00:00,MILL201.POWER_KW,449.185,kW,GOOD
2025-03-12 06:00:00,MILL201.POWER_KW,449.951,kW,GOOD
2025-03-12 08:00:00,MILL201.POWER_KW,449.983,kW,GOOD
2025-03-12 10:00:00,MILL201.POWER_KW,450.24,kW,GOOD
2025-03-12 12:00:00,MILL201.POWER_KW,449.484,kW,GOOD
2025-03-12 14:00:00,MILL201.POWER_KW,449.017,kW,BAD
2025-03-12 16:00:00,MILL201.POWER_KW,450.086,kW,BAD
2025-03-12 18:00:00,MILL201.POWER_KW,450.263,kW,GOOD
2025-03-12 20:00:00,MILL201.POWER_KW,450.504,kW,GOOD
2025-03-12 22:00:00,MILL201.POWER_KW,449.821,kW,GOOD
2025-03-13 00:00:00,MILL201.POWER_KW,450.388,kW,GOOD
2025-03-13 02:00:00,MILL201.POWER_KW,450.243,kW,GOOD
2025-03-13 04:00:00,MILL201.POWER_KW,450.661,kW,GOOD
2025-03-13 06:00:00,MILL201.POWER_KW,449.972,kW,GOOD
2025-03-13 08:00:00,MILL201.POWER_KW,449.135,kW,GOOD
2025-03-13 10:00:00,MILL201.POWER_KW,449.966,kW,GOOD
2025-03-13 12:00:00,MILL201.POWER_KW,450.044,kW,GOOD
2025-03-13 14:00:00,MILL201.POWER_KW,450.259,kW,GOOD
2025-03-13 16:00:00,MILL201.POWER_KW,449.234,kW,GOOD
2025-03-13 18:00:00,MILL201.POWER_KW,449.844,kW,GOOD
2025-03-13 20:00:00,MILL201.POWER_KW,450.434,kW,GOOD
2025-03-13 22:00:00,MILL201.POWER_KW,449.948,kW,GOOD
2025-03-14 00:00:00,MILL201.POWER_KW,449.847,kW,GOOD
2025-03-14 02:00:00,MILL201.POWER_KW,450.953,kW,GOOD
2025-03-14 04:00:00,MILL201.POWER_KW,449.465,kW,GOOD
2025-03-14 06:00:00,MILL201.POWER_KW,450.617,kW,GOOD
2025-03-14 08:00:00,MILL201.POWER_KW,450.511,kW,GOOD
2025-03-14 10:00:00,MILL201.POWER_KW,449.887,kW,GOOD
2025-03-14 12:00:00,MILL201.POWER_KW,449.984,kW,GOOD
2025-03-14 14:00:00,MILL201.POWER_KW,449.982,kW,GOOD
2025-03-14 16:00:00,MILL201.POWER_KW,450.091,kW,GOOD
2025-03-14 18:00:00,MILL201.POWER_KW,449.703,kW,GOOD
2025-03-14 20:00:00,MILL201.POWER_KW,449.786,kW,GOOD
2025-03-14 22:00:00,MILL201.POWER_KW,449.822,kW,BAD
2025-03-15 00:00:00,MILL201.POWER_KW,449.838,kW,GOOD
2025-03-15 02:00:00,MILL201.POWER_KW,449.845,kW,GOOD
2025-03-15 04:00:00,MILL201.POWER_KW,448.88,kW,GOOD
2025-03-15 06:00:00,MILL201.POWER_KW,450.049,kW,GOOD
2025-03-15 08:00:00,MILL201.POWER_KW,449.736,kW,GOOD
2025-03-15 10:00:00,MILL201.POWER_KW,449.067,kW,GOOD
2025-03-15 12:00:00,MILL201.POWER_KW,449.825,kW,GOOD
2025-03-15 14:00:00,MILL201.POWER_KW,449.81,kW,GOOD
2025-03-15 16:00:00,MILL201.POWER_KW,450.638,kW,GOOD
2025-03-15 18:00:00,MILL201.POWER_KW,449.73,kW,BAD
2025-03-15 20:00:00,MILL201.POWER_KW,450.334,kW,GOOD
2025-03-15 22:00:00,MILL201.POWER_KW,450.691,kW,GOOD
2025-03-16 00:00:00,MILL201.POWER_KW,449.686,kW,GOOD
2025-03-16 02:00:00,MILL201.POWER_KW,449.976,kW,GOOD
2025-03-16 04:00:00,MILL201.POWER_KW,450.864,kW,GOOD
2025-03-16 06:00:00,MILL201.POWER_KW,450.114,kW,GOOD
2025-03-16 08:00:00,MILL201.POWER_KW,450.187,kW,GOOD
2025-03-16 10:00:00,MILL201.POWER_KW,449.796,kW,GOOD
2025-03-16 12:00:00,MILL201.POWER_KW,450.344,kW,GOOD
2025-03-16 14:00:00,MILL201.POWER_KW,449.98,kW,GOOD
2025-03-16 16:00:00,MILL201.POWER_KW,449.084,kW,GOOD
2025-03-16 18:00:00,MILL201.POWER_KW,449.822,kW,GOOD
2025-03-16 20:00:00,MILL201.POWER_KW,449.408,kW,GOOD
2025-03-16 22:00:00,MILL201.POWER_KW,450.056,kW,GOOD
2025-03-17 00:00:00,MILL201.POWER_KW,449.542,kW,GOOD
2025-03-17 02:00:00,MILL201.POWER_KW,450.239,kW,GOOD
2025-03-17 04:00:00,MILL201.POWER_KW,450.022,kW,GOOD
2025-03-17 06:00:00,MILL201.POWER_KW,449.376,kW,GOOD
2025-03-17 08:00:00,MILL201.POWER_KW,449.754,kW,GOOD
2025-03-17 10:00:00,MILL201.POWER_KW,450.31,kW,GOOD
2025-03-17 12:00:00,MILL201.POWER_KW,450.574,kW,GOOD
2025-03-17 14:00:00,MILL201.POWER_KW,449.549,kW,GOOD
2025-03-17 16:00:00,MILL201.POWER_KW,449.451,kW,GOOD
2025-03-17 18:00:00,MILL201.POWER_KW,450.975,kW,GOOD
2025-03-17 20:00:00,MILL201.POWER_KW,449.995,kW,GOOD
2025-03-17 22:00:00,MILL201.POWER_KW,450.046,kW,GOOD
2025-03-18 00:00:00,MILL201.POWER_KW,449.63,kW,GOOD
2025-03-18 02:00:00,MILL201.POWER_KW,450.108,kW,GOOD
2025-03-18 04:00:00,MILL201.POWER_KW,450.858,kW,GOOD
2025-03-18 06:00:00,MILL201.POWER_KW,450.127,kW,GOOD
2025-03-18 08:00:00,MILL201.POWER_KW,450.532,kW,GOOD
2025-03-18 10:00:00,MILL201.POWER_KW,450.014,kW,GOOD
2025-03-18 12:00:00,MILL201.POWER_KW,449.487,kW,GOOD
2025-03-18 14:00:00,MILL201.POWER_KW,449.658,kW,GOOD
2025-03-18 16:00:00,MILL201.POWER_KW,449.441,kW,GOOD
2025-03-18 18:00:00,MILL201.POWER_KW,450.109,kW,GOOD
2025-03-18 20:00:00,MILL201.POWER_KW,450.612,kW,GOOD
2025-03-18 22:00:00,MILL201.POWER_KW,450.081,kW,GOOD
2025-03-19 00:00:00,MILL201.POWER_KW,449.846,kW,GOOD
2025-03-19 02:00:00,MILL201.POWER_KW,449.605,kW,GOOD
2025-03-19 04:00:00,MILL201.POWER_KW,450.178,kW,GOOD
2025-03-19 06:00:00,MILL201.POWER_KW,449.381,kW,GOOD
2025-03-19 08:00:00,MILL201.POWER_KW,449.433,kW,GOOD
2025-03-19 10:00:00,MILL201.POWER_KW,450.45,kW,GOOD
2025-03-19 12:00:00,MILL201.POWER_KW,449.861,kW,GOOD
2025-03-19 14:00:00,MILL201.POWER_KW,449.851,kW,GOOD
2025-03-19 16:00:00,MILL201.POWER_KW,449.915,kW,GOOD
2025-03-19 18:00:00,MILL201.POWER_KW,450.363,kW,GOOD
2025-03-19 20:00:00,MILL201.POWER_KW,450.083,kW,GOOD
2025-03-19 22:00:00,MILL201.POWER_KW,449.628,kW,GOOD
2025-03-20 00:00:00,MILL201.POWER_KW,449.646,kW,GOOD
2025-03-20 02:00:00,MILL201.POWER_KW,449.902,kW,GOOD
2025-03-20 04:00:00,MILL201.POWER_KW,450.151,kW,GOOD
2025-03-20 06:00:00,MILL201.POWER_KW,449.982,kW,GOOD
2025-03-20 08:00:00,MILL201.POWER_KW,449.938,kW,GOOD
2025-03-20 10:00:00,MILL201.POWER_KW,450.023,kW,GOOD
2025-03-20 12:00:00,MILL201.POWER_KW,449.982,kW,GOOD
2025-03-20 14:00:00,MILL201.POWER_KW,449.61,kW,GOOD
2025-03-20 16:00:00,MILL201.POWER_KW,450.554,kW,GOOD
2025-03-20 18:00:00,MILL201.POWER_KW,449.759,kW,GOOD
2025-03-20 20:00:00,MILL201.POWER_KW,450.065,kW,GOOD
2025-03-20 22:00:00,MILL201.POWER_KW,448.97,kW,GOOD
2025-03-21 00:00:00,MILL201.POWER_KW,449.892,kW,GOOD
2025-03-21 02:00:00,MILL201.POWER_KW,449.45,kW,GOOD
2025-03-21 04:00:00,MILL201.POWER_KW,449.51,kW,GOOD
2025-03-21 06:00:00,MILL201.POWER_KW,451.211,kW,GOOD
2025-03-21 08:00:00,MILL201.POWER_KW,450.125,kW,GOOD
2025-03-21 10:00:00,MILL201.POWER_KW,450.613,kW,GOOD
2025-03-21 12:00:00,MILL201.POWER_KW,450.428,kW,GOOD
2025-03-21 14:00:00,MILL201.POWER_KW,450.492,kW,GOOD
2025-03-21 16:00:00,MILL201.POWER_KW,449.9,kW,GOOD
2025-03-21 18:00:00,MILL201.POWER_KW,450.803,kW,GOOD
2025-03-21 20:00:00,MILL201.POWER_KW,450.423,kW,GOOD
2025-03-21 22:00:00,MILL201.POWER_KW,450.021,kW,GOOD
2025-03-22 00:00:00,MILL201.POWER_KW,450.132,kW,GOOD
2025-03-22 02:00:00,MILL201.POWER_KW,449.932,kW,GOOD
2025-03-22 04:00:00,MILL201.POWER_KW,450.026,kW,GOOD
2025-03-22 06:00:00,MILL201.POWER_KW,449.978,kW,GOOD
2025-03-22 08:00:00,MILL201.POWER_KW,450.191,kW,GOOD
2025-03-22 10:00:00,MILL201.POWER_KW,450.87,kW,GOOD
2025-03-22 12:00:00,MILL201.POWER_KW,449.397,kW,GOOD
2025-03-22 14:00:00,MILL201.POWER_KW,450.571,kW,GOOD
2025-03-22 16:00:00,MILL201.POWER_KW,449.816,kW,GOOD
2025-03-22 18:00:00,MILL201.POWER_KW,450.635,kW,GOOD
2025-03-22 20:00:00,MILL201.POWER_KW,449.833,kW,GOOD
2025-03-22 22:00:00,MILL201.POWER_KW,450.206,kW,GOOD
2025-03-23 00:00:00,MILL201.POWER_KW,449.921,kW,GOOD
2025-03-23 02:00:00,MILL201.POWER_KW,449.135,kW,GOOD
2025-03-23 04:00:00,MILL201.POWER_KW,450.869,kW,GOOD
2025-03-23 06:00:00,MILL201.POWER_KW,449.529,kW,GOOD
2025-03-23 08:00:00,MILL201.POWER_KW,450.042,kW,GOOD
2025-03-23 10:00:00,MILL201.POWER_KW,449.474,kW,GOOD
2025-03-23 12:00:00,MILL201.POWER_KW,449.331,kW,GOOD
2025-03-23 14:00:00,MILL201.POWER_KW,449.898,kW,GOOD
2025-03-23 16:00:00,MILL201.POWER_KW,449.703,kW,GOOD
2025-03-23 18:00:00,MILL201.POWER_KW,449.416,kW,GOOD
2025-03-23 20:00:00,MILL201.POWER_KW,449.982,kW,GOOD
2025-03-23 22:00:00,MILL201.POWER_KW,449.259,kW,GOOD
2025-03-24 00:00:00,MILL201.POWER_KW,450.063,kW,GOOD
2025-03-24 02:00:00,MILL201.POWER_KW,449.936,kW,GOOD
2025-03-24 04:00:00,MILL201.POWER_KW,448.76,kW,GOOD
2025-03-24 06:00:00,MILL201.POWER_KW,449.738,kW,GOOD
2025-03-24 08:00:00,MILL201.POWER_KW,450.234,kW,GOOD
2025-03-24 10:00:00,MILL201.POWER_KW,449.468,kW,GOOD
2025-03-24 12:00:00,MILL201.POWER_KW,450.256,kW,GOOD
2025-03-24 14:00:00,MILL201.POWER_KW,450.216,kW,GOOD
2025-03-24 16:00:00,MILL201.POWER_KW,449.491,kW,GOOD
2025-03-24 18:00:00,MILL201.POWER_KW,449.994,kW,GOOD
2025-03-24 20:00:00,MILL201.POWER_KW,450.412,kW,GOOD
2025-03-24 22:00:00,MILL201.POWER_KW,449.562,kW,GOOD
2025-03-25 00:00:00,MILL201.POWER_KW,449.897,kW,GOOD
2025-03-25 02:00:00,MILL201.POWER_KW,450.575,kW,GOOD
2025-03-25 04:00:00,MILL201.POWER_KW,449.571,kW,GOOD
2025-03-25 06:00:00,MILL201.POWER_KW,450.23,kW,GOOD
2025-03-25 08:00:00,MILL201.POWER_KW,449.46,kW,GOOD
2025-03-25 10:00:00,MILL201.POWER_KW,449.92,kW,GOOD
2025-03-25 12:00:00,MILL201.POWER_KW,450.223,kW,GOOD
2025-03-25 14:00:00,MILL201.POWER_KW,448.798,kW,GOOD
2025-03-25 16:00:00,MILL201.POWER_KW,449.733,kW,GOOD
2025-03-25 18:00:00,MILL201.POWER_KW,450.215,kW,GOOD
2025-03-25 20:00:00,MILL201.POWER_KW,450.113,kW,GOOD
2025-03-25 22:00:00,MILL201.POWER_KW,449.739,kW,GOOD
2025-03-26 00:00:00,MILL201.POWER_KW,449.448,kW,GOOD
2025-03-26 02:00:00,MILL201.POWER_KW,450.314,kW,BAD
2025-03-26 04:00:00,MILL201.POWER_KW,449.839,kW,GOOD
2025-03-26 06:00:00,MILL201.POWER_KW,450.273,kW,GOOD
2025-03-26 08:00:00,MILL201.POWER_KW,450.19,kW,GOOD
2025-03-26 10:00:00,MILL201.POWER_KW,449.776,kW,GOOD
2025-03-26 12:00:00,MILL201.POWER_KW,450.536,kW,GOOD
2025-03-26 14:00:00,MILL201.POWER_KW,449.703,kW,GOOD
2025-03-26 16:00:00,MILL201.POWER_KW,450.595,kW,GOOD
2025-03-26 18:00:00,MILL201.POWER_KW,450.661,kW,GOOD
2025-03-26 20:00:00,MILL201.POWER_KW,450.525,kW,GOOD
2025-03-26 22:00:00,MILL201.POWER_KW,449.91,kW,GOOD
2025-03-27 00:00:00,MILL201.POWER_KW,451.274,kW,GOOD
2025-03-27 02:00:00,MILL201.POWER_KW,450.076,kW,GOOD
2025-03-27 04:00:00,MILL201.POWER_KW,450.121,kW,GOOD
2025-03-27 06:00:00,MILL201.POWER_KW,449.989,kW,GOOD
2025-03-27 08:00:00,MILL201.POWER_KW,449.435,kW,GOOD
2025-03-27 10:00:00,MILL201.POWER_KW,450.648,kW,GOOD
2025-03-27 12:00:00,MILL201.POWER_KW,449.714,kW,GOOD
2025-03-27 14:00:00,MILL201.POWER_KW,450.46,kW,GOOD
2025-03-27 16:00:00,MILL201.POWER_KW,450.58,kW,GOOD
2025-03-27 18:00:00,MILL201.POWER_KW,450.302,kW,GOOD
2025-03-27 20:00:00,MILL201.POWER_KW,449.654,kW,GOOD
2025-03-27 22:00:00,MILL201.POWER_KW,449.829,kW,GOOD
2025-03-28 00:00:00,MILL201.POWER_KW,448.661,kW,GOOD
2025-03-28 02:00:00,MILL201.POWER_KW,449.942,kW,GOOD
2025-03-28 04:00:00,MILL201.POWER_KW,450.401,kW,GOOD
2025-03-28 06:00:00,MILL201.POWER_KW,449.881,kW,GOOD
2025-03-28 08:00:00,MILL201.POWER_KW,449.705,kW,GOOD
2025-03-28 10:00:00,MILL201.POWER_KW,449.851,kW,GOOD
2025-03-28 12:00:00,MILL201.POWER_KW,450.608,kW,GOOD
2025-03-28 14:00:00,MILL201.POWER_KW,449.973,kW,GOOD
2025-03-28 16:00:00,MILL201.POWER_KW,450.929,kW,GOOD
2025-03-28 18:00:00,MILL201.POWER_KW,449.715,kW,GOOD
2025-03-28 20:00:00,MILL201.POWER_KW,450.109,kW,GOOD
2025-03-28 22:00:00,MILL201.POWER_KW,449.783,kW,GOOD
2025-03-29 00:00:00,MILL201.POWER_KW,451.037,kW,GOOD
2025-03-29 02:00:00,MILL201.POWER_KW,450.09,kW,GOOD
2025-03-29 04:00:00,MILL201.POWER_KW,451.064,kW,GOOD
2025-03-29 06:00:00,MILL201.POWER_KW,449.79,kW,GOOD
2025-03-29 08:00:00,MILL201.POWER_KW,450.764,kW,GOOD
2025-03-29 10:00:00,MILL201.POWER_KW,450.059,kW,GOOD
2025-03-29 12:00:00,MILL201.POWER_KW,450.418,kW,GOOD
2025-03-29 14:00:00,MILL201.POWER_KW,449.39,kW,GOOD
2025-03-29 16:00:00,MILL201.POWER_KW,450.174,kW,GOOD
2025-03-29 18:00:00,MILL201.POWER_KW,449.465,kW,GOOD
2025-03-29 20:00:00,MILL201.POWER_KW,450.129,kW,GOOD
2025-03-29 22:00:00,MILL201.POWER_KW,449.241,kW,GOOD
2025-03-30 00:00:00,MILL201.POWER_KW,449.953,kW,GOOD
2025-03-30 02:00:00,MILL201.POWER_KW,450.548,kW,GOOD
2025-03-30 04:00:00,MILL201.POWER_KW,450.274,kW,GOOD
2025-03-30 06:00:00,MILL201.POWER_KW,449.383,kW,GOOD
2025-03-30 08:00:00,MILL201.POWER_KW,449.051,kW,GOOD
2025-03-30 10:00:00,MILL201.POWER_KW,450.248,kW,GOOD
2025-03-30 12:00:00,MILL201.POWER_KW,450.791,kW,GOOD
2025-03-30 14:00:00,MILL201.POWER_KW,449.518,kW,GOOD
2025-03-30 16:00:00,MILL201.POWER_KW,451.049,kW,GOOD
2025-03-30 18:00:00,MILL201.POWER_KW,449.997,kW,GOOD
2025-03-30 20:00:00,MILL201.POWER_KW,449.021,kW,GOOD
2025-03-30 22:00:00,MILL201.POWER_KW,449.22,kW,GOOD
2025-03-31 00:00:00,MILL201.POWER_KW,450.385,kW,GOOD
2025-03-31 02:00:00,MILL201.POWER_KW,450.065,kW,GOOD
2025-03-31 04:00:00,MILL201.POWER_KW,450.741,kW,GOOD
2025-03-31 06:00:00,MILL201.POWER_KW,449.401,kW,GOOD
2025-03-31 08:00:00,MILL201.POWER_KW,450.059,kW,GOOD
2025-03-31 10:00:00,MILL201.POWER_KW,450.003,kW,GOOD
2025-03-31 12:00:00,MILL201.POWER_KW,449.928,kW,GOOD
2025-03-31 14:00:00,MILL201.POWER_KW,449.809,kW,GOOD
2025-03-31 16:00:00,MILL201.POWER_KW,449.819,kW,GOOD
2025-03-31 18:00:00,MILL201.POWER_KW,450.087,kW,GOOD
2025-03-31 20:00:00,MILL201.POWER_KW,450.151,kW,GOOD
2025-03-31 22:00:00,MILL201.POWER_KW,450.126,kW,GOOD
2025-04-01 00:00:00,MILL201.POWER_KW,450.603,kW,GOOD
2025-04-01 02:00:00,MILL201.POWER_KW,449.399,kW,GOOD
2025-04-01 04:00:00,MILL201.POWER_KW,449.094,kW,GOOD
2025-04-01 06:00:00,MILL201.POWER_KW,450.508,kW,GOOD
2025-04-01 08:00:00,MILL201.POWER_KW,449.528,kW,GOOD
2025-04-01 10:00:00,MILL201.POWER_KW,449.81,kW,GOOD
2025-04-01 12:00:00,MILL201.POWER_KW,449.694,kW,GOOD
2025-04-01 14:00:00,MILL201.POWER_KW,449.683,kW,GOOD
2025-04-01 16:00:00,MILL201.POWER_KW,449.271,kW,GOOD
2025-04-01 18:00:00,MILL201.POWER_KW,449.715,kW,GOOD
2025-04-01 20:00:00,MILL201.POWER_KW,450.325,kW,GOOD
2025-04-01 22:00:00,MILL201.POWER_KW,449.998,kW,GOOD
2025-04-02 00:00:00,MILL201.POWER_KW,450.252,kW,GOOD
2025-04-02 02:00:00,MILL201.POWER_KW,449.752,kW,GOOD
2025-04-02 04:00:00,MILL201.POWER_KW,450.451,kW,GOOD
2025-04-02 06:00:00,MILL201.POWER_KW,449.746,kW,GOOD
2025-04-02 08:00:00,MILL201.POWER_KW,448.946,kW,GOOD
2025-04-02 10:00:00,MILL201.POWER_KW,450.158,kW,GOOD
2025-04-02 12:00:00,MILL201.POWER_KW,450.384,kW,GOOD
2025-04-02 14:00:00,MILL201.POWER_KW,449.72,kW,GOOD
2025-04-02 16:00:00,MILL201.POWER_KW,450.6,kW,GOOD
2025-04-02 18:00:00,MILL201.POWER_KW,449.575,kW,GOOD
2025-04-02 20:00:00,MILL201.POWER_KW,450.335,kW,GOOD
2025-04-02 22:00:00,MILL201.POWER_KW,450.872,kW,GOOD
2025-04-03 00:00:00,MILL201.POWER_KW,450.018,kW,GOOD
2025-04-03 02:00:00,MILL201.POWER_KW,449.887,kW,GOOD
2025-04-03 04:00:00,MILL201.POWER_KW,449.947,kW,GOOD
2025-04-03 06:00:00,MILL201.POWER_KW,450.814,kW,BAD
2025-04-03 08:00:00,MILL201.POWER_KW,450.201,kW,GOOD
2025-04-03 10:00:00,MILL201.POWER_KW,451.072,kW,GOOD
2025-04-03 12:00:00,MILL201.POWER_KW,450.14,kW,GOOD
2025-04-03 14:00:00,MILL201.POWER_KW,449.673,kW,GOOD
2025-04-03 16:00:00,MILL201.POWER_KW,449.708,kW,GOOD
2025-04-03 18:00:00,MILL201.POWER_KW,450.031,kW,GOOD
2025-04-03 20:00:00,MILL201.POWER_KW,448.979,kW,GOOD
2025-04-03 22:00:00,MILL201.POWER_KW,449.763,kW,GOOD
2025-04-04 00:00:00,MILL201.POWER_KW,449.774,kW,GOOD
2025-04-04 02:00:00,MILL201.POWER_KW,450.12,kW,GOOD
2025-04-04 04:00:00,MILL201.POWER_KW,450.971,kW,GOOD
2025-04-04 06:00:00,MILL201.POWER_KW,450.027,kW,GOOD
2025-04-04 08:00:00,MILL201.POWER_KW,449.039,kW,GOOD
2025-04-04 10:00:00,MILL201.POWER_KW,449.543,kW,GOOD
2025-04-04 12:00:00,MILL201.POWER_KW,450.131,kW,GOOD
2025-04-04 14:00:00,MILL201.POWER_KW,450.046,kW,GOOD
2025-04-04 16:00:00,MILL201.POWER_KW,450.812,kW,GOOD
2025-04-04 18:00:00,MILL201.POWER_KW,450.48,kW,GOOD
2025-04-04 20:00:00,MILL201.POWER_KW,450.465,kW,GOOD
2025-04-04 22:00:00,MILL201.POWER_KW,449.891,kW,GOOD
2025-04-05 00:00:00,MILL201.POWER_KW,450.55,kW,GOOD
2025-04-05 02:00:00,MILL201.POWER_KW,449.552,kW,GOOD
2025-04-05 04:00:00,MILL201.POWER_KW,450.484,kW,GOOD
2025-04-05 06:00:00,MILL201.POWER_KW,449.859,kW,GOOD
2025-04-05 08:00:00,MILL201.POWER_KW,449.276,kW,GOOD
2025-04-05 10:00:00,MILL201.POWER_KW,450.297,kW,GOOD
2025-04-05 12:00:00,MILL201.POWER_KW,450.699,kW,GOOD
2025-04-05 14:00:00,MILL201.POWER_KW,449.797,kW,GOOD
2025-04-05 16:00:00,MILL201.POWER_KW,450.781,kW,GOOD
2025-04-05 18:00:00,MILL201.POWER_KW,449.172,kW,GOOD
2025-04-05 20:00:00,MILL201.POWER_KW,449.402,kW,GOOD
2025-04-05 22:00:00,MILL201.POWER_KW,449.927,kW,GOOD
2025-04-06 00:00:00,MILL201.POWER_KW,449.815,kW,GOOD
2025-04-06 02:00:00,MILL201.POWER_KW,449.666,kW,GOOD
2025-04-06 04:00:00,MILL201.POWER_KW,450.067,kW,GOOD
2025-04-06 06:00:00,MILL201.POWER_KW,449.736,kW,GOOD
2025-04-06 08:00:00,MILL201.POWER_KW,449.821,kW,GOOD
2025-04-06 10:00:00,MILL201.POWER_KW,450.139,kW,GOOD
2025-04-06 12:00:00,MILL201.POWER_KW,449.666,kW,GOOD
2025-04-06 14:00:00,MILL201.POWER_KW,449.947,kW,GOOD
2025-04-06 16:00:00,MILL201.POWER_KW,449.677,kW,GOOD
2025-04-06 18:00:00,MILL201.POWER_KW,449.397,kW,GOOD
2025-04-06 20:00:00,MILL201.POWER_KW,450.382,kW,GOOD
2025-04-06 22:00:00,MILL201.POWER_KW,450.854,kW,GOOD
2025-04-07 00:00:00,MILL201.POWER_KW,450.532,kW,GOOD
2025-04-07 02:00:00,MILL201.POWER_KW,450.166,kW,GOOD
2025-04-07 04:00:00,MILL201.POWER_KW,449.679,kW,GOOD
2025-04-07 06:00:00,MILL201.POWER_KW,449.857,kW,GOOD
2025-04-07 08:00:00,MILL201.POWER_KW,450.529,kW,GOOD
2025-04-07 10:00:00,MILL201.POWER_KW,448.859,kW,GOOD
2025-04-07 12:00:00,MILL201.POWER_KW,449.818,kW,GOOD
2025-04-07 14:00:00,MILL201.POWER_KW,450.367,kW,GOOD
2025-04-07 16:00:00,MILL201.POWER_KW,449.431,kW,GOOD
2025-04-07 18:00:00,MILL201.POWER_KW,450.212,kW,GOOD
2025-04-07 20:00:00,MILL201.POWER_KW,450.188,kW,GOOD
2025-04-07 22:00:00,MILL201.POWER_KW,449.273,kW,GOOD
2025-04-08 00:00:00,MILL201.POWER_KW,450.043,kW,GOOD
2025-04-08 02:00:00,MILL201.POWER_KW,449.691,kW,GOOD
2025-04-08 04:00:00,MILL201.POWER_KW,450.208,kW,GOOD
2025-04-08 06:00:00,MILL201.POWER_KW,450.335,kW,GOOD
2025-04-08 08:00:00,MILL201.POWER_KW,450.199,kW,GOOD
2025-04-08 10:00:00,MILL201.POWER_KW,450.036,kW,GOOD
2025-04-08 12:00:00,MILL201.POWER_KW,450.144,kW,GOOD
2025-04-08 14:00:00,MILL201.POWER_KW,449.412,kW,GOOD
2025-04-08 16:00:00,MILL201.POWER_KW,449.985,kW,GOOD
2025-04-08 18:00:00,MILL201.POWER_KW,449.602,kW,GOOD
2025-04-08 20:00:00,MILL201.POWER_KW,450.516,kW,GOOD
2025-04-08 22:00:00,MILL201.POWER_KW,450.342,kW,GOOD
2025-04-09 00:00:00,MILL201.POWER_KW,450.34,kW,GOOD
2025-04-09 02:00:00,MILL201.POWER_KW,450.857,kW,GOOD
2025-04-09 04:00:00,MILL201.POWER_KW,449.835,kW,GOOD
2025-04-09 06:00:00,MILL201.POWER_KW,449.725,kW,GOOD
2025-04-09 08:00:00,MILL201.POWER_KW,449.823,kW,GOOD
2025-04-09 10:00:00,MILL201.POWER_KW,449.199,kW,GOOD
2025-04-09 12:00:00,MILL201.POWER_KW,449.238,kW,GOOD
2025-04-09 14:00:00,MILL201.POWER_KW,450.311,kW,GOOD
2025-04-09 16:00:00,MILL201.POWER_KW,449.302,kW,GOOD
2025-04-09 18:00:00,MILL201.POWER_KW,449.463,kW,GOOD
2025-04-09 20:00:00,MILL201.POWER_KW,449.949,kW,GOOD
2025-04-09 22:00:00,MILL201.POWER_KW,449.794,kW,GOOD
2025-04-10 00:00:00,MILL201.POWER_KW,450.443,kW,GOOD
2025-04-10 02:00:00,MILL201.POWER_KW,450.03,kW,GOOD
2025-04-10 04:00:00,MILL201.POWER_KW,449.601,kW,GOOD
2025-04-10 06:00:00,MILL201.POWER_KW,450.486,kW,GOOD
2025-04-10 08:00:00,MILL201.POWER_KW,450.364,kW,GOOD
2025-04-10 10:00:00,MILL201.POWER_KW,449.295,kW,GOOD
2025-04-10 12:00:00,MILL201.POWER_KW,450.126,kW,GOOD
2025-04-10 14:00:00,MILL201.POWER_KW,449.642,kW,GOOD
2025-04-10 16:00:00,MILL201.POWER_KW,449.629,kW,GOOD
2025-04-10 18:00:00,MILL201.POWER_KW,450.935,kW,GOOD
2025-04-10 20:00:00,MILL201.POWER_KW,450.062,kW,GOOD
2025-04-10 22:00:00,MILL201.POWER_KW,449.891,kW,GOOD
2025-04-11 00:00:00,MILL201.POWER_KW,450.042,kW,GOOD
2025-04-11 02:00:00,MILL201.POWER_KW,450.437,kW,GOOD
2025-04-11 04:00:00,MILL201.POWER_KW,449.649,kW,GOOD
2025-04-11 06:00:00,MILL201.POWER_KW,449.735,kW,GOOD
2025-04-11 08:00:00,MILL201.POWER_KW,450.328,kW,GOOD
2025-04-11 10:00:00,MILL201.POWER_KW,449.242,kW,GOOD
2025-04-11 12:00:00,MILL201.POWER_KW,450.495,kW,GOOD
2025-04-11 14:00:00,MILL201.POWER_KW,449.197,kW,GOOD
2025-04-11 16:00:00,MILL201.POWER_KW,449.877,kW,GOOD
2025-04-11 18:00:00,MILL201.POWER_KW,449.201,kW,GOOD
2025-04-11 20:00:00,MILL201.POWER_KW,449.472,kW,GOOD
2025-04-11 22:00:00,MILL201.POWER_KW,450.649,kW,GOOD
2025-04-12 00:00:00,MILL201.POWER_KW,450.522,kW,GOOD
2025-04-12 02:00:00,MILL201.POWER_KW,450.576,kW,GOOD
2025-04-12 04:00:00,MILL201.POWER_KW,449.276,kW,GOOD
2025-04-12 06:00:00,MILL201.POWER_KW,449.474,kW,GOOD
2025-04-12 08:00:00,MILL201.POWER_KW,450.17,kW,GOOD
2025-04-12 10:00:00,MILL201.POWER_KW,450.358,kW,GOOD
2025-04-12 12:00:00,MILL201.POWER_KW,449.6,kW,GOOD
2025-04-12 14:00:00,MILL201.POWER_KW,449.711,kW,GOOD
2025-04-12 16:00:00,MILL201.POWER_KW,449.434,kW,GOOD
2025-04-12 18:00:00,MILL201.POWER_KW,450.829,kW,GOOD
2025-04-12 20:00:00,MILL201.POWER_KW,449.763,kW,GOOD
2025-04-12 22:00:00,MILL201.POWER_KW,450.016,kW,GOOD
2025-04-13 00:00:00,MILL201.POWER_KW,450.042,kW,GOOD
2025-04-13 02:00:00,MILL201.POWER_KW,450.553,kW,GOOD
2025-04-13 04:00:00,MILL201.POWER_KW,449.524,kW,GOOD
2025-04-13 06:00:00,MILL201.POWER_KW,450.584,kW,GOOD
2025-04-13 08:00:00,MILL201.POWER_KW,449.361,kW,GOOD
2025-04-13 10:00:00,MILL201.POWER_KW,450.583,kW,GOOD
2025-04-13 12:00:00,MILL201.POWER_KW,449.142,kW,GOOD
2025-04-13 14:00:00,MILL201.POWER_KW,449.948,kW,GOOD
2025-04-13 16:00:00,MILL201.POWER_KW,450.813,kW,GOOD
2025-04-13 18:00:00,MILL201.POWER_KW,450.349,kW,GOOD
2025-04-13 20:00:00,MILL201.POWER_KW,450.211,kW,BAD
2025-04-13 22:00:00,MILL201.POWER_KW,449.476,kW,GOOD
2025-04-14 00:00:00,MILL201.POWER_KW,449.633,kW,GOOD
2025-04-14 02:00:00,MILL201.POWER_KW,450.672,kW,GOOD
2025-04-14 04:00:00,MILL201.POWER_KW,450.236,kW,GOOD
2025-04-14 06:00:00,MILL201.POWER_KW,450.445,kW,GOOD
2025-04-14 08:00:00,MILL201.POWER_KW,450.037,kW,GOOD
2025-04-14 10:00:00,MILL201.POWER_KW,449.859,kW,GOOD
2025-04-14 12:00:00,MILL201.POWER_KW,450.383,kW,GOOD
2025-04-14 14:00:00,MILL201.POWER_KW,450.13,kW,GOOD
2025-04-14 16:00:00,MILL201.POWER_KW,449.915,kW,GOOD
2025-04-14 18:00:00,MILL201.POWER_KW,449.293,kW,GOOD
2025-04-14 20:00:00,MILL201.POWER_KW,450.477,kW,GOOD
2025-04-14 22:00:00,MILL201.POWER_KW,450.22,kW,GOOD
2025-04-15 00:00:00,MILL201.POWER_KW,449.697,kW,BAD
2025-04-15 02:00:00,MILL201.POWER_KW,450.59,kW,GOOD
2025-04-15 04:00:00,MILL201.POWER_KW,450.122,kW,GOOD
2025-04-15 06:00:00,MILL201.POWER_KW,450.132,kW,GOOD
2025-04-15 08:00:00,MILL201.POWER_KW,450.442,kW,GOOD
2025-04-15 10:00:00,MILL201.POWER_KW,450.334,kW,GOOD
2025-04-15 12:00:00,MILL201.POWER_KW,450.147,kW,GOOD
2025-04-15 14:00:00,MILL201.POWER_KW,449.906,kW,GOOD
2025-04-15 16:00:00,MILL201.POWER_KW,450.992,kW,GOOD
2025-04-15 18:00:00,MILL201.POWER_KW,449.633,kW,GOOD
2025-04-15 20:00:00,MILL201.POWER_KW,450.373,kW,BAD
2025-04-15 22:00:00,MILL201.POWER_KW,449.958,kW,GOOD
2025-04-16 00:00:00,MILL201.POWER_KW,450.227,kW,GOOD
2025-04-16 02:00:00,MILL201.POWER_KW,450.617,kW,GOOD
2025-04-16 04:00:00,MILL201.POWER_KW,449.844,kW,GOOD
2025-04-16 06:00:00,MILL201.POWER_KW,450.301,kW,GOOD
2025-04-16 08:00:00,MILL201.POWER_KW,450.133,kW,GOOD
2025-04-16 10:00:00,MILL201.POWER_KW,449.679,kW,GOOD
2025-04-16 12:00:00,MILL201.POWER_KW,450.629,kW,GOOD
2025-04-16 14:00:00,MILL201.POWER_KW,450.356,kW,GOOD
2025-04-16 16:00:00,MILL201.POWER_KW,449.783,kW,GOOD
2025-04-16 18:00:00,MILL201.POWER_KW,450.552,kW,GOOD
2025-04-16 20:00:00,MILL201.POWER_KW,449.584,kW,GOOD
2025-04-16 22:00:00,MILL201.POWER_KW,449.986,kW,GOOD
2025-04-17 00:00:00,MILL201.POWER_KW,449.785,kW,GOOD
2025-04-17 02:00:00,MILL201.POWER_KW,450.376,kW,GOOD
2025-04-17 04:00:00,MILL201.POWER_KW,449.76,kW,GOOD
2025-04-17 06:00:00,MILL201.POWER_KW,450.379,kW,GOOD
2025-04-17 08:00:00,MILL201.POWER_KW,450.297,kW,GOOD
2025-04-17 10:00:00,MILL201.POWER_KW,449.812,kW,GOOD
2025-04-17 12:00:00,MILL201.POWER_KW,450.915,kW,GOOD
2025-04-17 14:00:00,MILL201.POWER_KW,449.627,kW,GOOD
2025-04-17 16:00:00,MILL201.POWER_KW,449.295,kW,GOOD
2025-04-17 18:00:00,MILL201.POWER_KW,450.428,kW,BAD
2025-04-17 20:00:00,MILL201.POWER_KW,448.925,kW,GOOD
2025-04-17 22:00:00,MILL201.POWER_KW,450.746,kW,GOOD
2025-04-18 00:00:00,MILL201.POWER_KW,450.051,kW,GOOD
2025-04-18 02:00:00,MILL201.POWER_KW,449.287,kW,GOOD
2025-04-18 04:00:00,MILL201.POWER_KW,449.526,kW,GOOD
2025-04-18 06:00:00,MILL201.POWER_KW,449.183,kW,GOOD
2025-04-18 08:00:00,MILL201.POWER_KW,450.191,kW,BAD
2025-04-18 10:00:00,MILL201.POWER_KW,449.337,kW,GOOD
2025-04-18 12:00:00,MILL201.POWER_KW,450.251,kW,GOOD
2025-04-18 14:00:00,MILL201.POWER_KW,449.848,kW,GOOD
2025-04-18 16:00:00,MILL201.POWER_KW,449.762,kW,GOOD
2025-04-18 18:00:00,MILL201.POWER_KW,450.255,kW,GOOD
2025-04-18 20:00:00,MILL201.POWER_KW,450.312,kW,GOOD
2025-04-18 22:00:00,MILL201.POWER_KW,450.573,kW,GOOD
2025-04-19 00:00:00,MILL201.POWER_KW,449.683,kW,GOOD
2025-04-19 02:00:00,MILL201.POWER_KW,449.985,kW,GOOD
2025-04-19 04:00:00,MILL201.POWER_KW,449.682,kW,GOOD
2025-04-19 06:00:00,MILL201.POWER_KW,450.081,kW,GOOD
2025-04-19 08:00:00,MILL201.POWER_KW,449.611,kW,GOOD
2025-04-19 10:00:00,MILL201.POWER_KW,449.788,kW,GOOD
2025-04-19 12:00:00,MILL201.POWER_KW,449.79,kW,GOOD
2025-04-19 14:00:00,MILL201.POWER_KW,450.147,kW,GOOD
2025-04-19 16:00:00,MILL201.POWER_KW,450.001,kW,GOOD
2025-04-19 18:00:00,MILL201.POWER_KW,450.253,kW,GOOD
2025-04-19 20:00:00,MILL201.POWER_KW,449.947,kW,GOOD
2025-04-19 22:00:00,MILL201.POWER_KW,449.71,kW,GOOD
2025-04-20 00:00:00,MILL201.POWER_KW,450.096,kW,GOOD
2025-04-20 02:00:00,MILL201.POWER_KW,449.541,kW,GOOD
2025-04-20 04:00:00,MILL201.POWER_KW,450.285,kW,GOOD
2025-04-20 06:00:00,MILL201.POWER_KW,449.857,kW,GOOD
2025-04-20 08:00:00,MILL201.POWER_KW,450.102,kW,GOOD
2025-04-20 10:00:00,MILL201.POWER_KW,450.11,kW,GOOD
2025-04-20 12:00:00,MILL201.POWER_KW,450.801,kW,GOOD
2025-04-20 14:00:00,MILL201.POWER_KW,450.191,kW,GOOD
2025-04-20 16:00:00,MILL201.POWER_KW,450.037,kW,GOOD
2025-04-20 18:00:00,MILL201.POWER_KW,449.654,kW,GOOD
2025-04-20 20:00:00,MILL201.POWER_KW,450.401,kW,GOOD
2025-04-20 22:00:00,MILL201.POWER_KW,449.865,kW,GOOD
2025-04-21 00:00:00,MILL201.POWER_KW,449.237,kW,GOOD
2025-04-21 02:00:00,MILL201.POWER_KW,449.902,kW,GOOD
2025-04-21 04:00:00,MILL201.POWER_KW,450.096,kW,GOOD
2025-04-21 06:00:00,MILL201.POWER_KW,449.591,kW,GOOD
2025-04-21 08:00:00,MILL201.POWER_KW,449.941,kW,GOOD
2025-04-21 10:00:00,MILL201.POWER_KW,449.964,kW,GOOD
2025-04-21 12:00:00,MILL201.POWER_KW,449.972,kW,GOOD
2025-04-21 14:00:00,MILL201.POWER_KW,450.617,kW,GOOD
2025-04-21 16:00:00,MILL201.POWER_KW,449.344,kW,GOOD
2025-04-21 18:00:00,MILL201.POWER_KW,451.017,kW,GOOD
2025-04-21 20:00:00,MILL201.POWER_KW,449.984,kW,GOOD
2025-04-21 22:00:00,MILL201.POWER_KW,450.29,kW,GOOD
2025-04-22 00:00:00,MILL201.POWER_KW,450.064,kW,GOOD
2025-04-22 02:00:00,MILL201.POWER_KW,449.137,kW,GOOD
2025-04-22 04:00:00,MILL201.POWER_KW,449.472,kW,GOOD
2025-04-22 06:00:00,MILL201.POWER_KW,449.738,kW,GOOD
2025-04-22 08:00:00,MILL201.POWER_KW,450.497,kW,GOOD
2025-04-22 10:00:00,MILL201.POWER_KW,449.308,kW,GOOD
2025-04-22 12:00:00,MILL201.POWER_KW,449.572,kW,GOOD
2025-04-22 14:00:00,MILL201.POWER_KW,450.082,kW,GOOD
2025-04-22 16:00:00,MILL201.POWER_KW,450.236,kW,GOOD
2025-04-22 18:00:00,MILL201.POWER_KW,450.221,kW,GOOD
2025-04-22 20:00:00,MILL201.POWER_KW,449.508,kW,GOOD
2025-04-22 22:00:00,MILL201.POWER_KW,449.201,kW,GOOD
2025-04-23 00:00:00,MILL201.POWER_KW,450.27,kW,BAD
2025-04-23 02:00:00,MILL201.POWER_KW,450.717,kW,GOOD
2025-04-23 04:00:00,MILL201.POWER_KW,449.827,kW,GOOD
2025-04-23 06:00:00,MILL201.POWER_KW,449.428,kW,GOOD
2025-04-23 08:00:00,MILL201.POWER_KW,449.785,kW,GOOD
2025-04-23 10:00:00,MILL201.POWER_KW,450.197,kW,GOOD
2025-04-23 12:00:00,MILL201.POWER_KW,449.883,kW,GOOD
2025-04-23 14:00:00,MILL201.POWER_KW,450.704,kW,GOOD
2025-04-23 16:00:00,MILL201.POWER_KW,450.462,kW,GOOD
2025-04-23 18:00:00,MILL201.POWER_KW,450.092,kW,GOOD
2025-04-23 20:00:00,MILL201.POWER_KW,449.023,kW,GOOD
2025-04-23 22:00:00,MILL201.POWER_KW,449.654,kW,GOOD
2025-04-24 00:00:00,MILL201.POWER_KW,449.726,kW,GOOD
2025-04-24 02:00:00,MILL201.POWER_KW,449.627,kW,GOOD
2025-04-24 04:00:00,MILL201.POWER_KW,450.095,kW,GOOD
2025-04-24 06:00:00,MILL201.POWER_KW,450.106,kW,GOOD
2025-04-24 08:00:00,MILL201.POWER_KW,449.163,kW,BAD
2025-04-24 10:00:00,MILL201.POWER_KW,450.402,kW,GOOD
2025-04-24 12:00:00,MILL201.POWER_KW,450.008,kW,GOOD
2025-04-24 14:00:00,MILL201.POWER_KW,450.179,kW,GOOD
2025-04-24 16:00:00,MILL201.POWER_KW,450.372,kW,GOOD
2025-04-24 18:00:00,MILL201.POWER_KW,449.617,kW,GOOD
2025-04-24 20:00:00,MILL201.POWER_KW,450.629,kW,GOOD
2025-04-24 22:00:00,MILL201.POWER_KW,449.929,kW,GOOD
2025-04-25 00:00:00,MILL201.POWER_KW,450.756,kW,GOOD
2025-04-25 02:00:00,MILL201.POWER_KW,449.553,kW,GOOD
2025-04-25 04:00:00,MILL201.POWER_KW,450.719,kW,GOOD
2025-04-25 06:00:00,MILL201.POWER_KW,449.548,kW,GOOD
2025-04-25 08:00:00,MILL201.POWER_KW,451.274,kW,GOOD
2025-04-25 10:00:00,MILL201.POWER_KW,449.524,kW,GOOD
2025-04-25 12:00:00,MILL201.POWER_KW,450.528,kW,GOOD
2025-04-25 14:00:00,MILL201.POWER_KW,449.819,kW,GOOD
2025-04-25 16:00:00,MILL201.POWER_KW,450.358,kW,GOOD
2025-04-25 18:00:00,MILL201.POWER_KW,449.98,kW,GOOD
2025-04-25 20:00:00,MILL201.POWER_KW,449.454,kW,GOOD
2025-04-25 22:00:00,MILL201.POWER_KW,448.602,kW,GOOD
2025-04-26 00:00:00,MILL201.POWER_KW,451.254,kW,BAD
2025-04-26 02:00:00,MILL201.POWER_KW,450.037,kW,GOOD
2025-04-26 04:00:00,MILL201.POWER_KW,448.528,kW,GOOD
2025-04-26 06:00:00,MILL201.POWER_KW,450.151,kW,GOOD
2025-04-26 08:00:00,MILL201.POWER_KW,450.345,kW,GOOD
2025-04-26 10:00:00,MILL201.POWER_KW,449.642,kW,GOOD
2025-04-26 12:00:00,MILL201.POWER_KW,449.646,kW,GOOD
2025-04-26 14:00:00,MILL201.POWER_KW,449.99,kW,GOOD
2025-04-26 16:00:00,MILL201.POWER_KW,450.601,kW,GOOD
2025-04-26 18:00:00,MILL201.POWER_KW,450.05,kW,GOOD
2025-04-26 20:00:00,MILL201.POWER_KW,450.732,kW,GOOD
2025-04-26 22:00:00,MILL201.POWER_KW,450.566,kW,GOOD
2025-04-27 00:00:00,MILL201.POWER_KW,449.886,kW,GOOD
2025-04-27 02:00:00,MILL201.POWER_KW,449.215,kW,GOOD
2025-04-27 04:00:00,MILL201.POWER_KW,449.887,kW,GOOD
2025-04-27 06:00:00,MILL201.POWER_KW,450.263,kW,GOOD
2025-04-27 08:00:00,MILL201.POWER_KW,450.03,kW,GOOD
2025-04-27 10:00:00,MILL201.POWER_KW,450.317,kW,GOOD
2025-04-27 12:00:00,MILL201.POWER_KW,450.432,kW,GOOD
2025-04-27 14:00:00,MILL201.POWER_KW,450.265,kW,GOOD
2025-04-27 16:00:00,MILL201.POWER_KW,449.862,kW,GOOD
2025-04-27 18:00:00,MILL201.POWER_KW,450.26,kW,GOOD
2025-04-27 20:00:00,MILL201.POWER_KW,451.118,kW,GOOD
2025-04-27 22:00:00,MILL201.POWER_KW,449.255,kW,GOOD
2025-04-28 00:00:00,MILL201.POWER_KW,450.244,kW,GOOD
2025-04-28 02:00:00,MILL201.POWER_KW,450.916,kW,GOOD
2025-04-28 04:00:00,MILL201.POWER_KW,449.413,kW,GOOD
2025-04-28 06:00:00,MILL201.POWER_KW,450.501,kW,GOOD
2025-04-28 08:00:00,MILL201.POWER_KW,450.567,kW,GOOD
2025-04-28 10:00:00,MILL201.POWER_KW,449.262,kW,GOOD
2025-04-28 12:00:00,MILL201.POWER_KW,450.356,kW,GOOD
2025-04-28 14:00:00,MILL201.POWER_KW,449.864,kW,GOOD
2025-04-28 16:00:00,MILL201.POWER_KW,449.97,kW,GOOD
2025-04-28 18:00:00,MILL201.POWER_KW,449.838,kW,GOOD
2025-04-28 20:00:00,MILL201.POWER_KW,450.656,kW,BAD
2025-04-28 22:00:00,MILL201.POWER_KW,449.944,kW,GOOD
2025-04-29 00:00:00,MILL201.POWER_KW,449.768,kW,GOOD
2025-04-29 02:00:00,MILL201.POWER_KW,449.777,kW,GOOD
2025-04-29 04:00:00,MILL201.POWER_KW,449.83,kW,GOOD
2025-04-29 06:00:00,MILL201.POWER_KW,449.46,kW,GOOD
2025-04-29 08:00:00,MILL201.POWER_KW,449.764,kW,GOOD
2025-04-29 10:00:00,MILL201.POWER_KW,450.059,kW,GOOD
2025-04-29 12:00:00,MILL201.POWER_KW,450.202,kW,GOOD
2025-04-29 14:00:00,MILL201.POWER_KW,450.602,kW,GOOD
2025-04-29 16:00:00,MILL201.POWER_KW,450.12,kW,GOOD
2025-04-29 18:00:00,MILL201.POWER_KW,449.763,kW,GOOD
2025-04-29 20:00:00,MILL201.POWER_KW,449.494,kW,GOOD
2025-04-29 22:00:00,MILL201.POWER_KW,450.147,kW,GOOD
2025-04-30 00:00:00,MILL201.POWER_KW,449.941,kW,GOOD
