Timestamp,Tag,Value,Unit,Quality
2025-01-01 00:00:00,PUMP101.FLOW_RATE,120.152,m3/h,GOOD
2025-01-01 01:00:00,PUMP101.FLOW_RATE,119.48,m3/h,GOOD
2025-01-01 02:00:00,PUMP101.FLOW_RATE,120.375,m3/h,GOOD
2025-01-01 03:00:00,PUMP101.FLOW_RATE,120.47,m3/h,GOOD
2025-01-01 04:00:00,PUMP101.FLOW_RATE,119.024,m3/h,GOOD
2025-01-01 05:00:00,PUMP101.FLOW_RATE,119.349,m3/h,GOOD
2025-01-01 06:00:00,PUMP101.FLOW_RATE,120.064,m3/h,GOOD
2025-01-01 07:00:00,PUMP101.FLOW_RATE,119.842,m3/h,GOOD
2025-01-01 08:00:00,PUMP101.FLOW_RATE,119.992,m3/h,GOOD
2025-01-01 09:00:00,PUMP101.FLOW_RATE,119.573,m3/h,GOOD
2025-01-01 10:00:00,PUMP101.FLOW_RATE,120.44,m3/h,GOOD
2025-01-01 11:00:00,PUMP101.FLOW_RATE,120.389,m3/h,GOOD
2025-01-01 12:00:00,PUMP101.FLOW_RATE,120.033,m3/h,GOOD
2025-01-01 13:00:00,PUMP101.FLOW_RATE,120.564,m3/h,GOOD
2025-01-01 14:00:00,PUMP101.FLOW_RATE,120.234,m3/h,GOOD
2025-01-01 15:00:00,PUMP101.FLOW_RATE,119.57,m3/h,GOOD
2025-01-01 16:00:00,PUMP101.FLOW_RATE,120.184,m3/h,GOOD
2025-01-01 17:00:00,PUMP101.FLOW_RATE,119.521,m3/h,GOOD
2025-01-01 18:00:00,PUMP101.FLOW_RATE,120.439,m3/h,GOOD
2025-01-01 19:00:00,PUMP101.FLOW_RATE,119.975,m3/h,GOOD
2025-01-01 20:00:00,PUMP101.FLOW_RATE,119.908,m3/h,GOOD
2025-01-01 21:00:00,PUMP101.FLOW_RATE,119.66,m3/h,GOOD
2025-01-01 22:00:00,PUMP101.FLOW_RATE,120.611,m3/h,GOOD
2025-01-01 23:00:00,PUMP101.FLOW_RATE,119.923,m3/h,GOOD
2025-01-02 00:00:00,PUMP101.FLOW_RATE,119.786,m3/h,GOOD
2025-01-02 01:00:00,PUMP101.FLOW_RATE,119.824,m3/h,GOOD
2025-01-02 02:00:00,PUMP101.FLOW_RATE,120.266,m3/h,GOOD
2025-01-02 03:00:00,PUMP101.FLOW_RATE,120.183,m3/h,GOOD
2025-01-02 04:00:00,PUMP101.FLOW_RATE,120.206,m3/h,GOOD
2025-01-02 05:00:00,PUMP101.FLOW_RATE,120.215,m3/h,GOOD
2025-01-02 06:00:00,PUMP101.FLOW_RATE,121.071,m3/h,GOOD
2025-01-02 07:00:00,PUMP101.FLOW_RATE,119.797,m3/h,GOOD
2025-01-02 08:00:00,PUMP101.FLOW_RATE,119.744,m3/h,GOOD
2025-01-02 09:00:00,PUMP101.FLOW_RATE,119.593,m3/h,GOOD
2025-01-02 10:00:00,PUMP101.FLOW_RATE,120.308,m3/h,GOOD
2025-01-02 11:00:00,PUMP101.FLOW_RATE,120.564,m3/h,GOOD
2025-01-02 12:00:00,PUMP101.FLOW_RATE,119.943,m3/h,GOOD
2025-01-02 13:00:00,PUMP101.FLOW_RATE,119.58,m3/h,GOOD
2025-01-02 14:00:00,PUMP101.FLOW_RATE,119.588,m3/h,GOOD
2025-01-02 15:00:00,PUMP101.FLOW_RATE,120.325,m3/h,GOOD
2025-01-02 16:00:00,PUMP101.FLOW_RATE,120.372,m3/h,GOOD
2025-01-02 17:00:00,PUMP101.FLOW_RATE,120.272,m3/h,BAD
2025-01-02 18:00:00,PUMP101.FLOW_RATE,119.667,m3/h,GOOD
2025-01-02 19:00:00,PUMP101.FLOW_RATE,120.116,m3/h,GOOD
2025-01-02 20:00:00,PUMP101.FLOW_RATE,120.058,m3/h,GOOD
2025-01-02 21:00:00,PUMP101.FLOW_RATE,120.109,m3/h,GOOD
2025-01-02 22:00:00,PUMP101.FLOW_RATE,120.436,m3/h,GOOD
2025-01-02 23:00:00,PUMP101.FLOW_RATE,120.112,m3/h,GOOD
2025-01-03 00:00:00,PUMP101.FLOW_RATE,120.339,m3/h,GOOD
2025-01-03 01:00:00,PUMP101.FLOW_RATE,120.034,m3/h,GOOD
2025-01-03 02:00:00,PUMP101.FLOW_RATE,120.145,m3/h,GOOD
2025-01-03 03:00:00,PUMP101.FLOW_RATE,120.316,m3/h,GOOD
2025-01-03 04:00:00,PUMP101.FLOW_RATE,119.271,m3/h,GOOD
2025-01-03 05:00:00,PUMP101.FLOW_RATE,119.84,m3/h,GOOD
2025-01-03 06:00:00,PUMP101.FLOW_RATE,119.765,m3/h,GOOD
2025-01-03 07:00:00,PUMP101.FLOW_RATE,119.681,m3/h,GOOD
2025-01-03 08:00:00,PUMP101.FLOW_RATE,119.862,m3/h,GOOD
2025-01-03 09:00:00,PUMP101.FLOW_RATE,120.747,m3/h,GOOD
2025-01-03 10:00:00,PUMP101.FLOW_RATE,119.567,m3/h,GOOD
2025-01-03 11:00:00,PUMP101.FLOW_RATE,120.484,m3/h,GOOD
2025-01-03 12:00:00,PUMP101.FLOW_RATE,119.159,m3/h,GOOD
2025-01-03 13:00:00,PUMP101.FLOW_RATE,119.833,m3/h,GOOD
2025-01-03 14:00:00,PUMP101.FLOW_RATE,120.081,m3/h,GOOD
2025-01-03 15:00:00,PUMP101.FLOW_RATE,120.293,m3/h,GOOD
2025-01-03 16:00:00,PUMP101.FLOW_RATE,120.356,m3/h,GOOD
2025-01-03 17:00:00,PUMP101.FLOW_RATE,120.397,m3/h,GOOD
2025-01-03 18:00:00,PUMP101.FLOW_RATE,119.826,m3/h,GOOD
2025-01-03 19:00:00,PUMP101.FLOW_RATE,119.769,m3/h,GOOD
2025-01-03 20:00:00,PUMP101.FLOW_RATE,120.429,m3/h,GOOD
2025-01-03 21:00:00,PUMP101.FLOW_RATE,119.904,m3/h,GOOD
2025-01-03 22:00:00,PUMP101.FLOW_RATE,119.362,m3/h,GOOD
2025-01-03 23:00:00,PUMP101.FLOW_RATE,119.433,m3/h,GOOD
2025-01-04 00:00:00,PUMP101.FLOW_RATE,119.54,m3/h,GOOD
2025-01-04 01:00:00,PUMP101.FLOW_RATE,120.249,m3/h,GOOD
2025-01-04 02:00:00,PUMP101.FLOW_RATE,120.071,m3/h,GOOD
2025-01-04 03:00:00,PUMP101.FLOW_RATE,120.345,m3/h,GOOD
2025-01-04 04:00:00,PUMP101.FLOW_RATE,119.786,m3/h,GOOD
2025-01-04 05:00:00,PUMP101.FLOW_RATE,120.079,m3/h,GOOD
2025-01-04 06:00:00,PUMP101.FLOW_RATE,120.313,m3/h,GOOD
2025-01-04 07:00:00,PUMP101.FLOW_RATE,119.845,m3/h,GOOD
2025-01-04 08:00:00,PUMP101.FLOW_RATE,120.228,m3/h,GOOD
2025-01-04 09:00:00,PUMP101.FLOW_RATE,119.669,m3/h,GOOD
2025-01-04 10:00:00,PUMP101.FLOW_RATE,119.818,m3/h,GOOD
2025-01-04 11:00:00,PUMP101.FLOW_RATE,119.809,m3/h,GOOD
2025-01-04 12:00:00,PUMP101.FLOW_RATE,119.402,m3/h,GOOD
2025-01-04 13:00:00,PUMP101.FLOW_RATE,120.243,m3/h,GOOD
2025-01-04 14:00:00,PUMP101.FLOW_RATE,119.765,m3/h,GOOD
2025-01-04 15:00:00,PUMP101.FLOW_RATE,120.006,m3/h,GOOD
2025-01-04 16:00:00,PUMP101.FLOW_RATE,120.24,m3/h,GOOD
2025-01-04 17:00:00,PUMP101.FLOW_RATE,120.223,m3/h,GOOD
2025-01-04 18:00:00,PUMP101.FLOW_RATE,120.333,m3/h,GOOD
2025-01-04 19:00:00,PUMP101.FLOW_RATE,119.951,m3/h,GOOD
2025-01-04 20:00:00,PUMP101.FLOW_RATE,119.788,m3/h,GOOD
2025-01-04 21:00:00,PUMP101.FLOW_RATE,119.96,m3/h,GOOD
2025-01-04 22:00:00,PUMP101.FLOW_RATE,119.156,m3/h,GOOD
2025-01-04 23:00:00,PUMP101.FLOW_RATE,119.276,m3/h,GOOD
2025-01-05 00:00:00,PUMP101.FLOW_RATE,119.339,m3/h,GOOD
2025-01-05 01:00:00,PUMP101.FLOW_RATE,119.501,m3/h,GOOD
2025-01-05 02:00:00,PUMP101.FLOW_RATE,120.2,m3/h,GOOD
2025-01-05 03:00:00,PUMP101.FLOW_RATE,119.547,m3/h,GOOD
2025-01-05 04:00:00,PUMP101.FLOW_RATE,119.811,m3/h,GOOD
2025-01-05 05:00:00,PUMP101.FLOW_RATE,120.65,m3/h,GOOD
2025-01-05 06:00:00,PUMP101.FLOW_RATE,119.822,m3/h,GOOD
2025-01-05 07:00:00,PUMP101.FLOW_RATE,120.369,m3/h,GOOD
2025-01-05 08:00:00,PUMP101.FLOW_RATE,119.533,m3/h,BAD
2025-01-05 09:00:00,PUMP101.FLOW_RATE,119.897,m3/h,GOOD
2025-01-05 10:00:00,PUMP101.FLOW_RATE,119.525,m3/h,GOOD
2025-01-05 11:00:00,PUMP101.FLOW_RATE,119.83,m3/h,GOOD
2025-01-05 12:00:00,PUMP101.FLOW_RATE,120.42,m3/h,GOOD
2025-01-05 13:00:00,PUMP101.FLOW_RATE,119.136,m3/h,GOOD
2025-01-05 14:00:00,PUMP101.FLOW_RATE,120.217,m3/h,GOOD
2025-01-05 15:00:00,PUMP101.FLOW_RATE,120.119,m3/h,GOOD
2025-01-05 16:00:00,PUMP101.FLOW_RATE,119.703,m3/h,GOOD
2025-01-05 17:00:00,PUMP101.FLOW_RATE,119.277,m3/h,GOOD
2025-01-05 18:00:00,PUMP101.FLOW_RATE,120.036,m3/h,GOOD
2025-01-05 19:00:00,PUMP101.FLOW_RATE,119.735,m3/h,GOOD
2025-01-05 20:00:00,PUMP101.FLOW_RATE,120.116,m3/h,GOOD
2025-01-05 21:00:00,PUMP101.FLOW_RATE,120.011,m3/h,GOOD
2025-01-05 22:00:00,PUMP101.FLOW_RATE,120.801,m3/h,GOOD
2025-01-05 23:00:00,PUMP101.FLOW_RATE,119.88,m3/h,GOOD
2025-01-06 00:00:00,PUMP101.FLOW_RATE,119.488,m3/h,GOOD
2025-01-06 01:00:00,PUMP101.FLOW_RATE,120.09,m3/h,GOOD
2025-01-06 02:00:00,PUMP101.FLOW_RATE,120.11,m3/h,GOOD
2025-01-06 03:00:00,PUMP101.FLOW_RATE,120.68,m3/h,GOOD
2025-01-06 04:00:00,PUMP101.FLOW_RATE,120.418,m3/h,GOOD
2025-01-06 05:00:00,PUMP101.FLOW_RATE,120.178,m3/h,GOOD
2025-01-06 06:00:00,PUMP101.FLOW_RATE,120.732,m3/h,GOOD
2025-01-06 07:00:00,PUMP101.FLOW_RATE,119.406,m3/h,GOOD
2025-01-06 08:00:00,PUMP101.FLOW_RATE,119.68,m3/h,GOOD
2025-01-06 09:00:00,PUMP101.FLOW_RATE,119.537,m3/h,GOOD
2025-01-06 10:00:00,PUMP101.FLOW_RATE,119.805,m3/h,GOOD
2025-01-06 11:00:00,PUMP101.FLOW_RATE,119.312,m3/h,GOOD
2025-01-06 12:00:00,PUMP101.FLOW_RATE,120.318,m3/h,GOOD
2025-01-06 13:00:00,PUMP101.FLOW_RATE,119.889,m3/h,GOOD
2025-01-06 14:00:00,PUMP101.FLOW_RATE,119.265,m3/h,GOOD
2025-01-06 15:00:00,PUMP101.FLOW_RATE,119.492,m3/h,GOOD
2025-01-06 16:00:00,PUMP101.FLOW_RATE,120.157,m3/h,GOOD
2025-01-06 17:00:00,PUMP101.FLOW_RATE,120.419,m3/h,GOOD
2025-01-06 18:00:00,PUMP101.FLOW_RATE,120.998,m3/h,GOOD
2025-01-06 19:00:00,PUMP101.FLOW_RATE,121.457,m3/h,GOOD
2025-01-06 20:00:00,PUMP101.FLOW_RATE,120.207,m3/h,GOOD
2025-01-06 21:00:00,PUMP101.FLOW_RATE,119.505,m3/h,GOOD
2025-01-06 22:00:00,PUMP101.FLOW_RATE,118.934,m3/h,GOOD
2025-01-06 23:00:00,PUMP101.FLOW_RATE,120.134,m3/h,GOOD
2025-01-07 00:00:00,PUMP101.FLOW_RATE,119.594,m3/h,GOOD
2025-01-07 01:00:00,PUMP101.FLOW_RATE,119.792,m3/h,GOOD
2025-01-07 02:00:00,PUMP101.FLOW_RATE,119.694,m3/h,GOOD
2025-01-07 03:00:00,PUMP101.FLOW_RATE,119.93,m3/h,GOOD
2025-01-07 04:00:00,PUMP101.FLOW_RATE,120.533,m3/h,GOOD
2025-01-07 05:00:00,PUMP101.FLOW_RATE,120.079,m3/h,GOOD
2025-01-07 06:00:00,PUMP101.FLOW_RATE,119.921,m3/h,GOOD
2025-01-07 07:00:00,PUMP101.FLOW_RATE,119.482,m3/h,GOOD
2025-01-07 08:00:00,PUMP101.FLOW_RATE,119.163,m3/h,GOOD
2025-01-07 09:00:00,PUMP101.FLOW_RATE,119.757,m3/h,GOOD
2025-01-07 10:00:00,PUMP101.FLOW_RATE,119.973,m3/h,GOOD
2025-01-07 11:00:00,PUMP101.FLOW_RATE,120.884,m3/h,GOOD
2025-01-07 12:00:00,PUMP101.FLOW_RATE,120.065,m3/h,GOOD
2025-01-07 13:00:00,PUMP101.FLOW_RATE,120.491,m3/h,GOOD
2025-01-07 14:00:00,PUMP101.FLOW_RATE,119.75,m3/h,GOOD
2025-01-07 15:00:00,PUMP101.FLOW_RATE,119.408,m3/h,GOOD
2025-01-07 16:00:00,PUMP101.FLOW_RATE,119.517,m3/h,GOOD
2025-01-07 17:00:00,PUMP101.FLOW_RATE,119.637,m3/h,GOOD
2025-01-07 18:00:00,PUMP101.FLOW_RATE,121.064,m3/h,GOOD
2025-01-07 19:00:00,PUMP101.FLOW_RATE,119.589,m3/h,GOOD
2025-01-07 20:00:00,PUMP101.FLOW_RATE,120.419,m3/h,GOOD
2025-01-07 21:00:00,PUMP101.FLOW_RATE,119.549,m3/h,GOOD
2025-01-07 22:00:00,PUMP101.FLOW_RATE,120.466,m3/h,GOOD
2025-01-07 23:00:00,PUMP101.FLOW_RATE,120.192,m3/h,GOOD
2025-01-08 00:00:00,PUMP101.FLOW_RATE,119.922,m3/h,GOOD
2025-01-08 01:00:00,PUMP101.FLOW_RATE,119.98,m3/h,GOOD
2025-01-08 02:00:00,PUMP101.FLOW_RATE,119.673,m3/h,GOOD
2025-01-08 03:00:00,PUMP101.FLOW_RATE,120.223,m3/h,GOOD
2025-01-08 04:00:00,PUMP101.FLOW_RATE,119.773,m3/h,GOOD
2025-01-08 05:00:00,PUMP101.FLOW_RATE,119.387,m3/h,GOOD
2025-01-08 06:00:00,PUMP101.FLOW_RATE,119.361,m3/h,GOOD
2025-01-08 07:00:00,PUMP101.FLOW_RATE,120.086,m3/h,GOOD
2025-01-08 08:00:00,PUMP101.FLOW_RATE,120.79,m3/h,GOOD
2025-01-08 09:00:00,PUMP101.FLOW_RATE,120.08,m3/h,GOOD
2025-01-08 10:00:00,PUMP101.FLOW_RATE,119.941,m3/h,GOOD
2025-01-08 11:00:00,PUMP101.FLOW_RATE,120.143,m3/h,GOOD
2025-01-08 12:00:00,PUMP101.FLOW_RATE,120.653,m3/h,GOOD
2025-01-08 13:00:00,PUMP101.FLOW_RATE,120.11,m3/h,GOOD
2025-01-08 14:00:00,PUMP101.FLOW_RATE,119.795,m3/h,GOOD
2025-01-08 15:00:00,PUMP101.FLOW_RATE,120.553,m3/h,GOOD
2025-01-08 16:00:00,PUMP101.FLOW_RATE,120.214,m3/h,GOOD
2025-01-08 17:00:00,PUMP101.FLOW_RATE,120.768,m3/h,GOOD
2025-01-08 18:00:00,PUMP101.FLOW_RATE,120.092,m3/h,GOOD
2025-01-08 19:00:00,PUMP101.FLOW_RATE,119.388,m3/h,GOOD
2025-01-08 20:00:00,PUMP101.FLOW_RATE,119.316,m3/h,GOOD
2025-01-08 21:00:00,PUMP101.FLOW_RATE,120.825,m3/h,GOOD
2025-01-08 22:00:00,PUMP101.FLOW_RATE,120.862,m3/h,GOOD
2025-01-08 23:00:00,PUMP101.FLOW_RATE,119.91,m3/h,GOOD
2025-01-09 00:00:00,PUMP101.FLOW_RATE,119.808,m3/h,GOOD
2025-01-09 01:00:00,PUMP101.FLOW_RATE,120.731,m3/h,GOOD
2025-01-09 02:00:00,PUMP101.FLOW_RATE,119.446,m3/h,GOOD
2025-01-09 03:00:00,PUMP101.FLOW_RATE,119.553,m3/h,GOOD
2025-01-09 04:00:00,PUMP101.FLOW_RATE,120.322,m3/h,GOOD
2025-01-09 05:00:00,PUMP101.FLOW_RATE,119.803,m3/h,BAD
2025-01-09 06:00:00,PUMP101.FLOW_RATE,119.997,m3/h,GOOD
2025-01-09 07:00:00,PUMP101.FLOW_RATE,119.918,m3/h,GOOD
2025-01-09 08:00:00,PUMP101.FLOW_RATE,120.169,m3/h,GOOD
2025-01-09 09:00:00,PUMP101.FLOW_RATE,120.704,m3/h,GOOD
2025-01-09 10:00:00,PUMP101.FLOW_RATE,120.045,m3/h,GOOD
2025-01-09 11:00:00,PUMP101.FLOW_RATE,120.322,m3/h,GOOD
2025-01-09 12:00:00,PUMP101.FLOW_RATE,118.975,m3/h,GOOD
2025-01-09 13:00:00,PUMP101.FLOW_RATE,119.976,m3/h,GOOD
2025-01-09 14:00:00,PUMP101.FLOW_RATE,119.578,m3/h,BAD
2025-01-09 15:00:00,PUMP101.FLOW_RATE,119.391,m3/h,GOOD
2025-01-09 16:00:00,PUMP101.FLOW_RATE,119.561,m3/h,GOOD
2025-01-09 17:00:00,PUMP101.FLOW_RATE,119.833,m3/h,GOOD
2025-01-09 18:00:00,PUMP101.FLOW_RATE,120.458,m3/h,GOOD
2025-01-09 19:00:00,PUMP101.FLOW_RATE,119.337,m3/h,GOOD
2025-01-09 20:00:00,PUMP101.FLOW_RATE,120.015,m3/h,GOOD
2025-01-09 21:00:00,PUMP101.FLOW_RATE,119.758,m3/h,GOOD
2025-01-09 22:00:00,PUMP101.FLOW_RATE,119.836,m3/h,GOOD
2025-01-09 23:00:00,PUMP101.FLOW_RATE,120.501,m3/h,GOOD
2025-01-10 00:00:00,PUMP101.FLOW_RATE,120.269,m3/h,GOOD
2025-01-10 01:00:00,PUMP101.FLOW_RATE,120.669,m3/h,GOOD
2025-01-10 02:00:00,PUMP101.FLOW_RATE,119.923,m3/h,GOOD
2025-01-10 03:00:00,PUMP101.FLOW_RATE,119.652,m3/h,GOOD
2025-01-10 04:00:00,PUMP101.FLOW_RATE,119.888,m3/h,GOOD
2025-01-10 05:00:00,PUMP101.FLOW_RATE,120.121,m3/h,GOOD
2025-01-10 06:00:00,PUMP101.FLOW_RATE,120.088,m3/h,GOOD
2025-01-10 07:00:00,PUMP101.FLOW_RATE,119.458,m3/h,GOOD
2025-01-10 08:00:00,PUMP101.FLOW_RATE,120.045,m3/h,GOOD
2025-01-10 09:00:00,PUMP101.FLOW_RATE,120.114,m3/h,GOOD
2025-01-10 10:00:00,PUMP101.FLOW_RATE,121.259,m3/h,GOOD
2025-01-10 11:00:00,PUMP101.FLOW_RATE,120.938,m3/h,GOOD
2025-01-10 12:00:00,PUMP101.FLOW_RATE,119.573,m3/h,GOOD
2025-01-10 13:00:00,PUMP101.FLOW_RATE,119.856,m3/h,GOOD
2025-01-10 14:00:00,PUMP101.FLOW_RATE,119.268,m3/h,GOOD
2025-01-10 15:00:00,PUMP101.FLOW_RATE,119.705,m3/h,GOOD
2025-01-10 16:00:00,PUMP101.FLOW_RATE,120.158,m3/h,GOOD
2025-01-10 17:00:00,PUMP101.FLOW_RATE,120.603,m3/h,GOOD
2025-01-10 18:00:00,PUMP101.FLOW_RATE,119.635,m3/h,GOOD
2025-01-10 19:00:00,PUMP101.FLOW_RATE,119.673,m3/h,GOOD
2025-01-10 20:00:00,PUMP101.FLOW_RATE,118.926,m3/h,GOOD
2025-01-10 21:00:00,PUMP101.FLOW_RATE,119.919,m3/h,GOOD
2025-01-10 22:00:00,PUMP101.FLOW_RATE,119.469,m3/h,GOOD
2025-01-10 23:00:00,PUMP101.FLOW_RATE,119.735,m3/h,GOOD
2025-01-11 00:00:00,PUMP101.FLOW_RATE,119.562,m3/h,GOOD
2025-01-11 01:00:00,PUMP101.FLOW_RATE,119.953,m3/h,GOOD
2025-01-11 02:00:00,PUMP101.FLOW_RATE,119.121,m3/h,GOOD
2025-01-11 03:00:00,PUMP101.FLOW_RATE,119.266,m3/h,GOOD
2025-01-11 04:00:00,PUMP101.FLOW_RATE,121.065,m3/h,GOOD
2025-01-11 05:00:00,PUMP101.FLOW_RATE,119.356,m3/h,GOOD
2025-01-11 06:00:00,PUMP101.FLOW_RATE,119.452,m3/h,GOOD
2025-01-11 07:00:00,PUMP101.FLOW_RATE,120.918,m3/h,GOOD
2025-01-11 08:00:00,PUMP101.FLOW_RATE,121.453,m3/h,GOOD
2025-01-11 09:00:00,PUMP101.FLOW_RATE,119.414,m3/h,GOOD
2025-01-11 10:00:00,PUMP101.FLOW_RATE,119.816,m3/h,GOOD
2025-01-11 11:00:00,PUMP101.FLOW_RATE,120.171,m3/h,GOOD
2025-01-11 12:00:00,PUMP101.FLOW_RATE,120.864,m3/h,GOOD
2025-01-11 13:00:00,PUMP101.FLOW_RATE,119.507,m3/h,GOOD
2025-01-11 14:00:00,PUMP101.FLOW_RATE,119.877,m3/h,GOOD
2025-01-11 15:00:00,PUMP101.FLOW_RATE,120.389,m3/h,GOOD
2025-01-11 16:00:00,PUMP101.FLOW_RATE,120.217,m3/h,GOOD
2025-01-11 17:00:00,PUMP101.FLOW_RATE,119.812,m3/h,GOOD
2025-01-11 18:00:00,PUMP101.FLOW_RATE,119.933,m3/h,GOOD
2025-01-11 19:00:00,PUMP101.FLOW_RATE,119.313,m3/h,GOOD
2025-01-11 20:00:00,PUMP101.FLOW_RATE,119.881,m3/h,GOOD
2025-01-11 21:00:00,PUMP101.FLOW_RATE,119.867,m3/h,GOOD
2025-01-11 22:00:00,PUMP101.FLOW_RATE,120.116,m3/h,GOOD
2025-01-11 23:00:00,PUMP101.FLOW_RATE,119.722,m3/h,GOOD
2025-01-12 00:00:00,PUMP101.FLOW_RATE,120.236,m3/h,GOOD
2025-01-12 01:00:00,PUMP101.FLOW_RATE,120.506,m3/h,GOOD
2025-01-12 02:00:00,PUMP101.FLOW_RATE,120.078,m3/h,GOOD
2025-01-12 03:00:00,PUMP101.FLOW_RATE,120.176,m3/h,GOOD
2025-01-12 04:00:00,PUMP101.FLOW_RATE,120.027,m3/h,GOOD
2025-01-12 05:00:00,PUMP101.FLOW_RATE,120.0,m3/h,GOOD
2025-01-12 06:00:00,PUMP101.FLOW_RATE,119.639,m3/h,GOOD
2025-01-12 07:00:00,PUMP101.FLOW_RATE,120.158,m3/h,GOOD
2025-01-12 08:00:00,PUMP101.FLOW_RATE,119.951,m3/h,GOOD
2025-01-12 09:00:00,PUMP101.FLOW_RATE,121.047,m3/h,GOOD
2025-01-12 10:00:00,PUMP101.FLOW_RATE,120.787,m3/h,GOOD
2025-01-12 11:00:00,PUMP101.FLOW_RATE,120.193,m3/h,GOOD
2025-01-12 12:00:00,PUMP101.FLOW_RATE,119.618,m3/h,GOOD
2025-01-12 13:00:00,PUMP101.FLOW_RATE,119.444,m3/h,GOOD
2025-01-12 14:00:00,PUMP101.FLOW_RATE,120.596,m3/h,GOOD
2025-01-12 15:00:00,PUMP101.FLOW_RATE,120.131,m3/h,GOOD
2025-01-12 16:00:00,PUMP101.FLOW_RATE,120.24,m3/h,GOOD
2025-01-12 17:00:00,PUMP101.FLOW_RATE,119.128,m3/h,GOOD
2025-01-12 18:00:00,PUMP101.FLOW_RATE,120.464,m3/h,GOOD
2025-01-12 19:00:00,PUMP101.FLOW_RATE,120.227,m3/h,GOOD
2025-01-12 20:00:00,PUMP101.FLOW_RATE,119.445,m3/h,GOOD
2025-01-12 21:00:00,PUMP101.FLOW_RATE,119.764,m3/h,GOOD
2025-01-12 22:00:00,PUMP101.FLOW_RATE,120.132,m3/h,GOOD
2025-01-12 23:00:00,PUMP101.FLOW_RATE,120.026,m3/h,GOOD
2025-01-13 00:00:00,PUMP101.FLOW_RATE,119.854,m3/h,GOOD
2025-01-13 01:00:00,PUMP101.FLOW_RATE,119.948,m3/h,GOOD
2025-01-13 02:00:00,PUMP101.FLOW_RATE,119.874,m3/h,GOOD
2025-01-13 03:00:00,PUMP101.FLOW_RATE,120.076,m3/h,GOOD
2025-01-13 04:00:00,PUMP101.FLOW_RATE,120.736,m3/h,GOOD
2025-01-13 05:00:00,PUMP101.FLOW_RATE,118.717,m3/h,GOOD
2025-01-13 06:00:00,PUMP101.FLOW_RATE,119.882,m3/h,GOOD
2025-01-13 07:00:00,PUMP101.FLOW_RATE,120.088,m3/h,GOOD
2025-01-13 08:00:00,PUMP101.FLOW_RATE,120.148,m3/h,GOOD
2025-01-13 09:00:00,PUMP101.FLOW_RATE,119.814,m3/h,GOOD
2025-01-13 10:00:00,PUMP101.FLOW_RATE,119.122,m3/h,GOOD
2025-01-13 11:00:00,PUMP101.FLOW_RATE,120.164,m3/h,GOOD
2025-01-13 12:00:00,PUMP101.FLOW_RATE,120.864,m3/h,GOOD
2025-01-13 13:00:00,PUMP101.FLOW_RATE,119.233,m3/h,GOOD
2025-01-13 14:00:00,PUMP101.FLOW_RATE,120.432,m3/h,GOOD
2025-01-13 15:00:00,PUMP101.FLOW_RATE,119.836,m3/h,GOOD
2025-01-13 16:00:00,PUMP101.FLOW_RATE,119.969,m3/h,GOOD
2025-01-13 17:00:00,PUMP101.FLOW_RATE,119.474,m3/h,GOOD
2025-01-13 18:00:00,PUMP101.FLOW_RATE,119.833,m3/h,GOOD
2025-01-13 19:00:00,PUMP101.FLOW_RATE,120.65,m3/h,GOOD
2025-01-13 20:00:00,PUMP101.FLOW_RATE,120.291,m3/h,GOOD
2025-01-13 21:00:00,PUMP101.FLOW_RATE,120.866,m3/h,GOOD
2025-01-13 22:00:00,PUMP101.FLOW_RATE,120.589,m3/h,GOOD
2025-01-13 23:00:00,PUMP101.FLOW_RATE,120.22,m3/h,GOOD
2025-01-14 00:00:00,PUMP101.FLOW_RATE,120.872,m3/h,GOOD
2025-01-14 01:00:00,PUMP101.FLOW_RATE,120.219,m3/h,GOOD
2025-01-14 02:00:00,PUMP101.FLOW_RATE,120.414,m3/h,GOOD
2025-01-14 03:00:00,PUMP101.FLOW_RATE,119.852,m3/h,GOOD
2025-01-14 04:00:00,PUMP101.FLOW_RATE,120.033,m3/h,GOOD
2025-01-14 05:00:00,PUMP101.FLOW_RATE,119.651,m3/h,GOOD
2025-01-14 06:00:00,PUMP101.FLOW_RATE,120.495,m3/h,GOOD
2025-01-14 07:00:00,PUMP101.FLOW_RATE,119.411,m3/h,GOOD
2025-01-14 08:00:00,PUMP101.FLOW_RATE,120.391,m3/h,GOOD
2025-01-14 09:00:00,PUMP101.FLOW_RATE,119.905,m3/h,GOOD
2025-01-14 10:00:00,PUMP101.FLOW_RATE,120.586,m3/h,GOOD
2025-01-14 11:00:00,PUMP101.FLOW_RATE,120.375,m3/h,GOOD
2025-01-14 12:00:00,PUMP101.FLOW_RATE,120.91,m3/h,GOOD
2025-01-14 13:00:00,PUMP101.FLOW_RATE,120.365,m3/h,GOOD
2025-01-14 14:00:00,PUMP101.FLOW_RATE,119.214,m3/h,GOOD
2025-01-14 15:00:00,PUMP101.FLOW_RATE,119.967,m3/h,GOOD
2025-01-14 16:00:00,PUMP101.FLOW_RATE,119.414,m3/h,GOOD
2025-01-14 17:00:00,PUMP101.FLOW_RATE,119.741,m3/h,GOOD
2025-01-14 18:00:00,PUMP101.FLOW_RATE,120.756,m3/h,GOOD
2025-01-14 19:00:00,PUMP101.FLOW_RATE,120.319,m3/h,GOOD
2025-01-14 20:00:00,PUMP101.FLOW_RATE,119.651,m3/h,GOOD
2025-01-14 21:00:00,PUMP101.FLOW_RATE,119.493,m3/h,GOOD
2025-01-14 22:00:00,PUMP101.FLOW_RATE,120.016,m3/h,GOOD
2025-01-14 23:00:00,PUMP101.FLOW_RATE,119.392,m3/h,GOOD
2025-01-15 00:00:00,PUMP101.FLOW_RATE,119.664,m3/h,GOOD
2025-01-15 01:00:00,PUMP101.FLOW_RATE,120.156,m3/h,GOOD
2025-01-15 02:00:00,PUMP101.FLOW_RATE,120.578,m3/h,GOOD
2025-01-15 03:00:00,PUMP101.FLOW_RATE,120.304,m3/h,GOOD
2025-01-15 04:00:00,PUMP101.FLOW_RATE,118.854,m3/h,GOOD
2025-01-15 05:00:00,PUMP101.FLOW_RATE,120.152,m3/h,GOOD
2025-01-15 06:00:00,PUMP101.FLOW_RATE,120.036,m3/h,GOOD
2025-01-15 07:00:00,PUMP101.FLOW_RATE,120.207,m3/h,GOOD
2025-01-15 08:00:00,PUMP101.FLOW_RATE,120.808,m3/h,GOOD
2025-01-15 09:00:00,PUMP101.FLOW_RATE,118.968,m3/h,GOOD
2025-01-15 10:00:00,PUMP101.FLOW_RATE,119.704,m3/h,GOOD
2025-01-15 11:00:00,PUMP101.FLOW_RATE,120.295,m3/h,GOOD
2025-01-15 12:00:00,PUMP101.FLOW_RATE,119.209,m3/h,GOOD
2025-01-15 13:00:00,PUMP101.FLOW_RATE,120.738,m3/h,GOOD
2025-01-15 14:00:00,PUMP101.FLOW_RATE,120.184,m3/h,GOOD
2025-01-15 15:00:00,PUMP101.FLOW_RATE,120.423,m3/h,GOOD
2025-01-15 16:00:00,PUMP101.FLOW_RATE,119.715,m3/h,GOOD
2025-01-15 17:00:00,PUMP101.FLOW_RATE,120.407,m3/h,GOOD
2025-01-15 18:00:00,PUMP101.FLOW_RATE,120.534,m3/h,GOOD
2025-01-15 19:00:00,PUMP101.FLOW_RATE,120.116,m3/h,GOOD
2025-01-15 20:00:00,PUMP101.FLOW_RATE,120.117,m3/h,GOOD
2025-01-15 21:00:00,PUMP101.FLOW_RATE,120.135,m3/h,GOOD
2025-01-15 22:00:00,PUMP101.FLOW_RATE,119.568,m3/h,GOOD
2025-01-15 23:00:00,PUMP101.FLOW_RATE,119.926,m3/h,GOOD
2025-01-16 00:00:00,PUMP101.FLOW_RATE,119.924,m3/h,GOOD
2025-01-16 01:00:00,PUMP101.FLOW_RATE,120.192,m3/h,GOOD
2025-01-16 02:00:00,PUMP101.FLOW_RATE,120.5,m3/h,GOOD
2025-01-16 03:00:00,PUMP101.FLOW_RATE,119.471,m3/h,GOOD
2025-01-16 04:00:00,PUMP101.FLOW_RATE,119.937,m3/h,GOOD
2025-01-16 05:00:00,PUMP101.FLOW_RATE,120.741,m3/h,GOOD
2025-01-16 06:00:00,PUMP101.FLOW_RATE,119.628,m3/h,GOOD
2025-01-16 07:00:00,PUMP101.FLOW_RATE,119.589,m3/h,GOOD
2025-01-16 08:00:00,PUMP101.FLOW_RATE,120.101,m3/h,GOOD
2025-01-16 09:00:00,PUMP101.FLOW_RATE,120.422,m3/h,GOOD
2025-01-16 10:00:00,PUMP101.FLOW_RATE,120.006,m3/h,GOOD
2025-01-16 11:00:00,PUMP101.FLOW_RATE,120.664,m3/h,GOOD
2025-01-16 12:00:00,PUMP101.FLOW_RATE,120.428,m3/h,GOOD
2025-01-16 13:00:00,PUMP101.FLOW_RATE,120.421,m3/h,GOOD
2025-01-16 14:00:00,PUMP101.FLOW_RATE,120.277,m3/h,GOOD
2025-01-16 15:00:00,PUMP101.FLOW_RATE,121.164,m3/h,GOOD
2025-01-16 16:00:00,PUMP101.FLOW_RATE,119.897,m3/h,GOOD
2025-01-16 17:00:00,PUMP101.FLOW_RATE,118.998,m3/h,GOOD
2025-01-16 18:00:00,PUMP101.FLOW_RATE,120.802,m3/h,GOOD
2025-01-16 19:00:00,PUMP101.FLOW_RATE,119.771,m3/h,GOOD
2025-01-16 20:00:00,PUMP101.FLOW_RATE,120.054,m3/h,GOOD
2025-01-16 21:00:00,PUMP101.FLOW_RATE,120.655,m3/h,GOOD
2025-01-16 22:00:00,PUMP101.FLOW_RATE,119.199,m3/h,GOOD
2025-01-16 23:00:00,PUMP101.FLOW_RATE,119.374,m3/h,GOOD
2025-01-17 00:00:00,PUMP101.FLOW_RATE,119.199,m3/h,GOOD
2025-01-17 01:00:00,PUMP101.FLOW_RATE,119.603,m3/h,GOOD
2025-01-17 02:00:00,PUMP101.FLOW_RATE,120.22,m3/h,GOOD
2025-01-17 03:00:00,PUMP101.FLOW_RATE,120.262,m3/h,GOOD
2025-01-17 04:00:00,PUMP101.FLOW_RATE,120.138,m3/h,GOOD
2025-01-17 05:00:00,PUMP101.FLOW_RATE,119.294,m3/h,GOOD
2025-01-17 06:00:00,PUMP101.FLOW_RATE,118.845,m3/h,GOOD
2025-01-17 07:00:00,PUMP101.FLOW_RATE,120.027,m3/h,GOOD
2025-01-17 08:00:00,PUMP101.FLOW_RATE,119.764,m3/h,GOOD
2025-01-17 09:00:00,PUMP101.FLOW_RATE,120.23,m3/h,GOOD
2025-01-17 10:00:00,PUMP101.FLOW_RATE,120.351,m3/h,GOOD
2025-01-17 11:00:00,PUMP101.FLOW_RATE,120.069,m3/h,GOOD
2025-01-17 12:00:00,PUMP101.FLOW_RATE,120.38,m3/h,GOOD
2025-01-17 13:00:00,PUMP101.FLOW_RATE,120.115,m3/h,GOOD
2025-01-17 14:00:00,PUMP101.FLOW_RATE,120.265,m3/h,GOOD
2025-01-17 15:00:00,PUMP101.FLOW_RATE,119.648,m3/h,GOOD
2025-01-17 16:00:00,PUMP101.FLOW_RATE,119.91,m3/h,GOOD
2025-01-17 17:00:00,PUMP101.FLOW_RATE,120.098,m3/h,GOOD
2025-01-17 18:00:00,PUMP101.FLOW_RATE,120.41,m3/h,GOOD
2025-01-17 19:00:00,PUMP101.FLOW_RATE,119.803,m3/h,GOOD
2025-01-17 20:00:00,PUMP101.FLOW_RATE,120.261,m3/h,GOOD
2025-01-17 21:00:00,PUMP101.FLOW_RATE,119.867,m3/h,GOOD
2025-01-17 22:00:00,PUMP101.FLOW_RATE,119.941,m3/h,GOOD
2025-01-17 23:00:00,PUMP101.FLOW_RATE,120.415,m3/h,GOOD
2025-01-18 00:00:00,PUMP101.FLOW_RATE,119.003,m3/h,GOOD
2025-01-18 01:00:00,PUMP101.FLOW_RATE,119.352,m3/h,GOOD
2025-01-18 02:00:00,PUMP101.FLOW_RATE,119.259,m3/h,GOOD
2025-01-18 03:00:00,PUMP101.FLOW_RATE,118.833,m3/h,GOOD
2025-01-18 04:00:00,PUMP101.FLOW_RATE,119.661,m3/h,GOOD
2025-01-18 05:00:00,PUMP101.FLOW_RATE,120.375,m3/h,GOOD
2025-01-18 06:00:00,PUMP101.FLOW_RATE,119.858,m3/h,GOOD
2025-01-18 07:00:00,PUMP101.FLOW_RATE,120.099,m3/h,GOOD
2025-01-18 08:00:00,PUMP101.FLOW_RATE,120.545,m3/h,GOOD
2025-01-18 09:00:00,PUMP101.FLOW_RATE,120.664,m3/h,GOOD
2025-01-18 10:00:00,PUMP101.FLOW_RATE,119.965,m3/h,GOOD
2025-01-18 11:00:00,PUMP101.FLOW_RATE,120.677,m3/h,GOOD
2025-01-18 12:00:00,PUMP101.FLOW_RATE,120.046,m3/h,GOOD
2025-01-18 13:00:00,PUMP101.FLOW_RATE,119.581,m3/h,GOOD
2025-01-18 14:00:00,PUMP101.FLOW_RATE,119.703,m3/h,GOOD
2025-01-18 15:00:00,PUMP101.FLOW_RATE,119.26,m3/h,GOOD
2025-01-18 16:00:00,PUMP101.FLOW_RATE,119.556,m3/h,GOOD
2025-01-18 17:00:00,PUMP101.FLOW_RATE,119.821,m3/h,GOOD
2025-01-18 18:00:00,PUMP101.FLOW_RATE,120.402,m3/h,GOOD
2025-01-18 19:00:00,PUMP101.FLOW_RATE,120.86,m3/h,GOOD
2025-01-18 20:00:00,PUMP101.FLOW_RATE,119.309,m3/h,GOOD
2025-01-18 21:00:00,PUMP101.FLOW_RATE,120.196,m3/h,GOOD
2025-01-18 22:00:00,PUMP101.FLOW_RATE,119.48,m3/h,GOOD
2025-01-18 23:00:00,PUMP101.FLOW_RATE,120.237,m3/h,GOOD
2025-01-19 00:00:00,PUMP101.FLOW_RATE,119.934,m3/h,GOOD
2025-01-19 01:00:00,PUMP101.FLOW_RATE,119.085,m3/h,GOOD
2025-01-19 02:00:00,PUMP101.FLOW_RATE,120.464,m3/h,GOOD
2025-01-19 03:00:00,PUMP101.FLOW_RATE,119.697,m3/h,GOOD
2025-01-19 04:00:00,PUMP101.FLOW_RATE,119.733,m3/h,GOOD
2025-01-19 05:00:00,PUMP101.FLOW_RATE,119.465,m3/h,GOOD
2025-01-19 06:00:00,PUMP101.FLOW_RATE,119.673,m3/h,GOOD
2025-01-19 07:00:00,PUMP101.FLOW_RATE,120.214,m3/h,GOOD
2025-01-19 08:00:00,PUMP101.FLOW_RATE,119.905,m3/h,GOOD
2025-01-19 09:00:00,PUMP101.FLOW_RATE,120.164,m3/h,GOOD
2025-01-19 10:00:00,PUMP101.FLOW_RATE,120.181,m3/h,GOOD
2025-01-19 11:00:00,PUMP101.FLOW_RATE,120.66,m3/h,GOOD
2025-01-19 12:00:00,PUMP101.FLOW_RATE,119.829,m3/h,GOOD
2025-01-19 13:00:00,PUMP101.FLOW_RATE,119.262,m3/h,GOOD
2025-01-19 14:00:00,PUMP101.FLOW_RATE,120.534,m3/h,GOOD
2025-01-19 15:00:00,PUMP101.FLOW_RATE,119.834,m3/h,GOOD
2025-01-19 16:00:00,PUMP101.FLOW_RATE,120.557,m3/h,GOOD
2025-01-19 17:00:00,PUMP101.FLOW_RATE,120.192,m3/h,GOOD
2025-01-19 18:00:00,PUMP101.FLOW_RATE,119.934,m3/h,GOOD
2025-01-19 19:00:00,PUMP101.FLOW_RATE,120.174,m3/h,BAD
2025-01-19 20:00:00,PUMP101.FLOW_RATE,120.976,m3/h,GOOD
2025-01-19 21:00:00,PUMP101.FLOW_RATE,121.038,m3/h,GOOD
2025-01-19 22:00:00,PUMP101.FLOW_RATE,120.035,m3/h,GOOD
2025-01-19 23:00:00,PUMP101.FLOW_RATE,120.08,m3/h,GOOD
2025-01-20 00:00:00,PUMP101.FLOW_RATE,120.538,m3/h,GOOD
2025-01-20 01:00:00,PUMP101.FLOW_RATE,119.577,m3/h,GOOD
2025-01-20 02:00:00,PUMP101.FLOW_RATE,120.167,m3/h,GOOD
2025-01-20 03:00:00,PUMP101.FLOW_RATE,119.987,m3/h,GOOD
2025-01-20 04:00:00,PUMP101.FLOW_RATE,120.157,m3/h,GOOD
2025-01-20 05:00:00,PUMP101.FLOW_RATE,119.583,m3/h,GOOD
2025-01-20 06:00:00,PUMP101.FLOW_RATE,119.205,m3/h,GOOD
2025-01-20 07:00:00,PUMP101.FLOW_RATE,118.964,m3/h,GOOD
2025-01-20 08:00:00,PUMP101.FLOW_RATE,119.441,m3/h,GOOD
2025-01-20 09:00:00,PUMP101.FLOW_RATE,119.771,m3/h,GOOD
2025-01-20 10:00:00,PUMP101.FLOW_RATE,119.853,m3/h,GOOD
2025-01-20 11:00:00,PUMP101.FLOW_RATE,120.969,m3/h,GOOD
2025-01-20 12:00:00,PUMP101.FLOW_RATE,120.553,m3/h,GOOD
2025-01-20 13:00:00,PUMP101.FLOW_RATE,119.519,m3/h,GOOD
2025-01-20 14:00:00,PUMP101.FLOW_RATE,120.174,m3/h,GOOD
2025-01-20 15:00:00,PUMP101.FLOW_RATE,119.796,m3/h,GOOD
2025-01-20 16:00:00,PUMP101.FLOW_RATE,119.858,m3/h,GOOD
2025-01-20 17:00:00,PUMP101.FLOW_RATE,120.093,m3/h,GOOD
2025-01-20 18:00:00,PUMP101.FLOW_RATE,120.31,m3/h,GOOD
2025-01-20 19:00:00,PUMP101.FLOW_RATE,119.83,m3/h,GOOD
2025-01-20 20:00:00,PUMP101.FLOW_RATE,120.532,m3/h,GOOD
2025-01-20 21:00:00,PUMP101.FLOW_RATE,119.429,m3/h,GOOD
2025-01-20 22:00:00,PUMP101.FLOW_RATE,120.003,m3/h,GOOD
2025-01-20 23:00:00,PUMP101.FLOW_RATE,121.299,m3/h,GOOD
2025-01-21 00:00:00,PUMP101.FLOW_RATE,120.112,m3/h,GOOD
2025-01-21 01:00:00,PUMP101.FLOW_RATE,120.717,m3/h,GOOD
2025-01-21 02:00:00,PUMP101.FLOW_RATE,120.046,m3/h,GOOD
2025-01-21 03:00:00,PUMP101.FLOW_RATE,120.29,m3/h,GOOD
2025-01-21 04:00:00,PUMP101.FLOW_RATE,119.972,m3/h,GOOD
2025-01-21 05:00:00,PUMP101.FLOW_RATE,119.915,m3/h,GOOD
2025-01-21 06:00:00,PUMP101.FLOW_RATE,119.61,m3/h,GOOD
2025-01-21 07:00:00,PUMP101.FLOW_RATE,120.215,m3/h,GOOD
2025-01-21 08:00:00,PUMP101.FLOW_RATE,119.574,m3/h,GOOD
2025-01-21 09:00:00,PUMP101.FLOW_RATE,120.333,m3/h,GOOD
2025-01-21 10:00:00,PUMP101.FLOW_RATE,120.543,m3/h,GOOD
2025-01-21 11:00:00,PUMP101.FLOW_RATE,120.183,m3/h,GOOD
2025-01-21 12:00:00,PUMP101.FLOW_RATE,119.857,m3/h,GOOD
2025-01-21 13:00:00,PUMP101.FLOW_RATE,120.227,m3/h,GOOD
2025-01-21 14:00:00,PUMP101.FLOW_RATE,119.846,m3/h,GOOD
2025-01-21 15:00:00,PUMP101.FLOW_RATE,120.468,m3/h,GOOD
2025-01-21 16:00:00,PUMP101.FLOW_RATE,119.084,m3/h,GOOD
2025-01-21 17:00:00,PUMP101.FLOW_RATE,119.832,m3/h,GOOD
2025-01-21 18:00:00,PUMP101.FLOW_RATE,119.005,m3/h,GOOD
2025-01-21 19:00:00,PUMP101.FLOW_RATE,119.252,m3/h,GOOD
2025-01-21 20:00:00,PUMP101.FLOW_RATE,120.682,m3/h,BAD
2025-01-21 21:00:00,PUMP101.FLOW_RATE,120.448,m3/h,GOOD
2025-01-21 22:00:00,PUMP101.FLOW_RATE,119.64,m3/h,GOOD
2025-01-21 23:00:00,PUMP101.FLOW_RATE,119.249,m3/h,GOOD
2025-01-22 00:00:00,PUMP101.FLOW_RATE,118.518,m3/h,GOOD
2025-01-22 01:00:00,PUMP101.FLOW_RATE,119.728,m3/h,GOOD
2025-01-22 02:00:00,PUMP101.FLOW_RATE,121.21,m3/h,GOOD
2025-01-22 03:00:00,PUMP101.FLOW_RATE,120.217,m3/h,GOOD
2025-01-22 04:00:00,PUMP101.FLOW_RATE,119.72,m3/h,GOOD
2025-01-22 05:00:00,PUMP101.FLOW_RATE,120.233,m3/h,GOOD
2025-01-22 06:00:00,PUMP101.FLOW_RATE,119.22,m3/h,GOOD
2025-01-22 07:00:00,PUMP101.FLOW_RATE,119.851,m3/h,GOOD
2025-01-22 08:00:00,PUMP101.FLOW_RATE,120.05,m3/h,GOOD
2025-01-22 09:00:00,PUMP101.FLOW_RATE,119.957,m3/h,GOOD
2025-01-22 10:00:00,PUMP101.FLOW_RATE,120.395,m3/h,GOOD
2025-01-22 11:00:00,PUMP101.FLOW_RATE,120.172,m3/h,GOOD
2025-01-22 12:00:00,PUMP101.FLOW_RATE,120.334,m3/h,GOOD
2025-01-22 13:00:00,PUMP101.FLOW_RATE,119.656,m3/h,GOOD
2025-01-22 14:00:00,PUMP101.FLOW_RATE,120.449,m3/h,GOOD
2025-01-22 15:00:00,PUMP101.FLOW_RATE,120.814,m3/h,GOOD
2025-01-22 16:00:00,PUMP101.FLOW_RATE,119.515,m3/h,GOOD
2025-01-22 17:00:00,PUMP101.FLOW_RATE,119.556,m3/h,GOOD
2025-01-22 18:00:00,PUMP101.FLOW_RATE,120.668,m3/h,GOOD
2025-01-22 19:00:00,PUMP101.FLOW_RATE,119.904,m3/h,GOOD
2025-01-22 20:00:00,PUMP101.FLOW_RATE,120.702,m3/h,GOOD
2025-01-22 21:00:00,PUMP101.FLOW_RATE,119.779,m3/h,GOOD
2025-01-22 22:00:00,PUMP101.FLOW_RATE,120.728,m3/h,GOOD
2025-01-22 23:00:00,PUMP101.FLOW_RATE,120.066,m3/h,GOOD
2025-01-23 00:00:00,PUMP101.FLOW_RATE,120.129,m3/h,GOOD
2025-01-23 01:00:00,PUMP101.FLOW_RATE,120.782,m3/h,GOOD
2025-01-23 02:00:00,PUMP101.FLOW_RATE,119.819,m3/h,GOOD
2025-01-23 03:00:00,PUMP101.FLOW_RATE,119.529,m3/h,GOOD
2025-01-23 04:00:00,PUMP101.FLOW_RATE,119.776,m3/h,GOOD
2025-01-23 05:00:00,PUMP101.FLOW_RATE,120.226,m3/h,GOOD
2025-01-23 06:00:00,PUMP101.FLOW_RATE,119.217,m3/h,GOOD
2025-01-23 07:00:00,PUMP101.FLOW_RATE,120.319,m3/h,GOOD
2025-01-23 08:00:00,PUMP101.FLOW_RATE,119.731,m3/h,GOOD
2025-01-23 09:00:00,PUMP101.FLOW_RATE,120.574,m3/h,GOOD
2025-01-23 10:00:00,PUMP101.FLOW_RATE,118.803,m3/h,GOOD
2025-01-23 11:00:00,PUMP101.FLOW_RATE,119.607,m3/h,GOOD
2025-01-23 12:00:00,PUMP101.FLOW_RATE,119.157,m3/h,GOOD
2025-01-23 13:00:00,PUMP101.FLOW_RATE,119.587,m3/h,GOOD
2025-01-23 14:00:00,PUMP101.FLOW_RATE,120.124,m3/h,GOOD
2025-01-23 15:00:00,PUMP101.FLOW_RATE,119.91,m3/h,GOOD
2025-01-23 16:00:00,PUMP101.FLOW_RATE,119.873,m3/h,GOOD
2025-01-23 17:00:00,PUMP101.FLOW_RATE,119.92,m3/h,GOOD
2025-01-23 18:00:00,PUMP101.FLOW_RATE,120.102,m3/h,GOOD
2025-01-23 19:00:00,PUMP101.FLOW_RATE,119.496,m3/h,GOOD
2025-01-23 20:00:00,PUMP101.FLOW_RATE,120.353,m3/h,GOOD
2025-01-23 21:00:00,PUMP101.FLOW_RATE,120.331,m3/h,GOOD
2025-01-23 22:00:00,PUMP101.FLOW_RATE,120.193,m3/h,GOOD
2025-01-23 23:00:00,PUMP101.FLOW_RATE,120.278,m3/h,GOOD
2025-01-24 00:00:00,PUMP101.FLOW_RATE,120.148,m3/h,GOOD
2025-01-24 01:00:00,PUMP101.FLOW_RATE,121.018,m3/h,GOOD
2025-01-24 02:00:00,PUMP101.FLOW_RATE,119.956,m3/h,GOOD
2025-01-24 03:00:00,PUMP101.FLOW_RATE,119.846,m3/h,GOOD
2025-01-24 04:00:00,PUMP101.FLOW_RATE,119.623,m3/h,GOOD
2025-01-24 05:00:00,PUMP101.FLOW_RATE,119.484,m3/h,GOOD
2025-01-24 06:00:00,PUMP101.FLOW_RATE,119.378,m3/h,GOOD
2025-01-24 07:00:00,PUMP101.FLOW_RATE,119.556,m3/h,GOOD
2025-01-24 08:00:00,PUMP101.FLOW_RATE,119.965,m3/h,GOOD
2025-01-24 09:00:00,PUMP101.FLOW_RATE,120.167,m3/h,GOOD
2025-01-24 10:00:00,PUMP101.FLOW_RATE,120.026,m3/h,GOOD
2025-01-24 11:00:00,PUMP101.FLOW_RATE,119.617,m3/h,GOOD
2025-01-24 12:00:00,PUMP101.FLOW_RATE,120.45,m3/h,GOOD
2025-01-24 13:00:00,PUMP101.FLOW_RATE,120.37,m3/h,GOOD
2025-01-24 14:00:00,PUMP101.FLOW_RATE,119.92,m3/h,GOOD
2025-01-24 15:00:00,PUMP101.FLOW_RATE,119.674,m3/h,GOOD
2025-01-24 16:00:00,PUMP101.FLOW_RATE,120.274,m3/h,GOOD
2025-01-24 17:00:00,PUMP101.FLOW_RATE,120.094,m3/h,GOOD
2025-01-24 18:00:00,PUMP101.FLOW_RATE,119.276,m3/h,GOOD
2025-01-24 19:00:00,PUMP101.FLOW_RATE,119.966,m3/h,GOOD
2025-01-24 20:00:00,PUMP101.FLOW_RATE,120.131,m3/h,GOOD
2025-01-24 21:00:00,PUMP101.FLOW_RATE,119.55,m3/h,GOOD
2025-01-24 22:00:00,PUMP101.FLOW_RATE,120.095,m3/h,GOOD
2025-01-24 23:00:00,PUMP101.FLOW_RATE,119.273,m3/h,GOOD
2025-01-25 00:00:00,PUMP101.FLOW_RATE,120.668,m3/h,GOOD
2025-01-25 01:00:00,PUMP101.FLOW_RATE,120.624,m3/h,GOOD
2025-01-25 02:00:00,PUMP101.FLOW_RATE,119.874,m3/h,GOOD
2025-01-25 03:00:00,PUMP101.FLOW_RATE,120.182,m3/h,GOOD
2025-01-25 04:00:00,PUMP101.FLOW_RATE,118.795,m3/h,GOOD
2025-01-25 05:00:00,PUMP101.FLOW_RATE,119.422,m3/h,GOOD
2025-01-25 06:00:00,PUMP101.FLOW_RATE,119.853,m3/h,GOOD
2025-01-25 07:00:00,PUMP101.FLOW_RATE,119.464,m3/h,GOOD
2025-01-25 08:00:00,PUMP101.FLOW_RATE,120.357,m3/h,GOOD
2025-01-25 09:00:00,PUMP101.FLOW_RATE,120.999,m3/h,GOOD
2025-01-25 10:00:00,PUMP101.FLOW_RATE,119.412,m3/h,GOOD
2025-01-25 11:00:00,PUMP101.FLOW_RATE,119.581,m3/h,GOOD
2025-01-25 12:00:00,PUMP101.FLOW_RATE,120.118,m3/h,GOOD
2025-01-25 13:00:00,PUMP101.FLOW_RATE,120.806,m3/h,GOOD
2025-01-25 14:00:00,PUMP101.FLOW_RATE,119.389,m3/h,GOOD
2025-01-25 15:00:00,PUMP101.FLOW_RATE,120.125,m3/h,GOOD
2025-01-25 16:00:00,PUMP101.FLOW_RATE,120.911,m3/h,GOOD
2025-01-25 17:00:00,PUMP101.FLOW_RATE,119.174,m3/h,GOOD
2025-01-25 18:00:00,PUMP101.FLOW_RATE,119.359,m3/h,GOOD
2025-01-25 19:00:00,PUMP101.FLOW_RATE,119.788,m3/h,GOOD
2025-01-25 20:00:00,PUMP101.FLOW_RATE,119.74,m3/h,GOOD
2025-01-25 21:00:00,PUMP101.FLOW_RATE,120.406,m3/h,GOOD
2025-01-25 22:00:00,PUMP101.FLOW_RATE,120.121,m3/h,GOOD
2025-01-25 23:00:00,PUMP101.FLOW_RATE,119.113,m3/h,GOOD
2025-01-26 00:00:00,PUMP101.FLOW_RATE,120.258,m3/h,GOOD
2025-01-26 01:00:00,PUMP101.FLOW_RATE,119.711,m3/h,GOOD
2025-01-26 02:00:00,PUMP101.FLOW_RATE,120.637,m3/h,GOOD
2025-01-26 03:00:00,PUMP101.FLOW_RATE,119.686,m3/h,GOOD
2025-01-26 04:00:00,PUMP101.FLOW_RATE,119.682,m3/h,GOOD
2025-01-26 05:00:00,PUMP101.FLOW_RATE,120.271,m3/h,GOOD
2025-01-26 06:00:00,PUMP101.FLOW_RATE,120.381,m3/h,GOOD
2025-01-26 07:00:00,PUMP101.FLOW_RATE,120.224,m3/h,GOOD
2025-01-26 08:00:00,PUMP101.FLOW_RATE,119.157,m3/h,GOOD
2025-01-26 09:00:00,PUMP101.FLOW_RATE,120.269,m3/h,GOOD
2025-01-26 10:00:00,PUMP101.FLOW_RATE,119.483,m3/h,GOOD
2025-01-26 11:00:00,PUMP101.FLOW_RATE,120.118,m3/h,GOOD
2025-01-26 12:00:00,PUMP101.FLOW_RATE,119.288,m3/h,GOOD
2025-01-26 13:00:00,PUMP101.FLOW_RATE,120.223,m3/h,GOOD
2025-01-26 14:00:00,PUMP101.FLOW_RATE,119.597,m3/h,GOOD
2025-01-26 15:00:00,PUMP101.FLOW_RATE,119.359,m3/h,GOOD
2025-01-26 16:00:00,PUMP101.FLOW_RATE,120.357,m3/h,GOOD
2025-01-26 17:00:00,PUMP101.FLOW_RATE,120.121,m3/h,GOOD
2025-01-26 18:00:00,PUMP101.FLOW_RATE,119.693,m3/h,GOOD
2025-01-26 19:00:00,PUMP101.FLOW_RATE,120.726,m3/h,GOOD
2025-01-26 20:00:00,PUMP101.FLOW_RATE,119.78,m3/h,GOOD
2025-01-26 21:00:00,PUMP101.FLOW_RATE,120.016,m3/h,GOOD
2025-01-26 22:00:00,PUMP101.FLOW_RATE,120.134,m3/h,GOOD
2025-01-26 23:00:00,PUMP101.FLOW_RATE,119.69,m3/h,GOOD
2025-01-27 00:00:00,PUMP101.FLOW_RATE,120.236,m3/h,GOOD
2025-01-27 01:00:00,PUMP101.FLOW_RATE,119.733,m3/h,GOOD
2025-01-27 02:00:00,PUMP101.FLOW_RATE,119.794,m3/h,GOOD
2025-01-27 03:00:00,PUMP101.FLOW_RATE,120.681,m3/h,GOOD
2025-01-27 04:00:00,PUMP101.FLOW_RATE,119.48,m3/h,GOOD
2025-01-27 05:00:00,PUMP101.FLOW_RATE,118.794,m3/h,GOOD
2025-01-27 06:00:00,PUMP101.FLOW_RATE,120.805,m3/h,GOOD
2025-01-27 07:00:00,PUMP101.FLOW_RATE,121.275,m3/h,GOOD
2025-01-27 08:00:00,PUMP101.FLOW_RATE,119.797,m3/h,GOOD
2025-01-27 09:00:00,PUMP101.FLOW_RATE,119.032,m3/h,GOOD
2025-01-27 10:00:00,PUMP101.FLOW_RATE,119.845,m3/h,GOOD
2025-01-27 11:00:00,PUMP101.FLOW_RATE,119.857,m3/h,GOOD
2025-01-27 12:00:00,PUMP101.FLOW_RATE,119.905,m3/h,GOOD
2025-01-27 13:00:00,PUMP101.FLOW_RATE,119.443,m3/h,GOOD
2025-01-27 14:00:00,PUMP101.FLOW_RATE,120.29,m3/h,GOOD
2025-01-27 15:00:00,PUMP101.FLOW_RATE,120.262,m3/h,GOOD
2025-01-27 16:00:00,PUMP101.FLOW_RATE,119.253,m3/h,GOOD
2025-01-27 17:00:00,PUMP101.FLOW_RATE,120.35,m3/h,GOOD
2025-01-27 18:00:00,PUMP101.FLOW_RATE,121.026,m3/h,GOOD
2025-01-27 19:00:00,PUMP101.FLOW_RATE,120.086,m3/h,GOOD
2025-01-27 20:00:00,PUMP101.FLOW_RATE,119.831,m3/h,GOOD
2025-01-27 21:00:00,PUMP101.FLOW_RATE,119.929,m3/h,GOOD
2025-01-27 22:00:00,PUMP101.FLOW_RATE,120.308,m3/h,GOOD
2025-01-27 23:00:00,PUMP101.FLOW_RATE,119.135,m3/h,GOOD
2025-01-28 00:00:00,PUMP101.FLOW_RATE,120.082,m3/h,GOOD
2025-01-28 01:00:00,PUMP101.FLOW_RATE,119.805,m3/h,GOOD
2025-01-28 02:00:00,PUMP101.FLOW_RATE,120.924,m3/h,GOOD
2025-01-28 03:00:00,PUMP101.FLOW_RATE,119.913,m3/h,GOOD
2025-01-28 04:00:00,PUMP101.FLOW_RATE,120.834,m3/h,GOOD
2025-01-28 05:00:00,PUMP101.FLOW_RATE,119.448,m3/h,GOOD
2025-01-28 06:00:00,PUMP101.FLOW_RATE,120.294,m3/h,GOOD
2025-01-28 07:00:00,PUMP101.FLOW_RATE,120.16,m3/h,GOOD
2025-01-28 08:00:00,PUMP101.FLOW_RATE,119.565,m3/h,GOOD
2025-01-28 09:00:00,PUMP101.FLOW_RATE,120.089,m3/h,GOOD
2025-01-28 10:00:00,PUMP101.FLOW_RATE,120.606,m3/h,GOOD
2025-01-28 11:00:00,PUMP101.FLOW_RATE,119.838,m3/h,GOOD
2025-01-28 12:00:00,PUMP101.FLOW_RATE,119.154,m3/h,GOOD
2025-01-28 13:00:00,PUMP101.FLOW_RATE,119.991,m3/h,GOOD
2025-01-28 14:00:00,PUMP101.FLOW_RATE,119.549,m3/h,GOOD
2025-01-28 15:00:00,PUMP101.FLOW_RATE,119.829,m3/h,GOOD
2025-01-28 16:00:00,PUMP101.FLOW_RATE,119.959,m3/h,GOOD
2025-01-28 17:00:00,PUMP101.FLOW_RATE,119.147,m3/h,GOOD
2025-01-28 18:00:00,PUMP101.FLOW_RATE,119.192,m3/h,GOOD
2025-01-28 19:00:00,PUMP101.FLOW_RATE,120.241,m3/h,GOOD
2025-01-28 20:00:00,PUMP101.FLOW_RATE,119.739,m3/h,GOOD
2025-01-28 21:00:00,PUMP101.FLOW_RATE,118.718,m3/h,GOOD
2025-01-28 22:00:00,PUMP101.FLOW_RATE,120.392,m3/h,GOOD
2025-01-28 23:00:00,PUMP101.FLOW_RATE,120.136,m3/h,GOOD
2025-01-29 00:00:00,PUMP101.FLOW_RATE,119.643,m3/h,GOOD
2025-01-29 01:00:00,PUMP101.FLOW_RATE,119.342,m3/h,GOOD
2025-01-29 02:00:00,PUMP101.FLOW_RATE,120.418,m3/h,GOOD
2025-01-29 03:00:00,PUMP101.FLOW_RATE,120.175,m3/h,GOOD
2025-01-29 04:00:00,PUMP101.FLOW_RATE,121.191,m3/h,GOOD
2025-01-29 05:00:00,PUMP101.FLOW_RATE,120.21,m3/h,GOOD
2025-01-29 06:00:00,PUMP101.FLOW_RATE,120.194,m3/h,GOOD
2025-01-29 07:00:00,PUMP101.FLOW_RATE,119.917,m3/h,GOOD
2025-01-29 08:00:00,PUMP101.FLOW_RATE,120.408,m3/h,GOOD
2025-01-29 09:00:00,PUMP101.FLOW_RATE,120.313,m3/h,GOOD
2025-01-29 10:00:00,PUMP101.FLOW_RATE,120.626,m3/h,GOOD
2025-01-29 11:00:00,PUMP101.FLOW_RATE,119.739,m3/h,GOOD
2025-01-29 12:00:00,PUMP101.FLOW_RATE,119.782,m3/h,GOOD
2025-01-29 13:00:00,PUMP101.FLOW_RATE,119.76,m3/h,GOOD
2025-01-29 14:00:00,PUMP101.FLOW_RATE,120.395,m3/h,GOOD
2025-01-29 15:00:00,PUMP101.FLOW_RATE,120.749,m3/h,GOOD
2025-01-29 16:00:00,PUMP101.FLOW_RATE,119.771,m3/h,GOOD
2025-01-29 17:00:00,PUMP101.FLOW_RATE,119.788,m3/h,GOOD
2025-01-29 18:00:00,PUMP101.FLOW_RATE,120.157,m3/h,GOOD
2025-01-29 19:00:00,PUMP101.FLOW_RATE,119.877,m3/h,GOOD
2025-01-29 20:00:00,PUMP101.FLOW_RATE,120.476,m3/h,GOOD
2025-01-29 21:00:00,PUMP101.FLOW_RATE,118.874,m3/h,GOOD
2025-01-29 22:00:00,PUMP101.FLOW_RATE,119.587,m3/h,GOOD
2025-01-29 23:00:00,PUMP101.FLOW_RATE,119.609,m3/h,GOOD
2025-01-30 00:00:00,PUMP101.FLOW_RATE,118.84,m3/h,GOOD
2025-01-30 01:00:00,PUMP101.FLOW_RATE,119.518,m3/h,GOOD
2025-01-30 02:00:00,PUMP101.FLOW_RATE,119.542,m3/h,GOOD
2025-01-30 03:00:00,PUMP101.FLOW_RATE,119.899,m3/h,GOOD
2025-01-30 04:00:00,PUMP101.FLOW_RATE,120.556,m3/h,GOOD
2025-01-30 05:00:00,PUMP101.FLOW_RATE,119.877,m3/h,GOOD
2025-01-30 06:00:00,PUMP101.FLOW_RATE,119.485,m3/h,GOOD
2025-01-30 07:00:00,PUMP101.FLOW_RATE,119.972,m3/h,GOOD
2025-01-30 08:00:00,PUMP101.FLOW_RATE,120.525,m3/h,GOOD
2025-01-30 09:00:00,PUMP101.FLOW_RATE,119.512,m3/h,GOOD
2025-01-30 10:00:00,PUMP101.FLOW_RATE,119.545,m3/h,GOOD
2025-01-30 11:00:00,PUMP101.FLOW_RATE,120.279,m3/h,GOOD
2025-01-30 12:00:00,PUMP101.FLOW_RATE,119.889,m3/h,GOOD
2025-01-30 13:00:00,PUMP101.FLOW_RATE,120.324,m3/h,GOOD
2025-01-30 14:00:00,PUMP101.FLOW_RATE,119.993,m3/h,GOOD
2025-01-30 15:00:00,PUMP101.FLOW_RATE,120.351,m3/h,GOOD
2025-01-30 16:00:00,PUMP101.FLOW_RATE,119.482,m3/h,GOOD
2025-01-30 17:00:00,PUMP101.FLOW_RATE,119.994,m3/h,GOOD
2025-01-30 18:00:00,PUMP101.FLOW_RATE,119.895,m3/h,GOOD
2025-01-30 19:00:00,PUMP101.FLOW_RATE,119.392,m3/h,GOOD
2025-01-30 20:00:00,PUMP101.FLOW_RATE,119.218,m3/h,GOOD
2025-01-30 21:00:00,PUMP101.FLOW_RATE,120.343,m3/h,GOOD
2025-01-30 22:00:00,PUMP101.FLOW_RATE,119.825,m3/h,GOOD
2025-01-30 23:00:00,PUMP101.FLOW_RATE,119.489,m3/h,GOOD
2025-01-31 00:00:00,PUMP101.FLOW_RATE,119.952,m3/h,BAD
2025-01-31 01:00:00,PUMP101.FLOW_RATE,120.564,m3/h,GOOD
2025-01-31 02:00:00,PUMP101.FLOW_RATE,118.86,m3/h,GOOD
2025-01-31 03:00:00,PUMP101.FLOW_RATE,119.252,m3/h,GOOD
2025-01-31 04:00:00,PUMP101.FLOW_RATE,119.539,m3/h,GOOD
2025-01-31 05:00:00,PUMP101.FLOW_RATE,120.731,m3/h,GOOD
2025-01-31 06:00:00,PUMP101.FLOW_RATE,120.141,m3/h,GOOD
2025-01-31 07:00:00,PUMP101.FLOW_RATE,120.384,m3/h,GOOD
2025-01-31 08:00:00,PUMP101.FLOW_RATE,119.43,m3/h,GOOD
2025-01-31 09:00:00,PUMP101.FLOW_RATE,119.44,m3/h,GOOD
2025-01-31 10:00:00,PUMP101.FLOW_RATE,120.224,m3/h,GOOD
2025-01-31 11:00:00,PUMP101.FLOW_RATE,120.029,m3/h,GOOD
2025-01-31 12:00:00,PUMP101.FLOW_RATE,120.274,m3/h,GOOD
2025-01-31 13:00:00,PUMP101.FLOW_RATE,119.906,m3/h,GOOD
2025-01-31 14:00:00,PUMP101.FLOW_RATE,120.139,m3/h,GOOD
2025-01-31 15:00:00,PUMP101.FLOW_RATE,120.079,m3/h,GOOD
2025-01-31 16:00:00,PUMP101.FLOW_RATE,120.389,m3/h,GOOD
2025-01-31 17:00:00,PUMP101.FLOW_RATE,120.404,m3/h,GOOD
2025-01-31 18:00:00,PUMP101.FLOW_RATE,119.19,m3/h,GOOD
2025-01-31 19:00:00,PUMP101.FLOW_RATE,118.876,m3/h,GOOD
2025-01-31 20:00:00,PUMP101.FLOW_RATE,120.501,m3/h,GOOD
2025-01-31 21:00:00,PUMP101.FLOW_RATE,120.594,m3/h,GOOD
2025-01-31 22:00:00,PUMP101.FLOW_RATE,119.49,m3/h,GOOD
2025-01-31 23:00:00,PUMP101.FLOW_RATE,119.07,m3/h,GOOD
2025-02-01 00:00:00,PUMP101.FLOW_RATE,120.05,m3/h,GOOD
2025-02-01 01:00:00,PUMP101.FLOW_RATE,120.465,m3/h,GOOD
2025-02-01 02:00:00,PUMP101.FLOW_RATE,120.899,m3/h,GOOD
2025-02-01 03:00:00,PUMP101.FLOW_RATE,120.258,m3/h,GOOD
2025-02-01 04:00:00,PUMP101.FLOW_RATE,119.814,m3/h,GOOD
2025-02-01 05:00:00,PUMP101.FLOW_RATE,119.553,m3/h,GOOD
2025-02-01 06:00:00,PUMP101.FLOW_RATE,120.006,m3/h,GOOD
2025-02-01 07:00:00,PUMP101.FLOW_RATE,119.85,m3/h,GOOD
2025-02-01 08:00:00,PUMP101.FLOW_RATE,119.492,m3/h,GOOD
2025-02-01 09:00:00,PUMP101.FLOW_RATE,121.024,m3/h,GOOD
2025-02-01 10:00:00,PUMP101.FLOW_RATE,120.893,m3/h,GOOD
2025-02-01 11:00:00,PUMP101.FLOW_RATE,120.568,m3/h,GOOD
2025-02-01 12:00:00,PUMP101.FLOW_RATE,119.54,m3/h,GOOD
2025-02-01 13:00:00,PUMP101.FLOW_RATE,120.428,m3/h,GOOD
2025-02-01 14:00:00,PUMP101.FLOW_RATE,120.32,m3/h,GOOD
2025-02-01 15:00:00,PUMP101.FLOW_RATE,120.221,m3/h,GOOD
2025-02-01 16:00:00,PUMP101.FLOW_RATE,120.625,m3/h,GOOD
2025-02-01 17:00:00,PUMP101.FLOW_RATE,120.318,m3/h,GOOD
2025-02-01 18:00:00,PUMP101.FLOW_RATE,120.37,m3/h,GOOD
2025-02-01 19:00:00,PUMP101.FLOW_RATE,120.318,m3/h,GOOD
2025-02-01 20:00:00,PUMP101.FLOW_RATE,120.17,m3/h,GOOD
2025-02-01 21:00:00,PUMP101.FLOW_RATE,119.108,m3/h,GOOD
2025-02-01 22:00:00,PUMP101.FLOW_RATE,120.042,m3/h,GOOD
2025-02-01 23:00:00,PUMP101.FLOW_RATE,119.722,m3/h,GOOD
2025-02-02 00:00:00,PUMP101.FLOW_RATE,119.36,m3/h,GOOD
2025-02-02 01:00:00,PUMP101.FLOW_RATE,120.841,m3/h,GOOD
2025-02-02 02:00:00,PUMP101.FLOW_RATE,120.864,m3/h,GOOD
2025-02-02 03:00:00,PUMP101.FLOW_RATE,120.68,m3/h,GOOD
2025-02-02 04:00:00,PUMP101.FLOW_RATE,120.128,m3/h,GOOD
2025-02-02 05:00:00,PUMP101.FLOW_RATE,120.675,m3/h,GOOD
2025-02-02 06:00:00,PUMP101.FLOW_RATE,120.006,m3/h,GOOD
2025-02-02 07:00:00,PUMP101.FLOW_RATE,120.101,m3/h,GOOD
2025-02-02 08:00:00,PUMP101.FLOW_RATE,119.453,m3/h,GOOD
2025-02-02 09:00:00,PUMP101.FLOW_RATE,120.198,m3/h,GOOD
2025-02-02 10:00:00,PUMP101.FLOW_RATE,120.03,m3/h,GOOD
2025-02-02 11:00:00,PUMP101.FLOW_RATE,119.349,m3/h,GOOD
2025-02-02 12:00:00,PUMP101.FLOW_RATE,119.974,m3/h,GOOD
2025-02-02 13:00:00,PUMP101.FLOW_RATE,119.96,m3/h,GOOD
2025-02-02 14:00:00,PUMP101.FLOW_RATE,120.899,m3/h,GOOD
2025-02-02 15:00:00,PUMP101.FLOW_RATE,120.447,m3/h,GOOD
2025-02-02 16:00:00,PUMP101.FLOW_RATE,120.006,m3/h,GOOD
2025-02-02 17:00:00,PUMP101.FLOW_RATE,120.124,m3/h,GOOD
2025-02-02 18:00:00,PUMP101.FLOW_RATE,120.022,m3/h,GOOD
2025-02-02 19:00:00,PUMP101.FLOW_RATE,119.899,m3/h,GOOD
2025-02-02 20:00:00,PUMP101.FLOW_RATE,119.459,m3/h,GOOD
2025-02-02 21:00:00,PUMP101.FLOW_RATE,119.924,m3/h,GOOD
2025-02-02 22:00:00,PUMP101.FLOW_RATE,119.627,m3/h,GOOD
2025-02-02 23:00:00,PUMP101.FLOW_RATE,119.375,m3/h,GOOD
2025-02-03 00:00:00,PUMP101.FLOW_RATE,120.256,m3/h,GOOD
2025-02-03 01:00:00,PUMP101.FLOW_RATE,120.196,m3/h,GOOD
2025-02-03 02:00:00,PUMP101.FLOW_RATE,119.107,m3/h,BAD
2025-02-03 03:00:00,PUMP101.FLOW_RATE,119.939,m3/h,GOOD
2025-02-03 04:00:00,PUMP101.FLOW_RATE,120.498,m3/h,GOOD
2025-02-03 05:00:00,PUMP101.FLOW_RATE,120.53,m3/h,GOOD
2025-02-03 06:00:00,PUMP101.FLOW_RATE,120.513,m3/h,GOOD
2025-02-03 07:00:00,PUMP101.FLOW_RATE,120.019,m3/h,GOOD
2025-02-03 08:00:00,PUMP101.FLOW_RATE,119.577,m3/h,GOOD
2025-02-03 09:00:00,PUMP101.FLOW_RATE,119.458,m3/h,GOOD
2025-02-03 10:00:00,PUMP101.FLOW_RATE,120.172,m3/h,GOOD
2025-02-03 11:00:00,PUMP101.FLOW_RATE,120.19,m3/h,GOOD
2025-02-03 12:00:00,PUMP101.FLOW_RATE,120.644,m3/h,GOOD
2025-02-03 13:00:00,PUMP101.FLOW_RATE,120.55,m3/h,GOOD
2025-02-03 14:00:00,PUMP101.FLOW_RATE,119.934,m3/h,GOOD
2025-02-03 15:00:00,PUMP101.FLOW_RATE,119.378,m3/h,GOOD
2025-02-03 16:00:00,PUMP101.FLOW_RATE,119.84,m3/h,GOOD
2025-02-03 17:00:00,PUMP101.FLOW_RATE,120.109,m3/h,GOOD
2025-02-03 18:00:00,PUMP101.FLOW_RATE,119.899,m3/h,GOOD
2025-02-03 19:00:00,PUMP101.FLOW_RATE,119.711,m3/h,GOOD
2025-02-03 20:00:00,PUMP101.FLOW_RATE,120.126,m3/h,BAD
2025-02-03 21:00:00,PUMP101.FLOW_RATE,119.748,m3/h,GOOD
2025-02-03 22:00:00,PUMP101.FLOW_RATE,119.686,m3/h,GOOD
2025-02-03 23:00:00,PUMP101.FLOW_RATE,120.156,m3/h,GOOD
2025-02-04 00:00:00,PUMP101.FLOW_RATE,119.799,m3/h,GOOD
2025-02-04 01:00:00,PUMP101.FLOW_RATE,120.122,m3/h,GOOD
2025-02-04 02:00:00,PUMP101.FLOW_RATE,120.137,m3/h,GOOD
2025-02-04 03:00:00,PUMP101.FLOW_RATE,119.43,m3/h,GOOD
2025-02-04 04:00:00,PUMP101.FLOW_RATE,119.759,m3/h,GOOD
2025-02-04 05:00:00,PUMP101.FLOW_RATE,120.719,m3/h,GOOD
2025-02-04 06:00:00,PUMP101.FLOW_RATE,119.419,m3/h,GOOD
2025-02-04 07:00:00,PUMP101.FLOW_RATE,118.942,m3/h,GOOD
2025-02-04 08:00:00,PUMP101.FLOW_RATE,119.069,m3/h,GOOD
2025-02-04 09:00:00,PUMP101.FLOW_RATE,120.015,m3/h,GOOD
2025-02-04 10:00:00,PUMP101.FLOW_RATE,120.015,m3/h,GOOD
2025-02-04 11:00:00,PUMP101.FLOW_RATE,119.941,m3/h,GOOD
2025-02-04 12:00:00,PUMP101.FLOW_RATE,120.607,m3/h,GOOD
2025-02-04 13:00:00,PUMP101.FLOW_RATE,118.664,m3/h,GOOD
2025-02-04 14:00:00,PUMP101.FLOW_RATE,120.198,m3/h,GOOD
2025-02-04 15:00:00,PUMP101.FLOW_RATE,120.781,m3/h,GOOD
2025-02-04 16:00:00,PUMP101.FLOW_RATE,119.436,m3/h,BAD
2025-02-04 17:00:00,PUMP101.FLOW_RATE,119.81,m3/h,GOOD
2025-02-04 18:00:00,PUMP101.FLOW_RATE,119.624,m3/h,GOOD
2025-02-04 19:00:00,PUMP101.FLOW_RATE,119.553,m3/h,BAD
2025-02-04 20:00:00,PUMP101.FLOW_RATE,119.837,m3/h,GOOD
2025-02-04 21:00:00,PUMP101.FLOW_RATE,120.714,m3/h,GOOD
2025-02-04 22:00:00,PUMP101.FLOW_RATE,120.919,m3/h,GOOD
2025-02-04 23:00:00,PUMP101.FLOW_RATE,119.832,m3/h,GOOD
2025-02-05 00:00:00,PUMP101.FLOW_RATE,120.953,m3/h,GOOD
2025-02-05 01:00:00,PUMP101.FLOW_RATE,120.018,m3/h,GOOD
2025-02-05 02:00:00,PUMP101.FLOW_RATE,120.877,m3/h,GOOD
2025-02-05 03:00:00,PUMP101.FLOW_RATE,119.953,m3/h,GOOD
2025-02-05 04:00:00,PUMP101.FLOW_RATE,120.066,m3/h,GOOD
2025-02-05 05:00:00,PUMP101.FLOW_RATE,120.183,m3/h,GOOD
2025-02-05 06:00:00,PUMP101.FLOW_RATE,121.589,m3/h,GOOD
2025-02-05 07:00:00,PUMP101.FLOW_RATE,120.426,m3/h,GOOD
2025-02-05 08:00:00,PUMP101.FLOW_RATE,119.646,m3/h,GOOD
2025-02-05 09:00:00,PUMP101.FLOW_RATE,120.484,m3/h,GOOD
2025-02-05 10:00:00,PUMP101.FLOW_RATE,119.819,m3/h,GOOD
2025-02-05 11:00:00,PUMP101.FLOW_RATE,119.755,m3/h,GOOD
2025-02-05 12:00:00,PUMP101.FLOW_RATE,120.454,m3/h,GOOD
2025-02-05 13:00:00,PUMP101.FLOW_RATE,120.016,m3/h,GOOD
2025-02-05 14:00:00,PUMP101.FLOW_RATE,120.139,m3/h,GOOD
2025-02-05 15:00:00,PUMP101.FLOW_RATE,120.007,m3/h,GOOD
2025-02-05 16:00:00,PUMP101.FLOW_RATE,120.168,m3/h,GOOD
2025-02-05 17:00:00,PUMP101.FLOW_RATE,120.212,m3/h,GOOD
2025-02-05 18:00:00,PUMP101.FLOW_RATE,119.032,m3/h,GOOD
2025-02-05 19:00:00,PUMP101.FLOW_RATE,120.333,m3/h,GOOD
2025-02-05 20:00:00,PUMP101.FLOW_RATE,119.509,m3/h,GOOD
2025-02-05 21:00:00,PUMP101.FLOW_RATE,119.279,m3/h,GOOD
2025-02-05 22:00:00,PUMP101.FLOW_RATE,119.971,m3/h,GOOD
2025-02-05 23:00:00,PUMP101.FLOW_RATE,120.042,m3/h,GOOD
2025-02-06 00:00:00,PUMP101.FLOW_RATE,119.653,m3/h,GOOD
2025-02-06 01:00:00,PUMP101.FLOW_RATE,120.416,m3/h,GOOD
2025-02-06 02:00:00,PUMP101.FLOW_RATE,119.329,m3/h,GOOD
2025-02-06 03:00:00,PUMP101.FLOW_RATE,119.797,m3/h,GOOD
2025-02-06 04:00:00,PUMP101.FLOW_RATE,119.708,m3/h,GOOD
2025-02-06 05:00:00,PUMP101.FLOW_RATE,119.977,m3/h,GOOD
2025-02-06 06:00:00,PUMP101.FLOW_RATE,120.139,m3/h,GOOD
2025-02-06 07:00:00,PUMP101.FLOW_RATE,119.496,m3/h,GOOD
2025-02-06 08:00:00,PUMP101.FLOW_RATE,120.362,m3/h,GOOD
2025-02-06 09:00:00,PUMP101.FLOW_RATE,120.032,m3/h,GOOD
2025-02-06 10:00:00,PUMP101.FLOW_RATE,119.054,m3/h,GOOD
2025-02-06 11:00:00,PUMP101.FLOW_RATE,119.021,m3/h,GOOD
2025-02-06 12:00:00,PUMP101.FLOW_RATE,119.994,m3/h,GOOD
2025-02-06 13:00:00,PUMP101.FLOW_RATE,119.89,m3/h,GOOD
2025-02-06 14:00:00,PUMP101.FLOW_RATE,119.948,m3/h,GOOD
2025-02-06 15:00:00,PUMP101.FLOW_RATE,119.986,m3/h,GOOD
2025-02-06 16:00:00,PUMP101.FLOW_RATE,120.113,m3/h,GOOD
2025-02-06 17:00:00,PUMP101.FLOW_RATE,120.474,m3/h,GOOD
2025-02-06 18:00:00,PUMP101.FLOW_RATE,119.444,m3/h,GOOD
2025-02-06 19:00:00,PUMP101.FLOW_RATE,119.414,m3/h,GOOD
2025-02-06 20:00:00,PUMP101.FLOW_RATE,119.453,m3/h,GOOD
2025-02-06 21:00:00,PUMP101.FLOW_RATE,120.144,m3/h,GOOD
2025-02-06 22:00:00,PUMP101.FLOW_RATE,120.622,m3/h,GOOD
2025-02-06 23:00:00,PUMP101.FLOW_RATE,119.784,m3/h,GOOD
2025-02-07 00:00:00,PUMP101.FLOW_RATE,118.749,m3/h,GOOD
2025-02-07 01:00:00,PUMP101.FLOW_RATE,119.148,m3/h,GOOD
2025-02-07 02:00:00,PUMP101.FLOW_RATE,119.583,m3/h,GOOD
2025-02-07 03:00:00,PUMP101.FLOW_RATE,119.721,m3/h,GOOD
2025-02-07 04:00:00,PUMP101.FLOW_RATE,119.796,m3/h,GOOD
2025-02-07 05:00:00,PUMP101.FLOW_RATE,120.019,m3/h,GOOD
2025-02-07 06:00:00,PUMP101.FLOW_RATE,119.844,m3/h,GOOD
2025-02-07 07:00:00,PUMP101.FLOW_RATE,120.525,m3/h,GOOD
2025-02-07 08:00:00,PUMP101.FLOW_RATE,119.662,m3/h,GOOD
2025-02-07 09:00:00,PUMP101.FLOW_RATE,119.569,m3/h,GOOD
2025-02-07 10:00:00,PUMP101.FLOW_RATE,120.239,m3/h,GOOD
2025-02-07 11:00:00,PUMP101.FLOW_RATE,119.232,m3/h,GOOD
2025-02-07 12:00:00,PUMP101.FLOW_RATE,120.195,m3/h,GOOD
2025-02-07 13:00:00,PUMP101.FLOW_RATE,120.051,m3/h,GOOD
2025-02-07 14:00:00,PUMP101.FLOW_RATE,119.926,m3/h,GOOD
2025-02-07 15:00:00,PUMP101.FLOW_RATE,120.794,m3/h,GOOD
2025-02-07 16:00:00,PUMP101.FLOW_RATE,119.689,m3/h,GOOD
2025-02-07 17:00:00,PUMP101.FLOW_RATE,121.03,m3/h,GOOD
2025-02-07 18:00:00,PUMP101.FLOW_RATE,119.887,m3/h,BAD
2025-02-07 19:00:00,PUMP101.FLOW_RATE,119.361,m3/h,GOOD
2025-02-07 20:00:00,PUMP101.FLOW_RATE,120.035,m3/h,GOOD
2025-02-07 21:00:00,PUMP101.FLOW_RATE,119.462,m3/h,GOOD
2025-02-07 22:00:00,PUMP101.FLOW_RATE,119.624,m3/h,GOOD
2025-02-07 23:00:00,PUMP101.FLOW_RATE,120.199,m3/h,GOOD
2025-02-08 00:00:00,PUMP101.FLOW_RATE,120.278,m3/h,GOOD
2025-02-08 01:00:00,PUMP101.FLOW_RATE,119.689,m3/h,GOOD
2025-02-08 02:00:00,PUMP101.FLOW_RATE,120.494,m3/h,GOOD
2025-02-08 03:00:00,PUMP101.FLOW_RATE,120.579,m3/h,GOOD
2025-02-08 04:00:00,PUMP101.FLOW_RATE,120.718,m3/h,GOOD
2025-02-08 05:00:00,PUMP101.FLOW_RATE,120.265,m3/h,GOOD
2025-02-08 06:00:00,PUMP101.FLOW_RATE,120.682,m3/h,GOOD
2025-02-08 07:00:00,PUMP101.FLOW_RATE,119.06,m3/h,GOOD
2025-02-08 08:00:00,PUMP101.FLOW_RATE,119.841,m3/h,GOOD
2025-02-08 09:00:00,PUMP101.FLOW_RATE,119.566,m3/h,GOOD
2025-02-08 10:00:00,PUMP101.FLOW_RATE,120.06,m3/h,GOOD
2025-02-08 11:00:00,PUMP101.FLOW_RATE,119.714,m3/h,GOOD
2025-02-08 12:00:00,PUMP101.FLOW_RATE,119.917,m3/h,GOOD
2025-02-08 13:00:00,PUMP101.FLOW_RATE,120.941,m3/h,GOOD
2025-02-08 14:00:00,PUMP101.FLOW_RATE,119.915,m3/h,GOOD
2025-02-08 15:00:00,PUMP101.FLOW_RATE,120.207,m3/h,GOOD
2025-02-08 16:00:00,PUMP101.FLOW_RATE,119.884,m3/h,GOOD
2025-02-08 17:00:00,PUMP101.FLOW_RATE,120.038,m3/h,GOOD
2025-02-08 18:00:00,PUMP101.FLOW_RATE,120.003,m3/h,GOOD
2025-02-08 19:00:00,PUMP101.FLOW_RATE,120.224,m3/h,GOOD
2025-02-08 20:00:00,PUMP101.FLOW_RATE,120.583,m3/h,GOOD
2025-02-08 21:00:00,PUMP101.FLOW_RATE,120.824,m3/h,GOOD
2025-02-08 22:00:00,PUMP101.FLOW_RATE,120.155,m3/h,GOOD
2025-02-08 23:00:00,PUMP101.FLOW_RATE,120.295,m3/h,BAD
2025-02-09 00:00:00,PUMP101.FLOW_RATE,119.425,m3/h,GOOD
2025-02-09 01:00:00,PUMP101.FLOW_RATE,119.956,m3/h,GOOD
2025-02-09 02:00:00,PUMP101.FLOW_RATE,120.47,m3/h,GOOD
2025-02-09 03:00:00,PUMP101.FLOW_RATE,120.433,m3/h,GOOD
2025-02-09 04:00:00,PUMP101.FLOW_RATE,120.106,m3/h,GOOD
2025-02-09 05:00:00,PUMP101.FLOW_RATE,120.443,m3/h,GOOD
2025-02-09 06:00:00,PUMP101.FLOW_RATE,120.245,m3/h,GOOD
2025-02-09 07:00:00,PUMP101.FLOW_RATE,120.6,m3/h,GOOD
2025-02-09 08:00:00,PUMP101.FLOW_RATE,120.145,m3/h,GOOD
2025-02-09 09:00:00,PUMP101.FLOW_RATE,119.822,m3/h,GOOD
2025-02-09 10:00:00,PUMP101.FLOW_RATE,120.168,m3/h,GOOD
2025-02-09 11:00:00,PUMP101.FLOW_RATE,118.535,m3/h,GOOD
2025-02-09 12:00:00,PUMP101.FLOW_RATE,120.191,m3/h,GOOD
2025-02-09 13:00:00,PUMP101.FLOW_RATE,118.176,m3/h,GOOD
2025-02-09 14:00:00,PUMP101.FLOW_RATE,119.138,m3/h,GOOD
2025-02-09 15:00:00,PUMP101.FLOW_RATE,120.226,m3/h,GOOD
2025-02-09 16:00:00,PUMP101.FLOW_RATE,120.239,m3/h,GOOD
2025-02-09 17:00:00,PUMP101.FLOW_RATE,119.419,m3/h,GOOD
2025-02-09 18:00:00,PUMP101.FLOW_RATE,119.644,m3/h,GOOD
2025-02-09 19:00:00,PUMP101.FLOW_RATE,120.685,m3/h,GOOD
2025-02-09 20:00:00,PUMP101.FLOW_RATE,119.758,m3/h,GOOD
2025-02-09 21:00:00,PUMP101.FLOW_RATE,121.121,m3/h,GOOD
2025-02-09 22:00:00,PUMP101.FLOW_RATE,119.999,m3/h,GOOD
2025-02-09 23:00:00,PUMP101.FLOW_RATE,120.204,m3/h,GOOD
2025-02-10 00:00:00,PUMP101.FLOW_RATE,120.808,m3/h,GOOD
2025-02-10 01:00:00,PUMP101.FLOW_RATE,120.066,m3/h,GOOD
2025-02-10 02:00:00,PUMP101.FLOW_RATE,119.499,m3/h,GOOD
2025-02-10 03:00:00,PUMP101.FLOW_RATE,119.945,m3/h,GOOD
2025-02-10 04:00:00,PUMP101.FLOW_RATE,119.982,m3/h,GOOD
2025-02-10 05:00:00,PUMP101.FLOW_RATE,119.318,m3/h,GOOD
2025-02-10 06:00:00,PUMP101.FLOW_RATE,119.872,m3/h,GOOD
2025-02-10 07:00:00,PUMP101.FLOW_RATE,119.629,m3/h,GOOD
2025-02-10 08:00:00,PUMP101.FLOW_RATE,120.462,m3/h,GOOD
2025-02-10 09:00:00,PUMP101.FLOW_RATE,120.017,m3/h,GOOD
2025-02-10 10:00:00,PUMP101.FLOW_RATE,119.859,m3/h,GOOD
2025-02-10 11:00:00,PUMP101.FLOW_RATE,119.947,m3/h,GOOD
2025-02-10 12:00:00,PUMP101.FLOW_RATE,120.112,m3/h,GOOD
2025-02-10 13:00:00,PUMP101.FLOW_RATE,120.308,m3/h,GOOD
2025-02-10 14:00:00,PUMP101.FLOW_RATE,119.5,m3/h,GOOD
2025-02-10 15:00:00,PUMP101.FLOW_RATE,119.479,m3/h,GOOD
2025-02-10 16:00:00,PUMP101.FLOW_RATE,120.552,m3/h,GOOD
2025-02-10 17:00:00,PUMP101.FLOW_RATE,119.794,m3/h,GOOD
2025-02-10 18:00:00,PUMP101.FLOW_RATE,119.292,m3/h,GOOD
2025-02-10 19:00:00,PUMP101.FLOW_RATE,120.222,m3/h,GOOD
2025-02-10 20:00:00,PUMP101.FLOW_RATE,120.232,m3/h,GOOD
2025-02-10 21:00:00,PUMP101.FLOW_RATE,119.235,m3/h,GOOD
2025-02-10 22:00:00,PUMP101.FLOW_RATE,120.115,m3/h,GOOD
2025-02-10 23:00:00,PUMP101.FLOW_RATE,120.368,m3/h,GOOD
2025-02-11 00:00:00,PUMP101.FLOW_RATE,120.187,m3/h,GOOD
2025-02-11 01:00:00,PUMP101.FLOW_RATE,120.316,m3/h,GOOD
2025-02-11 02:00:00,PUMP101.FLOW_RATE,119.298,m3/h,GOOD
2025-02-11 03:00:00,PUMP101.FLOW_RATE,120.166,m3/h,GOOD
2025-02-11 04:00:00,PUMP101.FLOW_RATE,119.849,m3/h,GOOD
2025-02-11 05:00:00,PUMP101.FLOW_RATE,119.759,m3/h,GOOD
2025-02-11 06:00:00,PUMP101.FLOW_RATE,120.435,m3/h,GOOD
2025-02-11 07:00:00,PUMP101.FLOW_RATE,120.74,m3/h,GOOD
2025-02-11 08:00:00,PUMP101.FLOW_RATE,120.897,m3/h,GOOD
2025-02-11 09:00:00,PUMP101.FLOW_RATE,120.657,m3/h,GOOD
2025-02-11 10:00:00,PUMP101.FLOW_RATE,119.945,m3/h,GOOD
2025-02-11 11:00:00,PUMP101.FLOW_RATE,120.176,m3/h,GOOD
2025-02-11 12:00:00,PUMP101.FLOW_RATE,120.383,m3/h,GOOD
2025-02-11 13:00:00,PUMP101.FLOW_RATE,120.061,m3/h,GOOD
2025-02-11 14:00:00,PUMP101.FLOW_RATE,120.065,m3/h,BAD
2025-02-11 15:00:00,PUMP101.FLOW_RATE,120.412,m3/h,GOOD
2025-02-11 16:00:00,PUMP101.FLOW_RATE,119.97,m3/h,GOOD
2025-02-11 17:00:00,PUMP101.FLOW_RATE,119.635,m3/h,GOOD
2025-02-11 18:00:00,PUMP101.FLOW_RATE,119.793,m3/h,GOOD
2025-02-11 19:00:00,PUMP101.FLOW_RATE,120.317,m3/h,GOOD
2025-02-11 20:00:00,PUMP101.FLOW_RATE,120.001,m3/h,GOOD
2025-02-11 21:00:00,PUMP101.FLOW_RATE,120.17,m3/h,GOOD
2025-02-11 22:00:00,PUMP101.FLOW_RATE,120.335,m3/h,GOOD
2025-02-11 23:00:00,PUMP101.FLOW_RATE,119.813,m3/h,GOOD
2025-02-12 00:00:00,PUMP101.FLOW_RATE,120.378,m3/h,GOOD
2025-02-12 01:00:00,PUMP101.FLOW_RATE,120.189,m3/h,GOOD
2025-02-12 02:00:00,PUMP101.FLOW_RATE,119.383,m3/h,GOOD
2025-02-12 03:00:00,PUMP101.FLOW_RATE,120.721,m3/h,GOOD
2025-02-12 04:00:00,PUMP101.FLOW_RATE,119.75,m3/h,GOOD
2025-02-12 05:00:00,PUMP101.FLOW_RATE,119.172,m3/h,GOOD
2025-02-12 06:00:00,PUMP101.FLOW_RATE,119.477,m3/h,GOOD
2025-02-12 07:00:00,PUMP101.FLOW_RATE,119.489,m3/h,GOOD
2025-02-12 08:00:00,PUMP101.FLOW_RATE,120.026,m3/h,GOOD
2025-02-12 09:00:00,PUMP101.FLOW_RATE,119.863,m3/h,GOOD
2025-02-12 10:00:00,PUMP101.FLOW_RATE,119.832,m3/h,GOOD
2025-02-12 11:00:00,PUMP101.FLOW_RATE,120.31,m3/h,GOOD
2025-02-12 12:00:00,PUMP101.FLOW_RATE,120.17,m3/h,GOOD
2025-02-12 13:00:00,PUMP101.FLOW_RATE,120.158,m3/h,GOOD
2025-02-12 14:00:00,PUMP101.FLOW_RATE,120.205,m3/h,GOOD
2025-02-12 15:00:00,PUMP101.FLOW_RATE,120.308,m3/h,GOOD
2025-02-12 16:00:00,PUMP101.FLOW_RATE,118.946,m3/h,GOOD
2025-02-12 17:00:00,PUMP101.FLOW_RATE,119.818,m3/h,GOOD
2025-02-12 18:00:00,PUMP101.FLOW_RATE,118.91,m3/h,GOOD
2025-02-12 19:00:00,PUMP101.FLOW_RATE,120.018,m3/h,GOOD
2025-02-12 20:00:00,PUMP101.FLOW_RATE,119.998,m3/h,GOOD
2025-02-12 21:00:00,PUMP101.FLOW_RATE,120.523,m3/h,GOOD
2025-02-12 22:00:00,PUMP101.FLOW_RATE,120.594,m3/h,GOOD
2025-02-12 23:00:00,PUMP101.FLOW_RATE,120.101,m3/h,GOOD
2025-02-13 00:00:00,PUMP101.FLOW_RATE,119.75,m3/h,GOOD
2025-02-13 01:00:00,PUMP101.FLOW_RATE,120.243,m3/h,GOOD
2025-02-13 02:00:00,PUMP101.FLOW_RATE,119.736,m3/h,GOOD
2025-02-13 03:00:00,PUMP101.FLOW_RATE,119.999,m3/h,GOOD
2025-02-13 04:00:00,PUMP101.FLOW_RATE,120.493,m3/h,GOOD
2025-02-13 05:00:00,PUMP101.FLOW_RATE,119.721,m3/h,GOOD
2025-02-13 06:00:00,PUMP101.FLOW_RATE,120.403,m3/h,GOOD
2025-02-13 07:00:00,PUMP101.FLOW_RATE,120.339,m3/h,GOOD
2025-02-13 08:00:00,PUMP101.FLOW_RATE,119.523,m3/h,GOOD
2025-02-13 09:00:00,PUMP101.FLOW_RATE,120.487,m3/h,GOOD
2025-02-13 10:00:00,PUMP101.FLOW_RATE,120.349,m3/h,GOOD
2025-02-13 11:00:00,PUMP101.FLOW_RATE,120.051,m3/h,GOOD
2025-02-13 12:00:00,PUMP101.FLOW_RATE,119.619,m3/h,GOOD
2025-02-13 13:00:00,PUMP101.FLOW_RATE,119.57,m3/h,GOOD
2025-02-13 14:00:00,PUMP101.FLOW_RATE,119.731,m3/h,GOOD
2025-02-13 15:00:00,PUMP101.FLOW_RATE,120.271,m3/h,GOOD
2025-02-13 16:00:00,PUMP101.FLOW_RATE,119.522,m3/h,GOOD
2025-02-13 17:00:00,PUMP101.FLOW_RATE,120.219,m3/h,GOOD
2025-02-13 18:00:00,PUMP101.FLOW_RATE,119.379,m3/h,GOOD
2025-02-13 19:00:00,PUMP101.FLOW_RATE,119.898,m3/h,GOOD
2025-02-13 20:00:00,PUMP101.FLOW_RATE,120.055,m3/h,GOOD
2025-02-13 21:00:00,PUMP101.FLOW_RATE,121.223,m3/h,GOOD
2025-02-13 22:00:00,PUMP101.FLOW_RATE,119.311,m3/h,GOOD
2025-02-13 23:00:00,PUMP101.FLOW_RATE,120.736,m3/h,GOOD
2025-02-14 00:00:00,PUMP101.FLOW_RATE,120.075,m3/h,GOOD
2025-02-14 01:00:00,PUMP101.FLOW_RATE,120.206,m3/h,GOOD
2025-02-14 02:00:00,PUMP101.FLOW_RATE,120.059,m3/h,GOOD
2025-02-14 03:00:00,PUMP101.FLOW_RATE,120.222,m3/h,GOOD
2025-02-14 04:00:00,PUMP101.FLOW_RATE,119.923,m3/h,GOOD
2025-02-14 05:00:00,PUMP101.FLOW_RATE,120.727,m3/h,GOOD
2025-02-14 06:00:00,PUMP101.FLOW_RATE,119.772,m3/h,GOOD
2025-02-14 07:00:00,PUMP101.FLOW_RATE,120.566,m3/h,GOOD
2025-02-14 08:00:00,PUMP101.FLOW_RATE,119.678,m3/h,GOOD
2025-02-14 09:00:00,PUMP101.FLOW_RATE,119.97,m3/h,GOOD
2025-02-14 10:00:00,PUMP101.FLOW_RATE,119.464,m3/h,GOOD
2025-02-14 11:00:00,PUMP101.FLOW_RATE,120.228,m3/h,GOOD
2025-02-14 12:00:00,PUMP101.FLOW_RATE,120.723,m3/h,GOOD
2025-02-14 13:00:00,PUMP101.FLOW_RATE,119.961,m3/h,GOOD
2025-02-14 14:00:00,PUMP101.FLOW_RATE,119.902,m3/h,GOOD
2025-02-14 15:00:00,PUMP101.FLOW_RATE,119.443,m3/h,GOOD
2025-02-14 16:00:00,PUMP101.FLOW_RATE,119.885,m3/h,GOOD
2025-02-14 17:00:00,PUMP101.FLOW_RATE,119.204,m3/h,GOOD
2025-02-14 18:00:00,PUMP101.FLOW_RATE,119.544,m3/h,GOOD
2025-02-14 19:00:00,PUMP101.FLOW_RATE,120.113,m3/h,GOOD
2025-02-14 20:00:00,PUMP101.FLOW_RATE,120.66,m3/h,GOOD
2025-02-14 21:00:00,PUMP101.FLOW_RATE,121.405,m3/h,GOOD
2025-02-14 22:00:00,PUMP101.FLOW_RATE,119.707,m3/h,GOOD
2025-02-14 23:00:00,PUMP101.FLOW_RATE,120.718,m3/h,GOOD
2025-02-15 00:00:00,PUMP101.FLOW_RATE,120.122,m3/h,GOOD
2025-01-01 00:00:00,PUMP101.DISCHARGE_PRESS,12.064,bar,GOOD
2025-01-01 01:00:00,PUMP101.DISCHARGE_PRESS,11.968,bar,GOOD
2025-01-01 02:00:00,PUMP101.DISCHARGE_PRESS,12.366,bar,GOOD
2025-01-01 03:00:00,PUMP101.DISCHARGE_PRESS,11.577,bar,GOOD
2025-01-01 04:00:00,PUMP101.DISCHARGE_PRESS,11.462,bar,GOOD
2025-01-01 05:00:00,PUMP101.DISCHARGE_PRESS,12.112,bar,GOOD
2025-01-01 06:00:00,PUMP101.DISCHARGE_PRESS,12.3,bar,GOOD
2025-01-01 07:00:00,PUMP101.DISCHARGE_PRESS,12.166,bar,GOOD
2025-01-01 08:00:00,PUMP101.DISCHARGE_PRESS,11.595,bar,GOOD
2025-01-01 09:00:00,PUMP101.DISCHARGE_PRESS,12.339,bar,GOOD
2025-01-01 10:00:00,PUMP101.DISCHARGE_PRESS,11.628,bar,GOOD
2025-01-01 11:00:00,PUMP101.DISCHARGE_PRESS,11.739,bar,GOOD
2025-01-01 12:00:00,PUMP101.DISCHARGE_PRESS,11.528,bar,GOOD
2025-01-01 13:00:00,PUMP101.DISCHARGE_PRESS,12.651,bar,BAD
2025-01-01 14:00:00,PUMP101.DISCHARGE_PRESS,12.317,bar,GOOD
2025-01-01 15:00:00,PUMP101.DISCHARGE_PRESS,12.302,bar,GOOD
2025-01-01 16:00:00,PUMP101.DISCHARGE_PRESS,12.624,bar,GOOD
2025-01-01 17:00:00,PUMP101.DISCHARGE_PRESS,13.406,bar,GOOD
2025-01-01 18:00:00,PUMP101.DISCHARGE_PRESS,11.145,bar,GOOD
2025-01-01 19:00:00,PUMP101.DISCHARGE_PRESS,11.631,bar,GOOD
2025-01-01 20:00:00,PUMP101.DISCHARGE_PRESS,11.692,bar,GOOD
2025-01-01 21:00:00,PUMP101.DISCHARGE_PRESS,11.575,bar,GOOD
2025-01-01 22:00:00,PUMP101.DISCHARGE_PRESS,11.461,bar,GOOD
2025-01-01 23:00:00,PUMP101.DISCHARGE_PRESS,11.85,bar,GOOD
2025-01-02 00:00:00,PUMP101.DISCHARGE_PRESS,11.392,bar,GOOD
2025-01-02 01:00:00,PUMP101.DISCHARGE_PRESS,12.168,bar,GOOD
2025-01-02 02:00:00,PUMP101.DISCHARGE_PRESS,12.026,bar,GOOD
2025-01-02 03:00:00,PUMP101.DISCHARGE_PRESS,12.241,bar,GOOD
2025-01-02 04:00:00,PUMP101.DISCHARGE_PRESS,12.254,bar,GOOD
2025-01-02 05:00:00,PUMP101.DISCHARGE_PRESS,12.302,bar,GOOD
2025-01-02 06:00:00,PUMP101.DISCHARGE_PRESS,11.813,bar,GOOD
2025-01-02 07:00:00,PUMP101.DISCHARGE_PRESS,13.061,bar,GOOD
2025-01-02 08:00:00,PUMP101.DISCHARGE_PRESS,12.117,bar,GOOD
2025-01-02 09:00:00,PUMP101.DISCHARGE_PRESS,11.069,bar,GOOD
2025-01-02 10:00:00,PUMP101.DISCHARGE_PRESS,11.499,bar,GOOD
2025-01-02 11:00:00,PUMP101.DISCHARGE_PRESS,11.13,bar,GOOD
2025-01-02 12:00:00,PUMP101.DISCHARGE_PRESS,12.009,bar,GOOD
2025-01-02 13:00:00,PUMP101.DISCHARGE_PRESS,11.939,bar,GOOD
2025-01-02 14:00:00,PUMP101.DISCHARGE_PRESS,11.766,bar,GOOD
2025-01-02 15:00:00,PUMP101.DISCHARGE_PRESS,13.005,bar,GOOD
2025-01-02 16:00:00,PUMP101.DISCHARGE_PRESS,12.274,bar,GOOD
2025-01-02 17:00:00,PUMP101.DISCHARGE_PRESS,12.363,bar,GOOD
2025-01-02 18:00:00,PUMP101.DISCHARGE_PRESS,11.534,bar,GOOD
2025-01-02 19:00:00,PUMP101.DISCHARGE_PRESS,11.5,bar,GOOD
2025-01-02 20:00:00,PUMP101.DISCHARGE_PRESS,12.018,bar,GOOD
2025-01-02 21:00:00,PUMP101.DISCHARGE_PRESS,12.087,bar,GOOD
2025-01-02 22:00:00,PUMP101.DISCHARGE_PRESS,11.072,bar,GOOD
2025-01-02 23:00:00,PUMP101.DISCHARGE_PRESS,11.91,bar,GOOD
2025-01-03 00:00:00,PUMP101.DISCHARGE_PRESS,12.007,bar,GOOD
2025-01-03 01:00:00,PUMP101.DISCHARGE_PRESS,11.892,bar,GOOD
2025-01-03 02:00:00,PUMP101.DISCHARGE_PRESS,11.593,bar,GOOD
2025-01-03 03:00:00,PUMP101.DISCHARGE_PRESS,11.73,bar,GOOD
2025-01-03 04:00:00,PUMP101.DISCHARGE_PRESS,11.912,bar,GOOD
2025-01-03 05:00:00,PUMP101.DISCHARGE_PRESS,12.045,bar,GOOD
2025-01-03 06:00:00,PUMP101.DISCHARGE_PRESS,12.302,bar,GOOD
2025-01-03 07:00:00,PUMP101.DISCHARGE_PRESS,12.54,bar,GOOD
2025-01-03 08:00:00,PUMP101.DISCHARGE_PRESS,11.853,bar,GOOD
2025-01-03 09:00:00,PUMP101.DISCHARGE_PRESS,11.772,bar,GOOD
2025-01-03 10:00:00,PUMP101.DISCHARGE_PRESS,12.219,bar,GOOD
2025-01-03 11:00:00,PUMP101.DISCHARGE_PRESS,12.305,bar,GOOD
2025-01-03 12:00:00,PUMP101.DISCHARGE_PRESS,11.783,bar,GOOD
2025-01-03 13:00:00,PUMP101.DISCHARGE_PRESS,12.395,bar,GOOD
2025-01-03 14:00:00,PUMP101.DISCHARGE_PRESS,12.49,bar,GOOD
2025-01-03 15:00:00,PUMP101.DISCHARGE_PRESS,12.646,bar,GOOD
2025-01-03 16:00:00,PUMP101.DISCHARGE_PRESS,12.889,bar,GOOD
2025-01-03 17:00:00,PUMP101.DISCHARGE_PRESS,11.567,bar,GOOD
2025-01-03 18:00:00,PUMP101.DISCHARGE_PRESS,12.007,bar,GOOD
2025-01-03 19:00:00,PUMP101.DISCHARGE_PRESS,12.006,bar,GOOD
2025-01-03 20:00:00,PUMP101.DISCHARGE_PRESS,11.951,bar,GOOD
2025-01-03 21:00:00,PUMP101.DISCHARGE_PRESS,11.675,bar,BAD
2025-01-03 22:00:00,PUMP101.DISCHARGE_PRESS,11.257,bar,GOOD
2025-01-03 23:00:00,PUMP101.DISCHARGE_PRESS,12.046,bar,GOOD
2025-01-04 00:00:00,PUMP101.DISCHARGE_PRESS,11.616,bar,GOOD
2025-01-04 01:00:00,PUMP101.DISCHARGE_PRESS,12.043,bar,GOOD
2025-01-04 02:00:00,PUMP101.DISCHARGE_PRESS,11.603,bar,GOOD
2025-01-04 03:00:00,PUMP101.DISCHARGE_PRESS,11.45,bar,GOOD
2025-01-04 04:00:00,PUMP101.DISCHARGE_PRESS,12.117,bar,GOOD
2025-01-04 05:00:00,PUMP101.DISCHARGE_PRESS,12.075,bar,GOOD
2025-01-04 06:00:00,PUMP101.DISCHARGE_PRESS,12.29,bar,GOOD
2025-01-04 07:00:00,PUMP101.DISCHARGE_PRESS,13.093,bar,GOOD
2025-01-04 08:00:00,PUMP101.DISCHARGE_PRESS,12.139,bar,GOOD
2025-01-04 09:00:00,PUMP101.DISCHARGE_PRESS,12.243,bar,GOOD
2025-01-04 10:00:00,PUMP101.DISCHARGE_PRESS,11.461,bar,GOOD
2025-01-04 11:00:00,PUMP101.DISCHARGE_PRESS,11.357,bar,GOOD
2025-01-04 12:00:00,PUMP101.DISCHARGE_PRESS,12.791,bar,GOOD
2025-01-04 13:00:00,PUMP101.DISCHARGE_PRESS,11.538,bar,GOOD
2025-01-04 14:00:00,PUMP101.DISCHARGE_PRESS,11.478,bar,GOOD
2025-01-04 15:00:00,PUMP101.DISCHARGE_PRESS,11.98,bar,GOOD
2025-01-04 16:00:00,PUMP101.DISCHARGE_PRESS,11.955,bar,GOOD
2025-01-04 17:00:00,PUMP101.DISCHARGE_PRESS,11.549,bar,GOOD
2025-01-04 18:00:00,PUMP101.DISCHARGE_PRESS,11.848,bar,GOOD
2025-01-04 19:00:00,PUMP101.DISCHARGE_PRESS,12.615,bar,GOOD
2025-01-04 20:00:00,PUMP101.DISCHARGE_PRESS,11.597,bar,GOOD
2025-01-04 21:00:00,PUMP101.DISCHARGE_PRESS,11.303,bar,GOOD
2025-01-04 22:00:00,PUMP101.DISCHARGE_PRESS,12.471,bar,GOOD
2025-01-04 23:00:00,PUMP101.DISCHARGE_PRESS,12.246,bar,GOOD
2025-01-05 00:00:00,PUMP101.DISCHARGE_PRESS,11.69,bar,GOOD
2025-01-05 01:00:00,PUMP101.DISCHARGE_PRESS,11.209,bar,GOOD
2025-01-05 02:00:00,PUMP101.DISCHARGE_PRESS,11.628,bar,GOOD
2025-01-05 03:00:00,PUMP101.DISCHARGE_PRESS,11.973,bar,GOOD
2025-01-05 04:00:00,PUMP101.DISCHARGE_PRESS,12.583,bar,GOOD
2025-01-05 05:00:00,PUMP101.DISCHARGE_PRESS,11.482,bar,GOOD
2025-01-05 06:00:00,PUMP101.DISCHARGE_PRESS,11.958,bar,GOOD
2025-01-05 07:00:00,PUMP101.DISCHARGE_PRESS,12.338,bar,GOOD
2025-01-05 08:00:00,PUMP101.DISCHARGE_PRESS,10.809,bar,GOOD
2025-01-05 09:00:00,PUMP101.DISCHARGE_PRESS,12.517,bar,GOOD
2025-01-05 10:00:00,PUMP101.DISCHARGE_PRESS,11.409,bar,GOOD
2025-01-05 11:00:00,PUMP101.DISCHARGE_PRESS,12.166,bar,GOOD
2025-01-05 12:00:00,PUMP101.DISCHARGE_PRESS,12.123,bar,GOOD
2025-01-05 13:00:00,PUMP101.DISCHARGE_PRESS,12.542,bar,GOOD
2025-01-05 14:00:00,PUMP101.DISCHARGE_PRESS,12.275,bar,GOOD
2025-01-05 15:00:00,PUMP101.DISCHARGE_PRESS,10.811,bar,GOOD
2025-01-05 16:00:00,PUMP101.DISCHARGE_PRESS,11.608,bar,GOOD
2025-01-05 17:00:00,PUMP101.DISCHARGE_PRESS,12.069,bar,GOOD
2025-01-05 18:00:00,PUMP101.DISCHARGE_PRESS,11.903,bar,GOOD
2025-01-05 19:00:00,PUMP101.DISCHARGE_PRESS,12.239,bar,GOOD
2025-01-05 20:00:00,PUMP101.DISCHARGE_PRESS,12.395,bar,GOOD
2025-01-05 21:00:00,PUMP101.DISCHARGE_PRESS,12.304,bar,GOOD
2025-01-05 22:00:00,PUMP101.DISCHARGE_PRESS,11.893,bar,GOOD
2025-01-05 23:00:00,PUMP101.DISCHARGE_PRESS,11.077,bar,GOOD
2025-01-06 00:00:00,PUMP101.DISCHARGE_PRESS,11.772,bar,GOOD
2025-01-06 01:00:00,PUMP101.DISCHARGE_PRESS,12.208,bar,GOOD
2025-01-06 02:00:00,PUMP101.DISCHARGE_PRESS,11.455,bar,GOOD
2025-01-06 03:00:00,PUMP101.DISCHARGE_PRESS,12.316,bar,GOOD
2025-01-06 04:00:00,PUMP101.DISCHARGE_PRESS,12.454,bar,GOOD
2025-01-06 05:00:00,PUMP101.DISCHARGE_PRESS,12.063,bar,GOOD
2025-01-06 06:00:00,PUMP101.DISCHARGE_PRESS,10.468,bar,GOOD
2025-01-06 07:00:00,PUMP101.DISCHARGE_PRESS,11.361,bar,GOOD
2025-01-06 08:00:00,PUMP101.DISCHARGE_PRESS,12.943,bar,GOOD
2025-01-06 09:00:00,PUMP101.DISCHARGE_PRESS,11.727,bar,GOOD
2025-01-06 10:00:00,PUMP101.DISCHARGE_PRESS,11.008,bar,GOOD
2025-01-06 11:00:00,PUMP101.DISCHARGE_PRESS,12.618,bar,BAD
2025-01-06 12:00:00,PUMP101.DISCHARGE_PRESS,12.007,bar,GOOD
2025-01-06 13:00:00,PUMP101.DISCHARGE_PRESS,12.552,bar,GOOD
2025-01-06 14:00:00,PUMP101.DISCHARGE_PRESS,12.138,bar,GOOD
2025-01-06 15:00:00,PUMP101.DISCHARGE_PRESS,12.229,bar,GOOD
2025-01-06 16:00:00,PUMP101.DISCHARGE_PRESS,12.182,bar,GOOD
2025-01-06 17:00:00,PUMP101.DISCHARGE_PRESS,12.349,bar,GOOD
2025-01-06 18:00:00,PUMP101.DISCHARGE_PRESS,13.139,bar,GOOD
2025-01-06 19:00:00,PUMP101.DISCHARGE_PRESS,12.486,bar,GOOD
2025-01-06 20:00:00,PUMP101.DISCHARGE_PRESS,11.21,bar,GOOD
2025-01-06 21:00:00,PUMP101.DISCHARGE_PRESS,12.223,bar,GOOD
2025-01-06 22:00:00,PUMP101.DISCHARGE_PRESS,12.571,bar,GOOD
2025-01-06 23:00:00,PUMP101.DISCHARGE_PRESS,12.601,bar,GOOD
2025-01-07 00:00:00,PUMP101.DISCHARGE_PRESS,11.787,bar,GOOD
2025-01-07 01:00:00,PUMP101.DISCHARGE_PRESS,12.582,bar,BAD
2025-01-07 02:00:00,PUMP101.DISCHARGE_PRESS,12.464,bar,GOOD
2025-01-07 03:00:00,PUMP101.DISCHARGE_PRESS,13.286,bar,GOOD
2025-01-07 04:00:00,PUMP101.DISCHARGE_PRESS,11.625,bar,GOOD
2025-01-07 05:00:00,PUMP101.DISCHARGE_PRESS,11.746,bar,GOOD
2025-01-07 06:00:00,PUMP101.DISCHARGE_PRESS,11.847,bar,GOOD
2025-01-07 07:00:00,PUMP101.DISCHARGE_PRESS,11.755,bar,GOOD
2025-01-07 08:00:00,PUMP101.DISCHARGE_PRESS,11.555,bar,GOOD
2025-01-07 09:00:00,PUMP101.DISCHARGE_PRESS,10.619,bar,GOOD
2025-01-07 10:00:00,PUMP101.DISCHARGE_PRESS,11.783,bar,GOOD
2025-01-07 11:00:00,PUMP101.DISCHARGE_PRESS,12.185,bar,BAD
2025-01-07 12:00:00,PUMP101.DISCHARGE_PRESS,11.753,bar,GOOD
2025-01-07 13:00:00,PUMP101.DISCHARGE_PRESS,12.968,bar,GOOD
2025-01-07 14:00:00,PUMP101.DISCHARGE_PRESS,12.007,bar,GOOD
2025-01-07 15:00:00,PUMP101.DISCHARGE_PRESS,12.646,bar,GOOD
2025-01-07 16:00:00,PUMP101.DISCHARGE_PRESS,12.131,bar,GOOD
2025-01-07 17:00:00,PUMP101.DISCHARGE_PRESS,12.413,bar,GOOD
2025-01-07 18:00:00,PUMP101.DISCHARGE_PRESS,12.14,bar,GOOD
2025-01-07 19:00:00,PUMP101.DISCHARGE_PRESS,12.684,bar,GOOD
2025-01-07 20:00:00,PUMP101.DISCHARGE_PRESS,12.028,bar,GOOD
2025-01-07 21:00:00,PUMP101.DISCHARGE_PRESS,12.248,bar,GOOD
2025-01-07 22:00:00,PUMP101.DISCHARGE_PRESS,12.183,bar,GOOD
2025-01-07 23:00:00,PUMP101.DISCHARGE_PRESS,11.856,bar,GOOD
2025-01-08 00:00:00,PUMP101.DISCHARGE_PRESS,12.202,bar,GOOD
2025-01-08 01:00:00,PUMP101.DISCHARGE_PRESS,13.117,bar,GOOD
2025-01-08 02:00:00,PUMP101.DISCHARGE_PRESS,11.865,bar,GOOD
2025-01-08 03:00:00,PUMP101.DISCHARGE_PRESS,12.21,bar,GOOD
2025-01-08 04:00:00,PUMP101.DISCHARGE_PRESS,12.629,bar,GOOD
2025-01-08 05:00:00,PUMP101.DISCHARGE_PRESS,12.57,bar,GOOD
2025-01-08 06:00:00,PUMP101.DISCHARGE_PRESS,12.006,bar,GOOD
2025-01-08 07:00:00,PUMP101.DISCHARGE_PRESS,10.808,bar,GOOD
2025-01-08 08:00:00,PUMP101.DISCHARGE_PRESS,12.258,bar,GOOD
2025-01-08 09:00:00,PUMP101.DISCHARGE_PRESS,10.89,bar,GOOD
2025-01-08 10:00:00,PUMP101.DISCHARGE_PRESS,12.735,bar,GOOD
2025-01-08 11:00:00,PUMP101.DISCHARGE_PRESS,12.085,bar,GOOD
2025-01-08 12:00:00,PUMP101.DISCHARGE_PRESS,12.5,bar,GOOD
2025-01-08 13:00:00,PUMP101.DISCHARGE_PRESS,11.549,bar,GOOD
2025-01-08 14:00:00,PUMP101.DISCHARGE_PRESS,11.224,bar,GOOD
2025-01-08 15:00:00,PUMP101.DISCHARGE_PRESS,12.13,bar,GOOD
2025-01-08 16:00:00,PUMP101.DISCHARGE_PRESS,11.983,bar,BAD
2025-01-08 17:00:00,PUMP101.DISCHARGE_PRESS,11.754,bar,GOOD
2025-01-08 18:00:00,PUMP101.DISCHARGE_PRESS,12.042,bar,GOOD
2025-01-08 19:00:00,PUMP101.DISCHARGE_PRESS,13.384,bar,GOOD
2025-01-08 20:00:00,PUMP101.DISCHARGE_PRESS,12.417,bar,GOOD
2025-01-08 21:00:00,PUMP101.DISCHARGE_PRESS,12.525,bar,GOOD
2025-01-08 22:00:00,PUMP101.DISCHARGE_PRESS,12.422,bar,GOOD
2025-01-08 23:00:00,PUMP101.DISCHARGE_PRESS,12.74,bar,GOOD
2025-01-09 00:00:00,PUMP101.DISCHARGE_PRESS,11.905,bar,GOOD
2025-01-09 01:00:00,PUMP101.DISCHARGE_PRESS,10.973,bar,GOOD
2025-01-09 02:00:00,PUMP101.DISCHARGE_PRESS,11.906,bar,GOOD
2025-01-09 03:00:00,PUMP101.DISCHARGE_PRESS,12.406,bar,BAD
2025-01-09 04:00:00,PUMP101.DISCHARGE_PRESS,11.515,bar,GOOD
2025-01-09 05:00:00,PUMP101.DISCHARGE_PRESS,11.912,bar,GOOD
2025-01-09 06:00:00,PUMP101.DISCHARGE_PRESS,11.654,bar,GOOD
2025-01-09 07:00:00,PUMP101.DISCHARGE_PRESS,12.751,bar,GOOD
2025-01-09 08:00:00,PUMP101.DISCHARGE_PRESS,12.375,bar,GOOD
2025-01-09 09:00:00,PUMP101.DISCHARGE_PRESS,12.326,bar,GOOD
2025-01-09 10:00:00,PUMP101.DISCHARGE_PRESS,12.311,bar,GOOD
2025-01-09 11:00:00,PUMP101.DISCHARGE_PRESS,11.981,bar,GOOD
2025-01-09 12:00:00,PUMP101.DISCHARGE_PRESS,12.099,bar,GOOD
2025-01-09 13:00:00,PUMP101.DISCHARGE_PRESS,11.407,bar,GOOD
2025-01-09 14:00:00,PUMP101.DISCHARGE_PRESS,10.907,bar,GOOD
2025-01-09 15:00:00,PUMP101.DISCHARGE_PRESS,12.075,bar,GOOD
2025-01-09 16:00:00,PUMP101.DISCHARGE_PRESS,12.162,bar,GOOD
2025-01-09 17:00:00,PUMP101.DISCHARGE_PRESS,12.605,bar,GOOD
2025-01-09 18:00:00,PUMP101.DISCHARGE_PRESS,12.786,bar,GOOD
2025-01-09 19:00:00,PUMP101.DISCHARGE_PRESS,12.785,bar,GOOD
2025-01-09 20:00:00,PUMP101.DISCHARGE_PRESS,11.501,bar,GOOD
2025-01-09 21:00:00,PUMP101.DISCHARGE_PRESS,11.824,bar,GOOD
2025-01-09 22:00:00,PUMP101.DISCHARGE_PRESS,12.24,bar,GOOD
2025-01-09 23:00:00,PUMP101.DISCHARGE_PRESS,13.266,bar,GOOD
2025-01-10 00:00:00,PUMP101.DISCHARGE_PRESS,12.74,bar,GOOD
2025-01-10 01:00:00,PUMP101.DISCHARGE_PRESS,12.56,bar,GOOD
2025-01-10 02:00:00,PUMP101.DISCHARGE_PRESS,11.806,bar,GOOD
2025-01-10 03:00:00,PUMP101.DISCHARGE_PRESS,11.558,bar,GOOD
2025-01-10 04:00:00,PUMP101.DISCHARGE_PRESS,12.394,bar,GOOD
2025-01-10 05:00:00,PUMP101.DISCHARGE_PRESS,11.45,bar,GOOD
2025-01-10 06:00:00,PUMP101.DISCHARGE_PRESS,11.881,bar,GOOD
2025-01-10 07:00:00,PUMP101.DISCHARGE_PRESS,11.943,bar,GOOD
2025-01-10 08:00:00,PUMP101.DISCHARGE_PRESS,12.796,bar,BAD
2025-01-10 09:00:00,PUMP101.DISCHARGE_PRESS,11.823,bar,GOOD
2025-01-10 10:00:00,PUMP101.DISCHARGE_PRESS,10.78,bar,GOOD
2025-01-10 11:00:00,PUMP101.DISCHARGE_PRESS,12.252,bar,GOOD
2025-01-10 12:00:00,PUMP101.DISCHARGE_PRESS,11.65,bar,GOOD
2025-01-10 13:00:00,PUMP101.DISCHARGE_PRESS,12.021,bar,GOOD
2025-01-10 14:00:00,PUMP101.DISCHARGE_PRESS,11.957,bar,GOOD
2025-01-10 15:00:00,PUMP101.DISCHARGE_PRESS,11.863,bar,GOOD
2025-01-10 16:00:00,PUMP101.DISCHARGE_PRESS,12.395,bar,GOOD
2025-01-10 17:00:00,PUMP101.DISCHARGE_PRESS,11.234,bar,GOOD
2025-01-10 18:00:00,PUMP101.DISCHARGE_PRESS,11.741,bar,GOOD
2025-01-10 19:00:00,PUMP101.DISCHARGE_PRESS,12.342,bar,GOOD
2025-01-10 20:00:00,PUMP101.DISCHARGE_PRESS,11.693,bar,GOOD
2025-01-10 21:00:00,PUMP101.DISCHARGE_PRESS,11.196,bar,GOOD
2025-01-10 22:00:00,PUMP101.DISCHARGE_PRESS,12.334,bar,GOOD
2025-01-10 23:00:00,PUMP101.DISCHARGE_PRESS,12.562,bar,GOOD
2025-01-11 00:00:00,PUMP101.DISCHARGE_PRESS,11.978,bar,GOOD
2025-01-11 01:00:00,PUMP101.DISCHARGE_PRESS,11.02,bar,GOOD
2025-01-11 02:00:00,PUMP101.DISCHARGE_PRESS,12.353,bar,GOOD
2025-01-11 03:00:00,PUMP101.DISCHARGE_PRESS,11.17,bar,GOOD
2025-01-11 04:00:00,PUMP101.DISCHARGE_PRESS,12.154,bar,GOOD
2025-01-11 05:00:00,PUMP101.DISCHARGE_PRESS,11.556,bar,GOOD
2025-01-11 06:00:00,PUMP101.DISCHARGE_PRESS,11.42,bar,GOOD
2025-01-11 07:00:00,PUMP101.DISCHARGE_PRESS,11.779,bar,GOOD
2025-01-11 08:00:00,PUMP101.DISCHARGE_PRESS,11.908,bar,GOOD
2025-01-11 09:00:00,PUMP101.DISCHARGE_PRESS,11.678,bar,GOOD
2025-01-11 10:00:00,PUMP101.DISCHARGE_PRESS,12.294,bar,GOOD
2025-01-11 11:00:00,PUMP101.DISCHARGE_PRESS,11.777,bar,GOOD
2025-01-11 12:00:00,PUMP101.DISCHARGE_PRESS,12.49,bar,GOOD
2025-01-11 13:00:00,PUMP101.DISCHARGE_PRESS,12.141,bar,GOOD
2025-01-11 14:00:00,PUMP101.DISCHARGE_PRESS,11.651,bar,GOOD
2025-01-11 15:00:00,PUMP101.DISCHARGE_PRESS,11.567,bar,GOOD
2025-01-11 16:00:00,PUMP101.DISCHARGE_PRESS,11.176,bar,GOOD
2025-01-11 17:00:00,PUMP101.DISCHARGE_PRESS,12.145,bar,GOOD
2025-01-11 18:00:00,PUMP101.DISCHARGE_PRESS,11.823,bar,GOOD
2025-01-11 19:00:00,PUMP101.DISCHARGE_PRESS,10.814,bar,GOOD
2025-01-11 20:00:00,PUMP101.DISCHARGE_PRESS,11.732,bar,GOOD
2025-01-11 21:00:00,PUMP101.DISCHARGE_PRESS,11.549,bar,GOOD
2025-01-11 22:00:00,PUMP101.DISCHARGE_PRESS,12.788,bar,GOOD
2025-01-11 23:00:00,PUMP101.DISCHARGE_PRESS,11.149,bar,GOOD
2025-01-12 00:00:00,PUMP101.DISCHARGE_PRESS,11.279,bar,GOOD
2025-01-12 01:00:00,PUMP101.DISCHARGE_PRESS,12.555,bar,GOOD
2025-01-12 02:00:00,PUMP101.DISCHARGE_PRESS,12.678,bar,GOOD
2025-01-12 03:00:00,PUMP101.DISCHARGE_PRESS,11.628,bar,GOOD
2025-01-12 04:00:00,PUMP101.DISCHARGE_PRESS,11.684,bar,GOOD
2025-01-12 05:00:00,PUMP101.DISCHARGE_PRESS,12.308,bar,GOOD
2025-01-12 06:00:00,PUMP101.DISCHARGE_PRESS,10.836,bar,GOOD
2025-01-12 07:00:00,PUMP101.DISCHARGE_PRESS,11.069,bar,GOOD
2025-01-12 08:00:00,PUMP101.DISCHARGE_PRESS,11.86,bar,GOOD
2025-01-12 09:00:00,PUMP101.DISCHARGE_PRESS,12.775,bar,GOOD
2025-01-12 10:00:00,PUMP101.DISCHARGE_PRESS,11.782,bar,GOOD
2025-01-12 11:00:00,PUMP101.DISCHARGE_PRESS,12.05,bar,GOOD
2025-01-12 12:00:00,PUMP101.DISCHARGE_PRESS,12.567,bar,GOOD
2025-01-12 13:00:00,PUMP101.DISCHARGE_PRESS,13.053,bar,GOOD
2025-01-12 14:00:00,PUMP101.DISCHARGE_PRESS,11.712,bar,GOOD
2025-01-12 15:00:00,PUMP101.DISCHARGE_PRESS,11.992,bar,GOOD
2025-01-12 16:00:00,PUMP101.DISCHARGE_PRESS,12.911,bar,GOOD
2025-01-12 17:00:00,PUMP101.DISCHARGE_PRESS,11.239,bar,GOOD
2025-01-12 18:00:00,PUMP101.DISCHARGE_PRESS,12.514,bar,GOOD
2025-01-12 19:00:00,PUMP101.DISCHARGE_PRESS,11.491,bar,GOOD
2025-01-12 20:00:00,PUMP101.DISCHARGE_PRESS,12.051,bar,GOOD
2025-01-12 21:00:00,PUMP101.DISCHARGE_PRESS,11.879,bar,GOOD
2025-01-12 22:00:00,PUMP101.DISCHARGE_PRESS,11.521,bar,GOOD
2025-01-12 23:00:00,PUMP101.DISCHARGE_PRESS,11.508,bar,GOOD
2025-01-13 00:00:00,PUMP101.DISCHARGE_PRESS,12.138,bar,GOOD
2025-01-13 01:00:00,PUMP101.DISCHARGE_PRESS,12.498,bar,GOOD
2025-01-13 02:00:00,PUMP101.DISCHARGE_PRESS,11.935,bar,GOOD
2025-01-13 03:00:00,PUMP101.DISCHARGE_PRESS,12.035,bar,GOOD
2025-01-13 04:00:00,PUMP101.DISCHARGE_PRESS,12.286,bar,GOOD
2025-01-13 05:00:00,PUMP101.DISCHARGE_PRESS,11.514,bar,GOOD
2025-01-13 06:00:00,PUMP101.DISCHARGE_PRESS,12.37,bar,GOOD
2025-01-13 07:00:00,PUMP101.DISCHARGE_PRESS,12.41,bar,GOOD
2025-01-13 08:00:00,PUMP101.DISCHARGE_PRESS,13.302,bar,GOOD
2025-01-13 09:00:00,PUMP101.DISCHARGE_PRESS,11.812,bar,GOOD
2025-01-13 10:00:00,PUMP101.DISCHARGE_PRESS,11.771,bar,BAD
2025-01-13 11:00:00,PUMP101.DISCHARGE_PRESS,12.384,bar,GOOD
2025-01-13 12:00:00,PUMP101.DISCHARGE_PRESS,12.41,bar,GOOD
2025-01-13 13:00:00,PUMP101.DISCHARGE_PRESS,11.732,bar,GOOD
2025-01-13 14:00:00,PUMP101.DISCHARGE_PRESS,11.798,bar,GOOD
2025-01-13 15:00:00,PUMP101.DISCHARGE_PRESS,12.271,bar,GOOD
2025-01-13 16:00:00,PUMP101.DISCHARGE_PRESS,11.586,bar,GOOD
2025-01-13 17:00:00,PUMP101.DISCHARGE_PRESS,11.795,bar,GOOD
2025-01-13 18:00:00,PUMP101.DISCHARGE_PRESS,12.045,bar,GOOD
2025-01-13 19:00:00,PUMP101.DISCHARGE_PRESS,12.498,bar,GOOD
2025-01-13 20:00:00,PUMP101.DISCHARGE_PRESS,11.698,bar,GOOD
2025-01-13 21:00:00,PUMP101.DISCHARGE_PRESS,11.079,bar,GOOD
2025-01-13 22:00:00,PUMP101.DISCHARGE_PRESS,11.042,bar,GOOD
2025-01-13 23:00:00,PUMP101.DISCHARGE_PRESS,11.37,bar,GOOD
2025-01-14 00:00:00,PUMP101.DISCHARGE_PRESS,11.343,bar,GOOD
2025-01-14 01:00:00,PUMP101.DISCHARGE_PRESS,11.923,bar,GOOD
2025-01-14 02:00:00,PUMP101.DISCHARGE_PRESS,11.406,bar,GOOD
2025-01-14 03:00:00,PUMP101.DISCHARGE_PRESS,11.649,bar,GOOD
2025-01-14 04:00:00,PUMP101.DISCHARGE_PRESS,11.613,bar,GOOD
2025-01-14 05:00:00,PUMP101.DISCHARGE_PRESS,11.78,bar,GOOD
2025-01-14 06:00:00,PUMP101.DISCHARGE_PRESS,12.661,bar,GOOD
2025-01-14 07:00:00,PUMP101.DISCHARGE_PRESS,12.331,bar,GOOD
2025-01-14 08:00:00,PUMP101.DISCHARGE_PRESS,12.008,bar,GOOD
2025-01-14 09:00:00,PUMP101.DISCHARGE_PRESS,11.769,bar,GOOD
2025-01-14 10:00:00,PUMP101.DISCHARGE_PRESS,11.783,bar,GOOD
2025-01-14 11:00:00,PUMP101.DISCHARGE_PRESS,12.164,bar,GOOD
2025-01-14 12:00:00,PUMP101.DISCHARGE_PRESS,12.292,bar,GOOD
2025-01-14 13:00:00,PUMP101.DISCHARGE_PRESS,11.546,bar,GOOD
2025-01-14 14:00:00,PUMP101.DISCHARGE_PRESS,12.018,bar,GOOD
2025-01-14 15:00:00,PUMP101.DISCHARGE_PRESS,10.984,bar,GOOD
2025-01-14 16:00:00,PUMP101.DISCHARGE_PRESS,12.106,bar,GOOD
2025-01-14 17:00:00,PUMP101.DISCHARGE_PRESS,12.381,bar,GOOD
2025-01-14 18:00:00,PUMP101.DISCHARGE_PRESS,11.86,bar,GOOD
2025-01-14 19:00:00,PUMP101.DISCHARGE_PRESS,12.908,bar,GOOD
2025-01-14 20:00:00,PUMP101.DISCHARGE_PRESS,11.559,bar,GOOD
2025-01-14 21:00:00,PUMP101.DISCHARGE_PRESS,12.109,bar,GOOD
2025-01-14 22:00:00,PUMP101.DISCHARGE_PRESS,11.982,bar,GOOD
2025-01-14 23:00:00,PUMP101.DISCHARGE_PRESS,11.95,bar,GOOD
2025-01-15 00:00:00,PUMP101.DISCHARGE_PRESS,11.943,bar,GOOD
2025-01-15 01:00:00,PUMP101.DISCHARGE_PRESS,12.054,bar,GOOD
2025-01-15 02:00:00,PUMP101.DISCHARGE_PRESS,12.424,bar,GOOD
2025-01-15 03:00:00,PUMP101.DISCHARGE_PRESS,12.689,bar,GOOD
2025-01-15 04:00:00,PUMP101.DISCHARGE_PRESS,11.999,bar,GOOD
2025-01-15 05:00:00,PUMP101.DISCHARGE_PRESS,12.408,bar,GOOD
2025-01-15 06:00:00,PUMP101.DISCHARGE_PRESS,11.649,bar,GOOD
2025-01-15 07:00:00,PUMP101.DISCHARGE_PRESS,12.383,bar,GOOD
2025-01-15 08:00:00,PUMP101.DISCHARGE_PRESS,11.619,bar,GOOD
2025-01-15 09:00:00,PUMP101.DISCHARGE_PRESS,12.545,bar,GOOD
2025-01-15 10:00:00,PUMP101.DISCHARGE_PRESS,13.105,bar,GOOD
2025-01-15 11:00:00,PUMP101.DISCHARGE_PRESS,11.939,bar,GOOD
2025-01-15 12:00:00,PUMP101.DISCHARGE_PRESS,10.904,bar,GOOD
2025-01-15 13:00:00,PUMP101.DISCHARGE_PRESS,11.726,bar,GOOD
2025-01-15 14:00:00,PUMP101.DISCHARGE_PRESS,12.616,bar,GOOD
2025-01-15 15:00:00,PUMP101.DISCHARGE_PRESS,12.277,bar,GOOD
2025-01-15 16:00:00,PUMP101.DISCHARGE_PRESS,12.124,bar,GOOD
2025-01-15 17:00:00,PUMP101.DISCHARGE_PRESS,12.504,bar,GOOD
2025-01-15 18:00:00,PUMP101.DISCHARGE_PRESS,12.242,bar,GOOD
2025-01-15 19:00:00,PUMP101.DISCHARGE_PRESS,12.609,bar,GOOD
2025-01-15 20:00:00,PUMP101.DISCHARGE_PRESS,12.46,bar,GOOD
2025-01-15 21:00:00,PUMP101.DISCHARGE_PRESS,12.761,bar,GOOD
2025-01-15 22:00:00,PUMP101.DISCHARGE_PRESS,12.179,bar,GOOD
2025-01-15 23:00:00,PUMP101.DISCHARGE_PRESS,12.453,bar,GOOD
2025-01-16 00:00:00,PUMP101.DISCHARGE_PRESS,11.846,bar,GOOD
2025-01-16 01:00:00,PUMP101.DISCHARGE_PRESS,11.699,bar,GOOD
2025-01-16 02:00:00,PUMP101.DISCHARGE_PRESS,12.853,bar,GOOD
2025-01-16 03:00:00,PUMP101.DISCHARGE_PRESS,12.108,bar,GOOD
2025-01-16 04:00:00,PUMP101.DISCHARGE_PRESS,12.402,bar,GOOD
2025-01-16 05:00:00,PUMP101.DISCHARGE_PRESS,12.062,bar,GOOD
2025-01-16 06:00:00,PUMP101.DISCHARGE_PRESS,11.707,bar,GOOD
2025-01-16 07:00:00,PUMP101.DISCHARGE_PRESS,12.005,bar,GOOD
2025-01-16 08:00:00,PUMP101.DISCHARGE_PRESS,12.718,bar,GOOD
2025-01-16 09:00:00,PUMP101.DISCHARGE_PRESS,12.278,bar,GOOD
2025-01-16 10:00:00,PUMP101.DISCHARGE_PRESS,11.144,bar,GOOD
2025-01-16 11:00:00,PUMP101.DISCHARGE_PRESS,11.892,bar,GOOD
2025-01-16 12:00:00,PUMP101.DISCHARGE_PRESS,12.891,bar,GOOD
2025-01-16 13:00:00,PUMP101.DISCHARGE_PRESS,11.893,bar,GOOD
2025-01-16 14:00:00,PUMP101.DISCHARGE_PRESS,11.1,bar,GOOD
2025-01-16 15:00:00,PUMP101.DISCHARGE_PRESS,12.947,bar,GOOD
2025-01-16 16:00:00,PUMP101.DISCHARGE_PRESS,12.341,bar,GOOD
2025-01-16 17:00:00,PUMP101.DISCHARGE_PRESS,11.965,bar,GOOD
2025-01-16 18:00:00,PUMP101.DISCHARGE_PRESS,11.814,bar,GOOD
2025-01-16 19:00:00,PUMP101.DISCHARGE_PRESS,12.541,bar,GOOD
2025-01-16 20:00:00,PUMP101.DISCHARGE_PRESS,11.729,bar,GOOD
2025-01-16 21:00:00,PUMP101.DISCHARGE_PRESS,12.574,bar,GOOD
2025-01-16 22:00:00,PUMP101.DISCHARGE_PRESS,12.271,bar,GOOD
2025-01-16 23:00:00,PUMP101.DISCHARGE_PRESS,12.122,bar,GOOD
2025-01-17 00:00:00,PUMP101.DISCHARGE_PRESS,12.073,bar,GOOD
2025-01-17 01:00:00,PUMP101.DISCHARGE_PRESS,11.913,bar,GOOD
2025-01-17 02:00:00,PUMP101.DISCHARGE_PRESS,12.523,bar,GOOD
2025-01-17 03:00:00,PUMP101.DISCHARGE_PRESS,11.567,bar,GOOD
2025-01-17 04:00:00,PUMP101.DISCHARGE_PRESS,11.189,bar,GOOD
2025-01-17 05:00:00,PUMP101.DISCHARGE_PRESS,12.307,bar,GOOD
2025-01-17 06:00:00,PUMP101.DISCHARGE_PRESS,12.316,bar,GOOD
2025-01-17 07:00:00,PUMP101.DISCHARGE_PRESS,12.24,bar,GOOD
2025-01-17 08:00:00,PUMP101.DISCHARGE_PRESS,12.204,bar,GOOD
2025-01-17 09:00:00,PUMP101.DISCHARGE_PRESS,11.84,bar,GOOD
2025-01-17 10:00:00,PUMP101.DISCHARGE_PRESS,12.394,bar,GOOD
2025-01-17 11:00:00,PUMP101.DISCHARGE_PRESS,11.977,bar,GOOD
2025-01-17 12:00:00,PUMP101.DISCHARGE_PRESS,11.756,bar,GOOD
2025-01-17 13:00:00,PUMP101.DISCHARGE_PRESS,11.844,bar,GOOD
2025-01-17 14:00:00,PUMP101.DISCHARGE_PRESS,13.01,bar,GOOD
2025-01-17 15:00:00,PUMP101.DISCHARGE_PRESS,11.133,bar,GOOD
2025-01-17 16:00:00,PUMP101.DISCHARGE_PRESS,12.25,bar,GOOD
2025-01-17 17:00:00,PUMP101.DISCHARGE_PRESS,11.16,bar,GOOD
2025-01-17 18:00:00,PUMP101.DISCHARGE_PRESS,11.946,bar,GOOD
2025-01-17 19:00:00,PUMP101.DISCHARGE_PRESS,11.783,bar,GOOD
2025-01-17 20:00:00,PUMP101.DISCHARGE_PRESS,10.957,bar,GOOD
2025-01-17 21:00:00,PUMP101.DISCHARGE_PRESS,12.195,bar,GOOD
2025-01-17 22:00:00,PUMP101.DISCHARGE_PRESS,11.81,bar,GOOD
2025-01-17 23:00:00,PUMP101.DISCHARGE_PRESS,10.95,bar,GOOD
2025-01-18 00:00:00,PUMP101.DISCHARGE_PRESS,12.42,bar,GOOD
2025-01-18 01:00:00,PUMP101.DISCHARGE_PRESS,12.718,bar,GOOD
2025-01-18 02:00:00,PUMP101.DISCHARGE_PRESS,12.745,bar,GOOD
2025-01-18 03:00:00,PUMP101.DISCHARGE_PRESS,12.179,bar,GOOD
2025-01-18 04:00:00,PUMP101.DISCHARGE_PRESS,12.023,bar,GOOD
2025-01-18 05:00:00,PUMP101.DISCHARGE_PRESS,12.664,bar,GOOD
2025-01-18 06:00:00,PUMP101.DISCHARGE_PRESS,12.841,bar,GOOD
2025-01-18 07:00:00,PUMP101.DISCHARGE_PRESS,12.567,bar,GOOD
2025-01-18 08:00:00,PUMP101.DISCHARGE_PRESS,11.529,bar,GOOD
2025-01-18 09:00:00,PUMP101.DISCHARGE_PRESS,12.101,bar,GOOD
2025-01-18 10:00:00,PUMP101.DISCHARGE_PRESS,12.22,bar,GOOD
2025-01-18 11:00:00,PUMP101.DISCHARGE_PRESS,11.095,bar,GOOD
2025-01-18 12:00:00,PUMP101.DISCHARGE_PRESS,12.235,bar,GOOD
2025-01-18 13:00:00,PUMP101.DISCHARGE_PRESS,13.136,bar,GOOD
2025-01-18 14:00:00,PUMP101.DISCHARGE_PRESS,12.32,bar,GOOD
2025-01-18 15:00:00,PUMP101.DISCHARGE_PRESS,12.737,bar,GOOD
2025-01-18 16:00:00,PUMP101.DISCHARGE_PRESS,12.091,bar,GOOD
2025-01-18 17:00:00,PUMP101.DISCHARGE_PRESS,11.963,bar,GOOD
2025-01-18 18:00:00,PUMP101.DISCHARGE_PRESS,12.191,bar,GOOD
2025-01-18 19:00:00,PUMP101.DISCHARGE_PRESS,11.592,bar,GOOD
2025-01-18 20:00:00,PUMP101.DISCHARGE_PRESS,11.518,bar,GOOD
2025-01-18 21:00:00,PUMP101.DISCHARGE_PRESS,12.633,bar,GOOD
2025-01-18 22:00:00,PUMP101.DISCHARGE_PRESS,12.686,bar,GOOD
2025-01-18 23:00:00,PUMP101.DISCHARGE_PRESS,11.504,bar,GOOD
2025-01-19 00:00:00,PUMP101.DISCHARGE_PRESS,12.484,bar,GOOD
2025-01-19 01:00:00,PUMP101.DISCHARGE_PRESS,11.957,bar,GOOD
2025-01-19 02:00:00,PUMP101.DISCHARGE_PRESS,12.17,bar,GOOD
2025-01-19 03:00:00,PUMP101.DISCHARGE_PRESS,12.23,bar,GOOD
2025-01-19 04:00:00,PUMP101.DISCHARGE_PRESS,12.497,bar,GOOD
2025-01-19 05:00:00,PUMP101.DISCHARGE_PRESS,12.041,bar,GOOD
2025-01-19 06:00:00,PUMP101.DISCHARGE_PRESS,12.705,bar,GOOD
2025-01-19 07:00:00,PUMP101.DISCHARGE_PRESS,12.155,bar,GOOD
2025-01-19 08:00:00,PUMP101.DISCHARGE_PRESS,12.312,bar,GOOD
2025-01-19 09:00:00,PUMP101.DISCHARGE_PRESS,11.583,bar,GOOD
2025-01-19 10:00:00,PUMP101.DISCHARGE_PRESS,13.079,bar,GOOD
2025-01-19 11:00:00,PUMP101.DISCHARGE_PRESS,12.235,bar,GOOD
2025-01-19 12:00:00,PUMP101.DISCHARGE_PRESS,12.356,bar,GOOD
2025-01-19 13:00:00,PUMP101.DISCHARGE_PRESS,11.196,bar,GOOD
2025-01-19 14:00:00,PUMP101.DISCHARGE_PRESS,11.589,bar,GOOD
2025-01-19 15:00:00,PUMP101.DISCHARGE_PRESS,12.619,bar,GOOD
2025-01-19 16:00:00,PUMP101.DISCHARGE_PRESS,12.143,bar,GOOD
2025-01-19 17:00:00,PUMP101.DISCHARGE_PRESS,11.043,bar,GOOD
2025-01-19 18:00:00,PUMP101.DISCHARGE_PRESS,12.519,bar,GOOD
2025-01-19 19:00:00,PUMP101.DISCHARGE_PRESS,11.728,bar,GOOD
2025-01-19 20:00:00,PUMP101.DISCHARGE_PRESS,12.706,bar,GOOD
2025-01-19 21:00:00,PUMP101.DISCHARGE_PRESS,11.956,bar,GOOD
2025-01-19 22:00:00,PUMP101.DISCHARGE_PRESS,12.102,bar,GOOD
2025-01-19 23:00:00,PUMP101.DISCHARGE_PRESS,12.589,bar,GOOD
2025-01-20 00:00:00,PUMP101.DISCHARGE_PRESS,11.551,bar,GOOD
2025-01-20 01:00:00,PUMP101.DISCHARGE_PRESS,11.504,bar,GOOD
2025-01-20 02:00:00,PUMP101.DISCHARGE_PRESS,11.902,bar,GOOD
2025-01-20 03:00:00,PUMP101.DISCHARGE_PRESS,12.414,bar,GOOD
2025-01-20 04:00:00,PUMP101.DISCHARGE_PRESS,11.335,bar,GOOD
2025-01-20 05:00:00,PUMP101.DISCHARGE_PRESS,11.166,bar,GOOD
2025-01-20 06:00:00,PUMP101.DISCHARGE_PRESS,12.412,bar,GOOD
2025-01-20 07:00:00,PUMP101.DISCHARGE_PRESS,11.699,bar,GOOD
2025-01-20 08:00:00,PUMP101.DISCHARGE_PRESS,11.804,bar,GOOD
2025-01-20 09:00:00,PUMP101.DISCHARGE_PRESS,11.072,bar,GOOD
2025-01-20 10:00:00,PUMP101.DISCHARGE_PRESS,11.661,bar,GOOD
2025-01-20 11:00:00,PUMP101.DISCHARGE_PRESS,11.996,bar,GOOD
2025-01-20 12:00:00,PUMP101.DISCHARGE_PRESS,12.465,bar,GOOD
2025-01-20 13:00:00,PUMP101.DISCHARGE_PRESS,11.614,bar,GOOD
2025-01-20 14:00:00,PUMP101.DISCHARGE_PRESS,12.829,bar,GOOD
2025-01-20 15:00:00,PUMP101.DISCHARGE_PRESS,11.658,bar,GOOD
2025-01-20 16:00:00,PUMP101.DISCHARGE_PRESS,11.658,bar,GOOD
2025-01-20 17:00:00,PUMP101.DISCHARGE_PRESS,12.769,bar,GOOD
2025-01-20 18:00:00,PUMP101.DISCHARGE_PRESS,12.106,bar,GOOD
2025-01-20 19:00:00,PUMP101.DISCHARGE_PRESS,11.724,bar,GOOD
2025-01-20 20:00:00,PUMP101.DISCHARGE_PRESS,11.922,bar,GOOD
2025-01-20 21:00:00,PUMP101.DISCHARGE_PRESS,12.677,bar,GOOD
2025-01-20 22:00:00,PUMP101.DISCHARGE_PRESS,12.733,bar,GOOD
2025-01-20 23:00:00,PUMP101.DISCHARGE_PRESS,11.592,bar,GOOD
2025-01-21 00:00:00,PUMP101.DISCHARGE_PRESS,11.979,bar,GOOD
2025-01-21 01:00:00,PUMP101.DISCHARGE_PRESS,12.045,bar,GOOD
2025-01-21 02:00:00,PUMP101.DISCHARGE_PRESS,11.507,bar,GOOD
2025-01-21 03:00:00,PUMP101.DISCHARGE_PRESS,11.972,bar,GOOD
2025-01-21 04:00:00,PUMP101.DISCHARGE_PRESS,12.003,bar,GOOD
2025-01-21 05:00:00,PUMP101.DISCHARGE_PRESS,12.57,bar,GOOD
2025-01-21 06:00:00,PUMP101.DISCHARGE_PRESS,12.604,bar,GOOD
2025-01-21 07:00:00,PUMP101.DISCHARGE_PRESS,11.835,bar,GOOD
2025-01-21 08:00:00,PUMP101.DISCHARGE_PRESS,11.893,bar,GOOD
2025-01-21 09:00:00,PUMP101.DISCHARGE_PRESS,12.332,bar,GOOD
2025-01-21 10:00:00,PUMP101.DISCHARGE_PRESS,11.707,bar,GOOD
2025-01-21 11:00:00,PUMP101.DISCHARGE_PRESS,12.294,bar,GOOD
2025-01-21 12:00:00,PUMP101.DISCHARGE_PRESS,11.956,bar,GOOD
2025-01-21 13:00:00,PUMP101.DISCHARGE_PRESS,11.515,bar,BAD
2025-01-21 14:00:00,PUMP101.DISCHARGE_PRESS,11.522,bar,GOOD
2025-01-21 15:00:00,PUMP101.DISCHARGE_PRESS,12.724,bar,GOOD
2025-01-21 16:00:00,PUMP101.DISCHARGE_PRESS,11.922,bar,GOOD
2025-01-21 17:00:00,PUMP101.DISCHARGE_PRESS,12.82,bar,GOOD
2025-01-21 18:00:00,PUMP101.DISCHARGE_PRESS,11.743,bar,GOOD
2025-01-21 19:00:00,PUMP101.DISCHARGE_PRESS,12.146,bar,GOOD
2025-01-21 20:00:00,PUMP101.DISCHARGE_PRESS,13.196,bar,GOOD
2025-01-21 21:00:00,PUMP101.DISCHARGE_PRESS,11.471,bar,GOOD
2025-01-21 22:00:00,PUMP101.DISCHARGE_PRESS,11.051,bar,GOOD
2025-01-21 23:00:00,PUMP101.DISCHARGE_PRESS,12.643,bar,GOOD
2025-01-22 00:00:00,PUMP101.DISCHARGE_PRESS,11.587,bar,GOOD
2025-01-22 01:00:00,PUMP101.DISCHARGE_PRESS,11.99,bar,GOOD
2025-01-22 02:00:00,PUMP101.DISCHARGE_PRESS,11.707,bar,GOOD
2025-01-22 03:00:00,PUMP101.DISCHARGE_PRESS,12.134,bar,GOOD
2025-01-22 04:00:00,PUMP101.DISCHARGE_PRESS,11.525,bar,GOOD
2025-01-22 05:00:00,PUMP101.DISCHARGE_PRESS,11.91,bar,GOOD
2025-01-22 06:00:00,PUMP101.DISCHARGE_PRESS,12.225,bar,GOOD
2025-01-22 07:00:00,PUMP101.DISCHARGE_PRESS,11.496,bar,GOOD
2025-01-22 08:00:00,PUMP101.DISCHARGE_PRESS,11.65,bar,GOOD
2025-01-22 09:00:00,PUMP101.DISCHARGE_PRESS,11.826,bar,GOOD
2025-01-22 10:00:00,PUMP101.DISCHARGE_PRESS,11.286,bar,GOOD
2025-01-22 11:00:00,PUMP101.DISCHARGE_PRESS,11.789,bar,GOOD
2025-01-22 12:00:00,PUMP101.DISCHARGE_PRESS,12.059,bar,GOOD
2025-01-22 13:00:00,PUMP101.DISCHARGE_PRESS,11.8,bar,GOOD
2025-01-22 14:00:00,PUMP101.DISCHARGE_PRESS,11.864,bar,GOOD
2025-01-22 15:00:00,PUMP101.DISCHARGE_PRESS,11.99,bar,GOOD
2025-01-22 16:00:00,PUMP101.DISCHARGE_PRESS,11.672,bar,GOOD
2025-01-22 17:00:00,PUMP101.DISCHARGE_PRESS,12.346,bar,GOOD
2025-01-22 18:00:00,PUMP101.DISCHARGE_PRESS,12.718,bar,GOOD
2025-01-22 19:00:00,PUMP101.DISCHARGE_PRESS,11.768,bar,GOOD
2025-01-22 20:00:00,PUMP101.DISCHARGE_PRESS,12.243,bar,GOOD
2025-01-22 21:00:00,PUMP101.DISCHARGE_PRESS,11.88,bar,GOOD
2025-01-22 22:00:00,PUMP101.DISCHARGE_PRESS,12.183,bar,GOOD
2025-01-22 23:00:00,PUMP101.DISCHARGE_PRESS,12.783,bar,GOOD
2025-01-23 00:00:00,PUMP101.DISCHARGE_PRESS,12.254,bar,GOOD
2025-01-23 01:00:00,PUMP101.DISCHARGE_PRESS,11.113,bar,GOOD
2025-01-23 02:00:00,PUMP101.DISCHARGE_PRESS,12.227,bar,GOOD
2025-01-23 03:00:00,PUMP101.DISCHARGE_PRESS,12.616,bar,GOOD
2025-01-23 04:00:00,PUMP101.DISCHARGE_PRESS,11.889,bar,GOOD
2025-01-23 05:00:00,PUMP101.DISCHARGE_PRESS,12.498,bar,GOOD
2025-01-23 06:00:00,PUMP101.DISCHARGE_PRESS,11.655,bar,GOOD
2025-01-23 07:00:00,PUMP101.DISCHARGE_PRESS,11.257,bar,GOOD
2025-01-23 08:00:00,PUMP101.DISCHARGE_PRESS,12.071,bar,GOOD
2025-01-23 09:00:00,PUMP101.DISCHARGE_PRESS,11.122,bar,GOOD
2025-01-23 10:00:00,PUMP101.DISCHARGE_PRESS,11.88,bar,GOOD
2025-01-23 11:00:00,PUMP101.DISCHARGE_PRESS,12.643,bar,GOOD
2025-01-23 12:00:00,PUMP101.DISCHARGE_PRESS,11.045,bar,GOOD
2025-01-23 13:00:00,PUMP101.DISCHARGE_PRESS,11.36,bar,GOOD
2025-01-23 14:00:00,PUMP101.DISCHARGE_PRESS,11.484,bar,GOOD
2025-01-23 15:00:00,PUMP101.DISCHARGE_PRESS,11.968,bar,GOOD
2025-01-23 16:00:00,PUMP101.DISCHARGE_PRESS,11.817,bar,GOOD
2025-01-23 17:00:00,PUMP101.DISCHARGE_PRESS,12.7,bar,GOOD
2025-01-23 18:00:00,PUMP101.DISCHARGE_PRESS,12.477,bar,GOOD
2025-01-23 19:00:00,PUMP101.DISCHARGE_PRESS,12.248,bar,GOOD
2025-01-23 20:00:00,PUMP101.DISCHARGE_PRESS,12.073,bar,GOOD
2025-01-23 21:00:00,PUMP101.DISCHARGE_PRESS,12.197,bar,GOOD
2025-01-23 22:00:00,PUMP101.DISCHARGE_PRESS,11.569,bar,GOOD
2025-01-23 23:00:00,PUMP101.DISCHARGE_PRESS,12.429,bar,GOOD
2025-01-24 00:00:00,PUMP101.DISCHARGE_PRESS,11.444,bar,GOOD
2025-01-24 01:00:00,PUMP101.DISCHARGE_PRESS,12.418,bar,GOOD
2025-01-24 02:00:00,PUMP101.DISCHARGE_PRESS,12.593,bar,GOOD
2025-01-24 03:00:00,PUMP101.DISCHARGE_PRESS,12.105,bar,GOOD
2025-01-24 04:00:00,PUMP101.DISCHARGE_PRESS,11.912,bar,GOOD
2025-01-24 05:00:00,PUMP101.DISCHARGE_PRESS,12.2,bar,GOOD
2025-01-24 06:00:00,PUMP101.DISCHARGE_PRESS,10.569,bar,GOOD
2025-01-24 07:00:00,PUMP101.DISCHARGE_PRESS,12.151,bar,GOOD
2025-01-24 08:00:00,PUMP101.DISCHARGE_PRESS,11.943,bar,GOOD
2025-01-24 09:00:00,PUMP101.DISCHARGE_PRESS,11.975,bar,GOOD
2025-01-24 10:00:00,PUMP101.DISCHARGE_PRESS,12.353,bar,GOOD
2025-01-24 11:00:00,PUMP101.DISCHARGE_PRESS,11.963,bar,GOOD
2025-01-24 12:00:00,PUMP101.DISCHARGE_PRESS,11.43,bar,GOOD
2025-01-24 13:00:00,PUMP101.DISCHARGE_PRESS,11.929,bar,GOOD
2025-01-24 14:00:00,PUMP101.DISCHARGE_PRESS,12.034,bar,GOOD
2025-01-24 15:00:00,PUMP101.DISCHARGE_PRESS,12.057,bar,GOOD
2025-01-24 16:00:00,PUMP101.DISCHARGE_PRESS,12.081,bar,GOOD
2025-01-24 17:00:00,PUMP101.DISCHARGE_PRESS,12.52,bar,BAD
2025-01-24 18:00:00,PUMP101.DISCHARGE_PRESS,11.457,bar,GOOD
2025-01-24 19:00:00,PUMP101.DISCHARGE_PRESS,12.088,bar,BAD
2025-01-24 20:00:00,PUMP101.DISCHARGE_PRESS,12.645,bar,GOOD
2025-01-24 21:00:00,PUMP101.DISCHARGE_PRESS,11.133,bar,GOOD
2025-01-24 22:00:00,PUMP101.DISCHARGE_PRESS,12.09,bar,GOOD
2025-01-24 23:00:00,PUMP101.DISCHARGE_PRESS,11.707,bar,GOOD
2025-01-25 00:00:00,PUMP101.DISCHARGE_PRESS,11.815,bar,GOOD
2025-01-25 01:00:00,PUMP101.DISCHARGE_PRESS,11.548,bar,GOOD
2025-01-25 02:00:00,PUMP101.DISCHARGE_PRESS,11.915,bar,GOOD
2025-01-25 03:00:00,PUMP101.DISCHARGE_PRESS,12.921,bar,GOOD
2025-01-25 04:00:00,PUMP101.DISCHARGE_PRESS,11.368,bar,GOOD
2025-01-25 05:00:00,PUMP101.DISCHARGE_PRESS,11.415,bar,GOOD
2025-01-25 06:00:00,PUMP101.DISCHARGE_PRESS,11.349,bar,GOOD
2025-01-25 07:00:00,PUMP101.DISCHARGE_PRESS,12.864,bar,GOOD
2025-01-25 08:00:00,PUMP101.DISCHARGE_PRESS,11.769,bar,GOOD
2025-01-25 09:00:00,PUMP101.DISCHARGE_PRESS,11.987,bar,GOOD
2025-01-25 10:00:00,PUMP101.DISCHARGE_PRESS,11.799,bar,GOOD
2025-01-25 11:00:00,PUMP101.DISCHARGE_PRESS,11.528,bar,GOOD
2025-01-25 12:00:00,PUMP101.DISCHARGE_PRESS,11.882,bar,GOOD
2025-01-25 13:00:00,PUMP101.DISCHARGE_PRESS,13.229,bar,GOOD
2025-01-25 14:00:00,PUMP101.DISCHARGE_PRESS,12.696,bar,GOOD
2025-01-25 15:00:00,PUMP101.DISCHARGE_PRESS,11.574,bar,GOOD
2025-01-25 16:00:00,PUMP101.DISCHARGE_PRESS,12.324,bar,GOOD
2025-01-25 17:00:00,PUMP101.DISCHARGE_PRESS,11.584,bar,GOOD
2025-01-25 18:00:00,PUMP101.DISCHARGE_PRESS,11.112,bar,GOOD
2025-01-25 19:00:00,PUMP101.DISCHARGE_PRESS,12.51,bar,GOOD
2025-01-25 20:00:00,PUMP101.DISCHARGE_PRESS,12.58,bar,GOOD
2025-01-25 21:00:00,PUMP101.DISCHARGE_PRESS,12.523,bar,GOOD
2025-01-25 22:00:00,PUMP101.DISCHARGE_PRESS,11.765,bar,GOOD
2025-01-25 23:00:00,PUMP101.DISCHARGE_PRESS,11.917,bar,GOOD
2025-01-26 00:00:00,PUMP101.DISCHARGE_PRESS,12.375,bar,GOOD
2025-01-26 01:00:00,PUMP101.DISCHARGE_PRESS,12.196,bar,GOOD
2025-01-26 02:00:00,PUMP101.DISCHARGE_PRESS,11.803,bar,GOOD
2025-01-26 03:00:00,PUMP101.DISCHARGE_PRESS,11.19,bar,GOOD
2025-01-26 04:00:00,PUMP101.DISCHARGE_PRESS,12.057,bar,GOOD
2025-01-26 05:00:00,PUMP101.DISCHARGE_PRESS,12.54,bar,GOOD
2025-01-26 06:00:00,PUMP101.DISCHARGE_PRESS,11.401,bar,GOOD
2025-01-26 07:00:00,PUMP101.DISCHARGE_PRESS,12.319,bar,GOOD
2025-01-26 08:00:00,PUMP101.DISCHARGE_PRESS,12.166,bar,GOOD
2025-01-26 09:00:00,PUMP101.DISCHARGE_PRESS,12.375,bar,GOOD
2025-01-26 10:00:00,PUMP101.DISCHARGE_PRESS,12.436,bar,GOOD
2025-01-26 11:00:00,PUMP101.DISCHARGE_PRESS,11.653,bar,GOOD
2025-01-26 12:00:00,PUMP101.DISCHARGE_PRESS,11.192,bar,GOOD
2025-01-26 13:00:00,PUMP101.DISCHARGE_PRESS,11.733,bar,GOOD
2025-01-26 14:00:00,PUMP101.DISCHARGE_PRESS,12.445,bar,GOOD
2025-01-26 15:00:00,PUMP101.DISCHARGE_PRESS,11.729,bar,GOOD
2025-01-26 16:00:00,PUMP101.DISCHARGE_PRESS,11.653,bar,GOOD
2025-01-26 17:00:00,PUMP101.DISCHARGE_PRESS,11.089,bar,GOOD
2025-01-26 18:00:00,PUMP101.DISCHARGE_PRESS,12.876,bar,GOOD
2025-01-26 19:00:00,PUMP101.DISCHARGE_PRESS,12.413,bar,GOOD
2025-01-26 20:00:00,PUMP101.DISCHARGE_PRESS,12.385,bar,GOOD
2025-01-26 21:00:00,PUMP101.DISCHARGE_PRESS,12.484,bar,GOOD
2025-01-26 22:00:00,PUMP101.DISCHARGE_PRESS,12.288,bar,GOOD
2025-01-26 23:00:00,PUMP101.DISCHARGE_PRESS,11.878,bar,GOOD
2025-01-27 00:00:00,PUMP101.DISCHARGE_PRESS,11.918,bar,GOOD
2025-01-27 01:00:00,PUMP101.DISCHARGE_PRESS,11.786,bar,GOOD
2025-01-27 02:00:00,PUMP101.DISCHARGE_PRESS,13.317,bar,GOOD
2025-01-27 03:00:00,PUMP101.DISCHARGE_PRESS,12.278,bar,GOOD
2025-01-27 04:00:00,PUMP101.DISCHARGE_PRESS,11.768,bar,GOOD
2025-01-27 05:00:00,PUMP101.DISCHARGE_PRESS,12.233,bar,GOOD
2025-01-27 06:00:00,PUMP101.DISCHARGE_PRESS,11.495,bar,GOOD
2025-01-27 07:00:00,PUMP101.DISCHARGE_PRESS,12.752,bar,GOOD
2025-01-27 08:00:00,PUMP101.DISCHARGE_PRESS,11.669,bar,GOOD
2025-01-27 09:00:00,PUMP101.DISCHARGE_PRESS,12.251,bar,GOOD
2025-01-27 10:00:00,PUMP101.DISCHARGE_PRESS,12.533,bar,GOOD
2025-01-27 11:00:00,PUMP101.DISCHARGE_PRESS,12.192,bar,GOOD
2025-01-27 12:00:00,PUMP101.DISCHARGE_PRESS,12.047,bar,GOOD
2025-01-27 13:00:00,PUMP101.DISCHARGE_PRESS,12.005,bar,GOOD
2025-01-27 14:00:00,PUMP101.DISCHARGE_PRESS,11.972,bar,GOOD
2025-01-27 15:00:00,PUMP101.DISCHARGE_PRESS,11.712,bar,GOOD
2025-01-27 16:00:00,PUMP101.DISCHARGE_PRESS,11.775,bar,GOOD
2025-01-27 17:00:00,PUMP101.DISCHARGE_PRESS,12.74,bar,GOOD
2025-01-27 18:00:00,PUMP101.DISCHARGE_PRESS,11.946,bar,GOOD
2025-01-27 19:00:00,PUMP101.DISCHARGE_PRESS,11.607,bar,GOOD
2025-01-27 20:00:00,PUMP101.DISCHARGE_PRESS,11.742,bar,GOOD
2025-01-27 21:00:00,PUMP101.DISCHARGE_PRESS,12.55,bar,GOOD
2025-01-27 22:00:00,PUMP101.DISCHARGE_PRESS,12.338,bar,GOOD
2025-01-27 23:00:00,PUMP101.DISCHARGE_PRESS,12.28,bar,GOOD
2025-01-28 00:00:00,PUMP101.DISCHARGE_PRESS,11.871,bar,GOOD
2025-01-28 01:00:00,PUMP101.DISCHARGE_PRESS,12.287,bar,GOOD
2025-01-28 02:00:00,PUMP101.DISCHARGE_PRESS,11.678,bar,GOOD
2025-01-28 03:00:00,PUMP101.DISCHARGE_PRESS,11.87,bar,GOOD
2025-01-28 04:00:00,PUMP101.DISCHARGE_PRESS,12.485,bar,GOOD
2025-01-28 05:00:00,PUMP101.DISCHARGE_PRESS,12.437,bar,GOOD
2025-01-28 06:00:00,PUMP101.DISCHARGE_PRESS,11.509,bar,GOOD
2025-01-28 07:00:00,PUMP101.DISCHARGE_PRESS,11.572,bar,GOOD
2025-01-28 08:00:00,PUMP101.DISCHARGE_PRESS,12.054,bar,GOOD
2025-01-28 09:00:00,PUMP101.DISCHARGE_PRESS,12.863,bar,GOOD
2025-01-28 10:00:00,PUMP101.DISCHARGE_PRESS,11.042,bar,GOOD
2025-01-28 11:00:00,PUMP101.DISCHARGE_PRESS,12.139,bar,GOOD
2025-01-28 12:00:00,PUMP101.DISCHARGE_PRESS,11.312,bar,GOOD
2025-01-28 13:00:00,PUMP101.DISCHARGE_PRESS,11.683,bar,GOOD
2025-01-28 14:00:00,PUMP101.DISCHARGE_PRESS,11.818,bar,GOOD
2025-01-28 15:00:00,PUMP101.DISCHARGE_PRESS,11.79,bar,GOOD
2025-01-28 16:00:00,PUMP101.DISCHARGE_PRESS,11.733,bar,GOOD
2025-01-28 17:00:00,PUMP101.DISCHARGE_PRESS,12.004,bar,GOOD
2025-01-28 18:00:00,PUMP101.DISCHARGE_PRESS,11.732,bar,GOOD
2025-01-28 19:00:00,PUMP101.DISCHARGE_PRESS,11.269,bar,GOOD
2025-01-28 20:00:00,PUMP101.DISCHARGE_PRESS,12.39,bar,GOOD
2025-01-28 21:00:00,PUMP101.DISCHARGE_PRESS,12.376,bar,GOOD
2025-01-28 22:00:00,PUMP101.DISCHARGE_PRESS,12.422,bar,GOOD
2025-01-28 23:00:00,PUMP101.DISCHARGE_PRESS,11.23,bar,GOOD
2025-01-29 00:00:00,PUMP101.DISCHARGE_PRESS,12.149,bar,GOOD
2025-01-29 01:00:00,PUMP101.DISCHARGE_PRESS,12.338,bar,GOOD
2025-01-29 02:00:00,PUMP101.DISCHARGE_PRESS,11.484,bar,GOOD
2025-01-29 03:00:00,PUMP101.DISCHARGE_PRESS,12.005,bar,GOOD
2025-01-29 04:00:00,PUMP101.DISCHARGE_PRESS,11.942,bar,GOOD
2025-01-29 05:00:00,PUMP101.DISCHARGE_PRESS,12.921,bar,GOOD
2025-01-29 06:00:00,PUMP101.DISCHARGE_PRESS,12.962,bar,GOOD
2025-01-29 07:00:00,PUMP101.DISCHARGE_PRESS,11.168,bar,GOOD
2025-01-29 08:00:00,PUMP101.DISCHARGE_PRESS,13.247,bar,GOOD
2025-01-29 09:00:00,PUMP101.DISCHARGE_PRESS,11.542,bar,GOOD
2025-01-29 10:00:00,PUMP101.DISCHARGE_PRESS,12.49,bar,GOOD
2025-01-29 11:00:00,PUMP101.DISCHARGE_PRESS,12.485,bar,GOOD
2025-01-29 12:00:00,PUMP101.DISCHARGE_PRESS,11.502,bar,GOOD
2025-01-29 13:00:00,PUMP101.DISCHARGE_PRESS,12.247,bar,GOOD
2025-01-29 14:00:00,PUMP101.DISCHARGE_PRESS,11.946,bar,GOOD
2025-01-29 15:00:00,PUMP101.DISCHARGE_PRESS,12.277,bar,GOOD
2025-01-29 16:00:00,PUMP101.DISCHARGE_PRESS,12.115,bar,BAD
2025-01-29 17:00:00,PUMP101.DISCHARGE_PRESS,12.598,bar,GOOD
2025-01-29 18:00:00,PUMP101.DISCHARGE_PRESS,12.038,bar,GOOD
2025-01-29 19:00:00,PUMP101.DISCHARGE_PRESS,11.916,bar,GOOD
2025-01-29 20:00:00,PUMP101.DISCHARGE_PRESS,12.548,bar,GOOD
2025-01-29 21:00:00,PUMP101.DISCHARGE_PRESS,12.29,bar,GOOD
2025-01-29 22:00:00,PUMP101.DISCHARGE_PRESS,12.366,bar,GOOD
2025-01-29 23:00:00,PUMP101.DISCHARGE_PRESS,11.668,bar,GOOD
2025-01-30 00:00:00,PUMP101.DISCHARGE_PRESS,11.477,bar,GOOD
2025-01-30 01:00:00,PUMP101.DISCHARGE_PRESS,11.716,bar,GOOD
2025-01-30 02:00:00,PUMP101.DISCHARGE_PRESS,11.69,bar,GOOD
2025-01-30 03:00:00,PUMP101.DISCHARGE_PRESS,12.393,bar,GOOD
2025-01-30 04:00:00,PUMP101.DISCHARGE_PRESS,12.488,bar,GOOD
2025-01-30 05:00:00,PUMP101.DISCHARGE_PRESS,11.922,bar,GOOD
2025-01-30 06:00:00,PUMP101.DISCHARGE_PRESS,12.715,bar,GOOD
2025-01-30 07:00:00,PUMP101.DISCHARGE_PRESS,12.684,bar,GOOD
2025-01-30 08:00:00,PUMP101.DISCHARGE_PRESS,12.122,bar,GOOD
2025-01-30 09:00:00,PUMP101.DISCHARGE_PRESS,11.589,bar,GOOD
2025-01-30 10:00:00,PUMP101.DISCHARGE_PRESS,12.788,bar,GOOD
2025-01-30 11:00:00,PUMP101.DISCHARGE_PRESS,11.969,bar,GOOD
2025-01-30 12:00:00,PUMP101.DISCHARGE_PRESS,12.063,bar,GOOD
2025-01-30 13:00:00,PUMP101.DISCHARGE_PRESS,11.83,bar,GOOD
2025-01-30 14:00:00,PUMP101.DISCHARGE_PRESS,11.555,bar,GOOD
2025-01-30 15:00:00,PUMP101.DISCHARGE_PRESS,11.266,bar,GOOD
2025-01-30 16:00:00,PUMP101.DISCHARGE_PRESS,12.316,bar,GOOD
2025-01-30 17:00:00,PUMP101.DISCHARGE_PRESS,11.608,bar,GOOD
2025-01-30 18:00:00,PUMP101.DISCHARGE_PRESS,13.53,bar,GOOD
2025-01-30 19:00:00,PUMP101.DISCHARGE_PRESS,11.457,bar,GOOD
2025-01-30 20:00:00,PUMP101.DISCHARGE_PRESS,11.371,bar,GOOD
2025-01-30 21:00:00,PUMP101.DISCHARGE_PRESS,12.255,bar,GOOD
2025-01-30 22:00:00,PUMP101.DISCHARGE_PRESS,12.765,bar,GOOD
2025-01-30 23:00:00,PUMP101.DISCHARGE_PRESS,12.032,bar,GOOD
2025-01-31 00:00:00,PUMP101.DISCHARGE_PRESS,12.286,bar,GOOD
2025-01-31 01:00:00,PUMP101.DISCHARGE_PRESS,11.078,bar,GOOD
2025-01-31 02:00:00,PUMP101.DISCHARGE_PRESS,11.661,bar,GOOD
2025-01-31 03:00:00,PUMP101.DISCHARGE_PRESS,11.463,bar,GOOD
2025-01-31 04:00:00,PUMP101.DISCHARGE_PRESS,11.052,bar,GOOD
2025-01-31 05:00:00,PUMP101.DISCHARGE_PRESS,12.058,bar,GOOD
2025-01-31 06:00:00,PUMP101.DISCHARGE_PRESS,10.879,bar,GOOD
2025-01-31 07:00:00,PUMP101.DISCHARGE_PRESS,11.339,bar,GOOD
2025-01-31 08:00:00,PUMP101.DISCHARGE_PRESS,11.731,bar,GOOD
2025-01-31 09:00:00,PUMP101.DISCHARGE_PRESS,11.584,bar,GOOD
2025-01-31 10:00:00,PUMP101.DISCHARGE_PRESS,12.198,bar,GOOD
2025-01-31 11:00:00,PUMP101.DISCHARGE_PRESS,12.153,bar,GOOD
2025-01-31 12:00:00,PUMP101.DISCHARGE_PRESS,12.447,bar,GOOD
2025-01-31 13:00:00,PUMP101.DISCHARGE_PRESS,12.376,bar,GOOD
2025-01-31 14:00:00,PUMP101.DISCHARGE_PRESS,12.57,bar,GOOD
2025-01-31 15:00:00,PUMP101.DISCHARGE_PRESS,11.999,bar,GOOD
2025-01-31 16:00:00,PUMP101.DISCHARGE_PRESS,12.152,bar,GOOD
2025-01-31 17:00:00,PUMP101.DISCHARGE_PRESS,12.256,bar,GOOD
2025-01-31 18:00:00,PUMP101.DISCHARGE_PRESS,12.071,bar,GOOD
2025-01-31 19:00:00,PUMP101.DISCHARGE_PRESS,11.801,bar,GOOD
2025-01-31 20:00:00,PUMP101.DISCHARGE_PRESS,11.834,bar,GOOD
2025-01-31 21:00:00,PUMP101.DISCHARGE_PRESS,11.591,bar,GOOD
2025-01-31 22:00:00,PUMP101.DISCHARGE_PRESS,12.211,bar,GOOD
2025-01-31 23:00:00,PUMP101.DISCHARGE_PRESS,11.953,bar,GOOD
2025-02-01 00:00:00,PUMP101.DISCHARGE_PRESS,11.668,bar,GOOD
2025-02-01 01:00:00,PUMP101.DISCHARGE_PRESS,11.669,bar,GOOD
2025-02-01 02:00:00,PUMP101.DISCHARGE_PRESS,11.395,bar,GOOD
2025-02-01 03:00:00,PUMP101.DISCHARGE_PRESS,12.489,bar,GOOD
2025-02-01 04:00:00,PUMP101.DISCHARGE_PRESS,12.039,bar,GOOD
2025-02-01 05:00:00,PUMP101.DISCHARGE_PRESS,11.569,bar,GOOD
2025-02-01 06:00:00,PUMP101.DISCHARGE_PRESS,12.404,bar,GOOD
2025-02-01 07:00:00,PUMP101.DISCHARGE_PRESS,11.72,bar,GOOD
2025-02-01 08:00:00,PUMP101.DISCHARGE_PRESS,11.297,bar,GOOD
2025-02-01 09:00:00,PUMP101.DISCHARGE_PRESS,12.511,bar,GOOD
2025-02-01 10:00:00,PUMP101.DISCHARGE_PRESS,11.731,bar,GOOD
2025-02-01 11:00:00,PUMP101.DISCHARGE_PRESS,11.796,bar,GOOD
2025-02-01 12:00:00,PUMP101.DISCHARGE_PRESS,12.021,bar,GOOD
2025-02-01 13:00:00,PUMP101.DISCHARGE_PRESS,12.571,bar,GOOD
2025-02-01 14:00:00,PUMP101.DISCHARGE_PRESS,12.01,bar,GOOD
2025-02-01 15:00:00,PUMP101.DISCHARGE_PRESS,11.4,bar,GOOD
2025-02-01 16:00:00,PUMP101.DISCHARGE_PRESS,12.272,bar,GOOD
2025-02-01 17:00:00,PUMP101.DISCHARGE_PRESS,11.758,bar,GOOD
2025-02-01 18:00:00,PUMP101.DISCHARGE_PRESS,12.944,bar,GOOD
2025-02-01 19:00:00,PUMP101.DISCHARGE_PRESS,11.999,bar,GOOD
2025-02-01 20:00:00,PUMP101.DISCHARGE_PRESS,10.882,bar,GOOD
2025-02-01 21:00:00,PUMP101.DISCHARGE_PRESS,12.179,bar,GOOD
2025-02-01 22:00:00,PUMP101.DISCHARGE_PRESS,12.972,bar,GOOD
2025-02-01 23:00:00,PUMP101.DISCHARGE_PRESS,12.788,bar,GOOD
2025-02-02 00:00:00,PUMP101.DISCHARGE_PRESS,12.915,bar,GOOD
2025-02-02 01:00:00,PUMP101.DISCHARGE_PRESS,11.49,bar,GOOD
2025-02-02 02:00:00,PUMP101.DISCHARGE_PRESS,12.456,bar,GOOD
2025-02-02 03:00:00,PUMP101.DISCHARGE_PRESS,11.639,bar,GOOD
2025-02-02 04:00:00,PUMP101.DISCHARGE_PRESS,12.112,bar,GOOD
2025-02-02 05:00:00,PUMP101.DISCHARGE_PRESS,11.364,bar,GOOD
2025-02-02 06:00:00,PUMP101.DISCHARGE_PRESS,11.678,bar,GOOD
2025-02-02 07:00:00,PUMP101.DISCHARGE_PRESS,11.662,bar,GOOD
2025-02-02 08:00:00,PUMP101.DISCHARGE_PRESS,12.449,bar,GOOD
2025-02-02 09:00:00,PUMP101.DISCHARGE_PRESS,12.4,bar,GOOD
2025-02-02 10:00:00,PUMP101.DISCHARGE_PRESS,12.138,bar,GOOD
2025-02-02 11:00:00,PUMP101.DISCHARGE_PRESS,11.325,bar,GOOD
2025-02-02 12:00:00,PUMP101.DISCHARGE_PRESS,11.844,bar,GOOD
2025-02-02 13:00:00,PUMP101.DISCHARGE_PRESS,11.627,bar,GOOD
2025-02-02 14:00:00,PUMP101.DISCHARGE_PRESS,12.435,bar,GOOD
2025-02-02 15:00:00,PUMP101.DISCHARGE_PRESS,12.589,bar,GOOD
2025-02-02 16:00:00,PUMP101.DISCHARGE_PRESS,12.528,bar,GOOD
2025-02-02 17:00:00,PUMP101.DISCHARGE_PRESS,11.622,bar,GOOD
2025-02-02 18:00:00,PUMP101.DISCHARGE_PRESS,10.63,bar,GOOD
2025-02-02 19:00:00,PUMP101.DISCHARGE_PRESS,11.117,bar,GOOD
2025-02-02 20:00:00,PUMP101.DISCHARGE_PRESS,12.711,bar,GOOD
2025-02-02 21:00:00,PUMP101.DISCHARGE_PRESS,11.799,bar,GOOD
2025-02-02 22:00:00,PUMP101.DISCHARGE_PRESS,11.625,bar,GOOD
2025-02-02 23:00:00,PUMP101.DISCHARGE_PRESS,12.821,bar,GOOD
2025-02-03 00:00:00,PUMP101.DISCHARGE_PRESS,12.633,bar,GOOD
2025-02-03 01:00:00,PUMP101.DISCHARGE_PRESS,12.012,bar,GOOD
2025-02-03 02:00:00,PUMP101.DISCHARGE_PRESS,11.853,bar,GOOD
2025-02-03 03:00:00,PUMP101.DISCHARGE_PRESS,11.934,bar,GOOD
2025-02-03 04:00:00,PUMP101.DISCHARGE_PRESS,12.114,bar,GOOD
2025-02-03 05:00:00,PUMP101.DISCHARGE_PRESS,12.8,bar,GOOD
2025-02-03 06:00:00,PUMP101.DISCHARGE_PRESS,12.211,bar,GOOD
2025-02-03 07:00:00,PUMP101.DISCHARGE_PRESS,12.363,bar,GOOD
2025-02-03 08:00:00,PUMP101.DISCHARGE_PRESS,12.585,bar,GOOD
2025-02-03 09:00:00,PUMP101.DISCHARGE_PRESS,11.415,bar,GOOD
2025-02-03 10:00:00,PUMP101.DISCHARGE_PRESS,12.377,bar,GOOD
2025-02-03 11:00:00,PUMP101.DISCHARGE_PRESS,11.853,bar,GOOD
2025-02-03 12:00:00,PUMP101.DISCHARGE_PRESS,10.742,bar,GOOD
2025-02-03 13:00:00,PUMP101.DISCHARGE_PRESS,10.936,bar,GOOD
2025-02-03 14:00:00,PUMP101.DISCHARGE_PRESS,11.491,bar,GOOD
2025-02-03 15:00:00,PUMP101.DISCHARGE_PRESS,12.266,bar,GOOD
2025-02-03 16:00:00,PUMP101.DISCHARGE_PRESS,12.057,bar,GOOD
2025-02-03 17:00:00,PUMP101.DISCHARGE_PRESS,12.092,bar,GOOD
2025-02-03 18:00:00,PUMP101.DISCHARGE_PRESS,12.975,bar,GOOD
2025-02-03 19:00:00,PUMP101.DISCHARGE_PRESS,11.365,bar,GOOD
2025-02-03 20:00:00,PUMP101.DISCHARGE_PRESS,11.986,bar,GOOD
2025-02-03 21:00:00,PUMP101.DISCHARGE_PRESS,12.152,bar,GOOD
2025-02-03 22:00:00,PUMP101.DISCHARGE_PRESS,11.632,bar,GOOD
2025-02-03 23:00:00,PUMP101.DISCHARGE_PRESS,12.014,bar,GOOD
2025-02-04 00:00:00,PUMP101.DISCHARGE_PRESS,11.2,bar,GOOD
2025-02-04 01:00:00,PUMP101.DISCHARGE_PRESS,12.705,bar,GOOD
2025-02-04 02:00:00,PUMP101.DISCHARGE_PRESS,11.659,bar,GOOD
2025-02-04 03:00:00,PUMP101.DISCHARGE_PRESS,13.016,bar,GOOD
2025-02-04 04:00:00,PUMP101.DISCHARGE_PRESS,11.984,bar,GOOD
2025-02-04 05:00:00,PUMP101.DISCHARGE_PRESS,12.514,bar,GOOD
2025-02-04 06:00:00,PUMP101.DISCHARGE_PRESS,11.973,bar,GOOD
2025-02-04 07:00:00,PUMP101.DISCHARGE_PRESS,11.985,bar,GOOD
2025-02-04 08:00:00,PUMP101.DISCHARGE_PRESS,11.708,bar,GOOD
2025-02-04 09:00:00,PUMP101.DISCHARGE_PRESS,12.06,bar,GOOD
2025-02-04 10:00:00,PUMP101.DISCHARGE_PRESS,12.159,bar,GOOD
2025-02-04 11:00:00,PUMP101.DISCHARGE_PRESS,11.608,bar,GOOD
2025-02-04 12:00:00,PUMP101.DISCHARGE_PRESS,11.937,bar,GOOD
2025-02-04 13:00:00,PUMP101.DISCHARGE_PRESS,11.695,bar,GOOD
2025-02-04 14:00:00,PUMP101.DISCHARGE_PRESS,13.15,bar,GOOD
2025-02-04 15:00:00,PUMP101.DISCHARGE_PRESS,11.955,bar,GOOD
2025-02-04 16:00:00,PUMP101.DISCHARGE_PRESS,12.773,bar,GOOD
2025-02-04 17:00:00,PUMP101.DISCHARGE_PRESS,11.902,bar,GOOD
2025-02-04 18:00:00,PUMP101.DISCHARGE_PRESS,12.13,bar,GOOD
2025-02-04 19:00:00,PUMP101.DISCHARGE_PRESS,11.339,bar,GOOD
2025-02-04 20:00:00,PUMP101.DISCHARGE_PRESS,11.776,bar,GOOD
2025-02-04 21:00:00,PUMP101.DISCHARGE_PRESS,12.105,bar,GOOD
2025-02-04 22:00:00,PUMP101.DISCHARGE_PRESS,12.793,bar,GOOD
2025-02-04 23:00:00,PUMP101.DISCHARGE_PRESS,12.111,bar,GOOD
2025-02-05 00:00:00,PUMP101.DISCHARGE_PRESS,12.692,bar,GOOD
2025-02-05 01:00:00,PUMP101.DISCHARGE_PRESS,12.32,bar,GOOD
2025-02-05 02:00:00,PUMP101.DISCHARGE_PRESS,12.814,bar,GOOD
2025-02-05 03:00:00,PUMP101.DISCHARGE_PRESS,11.97,bar,GOOD
2025-02-05 04:00:00,PUMP101.DISCHARGE_PRESS,13.195,bar,GOOD
2025-02-05 05:00:00,PUMP101.DISCHARGE_PRESS,11.757,bar,GOOD
2025-02-05 06:00:00,PUMP101.DISCHARGE_PRESS,11.617,bar,GOOD
2025-02-05 07:00:00,PUMP101.DISCHARGE_PRESS,11.395,bar,GOOD
2025-02-05 08:00:00,PUMP101.DISCHARGE_PRESS,13.166,bar,BAD
2025-02-05 09:00:00,PUMP101.DISCHARGE_PRESS,12.41,bar,GOOD
2025-02-05 10:00:00,PUMP101.DISCHARGE_PRESS,11.833,bar,GOOD
2025-02-05 11:00:00,PUMP101.DISCHARGE_PRESS,12.625,bar,GOOD
2025-02-05 12:00:00,PUMP101.DISCHARGE_PRESS,12.344,bar,GOOD
2025-02-05 13:00:00,PUMP101.DISCHARGE_PRESS,12.983,bar,GOOD
2025-02-05 14:00:00,PUMP101.DISCHARGE_PRESS,11.226,bar,GOOD
2025-02-05 15:00:00,PUMP101.DISCHARGE_PRESS,11.867,bar,GOOD
2025-02-05 16:00:00,PUMP101.DISCHARGE_PRESS,11.769,bar,GOOD
2025-02-05 17:00:00,PUMP101.DISCHARGE_PRESS,11.013,bar,GOOD
2025-02-05 18:00:00,PUMP101.DISCHARGE_PRESS,12.53,bar,GOOD
2025-02-05 19:00:00,PUMP101.DISCHARGE_PRESS,11.865,bar,BAD
2025-02-05 20:00:00,PUMP101.DISCHARGE_PRESS,12.37,bar,GOOD
2025-02-05 21:00:00,PUMP101.DISCHARGE_PRESS,13.18,bar,GOOD
2025-02-05 22:00:00,PUMP101.DISCHARGE_PRESS,11.823,bar,GOOD
2025-02-05 23:00:00,PUMP101.DISCHARGE_PRESS,11.789,bar,GOOD
2025-02-06 00:00:00,PUMP101.DISCHARGE_PRESS,12.059,bar,GOOD
2025-02-06 01:00:00,PUMP101.DISCHARGE_PRESS,12.494,bar,GOOD
2025-02-06 02:00:00,PUMP101.DISCHARGE_PRESS,11.717,bar,GOOD
2025-02-06 03:00:00,PUMP101.DISCHARGE_PRESS,11.685,bar,GOOD
2025-02-06 04:00:00,PUMP101.DISCHARGE_PRESS,12.529,bar,GOOD
2025-02-06 05:00:00,PUMP101.DISCHARGE_PRESS,12.189,bar,GOOD
2025-02-06 06:00:00,PUMP101.DISCHARGE_PRESS,10.978,bar,GOOD
2025-02-06 07:00:00,PUMP101.DISCHARGE_PRESS,11.387,bar,GOOD
2025-02-06 08:00:00,PUMP101.DISCHARGE_PRESS,12.751,bar,GOOD
2025-02-06 09:00:00,PUMP101.DISCHARGE_PRESS,12.201,bar,GOOD
2025-02-06 10:00:00,PUMP101.DISCHARGE_PRESS,11.619,bar,GOOD
2025-02-06 11:00:00,PUMP101.DISCHARGE_PRESS,11.915,bar,GOOD
2025-02-06 12:00:00,PUMP101.DISCHARGE_PRESS,12.007,bar,GOOD
2025-02-06 13:00:00,PUMP101.DISCHARGE_PRESS,12.368,bar,GOOD
2025-02-06 14:00:00,PUMP101.DISCHARGE_PRESS,11.321,bar,GOOD
2025-02-06 15:00:00,PUMP101.DISCHARGE_PRESS,11.58,bar,GOOD
2025-02-06 16:00:00,PUMP101.DISCHARGE_PRESS,12.136,bar,GOOD
2025-02-06 17:00:00,PUMP101.DISCHARGE_PRESS,11.95,bar,GOOD
2025-02-06 18:00:00,PUMP101.DISCHARGE_PRESS,12.286,bar,GOOD
2025-02-06 19:00:00,PUMP101.DISCHARGE_PRESS,11.385,bar,GOOD
2025-02-06 20:00:00,PUMP101.DISCHARGE_PRESS,12.179,bar,GOOD
2025-02-06 21:00:00,PUMP101.DISCHARGE_PRESS,12.546,bar,GOOD
2025-02-06 22:00:00,PUMP101.DISCHARGE_PRESS,12.243,bar,GOOD
2025-02-06 23:00:00,PUMP101.DISCHARGE_PRESS,12.07,bar,GOOD
2025-02-07 00:00:00,PUMP101.DISCHARGE_PRESS,11.952,bar,GOOD
2025-02-07 01:00:00,PUMP101.DISCHARGE_PRESS,11.583,bar,GOOD
2025-02-07 02:00:00,PUMP101.DISCHARGE_PRESS,11.964,bar,GOOD
2025-02-07 03:00:00,PUMP101.DISCHARGE_PRESS,12.63,bar,GOOD
2025-02-07 04:00:00,PUMP101.DISCHARGE_PRESS,11.94,bar,GOOD
2025-02-07 05:00:00,PUMP101.DISCHARGE_PRESS,11.555,bar,GOOD
2025-02-07 06:00:00,PUMP101.DISCHARGE_PRESS,11.754,bar,GOOD
2025-02-07 07:00:00,PUMP101.DISCHARGE_PRESS,12.1,bar,GOOD
2025-02-07 08:00:00,PUMP101.DISCHARGE_PRESS,11.813,bar,GOOD
2025-02-07 09:00:00,PUMP101.DISCHARGE_PRESS,12.243,bar,GOOD
2025-02-07 10:00:00,PUMP101.DISCHARGE_PRESS,12.261,bar,GOOD
2025-02-07 11:00:00,PUMP101.DISCHARGE_PRESS,12.444,bar,GOOD
2025-02-07 12:00:00,PUMP101.DISCHARGE_PRESS,12.712,bar,GOOD
2025-02-07 13:00:00,PUMP101.DISCHARGE_PRESS,12.498,bar,GOOD
2025-02-07 14:00:00,PUMP101.DISCHARGE_PRESS,11.533,bar,GOOD
2025-02-07 15:00:00,PUMP101.DISCHARGE_PRESS,11.548,bar,GOOD
2025-02-07 16:00:00,PUMP101.DISCHARGE_PRESS,11.962,bar,GOOD
2025-02-07 17:00:00,PUMP101.DISCHARGE_PRESS,11.774,bar,GOOD
2025-02-07 18:00:00,PUMP101.DISCHARGE_PRESS,11.431,bar,GOOD
2025-02-07 19:00:00,PUMP101.DISCHARGE_PRESS,11.779,bar,GOOD
2025-02-07 20:00:00,PUMP101.DISCHARGE_PRESS,11.763,bar,GOOD
2025-02-07 21:00:00,PUMP101.DISCHARGE_PRESS,11.664,bar,GOOD
2025-02-07 22:00:00,PUMP101.DISCHARGE_PRESS,11.842,bar,GOOD
2025-02-07 23:00:00,PUMP101.DISCHARGE_PRESS,12.589,bar,GOOD
2025-02-08 00:00:00,PUMP101.DISCHARGE_PRESS,12.1,bar,GOOD
2025-02-08 01:00:00,PUMP101.DISCHARGE_PRESS,13.236,bar,GOOD
2025-02-08 02:00:00,PUMP101.DISCHARGE_PRESS,12.085,bar,BAD
2025-02-08 03:00:00,PUMP101.DISCHARGE_PRESS,11.855,bar,GOOD
2025-02-08 04:00:00,PUMP101.DISCHARGE_PRESS,12.002,bar,GOOD
2025-02-08 05:00:00,PUMP101.DISCHARGE_PRESS,12.128,bar,GOOD
2025-02-08 06:00:00,PUMP101.DISCHARGE_PRESS,12.218,bar,GOOD
2025-02-08 07:00:00,PUMP101.DISCHARGE_PRESS,13.038,bar,GOOD
2025-02-08 08:00:00,PUMP101.DISCHARGE_PRESS,11.577,bar,GOOD
2025-02-08 09:00:00,PUMP101.DISCHARGE_PRESS,12.43,bar,GOOD
2025-02-08 10:00:00,PUMP101.DISCHARGE_PRESS,12.104,bar,GOOD
2025-02-08 11:00:00,PUMP101.DISCHARGE_PRESS,11.214,bar,GOOD
2025-02-08 12:00:00,PUMP101.DISCHARGE_PRESS,12.385,bar,GOOD
2025-02-08 13:00:00,PUMP101.DISCHARGE_PRESS,12.634,bar,GOOD
2025-02-08 14:00:00,PUMP101.DISCHARGE_PRESS,11.571,bar,GOOD
2025-02-08 15:00:00,PUMP101.DISCHARGE_PRESS,11.996,bar,GOOD
2025-02-08 16:00:00,PUMP101.DISCHARGE_PRESS,11.137,bar,GOOD
2025-02-08 17:00:00,PUMP101.DISCHARGE_PRESS,11.371,bar,GOOD
2025-02-08 18:00:00,PUMP101.DISCHARGE_PRESS,12.524,bar,GOOD
2025-02-08 19:00:00,PUMP101.DISCHARGE_PRESS,11.767,bar,GOOD
2025-02-08 20:00:00,PUMP101.DISCHARGE_PRESS,11.446,bar,GOOD
2025-02-08 21:00:00,PUMP101.DISCHARGE_PRESS,12.115,bar,GOOD
2025-02-08 22:00:00,PUMP101.DISCHARGE_PRESS,11.739,bar,GOOD
2025-02-08 23:00:00,PUMP101.DISCHARGE_PRESS,11.765,bar,GOOD
2025-02-09 00:00:00,PUMP101.DISCHARGE_PRESS,12.37,bar,GOOD
2025-02-09 01:00:00,PUMP101.DISCHARGE_PRESS,11.419,bar,GOOD
2025-02-09 02:00:00,PUMP101.DISCHARGE_PRESS,11.547,bar,GOOD
2025-02-09 03:00:00,PUMP101.DISCHARGE_PRESS,12.077,bar,GOOD
2025-02-09 04:00:00,PUMP101.DISCHARGE_PRESS,12.485,bar,GOOD
2025-02-09 05:00:00,PUMP101.DISCHARGE_PRESS,12.619,bar,GOOD
2025-02-09 06:00:00,PUMP101.DISCHARGE_PRESS,11.667,bar,GOOD
2025-02-09 07:00:00,PUMP101.DISCHARGE_PRESS,12.469,bar,GOOD
2025-02-09 08:00:00,PUMP101.DISCHARGE_PRESS,11.608,bar,GOOD
2025-02-09 09:00:00,PUMP101.DISCHARGE_PRESS,12.913,bar,GOOD
2025-02-09 10:00:00,PUMP101.DISCHARGE_PRESS,11.433,bar,GOOD
2025-02-09 11:00:00,PUMP101.DISCHARGE_PRESS,12.664,bar,GOOD
2025-02-09 12:00:00,PUMP101.DISCHARGE_PRESS,11.672,bar,GOOD
2025-02-09 13:00:00,PUMP101.DISCHARGE_PRESS,13.007,bar,GOOD
2025-02-09 14:00:00,PUMP101.DISCHARGE_PRESS,12.296,bar,GOOD
2025-02-09 15:00:00,PUMP101.DISCHARGE_PRESS,11.492,bar,GOOD
2025-02-09 16:00:00,PUMP101.DISCHARGE_PRESS,11.739,bar,GOOD
2025-02-09 17:00:00,PUMP101.DISCHARGE_PRESS,12.391,bar,GOOD
2025-02-09 18:00:00,PUMP101.DISCHARGE_PRESS,12.526,bar,GOOD
2025-02-09 19:00:00,PUMP101.DISCHARGE_PRESS,11.965,bar,GOOD
2025-02-09 20:00:00,PUMP101.DISCHARGE_PRESS,12.022,bar,GOOD
2025-02-09 21:00:00,PUMP101.DISCHARGE_PRESS,12.379,bar,GOOD
2025-02-09 22:00:00,PUMP101.DISCHARGE_PRESS,12.066,bar,GOOD
2025-02-09 23:00:00,PUMP101.DISCHARGE_PRESS,11.353,bar,GOOD
2025-02-10 00:00:00,PUMP101.DISCHARGE_PRESS,11.594,bar,GOOD
2025-02-10 01:00:00,PUMP101.DISCHARGE_PRESS,12.118,bar,GOOD
2025-02-10 02:00:00,PUMP101.DISCHARGE_PRESS,12.608,bar,GOOD
2025-02-10 03:00:00,PUMP101.DISCHARGE_PRESS,12.808,bar,GOOD
2025-02-10 04:00:00,PUMP101.DISCHARGE_PRESS,12.39,bar,GOOD
2025-02-10 05:00:00,PUMP101.DISCHARGE_PRESS,12.144,bar,GOOD
2025-02-10 06:00:00,PUMP101.DISCHARGE_PRESS,12.374,bar,GOOD
2025-02-10 07:00:00,PUMP101.DISCHARGE_PRESS,11.667,bar,GOOD
2025-02-10 08:00:00,PUMP101.DISCHARGE_PRESS,11.923,bar,GOOD
2025-02-10 09:00:00,PUMP101.DISCHARGE_PRESS,11.588,bar,GOOD
2025-02-10 10:00:00,PUMP101.DISCHARGE_PRESS,11.376,bar,GOOD
2025-02-10 11:00:00,PUMP101.DISCHARGE_PRESS,12.167,bar,GOOD
2025-02-10 12:00:00,PUMP101.DISCHARGE_PRESS,12.093,bar,GOOD
2025-02-10 13:00:00,PUMP101.DISCHARGE_PRESS,12.344,bar,BAD
2025-02-10 14:00:00,PUMP101.DISCHARGE_PRESS,12.273,bar,GOOD
2025-02-10 15:00:00,PUMP101.DISCHARGE_PRESS,12.121,bar,GOOD
2025-02-10 16:00:00,PUMP101.DISCHARGE_PRESS,12.278,bar,GOOD
2025-02-10 17:00:00,PUMP101.DISCHARGE_PRESS,11.979,bar,GOOD
2025-02-10 18:00:00,PUMP101.DISCHARGE_PRESS,12.206,bar,GOOD
2025-02-10 19:00:00,PUMP101.DISCHARGE_PRESS,11.637,bar,GOOD
2025-02-10 20:00:00,PUMP101.DISCHARGE_PRESS,12.185,bar,GOOD
2025-02-10 21:00:00,PUMP101.DISCHARGE_PRESS,12.334,bar,GOOD
2025-02-10 22:00:00,PUMP101.DISCHARGE_PRESS,11.665,bar,GOOD
2025-02-10 23:00:00,PUMP101.DISCHARGE_PRESS,12.026,bar,GOOD
2025-02-11 00:00:00,PUMP101.DISCHARGE_PRESS,11.688,bar,GOOD
2025-02-11 01:00:00,PUMP101.DISCHARGE_PRESS,11.737,bar,GOOD
2025-02-11 02:00:00,PUMP101.DISCHARGE_PRESS,11.438,bar,GOOD
2025-02-11 03:00:00,PUMP101.DISCHARGE_PRESS,12.633,bar,GOOD
2025-02-11 04:00:00,PUMP101.DISCHARGE_PRESS,12.533,bar,GOOD
2025-02-11 05:00:00,PUMP101.DISCHARGE_PRESS,12.269,bar,GOOD
2025-02-11 06:00:00,PUMP101.DISCHARGE_PRESS,12.986,bar,GOOD
2025-02-11 07:00:00,PUMP101.DISCHARGE_PRESS,11.905,bar,GOOD
2025-02-11 08:00:00,PUMP101.DISCHARGE_PRESS,13.516,bar,GOOD
2025-02-11 09:00:00,PUMP101.DISCHARGE_PRESS,11.886,bar,GOOD
2025-02-11 10:00:00,PUMP101.DISCHARGE_PRESS,12.128,bar,GOOD
2025-02-11 11:00:00,PUMP101.DISCHARGE_PRESS,11.801,bar,GOOD
2025-02-11 12:00:00,PUMP101.DISCHARGE_PRESS,12.186,bar,GOOD
2025-02-11 13:00:00,PUMP101.DISCHARGE_PRESS,12.418,bar,BAD
2025-02-11 14:00:00,PUMP101.DISCHARGE_PRESS,11.943,bar,GOOD
2025-02-11 15:00:00,PUMP101.DISCHARGE_PRESS,12.888,bar,GOOD
2025-02-11 16:00:00,PUMP101.DISCHARGE_PRESS,12.12,bar,GOOD
2025-02-11 17:00:00,PUMP101.DISCHARGE_PRESS,12.135,bar,GOOD
2025-02-11 18:00:00,PUMP101.DISCHARGE_PRESS,11.546,bar,GOOD
2025-02-11 19:00:00,PUMP101.DISCHARGE_PRESS,12.209,bar,GOOD
2025-02-11 20:00:00,PUMP101.DISCHARGE_PRESS,11.933,bar,GOOD
2025-02-11 21:00:00,PUMP101.DISCHARGE_PRESS,11.696,bar,GOOD
2025-02-11 22:00:00,PUMP101.DISCHARGE_PRESS,11.612,bar,GOOD
2025-02-11 23:00:00,PUMP101.DISCHARGE_PRESS,13.336,bar,BAD
2025-02-12 00:00:00,PUMP101.DISCHARGE_PRESS,11.868,bar,GOOD
2025-02-12 01:00:00,PUMP101.DISCHARGE_PRESS,11.272,bar,GOOD
2025-02-12 02:00:00,PUMP101.DISCHARGE_PRESS,11.651,bar,GOOD
2025-02-12 03:00:00,PUMP101.DISCHARGE_PRESS,11.974,bar,GOOD
2025-02-12 04:00:00,PUMP101.DISCHARGE_PRESS,12.273,bar,GOOD
2025-02-12 05:00:00,PUMP101.DISCHARGE_PRESS,12.277,bar,GOOD
2025-02-12 06:00:00,PUMP101.DISCHARGE_PRESS,12.338,bar,GOOD
2025-02-12 07:00:00,PUMP101.DISCHARGE_PRESS,11.678,bar,GOOD
2025-02-12 08:00:00,PUMP101.DISCHARGE_PRESS,12.17,bar,GOOD
2025-02-12 09:00:00,PUMP101.DISCHARGE_PRESS,11.562,bar,GOOD
2025-02-12 10:00:00,PUMP101.DISCHARGE_PRESS,11.69,bar,GOOD
2025-02-12 11:00:00,PUMP101.DISCHARGE_PRESS,11.541,bar,GOOD
2025-02-12 12:00:00,PUMP101.DISCHARGE_PRESS,11.406,bar,GOOD
2025-02-12 13:00:00,PUMP101.DISCHARGE_PRESS,12.532,bar,GOOD
2025-02-12 14:00:00,PUMP101.DISCHARGE_PRESS,12.344,bar,GOOD
2025-02-12 15:00:00,PUMP101.DISCHARGE_PRESS,12.488,bar,GOOD
2025-02-12 16:00:00,PUMP101.DISCHARGE_PRESS,12.02,bar,GOOD
2025-02-12 17:00:00,PUMP101.DISCHARGE_PRESS,12.388,bar,GOOD
2025-02-12 18:00:00,PUMP101.DISCHARGE_PRESS,11.119,bar,GOOD
2025-02-12 19:00:00,PUMP101.DISCHARGE_PRESS,12.432,bar,GOOD
2025-02-12 20:00:00,PUMP101.DISCHARGE_PRESS,12.089,bar,GOOD
2025-02-12 21:00:00,PUMP101.DISCHARGE_PRESS,12.314,bar,BAD
2025-02-12 22:00:00,PUMP101.DISCHARGE_PRESS,12.19,bar,GOOD
2025-02-12 23:00:00,PUMP101.DISCHARGE_PRESS,11.506,bar,GOOD
2025-02-13 00:00:00,PUMP101.DISCHARGE_PRESS,11.251,bar,GOOD
2025-02-13 01:00:00,PUMP101.DISCHARGE_PRESS,11.644,bar,GOOD
2025-02-13 02:00:00,PUMP101.DISCHARGE_PRESS,12.282,bar,GOOD
2025-02-13 03:00:00,PUMP101.DISCHARGE_PRESS,12.345,bar,GOOD
2025-02-13 04:00:00,PUMP101.DISCHARGE_PRESS,11.316,bar,GOOD
2025-02-13 05:00:00,PUMP101.DISCHARGE_PRESS,11.509,bar,GOOD
2025-02-13 06:00:00,PUMP101.DISCHARGE_PRESS,11.638,bar,GOOD
2025-02-13 07:00:00,PUMP101.DISCHARGE_PRESS,11.821,bar,GOOD
2025-02-13 08:00:00,PUMP101.DISCHARGE_PRESS,11.319,bar,GOOD
2025-02-13 09:00:00,PUMP101.DISCHARGE_PRESS,11.289,bar,GOOD
2025-02-13 10:00:00,PUMP101.DISCHARGE_PRESS,11.589,bar,GOOD
2025-02-13 11:00:00,PUMP101.DISCHARGE_PRESS,12.043,bar,GOOD
2025-02-13 12:00:00,PUMP101.DISCHARGE_PRESS,11.41,bar,GOOD
2025-02-13 13:00:00,PUMP101.DISCHARGE_PRESS,11.942,bar,GOOD
2025-02-13 14:00:00,PUMP101.DISCHARGE_PRESS,12.529,bar,GOOD
2025-02-13 15:00:00,PUMP101.DISCHARGE_PRESS,11.349,bar,GOOD
2025-02-13 16:00:00,PUMP101.DISCHARGE_PRESS,11.897,bar,GOOD
2025-02-13 17:00:00,PUMP101.DISCHARGE_PRESS,12.512,bar,GOOD
2025-02-13 18:00:00,PUMP101.DISCHARGE_PRESS,11.791,bar,GOOD
2025-02-13 19:00:00,PUMP101.DISCHARGE_PRESS,11.713,bar,GOOD
2025-02-13 20:00:00,PUMP101.DISCHARGE_PRESS,12.582,bar,GOOD
2025-02-13 21:00:00,PUMP101.DISCHARGE_PRESS,11.847,bar,GOOD
2025-02-13 22:00:00,PUMP101.DISCHARGE_PRESS,12.552,bar,GOOD
2025-02-13 23:00:00,PUMP101.DISCHARGE_PRESS,12.214,bar,GOOD
2025-02-14 00:00:00,PUMP101.DISCHARGE_PRESS,11.829,bar,GOOD
2025-02-14 01:00:00,PUMP101.DISCHARGE_PRESS,12.24,bar,GOOD
2025-02-14 02:00:00,PUMP101.DISCHARGE_PRESS,12.16,bar,GOOD
2025-02-14 03:00:00,PUMP101.DISCHARGE_PRESS,12.51,bar,GOOD
2025-02-14 04:00:00,PUMP101.DISCHARGE_PRESS,11.726,bar,GOOD
2025-02-14 05:00:00,PUMP101.DISCHARGE_PRESS,12.021,bar,GOOD
2025-02-14 06:00:00,PUMP101.DISCHARGE_PRESS,11.969,bar,GOOD
2025-02-14 07:00:00,PUMP101.DISCHARGE_PRESS,12.352,bar,GOOD
2025-02-14 08:00:00,PUMP101.DISCHARGE_PRESS,11.487,bar,GOOD
2025-02-14 09:00:00,PUMP101.DISCHARGE_PRESS,12.508,bar,GOOD
2025-02-14 10:00:00,PUMP101.DISCHARGE_PRESS,12.233,bar,GOOD
2025-02-14 11:00:00,PUMP101.DISCHARGE_PRESS,11.342,bar,GOOD
2025-02-14 12:00:00,PUMP101.DISCHARGE_PRESS,12.604,bar,GOOD
2025-02-14 13:00:00,PUMP101.DISCHARGE_PRESS,13.117,bar,GOOD
2025-02-14 14:00:00,PUMP101.DISCHARGE_PRESS,12.501,bar,GOOD
2025-02-14 15:00:00,PUMP101.DISCHARGE_PRESS,12.713,bar,GOOD
2025-02-14 16:00:00,PUMP101.DISCHARGE_PRESS,12.043,bar,GOOD
2025-02-14 17:00:00,PUMP101.DISCHARGE_PRESS,11.169,bar,GOOD
2025-02-14 18:00:00,PUMP101.DISCHARGE_PRESS,11.078,bar,GOOD
2025-02-14 19:00:00,PUMP101.DISCHARGE_PRESS,12.128,bar,GOOD
2025-02-14 20:00:00,PUMP101.DISCHARGE_PRESS,11.704,bar,GOOD
2025-02-14 21:00:00,PUMP101.DISCHARGE_PRESS,11.543,bar,GOOD
2025-02-14 22:00:00,PUMP101.DISCHARGE_PRESS,11.969,bar,GOOD
2025-02-14 23:00:00,PUMP101.DISCHARGE_PRESS,12.308,bar,GOOD
2025-02-15 00:00:00,PUMP101.DISCHARGE_PRESS,11.274,bar,GOOD
2025-01-01 00:00:00,PUMP101.MOTOR_CURRENT,45.846,A,GOOD
2025-01-01 01:00:00,PUMP101.MOTOR_CURRENT,44.643,A,GOOD
2025-01-01 02:00:00,PUMP101.MOTOR_CURRENT,44.66,A,GOOD
2025-01-01 03:00:00,PUMP101.MOTOR_CURRENT,44.935,A,GOOD
2025-01-01 04:00:00,PUMP101.MOTOR_CURRENT,45.207,A,GOOD
2025-01-01 05:00:00,PUMP101.MOTOR_CURRENT,44.779,A,GOOD
2025-01-01 06:00:00,PUMP101.MOTOR_CURRENT,44.213,A,GOOD
2025-01-01 07:00:00,PUMP101.MOTOR_CURRENT,44.567,A,GOOD
2025-01-01 08:00:00,PUMP101.MOTOR_CURRENT,45.641,A,GOOD
2025-01-01 09:00:00,PUMP101.MOTOR_CURRENT,45.037,A,GOOD
2025-01-01 10:00:00,PUMP101.MOTOR_CURRENT,45.226,A,GOOD
2025-01-01 11:00:00,PUMP101.MOTOR_CURRENT,44.869,A,GOOD
2025-01-01 12:00:00,PUMP101.MOTOR_CURRENT,44.67,A,GOOD
2025-01-01 13:00:00,PUMP101.MOTOR_CURRENT,45.839,A,GOOD
2025-01-01 14:00:00,PUMP101.MOTOR_CURRENT,44.906,A,GOOD
2025-01-01 15:00:00,PUMP101.MOTOR_CURRENT,44.778,A,GOOD
2025-01-01 16:00:00,PUMP101.MOTOR_CURRENT,45.548,A,GOOD
2025-01-01 17:00:00,PUMP101.MOTOR_CURRENT,44.639,A,GOOD
2025-01-01 18:00:00,PUMP101.MOTOR_CURRENT,44.703,A,GOOD
2025-01-01 19:00:00,PUMP101.MOTOR_CURRENT,45.005,A,GOOD
2025-01-01 20:00:00,PUMP101.MOTOR_CURRENT,45.0,A,GOOD
2025-01-01 21:00:00,PUMP101.MOTOR_CURRENT,45.13,A,GOOD
2025-01-01 22:00:00,PUMP101.MOTOR_CURRENT,46.046,A,GOOD
2025-01-01 23:00:00,PUMP101.MOTOR_CURRENT,45.168,A,GOOD
2025-01-02 00:00:00,PUMP101.MOTOR_CURRENT,43.811,A,GOOD
2025-01-02 01:00:00,PUMP101.MOTOR_CURRENT,45.163,A,GOOD
2025-01-02 02:00:00,PUMP101.MOTOR_CURRENT,45.019,A,GOOD
2025-01-02 03:00:00,PUMP101.MOTOR_CURRENT,45.022,A,GOOD
2025-01-02 04:00:00,PUMP101.MOTOR_CURRENT,45.123,A,GOOD
2025-01-02 05:00:00,PUMP101.MOTOR_CURRENT,44.986,A,GOOD
2025-01-02 06:00:00,PUMP101.MOTOR_CURRENT,44.974,A,GOOD
2025-01-02 07:00:00,PUMP101.MOTOR_CURRENT,45.307,A,GOOD
2025-01-02 08:00:00,PUMP101.MOTOR_CURRENT,44.729,A,GOOD
2025-01-02 09:00:00,PUMP101.MOTOR_CURRENT,44.526,A,GOOD
2025-01-02 10:00:00,PUMP101.MOTOR_CURRENT,46.512,A,GOOD
2025-01-02 11:00:00,PUMP101.MOTOR_CURRENT,44.642,A,GOOD
2025-01-02 12:00:00,PUMP101.MOTOR_CURRENT,45.05,A,GOOD
2025-01-02 13:00:00,PUMP101.MOTOR_CURRENT,44.252,A,GOOD
2025-01-02 14:00:00,PUMP101.MOTOR_CURRENT,45.058,A,GOOD
2025-01-02 15:00:00,PUMP101.MOTOR_CURRENT,44.533,A,GOOD
2025-01-02 16:00:00,PUMP101.MOTOR_CURRENT,44.779,A,GOOD
2025-01-02 17:00:00,PUMP101.MOTOR_CURRENT,45.523,A,GOOD
2025-01-02 18:00:00,PUMP101.MOTOR_CURRENT,45.236,A,GOOD
2025-01-02 19:00:00,PUMP101.MOTOR_CURRENT,45.284,A,GOOD
2025-01-02 20:00:00,PUMP101.MOTOR_CURRENT,44.114,A,GOOD
2025-01-02 21:00:00,PUMP101.MOTOR_CURRENT,45.918,A,GOOD
2025-01-02 22:00:00,PUMP101.MOTOR_CURRENT,44.404,A,BAD
2025-01-02 23:00:00,PUMP101.MOTOR_CURRENT,45.764,A,GOOD
2025-01-03 00:00:00,PUMP101.MOTOR_CURRENT,45.511,A,GOOD
2025-01-03 01:00:00,PUMP101.MOTOR_CURRENT,45.289,A,GOOD
2025-01-03 02:00:00,PUMP101.MOTOR_CURRENT,44.573,A,GOOD
2025-01-03 03:00:00,PUMP101.MOTOR_CURRENT,45.076,A,GOOD
2025-01-03 04:00:00,PUMP101.MOTOR_CURRENT,44.765,A,GOOD
2025-01-03 05:00:00,PUMP101.MOTOR_CURRENT,45.015,A,GOOD
2025-01-03 06:00:00,PUMP101.MOTOR_CURRENT,44.875,A,GOOD
2025-01-03 07:00:00,PUMP101.MOTOR_CURRENT,43.981,A,GOOD
2025-01-03 08:00:00,PUMP101.MOTOR_CURRENT,45.561,A,GOOD
2025-01-03 09:00:00,PUMP101.MOTOR_CURRENT,44.959,A,GOOD
2025-01-03 10:00:00,PUMP101.MOTOR_CURRENT,44.758,A,GOOD
2025-01-03 11:00:00,PUMP101.MOTOR_CURRENT,44.72,A,GOOD
2025-01-03 12:00:00,PUMP101.MOTOR_CURRENT,45.179,A,GOOD
2025-01-03 13:00:00,PUMP101.MOTOR_CURRENT,44.553,A,GOOD
2025-01-03 14:00:00,PUMP101.MOTOR_CURRENT,43.872,A,GOOD
2025-01-03 15:00:00,PUMP101.MOTOR_CURRENT,45.204,A,GOOD
2025-01-03 16:00:00,PUMP101.MOTOR_CURRENT,45.26,A,GOOD
2025-01-03 17:00:00,PUMP101.MOTOR_CURRENT,44.9,A,GOOD
2025-01-03 18:00:00,PUMP101.MOTOR_CURRENT,44.426,A,GOOD
2025-01-03 19:00:00,PUMP101.MOTOR_CURRENT,45.044,A,GOOD
2025-01-03 20:00:00,PUMP101.MOTOR_CURRENT,44.268,A,GOOD
2025-01-03 21:00:00,PUMP101.MOTOR_CURRENT,44.486,A,GOOD
2025-01-03 22:00:00,PUMP101.MOTOR_CURRENT,44.625,A,GOOD
2025-01-03 23:00:00,PUMP101.MOTOR_CURRENT,45.422,A,GOOD
2025-01-04 00:00:00,PUMP101.MOTOR_CURRENT,44.819,A,GOOD
2025-01-04 01:00:00,PUMP101.MOTOR_CURRENT,44.776,A,GOOD
2025-01-04 02:00:00,PUMP101.MOTOR_CURRENT,45.977,A,GOOD
2025-01-04 03:00:00,PUMP101.MOTOR_CURRENT,45.176,A,GOOD
2025-01-04 04:00:00,PUMP101.MOTOR_CURRENT,45.169,A,GOOD
2025-01-04 05:00:00,PUMP101.MOTOR_CURRENT,44.815,A,GOOD
2025-01-04 06:00:00,PUMP101.MOTOR_CURRENT,44.702,A,BAD
2025-01-04 07:00:00,PUMP101.MOTOR_CURRENT,43.907,A,GOOD
2025-01-04 08:00:00,PUMP101.MOTOR_CURRENT,45.484,A,GOOD
2025-01-04 09:00:00,PUMP101.MOTOR_CURRENT,45.224,A,GOOD
2025-01-04 10:00:00,PUMP101.MOTOR_CURRENT,44.91,A,GOOD
2025-01-04 11:00:00,PUMP101.MOTOR_CURRENT,44.931,A,GOOD
2025-01-04 12:00:00,PUMP101.MOTOR_CURRENT,45.368,A,GOOD
2025-01-04 13:00:00,PUMP101.MOTOR_CURRENT,44.223,A,GOOD
2025-01-04 14:00:00,PUMP101.MOTOR_CURRENT,44.705,A,GOOD
2025-01-04 15:00:00,PUMP101.MOTOR_CURRENT,44.432,A,GOOD
2025-01-04 16:00:00,PUMP101.MOTOR_CURRENT,45.886,A,GOOD
2025-01-04 17:00:00,PUMP101.MOTOR_CURRENT,45.438,A,GOOD
2025-01-04 18:00:00,PUMP101.MOTOR_CURRENT,43.899,A,GOOD
2025-01-04 19:00:00,PUMP101.MOTOR_CURRENT,44.243,A,GOOD
2025-01-04 20:00:00,PUMP101.MOTOR_CURRENT,44.934,A,GOOD
2025-01-04 21:00:00,PUMP101.MOTOR_CURRENT,44.764,A,GOOD
2025-01-04 22:00:00,PUMP101.MOTOR_CURRENT,44.338,A,GOOD
2025-01-04 23:00:00,PUMP101.MOTOR_CURRENT,45.972,A,GOOD
2025-01-05 00:00:00,PUMP101.MOTOR_CURRENT,45.156,A,GOOD
2025-01-05 01:00:00,PUMP101.MOTOR_CURRENT,45.237,A,GOOD
2025-01-05 02:00:00,PUMP101.MOTOR_CURRENT,44.654,A,GOOD
2025-01-05 03:00:00,PUMP101.MOTOR_CURRENT,45.361,A,GOOD
2025-01-05 04:00:00,PUMP101.MOTOR_CURRENT,44.81,A,BAD
2025-01-05 05:00:00,PUMP101.MOTOR_CURRENT,44.858,A,GOOD
2025-01-05 06:00:00,PUMP101.MOTOR_CURRENT,45.306,A,GOOD
2025-01-05 07:00:00,PUMP101.MOTOR_CURRENT,44.186,A,GOOD
2025-01-05 08:00:00,PUMP101.MOTOR_CURRENT,45.799,A,GOOD
2025-01-05 09:00:00,PUMP101.MOTOR_CURRENT,45.091,A,GOOD
2025-01-05 10:00:00,PUMP101.MOTOR_CURRENT,45.64,A,GOOD
2025-01-05 11:00:00,PUMP101.MOTOR_CURRENT,44.462,A,GOOD
2025-01-05 12:00:00,PUMP101.MOTOR_CURRENT,44.538,A,GOOD
2025-01-05 13:00:00,PUMP101.MOTOR_CURRENT,44.419,A,GOOD
2025-01-05 14:00:00,PUMP101.MOTOR_CURRENT,45.125,A,GOOD
2025-01-05 15:00:00,PUMP101.MOTOR_CURRENT,45.033,A,GOOD
2025-01-05 16:00:00,PUMP101.MOTOR_CURRENT,44.768,A,GOOD
2025-01-05 17:00:00,PUMP101.MOTOR_CURRENT,44.493,A,GOOD
2025-01-05 18:00:00,PUMP101.MOTOR_CURRENT,44.367,A,GOOD
2025-01-05 19:00:00,PUMP101.MOTOR_CURRENT,44.976,A,GOOD
2025-01-05 20:00:00,PUMP101.MOTOR_CURRENT,44.767,A,GOOD
2025-01-05 21:00:00,PUMP101.MOTOR_CURRENT,44.657,A,GOOD
2025-01-05 22:00:00,PUMP101.MOTOR_CURRENT,45.774,A,GOOD
2025-01-05 23:00:00,PUMP101.MOTOR_CURRENT,44.959,A,GOOD
2025-01-06 00:00:00,PUMP101.MOTOR_CURRENT,45.635,A,GOOD
2025-01-06 01:00:00,PUMP101.MOTOR_CURRENT,44.733,A,GOOD
2025-01-06 02:00:00,PUMP101.MOTOR_CURRENT,45.122,A,GOOD
2025-01-06 03:00:00,PUMP101.MOTOR_CURRENT,44.972,A,GOOD
2025-01-06 04:00:00,PUMP101.MOTOR_CURRENT,44.151,A,GOOD
2025-01-06 05:00:00,PUMP101.MOTOR_CURRENT,45.714,A,GOOD
2025-01-06 06:00:00,PUMP101.MOTOR_CURRENT,44.932,A,GOOD
2025-01-06 07:00:00,PUMP101.MOTOR_CURRENT,45.373,A,GOOD
2025-01-06 08:00:00,PUMP101.MOTOR_CURRENT,44.624,A,GOOD
2025-01-06 09:00:00,PUMP101.MOTOR_CURRENT,44.918,A,GOOD
2025-01-06 10:00:00,PUMP101.MOTOR_CURRENT,44.567,A,GOOD
2025-01-06 11:00:00,PUMP101.MOTOR_CURRENT,45.618,A,BAD
2025-01-06 12:00:00,PUMP101.MOTOR_CURRENT,45.156,A,GOOD
2025-01-06 13:00:00,PUMP101.MOTOR_CURRENT,45.184,A,GOOD
2025-01-06 14:00:00,PUMP101.MOTOR_CURRENT,45.679,A,GOOD
2025-01-06 15:00:00,PUMP101.MOTOR_CURRENT,45.578,A,GOOD
2025-01-06 16:00:00,PUMP101.MOTOR_CURRENT,45.383,A,GOOD
2025-01-06 17:00:00,PUMP101.MOTOR_CURRENT,44.289,A,GOOD
2025-01-06 18:00:00,PUMP101.MOTOR_CURRENT,44.652,A,GOOD
2025-01-06 19:00:00,PUMP101.MOTOR_CURRENT,44.498,A,GOOD
2025-01-06 20:00:00,PUMP101.MOTOR_CURRENT,45.364,A,GOOD
2025-01-06 21:00:00,PUMP101.MOTOR_CURRENT,45.085,A,GOOD
2025-01-06 22:00:00,PUMP101.MOTOR_CURRENT,44.305,A,GOOD
2025-01-06 23:00:00,PUMP101.MOTOR_CURRENT,44.906,A,GOOD
2025-01-07 00:00:00,PUMP101.MOTOR_CURRENT,44.253,A,GOOD
2025-01-07 01:00:00,PUMP101.MOTOR_CURRENT,44.973,A,GOOD
2025-01-07 02:00:00,PUMP101.MOTOR_CURRENT,44.172,A,GOOD
2025-01-07 03:00:00,PUMP101.MOTOR_CURRENT,45.264,A,GOOD
2025-01-07 04:00:00,PUMP101.MOTOR_CURRENT,45.189,A,GOOD
2025-01-07 05:00:00,PUMP101.MOTOR_CURRENT,45.954,A,GOOD
2025-01-07 06:00:00,PUMP101.MOTOR_CURRENT,45.424,A,GOOD
2025-01-07 07:00:00,PUMP101.MOTOR_CURRENT,44.789,A,GOOD
2025-01-07 08:00:00,PUMP101.MOTOR_CURRENT,45.409,A,GOOD
2025-01-07 09:00:00,PUMP101.MOTOR_CURRENT,44.301,A,GOOD
2025-01-07 10:00:00,PUMP101.MOTOR_CURRENT,44.519,A,GOOD
2025-01-07 11:00:00,PUMP101.MOTOR_CURRENT,45.167,A,GOOD
2025-01-07 12:00:00,PUMP101.MOTOR_CURRENT,43.921,A,GOOD
2025-01-07 13:00:00,PUMP101.MOTOR_CURRENT,44.981,A,GOOD
2025-01-07 14:00:00,PUMP101.MOTOR_CURRENT,44.49,A,GOOD
2025-01-07 15:00:00,PUMP101.MOTOR_CURRENT,45.051,A,GOOD
2025-01-07 16:00:00,PUMP101.MOTOR_CURRENT,44.461,A,GOOD
2025-01-07 17:00:00,PUMP101.MOTOR_CURRENT,45.212,A,GOOD
2025-01-07 18:00:00,PUMP101.MOTOR_CURRENT,45.01,A,GOOD
2025-01-07 19:00:00,PUMP101.MOTOR_CURRENT,45.7,A,GOOD
2025-01-07 20:00:00,PUMP101.MOTOR_CURRENT,45.003,A,GOOD
2025-01-07 21:00:00,PUMP101.MOTOR_CURRENT,44.616,A,GOOD
2025-01-07 22:00:00,PUMP101.MOTOR_CURRENT,44.877,A,GOOD
2025-01-07 23:00:00,PUMP101.MOTOR_CURRENT,44.328,A,GOOD
2025-01-08 00:00:00,PUMP101.MOTOR_CURRENT,45.203,A,BAD
2025-01-08 01:00:00,PUMP101.MOTOR_CURRENT,45.295,A,GOOD
2025-01-08 02:00:00,PUMP101.MOTOR_CURRENT,46.235,A,GOOD
2025-01-08 03:00:00,PUMP101.MOTOR_CURRENT,44.689,A,GOOD
2025-01-08 04:00:00,PUMP101.MOTOR_CURRENT,44.866,A,GOOD
2025-01-08 05:00:00,PUMP101.MOTOR_CURRENT,44.712,A,GOOD
2025-01-08 06:00:00,PUMP101.MOTOR_CURRENT,45.106,A,GOOD
2025-01-08 07:00:00,PUMP101.MOTOR_CURRENT,45.191,A,GOOD
2025-01-08 08:00:00,PUMP101.MOTOR_CURRENT,44.973,A,GOOD
2025-01-08 09:00:00,PUMP101.MOTOR_CURRENT,45.543,A,GOOD
2025-01-08 10:00:00,PUMP101.MOTOR_CURRENT,44.692,A,GOOD
2025-01-08 11:00:00,PUMP101.MOTOR_CURRENT,45.493,A,GOOD
2025-01-08 12:00:00,PUMP101.MOTOR_CURRENT,45.269,A,GOOD
2025-01-08 13:00:00,PUMP101.MOTOR_CURRENT,44.994,A,GOOD
2025-01-08 14:00:00,PUMP101.MOTOR_CURRENT,44.843,A,GOOD
2025-01-08 15:00:00,PUMP101.MOTOR_CURRENT,46.213,A,GOOD
2025-01-08 16:00:00,PUMP101.MOTOR_CURRENT,44.591,A,GOOD
2025-01-08 17:00:00,PUMP101.MOTOR_CURRENT,45.149,A,GOOD
2025-01-08 18:00:00,PUMP101.MOTOR_CURRENT,44.625,A,GOOD
2025-01-08 19:00:00,PUMP101.MOTOR_CURRENT,45.893,A,GOOD
2025-01-08 20:00:00,PUMP101.MOTOR_CURRENT,45.443,A,GOOD
2025-01-08 21:00:00,PUMP101.MOTOR_CURRENT,44.661,A,GOOD
2025-01-08 22:00:00,PUMP101.MOTOR_CURRENT,45.256,A,GOOD
2025-01-08 23:00:00,PUMP101.MOTOR_CURRENT,45.129,A,GOOD
2025-01-09 00:00:00,PUMP101.MOTOR_CURRENT,44.742,A,BAD
2025-01-09 01:00:00,PUMP101.MOTOR_CURRENT,45.379,A,GOOD
2025-01-09 02:00:00,PUMP101.MOTOR_CURRENT,45.195,A,GOOD
2025-01-09 03:00:00,PUMP101.MOTOR_CURRENT,45.108,A,GOOD
2025-01-09 04:00:00,PUMP101.MOTOR_CURRENT,44.979,A,GOOD
2025-01-09 05:00:00,PUMP101.MOTOR_CURRENT,45.216,A,GOOD
2025-01-09 06:00:00,PUMP101.MOTOR_CURRENT,45.115,A,GOOD
2025-01-09 07:00:00,PUMP101.MOTOR_CURRENT,45.03,A,GOOD
2025-01-09 08:00:00,PUMP101.MOTOR_CURRENT,44.679,A,GOOD
2025-01-09 09:00:00,PUMP101.MOTOR_CURRENT,45.847,A,GOOD
2025-01-09 10:00:00,PUMP101.MOTOR_CURRENT,44.475,A,GOOD
2025-01-09 11:00:00,PUMP101.MOTOR_CURRENT,45.214,A,GOOD
2025-01-09 12:00:00,PUMP101.MOTOR_CURRENT,44.84,A,GOOD
2025-01-09 13:00:00,PUMP101.MOTOR_CURRENT,45.88,A,GOOD
2025-01-09 14:00:00,PUMP101.MOTOR_CURRENT,44.548,A,GOOD
2025-01-09 15:00:00,PUMP101.MOTOR_CURRENT,44.632,A,GOOD
2025-01-09 16:00:00,PUMP101.MOTOR_CURRENT,44.515,A,GOOD
2025-01-09 17:00:00,PUMP101.MOTOR_CURRENT,45.162,A,GOOD
2025-01-09 18:00:00,PUMP101.MOTOR_CURRENT,44.313,A,GOOD
2025-01-09 19:00:00,PUMP101.MOTOR_CURRENT,44.761,A,GOOD
2025-01-09 20:00:00,PUMP101.MOTOR_CURRENT,43.924,A,GOOD
2025-01-09 21:00:00,PUMP101.MOTOR_CURRENT,45.12,A,GOOD
2025-01-09 22:00:00,PUMP101.MOTOR_CURRENT,44.75,A,GOOD
2025-01-09 23:00:00,PUMP101.MOTOR_CURRENT,44.256,A,GOOD
2025-01-10 00:00:00,PUMP101.MOTOR_CURRENT,45.543,A,GOOD
2025-01-10 01:00:00,PUMP101.MOTOR_CURRENT,44.346,A,GOOD
2025-01-10 02:00:00,PUMP101.MOTOR_CURRENT,45.398,A,GOOD
2025-01-10 03:00:00,PUMP101.MOTOR_CURRENT,44.649,A,GOOD
2025-01-10 04:00:00,PUMP101.MOTOR_CURRENT,45.801,A,GOOD
2025-01-10 05:00:00,PUMP101.MOTOR_CURRENT,45.375,A,GOOD
2025-01-10 06:00:00,PUMP101.MOTOR_CURRENT,44.496,A,GOOD
2025-01-10 07:00:00,PUMP101.MOTOR_CURRENT,44.541,A,GOOD
2025-01-10 08:00:00,PUMP101.MOTOR_CURRENT,45.303,A,GOOD
2025-01-10 09:00:00,PUMP101.MOTOR_CURRENT,44.869,A,GOOD
2025-01-10 10:00:00,PUMP101.MOTOR_CURRENT,44.915,A,GOOD
2025-01-10 11:00:00,PUMP101.MOTOR_CURRENT,45.636,A,GOOD
2025-01-10 12:00:00,PUMP101.MOTOR_CURRENT,44.626,A,GOOD
2025-01-10 13:00:00,PUMP101.MOTOR_CURRENT,45.046,A,GOOD
2025-01-10 14:00:00,PUMP101.MOTOR_CURRENT,45.477,A,GOOD
2025-01-10 15:00:00,PUMP101.MOTOR_CURRENT,45.405,A,GOOD
2025-01-10 16:00:00,PUMP101.MOTOR_CURRENT,44.92,A,GOOD
2025-01-10 17:00:00,PUMP101.MOTOR_CURRENT,44.856,A,GOOD
2025-01-10 18:00:00,PUMP101.MOTOR_CURRENT,44.131,A,GOOD
2025-01-10 19:00:00,PUMP101.MOTOR_CURRENT,44.472,A,GOOD
2025-01-10 20:00:00,PUMP101.MOTOR_CURRENT,45.159,A,GOOD
2025-01-10 21:00:00,PUMP101.MOTOR_CURRENT,44.931,A,GOOD
2025-01-10 22:00:00,PUMP101.MOTOR_CURRENT,45.037,A,GOOD
2025-01-10 23:00:00,PUMP101.MOTOR_CURRENT,45.52,A,GOOD
2025-01-11 00:00:00,PUMP101.MOTOR_CURRENT,44.406,A,GOOD
2025-01-11 01:00:00,PUMP101.MOTOR_CURRENT,44.882,A,GOOD
2025-01-11 02:00:00,PUMP101.MOTOR_CURRENT,45.094,A,GOOD
2025-01-11 03:00:00,PUMP101.MOTOR_CURRENT,44.648,A,GOOD
2025-01-11 04:00:00,PUMP101.MOTOR_CURRENT,45.716,A,GOOD
2025-01-11 05:00:00,PUMP101.MOTOR_CURRENT,45.454,A,GOOD
2025-01-11 06:00:00,PUMP101.MOTOR_CURRENT,45.145,A,GOOD
2025-01-11 07:00:00,PUMP101.MOTOR_CURRENT,45.897,A,GOOD
2025-01-11 08:00:00,PUMP101.MOTOR_CURRENT,44.251,A,GOOD
2025-01-11 09:00:00,PUMP101.MOTOR_CURRENT,44.996,A,GOOD
2025-01-11 10:00:00,PUMP101.MOTOR_CURRENT,45.183,A,GOOD
2025-01-11 11:00:00,PUMP101.MOTOR_CURRENT,44.543,A,GOOD
2025-01-11 12:00:00,PUMP101.MOTOR_CURRENT,45.15,A,GOOD
2025-01-11 13:00:00,PUMP101.MOTOR_CURRENT,44.447,A,GOOD
2025-01-11 14:00:00,PUMP101.MOTOR_CURRENT,45.345,A,GOOD
2025-01-11 15:00:00,PUMP101.MOTOR_CURRENT,45.529,A,GOOD
2025-01-11 16:00:00,PUMP101.MOTOR_CURRENT,45.136,A,GOOD
2025-01-11 17:00:00,PUMP101.MOTOR_CURRENT,44.074,A,GOOD
2025-01-11 18:00:00,PUMP101.MOTOR_CURRENT,44.517,A,GOOD
2025-01-11 19:00:00,PUMP101.MOTOR_CURRENT,45.282,A,GOOD
2025-01-11 20:00:00,PUMP101.MOTOR_CURRENT,45.011,A,GOOD
2025-01-11 21:00:00,PUMP101.MOTOR_CURRENT,43.653,A,GOOD
2025-01-11 22:00:00,PUMP101.MOTOR_CURRENT,45.621,A,GOOD
2025-01-11 23:00:00,PUMP101.MOTOR_CURRENT,45.068,A,GOOD
2025-01-12 00:00:00,PUMP101.MOTOR_CURRENT,44.59,A,GOOD
2025-01-12 01:00:00,PUMP101.MOTOR_CURRENT,45.497,A,GOOD
2025-01-12 02:00:00,PUMP101.MOTOR_CURRENT,44.661,A,GOOD
2025-01-12 03:00:00,PUMP101.MOTOR_CURRENT,44.656,A,GOOD
2025-01-12 04:00:00,PUMP101.MOTOR_CURRENT,45.179,A,GOOD
2025-01-12 05:00:00,PUMP101.MOTOR_CURRENT,45.891,A,GOOD
2025-01-12 06:00:00,PUMP101.MOTOR_CURRENT,45.812,A,GOOD
2025-01-12 07:00:00,PUMP101.MOTOR_CURRENT,45.18,A,GOOD
2025-01-12 08:00:00,PUMP101.MOTOR_CURRENT,45.231,A,GOOD
2025-01-12 09:00:00,PUMP101.MOTOR_CURRENT,45.396,A,GOOD
2025-01-12 10:00:00,PUMP101.MOTOR_CURRENT,44.372,A,GOOD
2025-01-12 11:00:00,PUMP101.MOTOR_CURRENT,45.322,A,GOOD
2025-01-12 12:00:00,PUMP101.MOTOR_CURRENT,44.633,A,GOOD
2025-01-12 13:00:00,PUMP101.MOTOR_CURRENT,45.159,A,GOOD
2025-01-12 14:00:00,PUMP101.MOTOR_CURRENT,44.886,A,GOOD
2025-01-12 15:00:00,PUMP101.MOTOR_CURRENT,45.251,A,GOOD
2025-01-12 16:00:00,PUMP101.MOTOR_CURRENT,45.059,A,GOOD
2025-01-12 17:00:00,PUMP101.MOTOR_CURRENT,43.463,A,GOOD
2025-01-12 18:00:00,PUMP101.MOTOR_CURRENT,45.089,A,GOOD
2025-01-12 19:00:00,PUMP101.MOTOR_CURRENT,45.321,A,GOOD
2025-01-12 20:00:00,PUMP101.MOTOR_CURRENT,45.223,A,GOOD
2025-01-12 21:00:00,PUMP101.MOTOR_CURRENT,44.949,A,GOOD
2025-01-12 22:00:00,PUMP101.MOTOR_CURRENT,45.821,A,GOOD
2025-01-12 23:00:00,PUMP101.MOTOR_CURRENT,45.156,A,GOOD
2025-01-13 00:00:00,PUMP101.MOTOR_CURRENT,45.219,A,GOOD
2025-01-13 01:00:00,PUMP101.MOTOR_CURRENT,45.522,A,GOOD
2025-01-13 02:00:00,PUMP101.MOTOR_CURRENT,45.181,A,GOOD
2025-01-13 03:00:00,PUMP101.MOTOR_CURRENT,44.551,A,GOOD
2025-01-13 04:00:00,PUMP101.MOTOR_CURRENT,43.781,A,GOOD
2025-01-13 05:00:00,PUMP101.MOTOR_CURRENT,44.761,A,GOOD
2025-01-13 06:00:00,PUMP101.MOTOR_CURRENT,45.38,A,GOOD
2025-01-13 07:00:00,PUMP101.MOTOR_CURRENT,44.823,A,GOOD
2025-01-13 08:00:00,PUMP101.MOTOR_CURRENT,45.401,A,GOOD
2025-01-13 09:00:00,PUMP101.MOTOR_CURRENT,45.074,A,GOOD
2025-01-13 10:00:00,PUMP101.MOTOR_CURRENT,45.644,A,GOOD
2025-01-13 11:00:00,PUMP101.MOTOR_CURRENT,44.852,A,GOOD
2025-01-13 12:00:00,PUMP101.MOTOR_CURRENT,45.234,A,GOOD
2025-01-13 13:00:00,PUMP101.MOTOR_CURRENT,45.253,A,GOOD
2025-01-13 14:00:00,PUMP101.MOTOR_CURRENT,45.751,A,GOOD
2025-01-13 15:00:00,PUMP101.MOTOR_CURRENT,44.147,A,GOOD
2025-01-13 16:00:00,PUMP101.MOTOR_CURRENT,44.771,A,GOOD
2025-01-13 17:00:00,PUMP101.MOTOR_CURRENT,45.424,A,GOOD
2025-01-13 18:00:00,PUMP101.MOTOR_CURRENT,45.773,A,GOOD
2025-01-13 19:00:00,PUMP101.MOTOR_CURRENT,45.12,A,GOOD
2025-01-13 20:00:00,PUMP101.MOTOR_CURRENT,44.854,A,GOOD
2025-01-13 21:00:00,PUMP101.MOTOR_CURRENT,45.379,A,GOOD
2025-01-13 22:00:00,PUMP101.MOTOR_CURRENT,45.434,A,GOOD
2025-01-13 23:00:00,PUMP101.MOTOR_CURRENT,44.82,A,GOOD
2025-01-14 00:00:00,PUMP101.MOTOR_CURRENT,45.165,A,GOOD
2025-01-14 01:00:00,PUMP101.MOTOR_CURRENT,45.59,A,GOOD
2025-01-14 02:00:00,PUMP101.MOTOR_CURRENT,45.945,A,GOOD
2025-01-14 03:00:00,PUMP101.MOTOR_CURRENT,45.371,A,GOOD
2025-01-14 04:00:00,PUMP101.MOTOR_CURRENT,45.022,A,GOOD
2025-01-14 05:00:00,PUMP101.MOTOR_CURRENT,44.973,A,GOOD
2025-01-14 06:00:00,PUMP101.MOTOR_CURRENT,45.279,A,GOOD
2025-01-14 07:00:00,PUMP101.MOTOR_CURRENT,44.942,A,GOOD
2025-01-14 08:00:00,PUMP101.MOTOR_CURRENT,45.095,A,GOOD
2025-01-14 09:00:00,PUMP101.MOTOR_CURRENT,44.471,A,GOOD
2025-01-14 10:00:00,PUMP101.MOTOR_CURRENT,45.649,A,GOOD
2025-01-14 11:00:00,PUMP101.MOTOR_CURRENT,44.43,A,GOOD
2025-01-14 12:00:00,PUMP101.MOTOR_CURRENT,44.784,A,GOOD
2025-01-14 13:00:00,PUMP101.MOTOR_CURRENT,45.049,A,GOOD
2025-01-14 14:00:00,PUMP101.MOTOR_CURRENT,45.995,A,GOOD
2025-01-14 15:00:00,PUMP101.MOTOR_CURRENT,44.789,A,GOOD
2025-01-14 16:00:00,PUMP101.MOTOR_CURRENT,44.667,A,GOOD
2025-01-14 17:00:00,PUMP101.MOTOR_CURRENT,44.725,A,GOOD
2025-01-14 18:00:00,PUMP101.MOTOR_CURRENT,45.829,A,GOOD
2025-01-14 19:00:00,PUMP101.MOTOR_CURRENT,43.594,A,GOOD
2025-01-14 20:00:00,PUMP101.MOTOR_CURRENT,44.499,A,GOOD
2025-01-14 21:00:00,PUMP101.MOTOR_CURRENT,46.366,A,GOOD
2025-01-14 22:00:00,PUMP101.MOTOR_CURRENT,45.295,A,GOOD
2025-01-14 23:00:00,PUMP101.MOTOR_CURRENT,44.447,A,GOOD
2025-01-15 00:00:00,PUMP101.MOTOR_CURRENT,44.979,A,GOOD
2025-01-15 01:00:00,PUMP101.MOTOR_CURRENT,45.034,A,GOOD
2025-01-15 02:00:00,PUMP101.MOTOR_CURRENT,45.423,A,GOOD
2025-01-15 03:00:00,PUMP101.MOTOR_CURRENT,45.92,A,GOOD
2025-01-15 04:00:00,PUMP101.MOTOR_CURRENT,45.194,A,GOOD
2025-01-15 05:00:00,PUMP101.MOTOR_CURRENT,44.73,A,GOOD
2025-01-15 06:00:00,PUMP101.MOTOR_CURRENT,45.394,A,GOOD
2025-01-15 07:00:00,PUMP101.MOTOR_CURRENT,44.651,A,GOOD
2025-01-15 08:00:00,PUMP101.MOTOR_CURRENT,44.483,A,GOOD
2025-01-15 09:00:00,PUMP101.MOTOR_CURRENT,44.12,A,GOOD
2025-01-15 10:00:00,PUMP101.MOTOR_CURRENT,44.217,A,GOOD
2025-01-15 11:00:00,PUMP101.MOTOR_CURRENT,44.552,A,GOOD
2025-01-15 12:00:00,PUMP101.MOTOR_CURRENT,44.411,A,GOOD
2025-01-15 13:00:00,PUMP101.MOTOR_CURRENT,45.157,A,GOOD
2025-01-15 14:00:00,PUMP101.MOTOR_CURRENT,44.4,A,GOOD
2025-01-15 15:00:00,PUMP101.MOTOR_CURRENT,43.428,A,GOOD
2025-01-15 16:00:00,PUMP101.MOTOR_CURRENT,44.478,A,GOOD
2025-01-15 17:00:00,PUMP101.MOTOR_CURRENT,44.764,A,GOOD
2025-01-15 18:00:00,PUMP101.MOTOR_CURRENT,44.697,A,GOOD
2025-01-15 19:00:00,PUMP101.MOTOR_CURRENT,45.76,A,GOOD
2025-01-15 20:00:00,PUMP101.MOTOR_CURRENT,44.693,A,GOOD
2025-01-15 21:00:00,PUMP101.MOTOR_CURRENT,45.44,A,GOOD
2025-01-15 22:00:00,PUMP101.MOTOR_CURRENT,44.991,A,GOOD
2025-01-15 23:00:00,PUMP101.MOTOR_CURRENT,44.979,A,GOOD
2025-01-16 00:00:00,PUMP101.MOTOR_CURRENT,44.582,A,GOOD
2025-01-16 01:00:00,PUMP101.MOTOR_CURRENT,44.971,A,GOOD
2025-01-16 02:00:00,PUMP101.MOTOR_CURRENT,44.617,A,GOOD
2025-01-16 03:00:00,PUMP101.MOTOR_CURRENT,45.085,A,GOOD
2025-01-16 04:00:00,PUMP101.MOTOR_CURRENT,44.882,A,GOOD
2025-01-16 05:00:00,PUMP101.MOTOR_CURRENT,44.528,A,GOOD
2025-01-16 06:00:00,PUMP101.MOTOR_CURRENT,45.496,A,GOOD
2025-01-16 07:00:00,PUMP101.MOTOR_CURRENT,45.213,A,GOOD
2025-01-16 08:00:00,PUMP101.MOTOR_CURRENT,44.776,A,GOOD
2025-01-16 09:00:00,PUMP101.MOTOR_CURRENT,45.073,A,GOOD
2025-01-16 10:00:00,PUMP101.MOTOR_CURRENT,44.958,A,GOOD
2025-01-16 11:00:00,PUMP101.MOTOR_CURRENT,44.566,A,GOOD
2025-01-16 12:00:00,PUMP101.MOTOR_CURRENT,45.035,A,GOOD
2025-01-16 13:00:00,PUMP101.MOTOR_CURRENT,44.689,A,GOOD
2025-01-16 14:00:00,PUMP101.MOTOR_CURRENT,44.528,A,GOOD
2025-01-16 15:00:00,PUMP101.MOTOR_CURRENT,44.189,A,GOOD
2025-01-16 16:00:00,PUMP101.MOTOR_CURRENT,44.821,A,GOOD
2025-01-16 17:00:00,PUMP101.MOTOR_CURRENT,45.283,A,GOOD
2025-01-16 18:00:00,PUMP101.MOTOR_CURRENT,44.653,A,GOOD
2025-01-16 19:00:00,PUMP101.MOTOR_CURRENT,46.26,A,GOOD
2025-01-16 20:00:00,PUMP101.MOTOR_CURRENT,45.443,A,GOOD
2025-01-16 21:00:00,PUMP101.MOTOR_CURRENT,45.652,A,GOOD
2025-01-16 22:00:00,PUMP101.MOTOR_CURRENT,45.398,A,GOOD
2025-01-16 23:00:00,PUMP101.MOTOR_CURRENT,45.926,A,GOOD
2025-01-17 00:00:00,PUMP101.MOTOR_CURRENT,44.606,A,GOOD
2025-01-17 01:00:00,PUMP101.MOTOR_CURRENT,43.72,A,GOOD
2025-01-17 02:00:00,PUMP101.MOTOR_CURRENT,44.777,A,GOOD
2025-01-17 03:00:00,PUMP101.MOTOR_CURRENT,45.279,A,GOOD
2025-01-17 04:00:00,PUMP101.MOTOR_CURRENT,45.076,A,GOOD
2025-01-17 05:00:00,PUMP101.MOTOR_CURRENT,45.138,A,GOOD
2025-01-17 06:00:00,PUMP101.MOTOR_CURRENT,45.66,A,GOOD
2025-01-17 07:00:00,PUMP101.MOTOR_CURRENT,45.191,A,GOOD
2025-01-17 08:00:00,PUMP101.MOTOR_CURRENT,45.399,A,GOOD
2025-01-17 09:00:00,PUMP101.MOTOR_CURRENT,44.53,A,GOOD
2025-01-17 10:00:00,PUMP101.MOTOR_CURRENT,44.452,A,GOOD
2025-01-17 11:00:00,PUMP101.MOTOR_CURRENT,45.807,A,GOOD
2025-01-17 12:00:00,PUMP101.MOTOR_CURRENT,45.05,A,GOOD
2025-01-17 13:00:00,PUMP101.MOTOR_CURRENT,44.688,A,GOOD
2025-01-17 14:00:00,PUMP101.MOTOR_CURRENT,44.689,A,GOOD
2025-01-17 15:00:00,PUMP101.MOTOR_CURRENT,44.675,A,GOOD
2025-01-17 16:00:00,PUMP101.MOTOR_CURRENT,44.646,A,GOOD
2025-01-17 17:00:00,PUMP101.MOTOR_CURRENT,44.358,A,GOOD
2025-01-17 18:00:00,PUMP101.MOTOR_CURRENT,44.25,A,GOOD
2025-01-17 19:00:00,PUMP101.MOTOR_CURRENT,44.902,A,GOOD
2025-01-17 20:00:00,PUMP101.MOTOR_CURRENT,44.704,A,GOOD
2025-01-17 21:00:00,PUMP101.MOTOR_CURRENT,45.554,A,GOOD
2025-01-17 22:00:00,PUMP101.MOTOR_CURRENT,45.147,A,GOOD
2025-01-17 23:00:00,PUMP101.MOTOR_CURRENT,45.133,A,GOOD
2025-01-18 00:00:00,PUMP101.MOTOR_CURRENT,44.628,A,GOOD
2025-01-18 01:00:00,PUMP101.MOTOR_CURRENT,44.939,A,GOOD
2025-01-18 02:00:00,PUMP101.MOTOR_CURRENT,45.181,A,GOOD
2025-01-18 03:00:00,PUMP101.MOTOR_CURRENT,45.358,A,GOOD
2025-01-18 04:00:00,PUMP101.MOTOR_CURRENT,44.953,A,GOOD
2025-01-18 05:00:00,PUMP101.MOTOR_CURRENT,45.54,A,GOOD
2025-01-18 06:00:00,PUMP101.MOTOR_CURRENT,45.004,A,GOOD
2025-01-18 07:00:00,PUMP101.MOTOR_CURRENT,45.396,A,GOOD
2025-01-18 08:00:00,PUMP101.MOTOR_CURRENT,44.755,A,GOOD
2025-01-18 09:00:00,PUMP101.MOTOR_CURRENT,44.094,A,GOOD
2025-01-18 10:00:00,PUMP101.MOTOR_CURRENT,45.134,A,GOOD
2025-01-18 11:00:00,PUMP101.MOTOR_CURRENT,45.363,A,GOOD
2025-01-18 12:00:00,PUMP101.MOTOR_CURRENT,45.288,A,GOOD
2025-01-18 13:00:00,PUMP101.MOTOR_CURRENT,45.211,A,GOOD
2025-01-18 14:00:00,PUMP101.MOTOR_CURRENT,44.826,A,GOOD
2025-01-18 15:00:00,PUMP101.MOTOR_CURRENT,44.597,A,GOOD
2025-01-18 16:00:00,PUMP101.MOTOR_CURRENT,45.276,A,GOOD
2025-01-18 17:00:00,PUMP101.MOTOR_CURRENT,45.213,A,GOOD
2025-01-18 18:00:00,PUMP101.MOTOR_CURRENT,44.72,A,GOOD
2025-01-18 19:00:00,PUMP101.MOTOR_CURRENT,45.555,A,GOOD
2025-01-18 20:00:00,PUMP101.MOTOR_CURRENT,44.559,A,BAD
2025-01-18 21:00:00,PUMP101.MOTOR_CURRENT,44.708,A,GOOD
2025-01-18 22:00:00,PUMP101.MOTOR_CURRENT,45.818,A,GOOD
2025-01-18 23:00:00,PUMP101.MOTOR_CURRENT,45.434,A,GOOD
2025-01-19 00:00:00,PUMP101.MOTOR_CURRENT,44.821,A,GOOD
2025-01-19 01:00:00,PUMP101.MOTOR_CURRENT,45.144,A,GOOD
2025-01-19 02:00:00,PUMP101.MOTOR_CURRENT,45.077,A,GOOD
2025-01-19 03:00:00,PUMP101.MOTOR_CURRENT,43.627,A,GOOD
2025-01-19 04:00:00,PUMP101.MOTOR_CURRENT,44.547,A,GOOD
2025-01-19 05:00:00,PUMP101.MOTOR_CURRENT,44.975,A,GOOD
2025-01-19 06:00:00,PUMP101.MOTOR_CURRENT,44.822,A,GOOD
2025-01-19 07:00:00,PUMP101.MOTOR_CURRENT,45.124,A,GOOD
2025-01-19 08:00:00,PUMP101.MOTOR_CURRENT,45.565,A,GOOD
2025-01-19 09:00:00,PUMP101.MOTOR_CURRENT,44.839,A,GOOD
2025-01-19 10:00:00,PUMP101.MOTOR_CURRENT,44.471,A,GOOD
2025-01-19 11:00:00,PUMP101.MOTOR_CURRENT,45.162,A,GOOD
2025-01-19 12:00:00,PUMP101.MOTOR_CURRENT,44.837,A,GOOD
2025-01-19 13:00:00,PUMP101.MOTOR_CURRENT,44.922,A,GOOD
2025-01-19 14:00:00,PUMP101.MOTOR_CURRENT,44.854,A,GOOD
2025-01-19 15:00:00,PUMP101.MOTOR_CURRENT,46.121,A,GOOD
2025-01-19 16:00:00,PUMP101.MOTOR_CURRENT,43.88,A,GOOD
2025-01-19 17:00:00,PUMP101.MOTOR_CURRENT,44.806,A,GOOD
2025-01-19 18:00:00,PUMP101.MOTOR_CURRENT,44.998,A,GOOD
2025-01-19 19:00:00,PUMP101.MOTOR_CURRENT,44.609,A,GOOD
2025-01-19 20:00:00,PUMP101.MOTOR_CURRENT,45.45,A,GOOD
2025-01-19 21:00:00,PUMP101.MOTOR_CURRENT,45.407,A,GOOD
2025-01-19 22:00:00,PUMP101.MOTOR_CURRENT,44.976,A,GOOD
2025-01-19 23:00:00,PUMP101.MOTOR_CURRENT,44.865,A,GOOD
2025-01-20 00:00:00,PUMP101.MOTOR_CURRENT,44.944,A,GOOD
2025-01-20 01:00:00,PUMP101.MOTOR_CURRENT,44.948,A,GOOD
2025-01-20 02:00:00,PUMP101.MOTOR_CURRENT,44.961,A,GOOD
2025-01-20 03:00:00,PUMP101.MOTOR_CURRENT,44.906,A,GOOD
2025-01-20 04:00:00,PUMP101.MOTOR_CURRENT,45.126,A,GOOD
2025-01-20 05:00:00,PUMP101.MOTOR_CURRENT,45.377,A,GOOD
2025-01-20 06:00:00,PUMP101.MOTOR_CURRENT,44.385,A,GOOD
2025-01-20 07:00:00,PUMP101.MOTOR_CURRENT,44.475,A,GOOD
2025-01-20 08:00:00,PUMP101.MOTOR_CURRENT,44.126,A,GOOD
2025-01-20 09:00:00,PUMP101.MOTOR_CURRENT,45.433,A,GOOD
2025-01-20 10:00:00,PUMP101.MOTOR_CURRENT,45.125,A,GOOD
2025-01-20 11:00:00,PUMP101.MOTOR_CURRENT,45.253,A,BAD
2025-01-20 12:00:00,PUMP101.MOTOR_CURRENT,44.285,A,GOOD
2025-01-20 13:00:00,PUMP101.MOTOR_CURRENT,45.892,A,GOOD
2025-01-20 14:00:00,PUMP101.MOTOR_CURRENT,44.696,A,GOOD
2025-01-20 15:00:00,PUMP101.MOTOR_CURRENT,45.084,A,GOOD
2025-01-20 16:00:00,PUMP101.MOTOR_CURRENT,45.427,A,GOOD
2025-01-20 17:00:00,PUMP101.MOTOR_CURRENT,44.507,A,GOOD
2025-01-20 18:00:00,PUMP101.MOTOR_CURRENT,44.727,A,GOOD
2025-01-20 19:00:00,PUMP101.MOTOR_CURRENT,45.09,A,GOOD
2025-01-20 20:00:00,PUMP101.MOTOR_CURRENT,46.429,A,GOOD
2025-01-20 21:00:00,PUMP101.MOTOR_CURRENT,45.151,A,GOOD
2025-01-20 22:00:00,PUMP101.MOTOR_CURRENT,45.803,A,GOOD
2025-01-20 23:00:00,PUMP101.MOTOR_CURRENT,45.603,A,GOOD
2025-01-21 00:00:00,PUMP101.MOTOR_CURRENT,45.184,A,GOOD
2025-01-21 01:00:00,PUMP101.MOTOR_CURRENT,44.505,A,GOOD
2025-01-21 02:00:00,PUMP101.MOTOR_CURRENT,45.53,A,GOOD
2025-01-21 03:00:00,PUMP101.MOTOR_CURRENT,44.251,A,GOOD
2025-01-21 04:00:00,PUMP101.MOTOR_CURRENT,45.8,A,GOOD
2025-01-21 05:00:00,PUMP101.MOTOR_CURRENT,45.1,A,GOOD
2025-01-21 06:00:00,PUMP101.MOTOR_CURRENT,43.675,A,GOOD
2025-01-21 07:00:00,PUMP101.MOTOR_CURRENT,44.83,A,GOOD
2025-01-21 08:00:00,PUMP101.MOTOR_CURRENT,45.327,A,GOOD
2025-01-21 09:00:00,PUMP101.MOTOR_CURRENT,44.881,A,GOOD
2025-01-21 10:00:00,PUMP101.MOTOR_CURRENT,45.358,A,GOOD
2025-01-21 11:00:00,PUMP101.MOTOR_CURRENT,44.575,A,GOOD
2025-01-21 12:00:00,PUMP101.MOTOR_CURRENT,44.347,A,GOOD
2025-01-21 13:00:00,PUMP101.MOTOR_CURRENT,44.964,A,GOOD
2025-01-21 14:00:00,PUMP101.MOTOR_CURRENT,45.016,A,GOOD
2025-01-21 15:00:00,PUMP101.MOTOR_CURRENT,44.826,A,GOOD
2025-01-21 16:00:00,PUMP101.MOTOR_CURRENT,45.614,A,GOOD
2025-01-21 17:00:00,PUMP101.MOTOR_CURRENT,44.575,A,GOOD
2025-01-21 18:00:00,PUMP101.MOTOR_CURRENT,45.157,A,GOOD
2025-01-21 19:00:00,PUMP101.MOTOR_CURRENT,45.034,A,GOOD
2025-01-21 20:00:00,PUMP101.MOTOR_CURRENT,44.222,A,GOOD
2025-01-21 21:00:00,PUMP101.MOTOR_CURRENT,44.34,A,GOOD
2025-01-21 22:00:00,PUMP101.MOTOR_CURRENT,45.006,A,GOOD
2025-01-21 23:00:00,PUMP101.MOTOR_CURRENT,45.991,A,GOOD
2025-01-22 00:00:00,PUMP101.MOTOR_CURRENT,45.29,A,GOOD
2025-01-22 01:00:00,PUMP101.MOTOR_CURRENT,44.137,A,GOOD
2025-01-22 02:00:00,PUMP101.MOTOR_CURRENT,43.445,A,GOOD
2025-01-22 03:00:00,PUMP101.MOTOR_CURRENT,45.367,A,GOOD
2025-01-22 04:00:00,PUMP101.MOTOR_CURRENT,44.952,A,GOOD
2025-01-22 05:00:00,PUMP101.MOTOR_CURRENT,45.571,A,GOOD
2025-01-22 06:00:00,PUMP101.MOTOR_CURRENT,44.56,A,GOOD
2025-01-22 07:00:00,PUMP101.MOTOR_CURRENT,45.175,A,GOOD
2025-01-22 08:00:00,PUMP101.MOTOR_CURRENT,45.423,A,GOOD
2025-01-22 09:00:00,PUMP101.MOTOR_CURRENT,44.776,A,GOOD
2025-01-22 10:00:00,PUMP101.MOTOR_CURRENT,44.787,A,GOOD
2025-01-22 11:00:00,PUMP101.MOTOR_CURRENT,45.013,A,GOOD
2025-01-22 12:00:00,PUMP101.MOTOR_CURRENT,45.271,A,GOOD
2025-01-22 13:00:00,PUMP101.MOTOR_CURRENT,44.993,A,GOOD
2025-01-22 14:00:00,PUMP101.MOTOR_CURRENT,45.487,A,GOOD
2025-01-22 15:00:00,PUMP101.MOTOR_CURRENT,44.769,A,BAD
2025-01-22 16:00:00,PUMP101.MOTOR_CURRENT,44.336,A,GOOD
2025-01-22 17:00:00,PUMP101.MOTOR_CURRENT,45.988,A,GOOD
2025-01-22 18:00:00,PUMP101.MOTOR_CURRENT,44.698,A,GOOD
2025-01-22 19:00:00,PUMP101.MOTOR_CURRENT,44.716,A,GOOD
2025-01-22 20:00:00,PUMP101.MOTOR_CURRENT,44.967,A,GOOD
2025-01-22 21:00:00,PUMP101.MOTOR_CURRENT,45.034,A,GOOD
2025-01-22 22:00:00,PUMP101.MOTOR_CURRENT,44.807,A,GOOD
2025-01-22 23:00:00,PUMP101.MOTOR_CURRENT,44.991,A,GOOD
2025-01-23 00:00:00,PUMP101.MOTOR_CURRENT,44.98,A,GOOD
2025-01-23 01:00:00,PUMP101.MOTOR_CURRENT,45.087,A,GOOD
2025-01-23 02:00:00,PUMP101.MOTOR_CURRENT,43.821,A,GOOD
2025-01-23 03:00:00,PUMP101.MOTOR_CURRENT,45.94,A,GOOD
2025-01-23 04:00:00,PUMP101.MOTOR_CURRENT,44.926,A,GOOD
2025-01-23 05:00:00,PUMP101.MOTOR_CURRENT,45.29,A,GOOD
2025-01-23 06:00:00,PUMP101.MOTOR_CURRENT,44.311,A,GOOD
2025-01-23 07:00:00,PUMP101.MOTOR_CURRENT,44.764,A,GOOD
2025-01-23 08:00:00,PUMP101.MOTOR_CURRENT,44.664,A,GOOD
2025-01-23 09:00:00,PUMP101.MOTOR_CURRENT,45.735,A,GOOD
2025-01-23 10:00:00,PUMP101.MOTOR_CURRENT,44.707,A,GOOD
2025-01-23 11:00:00,PUMP101.MOTOR_CURRENT,45.379,A,GOOD
2025-01-23 12:00:00,PUMP101.MOTOR_CURRENT,44.675,A,GOOD
2025-01-23 13:00:00,PUMP101.MOTOR_CURRENT,44.774,A,GOOD
2025-01-23 14:00:00,PUMP101.MOTOR_CURRENT,44.877,A,GOOD
2025-01-23 15:00:00,PUMP101.MOTOR_CURRENT,45.642,A,GOOD
2025-01-23 16:00:00,PUMP101.MOTOR_CURRENT,44.055,A,GOOD
2025-01-23 17:00:00,PUMP101.MOTOR_CURRENT,44.342,A,GOOD
2025-01-23 18:00:00,PUMP101.MOTOR_CURRENT,44.026,A,GOOD
2025-01-23 19:00:00,PUMP101.MOTOR_CURRENT,44.456,A,GOOD
2025-01-23 20:00:00,PUMP101.MOTOR_CURRENT,44.594,A,BAD
2025-01-23 21:00:00,PUMP101.MOTOR_CURRENT,44.193,A,GOOD
2025-01-23 22:00:00,PUMP101.MOTOR_CURRENT,44.633,A,GOOD
2025-01-23 23:00:00,PUMP101.MOTOR_CURRENT,43.993,A,GOOD
2025-01-24 00:00:00,PUMP101.MOTOR_CURRENT,44.491,A,GOOD
2025-01-24 01:00:00,PUMP101.MOTOR_CURRENT,45.6,A,GOOD
2025-01-24 02:00:00,PUMP101.MOTOR_CURRENT,45.202,A,GOOD
2025-01-24 03:00:00,PUMP101.MOTOR_CURRENT,45.094,A,GOOD
2025-01-24 04:00:00,PUMP101.MOTOR_CURRENT,44.499,A,GOOD
2025-01-24 05:00:00,PUMP101.MOTOR_CURRENT,44.232,A,GOOD
2025-01-24 06:00:00,PUMP101.MOTOR_CURRENT,44.43,A,GOOD
2025-01-24 07:00:00,PUMP101.MOTOR_CURRENT,44.978,A,GOOD
2025-01-24 08:00:00,PUMP101.MOTOR_CURRENT,45.434,A,GOOD
2025-01-24 09:00:00,PUMP101.MOTOR_CURRENT,45.451,A,GOOD
2025-01-24 10:00:00,PUMP101.MOTOR_CURRENT,45.315,A,GOOD
2025-01-24 11:00:00,PUMP101.MOTOR_CURRENT,44.631,A,GOOD
2025-01-24 12:00:00,PUMP101.MOTOR_CURRENT,45.012,A,GOOD
2025-01-24 13:00:00,PUMP101.MOTOR_CURRENT,44.839,A,GOOD
2025-01-24 14:00:00,PUMP101.MOTOR_CURRENT,44.899,A,GOOD
2025-01-24 15:00:00,PUMP101.MOTOR_CURRENT,46.019,A,GOOD
2025-01-24 16:00:00,PUMP101.MOTOR_CURRENT,44.119,A,GOOD
2025-01-24 17:00:00,PUMP101.MOTOR_CURRENT,44.883,A,GOOD
2025-01-24 18:00:00,PUMP101.MOTOR_CURRENT,45.606,A,GOOD
2025-01-24 19:00:00,PUMP101.MOTOR_CURRENT,44.267,A,GOOD
2025-01-24 20:00:00,PUMP101.MOTOR_CURRENT,44.678,A,GOOD
2025-01-24 21:00:00,PUMP101.MOTOR_CURRENT,44.735,A,GOOD
2025-01-24 22:00:00,PUMP101.MOTOR_CURRENT,44.888,A,GOOD
2025-01-24 23:00:00,PUMP101.MOTOR_CURRENT,44.202,A,GOOD
2025-01-25 00:00:00,PUMP101.MOTOR_CURRENT,45.298,A,GOOD
2025-01-25 01:00:00,PUMP101.MOTOR_CURRENT,45.333,A,GOOD
2025-01-25 02:00:00,PUMP101.MOTOR_CURRENT,45.254,A,GOOD
2025-01-25 03:00:00,PUMP101.MOTOR_CURRENT,44.565,A,BAD
2025-01-25 04:00:00,PUMP101.MOTOR_CURRENT,45.043,A,GOOD
2025-01-25 05:00:00,PUMP101.MOTOR_CURRENT,44.55,A,GOOD
2025-01-25 06:00:00,PUMP101.MOTOR_CURRENT,44.834,A,GOOD
2025-01-25 07:00:00,PUMP101.MOTOR_CURRENT,46.077,A,GOOD
2025-01-25 08:00:00,PUMP101.MOTOR_CURRENT,45.048,A,GOOD
2025-01-25 09:00:00,PUMP101.MOTOR_CURRENT,44.406,A,GOOD
2025-01-25 10:00:00,PUMP101.MOTOR_CURRENT,45.09,A,GOOD
2025-01-25 11:00:00,PUMP101.MOTOR_CURRENT,44.324,A,GOOD
2025-01-25 12:00:00,PUMP101.MOTOR_CURRENT,44.4,A,GOOD
2025-01-25 13:00:00,PUMP101.MOTOR_CURRENT,44.479,A,GOOD
2025-01-25 14:00:00,PUMP101.MOTOR_CURRENT,44.778,A,GOOD
2025-01-25 15:00:00,PUMP101.MOTOR_CURRENT,45.468,A,GOOD
2025-01-25 16:00:00,PUMP101.MOTOR_CURRENT,45.289,A,GOOD
2025-01-25 17:00:00,PUMP101.MOTOR_CURRENT,45.261,A,GOOD
2025-01-25 18:00:00,PUMP101.MOTOR_CURRENT,44.451,A,GOOD
2025-01-25 19:00:00,PUMP101.MOTOR_CURRENT,44.729,A,GOOD
2025-01-25 20:00:00,PUMP101.MOTOR_CURRENT,45.136,A,GOOD
2025-01-25 21:00:00,PUMP101.MOTOR_CURRENT,44.686,A,GOOD
2025-01-25 22:00:00,PUMP101.MOTOR_CURRENT,44.861,A,GOOD
2025-01-25 23:00:00,PUMP101.MOTOR_CURRENT,45.221,A,GOOD
2025-01-26 00:00:00,PUMP101.MOTOR_CURRENT,44.826,A,GOOD
2025-01-26 01:00:00,PUMP101.MOTOR_CURRENT,45.113,A,GOOD
2025-01-26 02:00:00,PUMP101.MOTOR_CURRENT,45.796,A,GOOD
2025-01-26 03:00:00,PUMP101.MOTOR_CURRENT,44.914,A,GOOD
2025-01-26 04:00:00,PUMP101.MOTOR_CURRENT,45.59,A,GOOD
2025-01-26 05:00:00,PUMP101.MOTOR_CURRENT,45.28,A,GOOD
2025-01-26 06:00:00,PUMP101.MOTOR_CURRENT,44.266,A,GOOD
2025-01-26 07:00:00,PUMP101.MOTOR_CURRENT,44.449,A,GOOD
2025-01-26 08:00:00,PUMP101.MOTOR_CURRENT,44.583,A,GOOD
2025-01-26 09:00:00,PUMP101.MOTOR_CURRENT,44.573,A,GOOD
2025-01-26 10:00:00,PUMP101.MOTOR_CURRENT,44.955,A,GOOD
2025-01-26 11:00:00,PUMP101.MOTOR_CURRENT,45.307,A,GOOD
2025-01-26 12:00:00,PUMP101.MOTOR_CURRENT,45.628,A,GOOD
2025-01-26 13:00:00,PUMP101.MOTOR_CURRENT,45.154,A,GOOD
2025-01-26 14:00:00,PUMP101.MOTOR_CURRENT,44.777,A,GOOD
2025-01-26 15:00:00,PUMP101.MOTOR_CURRENT,43.959,A,GOOD
2025-01-26 16:00:00,PUMP101.MOTOR_CURRENT,45.035,A,GOOD
2025-01-26 17:00:00,PUMP101.MOTOR_CURRENT,45.013,A,GOOD
2025-01-26 18:00:00,PUMP101.MOTOR_CURRENT,45.091,A,GOOD
2025-01-26 19:00:00,PUMP101.MOTOR_CURRENT,46.053,A,GOOD
2025-01-26 20:00:00,PUMP101.MOTOR_CURRENT,45.62,A,GOOD
2025-01-26 21:00:00,PUMP101.MOTOR_CURRENT,45.393,A,GOOD
2025-01-26 22:00:00,PUMP101.MOTOR_CURRENT,44.519,A,GOOD
2025-01-26 23:00:00,PUMP101.MOTOR_CURRENT,44.744,A,GOOD
2025-01-27 00:00:00,PUMP101.MOTOR_CURRENT,44.953,A,GOOD
2025-01-27 01:00:00,PUMP101.MOTOR_CURRENT,44.612,A,GOOD
2025-01-27 02:00:00,PUMP101.MOTOR_CURRENT,45.25,A,BAD
2025-01-27 03:00:00,PUMP101.MOTOR_CURRENT,45.178,A,GOOD
2025-01-27 04:00:00,PUMP101.MOTOR_CURRENT,44.456,A,GOOD
2025-01-27 05:00:00,PUMP101.MOTOR_CURRENT,45.598,A,GOOD
2025-01-27 06:00:00,PUMP101.MOTOR_CURRENT,45.051,A,GOOD
2025-01-27 07:00:00,PUMP101.MOTOR_CURRENT,44.135,A,GOOD
2025-01-27 08:00:00,PUMP101.MOTOR_CURRENT,44.974,A,GOOD
2025-01-27 09:00:00,PUMP101.MOTOR_CURRENT,45.141,A,GOOD
2025-01-27 10:00:00,PUMP101.MOTOR_CURRENT,45.486,A,BAD
2025-01-27 11:00:00,PUMP101.MOTOR_CURRENT,44.831,A,GOOD
2025-01-27 12:00:00,PUMP101.MOTOR_CURRENT,45.414,A,GOOD
2025-01-27 13:00:00,PUMP101.MOTOR_CURRENT,45.094,A,GOOD
2025-01-27 14:00:00,PUMP101.MOTOR_CURRENT,44.342,A,GOOD
2025-01-27 15:00:00,PUMP101.MOTOR_CURRENT,44.292,A,GOOD
2025-01-27 16:00:00,PUMP101.MOTOR_CURRENT,45.561,A,GOOD
2025-01-27 17:00:00,PUMP101.MOTOR_CURRENT,45.598,A,GOOD
2025-01-27 18:00:00,PUMP101.MOTOR_CURRENT,45.161,A,GOOD
2025-01-27 19:00:00,PUMP101.MOTOR_CURRENT,45.748,A,GOOD
2025-01-27 20:00:00,PUMP101.MOTOR_CURRENT,45.528,A,GOOD
2025-01-27 21:00:00,PUMP101.MOTOR_CURRENT,45.342,A,GOOD
2025-01-27 22:00:00,PUMP101.MOTOR_CURRENT,44.544,A,GOOD
2025-01-27 23:00:00,PUMP101.MOTOR_CURRENT,45.866,A,GOOD
2025-01-28 00:00:00,PUMP101.MOTOR_CURRENT,45.268,A,GOOD
2025-01-28 01:00:00,PUMP101.MOTOR_CURRENT,44.807,A,GOOD
2025-01-28 02:00:00,PUMP101.MOTOR_CURRENT,44.666,A,GOOD
2025-01-28 03:00:00,PUMP101.MOTOR_CURRENT,45.128,A,GOOD
2025-01-28 04:00:00,PUMP101.MOTOR_CURRENT,44.164,A,GOOD
2025-01-28 05:00:00,PUMP101.MOTOR_CURRENT,45.35,A,GOOD
2025-01-28 06:00:00,PUMP101.MOTOR_CURRENT,44.523,A,GOOD
2025-01-28 07:00:00,PUMP101.MOTOR_CURRENT,45.185,A,GOOD
2025-01-28 08:00:00,PUMP101.MOTOR_CURRENT,44.739,A,GOOD
2025-01-28 09:00:00,PUMP101.MOTOR_CURRENT,44.868,A,GOOD
2025-01-28 10:00:00,PUMP101.MOTOR_CURRENT,44.622,A,GOOD
2025-01-28 11:00:00,PUMP101.MOTOR_CURRENT,44.919,A,GOOD
2025-01-28 12:00:00,PUMP101.MOTOR_CURRENT,45.945,A,GOOD
2025-01-28 13:00:00,PUMP101.MOTOR_CURRENT,45.693,A,GOOD
2025-01-28 14:00:00,PUMP101.MOTOR_CURRENT,45.177,A,GOOD
2025-01-28 15:00:00,PUMP101.MOTOR_CURRENT,44.987,A,GOOD
2025-01-28 16:00:00,PUMP101.MOTOR_CURRENT,45.422,A,GOOD
2025-01-28 17:00:00,PUMP101.MOTOR_CURRENT,45.565,A,BAD
2025-01-28 18:00:00,PUMP101.MOTOR_CURRENT,44.585,A,GOOD
2025-01-28 19:00:00,PUMP101.MOTOR_CURRENT,44.961,A,GOOD
2025-01-28 20:00:00,PUMP101.MOTOR_CURRENT,44.089,A,GOOD
2025-01-28 21:00:00,PUMP101.MOTOR_CURRENT,45.562,A,GOOD
2025-01-28 22:00:00,PUMP101.MOTOR_CURRENT,46.033,A,GOOD
2025-01-28 23:00:00,PUMP101.MOTOR_CURRENT,45.04,A,GOOD
2025-01-29 00:00:00,PUMP101.MOTOR_CURRENT,43.937,A,GOOD
2025-01-29 01:00:00,PUMP101.MOTOR_CURRENT,45.304,A,GOOD
2025-01-29 02:00:00,PUMP101.MOTOR_CURRENT,44.548,A,GOOD
2025-01-29 03:00:00,PUMP101.MOTOR_CURRENT,44.668,A,GOOD
2025-01-29 04:00:00,PUMP101.MOTOR_CURRENT,45.313,A,GOOD
2025-01-29 05:00:00,PUMP101.MOTOR_CURRENT,45.127,A,GOOD
2025-01-29 06:00:00,PUMP101.MOTOR_CURRENT,44.756,A,GOOD
2025-01-29 07:00:00,PUMP101.MOTOR_CURRENT,44.675,A,GOOD
2025-01-29 08:00:00,PUMP101.MOTOR_CURRENT,45.063,A,GOOD
2025-01-29 09:00:00,PUMP101.MOTOR_CURRENT,44.795,A,GOOD
2025-01-29 10:00:00,PUMP101.MOTOR_CURRENT,44.445,A,GOOD
2025-01-29 11:00:00,PUMP101.MOTOR_CURRENT,44.834,A,GOOD
2025-01-29 12:00:00,PUMP101.MOTOR_CURRENT,45.17,A,GOOD
2025-01-29 13:00:00,PUMP101.MOTOR_CURRENT,44.911,A,GOOD
2025-01-29 14:00:00,PUMP101.MOTOR_CURRENT,44.293,A,GOOD
2025-01-29 15:00:00,PUMP101.MOTOR_CURRENT,45.495,A,GOOD
2025-01-29 16:00:00,PUMP101.MOTOR_CURRENT,43.631,A,GOOD
2025-01-29 17:00:00,PUMP101.MOTOR_CURRENT,44.777,A,GOOD
2025-01-29 18:00:00,PUMP101.MOTOR_CURRENT,44.69,A,GOOD
2025-01-29 19:00:00,PUMP101.MOTOR_CURRENT,45.074,A,GOOD
2025-01-29 20:00:00,PUMP101.MOTOR_CURRENT,45.281,A,GOOD
2025-01-29 21:00:00,PUMP101.MOTOR_CURRENT,45.563,A,GOOD
2025-01-29 22:00:00,PUMP101.MOTOR_CURRENT,44.644,A,GOOD
2025-01-29 23:00:00,PUMP101.MOTOR_CURRENT,45.293,A,GOOD
2025-01-30 00:00:00,PUMP101.MOTOR_CURRENT,45.098,A,GOOD
2025-01-30 01:00:00,PUMP101.MOTOR_CURRENT,44.144,A,GOOD
2025-01-30 02:00:00,PUMP101.MOTOR_CURRENT,45.95,A,GOOD
2025-01-30 03:00:00,PUMP101.MOTOR_CURRENT,44.281,A,GOOD
2025-01-30 04:00:00,PUMP101.MOTOR_CURRENT,45.21,A,GOOD
2025-01-30 05:00:00,PUMP101.MOTOR_CURRENT,45.195,A,GOOD
2025-01-30 06:00:00,PUMP101.MOTOR_CURRENT,45.138,A,GOOD
2025-01-30 07:00:00,PUMP101.MOTOR_CURRENT,44.753,A,GOOD
2025-01-30 08:00:00,PUMP101.MOTOR_CURRENT,45.414,A,GOOD
2025-01-30 09:00:00,PUMP101.MOTOR_CURRENT,44.22,A,GOOD
2025-01-30 10:00:00,PUMP101.MOTOR_CURRENT,44.967,A,GOOD
2025-01-30 11:00:00,PUMP101.MOTOR_CURRENT,44.718,A,GOOD
2025-01-30 12:00:00,PUMP101.MOTOR_CURRENT,44.661,A,GOOD
2025-01-30 13:00:00,PUMP101.MOTOR_CURRENT,45.214,A,GOOD
2025-01-30 14:00:00,PUMP101.MOTOR_CURRENT,45.539,A,GOOD
2025-01-30 15:00:00,PUMP101.MOTOR_CURRENT,44.828,A,GOOD
2025-01-30 16:00:00,PUMP101.MOTOR_CURRENT,45.39,A,GOOD
2025-01-30 17:00:00,PUMP101.MOTOR_CURRENT,45.025,A,GOOD
2025-01-30 18:00:00,PUMP101.MOTOR_CURRENT,44.554,A,GOOD
2025-01-30 19:00:00,PUMP101.MOTOR_CURRENT,44.871,A,GOOD
2025-01-30 20:00:00,PUMP101.MOTOR_CURRENT,44.85,A,GOOD
2025-01-30 21:00:00,PUMP101.MOTOR_CURRENT,44.652,A,GOOD
2025-01-30 22:00:00,PUMP101.MOTOR_CURRENT,45.214,A,GOOD
2025-01-30 23:00:00,PUMP101.MOTOR_CURRENT,45.117,A,GOOD
2025-01-31 00:00:00,PUMP101.MOTOR_CURRENT,44.205,A,GOOD
2025-01-31 01:00:00,PUMP101.MOTOR_CURRENT,44.174,A,GOOD
2025-01-31 02:00:00,PUMP101.MOTOR_CURRENT,45.212,A,GOOD
2025-01-31 03:00:00,PUMP101.MOTOR_CURRENT,44.592,A,GOOD
2025-01-31 04:00:00,PUMP101.MOTOR_CURRENT,45.151,A,GOOD
2025-01-31 05:00:00,PUMP101.MOTOR_CURRENT,45.39,A,GOOD
2025-01-31 06:00:00,PUMP101.MOTOR_CURRENT,44.365,A,GOOD
2025-01-31 07:00:00,PUMP101.MOTOR_CURRENT,44.294,A,GOOD
2025-01-31 08:00:00,PUMP101.MOTOR_CURRENT,45.837,A,GOOD
2025-01-31 09:00:00,PUMP101.MOTOR_CURRENT,45.176,A,GOOD
2025-01-31 10:00:00,PUMP101.MOTOR_CURRENT,44.79,A,GOOD
2025-01-31 11:00:00,PUMP101.MOTOR_CURRENT,44.533,A,GOOD
2025-01-31 12:00:00,PUMP101.MOTOR_CURRENT,44.745,A,GOOD
2025-01-31 13:00:00,PUMP101.MOTOR_CURRENT,44.405,A,GOOD
2025-01-31 14:00:00,PUMP101.MOTOR_CURRENT,45.442,A,GOOD
2025-01-31 15:00:00,PUMP101.MOTOR_CURRENT,44.612,A,GOOD
2025-01-31 16:00:00,PUMP101.MOTOR_CURRENT,45.547,A,GOOD
2025-01-31 17:00:00,PUMP101.MOTOR_CURRENT,44.8,A,GOOD
2025-01-31 18:00:00,PUMP101.MOTOR_CURRENT,44.478,A,GOOD
2025-01-31 19:00:00,PUMP101.MOTOR_CURRENT,44.787,A,GOOD
2025-01-31 20:00:00,PUMP101.MOTOR_CURRENT,43.688,A,GOOD
2025-01-31 21:00:00,PUMP101.MOTOR_CURRENT,44.94,A,GOOD
2025-01-31 22:00:00,PUMP101.MOTOR_CURRENT,44.915,A,GOOD
2025-01-31 23:00:00,PUMP101.MOTOR_CURRENT,45.412,A,GOOD
2025-02-01 00:00:00,PUMP101.MOTOR_CURRENT,44.057,A,GOOD
2025-02-01 01:00:00,PUMP101.MOTOR_CURRENT,45.581,A,GOOD
2025-02-01 02:00:00,PUMP101.MOTOR_CURRENT,45.41,A,GOOD
2025-02-01 03:00:00,PUMP101.MOTOR_CURRENT,45.626,A,GOOD
2025-02-01 04:00:00,PUMP101.MOTOR_CURRENT,44.974,A,GOOD
2025-02-01 05:00:00,PUMP101.MOTOR_CURRENT,45.507,A,GOOD
2025-02-01 06:00:00,PUMP101.MOTOR_CURRENT,44.264,A,GOOD
2025-02-01 07:00:00,PUMP101.MOTOR_CURRENT,45.357,A,GOOD
2025-02-01 08:00:00,PUMP101.MOTOR_CURRENT,44.614,A,GOOD
2025-02-01 09:00:00,PUMP101.MOTOR_CURRENT,44.174,A,GOOD
2025-02-01 10:00:00,PUMP101.MOTOR_CURRENT,44.438,A,GOOD
2025-02-01 11:00:00,PUMP101.MOTOR_CURRENT,45.003,A,GOOD
2025-02-01 12:00:00,PUMP101.MOTOR_CURRENT,44.588,A,GOOD
2025-02-01 13:00:00,PUMP101.MOTOR_CURRENT,45.188,A,GOOD
2025-02-01 14:00:00,PUMP101.MOTOR_CURRENT,44.096,A,GOOD
2025-02-01 15:00:00,PUMP101.MOTOR_CURRENT,43.936,A,GOOD
2025-02-01 16:00:00,PUMP101.MOTOR_CURRENT,45.686,A,GOOD
2025-02-01 17:00:00,PUMP101.MOTOR_CURRENT,45.452,A,GOOD
2025-02-01 18:00:00,PUMP101.MOTOR_CURRENT,44.475,A,GOOD
2025-02-01 19:00:00,PUMP101.MOTOR_CURRENT,44.999,A,GOOD
2025-02-01 20:00:00,PUMP101.MOTOR_CURRENT,45.51,A,GOOD
2025-02-01 21:00:00,PUMP101.MOTOR_CURRENT,45.21,A,GOOD
2025-02-01 22:00:00,PUMP101.MOTOR_CURRENT,45.074,A,GOOD
2025-02-01 23:00:00,PUMP101.MOTOR_CURRENT,45.548,A,GOOD
2025-02-02 00:00:00,PUMP101.MOTOR_CURRENT,44.635,A,GOOD
2025-02-02 01:00:00,PUMP101.MOTOR_CURRENT,45.016,A,GOOD
2025-02-02 02:00:00,PUMP101.MOTOR_CURRENT,44.991,A,GOOD
2025-02-02 03:00:00,PUMP101.MOTOR_CURRENT,44.864,A,GOOD
2025-02-02 04:00:00,PUMP101.MOTOR_CURRENT,44.805,A,GOOD
2025-02-02 05:00:00,PUMP101.MOTOR_CURRENT,45.036,A,GOOD
2025-02-02 06:00:00,PUMP101.MOTOR_CURRENT,45.017,A,GOOD
2025-02-02 07:00:00,PUMP101.MOTOR_CURRENT,44.476,A,GOOD
2025-02-02 08:00:00,PUMP101.MOTOR_CURRENT,45.401,A,GOOD
2025-02-02 09:00:00,PUMP101.MOTOR_CURRENT,44.512,A,GOOD
2025-02-02 10:00:00,PUMP101.MOTOR_CURRENT,44.891,A,GOOD
2025-02-02 11:00:00,PUMP101.MOTOR_CURRENT,44.852,A,GOOD
2025-02-02 12:00:00,PUMP101.MOTOR_CURRENT,45.179,A,GOOD
2025-02-02 13:00:00,PUMP101.MOTOR_CURRENT,43.94,A,GOOD
2025-02-02 14:00:00,PUMP101.MOTOR_CURRENT,45.445,A,GOOD
2025-02-02 15:00:00,PUMP101.MOTOR_CURRENT,44.662,A,GOOD
2025-02-02 16:00:00,PUMP101.MOTOR_CURRENT,45.61,A,GOOD
2025-02-02 17:00:00,PUMP101.MOTOR_CURRENT,44.761,A,GOOD
2025-02-02 18:00:00,PUMP101.MOTOR_CURRENT,44.976,A,GOOD
2025-02-02 19:00:00,PUMP101.MOTOR_CURRENT,45.957,A,GOOD
2025-02-02 20:00:00,PUMP101.MOTOR_CURRENT,44.861,A,GOOD
2025-02-02 21:00:00,PUMP101.MOTOR_CURRENT,45.619,A,GOOD
2025-02-02 22:00:00,PUMP101.MOTOR_CURRENT,45.02,A,GOOD
2025-02-02 23:00:00,PUMP101.MOTOR_CURRENT,45.208,A,GOOD
2025-02-03 00:00:00,PUMP101.MOTOR_CURRENT,45.035,A,GOOD
2025-02-03 01:00:00,PUMP101.MOTOR_CURRENT,45.424,A,GOOD
2025-02-03 02:00:00,PUMP101.MOTOR_CURRENT,44.657,A,GOOD
2025-02-03 03:00:00,PUMP101.MOTOR_CURRENT,44.508,A,GOOD
2025-02-03 04:00:00,PUMP101.MOTOR_CURRENT,44.681,A,GOOD
2025-02-03 05:00:00,PUMP101.MOTOR_CURRENT,45.05,A,GOOD
2025-02-03 06:00:00,PUMP101.MOTOR_CURRENT,44.89,A,GOOD
2025-02-03 07:00:00,PUMP101.MOTOR_CURRENT,45.355,A,GOOD
2025-02-03 08:00:00,PUMP101.MOTOR_CURRENT,45.652,A,GOOD
2025-02-03 09:00:00,PUMP101.MOTOR_CURRENT,44.512,A,GOOD
2025-02-03 10:00:00,PUMP101.MOTOR_CURRENT,44.633,A,GOOD
2025-02-03 11:00:00,PUMP101.MOTOR_CURRENT,44.282,A,GOOD
2025-02-03 12:00:00,PUMP101.MOTOR_CURRENT,46.015,A,GOOD
2025-02-03 13:00:00,PUMP101.MOTOR_CURRENT,45.152,A,GOOD
2025-02-03 14:00:00,PUMP101.MOTOR_CURRENT,45.24,A,GOOD
2025-02-03 15:00:00,PUMP101.MOTOR_CURRENT,44.33,A,GOOD
2025-02-03 16:00:00,PUMP101.MOTOR_CURRENT,44.999,A,GOOD
2025-02-03 17:00:00,PUMP101.MOTOR_CURRENT,45.255,A,GOOD
2025-02-03 18:00:00,PUMP101.MOTOR_CURRENT,44.874,A,GOOD
2025-02-03 19:00:00,PUMP101.MOTOR_CURRENT,45.538,A,GOOD
2025-02-03 20:00:00,PUMP101.MOTOR_CURRENT,46.156,A,GOOD
2025-02-03 21:00:00,PUMP101.MOTOR_CURRENT,44.526,A,GOOD
2025-02-03 22:00:00,PUMP101.MOTOR_CURRENT,44.489,A,GOOD
2025-02-03 23:00:00,PUMP101.MOTOR_CURRENT,44.561,A,GOOD
2025-02-04 00:00:00,PUMP101.MOTOR_CURRENT,45.803,A,GOOD
2025-02-04 01:00:00,PUMP101.MOTOR_CURRENT,45.521,A,GOOD
2025-02-04 02:00:00,PUMP101.MOTOR_CURRENT,44.932,A,GOOD
2025-02-04 03:00:00,PUMP101.MOTOR_CURRENT,45.018,A,GOOD
2025-02-04 04:00:00,PUMP101.MOTOR_CURRENT,44.592,A,GOOD
2025-02-04 05:00:00,PUMP101.MOTOR_CURRENT,45.445,A,GOOD
2025-02-04 06:00:00,PUMP101.MOTOR_CURRENT,44.81,A,GOOD
2025-02-04 07:00:00,PUMP101.MOTOR_CURRENT,44.87,A,GOOD
2025-02-04 08:00:00,PUMP101.MOTOR_CURRENT,45.304,A,GOOD
2025-02-04 09:00:00,PUMP101.MOTOR_CURRENT,44.906,A,GOOD
2025-02-04 10:00:00,PUMP101.MOTOR_CURRENT,44.883,A,GOOD
2025-02-04 11:00:00,PUMP101.MOTOR_CURRENT,45.005,A,GOOD
2025-02-04 12:00:00,PUMP101.MOTOR_CURRENT,45.398,A,GOOD
2025-02-04 13:00:00,PUMP101.MOTOR_CURRENT,45.823,A,GOOD
2025-02-04 14:00:00,PUMP101.MOTOR_CURRENT,45.293,A,GOOD
2025-02-04 15:00:00,PUMP101.MOTOR_CURRENT,45.402,A,GOOD
2025-02-04 16:00:00,PUMP101.MOTOR_CURRENT,44.9,A,GOOD
2025-02-04 17:00:00,PUMP101.MOTOR_CURRENT,44.646,A,GOOD
2025-02-04 18:00:00,PUMP101.MOTOR_CURRENT,45.327,A,GOOD
2025-02-04 19:00:00,PUMP101.MOTOR_CURRENT,45.086,A,GOOD
2025-02-04 20:00:00,PUMP101.MOTOR_CURRENT,44.289,A,GOOD
2025-02-04 21:00:00,PUMP101.MOTOR_CURRENT,44.836,A,GOOD
2025-02-04 22:00:00,PUMP101.MOTOR_CURRENT,44.959,A,GOOD
2025-02-04 23:00:00,PUMP101.MOTOR_CURRENT,44.745,A,GOOD
2025-02-05 00:00:00,PUMP101.MOTOR_CURRENT,45.741,A,GOOD
2025-02-05 01:00:00,PUMP101.MOTOR_CURRENT,45.24,A,GOOD
2025-02-05 02:00:00,PUMP101.MOTOR_CURRENT,45.687,A,GOOD
2025-02-05 03:00:00,PUMP101.MOTOR_CURRENT,45.132,A,GOOD
2025-02-05 04:00:00,PUMP101.MOTOR_CURRENT,45.041,A,GOOD
2025-02-05 05:00:00,PUMP101.MOTOR_CURRENT,44.532,A,GOOD
2025-02-05 06:00:00,PUMP101.MOTOR_CURRENT,45.006,A,GOOD
2025-02-05 07:00:00,PUMP101.MOTOR_CURRENT,45.007,A,GOOD
2025-02-05 08:00:00,PUMP101.MOTOR_CURRENT,44.316,A,GOOD
2025-02-05 09:00:00,PUMP101.MOTOR_CURRENT,44.73,A,GOOD
2025-02-05 10:00:00,PUMP101.MOTOR_CURRENT,44.838,A,GOOD
2025-02-05 11:00:00,PUMP101.MOTOR_CURRENT,45.207,A,GOOD
2025-02-05 12:00:00,PUMP101.MOTOR_CURRENT,45.231,A,GOOD
2025-02-05 13:00:00,PUMP101.MOTOR_CURRENT,44.709,A,GOOD
2025-02-05 14:00:00,PUMP101.MOTOR_CURRENT,45.234,A,GOOD
2025-02-05 15:00:00,PUMP101.MOTOR_CURRENT,44.909,A,GOOD
2025-02-05 16:00:00,PUMP101.MOTOR_CURRENT,43.565,A,GOOD
2025-02-05 17:00:00,PUMP101.MOTOR_CURRENT,44.758,A,GOOD
2025-02-05 18:00:00,PUMP101.MOTOR_CURRENT,45.539,A,GOOD
2025-02-05 19:00:00,PUMP101.MOTOR_CURRENT,44.159,A,GOOD
2025-02-05 20:00:00,PUMP101.MOTOR_CURRENT,45.056,A,GOOD
2025-02-05 21:00:00,PUMP101.MOTOR_CURRENT,45.793,A,GOOD
2025-02-05 22:00:00,PUMP101.MOTOR_CURRENT,44.62,A,GOOD
2025-02-05 23:00:00,PUMP101.MOTOR_CURRENT,45.001,A,GOOD
2025-02-06 00:00:00,PUMP101.MOTOR_CURRENT,44.348,A,GOOD
2025-02-06 01:00:00,PUMP101.MOTOR_CURRENT,45.814,A,GOOD
2025-02-06 02:00:00,PUMP101.MOTOR_CURRENT,44.958,A,GOOD
2025-02-06 03:00:00,PUMP101.MOTOR_CURRENT,45.023,A,GOOD
2025-02-06 04:00:00,PUMP101.MOTOR_CURRENT,45.677,A,GOOD
2025-02-06 05:00:00,PUMP101.MOTOR_CURRENT,45.331,A,GOOD
2025-02-06 06:00:00,PUMP101.MOTOR_CURRENT,44.562,A,GOOD
2025-02-06 07:00:00,PUMP101.MOTOR_CURRENT,44.676,A,GOOD
2025-02-06 08:00:00,PUMP101.MOTOR_CURRENT,45.247,A,GOOD
2025-02-06 09:00:00,PUMP101.MOTOR_CURRENT,44.688,A,GOOD
2025-02-06 10:00:00,PUMP101.MOTOR_CURRENT,43.941,A,GOOD
2025-02-06 11:00:00,PUMP101.MOTOR_CURRENT,44.973,A,GOOD
2025-02-06 12:00:00,PUMP101.MOTOR_CURRENT,44.26,A,GOOD
2025-02-06 13:00:00,PUMP101.MOTOR_CURRENT,45.808,A,GOOD
2025-02-06 14:00:00,PUMP101.MOTOR_CURRENT,45.088,A,GOOD
2025-02-06 15:00:00,PUMP101.MOTOR_CURRENT,44.547,A,GOOD
2025-02-06 16:00:00,PUMP101.MOTOR_CURRENT,44.651,A,GOOD
2025-02-06 17:00:00,PUMP101.MOTOR_CURRENT,44.055,A,GOOD
2025-02-06 18:00:00,PUMP101.MOTOR_CURRENT,44.45,A,GOOD
2025-02-06 19:00:00,PUMP101.MOTOR_CURRENT,45.508,A,GOOD
2025-02-06 20:00:00,PUMP101.MOTOR_CURRENT,46.116,A,GOOD
2025-02-06 21:00:00,PUMP101.MOTOR_CURRENT,45.363,A,GOOD
2025-02-06 22:00:00,PUMP101.MOTOR_CURRENT,44.954,A,GOOD
2025-02-06 23:00:00,PUMP101.MOTOR_CURRENT,44.784,A,GOOD
2025-02-07 00:00:00,PUMP101.MOTOR_CURRENT,44.522,A,GOOD
2025-02-07 01:00:00,PUMP101.MOTOR_CURRENT,46.03,A,GOOD
2025-02-07 02:00:00,PUMP101.MOTOR_CURRENT,44.906,A,GOOD
2025-02-07 03:00:00,PUMP101.MOTOR_CURRENT,46.058,A,GOOD
2025-02-07 04:00:00,PUMP101.MOTOR_CURRENT,45.697,A,GOOD
2025-02-07 05:00:00,PUMP101.MOTOR_CURRENT,44.13,A,GOOD
2025-02-07 06:00:00,PUMP101.MOTOR_CURRENT,44.667,A,GOOD
2025-02-07 07:00:00,PUMP101.MOTOR_CURRENT,44.665,A,GOOD
2025-02-07 08:00:00,PUMP101.MOTOR_CURRENT,44.96,A,GOOD
2025-02-07 09:00:00,PUMP101.MOTOR_CURRENT,44.97,A,GOOD
2025-02-07 10:00:00,PUMP101.MOTOR_CURRENT,46.498,A,GOOD
2025-02-07 11:00:00,PUMP101.MOTOR_CURRENT,44.461,A,GOOD
2025-02-07 12:00:00,PUMP101.MOTOR_CURRENT,45.114,A,GOOD
2025-02-07 13:00:00,PUMP101.MOTOR_CURRENT,45.308,A,GOOD
2025-02-07 14:00:00,PUMP101.MOTOR_CURRENT,44.999,A,GOOD
2025-02-07 15:00:00,PUMP101.MOTOR_CURRENT,45.055,A,GOOD
2025-02-07 16:00:00,PUMP101.MOTOR_CURRENT,44.478,A,GOOD
2025-02-07 17:00:00,PUMP101.MOTOR_CURRENT,45.053,A,GOOD
2025-02-07 18:00:00,PUMP101.MOTOR_CURRENT,45.256,A,GOOD
2025-02-07 19:00:00,PUMP101.MOTOR_CURRENT,45.164,A,GOOD
2025-02-07 20:00:00,PUMP101.MOTOR_CURRENT,45.285,A,GOOD
2025-02-07 21:00:00,PUMP101.MOTOR_CURRENT,45.706,A,BAD
2025-02-07 22:00:00,PUMP101.MOTOR_CURRENT,45.468,A,GOOD
2025-02-07 23:00:00,PUMP101.MOTOR_CURRENT,45.036,A,GOOD
2025-02-08 00:00:00,PUMP101.MOTOR_CURRENT,44.414,A,GOOD
2025-02-08 01:00:00,PUMP101.MOTOR_CURRENT,44.7,A,GOOD
2025-02-08 02:00:00,PUMP101.MOTOR_CURRENT,44.89,A,GOOD
2025-02-08 03:00:00,PUMP101.MOTOR_CURRENT,45.126,A,GOOD
2025-02-08 04:00:00,PUMP101.MOTOR_CURRENT,44.761,A,GOOD
2025-02-08 05:00:00,PUMP101.MOTOR_CURRENT,44.532,A,BAD
2025-02-08 06:00:00,PUMP101.MOTOR_CURRENT,44.406,A,GOOD
2025-02-08 07:00:00,PUMP101.MOTOR_CURRENT,44.174,A,GOOD
2025-02-08 08:00:00,PUMP101.MOTOR_CURRENT,44.883,A,GOOD
2025-02-08 09:00:00,PUMP101.MOTOR_CURRENT,44.265,A,GOOD
2025-02-08 10:00:00,PUMP101.MOTOR_CURRENT,44.5,A,GOOD
2025-02-08 11:00:00,PUMP101.MOTOR_CURRENT,44.803,A,GOOD
2025-02-08 12:00:00,PUMP101.MOTOR_CURRENT,44.332,A,GOOD
2025-02-08 13:00:00,PUMP101.MOTOR_CURRENT,45.19,A,GOOD
2025-02-08 14:00:00,PUMP101.MOTOR_CURRENT,45.37,A,GOOD
2025-02-08 15:00:00,PUMP101.MOTOR_CURRENT,44.725,A,GOOD
2025-02-08 16:00:00,PUMP101.MOTOR_CURRENT,44.781,A,GOOD
2025-02-08 17:00:00,PUMP101.MOTOR_CURRENT,45.269,A,GOOD
2025-02-08 18:00:00,PUMP101.MOTOR_CURRENT,44.643,A,GOOD
2025-02-08 19:00:00,PUMP101.MOTOR_CURRENT,44.609,A,GOOD
2025-02-08 20:00:00,PUMP101.MOTOR_CURRENT,45.598,A,GOOD
2025-02-08 21:00:00,PUMP101.MOTOR_CURRENT,45.442,A,GOOD
2025-02-08 22:00:00,PUMP101.MOTOR_CURRENT,45.301,A,GOOD
2025-02-08 23:00:00,PUMP101.MOTOR_CURRENT,45.463,A,GOOD
2025-02-09 00:00:00,PUMP101.MOTOR_CURRENT,44.011,A,GOOD
2025-02-09 01:00:00,PUMP101.MOTOR_CURRENT,45.677,A,GOOD
2025-02-09 02:00:00,PUMP101.MOTOR_CURRENT,45.196,A,GOOD
2025-02-09 03:00:00,PUMP101.MOTOR_CURRENT,45.505,A,GOOD
2025-02-09 04:00:00,PUMP101.MOTOR_CURRENT,45.194,A,GOOD
2025-02-09 05:00:00,PUMP101.MOTOR_CURRENT,45.024,A,GOOD
2025-02-09 06:00:00,PUMP101.MOTOR_CURRENT,44.862,A,GOOD
2025-02-09 07:00:00,PUMP101.MOTOR_CURRENT,45.184,A,GOOD
2025-02-09 08:00:00,PUMP101.MOTOR_CURRENT,44.844,A,GOOD
2025-02-09 09:00:00,PUMP101.MOTOR_CURRENT,45.434,A,GOOD
2025-02-09 10:00:00,PUMP101.MOTOR_CURRENT,44.207,A,GOOD
2025-02-09 11:00:00,PUMP101.MOTOR_CURRENT,44.729,A,GOOD
2025-02-09 12:00:00,PUMP101.MOTOR_CURRENT,46.022,A,GOOD
2025-02-09 13:00:00,PUMP101.MOTOR_CURRENT,44.687,A,GOOD
2025-02-09 14:00:00,PUMP101.MOTOR_CURRENT,44.881,A,GOOD
2025-02-09 15:00:00,PUMP101.MOTOR_CURRENT,44.559,A,GOOD
2025-02-09 16:00:00,PUMP101.MOTOR_CURRENT,45.168,A,GOOD
2025-02-09 17:00:00,PUMP101.MOTOR_CURRENT,44.632,A,GOOD
2025-02-09 18:00:00,PUMP101.MOTOR_CURRENT,44.907,A,GOOD
2025-02-09 19:00:00,PUMP101.MOTOR_CURRENT,45.424,A,GOOD
2025-02-09 20:00:00,PUMP101.MOTOR_CURRENT,44.651,A,GOOD
2025-02-09 21:00:00,PUMP101.MOTOR_CURRENT,45.394,A,GOOD
2025-02-09 22:00:00,PUMP101.MOTOR_CURRENT,45.411,A,GOOD
2025-02-09 23:00:00,PUMP101.MOTOR_CURRENT,45.527,A,GOOD
2025-02-10 00:00:00,PUMP101.MOTOR_CURRENT,45.07,A,GOOD
2025-02-10 01:00:00,PUMP101.MOTOR_CURRENT,46.621,A,GOOD
2025-02-10 02:00:00,PUMP101.MOTOR_CURRENT,45.527,A,GOOD
2025-02-10 03:00:00,PUMP101.MOTOR_CURRENT,45.162,A,GOOD
2025-02-10 04:00:00,PUMP101.MOTOR_CURRENT,44.562,A,GOOD
2025-02-10 05:00:00,PUMP101.MOTOR_CURRENT,44.951,A,GOOD
2025-02-10 06:00:00,PUMP101.MOTOR_CURRENT,45.713,A,GOOD
2025-02-10 07:00:00,PUMP101.MOTOR_CURRENT,45.855,A,GOOD
2025-02-10 08:00:00,PUMP101.MOTOR_CURRENT,45.739,A,GOOD
2025-02-10 09:00:00,PUMP101.MOTOR_CURRENT,45.393,A,GOOD
2025-02-10 10:00:00,PUMP101.MOTOR_CURRENT,44.372,A,GOOD
2025-02-10 11:00:00,PUMP101.MOTOR_CURRENT,45.244,A,GOOD
2025-02-10 12:00:00,PUMP101.MOTOR_CURRENT,44.379,A,GOOD
2025-02-10 13:00:00,PUMP101.MOTOR_CURRENT,44.256,A,GOOD
2025-02-10 14:00:00,PUMP101.MOTOR_CURRENT,45.12,A,GOOD
2025-02-10 15:00:00,PUMP101.MOTOR_CURRENT,45.262,A,GOOD
2025-02-10 16:00:00,PUMP101.MOTOR_CURRENT,45.452,A,GOOD
2025-02-10 17:00:00,PUMP101.MOTOR_CURRENT,45.249,A,GOOD
2025-02-10 18:00:00,PUMP101.MOTOR_CURRENT,45.266,A,GOOD
2025-02-10 19:00:00,PUMP101.MOTOR_CURRENT,44.508,A,GOOD
2025-02-10 20:00:00,PUMP101.MOTOR_CURRENT,44.948,A,GOOD
2025-02-10 21:00:00,PUMP101.MOTOR_CURRENT,44.246,A,GOOD
2025-02-10 22:00:00,PUMP101.MOTOR_CURRENT,43.998,A,GOOD
2025-02-10 23:00:00,PUMP101.MOTOR_CURRENT,45.37,A,GOOD
2025-02-11 00:00:00,PUMP101.MOTOR_CURRENT,44.623,A,GOOD
2025-02-11 01:00:00,PUMP101.MOTOR_CURRENT,45.436,A,GOOD
2025-02-11 02:00:00,PUMP101.MOTOR_CURRENT,45.554,A,GOOD
2025-02-11 03:00:00,PUMP101.MOTOR_CURRENT,44.69,A,GOOD
2025-02-11 04:00:00,PUMP101.MOTOR_CURRENT,45.295,A,GOOD
2025-02-11 05:00:00,PUMP101.MOTOR_CURRENT,44.669,A,GOOD
2025-02-11 06:00:00,PUMP101.MOTOR_CURRENT,44.077,A,GOOD
2025-02-11 07:00:00,PUMP101.MOTOR_CURRENT,45.062,A,GOOD
2025-02-11 08:00:00,PUMP101.MOTOR_CURRENT,44.765,A,GOOD
2025-02-11 09:00:00,PUMP101.MOTOR_CURRENT,44.78,A,GOOD
2025-02-11 10:00:00,PUMP101.MOTOR_CURRENT,45.988,A,GOOD
2025-02-11 11:00:00,PUMP101.MOTOR_CURRENT,44.237,A,GOOD
2025-02-11 12:00:00,PUMP101.MOTOR_CURRENT,45.191,A,GOOD
2025-02-11 13:00:00,PUMP101.MOTOR_CURRENT,44.503,A,GOOD
2025-02-11 14:00:00,PUMP101.MOTOR_CURRENT,45.454,A,GOOD
2025-02-11 15:00:00,PUMP101.MOTOR_CURRENT,45.149,A,GOOD
2025-02-11 16:00:00,PUMP101.MOTOR_CURRENT,45.19,A,GOOD
2025-02-11 17:00:00,PUMP101.MOTOR_CURRENT,44.528,A,GOOD
2025-02-11 18:00:00,PUMP101.MOTOR_CURRENT,44.617,A,BAD
2025-02-11 19:00:00,PUMP101.MOTOR_CURRENT,45.464,A,GOOD
2025-02-11 20:00:00,PUMP101.MOTOR_CURRENT,45.885,A,GOOD
2025-02-11 21:00:00,PUMP101.MOTOR_CURRENT,45.24,A,GOOD
2025-02-11 22:00:00,PUMP101.MOTOR_CURRENT,44.551,A,GOOD
2025-02-11 23:00:00,PUMP101.MOTOR_CURRENT,45.169,A,GOOD
2025-02-12 00:00:00,PUMP101.MOTOR_CURRENT,46.214,A,GOOD
2025-02-12 01:00:00,PUMP101.MOTOR_CURRENT,45.051,A,GOOD
2025-02-12 02:00:00,PUMP101.MOTOR_CURRENT,45.731,A,GOOD
2025-02-12 03:00:00,PUMP101.MOTOR_CURRENT,44.63,A,GOOD
2025-02-12 04:00:00,PUMP101.MOTOR_CURRENT,44.979,A,GOOD
2025-02-12 05:00:00,PUMP101.MOTOR_CURRENT,45.31,A,GOOD
2025-02-12 06:00:00,PUMP101.MOTOR_CURRENT,45.199,A,GOOD
2025-02-12 07:00:00,PUMP101.MOTOR_CURRENT,44.617,A,GOOD
2025-02-12 08:00:00,PUMP101.MOTOR_CURRENT,44.595,A,GOOD
2025-02-12 09:00:00,PUMP101.MOTOR_CURRENT,45.494,A,GOOD
2025-02-12 10:00:00,PUMP101.MOTOR_CURRENT,45.596,A,GOOD
2025-02-12 11:00:00,PUMP101.MOTOR_CURRENT,45.756,A,GOOD
2025-02-12 12:00:00,PUMP101.MOTOR_CURRENT,45.902,A,GOOD
2025-02-12 13:00:00,PUMP101.MOTOR_CURRENT,45.067,A,GOOD
2025-02-12 14:00:00,PUMP101.MOTOR_CURRENT,44.844,A,GOOD
2025-02-12 15:00:00,PUMP101.MOTOR_CURRENT,45.675,A,GOOD
2025-02-12 16:00:00,PUMP101.MOTOR_CURRENT,45.357,A,GOOD
2025-02-12 17:00:00,PUMP101.MOTOR_CURRENT,44.509,A,GOOD
2025-02-12 18:00:00,PUMP101.MOTOR_CURRENT,44.483,A,GOOD
2025-02-12 19:00:00,PUMP101.MOTOR_CURRENT,45.246,A,GOOD
2025-02-12 20:00:00,PUMP101.MOTOR_CURRENT,44.911,A,GOOD
2025-02-12 21:00:00,PUMP101.MOTOR_CURRENT,44.987,A,GOOD
2025-02-12 22:00:00,PUMP101.MOTOR_CURRENT,45.536,A,GOOD
2025-02-12 23:00:00,PUMP101.MOTOR_CURRENT,45.38,A,GOOD
2025-02-13 00:00:00,PUMP101.MOTOR_CURRENT,45.665,A,GOOD
2025-02-13 01:00:00,PUMP101.MOTOR_CURRENT,44.034,A,GOOD
2025-02-13 02:00:00,PUMP101.MOTOR_CURRENT,45.127,A,GOOD
2025-02-13 03:00:00,PUMP101.MOTOR_CURRENT,45.347,A,GOOD
2025-02-13 04:00:00,PUMP101.MOTOR_CURRENT,44.237,A,GOOD
2025-02-13 05:00:00,PUMP101.MOTOR_CURRENT,44.673,A,GOOD
2025-02-13 06:00:00,PUMP101.MOTOR_CURRENT,44.58,A,GOOD
2025-02-13 07:00:00,PUMP101.MOTOR_CURRENT,45.011,A,GOOD
2025-02-13 08:00:00,PUMP101.MOTOR_CURRENT,45.814,A,GOOD
2025-02-13 09:00:00,PUMP101.MOTOR_CURRENT,46.011,A,GOOD
2025-02-13 10:00:00,PUMP101.MOTOR_CURRENT,44.593,A,GOOD
2025-02-13 11:00:00,PUMP101.MOTOR_CURRENT,45.263,A,GOOD
2025-02-13 12:00:00,PUMP101.MOTOR_CURRENT,45.279,A,GOOD
2025-02-13 13:00:00,PUMP101.MOTOR_CURRENT,45.194,A,GOOD
2025-02-13 14:00:00,PUMP101.MOTOR_CURRENT,45.199,A,GOOD
2025-02-13 15:00:00,PUMP101.MOTOR_CURRENT,45.152,A,GOOD
2025-02-13 16:00:00,PUMP101.MOTOR_CURRENT,45.844,A,GOOD
2025-02-13 17:00:00,PUMP101.MOTOR_CURRENT,45.551,A,GOOD
2025-02-13 18:00:00,PUMP101.MOTOR_CURRENT,44.47,A,GOOD
2025-02-13 19:00:00,PUMP101.MOTOR_CURRENT,45.398,A,GOOD
2025-02-13 20:00:00,PUMP101.MOTOR_CURRENT,45.446,A,GOOD
2025-02-13 21:00:00,PUMP101.MOTOR_CURRENT,45.157,A,GOOD
2025-02-13 22:00:00,PUMP101.MOTOR_CURRENT,45.566,A,GOOD
2025-02-13 23:00:00,PUMP101.MOTOR_CURRENT,45.094,A,GOOD
2025-02-14 00:00:00,PUMP101.MOTOR_CURRENT,45.1,A,GOOD
2025-02-14 01:00:00,PUMP101.MOTOR_CURRENT,45.061,A,GOOD
2025-02-14 02:00:00,PUMP101.MOTOR_CURRENT,43.991,A,GOOD
2025-02-14 03:00:00,PUMP101.MOTOR_CURRENT,44.96,A,GOOD
2025-02-14 04:00:00,PUMP101.MOTOR_CURRENT,44.666,A,GOOD
2025-02-14 05:00:00,PUMP101.MOTOR_CURRENT,44.407,A,GOOD
2025-02-14 06:00:00,PUMP101.MOTOR_CURRENT,45.717,A,GOOD
2025-02-14 07:00:00,PUMP101.MOTOR_CURRENT,45.252,A,GOOD
2025-02-14 08:00:00,PUMP101.MOTOR_CURRENT,44.985,A,GOOD
2025-02-14 09:00:00,PUMP101.MOTOR_CURRENT,44.718,A,GOOD
2025-02-14 10:00:00,PUMP101.MOTOR_CURRENT,45.148,A,GOOD
2025-02-14 11:00:00,PUMP101.MOTOR_CURRENT,45.496,A,GOOD
2025-02-14 12:00:00,PUMP101.MOTOR_CURRENT,44.587,A,GOOD
2025-02-14 13:00:00,PUMP101.MOTOR_CURRENT,44.998,A,GOOD
2025-02-14 14:00:00,PUMP101.MOTOR_CURRENT,45.434,A,GOOD
2025-02-14 15:00:00,PUMP101.MOTOR_CURRENT,44.032,A,GOOD
2025-02-14 16:00:00,PUMP101.MOTOR_CURRENT,44.971,A,GOOD
2025-02-14 17:00:00,PUMP101.MOTOR_CURRENT,44.785,A,GOOD
2025-02-14 18:00:00,PUMP101.MOTOR_CURRENT,44.933,A,GOOD
2025-02-14 19:00:00,PUMP101.MOTOR_CURRENT,44.749,A,GOOD
2025-02-14 20:00:00,PUMP101.MOTOR_CURRENT,45.069,A,GOOD
2025-02-14 21:00:00,PUMP101.MOTOR_CURRENT,45.962,A,GOOD
2025-02-14 22:00:00,PUMP101.MOTOR_CURRENT,44.838,A,GOOD
2025-02-14 23:00:00,PUMP101.MOTOR_CURRENT,45.146,A,GOOD
2025-02-15 00:00:00,PUMP101.MOTOR_CURRENT,45.997,A,GOOD
