Timestamp,Tag,Value,Unit,Quality
2025-01-01 00:00:00,PUMP101.BEARING_TEMP,65.152,°C,GOOD
2025-01-01 01:00:00,PUMP101.BEARING_TEMP,64.48,°C,GOOD
2025-01-01 02:00:00,PUMP101.BEARING_TEMP,65.375,°C,GOOD
2025-01-01 03:00:00,PUMP101.BEARING_TEMP,65.47,°C,GOOD
2025-01-01 04:00:00,PUMP101.BEARING_TEMP,64.024,°C,GOOD
2025-01-01 05:00:00,PUMP101.BEARING_TEMP,64.349,°C,GOOD
2025-01-01 06:00:00,PUMP101.BEARING_TEMP,65.064,°C,GOOD
2025-01-01 07:00:00,PUMP101.BEARING_TEMP,64.842,°C,GOOD
2025-01-01 08:00:00,PUMP101.BEARING_TEMP,64.992,°C,GOOD
2025-01-01 09:00:00,PUMP101.BEARING_TEMP,64.573,°C,GOOD
2025-01-01 10:00:00,PUMP101.BEARING_TEMP,65.44,°C,GOOD
2025-01-01 11:00:00,PUMP101.BEARING_TEMP,65.389,°C,GOOD
2025-01-01 12:00:00,PUMP101.BEARING_TEMP,65.033,°C,GOOD
2025-01-01 13:00:00,PUMP101.BEARING_TEMP,65.564,°C,GOOD
2025-01-01 14:00:00,PUMP101.BEARING_TEMP,65.234,°C,GOOD
2025-01-01 15:00:00,PUMP101.BEARING_TEMP,64.57,°C,GOOD
2025-01-01 16:00:00,PUMP101.BEARING_TEMP,65.184,°C,GOOD
2025-01-01 17:00:00,PUMP101.BEARING_TEMP,64.521,°C,GOOD
2025-01-01 18:00:00,PUMP101.BEARING_TEMP,65.439,°C,GOOD
2025-01-01 19:00:00,PUMP101.BEARING_TEMP,64.975,°C,GOOD
2025-01-01 20:00:00,PUMP101.BEARING_TEMP,64.908,°C,GOOD
2025-01-01 21:00:00,PUMP101.BEARING_TEMP,64.66,°C,GOOD
2025-01-01 22:00:00,PUMP101.BEARING_TEMP,65.611,°C,GOOD
2025-01-01 23:00:00,PUMP101.BEARING_TEMP,64.923,°C,GOOD
2025-01-02 00:00:00,PUMP101.BEARING_TEMP,64.786,°C,GOOD
2025-01-02 01:00:00,PUMP101.BEARING_TEMP,64.824,°C,GOOD
2025-01-02 02:00:00,PUMP101.BEARING_TEMP,65.266,°C,GOOD
2025-01-02 03:00:00,PUMP101.BEARING_TEMP,65.183,°C,GOOD
2025-01-02 04:00:00,PUMP101.BEARING_TEMP,65.206,°C,GOOD
2025-01-02 05:00:00,PUMP101.BEARING_TEMP,65.215,°C,GOOD
2025-01-02 06:00:00,PUMP101.BEARING_TEMP,66.071,°C,GOOD
2025-01-02 07:00:00,PUMP101.BEARING_TEMP,64.797,°C,GOOD
2025-01-02 08:00:00,PUMP101.BEARING_TEMP,64.744,°C,GOOD
2025-01-02 09:00:00,PUMP101.BEARING_TEMP,64.593,°C,GOOD
2025-01-02 10:00:00,PUMP101.BEARING_TEMP,65.308,°C,GOOD
2025-01-02 11:00:00,PUMP101.BEARING_TEMP,65.564,°C,GOOD
2025-01-02 12:00:00,PUMP101.BEARING_TEMP,64.943,°C,GOOD
2025-01-02 13:00:00,PUMP101.BEARING_TEMP,64.58,°C,GOOD
2025-01-02 14:00:00,PUMP101.BEARING_TEMP,64.588,°C,GOOD
2025-01-02 15:00:00,PUMP101.BEARING_TEMP,65.325,°C,GOOD
2025-01-02 16:00:00,PUMP101.BEARING_TEMP,65.372,°C,GOOD
2025-01-02 17:00:00,PUMP101.BEARING_TEMP,65.272,°C,GOOD
2025-01-02 18:00:00,PUMP101.BEARING_TEMP,64.667,°C,GOOD
2025-01-02 19:00:00,PUMP101.BEARING_TEMP,65.116,°C,GOOD
2025-01-02 20:00:00,PUMP101.BEARING_TEMP,65.058,°C,GOOD
2025-01-02 21:00:00,PUMP101.BEARING_TEMP,65.109,°C,GOOD
2025-01-02 22:00:00,PUMP101.BEARING_TEMP,65.436,°C,GOOD
2025-01-02 23:00:00,PUMP101.BEARING_TEMP,65.112,°C,GOOD
2025-01-03 00:00:00,PUMP101.BEARING_TEMP,65.339,°C,GOOD
2025-01-03 01:00:00,PUMP101.BEARING_TEMP,65.034,°C,GOOD
2025-01-03 02:00:00,PUMP101.BEARING_TEMP,65.145,°C,GOOD
2025-01-03 03:00:00,PUMP101.BEARING_TEMP,65.316,°C,GOOD
2025-01-03 04:00:00,PUMP101.BEARING_TEMP,64.271,°C,GOOD
2025-01-03 05:00:00,PUMP101.BEARING_TEMP,64.84,°C,GOOD
2025-01-03 06:00:00,PUMP101.BEARING_TEMP,64.765,°C,GOOD
2025-01-03 07:00:00,PUMP101.BEARING_TEMP,64.681,°C,GOOD
2025-01-03 08:00:00,PUMP101.BEARING_TEMP,64.862,°C,GOOD
2025-01-03 09:00:00,PUMP101.BEARING_TEMP,65.747,°C,GOOD
2025-01-03 10:00:00,PUMP101.BEARING_TEMP,64.567,°C,GOOD
2025-01-03 11:00:00,PUMP101.BEARING_TEMP,65.484,°C,GOOD
2025-01-03 12:00:00,PUMP101.BEARING_TEMP,64.159,°C,GOOD
2025-01-03 13:00:00,PUMP101.BEARING_TEMP,64.833,°C,GOOD
2025-01-03 14:00:00,PUMP101.BEARING_TEMP,65.081,°C,GOOD
2025-01-03 15:00:00,PUMP101.BEARING_TEMP,65.293,°C,GOOD
2025-01-03 16:00:00,PUMP101.BEARING_TEMP,65.356,°C,GOOD
2025-01-03 17:00:00,PUMP101.BEARING_TEMP,65.397,°C,GOOD
2025-01-03 18:00:00,PUMP101.BEARING_TEMP,64.826,°C,GOOD
2025-01-03 19:00:00,PUMP101.BEARING_TEMP,64.769,°C,GOOD
2025-01-03 20:00:00,PUMP101.BEARING_TEMP,65.429,°C,GOOD
2025-01-03 21:00:00,PUMP101.BEARING_TEMP,64.904,°C,GOOD
2025-01-03 22:00:00,PUMP101.BEARING_TEMP,64.362,°C,GOOD
2025-01-03 23:00:00,PUMP101.BEARING_TEMP,64.433,°C,GOOD
2025-01-04 00:00:00,PUMP101.BEARING_TEMP,64.54,°C,GOOD
2025-01-04 01:00:00,PUMP101.BEARING_TEMP,65.249,°C,GOOD
2025-01-04 02:00:00,PUMP101.BEARING_TEMP,65.071,°C,GOOD
2025-01-04 03:00:00,PUMP101.BEARING_TEMP,65.345,°C,GOOD
2025-01-04 04:00:00,PUMP101.BEARING_TEMP,64.786,°C,GOOD
2025-01-04 05:00:00,PUMP101.BEARING_TEMP,65.079,°C,GOOD
2025-01-04 06:00:00,PUMP101.BEARING_TEMP,65.313,°C,GOOD
2025-01-04 07:00:00,PUMP101.BEARING_TEMP,64.845,°C,GOOD
2025-01-04 08:00:00,PUMP101.BEARING_TEMP,65.228,°C,GOOD
2025-01-04 09:00:00,PUMP101.BEARING_TEMP,64.669,°C,GOOD
2025-01-04 10:00:00,PUMP101.BEARING_TEMP,64.818,°C,GOOD
2025-01-04 11:00:00,PUMP101.BEARING_TEMP,64.809,°C,GOOD
2025-01-04 12:00:00,PUMP101.BEARING_TEMP,64.402,°C,GOOD
2025-01-04 13:00:00,PUMP101.BEARING_TEMP,65.243,°C,GOOD
2025-01-04 14:00:00,PUMP101.BEARING_TEMP,64.765,°C,GOOD
2025-01-04 15:00:00,PUMP101.BEARING_TEMP,65.006,°C,GOOD
2025-01-04 16:00:00,PUMP101.BEARING_TEMP,65.24,°C,GOOD
2025-01-04 17:00:00,PUMP101.BEARING_TEMP,65.223,°C,GOOD
2025-01-04 18:00:00,PUMP101.BEARING_TEMP,65.333,°C,GOOD
2025-01-04 19:00:00,PUMP101.BEARING_TEMP,64.951,°C,GOOD
2025-01-04 20:00:00,PUMP101.BEARING_TEMP,64.788,°C,GOOD
2025-01-04 21:00:00,PUMP101.BEARING_TEMP,64.96,°C,GOOD
2025-01-04 22:00:00,PUMP101.BEARING_TEMP,64.156,°C,GOOD
2025-01-04 23:00:00,PUMP101.BEARING_TEMP,64.276,°C,GOOD
2025-01-05 00:00:00,PUMP101.BEARING_TEMP,64.339,°C,GOOD
2025-01-05 01:00:00,PUMP101.BEARING_TEMP,64.501,°C,GOOD
2025-01-05 02:00:00,PUMP101.BEARING_TEMP,65.2,°C,GOOD
2025-01-05 03:00:00,PUMP101.BEARING_TEMP,64.547,°C,GOOD
2025-01-05 04:00:00,PUMP101.BEARING_TEMP,64.811,°C,GOOD
2025-01-05 05:00:00,PUMP101.BEARING_TEMP,65.65,°C,GOOD
2025-01-05 06:00:00,PUMP101.BEARING_TEMP,64.822,°C,GOOD
2025-01-05 07:00:00,PUMP101.BEARING_TEMP,65.369,°C,GOOD
2025-01-05 08:00:00,PUMP101.BEARING_TEMP,64.533,°C,GOOD
2025-01-05 09:00:00,PUMP101.BEARING_TEMP,64.897,°C,GOOD
2025-01-05 10:00:00,PUMP101.BEARING_TEMP,64.525,°C,GOOD
2025-01-05 11:00:00,PUMP101.BEARING_TEMP,64.83,°C,GOOD
2025-01-05 12:00:00,PUMP101.BEARING_TEMP,65.42,°C,GOOD
2025-01-05 13:00:00,PUMP101.BEARING_TEMP,64.136,°C,GOOD
2025-01-05 14:00:00,PUMP101.BEARING_TEMP,65.217,°C,GOOD
2025-01-05 15:00:00,PUMP101.BEARING_TEMP,65.119,°C,GOOD
2025-01-05 16:00:00,PUMP101.BEARING_TEMP,64.703,°C,GOOD
2025-01-05 17:00:00,PUMP101.BEARING_TEMP,64.277,°C,BAD
2025-01-05 18:00:00,PUMP101.BEARING_TEMP,65.036,°C,GOOD
2025-01-05 19:00:00,PUMP101.BEARING_TEMP,64.735,°C,GOOD
2025-01-05 20:00:00,PUMP101.BEARING_TEMP,65.116,°C,GOOD
2025-01-05 21:00:00,PUMP101.BEARING_TEMP,65.011,°C,GOOD
2025-01-05 22:00:00,PUMP101.BEARING_TEMP,65.801,°C,GOOD
2025-01-05 23:00:00,PUMP101.BEARING_TEMP,64.88,°C,GOOD
2025-01-06 00:00:00,PUMP101.BEARING_TEMP,64.488,°C,GOOD
2025-01-06 01:00:00,PUMP101.BEARING_TEMP,65.09,°C,GOOD
2025-01-06 02:00:00,PUMP101.BEARING_TEMP,65.11,°C,GOOD
2025-01-06 03:00:00,PUMP101.BEARING_TEMP,65.68,°C,GOOD
2025-01-06 04:00:00,PUMP101.BEARING_TEMP,65.418,°C,GOOD
2025-01-06 05:00:00,PUMP101.BEARING_TEMP,65.178,°C,GOOD
2025-01-06 06:00:00,PUMP101.BEARING_TEMP,65.732,°C,GOOD
2025-01-06 07:00:00,PUMP101.BEARING_TEMP,64.406,°C,GOOD
2025-01-06 08:00:00,PUMP101.BEARING_TEMP,64.68,°C,GOOD
2025-01-06 09:00:00,PUMP101.BEARING_TEMP,64.537,°C,GOOD
2025-01-06 10:00:00,PUMP101.BEARING_TEMP,64.805,°C,GOOD
2025-01-06 11:00:00,PUMP101.BEARING_TEMP,64.312,°C,GOOD
2025-01-06 12:00:00,PUMP101.BEARING_TEMP,65.318,°C,GOOD
2025-01-06 13:00:00,PUMP101.BEARING_TEMP,64.889,°C,GOOD
2025-01-06 14:00:00,PUMP101.BEARING_TEMP,64.265,°C,GOOD
2025-01-06 15:00:00,PUMP101.BEARING_TEMP,64.492,°C,GOOD
2025-01-06 16:00:00,PUMP101.BEARING_TEMP,65.157,°C,GOOD
2025-01-06 17:00:00,PUMP101.BEARING_TEMP,65.419,°C,GOOD
2025-01-06 18:00:00,PUMP101.BEARING_TEMP,65.998,°C,GOOD
2025-01-06 19:00:00,PUMP101.BEARING_TEMP,66.457,°C,GOOD
2025-01-06 20:00:00,PUMP101.BEARING_TEMP,65.207,°C,GOOD
2025-01-06 21:00:00,PUMP101.BEARING_TEMP,64.505,°C,GOOD
2025-01-06 22:00:00,PUMP101.BEARING_TEMP,63.934,°C,GOOD
2025-01-06 23:00:00,PUMP101.BEARING_TEMP,65.134,°C,GOOD
2025-01-07 00:00:00,PUMP101.BEARING_TEMP,64.594,°C,GOOD
2025-01-07 01:00:00,PUMP101.BEARING_TEMP,64.792,°C,GOOD
2025-01-07 02:00:00,PUMP101.BEARING_TEMP,64.694,°C,GOOD
2025-01-07 03:00:00,PUMP101.BEARING_TEMP,64.93,°C,GOOD
2025-01-07 04:00:00,PUMP101.BEARING_TEMP,65.533,°C,GOOD
2025-01-07 05:00:00,PUMP101.BEARING_TEMP,65.079,°C,GOOD
2025-01-07 06:00:00,PUMP101.BEARING_TEMP,64.921,°C,GOOD
2025-01-07 07:00:00,PUMP101.BEARING_TEMP,64.482,°C,GOOD
2025-01-07 08:00:00,PUMP101.BEARING_TEMP,64.163,°C,GOOD
2025-01-07 09:00:00,PUMP101.BEARING_TEMP,64.757,°C,GOOD
2025-01-07 10:00:00,PUMP101.BEARING_TEMP,64.973,°C,GOOD
2025-01-07 11:00:00,PUMP101.BEARING_TEMP,65.884,°C,GOOD
2025-01-07 12:00:00,PUMP101.BEARING_TEMP,65.065,°C,GOOD
2025-01-07 13:00:00,PUMP101.BEARING_TEMP,65.491,°C,GOOD
2025-01-07 14:00:00,PUMP101.BEARING_TEMP,64.75,°C,GOOD
2025-01-07 15:00:00,PUMP101.BEARING_TEMP,64.408,°C,GOOD
2025-01-07 16:00:00,PUMP101.BEARING_TEMP,64.517,°C,GOOD
2025-01-07 17:00:00,PUMP101.BEARING_TEMP,64.637,°C,GOOD
2025-01-07 18:00:00,PUMP101.BEARING_TEMP,66.064,°C,GOOD
2025-01-07 19:00:00,PUMP101.BEARING_TEMP,64.589,°C,GOOD
2025-01-07 20:00:00,PUMP101.BEARING_TEMP,65.419,°C,GOOD
2025-01-07 21:00:00,PUMP101.BEARING_TEMP,64.549,°C,GOOD
2025-01-07 22:00:00,PUMP101.BEARING_TEMP,65.466,°C,GOOD
2025-01-07 23:00:00,PUMP101.BEARING_TEMP,65.192,°C,GOOD
2025-01-08 00:00:00,PUMP101.BEARING_TEMP,64.922,°C,GOOD
2025-01-08 01:00:00,PUMP101.BEARING_TEMP,64.98,°C,GOOD
2025-01-08 02:00:00,PUMP101.BEARING_TEMP,64.673,°C,GOOD
2025-01-08 03:00:00,PUMP101.BEARING_TEMP,65.223,°C,GOOD
2025-01-08 04:00:00,PUMP101.BEARING_TEMP,64.773,°C,GOOD
2025-01-08 05:00:00,PUMP101.BEARING_TEMP,64.387,°C,GOOD
2025-01-08 06:00:00,PUMP101.BEARING_TEMP,64.361,°C,GOOD
2025-01-08 07:00:00,PUMP101.BEARING_TEMP,65.086,°C,GOOD
2025-01-08 08:00:00,PUMP101.BEARING_TEMP,65.79,°C,GOOD
2025-01-08 09:00:00,PUMP101.BEARING_TEMP,65.08,°C,GOOD
2025-01-08 10:00:00,PUMP101.BEARING_TEMP,64.941,°C,GOOD
2025-01-08 11:00:00,PUMP101.BEARING_TEMP,65.143,°C,GOOD
2025-01-08 12:00:00,PUMP101.BEARING_TEMP,65.653,°C,GOOD
2025-01-08 13:00:00,PUMP101.BEARING_TEMP,65.11,°C,GOOD
2025-01-08 14:00:00,PUMP101.BEARING_TEMP,64.795,°C,GOOD
2025-01-08 15:00:00,PUMP101.BEARING_TEMP,65.553,°C,GOOD
2025-01-08 16:00:00,PUMP101.BEARING_TEMP,65.214,°C,GOOD
2025-01-08 17:00:00,PUMP101.BEARING_TEMP,65.768,°C,GOOD
2025-01-08 18:00:00,PUMP101.BEARING_TEMP,65.092,°C,GOOD
2025-01-08 19:00:00,PUMP101.BEARING_TEMP,64.388,°C,GOOD
2025-01-08 20:00:00,PUMP101.BEARING_TEMP,64.316,°C,GOOD
2025-01-08 21:00:00,PUMP101.BEARING_TEMP,65.825,°C,GOOD
2025-01-08 22:00:00,PUMP101.BEARING_TEMP,65.862,°C,GOOD
2025-01-08 23:00:00,PUMP101.BEARING_TEMP,64.91,°C,GOOD
2025-01-09 00:00:00,PUMP101.BEARING_TEMP,64.808,°C,GOOD
2025-01-09 01:00:00,PUMP101.BEARING_TEMP,65.731,°C,GOOD
2025-01-09 02:00:00,PUMP101.BEARING_TEMP,64.446,°C,GOOD
2025-01-09 03:00:00,PUMP101.BEARING_TEMP,64.553,°C,GOOD
2025-01-09 04:00:00,PUMP101.BEARING_TEMP,65.322,°C,GOOD
2025-01-09 05:00:00,PUMP101.BEARING_TEMP,64.803,°C,GOOD
2025-01-09 06:00:00,PUMP101.BEARING_TEMP,64.997,°C,BAD
2025-01-09 07:00:00,PUMP101.BEARING_TEMP,64.918,°C,GOOD
2025-01-09 08:00:00,PUMP101.BEARING_TEMP,65.169,°C,GOOD
2025-01-09 09:00:00,PUMP101.BEARING_TEMP,65.704,°C,GOOD
2025-01-09 10:00:00,PUMP101.BEARING_TEMP,65.045,°C,GOOD
2025-01-09 11:00:00,PUMP101.BEARING_TEMP,65.322,°C,GOOD
2025-01-09 12:00:00,PUMP101.BEARING_TEMP,63.975,°C,GOOD
2025-01-09 13:00:00,PUMP101.BEARING_TEMP,64.976,°C,GOOD
2025-01-09 14:00:00,PUMP101.BEARING_TEMP,64.578,°C,GOOD
2025-01-09 15:00:00,PUMP101.BEARING_TEMP,64.391,°C,GOOD
2025-01-09 16:00:00,PUMP101.BEARING_TEMP,64.561,°C,BAD
2025-01-09 17:00:00,PUMP101.BEARING_TEMP,64.833,°C,GOOD
2025-01-09 18:00:00,PUMP101.BEARING_TEMP,65.458,°C,GOOD
2025-01-09 19:00:00,PUMP101.BEARING_TEMP,64.337,°C,GOOD
2025-01-09 20:00:00,PUMP101.BEARING_TEMP,65.015,°C,GOOD
2025-01-09 21:00:00,PUMP101.BEARING_TEMP,64.758,°C,GOOD
2025-01-09 22:00:00,PUMP101.BEARING_TEMP,64.836,°C,GOOD
2025-01-09 23:00:00,PUMP101.BEARING_TEMP,65.501,°C,GOOD
2025-01-10 00:00:00,PUMP101.BEARING_TEMP,65.269,°C,GOOD
2025-01-10 01:00:00,PUMP101.BEARING_TEMP,65.669,°C,GOOD
2025-01-10 02:00:00,PUMP101.BEARING_TEMP,64.923,°C,GOOD
2025-01-10 03:00:00,PUMP101.BEARING_TEMP,64.652,°C,GOOD
2025-01-10 04:00:00,PUMP101.BEARING_TEMP,64.888,°C,GOOD
2025-01-10 05:00:00,PUMP101.BEARING_TEMP,65.121,°C,GOOD
2025-01-10 06:00:00,PUMP101.BEARING_TEMP,65.088,°C,GOOD
2025-01-10 07:00:00,PUMP101.BEARING_TEMP,64.458,°C,GOOD
2025-01-10 08:00:00,PUMP101.BEARING_TEMP,65.045,°C,GOOD
2025-01-10 09:00:00,PUMP101.BEARING_TEMP,65.114,°C,GOOD
2025-01-10 10:00:00,PUMP101.BEARING_TEMP,66.259,°C,GOOD
2025-01-10 11:00:00,PUMP101.BEARING_TEMP,65.938,°C,GOOD
2025-01-10 12:00:00,PUMP101.BEARING_TEMP,64.573,°C,GOOD
2025-01-10 13:00:00,PUMP101.BEARING_TEMP,64.856,°C,GOOD
2025-01-10 14:00:00,PUMP101.BEARING_TEMP,64.268,°C,GOOD
2025-01-10 15:00:00,PUMP101.BEARING_TEMP,64.705,°C,GOOD
2025-01-10 16:00:00,PUMP101.BEARING_TEMP,65.158,°C,GOOD
2025-01-10 17:00:00,PUMP101.BEARING_TEMP,65.603,°C,GOOD
2025-01-10 18:00:00,PUMP101.BEARING_TEMP,64.635,°C,GOOD
2025-01-10 19:00:00,PUMP101.BEARING_TEMP,64.673,°C,GOOD
2025-01-10 20:00:00,PUMP101.BEARING_TEMP,63.926,°C,GOOD
2025-01-10 21:00:00,PUMP101.BEARING_TEMP,64.919,°C,GOOD
2025-01-10 22:00:00,PUMP101.BEARING_TEMP,64.469,°C,GOOD
2025-01-10 23:00:00,PUMP101.BEARING_TEMP,64.735,°C,GOOD
2025-01-11 00:00:00,PUMP101.BEARING_TEMP,64.562,°C,GOOD
2025-01-11 01:00:00,PUMP101.BEARING_TEMP,64.953,°C,GOOD
2025-01-11 02:00:00,PUMP101.BEARING_TEMP,64.121,°C,GOOD
2025-01-11 03:00:00,PUMP101.BEARING_TEMP,64.266,°C,GOOD
2025-01-11 04:00:00,PUMP101.BEARING_TEMP,66.065,°C,GOOD
2025-01-11 05:00:00,PUMP101.BEARING_TEMP,64.356,°C,GOOD
2025-01-11 06:00:00,PUMP101.BEARING_TEMP,64.452,°C,GOOD
2025-01-11 07:00:00,PUMP101.BEARING_TEMP,65.918,°C,GOOD
2025-01-11 08:00:00,PUMP101.BEARING_TEMP,66.453,°C,GOOD
2025-01-11 09:00:00,PUMP101.BEARING_TEMP,64.414,°C,GOOD
2025-01-11 10:00:00,PUMP101.BEARING_TEMP,64.816,°C,GOOD
2025-01-11 11:00:00,PUMP101.BEARING_TEMP,65.171,°C,GOOD
2025-01-11 12:00:00,PUMP101.BEARING_TEMP,65.864,°C,GOOD
2025-01-11 13:00:00,PUMP101.BEARING_TEMP,64.507,°C,GOOD
2025-01-11 14:00:00,PUMP101.BEARING_TEMP,64.877,°C,GOOD
2025-01-11 15:00:00,PUMP101.BEARING_TEMP,65.389,°C,GOOD
2025-01-11 16:00:00,PUMP101.BEARING_TEMP,65.217,°C,GOOD
2025-01-11 17:00:00,PUMP101.BEARING_TEMP,64.812,°C,GOOD
2025-01-11 18:00:00,PUMP101.BEARING_TEMP,64.933,°C,GOOD
2025-01-11 19:00:00,PUMP101.BEARING_TEMP,64.313,°C,GOOD
2025-01-11 20:00:00,PUMP101.BEARING_TEMP,64.881,°C,GOOD
2025-01-11 21:00:00,PUMP101.BEARING_TEMP,64.867,°C,GOOD
2025-01-11 22:00:00,PUMP101.BEARING_TEMP,65.116,°C,GOOD
2025-01-11 23:00:00,PUMP101.BEARING_TEMP,64.722,°C,GOOD
2025-01-12 00:00:00,PUMP101.BEARING_TEMP,65.236,°C,GOOD
2025-01-12 01:00:00,PUMP101.BEARING_TEMP,65.506,°C,GOOD
2025-01-12 02:00:00,PUMP101.BEARING_TEMP,65.078,°C,GOOD
2025-01-12 03:00:00,PUMP101.BEARING_TEMP,65.176,°C,GOOD
2025-01-12 04:00:00,PUMP101.BEARING_TEMP,65.027,°C,GOOD
2025-01-12 05:00:00,PUMP101.BEARING_TEMP,65.0,°C,GOOD
2025-01-12 06:00:00,PUMP101.BEARING_TEMP,64.639,°C,GOOD
2025-01-12 07:00:00,PUMP101.BEARING_TEMP,65.158,°C,GOOD
2025-01-12 08:00:00,PUMP101.BEARING_TEMP,64.951,°C,GOOD
2025-01-12 09:00:00,PUMP101.BEARING_TEMP,66.047,°C,GOOD
2025-01-12 10:00:00,PUMP101.BEARING_TEMP,65.787,°C,GOOD
2025-01-12 11:00:00,PUMP101.BEARING_TEMP,65.193,°C,GOOD
2025-01-12 12:00:00,PUMP101.BEARING_TEMP,64.618,°C,GOOD
2025-01-12 13:00:00,PUMP101.BEARING_TEMP,64.444,°C,GOOD
2025-01-12 14:00:00,PUMP101.BEARING_TEMP,65.596,°C,GOOD
2025-01-12 15:00:00,PUMP101.BEARING_TEMP,65.131,°C,GOOD
2025-01-12 16:00:00,PUMP101.BEARING_TEMP,65.24,°C,GOOD
2025-01-12 17:00:00,PUMP101.BEARING_TEMP,64.128,°C,GOOD
2025-01-12 18:00:00,PUMP101.BEARING_TEMP,65.464,°C,GOOD
2025-01-12 19:00:00,PUMP101.BEARING_TEMP,65.227,°C,GOOD
2025-01-12 20:00:00,PUMP101.BEARING_TEMP,64.445,°C,GOOD
2025-01-12 21:00:00,PUMP101.BEARING_TEMP,64.764,°C,GOOD
2025-01-12 22:00:00,PUMP101.BEARING_TEMP,65.132,°C,GOOD
2025-01-12 23:00:00,PUMP101.BEARING_TEMP,65.026,°C,GOOD
2025-01-13 00:00:00,PUMP101.BEARING_TEMP,64.854,°C,GOOD
2025-01-13 01:00:00,PUMP101.BEARING_TEMP,64.948,°C,GOOD
2025-01-13 02:00:00,PUMP101.BEARING_TEMP,64.874,°C,GOOD
2025-01-13 03:00:00,PUMP101.BEARING_TEMP,65.076,°C,GOOD
2025-01-13 04:00:00,PUMP101.BEARING_TEMP,65.736,°C,GOOD
2025-01-13 05:00:00,PUMP101.BEARING_TEMP,63.717,°C,GOOD
2025-01-13 06:00:00,PUMP101.BEARING_TEMP,64.882,°C,GOOD
2025-01-13 07:00:00,PUMP101.BEARING_TEMP,65.088,°C,GOOD
2025-01-13 08:00:00,PUMP101.BEARING_TEMP,65.148,°C,GOOD
2025-01-13 09:00:00,PUMP101.BEARING_TEMP,64.814,°C,GOOD
2025-01-13 10:00:00,PUMP101.BEARING_TEMP,64.122,°C,GOOD
2025-01-13 11:00:00,PUMP101.BEARING_TEMP,65.164,°C,GOOD
2025-01-13 12:00:00,PUMP101.BEARING_TEMP,65.864,°C,GOOD
2025-01-13 13:00:00,PUMP101.BEARING_TEMP,64.233,°C,GOOD
2025-01-13 14:00:00,PUMP101.BEARING_TEMP,65.432,°C,GOOD
2025-01-13 15:00:00,PUMP101.BEARING_TEMP,64.836,°C,GOOD
2025-01-13 16:00:00,PUMP101.BEARING_TEMP,64.969,°C,GOOD
2025-01-13 17:00:00,PUMP101.BEARING_TEMP,64.474,°C,GOOD
2025-01-13 18:00:00,PUMP101.BEARING_TEMP,64.833,°C,GOOD
2025-01-13 19:00:00,PUMP101.BEARING_TEMP,65.65,°C,GOOD
2025-01-13 20:00:00,PUMP101.BEARING_TEMP,65.291,°C,GOOD
2025-01-13 21:00:00,PUMP101.BEARING_TEMP,65.866,°C,GOOD
2025-01-13 22:00:00,PUMP101.BEARING_TEMP,65.589,°C,GOOD
2025-01-13 23:00:00,PUMP101.BEARING_TEMP,65.22,°C,GOOD
2025-01-14 00:00:00,PUMP101.BEARING_TEMP,65.872,°C,GOOD
2025-01-14 01:00:00,PUMP101.BEARING_TEMP,65.219,°C,GOOD
2025-01-14 02:00:00,PUMP101.BEARING_TEMP,65.414,°C,GOOD
2025-01-14 03:00:00,PUMP101.BEARING_TEMP,64.852,°C,GOOD
2025-01-14 04:00:00,PUMP101.BEARING_TEMP,65.033,°C,GOOD
2025-01-14 05:00:00,PUMP101.BEARING_TEMP,64.651,°C,GOOD
2025-01-14 06:00:00,PUMP101.BEARING_TEMP,65.495,°C,GOOD
2025-01-14 07:00:00,PUMP101.BEARING_TEMP,64.411,°C,GOOD
2025-01-14 08:00:00,PUMP101.BEARING_TEMP,65.391,°C,GOOD
2025-01-14 09:00:00,PUMP101.BEARING_TEMP,64.905,°C,GOOD
2025-01-14 10:00:00,PUMP101.BEARING_TEMP,65.586,°C,GOOD
2025-01-14 11:00:00,PUMP101.BEARING_TEMP,65.375,°C,GOOD
2025-01-14 12:00:00,PUMP101.BEARING_TEMP,65.91,°C,GOOD
2025-01-14 13:00:00,PUMP101.BEARING_TEMP,65.365,°C,GOOD
2025-01-14 14:00:00,PUMP101.BEARING_TEMP,64.214,°C,GOOD
2025-01-14 15:00:00,PUMP101.BEARING_TEMP,64.967,°C,GOOD
2025-01-14 16:00:00,PUMP101.BEARING_TEMP,64.414,°C,GOOD
2025-01-14 17:00:00,PUMP101.BEARING_TEMP,64.741,°C,GOOD
2025-01-14 18:00:00,PUMP101.BEARING_TEMP,65.756,°C,GOOD
2025-01-14 19:00:00,PUMP101.BEARING_TEMP,65.319,°C,GOOD
2025-01-14 20:00:00,PUMP101.BEARING_TEMP,64.651,°C,GOOD
2025-01-14 21:00:00,PUMP101.BEARING_TEMP,64.493,°C,GOOD
2025-01-14 22:00:00,PUMP101.BEARING_TEMP,65.016,°C,GOOD
2025-01-14 23:00:00,PUMP101.BEARING_TEMP,64.392,°C,GOOD
2025-01-15 00:00:00,PUMP101.BEARING_TEMP,64.664,°C,GOOD
2025-01-15 01:00:00,PUMP101.BEARING_TEMP,65.156,°C,GOOD
2025-01-15 02:00:00,PUMP101.BEARING_TEMP,65.578,°C,GOOD
2025-01-15 03:00:00,PUMP101.BEARING_TEMP,65.304,°C,GOOD
2025-01-15 04:00:00,PUMP101.BEARING_TEMP,63.854,°C,GOOD
2025-01-15 05:00:00,PUMP101.BEARING_TEMP,65.152,°C,GOOD
2025-01-15 06:00:00,PUMP101.BEARING_TEMP,65.036,°C,GOOD
2025-01-15 07:00:00,PUMP101.BEARING_TEMP,65.207,°C,GOOD
2025-01-15 08:00:00,PUMP101.BEARING_TEMP,65.808,°C,GOOD
2025-01-15 09:00:00,PUMP101.BEARING_TEMP,63.968,°C,GOOD
2025-01-15 10:00:00,PUMP101.BEARING_TEMP,64.704,°C,GOOD
2025-01-15 11:00:00,PUMP101.BEARING_TEMP,65.295,°C,GOOD
2025-01-15 12:00:00,PUMP101.BEARING_TEMP,64.209,°C,BAD
2025-01-15 13:00:00,PUMP101.BEARING_TEMP,65.738,°C,GOOD
2025-01-15 14:00:00,PUMP101.BEARING_TEMP,65.184,°C,GOOD
2025-01-15 15:00:00,PUMP101.BEARING_TEMP,65.423,°C,GOOD
2025-01-15 16:00:00,PUMP101.BEARING_TEMP,64.715,°C,GOOD
2025-01-15 17:00:00,PUMP101.BEARING_TEMP,65.407,°C,BAD
2025-01-15 18:00:00,PUMP101.BEARING_TEMP,65.534,°C,GOOD
2025-01-15 19:00:00,PUMP101.BEARING_TEMP,65.116,°C,GOOD
2025-01-15 20:00:00,PUMP101.BEARING_TEMP,65.117,°C,GOOD
2025-01-15 21:00:00,PUMP101.BEARING_TEMP,65.135,°C,GOOD
2025-01-15 22:00:00,PUMP101.BEARING_TEMP,64.568,°C,GOOD
2025-01-15 23:00:00,PUMP101.BEARING_TEMP,64.926,°C,GOOD
2025-01-16 00:00:00,PUMP101.BEARING_TEMP,64.924,°C,GOOD
2025-01-16 01:00:00,PUMP101.BEARING_TEMP,65.192,°C,GOOD
2025-01-16 02:00:00,PUMP101.BEARING_TEMP,65.5,°C,GOOD
2025-01-16 03:00:00,PUMP101.BEARING_TEMP,64.471,°C,GOOD
2025-01-16 04:00:00,PUMP101.BEARING_TEMP,64.937,°C,GOOD
2025-01-16 05:00:00,PUMP101.BEARING_TEMP,65.741,°C,GOOD
2025-01-16 06:00:00,PUMP101.BEARING_TEMP,64.628,°C,GOOD
2025-01-16 07:00:00,PUMP101.BEARING_TEMP,64.589,°C,GOOD
2025-01-16 08:00:00,PUMP101.BEARING_TEMP,65.101,°C,GOOD
2025-01-16 09:00:00,PUMP101.BEARING_TEMP,65.422,°C,GOOD
2025-01-16 10:00:00,PUMP101.BEARING_TEMP,65.006,°C,GOOD
2025-01-16 11:00:00,PUMP101.BEARING_TEMP,65.664,°C,GOOD
2025-01-16 12:00:00,PUMP101.BEARING_TEMP,65.428,°C,GOOD
2025-01-16 13:00:00,PUMP101.BEARING_TEMP,65.421,°C,GOOD
2025-01-16 14:00:00,PUMP101.BEARING_TEMP,65.277,°C,GOOD
2025-01-16 15:00:00,PUMP101.BEARING_TEMP,66.164,°C,GOOD
2025-01-16 16:00:00,PUMP101.BEARING_TEMP,64.897,°C,GOOD
2025-01-16 17:00:00,PUMP101.BEARING_TEMP,63.998,°C,GOOD
2025-01-16 18:00:00,PUMP101.BEARING_TEMP,65.802,°C,GOOD
2025-01-16 19:00:00,PUMP101.BEARING_TEMP,64.771,°C,GOOD
2025-01-16 20:00:00,PUMP101.BEARING_TEMP,65.054,°C,GOOD
2025-01-16 21:00:00,PUMP101.BEARING_TEMP,65.655,°C,GOOD
2025-01-16 22:00:00,PUMP101.BEARING_TEMP,64.199,°C,GOOD
2025-01-16 23:00:00,PUMP101.BEARING_TEMP,64.374,°C,GOOD
2025-01-17 00:00:00,PUMP101.BEARING_TEMP,64.199,°C,GOOD
2025-01-17 01:00:00,PUMP101.BEARING_TEMP,64.603,°C,BAD
2025-01-17 02:00:00,PUMP101.BEARING_TEMP,65.22,°C,GOOD
2025-01-17 03:00:00,PUMP101.BEARING_TEMP,65.262,°C,GOOD
2025-01-17 04:00:00,PUMP101.BEARING_TEMP,65.138,°C,GOOD
2025-01-17 05:00:00,PUMP101.BEARING_TEMP,64.294,°C,GOOD
2025-01-17 06:00:00,PUMP101.BEARING_TEMP,63.845,°C,GOOD
2025-01-17 07:00:00,PUMP101.BEARING_TEMP,65.027,°C,GOOD
2025-01-17 08:00:00,PUMP101.BEARING_TEMP,64.764,°C,GOOD
2025-01-17 09:00:00,PUMP101.BEARING_TEMP,65.23,°C,GOOD
2025-01-17 10:00:00,PUMP101.BEARING_TEMP,65.351,°C,GOOD
2025-01-17 11:00:00,PUMP101.BEARING_TEMP,65.069,°C,GOOD
2025-01-17 12:00:00,PUMP101.BEARING_TEMP,65.38,°C,GOOD
2025-01-17 13:00:00,PUMP101.BEARING_TEMP,65.115,°C,GOOD
2025-01-17 14:00:00,PUMP101.BEARING_TEMP,65.265,°C,GOOD
2025-01-17 15:00:00,PUMP101.BEARING_TEMP,64.648,°C,BAD
2025-01-17 16:00:00,PUMP101.BEARING_TEMP,64.91,°C,GOOD
2025-01-17 17:00:00,PUMP101.BEARING_TEMP,65.098,°C,GOOD
2025-01-17 18:00:00,PUMP101.BEARING_TEMP,65.41,°C,GOOD
2025-01-17 19:00:00,PUMP101.BEARING_TEMP,64.803,°C,GOOD
2025-01-17 20:00:00,PUMP101.BEARING_TEMP,65.261,°C,GOOD
2025-01-17 21:00:00,PUMP101.BEARING_TEMP,64.867,°C,GOOD
2025-01-17 22:00:00,PUMP101.BEARING_TEMP,64.941,°C,GOOD
2025-01-17 23:00:00,PUMP101.BEARING_TEMP,65.415,°C,GOOD
2025-01-18 00:00:00,PUMP101.BEARING_TEMP,64.003,°C,GOOD
2025-01-18 01:00:00,PUMP101.BEARING_TEMP,64.352,°C,GOOD
2025-01-18 02:00:00,PUMP101.BEARING_TEMP,64.259,°C,GOOD
2025-01-18 03:00:00,PUMP101.BEARING_TEMP,63.833,°C,GOOD
2025-01-18 04:00:00,PUMP101.BEARING_TEMP,64.661,°C,GOOD
2025-01-18 05:00:00,PUMP101.BEARING_TEMP,65.375,°C,GOOD
2025-01-18 06:00:00,PUMP101.BEARING_TEMP,64.858,°C,GOOD
2025-01-18 07:00:00,PUMP101.BEARING_TEMP,65.099,°C,GOOD
2025-01-18 08:00:00,PUMP101.BEARING_TEMP,65.545,°C,GOOD
2025-01-18 09:00:00,PUMP101.BEARING_TEMP,65.664,°C,GOOD
2025-01-18 10:00:00,PUMP101.BEARING_TEMP,64.965,°C,GOOD
2025-01-18 11:00:00,PUMP101.BEARING_TEMP,65.677,°C,GOOD
2025-01-18 12:00:00,PUMP101.BEARING_TEMP,65.046,°C,GOOD
2025-01-18 13:00:00,PUMP101.BEARING_TEMP,64.581,°C,GOOD
2025-01-18 14:00:00,PUMP101.BEARING_TEMP,64.703,°C,GOOD
2025-01-18 15:00:00,PUMP101.BEARING_TEMP,64.26,°C,GOOD
2025-01-18 16:00:00,PUMP101.BEARING_TEMP,64.556,°C,GOOD
2025-01-18 17:00:00,PUMP101.BEARING_TEMP,64.821,°C,GOOD
2025-01-18 18:00:00,PUMP101.BEARING_TEMP,65.402,°C,GOOD
2025-01-18 19:00:00,PUMP101.BEARING_TEMP,65.86,°C,GOOD
2025-01-18 20:00:00,PUMP101.BEARING_TEMP,64.309,°C,GOOD
2025-01-18 21:00:00,PUMP101.BEARING_TEMP,65.196,°C,GOOD
2025-01-18 22:00:00,PUMP101.BEARING_TEMP,64.48,°C,GOOD
2025-01-18 23:00:00,PUMP101.BEARING_TEMP,65.237,°C,GOOD
2025-01-19 00:00:00,PUMP101.BEARING_TEMP,64.934,°C,GOOD
2025-01-19 01:00:00,PUMP101.BEARING_TEMP,64.085,°C,GOOD
2025-01-19 02:00:00,PUMP101.BEARING_TEMP,65.464,°C,GOOD
2025-01-19 03:00:00,PUMP101.BEARING_TEMP,64.697,°C,GOOD
2025-01-19 04:00:00,PUMP101.BEARING_TEMP,64.733,°C,GOOD
2025-01-19 05:00:00,PUMP101.BEARING_TEMP,64.465,°C,GOOD
2025-01-19 06:00:00,PUMP101.BEARING_TEMP,64.673,°C,GOOD
2025-01-19 07:00:00,PUMP101.BEARING_TEMP,65.214,°C,GOOD
2025-01-19 08:00:00,PUMP101.BEARING_TEMP,64.905,°C,GOOD
2025-01-19 09:00:00,PUMP101.BEARING_TEMP,65.164,°C,GOOD
2025-01-19 10:00:00,PUMP101.BEARING_TEMP,65.181,°C,GOOD
2025-01-19 11:00:00,PUMP101.BEARING_TEMP,65.66,°C,GOOD
2025-01-19 12:00:00,PUMP101.BEARING_TEMP,64.829,°C,GOOD
2025-01-19 13:00:00,PUMP101.BEARING_TEMP,64.262,°C,GOOD
2025-01-19 14:00:00,PUMP101.BEARING_TEMP,65.534,°C,GOOD
2025-01-19 15:00:00,PUMP101.BEARING_TEMP,64.834,°C,GOOD
2025-01-19 16:00:00,PUMP101.BEARING_TEMP,65.557,°C,GOOD
2025-01-19 17:00:00,PUMP101.BEARING_TEMP,65.192,°C,GOOD
2025-01-19 18:00:00,PUMP101.BEARING_TEMP,64.934,°C,GOOD
2025-01-19 19:00:00,PUMP101.BEARING_TEMP,65.174,°C,GOOD
2025-01-19 20:00:00,PUMP101.BEARING_TEMP,65.976,°C,GOOD
2025-01-19 21:00:00,PUMP101.BEARING_TEMP,66.038,°C,GOOD
2025-01-19 22:00:00,PUMP101.BEARING_TEMP,65.035,°C,GOOD
2025-01-19 23:00:00,PUMP101.BEARING_TEMP,65.08,°C,GOOD
2025-01-20 00:00:00,PUMP101.BEARING_TEMP,65.538,°C,GOOD
2025-01-20 01:00:00,PUMP101.BEARING_TEMP,64.577,°C,GOOD
2025-01-20 02:00:00,PUMP101.BEARING_TEMP,65.167,°C,GOOD
2025-01-20 03:00:00,PUMP101.BEARING_TEMP,64.987,°C,GOOD
2025-01-20 04:00:00,PUMP101.BEARING_TEMP,65.157,°C,GOOD
2025-01-20 05:00:00,PUMP101.BEARING_TEMP,64.583,°C,GOOD
2025-01-20 06:00:00,PUMP101.BEARING_TEMP,64.205,°C,GOOD
2025-01-20 07:00:00,PUMP101.BEARING_TEMP,63.964,°C,GOOD
2025-01-20 08:00:00,PUMP101.BEARING_TEMP,64.441,°C,GOOD
2025-01-20 09:00:00,PUMP101.BEARING_TEMP,64.771,°C,GOOD
2025-01-20 10:00:00,PUMP101.BEARING_TEMP,64.853,°C,GOOD
2025-01-20 11:00:00,PUMP101.BEARING_TEMP,65.969,°C,GOOD
2025-01-20 12:00:00,PUMP101.BEARING_TEMP,65.553,°C,GOOD
2025-01-20 13:00:00,PUMP101.BEARING_TEMP,64.519,°C,GOOD
2025-01-20 14:00:00,PUMP101.BEARING_TEMP,65.174,°C,GOOD
2025-01-20 15:00:00,PUMP101.BEARING_TEMP,64.796,°C,GOOD
2025-01-20 16:00:00,PUMP101.BEARING_TEMP,64.858,°C,GOOD
2025-01-20 17:00:00,PUMP101.BEARING_TEMP,65.093,°C,GOOD
2025-01-20 18:00:00,PUMP101.BEARING_TEMP,65.31,°C,GOOD
2025-01-20 19:00:00,PUMP101.BEARING_TEMP,64.83,°C,GOOD
2025-01-20 20:00:00,PUMP101.BEARING_TEMP,65.532,°C,GOOD
2025-01-20 21:00:00,PUMP101.BEARING_TEMP,64.429,°C,GOOD
2025-01-20 22:00:00,PUMP101.BEARING_TEMP,65.003,°C,GOOD
2025-01-20 23:00:00,PUMP101.BEARING_TEMP,66.299,°C,GOOD
2025-01-21 00:00:00,PUMP101.BEARING_TEMP,65.112,°C,GOOD
2025-01-21 01:00:00,PUMP101.BEARING_TEMP,65.717,°C,GOOD
2025-01-21 02:00:00,PUMP101.BEARING_TEMP,65.046,°C,GOOD
2025-01-21 03:00:00,PUMP101.BEARING_TEMP,65.29,°C,GOOD
2025-01-21 04:00:00,PUMP101.BEARING_TEMP,64.972,°C,GOOD
2025-01-21 05:00:00,PUMP101.BEARING_TEMP,64.915,°C,GOOD
2025-01-21 06:00:00,PUMP101.BEARING_TEMP,64.61,°C,GOOD
2025-01-21 07:00:00,PUMP101.BEARING_TEMP,65.215,°C,GOOD
2025-01-21 08:00:00,PUMP101.BEARING_TEMP,64.574,°C,GOOD
2025-01-21 09:00:00,PUMP101.BEARING_TEMP,65.333,°C,GOOD
2025-01-21 10:00:00,PUMP101.BEARING_TEMP,65.543,°C,GOOD
2025-01-21 11:00:00,PUMP101.BEARING_TEMP,65.183,°C,GOOD
2025-01-21 12:00:00,PUMP101.BEARING_TEMP,64.857,°C,GOOD
2025-01-21 13:00:00,PUMP101.BEARING_TEMP,65.227,°C,GOOD
2025-01-21 14:00:00,PUMP101.BEARING_TEMP,64.846,°C,GOOD
2025-01-21 15:00:00,PUMP101.BEARING_TEMP,65.468,°C,GOOD
2025-01-21 16:00:00,PUMP101.BEARING_TEMP,64.084,°C,GOOD
2025-01-21 17:00:00,PUMP101.BEARING_TEMP,64.832,°C,GOOD
2025-01-21 18:00:00,PUMP101.BEARING_TEMP,64.005,°C,GOOD
2025-01-21 19:00:00,PUMP101.BEARING_TEMP,64.252,°C,GOOD
2025-01-21 20:00:00,PUMP101.BEARING_TEMP,65.682,°C,GOOD
2025-01-21 21:00:00,PUMP101.BEARING_TEMP,65.448,°C,GOOD
2025-01-21 22:00:00,PUMP101.BEARING_TEMP,64.64,°C,GOOD
2025-01-21 23:00:00,PUMP101.BEARING_TEMP,64.249,°C,GOOD
2025-01-22 00:00:00,PUMP101.BEARING_TEMP,63.518,°C,GOOD
2025-01-22 01:00:00,PUMP101.BEARING_TEMP,64.728,°C,GOOD
2025-01-22 02:00:00,PUMP101.BEARING_TEMP,66.21,°C,GOOD
2025-01-22 03:00:00,PUMP101.BEARING_TEMP,65.217,°C,GOOD
2025-01-22 04:00:00,PUMP101.BEARING_TEMP,64.72,°C,GOOD
2025-01-22 05:00:00,PUMP101.BEARING_TEMP,65.233,°C,GOOD
2025-01-22 06:00:00,PUMP101.BEARING_TEMP,64.22,°C,GOOD
2025-01-22 07:00:00,PUMP101.BEARING_TEMP,64.851,°C,GOOD
2025-01-22 08:00:00,PUMP101.BEARING_TEMP,65.05,°C,GOOD
2025-01-22 09:00:00,PUMP101.BEARING_TEMP,64.957,°C,GOOD
2025-01-22 10:00:00,PUMP101.BEARING_TEMP,65.395,°C,GOOD
2025-01-22 11:00:00,PUMP101.BEARING_TEMP,65.172,°C,GOOD
2025-01-22 12:00:00,PUMP101.BEARING_TEMP,65.334,°C,GOOD
2025-01-22 13:00:00,PUMP101.BEARING_TEMP,64.656,°C,GOOD
2025-01-22 14:00:00,PUMP101.BEARING_TEMP,65.449,°C,GOOD
2025-01-22 15:00:00,PUMP101.BEARING_TEMP,65.814,°C,GOOD
2025-01-22 16:00:00,PUMP101.BEARING_TEMP,64.515,°C,GOOD
2025-01-22 17:00:00,PUMP101.BEARING_TEMP,64.556,°C,GOOD
2025-01-22 18:00:00,PUMP101.BEARING_TEMP,65.668,°C,GOOD
2025-01-22 19:00:00,PUMP101.BEARING_TEMP,64.904,°C,GOOD
2025-01-22 20:00:00,PUMP101.BEARING_TEMP,65.702,°C,GOOD
2025-01-22 21:00:00,PUMP101.BEARING_TEMP,64.779,°C,GOOD
2025-01-22 22:00:00,PUMP101.BEARING_TEMP,65.728,°C,GOOD
2025-01-22 23:00:00,PUMP101.BEARING_TEMP,65.066,°C,GOOD
2025-01-23 00:00:00,PUMP101.BEARING_TEMP,65.129,°C,GOOD
2025-01-23 01:00:00,PUMP101.BEARING_TEMP,65.782,°C,GOOD
2025-01-23 02:00:00,PUMP101.BEARING_TEMP,64.819,°C,GOOD
2025-01-23 03:00:00,PUMP101.BEARING_TEMP,64.529,°C,GOOD
2025-01-23 04:00:00,PUMP101.BEARING_TEMP,64.776,°C,GOOD
2025-01-23 05:00:00,PUMP101.BEARING_TEMP,65.226,°C,BAD
2025-01-23 06:00:00,PUMP101.BEARING_TEMP,64.217,°C,GOOD
2025-01-23 07:00:00,PUMP101.BEARING_TEMP,65.319,°C,GOOD
2025-01-23 08:00:00,PUMP101.BEARING_TEMP,64.731,°C,GOOD
2025-01-23 09:00:00,PUMP101.BEARING_TEMP,65.574,°C,GOOD
2025-01-23 10:00:00,PUMP101.BEARING_TEMP,63.803,°C,GOOD
2025-01-23 11:00:00,PUMP101.BEARING_TEMP,64.607,°C,GOOD
2025-01-23 12:00:00,PUMP101.BEARING_TEMP,64.157,°C,GOOD
2025-01-23 13:00:00,PUMP101.BEARING_TEMP,64.587,°C,GOOD
2025-01-23 14:00:00,PUMP101.BEARING_TEMP,65.124,°C,GOOD
2025-01-23 15:00:00,PUMP101.BEARING_TEMP,64.91,°C,GOOD
2025-01-23 16:00:00,PUMP101.BEARING_TEMP,64.873,°C,GOOD
2025-01-23 17:00:00,PUMP101.BEARING_TEMP,64.92,°C,BAD
2025-01-23 18:00:00,PUMP101.BEARING_TEMP,65.102,°C,GOOD
2025-01-23 19:00:00,PUMP101.BEARING_TEMP,64.496,°C,GOOD
2025-01-23 20:00:00,PUMP101.BEARING_TEMP,65.353,°C,GOOD
2025-01-23 21:00:00,PUMP101.BEARING_TEMP,65.331,°C,GOOD
2025-01-23 22:00:00,PUMP101.BEARING_TEMP,65.193,°C,GOOD
2025-01-23 23:00:00,PUMP101.BEARING_TEMP,65.278,°C,GOOD
2025-01-24 00:00:00,PUMP101.BEARING_TEMP,65.148,°C,GOOD
2025-01-24 01:00:00,PUMP101.BEARING_TEMP,66.018,°C,GOOD
2025-01-24 02:00:00,PUMP101.BEARING_TEMP,64.956,°C,GOOD
2025-01-24 03:00:00,PUMP101.BEARING_TEMP,64.846,°C,GOOD
2025-01-24 04:00:00,PUMP101.BEARING_TEMP,64.623,°C,GOOD
2025-01-24 05:00:00,PUMP101.BEARING_TEMP,64.484,°C,GOOD
2025-01-24 06:00:00,PUMP101.BEARING_TEMP,64.378,°C,GOOD
2025-01-24 07:00:00,PUMP101.BEARING_TEMP,64.556,°C,GOOD
2025-01-24 08:00:00,PUMP101.BEARING_TEMP,64.965,°C,GOOD
2025-01-24 09:00:00,PUMP101.BEARING_TEMP,65.167,°C,GOOD
2025-01-24 10:00:00,PUMP101.BEARING_TEMP,65.026,°C,GOOD
2025-01-24 11:00:00,PUMP101.BEARING_TEMP,64.617,°C,GOOD
2025-01-24 12:00:00,PUMP101.BEARING_TEMP,65.45,°C,GOOD
2025-01-24 13:00:00,PUMP101.BEARING_TEMP,65.37,°C,GOOD
2025-01-24 14:00:00,PUMP101.BEARING_TEMP,64.92,°C,GOOD
2025-01-24 15:00:00,PUMP101.BEARING_TEMP,64.674,°C,GOOD
2025-01-24 16:00:00,PUMP101.BEARING_TEMP,65.274,°C,GOOD
2025-01-24 17:00:00,PUMP101.BEARING_TEMP,65.094,°C,GOOD
2025-01-24 18:00:00,PUMP101.BEARING_TEMP,64.276,°C,GOOD
2025-01-24 19:00:00,PUMP101.BEARING_TEMP,64.966,°C,GOOD
2025-01-24 20:00:00,PUMP101.BEARING_TEMP,65.131,°C,GOOD
2025-01-24 21:00:00,PUMP101.BEARING_TEMP,64.55,°C,GOOD
2025-01-24 22:00:00,PUMP101.BEARING_TEMP,65.095,°C,GOOD
2025-01-24 23:00:00,PUMP101.BEARING_TEMP,64.273,°C,GOOD
2025-01-25 00:00:00,PUMP101.BEARING_TEMP,65.668,°C,GOOD
2025-01-25 01:00:00,PUMP101.BEARING_TEMP,65.624,°C,GOOD
2025-01-25 02:00:00,PUMP101.BEARING_TEMP,64.874,°C,GOOD
2025-01-25 03:00:00,PUMP101.BEARING_TEMP,65.182,°C,GOOD
2025-01-25 04:00:00,PUMP101.BEARING_TEMP,63.795,°C,GOOD
2025-01-25 05:00:00,PUMP101.BEARING_TEMP,64.422,°C,GOOD
2025-01-25 06:00:00,PUMP101.BEARING_TEMP,64.853,°C,GOOD
2025-01-25 07:00:00,PUMP101.BEARING_TEMP,64.464,°C,GOOD
2025-01-25 08:00:00,PUMP101.BEARING_TEMP,65.357,°C,GOOD
2025-01-25 09:00:00,PUMP101.BEARING_TEMP,65.999,°C,GOOD
2025-01-25 10:00:00,PUMP101.BEARING_TEMP,64.412,°C,GOOD
2025-01-25 11:00:00,PUMP101.BEARING_TEMP,64.581,°C,GOOD
2025-01-25 12:00:00,PUMP101.BEARING_TEMP,65.118,°C,GOOD
2025-01-25 13:00:00,PUMP101.BEARING_TEMP,65.806,°C,GOOD
2025-01-25 14:00:00,PUMP101.BEARING_TEMP,64.389,°C,GOOD
2025-01-25 15:00:00,PUMP101.BEARING_TEMP,65.125,°C,GOOD
2025-01-25 16:00:00,PUMP101.BEARING_TEMP,65.911,°C,GOOD
2025-01-25 17:00:00,PUMP101.BEARING_TEMP,64.174,°C,GOOD
2025-01-25 18:00:00,PUMP101.BEARING_TEMP,64.359,°C,GOOD
2025-01-25 19:00:00,PUMP101.BEARING_TEMP,64.788,°C,GOOD
2025-01-25 20:00:00,PUMP101.BEARING_TEMP,64.74,°C,GOOD
2025-01-25 21:00:00,PUMP101.BEARING_TEMP,65.406,°C,GOOD
2025-01-25 22:00:00,PUMP101.BEARING_TEMP,65.121,°C,GOOD
2025-01-25 23:00:00,PUMP101.BEARING_TEMP,64.113,°C,GOOD
2025-01-26 00:00:00,PUMP101.BEARING_TEMP,65.258,°C,GOOD
2025-01-26 01:00:00,PUMP101.BEARING_TEMP,64.711,°C,GOOD
2025-01-26 02:00:00,PUMP101.BEARING_TEMP,65.637,°C,GOOD
2025-01-26 03:00:00,PUMP101.BEARING_TEMP,64.686,°C,GOOD
2025-01-26 04:00:00,PUMP101.BEARING_TEMP,64.682,°C,GOOD
2025-01-26 05:00:00,PUMP101.BEARING_TEMP,65.271,°C,GOOD
2025-01-26 06:00:00,PUMP101.BEARING_TEMP,65.381,°C,GOOD
2025-01-26 07:00:00,PUMP101.BEARING_TEMP,65.224,°C,GOOD
2025-01-26 08:00:00,PUMP101.BEARING_TEMP,64.157,°C,GOOD
2025-01-26 09:00:00,PUMP101.BEARING_TEMP,65.269,°C,GOOD
2025-01-26 10:00:00,PUMP101.BEARING_TEMP,64.483,°C,GOOD
2025-01-26 11:00:00,PUMP101.BEARING_TEMP,65.118,°C,GOOD
2025-01-26 12:00:00,PUMP101.BEARING_TEMP,64.288,°C,GOOD
2025-01-26 13:00:00,PUMP101.BEARING_TEMP,65.223,°C,GOOD
2025-01-26 14:00:00,PUMP101.BEARING_TEMP,64.597,°C,GOOD
2025-01-26 15:00:00,PUMP101.BEARING_TEMP,64.359,°C,GOOD
2025-01-26 16:00:00,PUMP101.BEARING_TEMP,65.357,°C,GOOD
2025-01-26 17:00:00,PUMP101.BEARING_TEMP,65.121,°C,GOOD
2025-01-26 18:00:00,PUMP101.BEARING_TEMP,64.693,°C,GOOD
2025-01-26 19:00:00,PUMP101.BEARING_TEMP,65.726,°C,GOOD
2025-01-26 20:00:00,PUMP101.BEARING_TEMP,64.78,°C,GOOD
2025-01-26 21:00:00,PUMP101.BEARING_TEMP,65.016,°C,GOOD
2025-01-26 22:00:00,PUMP101.BEARING_TEMP,65.134,°C,GOOD
2025-01-26 23:00:00,PUMP101.BEARING_TEMP,64.69,°C,GOOD
2025-01-27 00:00:00,PUMP101.BEARING_TEMP,65.236,°C,GOOD
2025-01-27 01:00:00,PUMP101.BEARING_TEMP,64.733,°C,GOOD
2025-01-27 02:00:00,PUMP101.BEARING_TEMP,64.794,°C,GOOD
2025-01-27 03:00:00,PUMP101.BEARING_TEMP,65.681,°C,GOOD
2025-01-27 04:00:00,PUMP101.BEARING_TEMP,64.48,°C,GOOD
2025-01-27 05:00:00,PUMP101.BEARING_TEMP,63.794,°C,GOOD
2025-01-27 06:00:00,PUMP101.BEARING_TEMP,65.805,°C,GOOD
2025-01-27 07:00:00,PUMP101.BEARING_TEMP,66.275,°C,GOOD
2025-01-27 08:00:00,PUMP101.BEARING_TEMP,64.797,°C,GOOD
2025-01-27 09:00:00,PUMP101.BEARING_TEMP,64.032,°C,GOOD
2025-01-27 10:00:00,PUMP101.BEARING_TEMP,64.845,°C,GOOD
2025-01-27 11:00:00,PUMP101.BEARING_TEMP,64.857,°C,GOOD
2025-01-27 12:00:00,PUMP101.BEARING_TEMP,64.905,°C,GOOD
2025-01-27 13:00:00,PUMP101.BEARING_TEMP,64.443,°C,GOOD
2025-01-27 14:00:00,PUMP101.BEARING_TEMP,65.29,°C,GOOD
2025-01-27 15:00:00,PUMP101.BEARING_TEMP,65.262,°C,GOOD
2025-01-27 16:00:00,PUMP101.BEARING_TEMP,64.253,°C,GOOD
2025-01-27 17:00:00,PUMP101.BEARING_TEMP,65.35,°C,GOOD
2025-01-27 18:00:00,PUMP101.BEARING_TEMP,66.02933333333333,°C,GOOD
2025-01-27 19:00:00,PUMP101.BEARING_TEMP,65.09266666666666,°C,GOOD
2025-01-27 20:00:00,PUMP101.BEARING_TEMP,64.84100000000001,°C,GOOD
2025-01-27 21:00:00,PUMP101.BEARING_TEMP,64.94233333333334,°C,GOOD
2025-01-27 22:00:00,PUMP101.BEARING_TEMP,65.32466666666667,°C,GOOD
2025-01-27 23:00:00,PUMP101.BEARING_TEMP,64.155,°C,GOOD
2025-01-28 00:00:00,PUMP101.BEARING_TEMP,65.10533333333332,°C,GOOD
2025-01-28 01:00:00,PUMP101.BEARING_TEMP,64.83166666666668,°C,GOOD
2025-01-28 02:00:00,PUMP101.BEARING_TEMP,65.95400000000001,°C,GOOD
2025-01-28 03:00:00,PUMP101.BEARING_TEMP,64.94633333333333,°C,GOOD
2025-01-28 04:00:00,PUMP101.BEARING_TEMP,65.87066666666666,°C,GOOD
2025-01-28 05:00:00,PUMP101.BEARING_TEMP,64.488,°C,GOOD
2025-01-28 06:00:00,PUMP101.BEARING_TEMP,65.33733333333333,°C,GOOD
2025-01-28 07:00:00,PUMP101.BEARING_TEMP,65.20666666666666,°C,GOOD
2025-01-28 08:00:00,PUMP101.BEARING_TEMP,64.615,°C,GOOD
2025-01-28 09:00:00,PUMP101.BEARING_TEMP,65.14233333333333,°C,GOOD
2025-01-28 10:00:00,PUMP101.BEARING_TEMP,65.66266666666667,°C,GOOD
2025-01-28 11:00:00,PUMP101.BEARING_TEMP,64.898,°C,GOOD
2025-01-28 12:00:00,PUMP101.BEARING_TEMP,64.21733333333333,°C,GOOD
2025-01-28 13:00:00,PUMP101.BEARING_TEMP,65.05766666666666,°C,GOOD
2025-01-28 14:00:00,PUMP101.BEARING_TEMP,64.619,°C,GOOD
2025-01-28 15:00:00,PUMP101.BEARING_TEMP,64.90233333333333,°C,GOOD
2025-01-28 16:00:00,PUMP101.BEARING_TEMP,65.03566666666667,°C,GOOD
2025-01-28 17:00:00,PUMP101.BEARING_TEMP,64.227,°C,GOOD
2025-01-28 18:00:00,PUMP101.BEARING_TEMP,64.27533333333332,°C,GOOD
2025-01-28 19:00:00,PUMP101.BEARING_TEMP,65.32766666666667,°C,GOOD
2025-01-28 20:00:00,PUMP101.BEARING_TEMP,64.82900000000001,°C,GOOD
2025-01-28 21:00:00,PUMP101.BEARING_TEMP,63.81133333333334,°C,GOOD
2025-01-28 22:00:00,PUMP101.BEARING_TEMP,65.48866666666666,°C,GOOD
2025-01-28 23:00:00,PUMP101.BEARING_TEMP,65.23599999999999,°C,GOOD
2025-01-29 00:00:00,PUMP101.BEARING_TEMP,64.74633333333334,°C,GOOD
2025-01-29 01:00:00,PUMP101.BEARING_TEMP,64.44866666666667,°C,GOOD
2025-01-29 02:00:00,PUMP101.BEARING_TEMP,65.528,°C,GOOD
2025-01-29 03:00:00,PUMP101.BEARING_TEMP,65.28833333333333,°C,GOOD
2025-01-29 04:00:00,PUMP101.BEARING_TEMP,66.30766666666666,°C,GOOD
2025-01-29 05:00:00,PUMP101.BEARING_TEMP,65.33,°C,GOOD
2025-01-29 06:00:00,PUMP101.BEARING_TEMP,65.31733333333334,°C,GOOD
2025-01-29 07:00:00,PUMP101.BEARING_TEMP,65.04366666666667,°C,GOOD
2025-01-29 08:00:00,PUMP101.BEARING_TEMP,65.538,°C,GOOD
2025-01-29 09:00:00,PUMP101.BEARING_TEMP,65.44633333333334,°C,GOOD
2025-01-29 10:00:00,PUMP101.BEARING_TEMP,65.76266666666668,°C,GOOD
2025-01-29 11:00:00,PUMP101.BEARING_TEMP,64.879,°C,GOOD
2025-01-29 12:00:00,PUMP101.BEARING_TEMP,64.92533333333333,°C,GOOD
2025-01-29 13:00:00,PUMP101.BEARING_TEMP,64.90666666666667,°C,GOOD
2025-01-29 14:00:00,PUMP101.BEARING_TEMP,65.545,°C,GOOD
2025-01-29 15:00:00,PUMP101.BEARING_TEMP,65.90233333333333,°C,GOOD
2025-01-29 16:00:00,PUMP101.BEARING_TEMP,64.92766666666667,°C,GOOD
2025-01-29 17:00:00,PUMP101.BEARING_TEMP,64.948,°C,GOOD
2025-01-29 18:00:00,PUMP101.BEARING_TEMP,65.32033333333332,°C,GOOD
2025-01-29 19:00:00,PUMP101.BEARING_TEMP,65.04366666666667,°C,GOOD
2025-01-29 20:00:00,PUMP101.BEARING_TEMP,65.646,°C,GOOD
2025-01-29 21:00:00,PUMP101.BEARING_TEMP,64.04733333333334,°C,GOOD
2025-01-29 22:00:00,PUMP101.BEARING_TEMP,64.76366666666667,°C,BAD
2025-01-29 23:00:00,PUMP101.BEARING_TEMP,64.789,°C,GOOD
2025-01-30 00:00:00,PUMP101.BEARING_TEMP,64.02333333333334,°C,GOOD
2025-01-30 01:00:00,PUMP101.BEARING_TEMP,64.70466666666667,°C,GOOD
2025-01-30 02:00:00,PUMP101.BEARING_TEMP,64.732,°C,GOOD
2025-01-30 03:00:00,PUMP101.BEARING_TEMP,65.09233333333333,°C,GOOD
2025-01-30 04:00:00,PUMP101.BEARING_TEMP,65.75266666666667,°C,GOOD
2025-01-30 05:00:00,PUMP101.BEARING_TEMP,65.077,°C,GOOD
2025-01-30 06:00:00,PUMP101.BEARING_TEMP,64.68833333333333,°C,GOOD
2025-01-30 07:00:00,PUMP101.BEARING_TEMP,65.17866666666666,°C,GOOD
2025-01-30 08:00:00,PUMP101.BEARING_TEMP,65.735,°C,GOOD
2025-01-30 09:00:00,PUMP101.BEARING_TEMP,64.72533333333334,°C,GOOD
2025-01-30 10:00:00,PUMP101.BEARING_TEMP,64.76166666666667,°C,GOOD
2025-01-30 11:00:00,PUMP101.BEARING_TEMP,65.499,°C,GOOD
2025-01-30 12:00:00,PUMP101.BEARING_TEMP,65.11233333333332,°C,GOOD
2025-01-30 13:00:00,PUMP101.BEARING_TEMP,65.55066666666667,°C,GOOD
2025-01-30 14:00:00,PUMP101.BEARING_TEMP,65.223,°C,GOOD
2025-01-30 15:00:00,PUMP101.BEARING_TEMP,65.58433333333333,°C,GOOD
2025-01-30 16:00:00,PUMP101.BEARING_TEMP,64.71866666666666,°C,GOOD
2025-01-30 17:00:00,PUMP101.BEARING_TEMP,65.234,°C,GOOD
2025-01-30 18:00:00,PUMP101.BEARING_TEMP,65.13833333333334,°C,GOOD
2025-01-30 19:00:00,PUMP101.BEARING_TEMP,64.63866666666667,°C,GOOD
2025-01-30 20:00:00,PUMP101.BEARING_TEMP,64.468,°C,GOOD
2025-01-30 21:00:00,PUMP101.BEARING_TEMP,65.59633333333333,°C,GOOD
2025-01-30 22:00:00,PUMP101.BEARING_TEMP,65.08166666666666,°C,GOOD
2025-01-30 23:00:00,PUMP101.BEARING_TEMP,64.74900000000001,°C,GOOD
2025-01-31 00:00:00,PUMP101.BEARING_TEMP,65.21533333333333,°C,GOOD
2025-01-31 01:00:00,PUMP101.BEARING_TEMP,65.83066666666666,°C,GOOD
2025-01-31 02:00:00,PUMP101.BEARING_TEMP,64.13,°C,GOOD
2025-01-31 03:00:00,PUMP101.BEARING_TEMP,64.52533333333332,°C,GOOD
2025-01-31 04:00:00,PUMP101.BEARING_TEMP,64.81566666666667,°C,GOOD
2025-01-31 05:00:00,PUMP101.BEARING_TEMP,66.011,°C,GOOD
2025-01-31 06:00:00,PUMP101.BEARING_TEMP,65.42433333333334,°C,GOOD
2025-01-31 07:00:00,PUMP101.BEARING_TEMP,65.67066666666666,°C,GOOD
2025-01-31 08:00:00,PUMP101.BEARING_TEMP,64.72000000000001,°C,GOOD
2025-01-31 09:00:00,PUMP101.BEARING_TEMP,64.73333333333333,°C,GOOD
2025-01-31 10:00:00,PUMP101.BEARING_TEMP,65.52066666666667,°C,GOOD
2025-01-31 11:00:00,PUMP101.BEARING_TEMP,65.329,°C,GOOD
2025-01-31 12:00:00,PUMP101.BEARING_TEMP,65.57733333333333,°C,GOOD
2025-01-31 13:00:00,PUMP101.BEARING_TEMP,65.21266666666668,°C,GOOD
2025-01-31 14:00:00,PUMP101.BEARING_TEMP,65.449,°C,GOOD
2025-01-31 15:00:00,PUMP101.BEARING_TEMP,65.39233333333333,°C,GOOD
2025-01-31 16:00:00,PUMP101.BEARING_TEMP,65.70566666666666,°C,BAD
2025-01-31 17:00:00,PUMP101.BEARING_TEMP,65.72399999999999,°C,GOOD
2025-01-31 18:00:00,PUMP101.BEARING_TEMP,64.51333333333334,°C,GOOD
2025-01-31 19:00:00,PUMP101.BEARING_TEMP,64.20266666666666,°C,GOOD
2025-01-31 20:00:00,PUMP101.BEARING_TEMP,65.831,°C,GOOD
2025-01-31 21:00:00,PUMP101.BEARING_TEMP,65.92733333333332,°C,GOOD
2025-01-31 22:00:00,PUMP101.BEARING_TEMP,64.82666666666667,°C,GOOD
2025-01-31 23:00:00,PUMP101.BEARING_TEMP,64.41,°C,GOOD
2025-02-01 00:00:00,PUMP101.BEARING_TEMP,65.39333333333333,°C,GOOD
2025-02-01 01:00:00,PUMP101.BEARING_TEMP,65.81166666666667,°C,GOOD
2025-02-01 02:00:00,PUMP101.BEARING_TEMP,66.249,°C,GOOD
2025-02-01 03:00:00,PUMP101.BEARING_TEMP,65.61133333333333,°C,GOOD
2025-02-01 04:00:00,PUMP101.BEARING_TEMP,65.17066666666666,°C,GOOD
2025-02-01 05:00:00,PUMP101.BEARING_TEMP,64.913,°C,GOOD
2025-02-01 06:00:00,PUMP101.BEARING_TEMP,65.36933333333333,°C,GOOD
2025-02-01 07:00:00,PUMP101.BEARING_TEMP,65.21666666666665,°C,GOOD
2025-02-01 08:00:00,PUMP101.BEARING_TEMP,64.86200000000001,°C,GOOD
2025-02-01 09:00:00,PUMP101.BEARING_TEMP,66.39733333333334,°C,GOOD
2025-02-01 10:00:00,PUMP101.BEARING_TEMP,66.26966666666667,°C,BAD
2025-02-01 11:00:00,PUMP101.BEARING_TEMP,65.948,°C,GOOD
2025-02-01 12:00:00,PUMP101.BEARING_TEMP,64.92333333333335,°C,GOOD
2025-02-01 13:00:00,PUMP101.BEARING_TEMP,65.81466666666667,°C,GOOD
2025-02-01 14:00:00,PUMP101.BEARING_TEMP,65.71,°C,GOOD
2025-02-01 15:00:00,PUMP101.BEARING_TEMP,65.61433333333333,°C,GOOD
2025-02-01 16:00:00,PUMP101.BEARING_TEMP,66.02166666666666,°C,GOOD
2025-02-01 17:00:00,PUMP101.BEARING_TEMP,65.718,°C,GOOD
2025-02-01 18:00:00,PUMP101.BEARING_TEMP,65.77333333333334,°C,GOOD
2025-02-01 19:00:00,PUMP101.BEARING_TEMP,65.72466666666666,°C,GOOD
2025-02-01 20:00:00,PUMP101.BEARING_TEMP,65.58,°C,GOOD
2025-02-01 21:00:00,PUMP101.BEARING_TEMP,64.52133333333333,°C,GOOD
2025-02-01 22:00:00,PUMP101.BEARING_TEMP,65.45866666666667,°C,GOOD
2025-02-01 23:00:00,PUMP101.BEARING_TEMP,65.142,°C,GOOD
2025-02-02 00:00:00,PUMP101.BEARING_TEMP,64.78333333333333,°C,GOOD
2025-02-02 01:00:00,PUMP101.BEARING_TEMP,66.26766666666666,°C,GOOD
2025-02-02 02:00:00,PUMP101.BEARING_TEMP,66.29400000000001,°C,GOOD
2025-02-02 03:00:00,PUMP101.BEARING_TEMP,66.11333333333334,°C,GOOD
2025-02-02 04:00:00,PUMP101.BEARING_TEMP,65.56466666666667,°C,BAD
2025-02-02 05:00:00,PUMP101.BEARING_TEMP,66.115,°C,GOOD
2025-02-02 06:00:00,PUMP101.BEARING_TEMP,65.44933333333333,°C,GOOD
2025-02-02 07:00:00,PUMP101.BEARING_TEMP,65.54766666666667,°C,GOOD
2025-02-02 08:00:00,PUMP101.BEARING_TEMP,64.903,°C,GOOD
2025-02-02 09:00:00,PUMP101.BEARING_TEMP,65.65133333333333,°C,GOOD
2025-02-02 10:00:00,PUMP101.BEARING_TEMP,65.48666666666666,°C,GOOD
2025-02-02 11:00:00,PUMP101.BEARING_TEMP,64.809,°C,GOOD
2025-02-02 12:00:00,PUMP101.BEARING_TEMP,65.43733333333334,°C,GOOD
2025-02-02 13:00:00,PUMP101.BEARING_TEMP,65.42666666666666,°C,GOOD
2025-02-02 14:00:00,PUMP101.BEARING_TEMP,66.369,°C,GOOD
2025-02-02 15:00:00,PUMP101.BEARING_TEMP,65.92033333333333,°C,GOOD
2025-02-02 16:00:00,PUMP101.BEARING_TEMP,65.48266666666667,°C,GOOD
2025-02-02 17:00:00,PUMP101.BEARING_TEMP,65.604,°C,GOOD
2025-02-02 18:00:00,PUMP101.BEARING_TEMP,65.50533333333334,°C,GOOD
2025-02-02 19:00:00,PUMP101.BEARING_TEMP,65.38566666666667,°C,GOOD
2025-02-02 20:00:00,PUMP101.BEARING_TEMP,64.949,°C,GOOD
2025-02-02 21:00:00,PUMP101.BEARING_TEMP,65.41733333333335,°C,GOOD
2025-02-02 22:00:00,PUMP101.BEARING_TEMP,65.12366666666667,°C,GOOD
2025-02-02 23:00:00,PUMP101.BEARING_TEMP,64.875,°C,GOOD
2025-02-03 00:00:00,PUMP101.BEARING_TEMP,65.75933333333333,°C,GOOD
2025-02-03 01:00:00,PUMP101.BEARING_TEMP,65.70266666666666,°C,GOOD
2025-02-03 02:00:00,PUMP101.BEARING_TEMP,64.617,°C,GOOD
2025-02-03 03:00:00,PUMP101.BEARING_TEMP,65.45233333333333,°C,GOOD
2025-02-03 04:00:00,PUMP101.BEARING_TEMP,66.01466666666667,°C,GOOD
2025-02-03 05:00:00,PUMP101.BEARING_TEMP,66.05,°C,GOOD
2025-02-03 06:00:00,PUMP101.BEARING_TEMP,66.03633333333333,°C,GOOD
2025-02-03 07:00:00,PUMP101.BEARING_TEMP,65.54566666666668,°C,GOOD
2025-02-03 08:00:00,PUMP101.BEARING_TEMP,65.107,°C,GOOD
2025-02-03 09:00:00,PUMP101.BEARING_TEMP,64.99133333333333,°C,GOOD
2025-02-03 10:00:00,PUMP101.BEARING_TEMP,65.70866666666666,°C,GOOD
2025-02-03 11:00:00,PUMP101.BEARING_TEMP,65.73,°C,GOOD
2025-02-03 12:00:00,PUMP101.BEARING_TEMP,66.18733333333334,°C,GOOD
2025-02-03 13:00:00,PUMP101.BEARING_TEMP,66.09666666666666,°C,GOOD
2025-02-03 14:00:00,PUMP101.BEARING_TEMP,65.484,°C,GOOD
2025-02-03 15:00:00,PUMP101.BEARING_TEMP,64.93133333333333,°C,GOOD
2025-02-03 16:00:00,PUMP101.BEARING_TEMP,65.39666666666668,°C,GOOD
2025-02-03 17:00:00,PUMP101.BEARING_TEMP,65.669,°C,GOOD
2025-02-03 18:00:00,PUMP101.BEARING_TEMP,65.46233333333333,°C,GOOD
2025-02-03 19:00:00,PUMP101.BEARING_TEMP,65.27766666666666,°C,GOOD
2025-02-03 20:00:00,PUMP101.BEARING_TEMP,65.696,°C,GOOD
2025-02-03 21:00:00,PUMP101.BEARING_TEMP,65.32133333333334,°C,GOOD
2025-02-03 22:00:00,PUMP101.BEARING_TEMP,65.26266666666668,°C,GOOD
2025-02-03 23:00:00,PUMP101.BEARING_TEMP,65.736,°C,GOOD
2025-02-04 00:00:00,PUMP101.BEARING_TEMP,65.38233333333334,°C,GOOD
2025-02-04 01:00:00,PUMP101.BEARING_TEMP,65.70866666666667,°C,GOOD
2025-02-04 02:00:00,PUMP101.BEARING_TEMP,65.727,°C,GOOD
2025-02-04 03:00:00,PUMP101.BEARING_TEMP,65.02333333333334,°C,GOOD
2025-02-04 04:00:00,PUMP101.BEARING_TEMP,65.35566666666666,°C,GOOD
2025-02-04 05:00:00,PUMP101.BEARING_TEMP,66.31899999999999,°C,GOOD
2025-02-04 06:00:00,PUMP101.BEARING_TEMP,65.02233333333334,°C,GOOD
2025-02-04 07:00:00,PUMP101.BEARING_TEMP,64.54866666666666,°C,GOOD
2025-02-04 08:00:00,PUMP101.BEARING_TEMP,64.679,°C,GOOD
2025-02-04 09:00:00,PUMP101.BEARING_TEMP,65.62833333333333,°C,GOOD
2025-02-04 10:00:00,PUMP101.BEARING_TEMP,65.63166666666666,°C,GOOD
2025-02-04 11:00:00,PUMP101.BEARING_TEMP,65.561,°C,GOOD
2025-02-04 12:00:00,PUMP101.BEARING_TEMP,66.23033333333333,°C,GOOD
2025-02-04 13:00:00,PUMP101.BEARING_TEMP,64.29066666666667,°C,GOOD
2025-02-04 14:00:00,PUMP101.BEARING_TEMP,65.82799999999999,°C,GOOD
2025-02-04 15:00:00,PUMP101.BEARING_TEMP,66.41433333333335,°C,GOOD
2025-02-04 16:00:00,PUMP101.BEARING_TEMP,65.07266666666668,°C,GOOD
2025-02-04 17:00:00,PUMP101.BEARING_TEMP,65.45,°C,GOOD
2025-02-04 18:00:00,PUMP101.BEARING_TEMP,65.26733333333333,°C,GOOD
2025-02-04 19:00:00,PUMP101.BEARING_TEMP,65.19966666666666,°C,GOOD
2025-02-04 20:00:00,PUMP101.BEARING_TEMP,65.48700000000001,°C,GOOD
2025-02-04 21:00:00,PUMP101.BEARING_TEMP,66.36733333333333,°C,GOOD
2025-02-04 22:00:00,PUMP101.BEARING_TEMP,66.57566666666666,°C,GOOD
2025-02-04 23:00:00,PUMP101.BEARING_TEMP,65.49199999999999,°C,GOOD
2025-02-05 00:00:00,PUMP101.BEARING_TEMP,66.61633333333333,°C,GOOD
2025-02-05 01:00:00,PUMP101.BEARING_TEMP,65.68466666666667,°C,GOOD
2025-02-05 02:00:00,PUMP101.BEARING_TEMP,66.547,°C,GOOD
2025-02-05 03:00:00,PUMP101.BEARING_TEMP,65.62633333333333,°C,GOOD
2025-02-05 04:00:00,PUMP101.BEARING_TEMP,65.74266666666666,°C,GOOD
2025-02-05 05:00:00,PUMP101.BEARING_TEMP,65.86300000000001,°C,GOOD
2025-02-05 06:00:00,PUMP101.BEARING_TEMP,67.27233333333334,°C,GOOD
2025-02-05 07:00:00,PUMP101.BEARING_TEMP,66.11266666666667,°C,GOOD
2025-02-05 08:00:00,PUMP101.BEARING_TEMP,65.336,°C,GOOD
2025-02-05 09:00:00,PUMP101.BEARING_TEMP,66.17733333333332,°C,GOOD
2025-02-05 10:00:00,PUMP101.BEARING_TEMP,65.51566666666668,°C,GOOD
2025-02-05 11:00:00,PUMP101.BEARING_TEMP,65.455,°C,GOOD
2025-02-05 12:00:00,PUMP101.BEARING_TEMP,66.15733333333333,°C,BAD
2025-02-05 13:00:00,PUMP101.BEARING_TEMP,65.72266666666667,°C,GOOD
2025-02-05 14:00:00,PUMP101.BEARING_TEMP,65.84899999999999,°C,GOOD
2025-02-05 15:00:00,PUMP101.BEARING_TEMP,65.72033333333334,°C,GOOD
2025-02-05 16:00:00,PUMP101.BEARING_TEMP,65.88466666666667,°C,GOOD
2025-02-05 17:00:00,PUMP101.BEARING_TEMP,65.932,°C,GOOD
2025-02-05 18:00:00,PUMP101.BEARING_TEMP,64.75533333333333,°C,GOOD
2025-02-05 19:00:00,PUMP101.BEARING_TEMP,66.05966666666667,°C,GOOD
2025-02-05 20:00:00,PUMP101.BEARING_TEMP,65.239,°C,GOOD
2025-02-05 21:00:00,PUMP101.BEARING_TEMP,65.01233333333333,°C,GOOD
2025-02-05 22:00:00,PUMP101.BEARING_TEMP,65.70766666666667,°C,GOOD
2025-02-05 23:00:00,PUMP101.BEARING_TEMP,65.782,°C,GOOD
2025-02-06 00:00:00,PUMP101.BEARING_TEMP,65.39633333333335,°C,GOOD
2025-02-06 01:00:00,PUMP101.BEARING_TEMP,66.16266666666667,°C,GOOD
2025-02-06 02:00:00,PUMP101.BEARING_TEMP,65.079,°C,GOOD
2025-02-06 03:00:00,PUMP101.BEARING_TEMP,65.55033333333333,°C,GOOD
2025-02-06 04:00:00,PUMP101.BEARING_TEMP,65.46466666666666,°C,GOOD
2025-02-06 05:00:00,PUMP101.BEARING_TEMP,65.73700000000001,°C,GOOD
2025-02-06 06:00:00,PUMP101.BEARING_TEMP,65.90233333333333,°C,GOOD
2025-02-06 07:00:00,PUMP101.BEARING_TEMP,65.26266666666666,°C,GOOD
2025-02-06 08:00:00,PUMP101.BEARING_TEMP,66.13199999999999,°C,GOOD
2025-02-06 09:00:00,PUMP101.BEARING_TEMP,65.80533333333332,°C,GOOD
2025-02-06 10:00:00,PUMP101.BEARING_TEMP,64.83066666666667,°C,GOOD
2025-02-06 11:00:00,PUMP101.BEARING_TEMP,64.801,°C,GOOD
2025-02-06 12:00:00,PUMP101.BEARING_TEMP,65.77733333333333,°C,GOOD
2025-02-06 13:00:00,PUMP101.BEARING_TEMP,65.67666666666666,°C,GOOD
2025-02-06 14:00:00,PUMP101.BEARING_TEMP,65.738,°C,GOOD
2025-02-06 15:00:00,PUMP101.BEARING_TEMP,65.77933333333334,°C,GOOD
2025-02-06 16:00:00,PUMP101.BEARING_TEMP,65.90966666666667,°C,GOOD
2025-02-06 17:00:00,PUMP101.BEARING_TEMP,66.274,°C,GOOD
2025-02-06 18:00:00,PUMP101.BEARING_TEMP,65.24733333333333,°C,GOOD
2025-02-06 19:00:00,PUMP101.BEARING_TEMP,65.22066666666667,°C,GOOD
2025-02-06 20:00:00,PUMP101.BEARING_TEMP,65.263,°C,GOOD
2025-02-06 21:00:00,PUMP101.BEARING_TEMP,65.95733333333334,°C,BAD
2025-02-06 22:00:00,PUMP101.BEARING_TEMP,66.43866666666666,°C,GOOD
2025-02-06 23:00:00,PUMP101.BEARING_TEMP,65.604,°C,GOOD
2025-02-07 00:00:00,PUMP101.BEARING_TEMP,64.57233333333333,°C,GOOD
2025-02-07 01:00:00,PUMP101.BEARING_TEMP,64.97466666666666,°C,GOOD
2025-02-07 02:00:00,PUMP101.BEARING_TEMP,65.413,°C,GOOD
2025-02-07 03:00:00,PUMP101.BEARING_TEMP,65.55433333333333,°C,GOOD
2025-02-07 04:00:00,PUMP101.BEARING_TEMP,65.63266666666668,°C,GOOD
2025-02-07 05:00:00,PUMP101.BEARING_TEMP,65.85900000000001,°C,GOOD
2025-02-07 06:00:00,PUMP101.BEARING_TEMP,65.68733333333333,°C,GOOD
2025-02-07 07:00:00,PUMP101.BEARING_TEMP,66.37166666666667,°C,GOOD
2025-02-07 08:00:00,PUMP101.BEARING_TEMP,65.512,°C,GOOD
2025-02-07 09:00:00,PUMP101.BEARING_TEMP,65.42233333333334,°C,GOOD
2025-02-07 10:00:00,PUMP101.BEARING_TEMP,66.09566666666667,°C,GOOD
2025-02-07 11:00:00,PUMP101.BEARING_TEMP,65.092,°C,GOOD
2025-02-07 12:00:00,PUMP101.BEARING_TEMP,66.05833333333332,°C,GOOD
2025-02-07 13:00:00,PUMP101.BEARING_TEMP,65.91766666666666,°C,GOOD
2025-02-07 14:00:00,PUMP101.BEARING_TEMP,65.796,°C,GOOD
2025-02-07 15:00:00,PUMP101.BEARING_TEMP,66.66733333333333,°C,GOOD
2025-02-07 16:00:00,PUMP101.BEARING_TEMP,65.56566666666666,°C,GOOD
2025-02-07 17:00:00,PUMP101.BEARING_TEMP,66.91,°C,GOOD
2025-02-07 18:00:00,PUMP101.BEARING_TEMP,65.77033333333334,°C,GOOD
2025-02-07 19:00:00,PUMP101.BEARING_TEMP,65.24766666666667,°C,GOOD
2025-02-07 20:00:00,PUMP101.BEARING_TEMP,65.925,°C,GOOD
2025-02-07 21:00:00,PUMP101.BEARING_TEMP,65.35533333333333,°C,GOOD
2025-02-07 22:00:00,PUMP101.BEARING_TEMP,65.52066666666666,°C,GOOD
2025-02-07 23:00:00,PUMP101.BEARING_TEMP,66.099,°C,GOOD
2025-02-08 00:00:00,PUMP101.BEARING_TEMP,66.18133333333334,°C,GOOD
2025-02-08 01:00:00,PUMP101.BEARING_TEMP,65.59566666666666,°C,GOOD
2025-02-08 02:00:00,PUMP101.BEARING_TEMP,66.404,°C,GOOD
2025-02-08 03:00:00,PUMP101.BEARING_TEMP,66.49233333333332,°C,GOOD
2025-02-08 04:00:00,PUMP101.BEARING_TEMP,66.63466666666667,°C,GOOD
2025-02-08 05:00:00,PUMP101.BEARING_TEMP,66.185,°C,GOOD
2025-02-08 06:00:00,PUMP101.BEARING_TEMP,66.60533333333333,°C,GOOD
2025-02-08 07:00:00,PUMP101.BEARING_TEMP,64.98666666666666,°C,GOOD
2025-02-08 08:00:00,PUMP101.BEARING_TEMP,65.771,°C,GOOD
2025-02-08 09:00:00,PUMP101.BEARING_TEMP,65.49933333333334,°C,GOOD
2025-02-08 10:00:00,PUMP101.BEARING_TEMP,65.99666666666667,°C,GOOD
2025-02-08 11:00:00,PUMP101.BEARING_TEMP,65.654,°C,GOOD
2025-02-08 12:00:00,PUMP101.BEARING_TEMP,65.86033333333333,°C,GOOD
2025-02-08 13:00:00,PUMP101.BEARING_TEMP,66.88766666666668,°C,GOOD
2025-02-08 14:00:00,PUMP101.BEARING_TEMP,65.86500000000001,°C,GOOD
2025-02-08 15:00:00,PUMP101.BEARING_TEMP,66.16033333333333,°C,GOOD
2025-02-08 16:00:00,PUMP101.BEARING_TEMP,65.84066666666666,°C,GOOD
2025-02-08 17:00:00,PUMP101.BEARING_TEMP,65.99799999999999,°C,GOOD
2025-02-08 18:00:00,PUMP101.BEARING_TEMP,65.96633333333334,°C,GOOD
2025-02-08 19:00:00,PUMP101.BEARING_TEMP,66.19066666666667,°C,GOOD
2025-02-08 20:00:00,PUMP101.BEARING_TEMP,66.553,°C,GOOD
2025-02-08 21:00:00,PUMP101.BEARING_TEMP,66.79733333333333,°C,GOOD
2025-02-08 22:00:00,PUMP101.BEARING_TEMP,66.13166666666667,°C,GOOD
2025-02-08 23:00:00,PUMP101.BEARING_TEMP,66.275,°C,GOOD
2025-02-09 00:00:00,PUMP101.BEARING_TEMP,65.40833333333333,°C,GOOD
2025-02-09 01:00:00,PUMP101.BEARING_TEMP,65.94266666666667,°C,GOOD
2025-02-09 02:00:00,PUMP101.BEARING_TEMP,66.46,°C,GOOD
2025-02-09 03:00:00,PUMP101.BEARING_TEMP,66.42633333333335,°C,GOOD
2025-02-09 04:00:00,PUMP101.BEARING_TEMP,66.10266666666666,°C,GOOD
2025-02-09 05:00:00,PUMP101.BEARING_TEMP,66.443,°C,GOOD
2025-02-09 06:00:00,PUMP101.BEARING_TEMP,66.24833333333333,°C,GOOD
2025-02-09 07:00:00,PUMP101.BEARING_TEMP,66.60666666666665,°C,GOOD
2025-02-09 08:00:00,PUMP101.BEARING_TEMP,66.155,°C,GOOD
2025-02-09 09:00:00,PUMP101.BEARING_TEMP,65.83533333333334,°C,GOOD
2025-02-09 10:00:00,PUMP101.BEARING_TEMP,66.18466666666667,°C,GOOD
2025-02-09 11:00:00,PUMP101.BEARING_TEMP,64.55499999999999,°C,GOOD
2025-02-09 12:00:00,PUMP101.BEARING_TEMP,66.21433333333333,°C,GOOD
2025-02-09 13:00:00,PUMP101.BEARING_TEMP,64.20266666666667,°C,GOOD
2025-02-09 14:00:00,PUMP101.BEARING_TEMP,65.168,°C,GOOD
2025-02-09 15:00:00,PUMP101.BEARING_TEMP,66.25933333333333,°C,GOOD
2025-02-09 16:00:00,PUMP101.BEARING_TEMP,66.27566666666667,°C,GOOD
2025-02-09 17:00:00,PUMP101.BEARING_TEMP,65.459,°C,GOOD
2025-02-09 18:00:00,PUMP101.BEARING_TEMP,65.68733333333334,°C,GOOD
2025-02-09 19:00:00,PUMP101.BEARING_TEMP,66.73166666666667,°C,GOOD
2025-02-09 20:00:00,PUMP101.BEARING_TEMP,65.80799999999999,°C,GOOD
2025-02-09 21:00:00,PUMP101.BEARING_TEMP,67.17433333333332,°C,GOOD
2025-02-09 22:00:00,PUMP101.BEARING_TEMP,66.05566666666667,°C,GOOD
2025-02-09 23:00:00,PUMP101.BEARING_TEMP,66.264,°C,GOOD
2025-02-10 00:00:00,PUMP101.BEARING_TEMP,66.87133333333334,°C,GOOD
2025-02-10 01:00:00,PUMP101.BEARING_TEMP,66.13266666666667,°C,GOOD
2025-02-10 02:00:00,PUMP101.BEARING_TEMP,65.56899999999999,°C,GOOD
2025-02-10 03:00:00,PUMP101.BEARING_TEMP,66.01833333333333,°C,GOOD
2025-02-10 04:00:00,PUMP101.BEARING_TEMP,66.05866666666667,°C,GOOD
2025-02-10 05:00:00,PUMP101.BEARING_TEMP,65.398,°C,BAD
2025-02-10 06:00:00,PUMP101.BEARING_TEMP,65.95533333333333,°C,GOOD
2025-02-10 07:00:00,PUMP101.BEARING_TEMP,65.71566666666668,°C,GOOD
2025-02-10 08:00:00,PUMP101.BEARING_TEMP,66.552,°C,GOOD
2025-02-10 09:00:00,PUMP101.BEARING_TEMP,66.11033333333333,°C,GOOD
2025-02-10 10:00:00,PUMP101.BEARING_TEMP,65.95566666666666,°C,GOOD
2025-02-10 11:00:00,PUMP101.BEARING_TEMP,66.047,°C,GOOD
2025-02-10 12:00:00,PUMP101.BEARING_TEMP,66.21533333333333,°C,GOOD
2025-02-10 13:00:00,PUMP101.BEARING_TEMP,66.41466666666668,°C,GOOD
2025-02-10 14:00:00,PUMP101.BEARING_TEMP,65.61,°C,GOOD
2025-02-10 15:00:00,PUMP101.BEARING_TEMP,65.59233333333333,°C,GOOD
2025-02-10 16:00:00,PUMP101.BEARING_TEMP,66.66866666666667,°C,GOOD
2025-02-10 17:00:00,PUMP101.BEARING_TEMP,65.914,°C,GOOD
2025-02-10 18:00:00,PUMP101.BEARING_TEMP,65.41533333333334,°C,GOOD
2025-02-10 19:00:00,PUMP101.BEARING_TEMP,66.34866666666666,°C,GOOD
2025-02-10 20:00:00,PUMP101.BEARING_TEMP,66.362,°C,GOOD
2025-02-10 21:00:00,PUMP101.BEARING_TEMP,65.36833333333334,°C,GOOD
2025-02-10 22:00:00,PUMP101.BEARING_TEMP,66.25166666666667,°C,GOOD
2025-02-10 23:00:00,PUMP101.BEARING_TEMP,66.508,°C,GOOD
2025-02-11 00:00:00,PUMP101.BEARING_TEMP,66.33033333333333,°C,GOOD
2025-02-11 01:00:00,PUMP101.BEARING_TEMP,66.46266666666666,°C,GOOD
2025-02-11 02:00:00,PUMP101.BEARING_TEMP,65.44800000000001,°C,GOOD
2025-02-11 03:00:00,PUMP101.BEARING_TEMP,66.31933333333333,°C,GOOD
2025-02-11 04:00:00,PUMP101.BEARING_TEMP,66.00566666666667,°C,GOOD
2025-02-11 05:00:00,PUMP101.BEARING_TEMP,65.919,°C,GOOD
2025-02-11 06:00:00,PUMP101.BEARING_TEMP,66.59833333333333,°C,GOOD
2025-02-11 07:00:00,PUMP101.BEARING_TEMP,66.90666666666667,°C,GOOD
2025-02-11 08:00:00,PUMP101.BEARING_TEMP,67.06700000000001,°C,GOOD
2025-02-11 09:00:00,PUMP101.BEARING_TEMP,66.83033333333333,°C,BAD
2025-02-11 10:00:00,PUMP101.BEARING_TEMP,66.12166666666666,°C,GOOD
2025-02-11 11:00:00,PUMP101.BEARING_TEMP,66.35600000000001,°C,GOOD
2025-02-11 12:00:00,PUMP101.BEARING_TEMP,66.56633333333333,°C,GOOD
2025-02-11 13:00:00,PUMP101.BEARING_TEMP,66.24766666666667,°C,GOOD
2025-02-11 14:00:00,PUMP101.BEARING_TEMP,66.255,°C,GOOD
2025-02-11 15:00:00,PUMP101.BEARING_TEMP,66.60533333333333,°C,GOOD
2025-02-11 16:00:00,PUMP101.BEARING_TEMP,66.16666666666667,°C,GOOD
2025-02-11 17:00:00,PUMP101.BEARING_TEMP,65.83500000000001,°C,GOOD
2025-02-11 18:00:00,PUMP101.BEARING_TEMP,65.99633333333334,°C,GOOD
2025-02-11 19:00:00,PUMP101.BEARING_TEMP,66.52366666666666,°C,GOOD
2025-02-11 20:00:00,PUMP101.BEARING_TEMP,66.211,°C,GOOD
2025-02-11 21:00:00,PUMP101.BEARING_TEMP,66.38333333333334,°C,GOOD
2025-02-11 22:00:00,PUMP101.BEARING_TEMP,66.55166666666666,°C,GOOD
2025-02-11 23:00:00,PUMP101.BEARING_TEMP,66.033,°C,GOOD
2025-02-12 00:00:00,PUMP101.BEARING_TEMP,66.60133333333333,°C,GOOD
2025-02-12 01:00:00,PUMP101.BEARING_TEMP,66.41566666666667,°C,GOOD
2025-02-12 02:00:00,PUMP101.BEARING_TEMP,65.613,°C,GOOD
2025-02-12 03:00:00,PUMP101.BEARING_TEMP,66.95433333333334,°C,GOOD
2025-02-12 04:00:00,PUMP101.BEARING_TEMP,65.98666666666666,°C,GOOD
2025-02-12 05:00:00,PUMP101.BEARING_TEMP,65.41199999999999,°C,GOOD
2025-02-12 06:00:00,PUMP101.BEARING_TEMP,65.72033333333334,°C,GOOD
2025-02-12 07:00:00,PUMP101.BEARING_TEMP,65.73566666666667,°C,GOOD
2025-02-12 08:00:00,PUMP101.BEARING_TEMP,66.276,°C,GOOD
2025-02-12 09:00:00,PUMP101.BEARING_TEMP,66.11633333333333,°C,GOOD
2025-02-12 10:00:00,PUMP101.BEARING_TEMP,66.08866666666665,°C,GOOD
2025-02-12 11:00:00,PUMP101.BEARING_TEMP,66.57000000000001,°C,GOOD
2025-02-12 12:00:00,PUMP101.BEARING_TEMP,66.43333333333334,°C,GOOD
2025-02-12 13:00:00,PUMP101.BEARING_TEMP,66.42466666666667,°C,BAD
2025-02-12 14:00:00,PUMP101.BEARING_TEMP,66.475,°C,GOOD
2025-02-12 15:00:00,PUMP101.BEARING_TEMP,66.58133333333333,°C,GOOD
2025-02-12 16:00:00,PUMP101.BEARING_TEMP,65.22266666666667,°C,GOOD
2025-02-12 17:00:00,PUMP101.BEARING_TEMP,66.098,°C,GOOD
2025-02-12 18:00:00,PUMP101.BEARING_TEMP,65.19333333333333,°C,GOOD
2025-02-12 19:00:00,PUMP101.BEARING_TEMP,66.30466666666666,°C,GOOD
2025-02-12 20:00:00,PUMP101.BEARING_TEMP,66.28800000000001,°C,GOOD
2025-02-12 21:00:00,PUMP101.BEARING_TEMP,66.81633333333333,°C,GOOD
2025-02-12 22:00:00,PUMP101.BEARING_TEMP,66.89066666666666,°C,GOOD
2025-02-12 23:00:00,PUMP101.BEARING_TEMP,66.401,°C,GOOD
2025-02-13 00:00:00,PUMP101.BEARING_TEMP,66.05333333333333,°C,BAD
2025-02-13 01:00:00,PUMP101.BEARING_TEMP,66.54966666666667,°C,GOOD
2025-02-13 02:00:00,PUMP101.BEARING_TEMP,66.046,°C,GOOD
2025-02-13 03:00:00,PUMP101.BEARING_TEMP,66.31233333333333,°C,GOOD
2025-02-13 04:00:00,PUMP101.BEARING_TEMP,66.80966666666666,°C,GOOD
2025-02-13 05:00:00,PUMP101.BEARING_TEMP,66.041,°C,GOOD
2025-02-13 06:00:00,PUMP101.BEARING_TEMP,66.72633333333334,°C,GOOD
2025-02-13 07:00:00,PUMP101.BEARING_TEMP,66.66566666666667,°C,GOOD
2025-02-13 08:00:00,PUMP101.BEARING_TEMP,65.853,°C,GOOD
2025-02-13 09:00:00,PUMP101.BEARING_TEMP,66.82033333333332,°C,GOOD
2025-02-13 10:00:00,PUMP101.BEARING_TEMP,66.68566666666668,°C,GOOD
2025-02-13 11:00:00,PUMP101.BEARING_TEMP,66.391,°C,GOOD
2025-02-13 12:00:00,PUMP101.BEARING_TEMP,65.96233333333333,°C,GOOD
2025-02-13 13:00:00,PUMP101.BEARING_TEMP,65.91666666666666,°C,GOOD
2025-02-13 14:00:00,PUMP101.BEARING_TEMP,66.08099999999999,°C,GOOD
2025-02-13 15:00:00,PUMP101.BEARING_TEMP,66.62433333333334,°C,GOOD
2025-02-13 16:00:00,PUMP101.BEARING_TEMP,65.87866666666667,°C,GOOD
2025-02-13 17:00:00,PUMP101.BEARING_TEMP,66.579,°C,GOOD
2025-02-13 18:00:00,PUMP101.BEARING_TEMP,65.74233333333333,°C,GOOD
2025-02-13 19:00:00,PUMP101.BEARING_TEMP,66.26466666666666,°C,GOOD
2025-02-13 20:00:00,PUMP101.BEARING_TEMP,66.42500000000001,°C,GOOD
2025-02-13 21:00:00,PUMP101.BEARING_TEMP,67.59633333333333,°C,GOOD
2025-02-13 22:00:00,PUMP101.BEARING_TEMP,65.68766666666667,°C,GOOD
2025-02-13 23:00:00,PUMP101.BEARING_TEMP,67.116,°C,GOOD
2025-02-14 00:00:00,PUMP101.BEARING_TEMP,66.45833333333334,°C,GOOD
2025-02-14 01:00:00,PUMP101.BEARING_TEMP,66.59266666666667,°C,GOOD
2025-02-14 02:00:00,PUMP101.BEARING_TEMP,66.449,°C,GOOD
2025-02-14 03:00:00,PUMP101.BEARING_TEMP,66.61533333333333,°C,GOOD
2025-02-14 04:00:00,PUMP101.BEARING_TEMP,66.31966666666666,°C,GOOD
2025-02-14 05:00:00,PUMP101.BEARING_TEMP,67.12700000000001,°C,GOOD
2025-02-14 06:00:00,PUMP101.BEARING_TEMP,66.17533333333334,°C,GOOD
2025-02-14 07:00:00,PUMP101.BEARING_TEMP,66.97266666666667,°C,GOOD
2025-02-14 08:00:00,PUMP101.BEARING_TEMP,66.088,°C,GOOD
2025-02-14 09:00:00,PUMP101.BEARING_TEMP,66.38333333333333,°C,GOOD
2025-02-14 10:00:00,PUMP101.BEARING_TEMP,65.88066666666667,°C,GOOD
2025-02-14 11:00:00,PUMP101.BEARING_TEMP,66.648,°C,GOOD
2025-02-14 12:00:00,PUMP101.BEARING_TEMP,67.14633333333333,°C,GOOD
2025-02-14 13:00:00,PUMP101.BEARING_TEMP,66.38766666666666,°C,GOOD
2025-02-14 14:00:00,PUMP101.BEARING_TEMP,66.33200000000001,°C,GOOD
2025-02-14 15:00:00,PUMP101.BEARING_TEMP,65.87633333333333,°C,GOOD
2025-02-14 16:00:00,PUMP101.BEARING_TEMP,66.32166666666667,°C,GOOD
2025-02-14 17:00:00,PUMP101.BEARING_TEMP,65.64399999999999,°C,GOOD
2025-02-14 18:00:00,PUMP101.BEARING_TEMP,65.98733333333332,°C,GOOD
2025-02-14 19:00:00,PUMP101.BEARING_TEMP,66.55966666666667,°C,GOOD
2025-02-14 20:00:00,PUMP101.BEARING_TEMP,67.11,°C,GOOD
2025-02-14 21:00:00,PUMP101.BEARING_TEMP,67.85833333333333,°C,GOOD
2025-02-14 22:00:00,PUMP101.BEARING_TEMP,66.16366666666666,°C,GOOD
2025-02-14 23:00:00,PUMP101.BEARING_TEMP,67.178,°C,GOOD
2025-02-15 00:00:00,PUMP101.BEARING_TEMP,66.58533333333334,°C,GOOD
2025-02-15 01:00:00,PUMP101.BEARING_TEMP,66.39066666666668,°C,GOOD
2025-02-15 02:00:00,PUMP101.BEARING_TEMP,66.68599999999999,°C,GOOD
2025-02-15 03:00:00,PUMP101.BEARING_TEMP,66.50433333333334,°C,GOOD
2025-02-15 04:00:00,PUMP101.BEARING_TEMP,66.53166666666667,°C,GOOD
2025-02-15 05:00:00,PUMP101.BEARING_TEMP,66.27600000000001,°C,GOOD
2025-02-15 06:00:00,PUMP101.BEARING_TEMP,65.78433333333334,°C,GOOD
2025-02-15 07:00:00,PUMP101.BEARING_TEMP,65.71466666666666,°C,GOOD
2025-02-15 08:00:00,PUMP101.BEARING_TEMP,66.817,°C,GOOD
2025-02-15 09:00:00,PUMP101.BEARING_TEMP,66.35533333333333,°C,GOOD
2025-02-15 10:00:00,PUMP101.BEARING_TEMP,66.19866666666667,°C,GOOD
2025-02-15 11:00:00,PUMP101.BEARING_TEMP,66.504,°C,GOOD
2025-02-15 12:00:00,PUMP101.BEARING_TEMP,66.90033333333334,°C,GOOD
2025-02-15 13:00:00,PUMP101.BEARING_TEMP,66.59666666666666,°C,GOOD
2025-02-15 14:00:00,PUMP101.BEARING_TEMP,66.182,°C,GOOD
2025-02-15 15:00:00,PUMP101.BEARING_TEMP,67.12633333333333,°C,GOOD
2025-02-15 16:00:00,PUMP101.BEARING_TEMP,67.30666666666667,°C,GOOD
2025-02-15 17:00:00,PUMP101.BEARING_TEMP,66.767,°C,GOOD
2025-02-15 18:00:00,PUMP101.BEARING_TEMP,67.01033333333334,°C,GOOD
2025-02-15 19:00:00,PUMP101.BEARING_TEMP,67.14766666666667,°C,GOOD
2025-02-15 20:00:00,PUMP101.BEARING_TEMP,67.095,°C,GOOD
2025-02-15 21:00:00,PUMP101.BEARING_TEMP,66.84033333333333,°C,GOOD
2025-02-15 22:00:00,PUMP101.BEARING_TEMP,66.83566666666667,°C,GOOD
2025-02-15 23:00:00,PUMP101.BEARING_TEMP,66.80000000000001,°C,GOOD
2025-02-16 00:00:00,PUMP101.BEARING_TEMP,65.99433333333333,°C,GOOD
2025-02-16 01:00:00,PUMP101.BEARING_TEMP,66.89666666666666,°C,GOOD
2025-02-16 02:00:00,PUMP101.BEARING_TEMP,65.872,°C,GOOD
2025-02-16 03:00:00,PUMP101.BEARING_TEMP,66.15633333333332,°C,GOOD
2025-02-16 04:00:00,PUMP101.BEARING_TEMP,67.20866666666667,°C,GOOD
2025-02-16 05:00:00,PUMP101.BEARING_TEMP,66.98,°C,GOOD
2025-02-16 06:00:00,PUMP101.BEARING_TEMP,67.30733333333333,°C,GOOD
2025-02-16 07:00:00,PUMP101.BEARING_TEMP,66.43066666666667,°C,GOOD
2025-02-16 08:00:00,PUMP101.BEARING_TEMP,65.994,°C,GOOD
2025-02-16 09:00:00,PUMP101.BEARING_TEMP,66.45333333333333,°C,GOOD
2025-02-16 10:00:00,PUMP101.BEARING_TEMP,66.62766666666667,°C,GOOD
2025-02-16 11:00:00,PUMP101.BEARING_TEMP,66.619,°C,GOOD
2025-02-16 12:00:00,PUMP101.BEARING_TEMP,67.15033333333332,°C,GOOD
2025-02-16 13:00:00,PUMP101.BEARING_TEMP,66.40566666666668,°C,GOOD
2025-02-16 14:00:00,PUMP101.BEARING_TEMP,66.766,°C,GOOD
2025-02-16 15:00:00,PUMP101.BEARING_TEMP,66.09933333333333,°C,GOOD
2025-02-16 16:00:00,PUMP101.BEARING_TEMP,66.82166666666666,°C,GOOD
2025-02-16 17:00:00,PUMP101.BEARING_TEMP,66.60199999999999,°C,GOOD
2025-02-16 18:00:00,PUMP101.BEARING_TEMP,66.22833333333334,°C,GOOD
2025-02-16 19:00:00,PUMP101.BEARING_TEMP,66.48866666666667,°C,GOOD
2025-02-16 20:00:00,PUMP101.BEARING_TEMP,66.518,°C,GOOD
2025-02-16 21:00:00,PUMP101.BEARING_TEMP,66.47833333333332,°C,GOOD
2025-02-16 22:00:00,PUMP101.BEARING_TEMP,67.50266666666666,°C,GOOD
2025-02-16 23:00:00,PUMP101.BEARING_TEMP,66.571,°C,GOOD
2025-02-17 00:00:00,PUMP101.BEARING_TEMP,66.50133333333333,°C,GOOD
2025-02-17 01:00:00,PUMP101.BEARING_TEMP,65.57766666666667,°C,GOOD
2025-02-17 02:00:00,PUMP101.BEARING_TEMP,66.18299999999999,°C,GOOD
2025-02-17 03:00:00,PUMP101.BEARING_TEMP,66.50133333333333,°C,GOOD
2025-02-17 04:00:00,PUMP101.BEARING_TEMP,66.29366666666667,°C,GOOD
2025-02-17 05:00:00,PUMP101.BEARING_TEMP,67.331,°C,GOOD
2025-02-17 06:00:00,PUMP101.BEARING_TEMP,66.56133333333334,°C,GOOD
2025-02-17 07:00:00,PUMP101.BEARING_TEMP,67.29066666666667,°C,BAD
2025-02-17 08:00:00,PUMP101.BEARING_TEMP,66.68100000000001,°C,GOOD
2025-02-17 09:00:00,PUMP101.BEARING_TEMP,66.67233333333334,°C,GOOD
2025-02-17 10:00:00,PUMP101.BEARING_TEMP,66.61266666666667,°C,GOOD
2025-02-17 11:00:00,PUMP101.BEARING_TEMP,66.66199999999999,°C,GOOD
2025-02-17 12:00:00,PUMP101.BEARING_TEMP,67.52233333333332,°C,GOOD
2025-02-17 13:00:00,PUMP101.BEARING_TEMP,65.50666666666667,°C,GOOD
2025-02-17 14:00:00,PUMP101.BEARING_TEMP,65.669,°C,GOOD
2025-02-17 15:00:00,PUMP101.BEARING_TEMP,66.40133333333333,°C,GOOD
2025-02-17 16:00:00,PUMP101.BEARING_TEMP,66.68366666666667,°C,GOOD
2025-02-17 17:00:00,PUMP101.BEARING_TEMP,67.025,°C,GOOD
2025-02-17 18:00:00,PUMP101.BEARING_TEMP,66.92033333333333,°C,GOOD
2025-02-17 19:00:00,PUMP101.BEARING_TEMP,66.49466666666667,°C,GOOD
2025-02-17 20:00:00,PUMP101.BEARING_TEMP,67.2,°C,GOOD
2025-02-17 21:00:00,PUMP101.BEARING_TEMP,67.20833333333333,°C,GOOD
2025-02-17 22:00:00,PUMP101.BEARING_TEMP,66.78866666666667,°C,GOOD
2025-02-17 23:00:00,PUMP101.BEARING_TEMP,67.181,°C,GOOD
2025-02-18 00:00:00,PUMP101.BEARING_TEMP,66.83933333333333,°C,GOOD
2025-02-18 01:00:00,PUMP101.BEARING_TEMP,66.42566666666666,°C,GOOD
2025-02-18 02:00:00,PUMP101.BEARING_TEMP,67.059,°C,GOOD
2025-02-18 03:00:00,PUMP101.BEARING_TEMP,66.76833333333335,°C,GOOD
2025-02-18 04:00:00,PUMP101.BEARING_TEMP,66.71766666666667,°C,GOOD
2025-02-18 05:00:00,PUMP101.BEARING_TEMP,67.456,°C,GOOD
2025-02-18 06:00:00,PUMP101.BEARING_TEMP,65.49833333333333,°C,GOOD
2025-02-18 07:00:00,PUMP101.BEARING_TEMP,66.01766666666666,°C,GOOD
2025-02-18 08:00:00,PUMP101.BEARING_TEMP,66.13600000000001,°C,GOOD
2025-02-18 09:00:00,PUMP101.BEARING_TEMP,66.55133333333333,°C,GOOD
2025-02-18 10:00:00,PUMP101.BEARING_TEMP,66.60966666666667,°C,GOOD
2025-02-18 11:00:00,PUMP101.BEARING_TEMP,65.98599999999999,°C,GOOD
2025-02-18 12:00:00,PUMP101.BEARING_TEMP,66.25033333333334,°C,GOOD
2025-02-18 13:00:00,PUMP101.BEARING_TEMP,66.31666666666666,°C,GOOD
2025-02-18 14:00:00,PUMP101.BEARING_TEMP,67.979,°C,GOOD
2025-02-18 15:00:00,PUMP101.BEARING_TEMP,67.65433333333333,°C,GOOD
2025-02-18 16:00:00,PUMP101.BEARING_TEMP,66.55066666666666,°C,GOOD
2025-02-18 17:00:00,PUMP101.BEARING_TEMP,66.578,°C,GOOD
2025-02-18 18:00:00,PUMP101.BEARING_TEMP,66.18833333333333,°C,GOOD
2025-02-18 19:00:00,PUMP101.BEARING_TEMP,65.81266666666667,°C,GOOD
2025-02-18 20:00:00,PUMP101.BEARING_TEMP,66.71199999999999,°C,GOOD
2025-02-18 21:00:00,PUMP101.BEARING_TEMP,66.27433333333335,°C,GOOD
2025-02-18 22:00:00,PUMP101.BEARING_TEMP,66.73466666666667,°C,GOOD
2025-02-18 23:00:00,PUMP101.BEARING_TEMP,65.98,°C,GOOD
2025-02-19 00:00:00,PUMP101.BEARING_TEMP,66.40233333333333,°C,GOOD
2025-02-19 01:00:00,PUMP101.BEARING_TEMP,66.86066666666666,°C,GOOD
2025-02-19 02:00:00,PUMP101.BEARING_TEMP,66.97300000000001,°C,GOOD
2025-02-19 03:00:00,PUMP101.BEARING_TEMP,67.00233333333334,°C,GOOD
2025-02-19 04:00:00,PUMP101.BEARING_TEMP,66.13666666666667,°C,GOOD
2025-02-19 05:00:00,PUMP101.BEARING_TEMP,67.227,°C,GOOD
2025-02-19 06:00:00,PUMP101.BEARING_TEMP,66.40333333333332,°C,GOOD
2025-02-19 07:00:00,PUMP101.BEARING_TEMP,67.12266666666667,°C,GOOD
2025-02-19 08:00:00,PUMP101.BEARING_TEMP,66.805,°C,GOOD
2025-02-19 09:00:00,PUMP101.BEARING_TEMP,66.12533333333333,°C,GOOD
2025-02-19 10:00:00,PUMP101.BEARING_TEMP,66.65866666666666,°C,GOOD
2025-02-19 11:00:00,PUMP101.BEARING_TEMP,67.003,°C,GOOD
2025-02-19 12:00:00,PUMP101.BEARING_TEMP,67.12933333333334,°C,GOOD
2025-02-19 13:00:00,PUMP101.BEARING_TEMP,66.75666666666667,°C,GOOD
2025-02-19 14:00:00,PUMP101.BEARING_TEMP,67.596,°C,GOOD
2025-02-19 15:00:00,PUMP101.BEARING_TEMP,67.33733333333333,°C,BAD
2025-02-19 16:00:00,PUMP101.BEARING_TEMP,66.70866666666667,°C,GOOD
2025-02-19 17:00:00,PUMP101.BEARING_TEMP,67.215,°C,GOOD
2025-02-19 18:00:00,PUMP101.BEARING_TEMP,67.81033333333333,°C,GOOD
2025-02-19 19:00:00,PUMP101.BEARING_TEMP,67.82666666666667,°C,GOOD
2025-02-19 20:00:00,PUMP101.BEARING_TEMP,66.23599999999999,°C,GOOD
2025-02-19 21:00:00,PUMP101.BEARING_TEMP,66.39033333333334,°C,GOOD
2025-02-19 22:00:00,PUMP101.BEARING_TEMP,67.59866666666667,°C,GOOD
2025-02-19 23:00:00,PUMP101.BEARING_TEMP,66.331,°C,GOOD
2025-02-20 00:00:00,PUMP101.BEARING_TEMP,66.20233333333333,°C,GOOD
2025-02-20 01:00:00,PUMP101.BEARING_TEMP,66.62366666666667,°C,GOOD
2025-02-20 02:00:00,PUMP101.BEARING_TEMP,67.08,°C,GOOD
2025-02-20 03:00:00,PUMP101.BEARING_TEMP,66.82233333333333,°C,GOOD
2025-02-20 04:00:00,PUMP101.BEARING_TEMP,66.55166666666666,°C,GOOD
2025-02-20 05:00:00,PUMP101.BEARING_TEMP,66.54299999999999,°C,GOOD
2025-02-20 06:00:00,PUMP101.BEARING_TEMP,66.52733333333335,°C,GOOD
2025-02-20 07:00:00,PUMP101.BEARING_TEMP,66.44666666666667,°C,GOOD
2025-02-20 08:00:00,PUMP101.BEARING_TEMP,68.031,°C,GOOD
2025-02-20 09:00:00,PUMP101.BEARING_TEMP,67.04233333333333,°C,GOOD
2025-02-20 10:00:00,PUMP101.BEARING_TEMP,67.33966666666666,°C,GOOD
2025-02-20 11:00:00,PUMP101.BEARING_TEMP,66.655,°C,GOOD
2025-02-20 12:00:00,PUMP101.BEARING_TEMP,66.81033333333333,°C,GOOD
2025-02-20 13:00:00,PUMP101.BEARING_TEMP,66.54966666666667,°C,GOOD
2025-02-20 14:00:00,PUMP101.BEARING_TEMP,65.584,°C,GOOD
2025-02-20 15:00:00,PUMP101.BEARING_TEMP,66.22433333333333,°C,GOOD
2025-02-20 16:00:00,PUMP101.BEARING_TEMP,66.01166666666667,°C,GOOD
2025-02-20 17:00:00,PUMP101.BEARING_TEMP,65.795,°C,GOOD
2025-02-20 18:00:00,PUMP101.BEARING_TEMP,66.32533333333333,°C,GOOD
2025-02-20 19:00:00,PUMP101.BEARING_TEMP,67.58866666666667,°C,GOOD
2025-02-20 20:00:00,PUMP101.BEARING_TEMP,66.908,°C,GOOD
2025-02-20 21:00:00,PUMP101.BEARING_TEMP,67.57833333333333,°C,GOOD
2025-02-20 22:00:00,PUMP101.BEARING_TEMP,67.14166666666667,°C,GOOD
2025-02-20 23:00:00,PUMP101.BEARING_TEMP,67.331,°C,GOOD
2025-02-21 00:00:00,PUMP101.BEARING_TEMP,66.49333333333333,°C,GOOD
2025-02-21 01:00:00,PUMP101.BEARING_TEMP,67.20866666666667,°C,GOOD
2025-02-21 02:00:00,PUMP101.BEARING_TEMP,67.31400000000001,°C,GOOD
2025-02-21 03:00:00,PUMP101.BEARING_TEMP,66.66533333333334,°C,GOOD
2025-02-21 04:00:00,PUMP101.BEARING_TEMP,67.23666666666666,°C,GOOD
2025-02-21 05:00:00,PUMP101.BEARING_TEMP,67.243,°C,GOOD
2025-02-21 06:00:00,PUMP101.BEARING_TEMP,66.68833333333333,°C,GOOD
2025-02-21 07:00:00,PUMP101.BEARING_TEMP,66.40566666666666,°C,GOOD
2025-02-21 08:00:00,PUMP101.BEARING_TEMP,66.378,°C,GOOD
2025-02-21 09:00:00,PUMP101.BEARING_TEMP,67.01633333333334,°C,GOOD
2025-02-21 10:00:00,PUMP101.BEARING_TEMP,67.14066666666668,°C,GOOD
2025-02-21 11:00:00,PUMP101.BEARING_TEMP,66.584,°C,GOOD
2025-02-21 12:00:00,PUMP101.BEARING_TEMP,66.99633333333334,°C,GOOD
2025-02-21 13:00:00,PUMP101.BEARING_TEMP,67.27166666666666,°C,GOOD
2025-02-21 14:00:00,PUMP101.BEARING_TEMP,67.29899999999999,°C,GOOD
2025-02-21 15:00:00,PUMP101.BEARING_TEMP,67.76933333333334,°C,GOOD
2025-02-21 16:00:00,PUMP101.BEARING_TEMP,67.63466666666667,°C,GOOD
2025-02-21 17:00:00,PUMP101.BEARING_TEMP,66.499,°C,GOOD
2025-02-21 18:00:00,PUMP101.BEARING_TEMP,67.84533333333333,°C,GOOD
2025-02-21 19:00:00,PUMP101.BEARING_TEMP,66.74166666666666,°C,GOOD
2025-02-21 20:00:00,PUMP101.BEARING_TEMP,67.53200000000001,°C,GOOD
2025-02-21 21:00:00,PUMP101.BEARING_TEMP,67.04733333333334,°C,GOOD
2025-02-21 22:00:00,PUMP101.BEARING_TEMP,66.81066666666666,°C,GOOD
2025-02-21 23:00:00,PUMP101.BEARING_TEMP,66.116,°C,GOOD
2025-02-22 00:00:00,PUMP101.BEARING_TEMP,66.93733333333333,°C,GOOD
2025-02-22 01:00:00,PUMP101.BEARING_TEMP,66.24666666666667,°C,GOOD
2025-02-22 02:00:00,PUMP101.BEARING_TEMP,67.514,°C,GOOD
2025-02-22 03:00:00,PUMP101.BEARING_TEMP,67.79133333333333,°C,GOOD
2025-02-22 04:00:00,PUMP101.BEARING_TEMP,66.63866666666667,°C,GOOD
2025-02-22 05:00:00,PUMP101.BEARING_TEMP,67.191,°C,BAD
2025-02-22 06:00:00,PUMP101.BEARING_TEMP,66.68033333333334,°C,GOOD
2025-02-22 07:00:00,PUMP101.BEARING_TEMP,66.73266666666667,°C,GOOD
2025-02-22 08:00:00,PUMP101.BEARING_TEMP,67.437,°C,GOOD
2025-02-22 09:00:00,PUMP101.BEARING_TEMP,67.03433333333332,°C,GOOD
2025-02-22 10:00:00,PUMP101.BEARING_TEMP,67.92666666666668,°C,GOOD
2025-02-22 11:00:00,PUMP101.BEARING_TEMP,66.819,°C,GOOD
2025-02-22 12:00:00,PUMP101.BEARING_TEMP,67.56333333333333,°C,GOOD
2025-02-22 13:00:00,PUMP101.BEARING_TEMP,67.11566666666667,°C,GOOD
2025-02-22 14:00:00,PUMP101.BEARING_TEMP,67.46799999999999,°C,GOOD
2025-02-22 15:00:00,PUMP101.BEARING_TEMP,66.84933333333333,°C,GOOD
2025-02-22 16:00:00,PUMP101.BEARING_TEMP,67.05166666666666,°C,GOOD
2025-02-22 17:00:00,PUMP101.BEARING_TEMP,67.02199999999999,°C,GOOD
2025-02-22 18:00:00,PUMP101.BEARING_TEMP,66.66533333333332,°C,GOOD
2025-02-22 19:00:00,PUMP101.BEARING_TEMP,67.41766666666668,°C,BAD
2025-02-22 20:00:00,PUMP101.BEARING_TEMP,67.415,°C,GOOD
2025-02-22 21:00:00,PUMP101.BEARING_TEMP,67.39033333333333,°C,GOOD
2025-02-22 22:00:00,PUMP101.BEARING_TEMP,67.86466666666666,°C,GOOD
2025-02-22 23:00:00,PUMP101.BEARING_TEMP,67.82499999999999,°C,GOOD
2025-02-23 00:00:00,PUMP101.BEARING_TEMP,66.91633333333334,°C,GOOD
2025-02-23 01:00:00,PUMP101.BEARING_TEMP,67.29366666666667,°C,GOOD
2025-02-23 02:00:00,PUMP101.BEARING_TEMP,66.798,°C,GOOD
2025-02-23 03:00:00,PUMP101.BEARING_TEMP,67.12533333333333,°C,GOOD
2025-02-23 04:00:00,PUMP101.BEARING_TEMP,66.81666666666666,°C,GOOD
2025-02-23 05:00:00,PUMP101.BEARING_TEMP,67.93,°C,BAD
2025-02-23 06:00:00,PUMP101.BEARING_TEMP,67.30533333333334,°C,GOOD
2025-02-23 07:00:00,PUMP101.BEARING_TEMP,67.01766666666667,°C,GOOD
2025-02-23 08:00:00,PUMP101.BEARING_TEMP,67.72699999999999,°C,GOOD
2025-02-23 09:00:00,PUMP101.BEARING_TEMP,66.04833333333333,°C,GOOD
2025-02-23 10:00:00,PUMP101.BEARING_TEMP,66.12966666666667,°C,GOOD
2025-02-23 11:00:00,PUMP101.BEARING_TEMP,67.538,°C,GOOD
2025-02-23 12:00:00,PUMP101.BEARING_TEMP,67.17333333333333,°C,GOOD
2025-02-23 13:00:00,PUMP101.BEARING_TEMP,67.27166666666666,°C,GOOD
2025-02-23 14:00:00,PUMP101.BEARING_TEMP,66.48700000000001,°C,GOOD
2025-02-23 15:00:00,PUMP101.BEARING_TEMP,67.14133333333334,°C,GOOD
2025-02-23 16:00:00,PUMP101.BEARING_TEMP,68.15866666666666,°C,GOOD
2025-02-23 17:00:00,PUMP101.BEARING_TEMP,67.572,°C,GOOD
2025-02-23 18:00:00,PUMP101.BEARING_TEMP,67.24833333333332,°C,GOOD
2025-02-23 19:00:00,PUMP101.BEARING_TEMP,66.94666666666667,°C,GOOD
2025-02-23 20:00:00,PUMP101.BEARING_TEMP,66.973,°C,GOOD
2025-02-23 21:00:00,PUMP101.BEARING_TEMP,66.10833333333333,°C,GOOD
2025-02-23 22:00:00,PUMP101.BEARING_TEMP,67.30566666666667,°C,GOOD
2025-02-23 23:00:00,PUMP101.BEARING_TEMP,67.60300000000001,°C,GOOD
2025-02-24 00:00:00,PUMP101.BEARING_TEMP,66.39533333333334,°C,GOOD
2025-02-24 01:00:00,PUMP101.BEARING_TEMP,66.85566666666666,°C,GOOD
2025-02-24 02:00:00,PUMP101.BEARING_TEMP,66.611,°C,GOOD
2025-02-24 03:00:00,PUMP101.BEARING_TEMP,66.71033333333332,°C,GOOD
2025-02-24 04:00:00,PUMP101.BEARING_TEMP,67.22366666666667,°C,GOOD
2025-02-24 05:00:00,PUMP101.BEARING_TEMP,66.158,°C,GOOD
2025-02-24 06:00:00,PUMP101.BEARING_TEMP,67.51033333333334,°C,GOOD
2025-02-24 07:00:00,PUMP101.BEARING_TEMP,67.58366666666666,°C,GOOD
2025-02-24 08:00:00,PUMP101.BEARING_TEMP,67.08399999999999,°C,GOOD
2025-02-24 09:00:00,PUMP101.BEARING_TEMP,65.97333333333333,°C,GOOD
2025-02-24 10:00:00,PUMP101.BEARING_TEMP,66.71866666666666,°C,BAD
2025-02-24 11:00:00,PUMP101.BEARING_TEMP,67.836,°C,GOOD
2025-02-24 12:00:00,PUMP101.BEARING_TEMP,65.83433333333333,°C,GOOD
2025-02-24 13:00:00,PUMP101.BEARING_TEMP,67.05266666666665,°C,GOOD
2025-02-24 14:00:00,PUMP101.BEARING_TEMP,66.64,°C,GOOD
2025-02-24 15:00:00,PUMP101.BEARING_TEMP,67.63533333333334,°C,GOOD
2025-02-24 16:00:00,PUMP101.BEARING_TEMP,66.89866666666667,°C,GOOD
2025-02-24 17:00:00,PUMP101.BEARING_TEMP,67.442,°C,GOOD
2025-02-24 18:00:00,PUMP101.BEARING_TEMP,67.52633333333334,°C,GOOD
2025-02-24 19:00:00,PUMP101.BEARING_TEMP,68.16466666666668,°C,GOOD
2025-02-24 20:00:00,PUMP101.BEARING_TEMP,67.149,°C,GOOD
2025-02-24 21:00:00,PUMP101.BEARING_TEMP,67.44133333333333,°C,BAD
2025-02-24 22:00:00,PUMP101.BEARING_TEMP,66.51366666666667,°C,GOOD
2025-02-24 23:00:00,PUMP101.BEARING_TEMP,67.855,°C,GOOD
2025-02-25 00:00:00,PUMP101.BEARING_TEMP,66.88333333333334,°C,GOOD
2025-02-25 01:00:00,PUMP101.BEARING_TEMP,66.98666666666666,°C,GOOD
2025-02-25 02:00:00,PUMP101.BEARING_TEMP,67.259,°C,GOOD
2025-02-25 03:00:00,PUMP101.BEARING_TEMP,66.49233333333333,°C,GOOD
2025-02-25 04:00:00,PUMP101.BEARING_TEMP,67.39066666666668,°C,GOOD
2025-02-25 05:00:00,PUMP101.BEARING_TEMP,67.764,°C,GOOD
2025-02-25 06:00:00,PUMP101.BEARING_TEMP,67.42933333333333,°C,GOOD
2025-02-25 07:00:00,PUMP101.BEARING_TEMP,66.49266666666666,°C,GOOD
2025-02-25 08:00:00,PUMP101.BEARING_TEMP,67.22800000000001,°C,GOOD
2025-02-25 09:00:00,PUMP101.BEARING_TEMP,67.66433333333333,°C,GOOD
2025-02-25 10:00:00,PUMP101.BEARING_TEMP,66.35766666666667,°C,GOOD
2025-02-25 11:00:00,PUMP101.BEARING_TEMP,66.76299999999999,°C,GOOD
2025-02-25 12:00:00,PUMP101.BEARING_TEMP,67.74133333333333,°C,GOOD
2025-02-25 13:00:00,PUMP101.BEARING_TEMP,67.44166666666668,°C,GOOD
2025-02-25 14:00:00,PUMP101.BEARING_TEMP,67.516,°C,GOOD
2025-02-25 15:00:00,PUMP101.BEARING_TEMP,68.24333333333334,°C,GOOD
2025-02-25 16:00:00,PUMP101.BEARING_TEMP,67.55066666666666,°C,GOOD
2025-02-25 17:00:00,PUMP101.BEARING_TEMP,67.64899999999999,°C,GOOD
2025-02-25 18:00:00,PUMP101.BEARING_TEMP,68.67833333333334,°C,GOOD
2025-02-25 19:00:00,PUMP101.BEARING_TEMP,67.21966666666667,°C,GOOD
2025-02-25 20:00:00,PUMP101.BEARING_TEMP,66.931,°C,GOOD
2025-02-25 21:00:00,PUMP101.BEARING_TEMP,67.54733333333333,°C,GOOD
2025-02-25 22:00:00,PUMP101.BEARING_TEMP,67.55566666666667,°C,GOOD
2025-02-25 23:00:00,PUMP101.BEARING_TEMP,67.077,°C,GOOD
2025-02-26 00:00:00,PUMP101.BEARING_TEMP,66.82733333333333,°C,GOOD
2025-02-26 01:00:00,PUMP101.BEARING_TEMP,68.50166666666667,°C,GOOD
2025-02-26 02:00:00,PUMP101.BEARING_TEMP,67.51299999999999,°C,BAD
2025-02-26 03:00:00,PUMP101.BEARING_TEMP,66.98733333333334,°C,GOOD
2025-02-26 04:00:00,PUMP101.BEARING_TEMP,67.81466666666667,°C,GOOD
2025-02-26 05:00:00,PUMP101.BEARING_TEMP,67.30499999999999,°C,GOOD
2025-02-26 06:00:00,PUMP101.BEARING_TEMP,67.23733333333332,°C,GOOD
2025-02-26 07:00:00,PUMP101.BEARING_TEMP,67.64766666666667,°C,GOOD
2025-02-26 08:00:00,PUMP101.BEARING_TEMP,66.724,°C,GOOD
2025-02-26 09:00:00,PUMP101.BEARING_TEMP,67.54933333333334,°C,GOOD
2025-02-26 10:00:00,PUMP101.BEARING_TEMP,68.33266666666667,°C,GOOD
2025-02-26 11:00:00,PUMP101.BEARING_TEMP,67.613,°C,GOOD
2025-02-26 12:00:00,PUMP101.BEARING_TEMP,67.19533333333334,°C,GOOD
2025-02-26 13:00:00,PUMP101.BEARING_TEMP,67.13266666666667,°C,GOOD
2025-02-26 14:00:00,PUMP101.BEARING_TEMP,67.185,°C,GOOD
2025-02-26 15:00:00,PUMP101.BEARING_TEMP,67.26633333333334,°C,GOOD
2025-02-26 16:00:00,PUMP101.BEARING_TEMP,67.20766666666667,°C,GOOD
2025-02-26 17:00:00,PUMP101.BEARING_TEMP,67.858,°C,GOOD
2025-02-26 18:00:00,PUMP101.BEARING_TEMP,66.53633333333333,°C,GOOD
2025-02-26 19:00:00,PUMP101.BEARING_TEMP,67.83766666666666,°C,GOOD
2025-02-26 20:00:00,PUMP101.BEARING_TEMP,67.22,°C,GOOD
2025-02-26 21:00:00,PUMP101.BEARING_TEMP,67.60133333333333,°C,GOOD
2025-02-26 22:00:00,PUMP101.BEARING_TEMP,66.85366666666667,°C,GOOD
2025-02-26 23:00:00,PUMP101.BEARING_TEMP,68.084,°C,GOOD
2025-02-27 00:00:00,PUMP101.BEARING_TEMP,68.04633333333334,°C,GOOD
2025-02-27 01:00:00,PUMP101.BEARING_TEMP,67.90666666666667,°C,GOOD
2025-02-27 02:00:00,PUMP101.BEARING_TEMP,66.673,°C,GOOD
2025-02-27 03:00:00,PUMP101.BEARING_TEMP,67.84833333333334,°C,GOOD
2025-02-27 04:00:00,PUMP101.BEARING_TEMP,67.63866666666667,°C,GOOD
2025-02-27 05:00:00,PUMP101.BEARING_TEMP,66.637,°C,GOOD
2025-02-27 06:00:00,PUMP101.BEARING_TEMP,67.43133333333333,°C,GOOD
2025-02-27 07:00:00,PUMP101.BEARING_TEMP,67.62866666666667,°C,GOOD
2025-02-27 08:00:00,PUMP101.BEARING_TEMP,67.72800000000001,°C,GOOD
2025-02-27 09:00:00,PUMP101.BEARING_TEMP,67.54233333333333,°C,GOOD
2025-02-27 10:00:00,PUMP101.BEARING_TEMP,67.60266666666666,°C,GOOD
2025-02-27 11:00:00,PUMP101.BEARING_TEMP,68.19699999999999,°C,GOOD
2025-02-27 12:00:00,PUMP101.BEARING_TEMP,68.07633333333334,°C,GOOD
2025-02-27 13:00:00,PUMP101.BEARING_TEMP,66.03266666666667,°C,GOOD
2025-02-27 14:00:00,PUMP101.BEARING_TEMP,67.31099999999999,°C,GOOD
2025-02-27 15:00:00,PUMP101.BEARING_TEMP,67.39133333333334,°C,GOOD
2025-02-27 16:00:00,PUMP101.BEARING_TEMP,66.60066666666665,°C,GOOD
2025-02-27 17:00:00,PUMP101.BEARING_TEMP,67.527,°C,GOOD
2025-02-27 18:00:00,PUMP101.BEARING_TEMP,68.10733333333333,°C,GOOD
2025-02-27 19:00:00,PUMP101.BEARING_TEMP,66.94366666666666,°C,GOOD
2025-02-27 20:00:00,PUMP101.BEARING_TEMP,67.658,°C,GOOD
2025-02-27 21:00:00,PUMP101.BEARING_TEMP,67.03533333333334,°C,GOOD
2025-02-27 22:00:00,PUMP101.BEARING_TEMP,67.16066666666667,°C,GOOD
2025-02-27 23:00:00,PUMP101.BEARING_TEMP,68.239,°C,GOOD
2025-02-28 00:00:00,PUMP101.BEARING_TEMP,67.23233333333333,°C,GOOD
2025-02-28 01:00:00,PUMP101.BEARING_TEMP,67.73766666666666,°C,GOOD
2025-02-28 02:00:00,PUMP101.BEARING_TEMP,66.574,°C,GOOD
2025-02-28 03:00:00,PUMP101.BEARING_TEMP,68.44433333333333,°C,GOOD
2025-02-28 04:00:00,PUMP101.BEARING_TEMP,67.81766666666667,°C,GOOD
2025-02-28 05:00:00,PUMP101.BEARING_TEMP,67.429,°C,GOOD
2025-02-28 06:00:00,PUMP101.BEARING_TEMP,67.81133333333332,°C,GOOD
2025-02-28 07:00:00,PUMP101.BEARING_TEMP,66.82166666666667,°C,GOOD
2025-02-28 08:00:00,PUMP101.BEARING_TEMP,68.121,°C,GOOD
2025-02-28 09:00:00,PUMP101.BEARING_TEMP,67.37133333333333,°C,GOOD
2025-02-28 10:00:00,PUMP101.BEARING_TEMP,67.43466666666666,°C,GOOD
2025-02-28 11:00:00,PUMP101.BEARING_TEMP,67.29400000000001,°C,GOOD
2025-02-28 12:00:00,PUMP101.BEARING_TEMP,67.25333333333333,°C,GOOD
2025-02-28 13:00:00,PUMP101.BEARING_TEMP,67.89366666666666,°C,GOOD
2025-02-28 14:00:00,PUMP101.BEARING_TEMP,67.678,°C,GOOD
2025-02-28 15:00:00,PUMP101.BEARING_TEMP,67.87933333333332,°C,GOOD
2025-02-28 16:00:00,PUMP101.BEARING_TEMP,67.55266666666667,°C,GOOD
2025-02-28 17:00:00,PUMP101.BEARING_TEMP,67.81700000000001,°C,GOOD
2025-02-28 18:00:00,PUMP101.BEARING_TEMP,67.35433333333333,°C,GOOD
2025-02-28 19:00:00,PUMP101.BEARING_TEMP,68.68166666666666,°C,GOOD
2025-02-28 20:00:00,PUMP101.BEARING_TEMP,66.78599999999999,°C,GOOD
2025-02-28 21:00:00,PUMP101.BEARING_TEMP,68.20333333333333,°C,GOOD
2025-02-28 22:00:00,PUMP101.BEARING_TEMP,68.26066666666667,°C,GOOD
2025-02-28 23:00:00,PUMP101.BEARING_TEMP,67.154,°C,GOOD
2025-03-01 00:00:00,PUMP101.BEARING_TEMP,68.69833333333332,°C,GOOD
2025-03-01 01:00:00,PUMP101.BEARING_TEMP,68.08466666666668,°C,GOOD
2025-03-01 02:00:00,PUMP101.BEARING_TEMP,68.07600000000001,°C,GOOD
2025-03-01 03:00:00,PUMP101.BEARING_TEMP,67.60733333333333,°C,GOOD
2025-03-01 04:00:00,PUMP101.BEARING_TEMP,67.48766666666667,°C,BAD
2025-03-01 05:00:00,PUMP101.BEARING_TEMP,67.49499999999999,°C,GOOD
2025-03-01 06:00:00,PUMP101.BEARING_TEMP,67.79833333333333,°C,GOOD
2025-03-01 07:00:00,PUMP101.BEARING_TEMP,68.30766666666666,°C,GOOD
2025-03-01 08:00:00,PUMP101.BEARING_TEMP,67.701,°C,GOOD
2025-03-01 09:00:00,PUMP101.BEARING_TEMP,67.15733333333333,°C,GOOD
2025-03-01 10:00:00,PUMP101.BEARING_TEMP,68.02866666666667,°C,GOOD
2025-03-01 11:00:00,PUMP101.BEARING_TEMP,68.081,°C,GOOD
2025-03-01 12:00:00,PUMP101.BEARING_TEMP,67.95033333333333,°C,GOOD
2025-03-01 13:00:00,PUMP101.BEARING_TEMP,67.99966666666667,°C,GOOD
2025-03-01 14:00:00,PUMP101.BEARING_TEMP,67.49499999999999,°C,GOOD
2025-03-01 15:00:00,PUMP101.BEARING_TEMP,67.16933333333334,°C,GOOD
2025-03-01 16:00:00,PUMP101.BEARING_TEMP,67.20266666666667,°C,GOOD
2025-03-01 17:00:00,PUMP101.BEARING_TEMP,66.822,°C,GOOD
2025-03-01 18:00:00,PUMP101.BEARING_TEMP,67.76133333333333,°C,GOOD
2025-03-01 19:00:00,PUMP101.BEARING_TEMP,67.60466666666666,°C,GOOD
2025-03-01 20:00:00,PUMP101.BEARING_TEMP,67.43,°C,GOOD
2025-03-01 21:00:00,PUMP101.BEARING_TEMP,66.17533333333333,°C,GOOD
2025-03-01 22:00:00,PUMP101.BEARING_TEMP,67.03266666666667,°C,GOOD
2025-03-01 23:00:00,PUMP101.BEARING_TEMP,68.22,°C,GOOD
2025-03-02 00:00:00,PUMP101.BEARING_TEMP,67.33133333333333,°C,GOOD
2025-03-02 01:00:00,PUMP101.BEARING_TEMP,67.84666666666668,°C,GOOD
2025-03-02 02:00:00,PUMP101.BEARING_TEMP,66.97500000000001,°C,GOOD
2025-03-02 03:00:00,PUMP101.BEARING_TEMP,68.39233333333333,°C,GOOD
2025-03-02 04:00:00,PUMP101.BEARING_TEMP,67.60466666666666,°C,GOOD
2025-03-02 05:00:00,PUMP101.BEARING_TEMP,67.825,°C,GOOD
2025-03-02 06:00:00,PUMP101.BEARING_TEMP,68.84633333333333,°C,GOOD
2025-03-02 07:00:00,PUMP101.BEARING_TEMP,68.44466666666666,°C,GOOD
2025-03-02 08:00:00,PUMP101.BEARING_TEMP,67.53699999999999,°C,GOOD
2025-03-02 09:00:00,PUMP101.BEARING_TEMP,67.39633333333333,°C,GOOD
2025-03-02 10:00:00,PUMP101.BEARING_TEMP,67.53366666666668,°C,GOOD
2025-03-02 11:00:00,PUMP101.BEARING_TEMP,67.955,°C,GOOD
2025-03-02 12:00:00,PUMP101.BEARING_TEMP,67.65033333333334,°C,GOOD
2025-03-02 13:00:00,PUMP101.BEARING_TEMP,67.50866666666667,°C,GOOD
2025-03-02 14:00:00,PUMP101.BEARING_TEMP,68.44399999999999,°C,GOOD
2025-03-02 15:00:00,PUMP101.BEARING_TEMP,67.65633333333334,°C,GOOD
2025-03-02 16:00:00,PUMP101.BEARING_TEMP,68.86666666666667,°C,GOOD
2025-03-02 17:00:00,PUMP101.BEARING_TEMP,67.765,°C,GOOD
2025-03-02 18:00:00,PUMP101.BEARING_TEMP,68.61633333333333,°C,GOOD
2025-03-02 19:00:00,PUMP101.BEARING_TEMP,67.90566666666668,°C,GOOD
2025-03-02 20:00:00,PUMP101.BEARING_TEMP,68.211,°C,GOOD
2025-03-02 21:00:00,PUMP101.BEARING_TEMP,67.37133333333334,°C,GOOD
2025-03-02 22:00:00,PUMP101.BEARING_TEMP,67.30966666666666,°C,GOOD
2025-03-02 23:00:00,PUMP101.BEARING_TEMP,67.97,°C,GOOD
2025-03-03 00:00:00,PUMP101.BEARING_TEMP,68.23733333333334,°C,GOOD
2025-03-03 01:00:00,PUMP101.BEARING_TEMP,67.76666666666667,°C,GOOD
2025-03-03 02:00:00,PUMP101.BEARING_TEMP,67.107,°C,GOOD
2025-03-03 03:00:00,PUMP101.BEARING_TEMP,67.07333333333332,°C,GOOD
2025-03-03 04:00:00,PUMP101.BEARING_TEMP,67.04266666666666,°C,GOOD
2025-03-03 05:00:00,PUMP101.BEARING_TEMP,66.876,°C,GOOD
2025-03-03 06:00:00,PUMP101.BEARING_TEMP,67.81833333333334,°C,GOOD
2025-03-03 07:00:00,PUMP101.BEARING_TEMP,68.32966666666667,°C,GOOD
2025-03-03 08:00:00,PUMP101.BEARING_TEMP,67.76299999999999,°C,GOOD
2025-03-03 09:00:00,PUMP101.BEARING_TEMP,66.64333333333333,°C,GOOD
2025-03-03 10:00:00,PUMP101.BEARING_TEMP,67.68166666666667,°C,GOOD
2025-03-03 11:00:00,PUMP101.BEARING_TEMP,67.699,°C,GOOD
2025-03-03 12:00:00,PUMP101.BEARING_TEMP,68.83133333333333,°C,GOOD
2025-03-03 13:00:00,PUMP101.BEARING_TEMP,67.05766666666666,°C,GOOD
2025-03-03 14:00:00,PUMP101.BEARING_TEMP,67.59500000000001,°C,GOOD
2025-03-03 15:00:00,PUMP101.BEARING_TEMP,68.64633333333333,°C,GOOD
2025-03-03 16:00:00,PUMP101.BEARING_TEMP,68.02166666666666,°C,GOOD
2025-03-03 17:00:00,PUMP101.BEARING_TEMP,68.082,°C,GOOD
2025-03-03 18:00:00,PUMP101.BEARING_TEMP,67.86033333333333,°C,GOOD
2025-03-03 19:00:00,PUMP101.BEARING_TEMP,67.97166666666668,°C,GOOD
2025-03-03 20:00:00,PUMP101.BEARING_TEMP,68.199,°C,GOOD
2025-03-03 21:00:00,PUMP101.BEARING_TEMP,67.40833333333333,°C,GOOD
2025-03-03 22:00:00,PUMP101.BEARING_TEMP,68.25566666666666,°C,GOOD
2025-03-03 23:00:00,PUMP101.BEARING_TEMP,67.133,°C,GOOD
2025-03-04 00:00:00,PUMP101.BEARING_TEMP,67.98733333333334,°C,GOOD
2025-03-04 01:00:00,PUMP101.BEARING_TEMP,67.91566666666667,°C,GOOD
2025-03-04 02:00:00,PUMP101.BEARING_TEMP,67.52199999999999,°C,GOOD
2025-03-04 03:00:00,PUMP101.BEARING_TEMP,67.82233333333333,°C,GOOD
2025-03-04 04:00:00,PUMP101.BEARING_TEMP,67.52566666666667,°C,GOOD
2025-03-04 05:00:00,PUMP101.BEARING_TEMP,67.304,°C,GOOD
2025-03-04 06:00:00,PUMP101.BEARING_TEMP,67.66633333333333,°C,GOOD
2025-03-04 07:00:00,PUMP101.BEARING_TEMP,67.29466666666666,°C,GOOD
2025-03-04 08:00:00,PUMP101.BEARING_TEMP,68.011,°C,GOOD
2025-03-04 09:00:00,PUMP101.BEARING_TEMP,67.27833333333334,°C,GOOD
2025-03-04 10:00:00,PUMP101.BEARING_TEMP,68.21266666666666,°C,GOOD
2025-03-04 11:00:00,PUMP101.BEARING_TEMP,67.269,°C,GOOD
2025-03-04 12:00:00,PUMP101.BEARING_TEMP,67.58033333333333,°C,GOOD
2025-03-04 13:00:00,PUMP101.BEARING_TEMP,67.55466666666666,°C,GOOD
2025-03-04 14:00:00,PUMP101.BEARING_TEMP,68.533,°C,GOOD
2025-03-04 15:00:00,PUMP101.BEARING_TEMP,68.03833333333334,°C,GOOD
2025-03-04 16:00:00,PUMP101.BEARING_TEMP,67.77066666666667,°C,GOOD
2025-03-04 17:00:00,PUMP101.BEARING_TEMP,68.12899999999999,°C,GOOD
2025-03-04 18:00:00,PUMP101.BEARING_TEMP,66.82933333333334,°C,GOOD
2025-03-04 19:00:00,PUMP101.BEARING_TEMP,67.86466666666666,°C,GOOD
2025-03-04 20:00:00,PUMP101.BEARING_TEMP,68.889,°C,GOOD
2025-03-04 21:00:00,PUMP101.BEARING_TEMP,67.95933333333333,°C,GOOD
2025-03-04 22:00:00,PUMP101.BEARING_TEMP,67.93066666666667,°C,GOOD
2025-03-04 23:00:00,PUMP101.BEARING_TEMP,68.174,°C,GOOD
2025-03-05 00:00:00,PUMP101.BEARING_TEMP,68.35133333333333,°C,GOOD
2025-03-05 01:00:00,PUMP101.BEARING_TEMP,66.90766666666667,°C,GOOD
2025-03-05 02:00:00,PUMP101.BEARING_TEMP,67.069,°C,GOOD
2025-03-05 03:00:00,PUMP101.BEARING_TEMP,68.01833333333333,°C,GOOD
2025-03-05 04:00:00,PUMP101.BEARING_TEMP,67.55966666666667,°C,GOOD
2025-03-05 05:00:00,PUMP101.BEARING_TEMP,68.57600000000001,°C,GOOD
2025-03-05 06:00:00,PUMP101.BEARING_TEMP,67.76533333333333,°C,GOOD
2025-03-05 07:00:00,PUMP101.BEARING_TEMP,66.95966666666666,°C,GOOD
2025-03-05 08:00:00,PUMP101.BEARING_TEMP,67.296,°C,GOOD
2025-03-05 09:00:00,PUMP101.BEARING_TEMP,66.55833333333334,°C,GOOD
2025-03-05 10:00:00,PUMP101.BEARING_TEMP,67.81966666666666,°C,GOOD
2025-03-05 11:00:00,PUMP101.BEARING_TEMP,67.846,°C,GOOD
2025-03-05 12:00:00,PUMP101.BEARING_TEMP,67.73133333333332,°C,GOOD
2025-03-05 13:00:00,PUMP101.BEARING_TEMP,68.48566666666667,°C,GOOD
2025-03-05 14:00:00,PUMP101.BEARING_TEMP,68.549,°C,GOOD
2025-03-05 15:00:00,PUMP101.BEARING_TEMP,67.86833333333334,°C,GOOD
2025-03-05 16:00:00,PUMP101.BEARING_TEMP,66.88966666666667,°C,GOOD
2025-03-05 17:00:00,PUMP101.BEARING_TEMP,68.26899999999999,°C,GOOD
2025-03-05 18:00:00,PUMP101.BEARING_TEMP,68.24133333333334,°C,GOOD
2025-03-05 19:00:00,PUMP101.BEARING_TEMP,68.12166666666667,°C,GOOD
2025-03-05 20:00:00,PUMP101.BEARING_TEMP,68.461,°C,GOOD
2025-03-05 21:00:00,PUMP101.BEARING_TEMP,67.39133333333334,°C,GOOD
2025-03-05 22:00:00,PUMP101.BEARING_TEMP,68.98066666666668,°C,GOOD
2025-03-05 23:00:00,PUMP101.BEARING_TEMP,67.5,°C,GOOD
2025-03-06 00:00:00,PUMP101.BEARING_TEMP,68.35833333333333,°C,GOOD
2025-03-06 01:00:00,PUMP101.BEARING_TEMP,67.14266666666667,°C,GOOD
2025-03-06 02:00:00,PUMP101.BEARING_TEMP,67.52499999999999,°C,GOOD
2025-03-06 03:00:00,PUMP101.BEARING_TEMP,68.75133333333333,°C,GOOD
2025-03-06 04:00:00,PUMP101.BEARING_TEMP,67.86666666666667,°C,GOOD
2025-03-06 05:00:00,PUMP101.BEARING_TEMP,68.42,°C,GOOD
2025-03-06 06:00:00,PUMP101.BEARING_TEMP,68.12133333333333,°C,GOOD
2025-03-06 07:00:00,PUMP101.BEARING_TEMP,67.95466666666665,°C,GOOD
2025-03-06 08:00:00,PUMP101.BEARING_TEMP,68.69200000000001,°C,GOOD
2025-03-06 09:00:00,PUMP101.BEARING_TEMP,67.89533333333334,°C,GOOD
2025-03-06 10:00:00,PUMP101.BEARING_TEMP,67.12666666666667,°C,GOOD
2025-03-06 11:00:00,PUMP101.BEARING_TEMP,67.618,°C,GOOD
2025-03-06 12:00:00,PUMP101.BEARING_TEMP,68.29933333333332,°C,GOOD
2025-03-06 13:00:00,PUMP101.BEARING_TEMP,68.22466666666666,°C,GOOD
2025-03-06 14:00:00,PUMP101.BEARING_TEMP,67.246,°C,GOOD
2025-03-06 15:00:00,PUMP101.BEARING_TEMP,67.67133333333334,°C,GOOD
2025-03-06 16:00:00,PUMP101.BEARING_TEMP,67.74566666666666,°C,GOOD
2025-03-06 17:00:00,PUMP101.BEARING_TEMP,67.857,°C,GOOD
2025-03-06 18:00:00,PUMP101.BEARING_TEMP,67.35533333333333,°C,GOOD
2025-03-06 19:00:00,PUMP101.BEARING_TEMP,67.73266666666667,°C,GOOD
2025-03-06 20:00:00,PUMP101.BEARING_TEMP,67.68599999999999,°C,GOOD
2025-03-06 21:00:00,PUMP101.BEARING_TEMP,68.43933333333332,°C,GOOD
2025-03-06 22:00:00,PUMP101.BEARING_TEMP,68.46166666666667,°C,GOOD
2025-03-06 23:00:00,PUMP101.BEARING_TEMP,67.98700000000001,°C,GOOD
2025-03-07 00:00:00,PUMP101.BEARING_TEMP,67.86733333333333,°C,GOOD
2025-03-07 01:00:00,PUMP101.BEARING_TEMP,68.13666666666666,°C,GOOD
2025-03-07 02:00:00,PUMP101.BEARING_TEMP,67.662,°C,GOOD
2025-03-07 03:00:00,PUMP101.BEARING_TEMP,67.50033333333334,°C,GOOD
2025-03-07 04:00:00,PUMP101.BEARING_TEMP,67.60666666666667,°C,GOOD
2025-03-07 05:00:00,PUMP101.BEARING_TEMP,67.763,°C,GOOD
2025-03-07 06:00:00,PUMP101.BEARING_TEMP,67.50133333333333,°C,GOOD
2025-03-07 07:00:00,PUMP101.BEARING_TEMP,68.16766666666668,°C,GOOD
2025-03-07 08:00:00,PUMP101.BEARING_TEMP,68.455,°C,GOOD
2025-03-07 09:00:00,PUMP101.BEARING_TEMP,67.29933333333334,°C,GOOD
2025-03-07 10:00:00,PUMP101.BEARING_TEMP,68.10966666666667,°C,GOOD
2025-03-07 11:00:00,PUMP101.BEARING_TEMP,67.99,°C,GOOD
2025-03-07 12:00:00,PUMP101.BEARING_TEMP,68.27433333333335,°C,GOOD
2025-03-07 13:00:00,PUMP101.BEARING_TEMP,68.10066666666667,°C,GOOD
2025-03-07 14:00:00,PUMP101.BEARING_TEMP,67.383,°C,GOOD
2025-03-07 15:00:00,PUMP101.BEARING_TEMP,67.48233333333333,°C,GOOD
2025-03-07 16:00:00,PUMP101.BEARING_TEMP,68.13166666666666,°C,GOOD
2025-03-07 17:00:00,PUMP101.BEARING_TEMP,68.634,°C,GOOD
2025-03-07 18:00:00,PUMP101.BEARING_TEMP,67.01633333333334,°C,GOOD
2025-03-07 19:00:00,PUMP101.BEARING_TEMP,68.29966666666667,°C,GOOD
2025-03-07 20:00:00,PUMP101.BEARING_TEMP,68.725,°C,GOOD
2025-03-07 21:00:00,PUMP101.BEARING_TEMP,68.05633333333334,°C,GOOD
2025-03-07 22:00:00,PUMP101.BEARING_TEMP,68.41166666666668,°C,GOOD
2025-03-07 23:00:00,PUMP101.BEARING_TEMP,67.788,°C,GOOD
2025-03-08 00:00:00,PUMP101.BEARING_TEMP,68.08333333333333,°C,GOOD
2025-03-08 01:00:00,PUMP101.BEARING_TEMP,67.33666666666666,°C,GOOD
2025-03-08 02:00:00,PUMP101.BEARING_TEMP,66.97800000000001,°C,GOOD
2025-03-08 03:00:00,PUMP101.BEARING_TEMP,68.62433333333334,°C,GOOD
2025-03-08 04:00:00,PUMP101.BEARING_TEMP,67.66466666666666,°C,GOOD
2025-03-08 05:00:00,PUMP101.BEARING_TEMP,67.932,°C,GOOD
2025-03-08 06:00:00,PUMP101.BEARING_TEMP,67.47033333333333,°C,GOOD
2025-03-08 07:00:00,PUMP101.BEARING_TEMP,67.46166666666667,°C,GOOD
2025-03-08 08:00:00,PUMP101.BEARING_TEMP,68.083,°C,GOOD
2025-03-08 09:00:00,PUMP101.BEARING_TEMP,67.80833333333334,°C,GOOD
2025-03-08 10:00:00,PUMP101.BEARING_TEMP,68.36566666666666,°C,GOOD
2025-03-08 11:00:00,PUMP101.BEARING_TEMP,68.406,°C,GOOD
2025-03-08 12:00:00,PUMP101.BEARING_TEMP,68.34333333333333,°C,GOOD
2025-03-08 13:00:00,PUMP101.BEARING_TEMP,68.30566666666667,°C,GOOD
2025-03-08 14:00:00,PUMP101.BEARING_TEMP,68.979,°C,GOOD
2025-03-08 15:00:00,PUMP101.BEARING_TEMP,67.65933333333332,°C,GOOD
2025-03-08 16:00:00,PUMP101.BEARING_TEMP,68.16966666666667,°C,GOOD
2025-03-08 17:00:00,PUMP101.BEARING_TEMP,68.766,°C,GOOD
2025-03-08 18:00:00,PUMP101.BEARING_TEMP,68.83533333333334,°C,GOOD
2025-03-08 19:00:00,PUMP101.BEARING_TEMP,67.49566666666666,°C,GOOD
2025-03-08 20:00:00,PUMP101.BEARING_TEMP,68.05399999999999,°C,GOOD
2025-03-08 21:00:00,PUMP101.BEARING_TEMP,68.89233333333334,°C,GOOD
2025-03-08 22:00:00,PUMP101.BEARING_TEMP,68.47066666666667,°C,GOOD
2025-03-08 23:00:00,PUMP101.BEARING_TEMP,68.318,°C,GOOD
2025-03-09 00:00:00,PUMP101.BEARING_TEMP,68.11433333333333,°C,GOOD
2025-03-09 01:00:00,PUMP101.BEARING_TEMP,68.03466666666668,°C,GOOD
2025-03-09 02:00:00,PUMP101.BEARING_TEMP,68.37400000000001,°C,GOOD
2025-03-09 03:00:00,PUMP101.BEARING_TEMP,68.10733333333333,°C,GOOD
2025-03-09 04:00:00,PUMP101.BEARING_TEMP,68.21566666666666,°C,GOOD
2025-03-09 05:00:00,PUMP101.BEARING_TEMP,68.279,°C,GOOD
2025-03-09 06:00:00,PUMP101.BEARING_TEMP,67.90433333333334,°C,GOOD
2025-03-09 07:00:00,PUMP101.BEARING_TEMP,68.51266666666668,°C,BAD
2025-03-09 08:00:00,PUMP101.BEARING_TEMP,69.707,°C,GOOD
2025-03-09 09:00:00,PUMP101.BEARING_TEMP,67.36533333333333,°C,GOOD
2025-03-09 10:00:00,PUMP101.BEARING_TEMP,68.41866666666667,°C,GOOD
2025-03-09 11:00:00,PUMP101.BEARING_TEMP,67.88000000000001,°C,GOOD
2025-03-09 12:00:00,PUMP101.BEARING_TEMP,68.55233333333334,°C,GOOD
2025-03-09 13:00:00,PUMP101.BEARING_TEMP,68.28966666666666,°C,GOOD
2025-03-09 14:00:00,PUMP101.BEARING_TEMP,68.651,°C,GOOD
2025-03-09 15:00:00,PUMP101.BEARING_TEMP,68.86133333333333,°C,GOOD
2025-03-09 16:00:00,PUMP101.BEARING_TEMP,68.37266666666667,°C,GOOD
2025-03-09 17:00:00,PUMP101.BEARING_TEMP,68.846,°C,GOOD
2025-03-09 18:00:00,PUMP101.BEARING_TEMP,67.11133333333333,°C,GOOD
2025-03-09 19:00:00,PUMP101.BEARING_TEMP,69.08166666666666,°C,GOOD
2025-03-09 20:00:00,PUMP101.BEARING_TEMP,68.47800000000001,°C,GOOD
2025-03-09 21:00:00,PUMP101.BEARING_TEMP,68.83233333333334,°C,GOOD
2025-03-09 22:00:00,PUMP101.BEARING_TEMP,67.68666666666667,°C,GOOD
2025-03-09 23:00:00,PUMP101.BEARING_TEMP,67.88499999999999,°C,GOOD
2025-03-10 00:00:00,PUMP101.BEARING_TEMP,68.37633333333332,°C,GOOD
2025-03-10 01:00:00,PUMP101.BEARING_TEMP,68.29766666666667,°C,GOOD
2025-03-10 02:00:00,PUMP101.BEARING_TEMP,68.452,°C,GOOD
2025-03-10 03:00:00,PUMP101.BEARING_TEMP,68.85533333333333,°C,GOOD
2025-03-10 04:00:00,PUMP101.BEARING_TEMP,67.43366666666667,°C,GOOD
2025-03-10 05:00:00,PUMP101.BEARING_TEMP,68.80699999999999,°C,GOOD
2025-03-10 06:00:00,PUMP101.BEARING_TEMP,68.32733333333334,°C,GOOD
2025-03-10 07:00:00,PUMP101.BEARING_TEMP,68.22466666666666,°C,GOOD
2025-03-10 08:00:00,PUMP101.BEARING_TEMP,67.594,°C,GOOD
2025-03-10 09:00:00,PUMP101.BEARING_TEMP,68.58533333333332,°C,GOOD
2025-03-10 10:00:00,PUMP101.BEARING_TEMP,67.12966666666667,°C,GOOD
2025-03-10 11:00:00,PUMP101.BEARING_TEMP,68.664,°C,GOOD
2025-03-10 12:00:00,PUMP101.BEARING_TEMP,67.59733333333334,°C,GOOD
2025-03-10 13:00:00,PUMP101.BEARING_TEMP,68.37366666666667,°C,GOOD
2025-03-10 14:00:00,PUMP101.BEARING_TEMP,68.28999999999999,°C,GOOD
2025-03-10 15:00:00,PUMP101.BEARING_TEMP,68.93833333333333,°C,GOOD
2025-03-10 16:00:00,PUMP101.BEARING_TEMP,68.26766666666667,°C,GOOD
2025-03-10 17:00:00,PUMP101.BEARING_TEMP,68.013,°C,GOOD
2025-03-10 18:00:00,PUMP101.BEARING_TEMP,68.11033333333333,°C,GOOD
2025-03-10 19:00:00,PUMP101.BEARING_TEMP,69.00266666666667,°C,GOOD
2025-03-10 20:00:00,PUMP101.BEARING_TEMP,68.638,°C,GOOD
2025-03-10 21:00:00,PUMP101.BEARING_TEMP,68.18033333333334,°C,GOOD
2025-03-10 22:00:00,PUMP101.BEARING_TEMP,68.25866666666667,°C,GOOD
2025-03-10 23:00:00,PUMP101.BEARING_TEMP,67.59599999999999,°C,GOOD
2025-03-11 00:00:00,PUMP101.BEARING_TEMP,68.57733333333334,°C,GOOD
2025-03-11 01:00:00,PUMP101.BEARING_TEMP,67.50666666666667,°C,GOOD
2025-03-11 02:00:00,PUMP101.BEARING_TEMP,68.766,°C,GOOD
2025-03-11 03:00:00,PUMP101.BEARING_TEMP,68.45733333333332,°C,GOOD
2025-03-11 04:00:00,PUMP101.BEARING_TEMP,69.58966666666666,°C,GOOD
2025-03-11 05:00:00,PUMP101.BEARING_TEMP,67.85000000000001,°C,GOOD
2025-03-11 06:00:00,PUMP101.BEARING_TEMP,68.35233333333333,°C,GOOD
2025-03-11 07:00:00,PUMP101.BEARING_TEMP,69.30566666666667,°C,GOOD
2025-03-11 08:00:00,PUMP101.BEARING_TEMP,69.006,°C,GOOD
2025-03-11 09:00:00,PUMP101.BEARING_TEMP,68.06533333333333,°C,GOOD
2025-03-11 10:00:00,PUMP101.BEARING_TEMP,68.52866666666667,°C,GOOD
2025-03-11 11:00:00,PUMP101.BEARING_TEMP,68.421,°C,GOOD
2025-03-11 12:00:00,PUMP101.BEARING_TEMP,68.56433333333334,°C,GOOD
2025-03-11 13:00:00,PUMP101.BEARING_TEMP,68.07766666666666,°C,GOOD
2025-03-11 14:00:00,PUMP101.BEARING_TEMP,68.385,°C,GOOD
2025-03-11 15:00:00,PUMP101.BEARING_TEMP,67.63433333333333,°C,GOOD
2025-03-11 16:00:00,PUMP101.BEARING_TEMP,68.50466666666667,°C,GOOD
2025-03-11 17:00:00,PUMP101.BEARING_TEMP,68.66499999999999,°C,GOOD
2025-03-11 18:00:00,PUMP101.BEARING_TEMP,68.32933333333332,°C,GOOD
2025-03-11 19:00:00,PUMP101.BEARING_TEMP,67.63866666666667,°C,GOOD
2025-03-11 20:00:00,PUMP101.BEARING_TEMP,68.944,°C,GOOD
2025-03-11 21:00:00,PUMP101.BEARING_TEMP,68.63533333333334,°C,GOOD
2025-03-11 22:00:00,PUMP101.BEARING_TEMP,68.09366666666666,°C,GOOD
2025-03-11 23:00:00,PUMP101.BEARING_TEMP,68.32,°C,GOOD
2025-03-12 00:00:00,PUMP101.BEARING_TEMP,67.71333333333334,°C,GOOD
2025-03-12 01:00:00,PUMP101.BEARING_TEMP,67.95366666666666,°C,GOOD
2025-03-12 02:00:00,PUMP101.BEARING_TEMP,68.201,°C,GOOD
2025-03-12 03:00:00,PUMP101.BEARING_TEMP,69.08733333333333,°C,GOOD
2025-03-12 04:00:00,PUMP101.BEARING_TEMP,68.15666666666668,°C,GOOD
2025-03-12 05:00:00,PUMP101.BEARING_TEMP,68.8,°C,GOOD
2025-03-12 06:00:00,PUMP101.BEARING_TEMP,68.21433333333333,°C,GOOD
2025-03-12 07:00:00,PUMP101.BEARING_TEMP,68.61066666666666,°C,GOOD
2025-03-12 08:00:00,PUMP101.BEARING_TEMP,68.419,°C,GOOD
2025-03-12 09:00:00,PUMP101.BEARING_TEMP,68.93033333333334,°C,GOOD
2025-03-12 10:00:00,PUMP101.BEARING_TEMP,68.22966666666667,°C,GOOD
2025-03-12 11:00:00,PUMP101.BEARING_TEMP,67.714,°C,BAD
2025-03-12 12:00:00,PUMP101.BEARING_TEMP,67.81233333333333,°C,GOOD
2025-03-12 13:00:00,PUMP101.BEARING_TEMP,68.24066666666666,°C,BAD
2025-03-12 14:00:00,PUMP101.BEARING_TEMP,67.885,°C,GOOD
2025-03-12 15:00:00,PUMP101.BEARING_TEMP,68.71833333333333,°C,GOOD
2025-03-12 16:00:00,PUMP101.BEARING_TEMP,68.28366666666666,°C,GOOD
2025-03-12 17:00:00,PUMP101.BEARING_TEMP,69.707,°C,GOOD
2025-03-12 18:00:00,PUMP101.BEARING_TEMP,67.65433333333334,°C,GOOD
2025-03-12 19:00:00,PUMP101.BEARING_TEMP,68.62866666666667,°C,GOOD
2025-03-12 20:00:00,PUMP101.BEARING_TEMP,67.96600000000001,°C,GOOD
2025-03-12 21:00:00,PUMP101.BEARING_TEMP,68.28633333333333,°C,GOOD
2025-03-12 22:00:00,PUMP101.BEARING_TEMP,68.60766666666666,°C,GOOD
2025-03-12 23:00:00,PUMP101.BEARING_TEMP,67.37700000000001,°C,GOOD
2025-03-13 00:00:00,PUMP101.BEARING_TEMP,68.66133333333333,°C,GOOD
2025-03-13 01:00:00,PUMP101.BEARING_TEMP,69.49766666666666,°C,GOOD
2025-03-13 02:00:00,PUMP101.BEARING_TEMP,68.323,°C,GOOD
2025-03-13 03:00:00,PUMP101.BEARING_TEMP,68.68333333333332,°C,GOOD
2025-03-13 04:00:00,PUMP101.BEARING_TEMP,69.06866666666667,°C,GOOD
2025-03-13 05:00:00,PUMP101.BEARING_TEMP,68.47800000000001,°C,GOOD
2025-03-13 06:00:00,PUMP101.BEARING_TEMP,68.27333333333333,°C,GOOD
2025-03-13 07:00:00,PUMP101.BEARING_TEMP,67.42866666666667,°C,GOOD
2025-03-13 08:00:00,PUMP101.BEARING_TEMP,68.88999999999999,°C,GOOD
2025-03-13 09:00:00,PUMP101.BEARING_TEMP,68.51633333333334,°C,GOOD
2025-03-13 10:00:00,PUMP101.BEARING_TEMP,68.07066666666667,°C,GOOD
2025-03-13 11:00:00,PUMP101.BEARING_TEMP,68.643,°C,GOOD
2025-03-13 12:00:00,PUMP101.BEARING_TEMP,68.29133333333333,°C,GOOD
2025-03-13 13:00:00,PUMP101.BEARING_TEMP,68.32266666666668,°C,GOOD
2025-03-13 14:00:00,PUMP101.BEARING_TEMP,68.893,°C,GOOD
2025-03-13 15:00:00,PUMP101.BEARING_TEMP,67.92433333333334,°C,GOOD
2025-03-13 16:00:00,PUMP101.BEARING_TEMP,69.12066666666666,°C,GOOD
2025-03-13 17:00:00,PUMP101.BEARING_TEMP,67.901,°C,GOOD
2025-03-13 18:00:00,PUMP101.BEARING_TEMP,68.27233333333334,°C,GOOD
2025-03-13 19:00:00,PUMP101.BEARING_TEMP,69.56766666666667,°C,GOOD
2025-03-13 20:00:00,PUMP101.BEARING_TEMP,69.17399999999999,°C,GOOD
2025-03-13 21:00:00,PUMP101.BEARING_TEMP,68.66233333333334,°C,GOOD
2025-03-13 22:00:00,PUMP101.BEARING_TEMP,68.14666666666668,°C,GOOD
2025-03-13 23:00:00,PUMP101.BEARING_TEMP,68.355,°C,GOOD
2025-03-14 00:00:00,PUMP101.BEARING_TEMP,68.66033333333334,°C,GOOD
2025-03-14 01:00:00,PUMP101.BEARING_TEMP,68.64566666666667,°C,GOOD
2025-03-14 02:00:00,PUMP101.BEARING_TEMP,68.585,°C,GOOD
2025-03-14 03:00:00,PUMP101.BEARING_TEMP,68.61833333333334,°C,GOOD
2025-03-14 04:00:00,PUMP101.BEARING_TEMP,68.52966666666667,°C,GOOD
2025-03-14 05:00:00,PUMP101.BEARING_TEMP,67.919,°C,GOOD
2025-03-14 06:00:00,PUMP101.BEARING_TEMP,68.38533333333334,°C,GOOD
2025-03-14 07:00:00,PUMP101.BEARING_TEMP,69.10366666666665,°C,GOOD
2025-03-14 08:00:00,PUMP101.BEARING_TEMP,67.96600000000001,°C,GOOD
2025-03-14 09:00:00,PUMP101.BEARING_TEMP,68.55833333333334,°C,GOOD
2025-03-14 10:00:00,PUMP101.BEARING_TEMP,68.24666666666667,°C,GOOD
2025-03-14 11:00:00,PUMP101.BEARING_TEMP,68.716,°C,GOOD
2025-03-14 12:00:00,PUMP101.BEARING_TEMP,68.46933333333332,°C,GOOD
2025-03-14 13:00:00,PUMP101.BEARING_TEMP,69.40566666666668,°C,GOOD
2025-03-14 14:00:00,PUMP101.BEARING_TEMP,68.923,°C,GOOD
2025-03-14 15:00:00,PUMP101.BEARING_TEMP,68.01733333333333,°C,GOOD
2025-03-14 16:00:00,PUMP101.BEARING_TEMP,69.01266666666666,°C,GOOD
2025-03-14 17:00:00,PUMP101.BEARING_TEMP,68.293,°C,GOOD
2025-03-14 18:00:00,PUMP101.BEARING_TEMP,68.39533333333334,°C,GOOD
2025-03-14 19:00:00,PUMP101.BEARING_TEMP,68.84366666666666,°C,GOOD
2025-03-14 20:00:00,PUMP101.BEARING_TEMP,68.444,°C,GOOD
2025-03-14 21:00:00,PUMP101.BEARING_TEMP,69.13933333333333,°C,GOOD
2025-03-14 22:00:00,PUMP101.BEARING_TEMP,68.30966666666667,°C,GOOD
2025-03-14 23:00:00,PUMP101.BEARING_TEMP,68.391,°C,GOOD
2025-03-15 00:00:00,PUMP101.BEARING_TEMP,68.37533333333333,°C,GOOD
2025-03-15 01:00:00,PUMP101.BEARING_TEMP,68.42366666666666,°C,GOOD
2025-03-15 02:00:00,PUMP101.BEARING_TEMP,69.25999999999999,°C,GOOD
2025-03-15 03:00:00,PUMP101.BEARING_TEMP,69.02733333333333,°C,GOOD
2025-03-15 04:00:00,PUMP101.BEARING_TEMP,69.57166666666667,°C,GOOD
2025-03-15 05:00:00,PUMP101.BEARING_TEMP,69.854,°C,GOOD
2025-03-15 06:00:00,PUMP101.BEARING_TEMP,68.20833333333333,°C,GOOD
2025-03-15 07:00:00,PUMP101.BEARING_TEMP,68.76166666666667,°C,GOOD
2025-03-15 08:00:00,PUMP101.BEARING_TEMP,68.14200000000001,°C,GOOD
2025-03-15 09:00:00,PUMP101.BEARING_TEMP,68.34433333333334,°C,GOOD
2025-03-15 10:00:00,PUMP101.BEARING_TEMP,68.42166666666667,°C,GOOD
2025-03-15 11:00:00,PUMP101.BEARING_TEMP,68.211,°C,GOOD
2025-03-15 12:00:00,PUMP101.BEARING_TEMP,68.21733333333334,°C,GOOD
2025-03-15 13:00:00,PUMP101.BEARING_TEMP,68.67466666666667,°C,GOOD
2025-03-15 14:00:00,PUMP101.BEARING_TEMP,68.142,°C,GOOD
2025-03-15 15:00:00,PUMP101.BEARING_TEMP,69.17433333333334,°C,GOOD
2025-03-15 16:00:00,PUMP101.BEARING_TEMP,68.29766666666666,°C,GOOD
2025-03-15 17:00:00,PUMP101.BEARING_TEMP,70.165,°C,GOOD
2025-03-15 18:00:00,PUMP101.BEARING_TEMP,68.53733333333334,°C,GOOD
2025-03-15 19:00:00,PUMP101.BEARING_TEMP,68.80266666666667,°C,GOOD
2025-03-15 20:00:00,PUMP101.BEARING_TEMP,68.122,°C,GOOD
2025-03-15 21:00:00,PUMP101.BEARING_TEMP,69.62633333333332,°C,GOOD
2025-03-15 22:00:00,PUMP101.BEARING_TEMP,69.33666666666667,°C,GOOD
2025-03-15 23:00:00,PUMP101.BEARING_TEMP,68.928,°C,GOOD
2025-03-16 00:00:00,PUMP101.BEARING_TEMP,68.11033333333333,°C,GOOD
2025-03-16 01:00:00,PUMP101.BEARING_TEMP,68.89166666666667,°C,GOOD
2025-03-16 02:00:00,PUMP101.BEARING_TEMP,68.229,°C,GOOD
2025-03-16 03:00:00,PUMP101.BEARING_TEMP,69.52433333333333,°C,GOOD
2025-03-16 04:00:00,PUMP101.BEARING_TEMP,69.20166666666667,°C,GOOD
2025-03-16 05:00:00,PUMP101.BEARING_TEMP,68.848,°C,GOOD
2025-03-16 06:00:00,PUMP101.BEARING_TEMP,67.58533333333332,°C,GOOD
2025-03-16 07:00:00,PUMP101.BEARING_TEMP,68.31466666666667,°C,GOOD
2025-03-16 08:00:00,PUMP101.BEARING_TEMP,69.154,°C,GOOD
2025-03-16 09:00:00,PUMP101.BEARING_TEMP,69.41933333333333,°C,GOOD
2025-03-16 10:00:00,PUMP101.BEARING_TEMP,69.37166666666667,°C,GOOD
2025-03-16 11:00:00,PUMP101.BEARING_TEMP,68.024,°C,GOOD
2025-03-16 12:00:00,PUMP101.BEARING_TEMP,68.97433333333333,°C,GOOD
2025-03-16 13:00:00,PUMP101.BEARING_TEMP,69.33466666666666,°C,GOOD
2025-03-16 14:00:00,PUMP101.BEARING_TEMP,68.001,°C,GOOD
2025-03-16 15:00:00,PUMP101.BEARING_TEMP,68.82933333333332,°C,GOOD
2025-03-16 16:00:00,PUMP101.BEARING_TEMP,68.97366666666667,°C,GOOD
2025-03-16 17:00:00,PUMP101.BEARING_TEMP,68.69,°C,GOOD
2025-03-16 18:00:00,PUMP101.BEARING_TEMP,67.91733333333333,°C,GOOD
2025-03-16 19:00:00,PUMP101.BEARING_TEMP,68.68366666666667,°C,GOOD
2025-03-16 20:00:00,PUMP101.BEARING_TEMP,68.68599999999999,°C,GOOD
2025-03-16 21:00:00,PUMP101.BEARING_TEMP,68.77933333333334,°C,GOOD
2025-03-16 22:00:00,PUMP101.BEARING_TEMP,68.57466666666667,°C,GOOD
2025-03-16 23:00:00,PUMP101.BEARING_TEMP,68.638,°C,GOOD
2025-03-17 00:00:00,PUMP101.BEARING_TEMP,68.84333333333333,°C,GOOD
2025-03-17 01:00:00,PUMP101.BEARING_TEMP,69.08766666666668,°C,GOOD
2025-03-17 02:00:00,PUMP101.BEARING_TEMP,68.718,°C,GOOD
2025-03-17 03:00:00,PUMP101.BEARING_TEMP,68.66833333333334,°C,GOOD
2025-03-17 04:00:00,PUMP101.BEARING_TEMP,68.92266666666667,°C,GOOD
2025-03-17 05:00:00,PUMP101.BEARING_TEMP,67.92,°C,GOOD
2025-03-17 06:00:00,PUMP101.BEARING_TEMP,69.12233333333334,°C,GOOD
2025-03-17 07:00:00,PUMP101.BEARING_TEMP,68.88666666666667,°C,GOOD
2025-03-17 08:00:00,PUMP101.BEARING_TEMP,68.91,°C,GOOD
2025-03-17 09:00:00,PUMP101.BEARING_TEMP,69.37333333333333,°C,GOOD
2025-03-17 10:00:00,PUMP101.BEARING_TEMP,67.92066666666666,°C,BAD
2025-03-17 11:00:00,PUMP101.BEARING_TEMP,67.91300000000001,°C,GOOD
2025-03-17 12:00:00,PUMP101.BEARING_TEMP,69.04033333333334,°C,GOOD
2025-03-17 13:00:00,PUMP101.BEARING_TEMP,68.90266666666666,°C,GOOD
2025-03-17 14:00:00,PUMP101.BEARING_TEMP,68.99499999999999,°C,GOOD
2025-03-17 15:00:00,PUMP101.BEARING_TEMP,68.68233333333333,°C,GOOD
2025-03-17 16:00:00,PUMP101.BEARING_TEMP,69.24866666666667,°C,GOOD
2025-03-17 17:00:00,PUMP101.BEARING_TEMP,69.386,°C,GOOD
2025-03-17 18:00:00,PUMP101.BEARING_TEMP,69.16533333333334,°C,GOOD
2025-03-17 19:00:00,PUMP101.BEARING_TEMP,68.79666666666667,°C,GOOD
2025-03-17 20:00:00,PUMP101.BEARING_TEMP,67.876,°C,GOOD
2025-03-17 21:00:00,PUMP101.BEARING_TEMP,69.31833333333334,°C,GOOD
2025-03-17 22:00:00,PUMP101.BEARING_TEMP,69.54766666666667,°C,GOOD
2025-03-17 23:00:00,PUMP101.BEARING_TEMP,69.262,°C,GOOD
2025-03-18 00:00:00,PUMP101.BEARING_TEMP,68.50333333333333,°C,GOOD
2025-03-18 01:00:00,PUMP101.BEARING_TEMP,69.28366666666668,°C,GOOD
2025-03-18 02:00:00,PUMP101.BEARING_TEMP,69.38000000000001,°C,GOOD
2025-03-18 03:00:00,PUMP101.BEARING_TEMP,69.73233333333333,°C,GOOD
2025-03-18 04:00:00,PUMP101.BEARING_TEMP,68.51866666666666,°C,GOOD
2025-03-18 05:00:00,PUMP101.BEARING_TEMP,68.847,°C,GOOD
2025-03-18 06:00:00,PUMP101.BEARING_TEMP,69.33733333333333,°C,GOOD
2025-03-18 07:00:00,PUMP101.BEARING_TEMP,68.99566666666666,°C,GOOD
2025-03-18 08:00:00,PUMP101.BEARING_TEMP,68.411,°C,GOOD
2025-03-18 09:00:00,PUMP101.BEARING_TEMP,69.18033333333332,°C,GOOD
2025-03-18 10:00:00,PUMP101.BEARING_TEMP,69.26566666666668,°C,GOOD
2025-03-18 11:00:00,PUMP101.BEARING_TEMP,69.024,°C,GOOD
2025-03-18 12:00:00,PUMP101.BEARING_TEMP,69.09333333333333,°C,GOOD
2025-03-18 13:00:00,PUMP101.BEARING_TEMP,68.85766666666666,°C,GOOD
2025-03-18 14:00:00,PUMP101.BEARING_TEMP,69.729,°C,GOOD
2025-03-18 15:00:00,PUMP101.BEARING_TEMP,68.54333333333334,°C,GOOD
2025-03-18 16:00:00,PUMP101.BEARING_TEMP,68.70266666666667,°C,GOOD
2025-03-18 17:00:00,PUMP101.BEARING_TEMP,69.005,°C,GOOD
2025-03-18 18:00:00,PUMP101.BEARING_TEMP,69.44233333333332,°C,GOOD
2025-03-18 19:00:00,PUMP101.BEARING_TEMP,68.25766666666667,°C,GOOD
2025-03-18 20:00:00,PUMP101.BEARING_TEMP,68.355,°C,GOOD
2025-03-18 21:00:00,PUMP101.BEARING_TEMP,67.99433333333333,°C,GOOD
2025-03-18 22:00:00,PUMP101.BEARING_TEMP,69.03266666666667,°C,GOOD
2025-03-18 23:00:00,PUMP101.BEARING_TEMP,68.461,°C,GOOD
2025-03-19 00:00:00,PUMP101.BEARING_TEMP,68.83133333333333,°C,GOOD
2025-03-19 01:00:00,PUMP101.BEARING_TEMP,69.35766666666667,°C,GOOD
2025-03-19 02:00:00,PUMP101.BEARING_TEMP,68.709,°C,GOOD
2025-03-19 03:00:00,PUMP101.BEARING_TEMP,69.14933333333333,°C,GOOD
2025-03-19 04:00:00,PUMP101.BEARING_TEMP,68.88666666666666,°C,GOOD
2025-03-19 05:00:00,PUMP101.BEARING_TEMP,69.376,°C,GOOD
2025-03-19 06:00:00,PUMP101.BEARING_TEMP,69.28133333333334,°C,GOOD
2025-03-19 07:00:00,PUMP101.BEARING_TEMP,68.70066666666666,°C,GOOD
2025-03-19 08:00:00,PUMP101.BEARING_TEMP,68.966,°C,GOOD
2025-03-19 09:00:00,PUMP101.BEARING_TEMP,69.57533333333333,°C,GOOD
2025-03-19 10:00:00,PUMP101.BEARING_TEMP,69.25366666666667,°C,GOOD
2025-03-19 11:00:00,PUMP101.BEARING_TEMP,68.36200000000001,°C,GOOD
2025-03-19 12:00:00,PUMP101.BEARING_TEMP,69.39133333333334,°C,GOOD
2025-03-19 13:00:00,PUMP101.BEARING_TEMP,68.52466666666666,°C,GOOD
2025-03-19 14:00:00,PUMP101.BEARING_TEMP,69.77600000000001,°C,GOOD
2025-03-19 15:00:00,PUMP101.BEARING_TEMP,69.58533333333334,°C,GOOD
2025-03-19 16:00:00,PUMP101.BEARING_TEMP,69.22166666666666,°C,GOOD
2025-03-19 17:00:00,PUMP101.BEARING_TEMP,69.15899999999999,°C,GOOD
2025-03-19 18:00:00,PUMP101.BEARING_TEMP,68.97833333333332,°C,GOOD
2025-03-19 19:00:00,PUMP101.BEARING_TEMP,69.42566666666667,°C,GOOD
2025-03-19 20:00:00,PUMP101.BEARING_TEMP,68.905,°C,GOOD
2025-03-19 21:00:00,PUMP101.BEARING_TEMP,69.21133333333333,°C,GOOD
2025-03-19 22:00:00,PUMP101.BEARING_TEMP,69.53266666666667,°C,GOOD
2025-03-19 23:00:00,PUMP101.BEARING_TEMP,68.81899999999999,°C,GOOD
2025-03-20 00:00:00,PUMP101.BEARING_TEMP,68.79533333333333,°C,GOOD
2025-03-20 01:00:00,PUMP101.BEARING_TEMP,68.50966666666667,°C,GOOD
2025-03-20 02:00:00,PUMP101.BEARING_TEMP,68.578,°C,GOOD
2025-03-20 03:00:00,PUMP101.BEARING_TEMP,68.19933333333333,°C,GOOD
2025-03-20 04:00:00,PUMP101.BEARING_TEMP,69.48166666666665,°C,GOOD
2025-03-20 05:00:00,PUMP101.BEARING_TEMP,70.024,°C,GOOD
2025-03-20 06:00:00,PUMP101.BEARING_TEMP,69.83633333333333,°C,GOOD
2025-03-20 07:00:00,PUMP101.BEARING_TEMP,68.31366666666666,°C,GOOD
2025-03-20 08:00:00,PUMP101.BEARING_TEMP,69.49199999999999,°C,GOOD
2025-03-20 09:00:00,PUMP101.BEARING_TEMP,69.84433333333334,°C,GOOD
2025-03-20 10:00:00,PUMP101.BEARING_TEMP,68.90866666666668,°C,GOOD
2025-03-20 11:00:00,PUMP101.BEARING_TEMP,69.191,°C,GOOD
2025-03-20 12:00:00,PUMP101.BEARING_TEMP,68.13933333333334,°C,GOOD
2025-03-20 13:00:00,PUMP101.BEARING_TEMP,69.27966666666666,°C,GOOD
2025-03-20 14:00:00,PUMP101.BEARING_TEMP,68.61800000000001,°C,GOOD
2025-03-20 15:00:00,PUMP101.BEARING_TEMP,69.25333333333333,°C,GOOD
2025-03-20 16:00:00,PUMP101.BEARING_TEMP,68.37566666666666,°C,GOOD
2025-03-20 17:00:00,PUMP101.BEARING_TEMP,69.431,°C,GOOD
2025-03-20 18:00:00,PUMP101.BEARING_TEMP,69.67533333333333,°C,GOOD
2025-03-20 19:00:00,PUMP101.BEARING_TEMP,68.77466666666668,°C,GOOD
2025-03-20 20:00:00,PUMP101.BEARING_TEMP,68.602,°C,GOOD
2025-03-20 21:00:00,PUMP101.BEARING_TEMP,68.09533333333333,°C,GOOD
2025-03-20 22:00:00,PUMP101.BEARING_TEMP,69.04366666666667,°C,GOOD
2025-03-20 23:00:00,PUMP101.BEARING_TEMP,68.88900000000001,°C,GOOD
2025-03-21 00:00:00,PUMP101.BEARING_TEMP,68.40733333333334,°C,GOOD
2025-03-21 01:00:00,PUMP101.BEARING_TEMP,69.41366666666667,°C,GOOD
2025-03-21 02:00:00,PUMP101.BEARING_TEMP,68.965,°C,GOOD
2025-03-21 03:00:00,PUMP101.BEARING_TEMP,68.65533333333333,°C,GOOD
2025-03-21 04:00:00,PUMP101.BEARING_TEMP,68.91966666666667,°C,GOOD
2025-03-21 05:00:00,PUMP101.BEARING_TEMP,69.736,°C,GOOD
2025-03-21 06:00:00,PUMP101.BEARING_TEMP,69.50433333333334,°C,GOOD
2025-03-21 07:00:00,PUMP101.BEARING_TEMP,69.14166666666667,°C,GOOD
2025-03-21 08:00:00,PUMP101.BEARING_TEMP,69.52,°C,GOOD
2025-03-21 09:00:00,PUMP101.BEARING_TEMP,68.63333333333334,°C,GOOD
2025-03-21 10:00:00,PUMP101.BEARING_TEMP,69.23266666666667,°C,GOOD
2025-03-21 11:00:00,PUMP101.BEARING_TEMP,69.294,°C,GOOD
2025-03-21 12:00:00,PUMP101.BEARING_TEMP,68.98833333333333,°C,GOOD
2025-03-21 13:00:00,PUMP101.BEARING_TEMP,69.44466666666668,°C,GOOD
2025-03-21 14:00:00,PUMP101.BEARING_TEMP,68.84,°C,GOOD
2025-03-21 15:00:00,PUMP101.BEARING_TEMP,69.48833333333333,°C,GOOD
2025-03-21 16:00:00,PUMP101.BEARING_TEMP,69.51266666666666,°C,GOOD
2025-03-21 17:00:00,PUMP101.BEARING_TEMP,67.78099999999999,°C,GOOD
2025-03-21 18:00:00,PUMP101.BEARING_TEMP,69.83833333333334,°C,GOOD
2025-03-21 19:00:00,PUMP101.BEARING_TEMP,67.72266666666667,°C,GOOD
2025-03-21 20:00:00,PUMP101.BEARING_TEMP,68.942,°C,GOOD
2025-03-21 21:00:00,PUMP101.BEARING_TEMP,69.76633333333334,°C,GOOD
2025-03-21 22:00:00,PUMP101.BEARING_TEMP,69.09766666666665,°C,GOOD
2025-03-21 23:00:00,PUMP101.BEARING_TEMP,68.527,°C,GOOD
2025-03-22 00:00:00,PUMP101.BEARING_TEMP,68.71633333333334,°C,GOOD
2025-03-22 01:00:00,PUMP101.BEARING_TEMP,69.77966666666667,°C,GOOD
2025-03-22 02:00:00,PUMP101.BEARING_TEMP,68.309,°C,GOOD
2025-03-22 03:00:00,PUMP101.BEARING_TEMP,69.83733333333333,°C,GOOD
2025-03-22 04:00:00,PUMP101.BEARING_TEMP,69.24866666666667,°C,GOOD
2025-03-22 05:00:00,PUMP101.BEARING_TEMP,68.684,°C,GOOD
2025-03-22 06:00:00,PUMP101.BEARING_TEMP,68.99133333333333,°C,GOOD
2025-03-22 07:00:00,PUMP101.BEARING_TEMP,68.77766666666666,°C,GOOD
2025-03-22 08:00:00,PUMP101.BEARING_TEMP,69.72300000000001,°C,GOOD
2025-03-22 09:00:00,PUMP101.BEARING_TEMP,69.65933333333334,°C,GOOD
2025-03-22 10:00:00,PUMP101.BEARING_TEMP,68.43666666666667,°C,GOOD
2025-03-22 11:00:00,PUMP101.BEARING_TEMP,69.098,°C,GOOD
2025-03-22 12:00:00,PUMP101.BEARING_TEMP,68.87133333333333,°C,GOOD
2025-03-22 13:00:00,PUMP101.BEARING_TEMP,69.95366666666668,°C,GOOD
2025-03-22 14:00:00,PUMP101.BEARING_TEMP,68.635,°C,GOOD
2025-03-22 15:00:00,PUMP101.BEARING_TEMP,70.11533333333334,°C,GOOD
2025-03-22 16:00:00,PUMP101.BEARING_TEMP,69.29966666666667,°C,GOOD
2025-03-22 17:00:00,PUMP101.BEARING_TEMP,68.739,°C,GOOD
2025-03-22 18:00:00,PUMP101.BEARING_TEMP,68.98433333333334,°C,GOOD
2025-03-22 19:00:00,PUMP101.BEARING_TEMP,68.92566666666667,°C,GOOD
2025-03-22 20:00:00,PUMP101.BEARING_TEMP,68.693,°C,GOOD
2025-03-22 21:00:00,PUMP101.BEARING_TEMP,69.38033333333333,°C,GOOD
2025-03-22 22:00:00,PUMP101.BEARING_TEMP,68.72266666666667,°C,GOOD
2025-03-22 23:00:00,PUMP101.BEARING_TEMP,68.25,°C,GOOD
2025-03-23 00:00:00,PUMP101.BEARING_TEMP,69.15333333333334,°C,GOOD
2025-03-23 01:00:00,PUMP101.BEARING_TEMP,68.44566666666667,°C,GOOD
2025-03-23 02:00:00,PUMP101.BEARING_TEMP,68.97399999999999,°C,GOOD
2025-03-23 03:00:00,PUMP101.BEARING_TEMP,68.89833333333334,°C,GOOD
2025-03-23 04:00:00,PUMP101.BEARING_TEMP,68.92066666666666,°C,GOOD
2025-03-23 05:00:00,PUMP101.BEARING_TEMP,70.36,°C,GOOD
2025-03-23 06:00:00,PUMP101.BEARING_TEMP,69.39133333333334,°C,GOOD
2025-03-23 07:00:00,PUMP101.BEARING_TEMP,69.48966666666666,°C,GOOD
2025-03-23 08:00:00,PUMP101.BEARING_TEMP,68.482,°C,GOOD
2025-03-23 09:00:00,PUMP101.BEARING_TEMP,69.04633333333334,°C,GOOD
2025-03-23 10:00:00,PUMP101.BEARING_TEMP,69.48466666666667,°C,GOOD
2025-03-23 11:00:00,PUMP101.BEARING_TEMP,68.868,°C,GOOD
2025-03-23 12:00:00,PUMP101.BEARING_TEMP,69.83733333333333,°C,GOOD
2025-03-23 13:00:00,PUMP101.BEARING_TEMP,68.78566666666667,°C,GOOD
2025-03-23 14:00:00,PUMP101.BEARING_TEMP,69.247,°C,GOOD
2025-03-23 15:00:00,PUMP101.BEARING_TEMP,69.10033333333332,°C,GOOD
2025-03-23 16:00:00,PUMP101.BEARING_TEMP,69.47866666666665,°C,GOOD
2025-03-23 17:00:00,PUMP101.BEARING_TEMP,69.08000000000001,°C,GOOD
2025-03-23 18:00:00,PUMP101.BEARING_TEMP,69.26833333333333,°C,GOOD
2025-03-23 19:00:00,PUMP101.BEARING_TEMP,69.28866666666667,°C,GOOD
2025-03-23 20:00:00,PUMP101.BEARING_TEMP,69.04299999999999,°C,GOOD
2025-03-23 21:00:00,PUMP101.BEARING_TEMP,69.65633333333332,°C,GOOD
2025-03-23 22:00:00,PUMP101.BEARING_TEMP,69.53566666666667,°C,GOOD
2025-03-23 23:00:00,PUMP101.BEARING_TEMP,69.376,°C,GOOD
2025-03-24 00:00:00,PUMP101.BEARING_TEMP,69.20833333333333,°C,GOOD
2025-03-24 01:00:00,PUMP101.BEARING_TEMP,69.82466666666666,°C,GOOD
2025-03-24 02:00:00,PUMP101.BEARING_TEMP,69.31200000000001,°C,BAD
2025-03-24 03:00:00,PUMP101.BEARING_TEMP,69.28033333333333,°C,GOOD
2025-03-24 04:00:00,PUMP101.BEARING_TEMP,69.48866666666667,°C,GOOD
2025-03-24 05:00:00,PUMP101.BEARING_TEMP,70.288,°C,GOOD
2025-03-24 06:00:00,PUMP101.BEARING_TEMP,68.77333333333333,°C,GOOD
2025-03-24 07:00:00,PUMP101.BEARING_TEMP,69.83166666666668,°C,GOOD
2025-03-24 08:00:00,PUMP101.BEARING_TEMP,68.503,°C,GOOD
2025-03-24 09:00:00,PUMP101.BEARING_TEMP,69.56233333333333,°C,GOOD
2025-03-24 10:00:00,PUMP101.BEARING_TEMP,70.24466666666666,°C,GOOD
2025-03-24 11:00:00,PUMP101.BEARING_TEMP,69.704,°C,GOOD
2025-03-24 12:00:00,PUMP101.BEARING_TEMP,69.54833333333333,°C,GOOD
2025-03-24 13:00:00,PUMP101.BEARING_TEMP,69.18666666666667,°C,BAD
2025-03-24 14:00:00,PUMP101.BEARING_TEMP,69.486,°C,GOOD
2025-03-24 15:00:00,PUMP101.BEARING_TEMP,69.34733333333332,°C,GOOD
2025-03-24 16:00:00,PUMP101.BEARING_TEMP,69.08366666666666,°C,GOOD
2025-03-24 17:00:00,PUMP101.BEARING_TEMP,69.33500000000001,°C,GOOD
2025-03-24 18:00:00,PUMP101.BEARING_TEMP,69.58233333333334,°C,GOOD
2025-03-24 19:00:00,PUMP101.BEARING_TEMP,69.10266666666666,°C,GOOD
2025-03-24 20:00:00,PUMP101.BEARING_TEMP,69.08699999999999,°C,GOOD
2025-03-24 21:00:00,PUMP101.BEARING_TEMP,68.81333333333333,°C,GOOD
2025-03-24 22:00:00,PUMP101.BEARING_TEMP,69.69166666666666,°C,GOOD
2025-03-24 23:00:00,PUMP101.BEARING_TEMP,69.773,°C,GOOD
2025-03-25 00:00:00,PUMP101.BEARING_TEMP,69.61933333333333,°C,GOOD
2025-03-25 01:00:00,PUMP101.BEARING_TEMP,69.98966666666666,°C,GOOD
2025-03-25 02:00:00,PUMP101.BEARING_TEMP,69.554,°C,GOOD
2025-03-25 03:00:00,PUMP101.BEARING_TEMP,69.70933333333333,°C,GOOD
2025-03-25 04:00:00,PUMP101.BEARING_TEMP,69.66866666666667,°C,GOOD
2025-03-25 05:00:00,PUMP101.BEARING_TEMP,69.47399999999999,°C,GOOD
2025-03-25 06:00:00,PUMP101.BEARING_TEMP,69.25833333333333,°C,GOOD
2025-03-25 07:00:00,PUMP101.BEARING_TEMP,70.63366666666667,°C,GOOD
2025-03-25 08:00:00,PUMP101.BEARING_TEMP,69.304,°C,GOOD
2025-03-25 09:00:00,PUMP101.BEARING_TEMP,69.20033333333333,°C,GOOD
2025-03-25 10:00:00,PUMP101.BEARING_TEMP,69.75366666666666,°C,GOOD
2025-03-25 11:00:00,PUMP101.BEARING_TEMP,69.66600000000001,°C,GOOD
2025-03-25 12:00:00,PUMP101.BEARING_TEMP,68.84133333333334,°C,GOOD
2025-03-25 13:00:00,PUMP101.BEARING_TEMP,70.10766666666667,°C,GOOD
2025-03-25 14:00:00,PUMP101.BEARING_TEMP,69.503,°C,GOOD
2025-03-25 15:00:00,PUMP101.BEARING_TEMP,68.99833333333332,°C,GOOD
2025-03-25 16:00:00,PUMP101.BEARING_TEMP,70.15066666666667,°C,GOOD
2025-03-25 17:00:00,PUMP101.BEARING_TEMP,69.873,°C,GOOD
2025-03-25 18:00:00,PUMP101.BEARING_TEMP,68.93133333333333,°C,GOOD
2025-03-25 19:00:00,PUMP101.BEARING_TEMP,70.45566666666666,°C,GOOD
2025-03-25 20:00:00,PUMP101.BEARING_TEMP,69.899,°C,GOOD
2025-03-25 21:00:00,PUMP101.BEARING_TEMP,69.56833333333334,°C,GOOD
2025-03-25 22:00:00,PUMP101.BEARING_TEMP,70.37166666666667,°C,GOOD
2025-03-25 23:00:00,PUMP101.BEARING_TEMP,69.66,°C,GOOD
2025-03-26 00:00:00,PUMP101.BEARING_TEMP,69.56933333333333,°C,GOOD
2025-03-26 01:00:00,PUMP101.BEARING_TEMP,69.25666666666667,°C,GOOD
2025-03-26 02:00:00,PUMP101.BEARING_TEMP,69.881,°C,GOOD
2025-03-26 03:00:00,PUMP101.BEARING_TEMP,69.83133333333333,°C,GOOD
2025-03-26 04:00:00,PUMP101.BEARING_TEMP,69.60366666666667,°C,GOOD
2025-03-26 05:00:00,PUMP101.BEARING_TEMP,69.205,°C,GOOD
2025-03-26 06:00:00,PUMP101.BEARING_TEMP,69.66833333333334,°C,GOOD
2025-03-26 07:00:00,PUMP101.BEARING_TEMP,69.57166666666667,°C,GOOD
2025-03-26 08:00:00,PUMP101.BEARING_TEMP,68.943,°C,GOOD
2025-03-26 09:00:00,PUMP101.BEARING_TEMP,68.87733333333333,°C,GOOD
2025-03-26 10:00:00,PUMP101.BEARING_TEMP,69.89966666666666,°C,GOOD
2025-03-26 11:00:00,PUMP101.BEARING_TEMP,68.319,°C,GOOD
2025-03-26 12:00:00,PUMP101.BEARING_TEMP,69.72633333333333,°C,GOOD
2025-03-26 13:00:00,PUMP101.BEARING_TEMP,69.38766666666666,°C,GOOD
2025-03-26 14:00:00,PUMP101.BEARING_TEMP,70.28399999999999,°C,GOOD
2025-03-26 15:00:00,PUMP101.BEARING_TEMP,69.38633333333334,°C,GOOD
2025-03-26 16:00:00,PUMP101.BEARING_TEMP,69.96666666666667,°C,GOOD
2025-03-26 17:00:00,PUMP101.BEARING_TEMP,69.44200000000001,°C,GOOD
2025-03-26 18:00:00,PUMP101.BEARING_TEMP,69.70033333333333,°C,GOOD
2025-03-26 19:00:00,PUMP101.BEARING_TEMP,70.01466666666666,°C,GOOD
2025-03-26 20:00:00,PUMP101.BEARING_TEMP,69.41900000000001,°C,BAD
2025-03-26 21:00:00,PUMP101.BEARING_TEMP,70.15133333333334,°C,GOOD
2025-03-26 22:00:00,PUMP101.BEARING_TEMP,69.15966666666667,°C,GOOD
2025-03-26 23:00:00,PUMP101.BEARING_TEMP,69.807,°C,GOOD
2025-03-27 00:00:00,PUMP101.BEARING_TEMP,70.12433333333333,°C,GOOD
2025-03-27 01:00:00,PUMP101.BEARING_TEMP,69.99666666666667,°C,GOOD
2025-03-27 02:00:00,PUMP101.BEARING_TEMP,70.628,°C,GOOD
2025-03-27 03:00:00,PUMP101.BEARING_TEMP,69.29133333333333,°C,GOOD
2025-03-27 04:00:00,PUMP101.BEARING_TEMP,68.98666666666666,°C,GOOD
2025-03-27 05:00:00,PUMP101.BEARING_TEMP,69.18299999999999,°C,GOOD
2025-03-27 06:00:00,PUMP101.BEARING_TEMP,70.01333333333334,°C,GOOD
2025-03-27 07:00:00,PUMP101.BEARING_TEMP,69.93566666666666,°C,GOOD
2025-03-27 08:00:00,PUMP101.BEARING_TEMP,69.741,°C,GOOD
2025-03-27 09:00:00,PUMP101.BEARING_TEMP,69.13233333333332,°C,GOOD
2025-03-27 10:00:00,PUMP101.BEARING_TEMP,70.07966666666667,°C,GOOD
2025-03-27 11:00:00,PUMP101.BEARING_TEMP,69.08800000000001,°C,GOOD
2025-03-27 12:00:00,PUMP101.BEARING_TEMP,70.28233333333333,°C,GOOD
2025-03-27 13:00:00,PUMP101.BEARING_TEMP,71.13566666666667,°C,GOOD
2025-03-27 14:00:00,PUMP101.BEARING_TEMP,69.893,°C,GOOD
2025-03-27 15:00:00,PUMP101.BEARING_TEMP,70.00533333333334,°C,GOOD
2025-03-27 16:00:00,PUMP101.BEARING_TEMP,69.47066666666667,°C,GOOD
2025-03-27 17:00:00,PUMP101.BEARING_TEMP,68.815,°C,GOOD
2025-03-27 18:00:00,PUMP101.BEARING_TEMP,69.42233333333333,°C,GOOD
2025-03-27 19:00:00,PUMP101.BEARING_TEMP,69.18066666666667,°C,GOOD
2025-03-27 20:00:00,PUMP101.BEARING_TEMP,69.006,°C,GOOD
2025-03-27 21:00:00,PUMP101.BEARING_TEMP,70.59433333333334,°C,GOOD
2025-03-27 22:00:00,PUMP101.BEARING_TEMP,69.87266666666666,°C,GOOD
2025-03-27 23:00:00,PUMP101.BEARING_TEMP,69.92999999999999,°C,GOOD
2025-03-28 00:00:00,PUMP101.BEARING_TEMP,69.58833333333334,°C,GOOD
2025-03-28 01:00:00,PUMP101.BEARING_TEMP,69.66066666666667,°C,GOOD
2025-03-28 02:00:00,PUMP101.BEARING_TEMP,70.232,°C,GOOD
2025-03-28 03:00:00,PUMP101.BEARING_TEMP,69.73733333333332,°C,GOOD
2025-03-28 04:00:00,PUMP101.BEARING_TEMP,70.02166666666666,°C,GOOD
2025-03-28 05:00:00,PUMP101.BEARING_TEMP,69.662,°C,GOOD
2025-03-28 06:00:00,PUMP101.BEARING_TEMP,69.59233333333333,°C,GOOD
2025-03-28 07:00:00,PUMP101.BEARING_TEMP,69.06366666666666,°C,GOOD
2025-03-28 08:00:00,PUMP101.BEARING_TEMP,68.78099999999999,°C,GOOD
2025-03-28 09:00:00,PUMP101.BEARING_TEMP,69.64233333333334,°C,GOOD
2025-03-28 10:00:00,PUMP101.BEARING_TEMP,69.80466666666668,°C,GOOD
2025-03-28 11:00:00,PUMP101.BEARING_TEMP,69.137,°C,GOOD
2025-03-28 12:00:00,PUMP101.BEARING_TEMP,69.76633333333334,°C,GOOD
2025-03-28 13:00:00,PUMP101.BEARING_TEMP,69.81366666666666,°C,GOOD
2025-03-28 14:00:00,PUMP101.BEARING_TEMP,68.712,°C,GOOD
2025-03-28 15:00:00,PUMP101.BEARING_TEMP,69.33533333333334,°C,GOOD
2025-03-28 16:00:00,PUMP101.BEARING_TEMP,70.00066666666666,°C,GOOD
2025-03-28 17:00:00,PUMP101.BEARING_TEMP,69.994,°C,GOOD
2025-03-28 18:00:00,PUMP101.BEARING_TEMP,69.22633333333333,°C,GOOD
2025-03-28 19:00:00,PUMP101.BEARING_TEMP,69.88566666666667,°C,GOOD
2025-03-28 20:00:00,PUMP101.BEARING_TEMP,70.321,°C,GOOD
2025-03-28 21:00:00,PUMP101.BEARING_TEMP,70.20233333333333,°C,GOOD
2025-03-28 22:00:00,PUMP101.BEARING_TEMP,69.76866666666666,°C,GOOD
2025-03-28 23:00:00,PUMP101.BEARING_TEMP,69.58600000000001,°C,GOOD
2025-03-29 00:00:00,PUMP101.BEARING_TEMP,69.50833333333334,°C,GOOD
2025-03-29 01:00:00,PUMP101.BEARING_TEMP,70.06066666666666,°C,GOOD
2025-03-29 02:00:00,PUMP101.BEARING_TEMP,69.928,°C,GOOD
2025-03-29 03:00:00,PUMP101.BEARING_TEMP,70.14833333333333,°C,GOOD
2025-03-29 04:00:00,PUMP101.BEARING_TEMP,69.90266666666668,°C,GOOD
2025-03-29 05:00:00,PUMP101.BEARING_TEMP,70.24900000000001,°C,GOOD
2025-03-29 06:00:00,PUMP101.BEARING_TEMP,69.89033333333333,°C,GOOD
2025-03-29 07:00:00,PUMP101.BEARING_TEMP,70.23866666666666,°C,BAD
2025-03-29 08:00:00,PUMP101.BEARING_TEMP,70.285,°C,GOOD
2025-03-29 09:00:00,PUMP101.BEARING_TEMP,69.45133333333334,°C,GOOD
2025-03-29 10:00:00,PUMP101.BEARING_TEMP,68.95266666666667,°C,GOOD
2025-03-29 11:00:00,PUMP101.BEARING_TEMP,70.632,°C,GOOD
2025-03-29 12:00:00,PUMP101.BEARING_TEMP,69.99133333333333,°C,GOOD
2025-03-29 13:00:00,PUMP101.BEARING_TEMP,69.00966666666667,°C,GOOD
2025-03-29 14:00:00,PUMP101.BEARING_TEMP,69.513,°C,GOOD
2025-03-29 15:00:00,PUMP101.BEARING_TEMP,70.25933333333333,°C,GOOD
2025-03-29 16:00:00,PUMP101.BEARING_TEMP,69.73666666666666,°C,GOOD
2025-03-29 17:00:00,PUMP101.BEARING_TEMP,69.624,°C,GOOD
2025-03-29 18:00:00,PUMP101.BEARING_TEMP,70.58333333333334,°C,GOOD
2025-03-29 19:00:00,PUMP101.BEARING_TEMP,69.36266666666667,°C,GOOD
2025-03-29 20:00:00,PUMP101.BEARING_TEMP,69.491,°C,GOOD
2025-03-29 21:00:00,PUMP101.BEARING_TEMP,69.99933333333333,°C,GOOD
2025-03-29 22:00:00,PUMP101.BEARING_TEMP,70.09166666666665,°C,GOOD
2025-03-29 23:00:00,PUMP101.BEARING_TEMP,70.14800000000001,°C,GOOD
2025-03-30 00:00:00,PUMP101.BEARING_TEMP,70.35933333333334,°C,GOOD
2025-03-30 01:00:00,PUMP101.BEARING_TEMP,70.00566666666667,°C,GOOD
2025-03-30 02:00:00,PUMP101.BEARING_TEMP,70.155,°C,GOOD
2025-03-30 03:00:00,PUMP101.BEARING_TEMP,69.78333333333333,°C,GOOD
2025-03-30 04:00:00,PUMP101.BEARING_TEMP,69.94766666666668,°C,GOOD
2025-03-30 05:00:00,PUMP101.BEARING_TEMP,69.974,°C,GOOD
2025-03-30 06:00:00,PUMP101.BEARING_TEMP,70.03133333333334,°C,GOOD
2025-03-30 07:00:00,PUMP101.BEARING_TEMP,70.31266666666666,°C,BAD
2025-03-30 08:00:00,PUMP101.BEARING_TEMP,70.208,°C,GOOD
2025-03-30 09:00:00,PUMP101.BEARING_TEMP,69.95533333333334,°C,GOOD
2025-03-30 10:00:00,PUMP101.BEARING_TEMP,69.53166666666667,°C,GOOD
2025-03-30 11:00:00,PUMP101.BEARING_TEMP,69.974,°C,GOOD
2025-03-30 12:00:00,PUMP101.BEARING_TEMP,69.92933333333333,°C,GOOD
2025-03-30 13:00:00,PUMP101.BEARING_TEMP,70.04366666666667,°C,GOOD
2025-03-30 14:00:00,PUMP101.BEARING_TEMP,71.053,°C,GOOD
2025-03-30 15:00:00,PUMP101.BEARING_TEMP,69.69133333333333,°C,GOOD
2025-03-30 16:00:00,PUMP101.BEARING_TEMP,70.16766666666666,°C,GOOD
2025-03-30 17:00:00,PUMP101.BEARING_TEMP,70.494,°C,BAD
2025-03-30 18:00:00,PUMP101.BEARING_TEMP,70.01233333333334,°C,GOOD
2025-03-30 19:00:00,PUMP101.BEARING_TEMP,71.13566666666667,°C,GOOD
2025-03-30 20:00:00,PUMP101.BEARING_TEMP,69.781,°C,GOOD
2025-03-30 21:00:00,PUMP101.BEARING_TEMP,70.13533333333334,°C,GOOD
2025-03-30 22:00:00,PUMP101.BEARING_TEMP,69.57766666666666,°C,GOOD
2025-03-30 23:00:00,PUMP101.BEARING_TEMP,69.804,°C,GOOD
2025-03-31 00:00:00,PUMP101.BEARING_TEMP,70.10733333333333,°C,GOOD
2025-01-01 00:00:00,PUMP101.VIBRATION_RMS,4.136,mm/s,GOOD
2025-01-01 01:00:00,PUMP101.VIBRATION_RMS,1.904,mm/s,GOOD
2025-01-01 02:00:00,PUMP101.VIBRATION_RMS,2.155,mm/s,GOOD
2025-01-01 03:00:00,PUMP101.VIBRATION_RMS,2.709,mm/s,GOOD
2025-01-01 04:00:00,PUMP101.VIBRATION_RMS,2.699,mm/s,GOOD
2025-01-01 05:00:00,PUMP101.VIBRATION_RMS,3.475,mm/s,GOOD
2025-01-01 06:00:00,PUMP101.VIBRATION_RMS,2.166,mm/s,GOOD
2025-01-01 07:00:00,PUMP101.VIBRATION_RMS,2.952,mm/s,GOOD
2025-01-01 08:00:00,PUMP101.VIBRATION_RMS,3.081,mm/s,GOOD
2025-01-01 09:00:00,PUMP101.VIBRATION_RMS,2.852,mm/s,GOOD
2025-01-01 10:00:00,PUMP101.VIBRATION_RMS,2.02,mm/s,GOOD
2025-01-01 11:00:00,PUMP101.VIBRATION_RMS,3.204,mm/s,GOOD
2025-01-01 12:00:00,PUMP101.VIBRATION_RMS,3.115,mm/s,GOOD
2025-01-01 13:00:00,PUMP101.VIBRATION_RMS,2.8,mm/s,GOOD
2025-01-01 14:00:00,PUMP101.VIBRATION_RMS,2.602,mm/s,GOOD
2025-01-01 15:00:00,PUMP101.VIBRATION_RMS,2.613,mm/s,GOOD
2025-01-01 16:00:00,PUMP101.VIBRATION_RMS,2.461,mm/s,GOOD
2025-01-01 17:00:00,PUMP101.VIBRATION_RMS,2.82,mm/s,GOOD
2025-01-01 18:00:00,PUMP101.VIBRATION_RMS,2.516,mm/s,GOOD
2025-01-01 19:00:00,PUMP101.VIBRATION_RMS,2.076,mm/s,GOOD
2025-01-01 20:00:00,PUMP101.VIBRATION_RMS,1.976,mm/s,GOOD
2025-01-01 21:00:00,PUMP101.VIBRATION_RMS,2.124,mm/s,GOOD
2025-01-01 22:00:00,PUMP101.VIBRATION_RMS,2.611,mm/s,GOOD
2025-01-01 23:00:00,PUMP101.VIBRATION_RMS,2.487,mm/s,GOOD
2025-01-02 00:00:00,PUMP101.VIBRATION_RMS,2.608,mm/s,GOOD
2025-01-02 01:00:00,PUMP101.VIBRATION_RMS,2.75,mm/s,GOOD
2025-01-02 02:00:00,PUMP101.VIBRATION_RMS,2.186,mm/s,GOOD
2025-01-02 03:00:00,PUMP101.VIBRATION_RMS,3.233,mm/s,GOOD
2025-01-02 04:00:00,PUMP101.VIBRATION_RMS,2.366,mm/s,GOOD
2025-01-02 05:00:00,PUMP101.VIBRATION_RMS,2.283,mm/s,GOOD
2025-01-02 06:00:00,PUMP101.VIBRATION_RMS,2.741,mm/s,GOOD
2025-01-02 07:00:00,PUMP101.VIBRATION_RMS,1.582,mm/s,GOOD
2025-01-02 08:00:00,PUMP101.VIBRATION_RMS,2.105,mm/s,GOOD
2025-01-02 09:00:00,PUMP101.VIBRATION_RMS,2.991,mm/s,GOOD
2025-01-02 10:00:00,PUMP101.VIBRATION_RMS,1.631,mm/s,GOOD
2025-01-02 11:00:00,PUMP101.VIBRATION_RMS,3.059,mm/s,GOOD
2025-01-02 12:00:00,PUMP101.VIBRATION_RMS,3.256,mm/s,GOOD
2025-01-02 13:00:00,PUMP101.VIBRATION_RMS,2.315,mm/s,GOOD
2025-01-02 14:00:00,PUMP101.VIBRATION_RMS,2.646,mm/s,GOOD
2025-01-02 15:00:00,PUMP101.VIBRATION_RMS,3.06,mm/s,GOOD
2025-01-02 16:00:00,PUMP101.VIBRATION_RMS,2.267,mm/s,GOOD
2025-01-02 17:00:00,PUMP101.VIBRATION_RMS,2.934,mm/s,GOOD
2025-01-02 18:00:00,PUMP101.VIBRATION_RMS,2.164,mm/s,GOOD
2025-01-02 19:00:00,PUMP101.VIBRATION_RMS,2.261,mm/s,GOOD
2025-01-02 20:00:00,PUMP101.VIBRATION_RMS,2.1,mm/s,GOOD
2025-01-02 21:00:00,PUMP101.VIBRATION_RMS,2.671,mm/s,GOOD
2025-01-02 22:00:00,PUMP101.VIBRATION_RMS,3.079,mm/s,GOOD
2025-01-02 23:00:00,PUMP101.VIBRATION_RMS,2.408,mm/s,GOOD
2025-01-03 00:00:00,PUMP101.VIBRATION_RMS,1.864,mm/s,GOOD
2025-01-03 01:00:00,PUMP101.VIBRATION_RMS,1.959,mm/s,GOOD
2025-01-03 02:00:00,PUMP101.VIBRATION_RMS,2.697,mm/s,GOOD
2025-01-03 03:00:00,PUMP101.VIBRATION_RMS,3.422,mm/s,GOOD
2025-01-03 04:00:00,PUMP101.VIBRATION_RMS,2.697,mm/s,GOOD
2025-01-03 05:00:00,PUMP101.VIBRATION_RMS,2.307,mm/s,GOOD
2025-01-03 06:00:00,PUMP101.VIBRATION_RMS,2.883,mm/s,GOOD
2025-01-03 07:00:00,PUMP101.VIBRATION_RMS,2.38,mm/s,GOOD
2025-01-03 08:00:00,PUMP101.VIBRATION_RMS,2.311,mm/s,GOOD
2025-01-03 09:00:00,PUMP101.VIBRATION_RMS,2.021,mm/s,GOOD
2025-01-03 10:00:00,PUMP101.VIBRATION_RMS,3.204,mm/s,GOOD
2025-01-03 11:00:00,PUMP101.VIBRATION_RMS,1.23,mm/s,GOOD
2025-01-03 12:00:00,PUMP101.VIBRATION_RMS,2.899,mm/s,GOOD
2025-01-03 13:00:00,PUMP101.VIBRATION_RMS,2.268,mm/s,GOOD
2025-01-03 14:00:00,PUMP101.VIBRATION_RMS,2.295,mm/s,GOOD
2025-01-03 15:00:00,PUMP101.VIBRATION_RMS,3.346,mm/s,BAD
2025-01-03 16:00:00,PUMP101.VIBRATION_RMS,2.143,mm/s,GOOD
2025-01-03 17:00:00,PUMP101.VIBRATION_RMS,2.16,mm/s,GOOD
2025-01-03 18:00:00,PUMP101.VIBRATION_RMS,2.435,mm/s,GOOD
2025-01-03 19:00:00,PUMP101.VIBRATION_RMS,2.707,mm/s,GOOD
2025-01-03 20:00:00,PUMP101.VIBRATION_RMS,2.279,mm/s,GOOD
2025-01-03 21:00:00,PUMP101.VIBRATION_RMS,1.713,mm/s,GOOD
2025-01-03 22:00:00,PUMP101.VIBRATION_RMS,2.067,mm/s,GOOD
2025-01-03 23:00:00,PUMP101.VIBRATION_RMS,3.141,mm/s,GOOD
2025-01-04 00:00:00,PUMP101.VIBRATION_RMS,2.537,mm/s,GOOD
2025-01-04 01:00:00,PUMP101.VIBRATION_RMS,2.726,mm/s,GOOD
2025-01-04 02:00:00,PUMP101.VIBRATION_RMS,2.369,mm/s,GOOD
2025-01-04 03:00:00,PUMP101.VIBRATION_RMS,2.17,mm/s,GOOD
2025-01-04 04:00:00,PUMP101.VIBRATION_RMS,3.339,mm/s,GOOD
2025-01-04 05:00:00,PUMP101.VIBRATION_RMS,2.406,mm/s,BAD
2025-01-04 06:00:00,PUMP101.VIBRATION_RMS,2.278,mm/s,GOOD
2025-01-04 07:00:00,PUMP101.VIBRATION_RMS,3.048,mm/s,GOOD
2025-01-04 08:00:00,PUMP101.VIBRATION_RMS,2.139,mm/s,GOOD
2025-01-04 09:00:00,PUMP101.VIBRATION_RMS,2.203,mm/s,GOOD
2025-01-04 10:00:00,PUMP101.VIBRATION_RMS,2.505,mm/s,GOOD
2025-01-04 11:00:00,PUMP101.VIBRATION_RMS,2.5,mm/s,GOOD
2025-01-04 12:00:00,PUMP101.VIBRATION_RMS,2.63,mm/s,GOOD
2025-01-04 13:00:00,PUMP101.VIBRATION_RMS,3.546,mm/s,GOOD
2025-01-04 14:00:00,PUMP101.VIBRATION_RMS,2.668,mm/s,BAD
2025-01-04 15:00:00,PUMP101.VIBRATION_RMS,1.311,mm/s,GOOD
2025-01-04 16:00:00,PUMP101.VIBRATION_RMS,2.663,mm/s,GOOD
2025-01-04 17:00:00,PUMP101.VIBRATION_RMS,2.519,mm/s,GOOD
2025-01-04 18:00:00,PUMP101.VIBRATION_RMS,2.522,mm/s,GOOD
2025-01-04 19:00:00,PUMP101.VIBRATION_RMS,2.623,mm/s,GOOD
2025-01-04 20:00:00,PUMP101.VIBRATION_RMS,2.486,mm/s,GOOD
2025-01-04 21:00:00,PUMP101.VIBRATION_RMS,2.474,mm/s,GOOD
2025-01-04 22:00:00,PUMP101.VIBRATION_RMS,2.807,mm/s,GOOD
2025-01-04 23:00:00,PUMP101.VIBRATION_RMS,2.229,mm/s,GOOD
2025-01-05 00:00:00,PUMP101.VIBRATION_RMS,2.026,mm/s,GOOD
2025-01-05 01:00:00,PUMP101.VIBRATION_RMS,4.012,mm/s,GOOD
2025-01-05 02:00:00,PUMP101.VIBRATION_RMS,2.142,mm/s,GOOD
2025-01-05 03:00:00,PUMP101.VIBRATION_RMS,2.55,mm/s,BAD
2025-01-05 04:00:00,PUMP101.VIBRATION_RMS,1.752,mm/s,GOOD
2025-01-05 05:00:00,PUMP101.VIBRATION_RMS,2.558,mm/s,BAD
2025-01-05 06:00:00,PUMP101.VIBRATION_RMS,2.033,mm/s,GOOD
2025-01-05 07:00:00,PUMP101.VIBRATION_RMS,2.279,mm/s,GOOD
2025-01-05 08:00:00,PUMP101.VIBRATION_RMS,3.023,mm/s,GOOD
2025-01-05 09:00:00,PUMP101.VIBRATION_RMS,2.736,mm/s,GOOD
2025-01-05 10:00:00,PUMP101.VIBRATION_RMS,2.784,mm/s,GOOD
2025-01-05 11:00:00,PUMP101.VIBRATION_RMS,1.614,mm/s,GOOD
2025-01-05 12:00:00,PUMP101.VIBRATION_RMS,3.418,mm/s,GOOD
2025-01-05 13:00:00,PUMP101.VIBRATION_RMS,1.904,mm/s,GOOD
2025-01-05 14:00:00,PUMP101.VIBRATION_RMS,3.264,mm/s,GOOD
2025-01-05 15:00:00,PUMP101.VIBRATION_RMS,3.011,mm/s,GOOD
2025-01-05 16:00:00,PUMP101.VIBRATION_RMS,2.789,mm/s,GOOD
2025-01-05 17:00:00,PUMP101.VIBRATION_RMS,2.073,mm/s,GOOD
2025-01-05 18:00:00,PUMP101.VIBRATION_RMS,2.576,mm/s,GOOD
2025-01-05 19:00:00,PUMP101.VIBRATION_RMS,2.265,mm/s,GOOD
2025-01-05 20:00:00,PUMP101.VIBRATION_RMS,2.515,mm/s,GOOD
2025-01-05 21:00:00,PUMP101.VIBRATION_RMS,2.375,mm/s,GOOD
2025-01-05 22:00:00,PUMP101.VIBRATION_RMS,1.481,mm/s,GOOD
2025-01-05 23:00:00,PUMP101.VIBRATION_RMS,3.061,mm/s,GOOD
2025-01-06 00:00:00,PUMP101.VIBRATION_RMS,2.459,mm/s,GOOD
2025-01-06 01:00:00,PUMP101.VIBRATION_RMS,2.258,mm/s,GOOD
2025-01-06 02:00:00,PUMP101.VIBRATION_RMS,2.22,mm/s,GOOD
2025-01-06 03:00:00,PUMP101.VIBRATION_RMS,2.679,mm/s,GOOD
2025-01-06 04:00:00,PUMP101.VIBRATION_RMS,2.053,mm/s,GOOD
2025-01-06 05:00:00,PUMP101.VIBRATION_RMS,1.372,mm/s,GOOD
2025-01-06 06:00:00,PUMP101.VIBRATION_RMS,2.704,mm/s,GOOD
2025-01-06 07:00:00,PUMP101.VIBRATION_RMS,2.76,mm/s,GOOD
2025-01-06 08:00:00,PUMP101.VIBRATION_RMS,2.4,mm/s,GOOD
2025-01-06 09:00:00,PUMP101.VIBRATION_RMS,1.926,mm/s,GOOD
2025-01-06 10:00:00,PUMP101.VIBRATION_RMS,2.544,mm/s,GOOD
2025-01-06 11:00:00,PUMP101.VIBRATION_RMS,1.768,mm/s,GOOD
2025-01-06 12:00:00,PUMP101.VIBRATION_RMS,1.986,mm/s,GOOD
2025-01-06 13:00:00,PUMP101.VIBRATION_RMS,2.125,mm/s,GOOD
2025-01-06 14:00:00,PUMP101.VIBRATION_RMS,2.922,mm/s,GOOD
2025-01-06 15:00:00,PUMP101.VIBRATION_RMS,2.319,mm/s,GOOD
2025-01-06 16:00:00,PUMP101.VIBRATION_RMS,2.276,mm/s,GOOD
2025-01-06 17:00:00,PUMP101.VIBRATION_RMS,3.477,mm/s,GOOD
2025-01-06 18:00:00,PUMP101.VIBRATION_RMS,2.676,mm/s,GOOD
2025-01-06 19:00:00,PUMP101.VIBRATION_RMS,2.669,mm/s,GOOD
2025-01-06 20:00:00,PUMP101.VIBRATION_RMS,2.315,mm/s,GOOD
2025-01-06 21:00:00,PUMP101.VIBRATION_RMS,2.202,mm/s,GOOD
2025-01-06 22:00:00,PUMP101.VIBRATION_RMS,1.407,mm/s,GOOD
2025-01-06 23:00:00,PUMP101.VIBRATION_RMS,2.984,mm/s,GOOD
2025-01-07 00:00:00,PUMP101.VIBRATION_RMS,2.724,mm/s,GOOD
2025-01-07 01:00:00,PUMP101.VIBRATION_RMS,2.41,mm/s,GOOD
2025-01-07 02:00:00,PUMP101.VIBRATION_RMS,2.431,mm/s,GOOD
2025-01-07 03:00:00,PUMP101.VIBRATION_RMS,2.868,mm/s,GOOD
2025-01-07 04:00:00,PUMP101.VIBRATION_RMS,1.723,mm/s,GOOD
2025-01-07 05:00:00,PUMP101.VIBRATION_RMS,2.205,mm/s,GOOD
2025-01-07 06:00:00,PUMP101.VIBRATION_RMS,1.932,mm/s,GOOD
2025-01-07 07:00:00,PUMP101.VIBRATION_RMS,3.386,mm/s,GOOD
2025-01-07 08:00:00,PUMP101.VIBRATION_RMS,2.938,mm/s,GOOD
2025-01-07 09:00:00,PUMP101.VIBRATION_RMS,1.399,mm/s,GOOD
2025-01-07 10:00:00,PUMP101.VIBRATION_RMS,1.743,mm/s,GOOD
2025-01-07 11:00:00,PUMP101.VIBRATION_RMS,2.434,mm/s,GOOD
2025-01-07 12:00:00,PUMP101.VIBRATION_RMS,2.264,mm/s,GOOD
2025-01-07 13:00:00,PUMP101.VIBRATION_RMS,1.838,mm/s,GOOD
2025-01-07 14:00:00,PUMP101.VIBRATION_RMS,3.472,mm/s,GOOD
2025-01-07 15:00:00,PUMP101.VIBRATION_RMS,2.656,mm/s,GOOD
2025-01-07 16:00:00,PUMP101.VIBRATION_RMS,2.737,mm/s,GOOD
2025-01-07 17:00:00,PUMP101.VIBRATION_RMS,2.154,mm/s,GOOD
2025-01-07 18:00:00,PUMP101.VIBRATION_RMS,2.861,mm/s,GOOD
2025-01-07 19:00:00,PUMP101.VIBRATION_RMS,2.31,mm/s,GOOD
2025-01-07 20:00:00,PUMP101.VIBRATION_RMS,2.358,mm/s,GOOD
2025-01-07 21:00:00,PUMP101.VIBRATION_RMS,2.806,mm/s,GOOD
2025-01-07 22:00:00,PUMP101.VIBRATION_RMS,1.686,mm/s,GOOD
2025-01-07 23:00:00,PUMP101.VIBRATION_RMS,3.299,mm/s,GOOD
2025-01-08 00:00:00,PUMP101.VIBRATION_RMS,2.591,mm/s,GOOD
2025-01-08 01:00:00,PUMP101.VIBRATION_RMS,3.14,mm/s,GOOD
2025-01-08 02:00:00,PUMP101.VIBRATION_RMS,1.962,mm/s,GOOD
2025-01-08 03:00:00,PUMP101.VIBRATION_RMS,2.038,mm/s,GOOD
2025-01-08 04:00:00,PUMP101.VIBRATION_RMS,1.919,mm/s,GOOD
2025-01-08 05:00:00,PUMP101.VIBRATION_RMS,2.625,mm/s,GOOD
2025-01-08 06:00:00,PUMP101.VIBRATION_RMS,2.533,mm/s,GOOD
2025-01-08 07:00:00,PUMP101.VIBRATION_RMS,2.268,mm/s,GOOD
2025-01-08 08:00:00,PUMP101.VIBRATION_RMS,1.993,mm/s,GOOD
2025-01-08 09:00:00,PUMP101.VIBRATION_RMS,1.867,mm/s,GOOD
2025-01-08 10:00:00,PUMP101.VIBRATION_RMS,2.476,mm/s,GOOD
2025-01-08 11:00:00,PUMP101.VIBRATION_RMS,2.267,mm/s,GOOD
2025-01-08 12:00:00,PUMP101.VIBRATION_RMS,2.157,mm/s,GOOD
2025-01-08 13:00:00,PUMP101.VIBRATION_RMS,3.274,mm/s,GOOD
2025-01-08 14:00:00,PUMP101.VIBRATION_RMS,2.459,mm/s,GOOD
2025-01-08 15:00:00,PUMP101.VIBRATION_RMS,3.135,mm/s,GOOD
2025-01-08 16:00:00,PUMP101.VIBRATION_RMS,2.233,mm/s,GOOD
2025-01-08 17:00:00,PUMP101.VIBRATION_RMS,2.622,mm/s,GOOD
2025-01-08 18:00:00,PUMP101.VIBRATION_RMS,2.472,mm/s,GOOD
2025-01-08 19:00:00,PUMP101.VIBRATION_RMS,1.651,mm/s,GOOD
2025-01-08 20:00:00,PUMP101.VIBRATION_RMS,3.214,mm/s,GOOD
2025-01-08 21:00:00,PUMP101.VIBRATION_RMS,2.432,mm/s,GOOD
2025-01-08 22:00:00,PUMP101.VIBRATION_RMS,2.873,mm/s,GOOD
2025-01-08 23:00:00,PUMP101.VIBRATION_RMS,2.124,mm/s,GOOD
2025-01-09 00:00:00,PUMP101.VIBRATION_RMS,2.418,mm/s,GOOD
2025-01-09 01:00:00,PUMP101.VIBRATION_RMS,2.067,mm/s,GOOD
2025-01-09 02:00:00,PUMP101.VIBRATION_RMS,3.118,mm/s,GOOD
2025-01-09 03:00:00,PUMP101.VIBRATION_RMS,2.656,mm/s,GOOD
2025-01-09 04:00:00,PUMP101.VIBRATION_RMS,2.684,mm/s,GOOD
2025-01-09 05:00:00,PUMP101.VIBRATION_RMS,3.179,mm/s,GOOD
2025-01-09 06:00:00,PUMP101.VIBRATION_RMS,3.078,mm/s,GOOD
2025-01-09 07:00:00,PUMP101.VIBRATION_RMS,2.883,mm/s,GOOD
2025-01-09 08:00:00,PUMP101.VIBRATION_RMS,1.789,mm/s,GOOD
2025-01-09 09:00:00,PUMP101.VIBRATION_RMS,2.152,mm/s,GOOD
2025-01-09 10:00:00,PUMP101.VIBRATION_RMS,1.998,mm/s,GOOD
2025-01-09 11:00:00,PUMP101.VIBRATION_RMS,2.864,mm/s,GOOD
2025-01-09 12:00:00,PUMP101.VIBRATION_RMS,2.585,mm/s,GOOD
2025-01-09 13:00:00,PUMP101.VIBRATION_RMS,1.805,mm/s,GOOD
2025-01-09 14:00:00,PUMP101.VIBRATION_RMS,2.406,mm/s,GOOD
2025-01-09 15:00:00,PUMP101.VIBRATION_RMS,1.753,mm/s,GOOD
2025-01-09 16:00:00,PUMP101.VIBRATION_RMS,2.473,mm/s,GOOD
2025-01-09 17:00:00,PUMP101.VIBRATION_RMS,1.672,mm/s,GOOD
2025-01-09 18:00:00,PUMP101.VIBRATION_RMS,2.764,mm/s,GOOD
2025-01-09 19:00:00,PUMP101.VIBRATION_RMS,2.689,mm/s,GOOD
2025-01-09 20:00:00,PUMP101.VIBRATION_RMS,3.454,mm/s,GOOD
2025-01-09 21:00:00,PUMP101.VIBRATION_RMS,2.924,mm/s,BAD
2025-01-09 22:00:00,PUMP101.VIBRATION_RMS,2.289,mm/s,GOOD
2025-01-09 23:00:00,PUMP101.VIBRATION_RMS,2.909,mm/s,GOOD
2025-01-10 00:00:00,PUMP101.VIBRATION_RMS,1.801,mm/s,GOOD
2025-01-10 01:00:00,PUMP101.VIBRATION_RMS,2.019,mm/s,GOOD
2025-01-10 02:00:00,PUMP101.VIBRATION_RMS,2.667,mm/s,GOOD
2025-01-10 03:00:00,PUMP101.VIBRATION_RMS,1.421,mm/s,GOOD
2025-01-10 04:00:00,PUMP101.VIBRATION_RMS,2.481,mm/s,BAD
2025-01-10 05:00:00,PUMP101.VIBRATION_RMS,1.99,mm/s,GOOD
2025-01-10 06:00:00,PUMP101.VIBRATION_RMS,2.551,mm/s,GOOD
2025-01-10 07:00:00,PUMP101.VIBRATION_RMS,1.961,mm/s,GOOD
2025-01-10 08:00:00,PUMP101.VIBRATION_RMS,2.712,mm/s,GOOD
2025-01-10 09:00:00,PUMP101.VIBRATION_RMS,2.51,mm/s,GOOD
2025-01-10 10:00:00,PUMP101.VIBRATION_RMS,3.2,mm/s,GOOD
2025-01-10 11:00:00,PUMP101.VIBRATION_RMS,2.503,mm/s,BAD
2025-01-10 12:00:00,PUMP101.VIBRATION_RMS,2.116,mm/s,GOOD
2025-01-10 13:00:00,PUMP101.VIBRATION_RMS,2.377,mm/s,GOOD
2025-01-10 14:00:00,PUMP101.VIBRATION_RMS,1.828,mm/s,GOOD
2025-01-10 15:00:00,PUMP101.VIBRATION_RMS,2.703,mm/s,GOOD
2025-01-10 16:00:00,PUMP101.VIBRATION_RMS,2.795,mm/s,GOOD
2025-01-10 17:00:00,PUMP101.VIBRATION_RMS,3.735,mm/s,GOOD
2025-01-10 18:00:00,PUMP101.VIBRATION_RMS,2.189,mm/s,GOOD
2025-01-10 19:00:00,PUMP101.VIBRATION_RMS,2.366,mm/s,GOOD
2025-01-10 20:00:00,PUMP101.VIBRATION_RMS,2.212,mm/s,GOOD
2025-01-10 21:00:00,PUMP101.VIBRATION_RMS,2.606,mm/s,GOOD
2025-01-10 22:00:00,PUMP101.VIBRATION_RMS,2.691,mm/s,GOOD
2025-01-10 23:00:00,PUMP101.VIBRATION_RMS,2.473,mm/s,GOOD
2025-01-11 00:00:00,PUMP101.VIBRATION_RMS,3.043,mm/s,GOOD
2025-01-11 01:00:00,PUMP101.VIBRATION_RMS,2.192,mm/s,GOOD
2025-01-11 02:00:00,PUMP101.VIBRATION_RMS,2.993,mm/s,GOOD
2025-01-11 03:00:00,PUMP101.VIBRATION_RMS,2.769,mm/s,GOOD
2025-01-11 04:00:00,PUMP101.VIBRATION_RMS,2.494,mm/s,GOOD
2025-01-11 05:00:00,PUMP101.VIBRATION_RMS,2.343,mm/s,GOOD
2025-01-11 06:00:00,PUMP101.VIBRATION_RMS,3.713,mm/s,GOOD
2025-01-11 07:00:00,PUMP101.VIBRATION_RMS,2.091,mm/s,GOOD
2025-01-11 08:00:00,PUMP101.VIBRATION_RMS,2.649,mm/s,GOOD
2025-01-11 09:00:00,PUMP101.VIBRATION_RMS,2.125,mm/s,GOOD
2025-01-11 10:00:00,PUMP101.VIBRATION_RMS,3.393,mm/s,GOOD
2025-01-11 11:00:00,PUMP101.VIBRATION_RMS,2.943,mm/s,GOOD
2025-01-11 12:00:00,PUMP101.VIBRATION_RMS,2.161,mm/s,GOOD
2025-01-11 13:00:00,PUMP101.VIBRATION_RMS,2.756,mm/s,GOOD
2025-01-11 14:00:00,PUMP101.VIBRATION_RMS,2.629,mm/s,GOOD
2025-01-11 15:00:00,PUMP101.VIBRATION_RMS,2.242,mm/s,GOOD
2025-01-11 16:00:00,PUMP101.VIBRATION_RMS,2.879,mm/s,GOOD
2025-01-11 17:00:00,PUMP101.VIBRATION_RMS,2.695,mm/s,GOOD
2025-01-11 18:00:00,PUMP101.VIBRATION_RMS,2.608,mm/s,GOOD
2025-01-11 19:00:00,PUMP101.VIBRATION_RMS,2.479,mm/s,GOOD
2025-01-11 20:00:00,PUMP101.VIBRATION_RMS,2.716,mm/s,GOOD
2025-01-11 21:00:00,PUMP101.VIBRATION_RMS,2.615,mm/s,GOOD
2025-01-11 22:00:00,PUMP101.VIBRATION_RMS,2.53,mm/s,GOOD
2025-01-11 23:00:00,PUMP101.VIBRATION_RMS,2.179,mm/s,GOOD
2025-01-12 00:00:00,PUMP101.VIBRATION_RMS,3.347,mm/s,GOOD
2025-01-12 01:00:00,PUMP101.VIBRATION_RMS,1.975,mm/s,GOOD
2025-01-12 02:00:00,PUMP101.VIBRATION_RMS,2.714,mm/s,GOOD
2025-01-12 03:00:00,PUMP101.VIBRATION_RMS,2.34,mm/s,GOOD
2025-01-12 04:00:00,PUMP101.VIBRATION_RMS,3.38,mm/s,GOOD
2025-01-12 05:00:00,PUMP101.VIBRATION_RMS,2.048,mm/s,GOOD
2025-01-12 06:00:00,PUMP101.VIBRATION_RMS,2.132,mm/s,GOOD
2025-01-12 07:00:00,PUMP101.VIBRATION_RMS,2.015,mm/s,GOOD
2025-01-12 08:00:00,PUMP101.VIBRATION_RMS,2.662,mm/s,GOOD
2025-01-12 09:00:00,PUMP101.VIBRATION_RMS,1.813,mm/s,GOOD
2025-01-12 10:00:00,PUMP101.VIBRATION_RMS,2.261,mm/s,GOOD
2025-01-12 11:00:00,PUMP101.VIBRATION_RMS,1.424,mm/s,GOOD
2025-01-12 12:00:00,PUMP101.VIBRATION_RMS,2.62,mm/s,GOOD
2025-01-12 13:00:00,PUMP101.VIBRATION_RMS,2.25,mm/s,GOOD
2025-01-12 14:00:00,PUMP101.VIBRATION_RMS,1.756,mm/s,GOOD
2025-01-12 15:00:00,PUMP101.VIBRATION_RMS,3.043,mm/s,GOOD
2025-01-12 16:00:00,PUMP101.VIBRATION_RMS,1.846,mm/s,GOOD
2025-01-12 17:00:00,PUMP101.VIBRATION_RMS,2.898,mm/s,GOOD
2025-01-12 18:00:00,PUMP101.VIBRATION_RMS,2.149,mm/s,GOOD
2025-01-12 19:00:00,PUMP101.VIBRATION_RMS,3.301,mm/s,GOOD
2025-01-12 20:00:00,PUMP101.VIBRATION_RMS,2.875,mm/s,GOOD
2025-01-12 21:00:00,PUMP101.VIBRATION_RMS,1.996,mm/s,GOOD
2025-01-12 22:00:00,PUMP101.VIBRATION_RMS,2.041,mm/s,GOOD
2025-01-12 23:00:00,PUMP101.VIBRATION_RMS,2.803,mm/s,GOOD
2025-01-13 00:00:00,PUMP101.VIBRATION_RMS,2.369,mm/s,GOOD
2025-01-13 01:00:00,PUMP101.VIBRATION_RMS,2.415,mm/s,GOOD
2025-01-13 02:00:00,PUMP101.VIBRATION_RMS,3.136,mm/s,GOOD
2025-01-13 03:00:00,PUMP101.VIBRATION_RMS,2.126,mm/s,GOOD
2025-01-13 04:00:00,PUMP101.VIBRATION_RMS,2.546,mm/s,GOOD
2025-01-13 05:00:00,PUMP101.VIBRATION_RMS,2.977,mm/s,GOOD
2025-01-13 06:00:00,PUMP101.VIBRATION_RMS,2.905,mm/s,GOOD
2025-01-13 07:00:00,PUMP101.VIBRATION_RMS,2.42,mm/s,GOOD
2025-01-13 08:00:00,PUMP101.VIBRATION_RMS,2.356,mm/s,GOOD
2025-01-13 09:00:00,PUMP101.VIBRATION_RMS,1.631,mm/s,GOOD
2025-01-13 10:00:00,PUMP101.VIBRATION_RMS,1.972,mm/s,GOOD
2025-01-13 11:00:00,PUMP101.VIBRATION_RMS,2.659,mm/s,GOOD
2025-01-13 12:00:00,PUMP101.VIBRATION_RMS,2.431,mm/s,GOOD
2025-01-13 13:00:00,PUMP101.VIBRATION_RMS,2.537,mm/s,GOOD
2025-01-13 14:00:00,PUMP101.VIBRATION_RMS,3.02,mm/s,GOOD
2025-01-13 15:00:00,PUMP101.VIBRATION_RMS,1.906,mm/s,BAD
2025-01-13 16:00:00,PUMP101.VIBRATION_RMS,2.382,mm/s,GOOD
2025-01-13 17:00:00,PUMP101.VIBRATION_RMS,2.594,mm/s,GOOD
2025-01-13 18:00:00,PUMP101.VIBRATION_RMS,2.148,mm/s,GOOD
2025-01-13 19:00:00,PUMP101.VIBRATION_RMS,3.216,mm/s,GOOD
2025-01-13 20:00:00,PUMP101.VIBRATION_RMS,2.954,mm/s,GOOD
2025-01-13 21:00:00,PUMP101.VIBRATION_RMS,2.645,mm/s,GOOD
2025-01-13 22:00:00,PUMP101.VIBRATION_RMS,3.397,mm/s,GOOD
2025-01-13 23:00:00,PUMP101.VIBRATION_RMS,1.751,mm/s,GOOD
2025-01-14 00:00:00,PUMP101.VIBRATION_RMS,2.496,mm/s,GOOD
2025-01-14 01:00:00,PUMP101.VIBRATION_RMS,2.683,mm/s,GOOD
2025-01-14 02:00:00,PUMP101.VIBRATION_RMS,2.043,mm/s,GOOD
2025-01-14 03:00:00,PUMP101.VIBRATION_RMS,2.65,mm/s,GOOD
2025-01-14 04:00:00,PUMP101.VIBRATION_RMS,1.947,mm/s,GOOD
2025-01-14 05:00:00,PUMP101.VIBRATION_RMS,2.845,mm/s,GOOD
2025-01-14 06:00:00,PUMP101.VIBRATION_RMS,3.029,mm/s,GOOD
2025-01-14 07:00:00,PUMP101.VIBRATION_RMS,2.636,mm/s,GOOD
2025-01-14 08:00:00,PUMP101.VIBRATION_RMS,1.574,mm/s,GOOD
2025-01-14 09:00:00,PUMP101.VIBRATION_RMS,2.017,mm/s,GOOD
2025-01-14 10:00:00,PUMP101.VIBRATION_RMS,2.782,mm/s,GOOD
2025-01-14 11:00:00,PUMP101.VIBRATION_RMS,2.511,mm/s,GOOD
2025-01-14 12:00:00,PUMP101.VIBRATION_RMS,1.153,mm/s,GOOD
2025-01-14 13:00:00,PUMP101.VIBRATION_RMS,3.121,mm/s,GOOD
2025-01-14 14:00:00,PUMP101.VIBRATION_RMS,2.568,mm/s,GOOD
2025-01-14 15:00:00,PUMP101.VIBRATION_RMS,2.09,mm/s,GOOD
2025-01-14 16:00:00,PUMP101.VIBRATION_RMS,2.997,mm/s,GOOD
2025-01-14 17:00:00,PUMP101.VIBRATION_RMS,2.161,mm/s,GOOD
2025-01-14 18:00:00,PUMP101.VIBRATION_RMS,2.156,mm/s,GOOD
2025-01-14 19:00:00,PUMP101.VIBRATION_RMS,2.679,mm/s,GOOD
2025-01-14 20:00:00,PUMP101.VIBRATION_RMS,3.391,mm/s,GOOD
2025-01-14 21:00:00,PUMP101.VIBRATION_RMS,3.312,mm/s,GOOD
2025-01-14 22:00:00,PUMP101.VIBRATION_RMS,2.68,mm/s,GOOD
2025-01-14 23:00:00,PUMP101.VIBRATION_RMS,2.731,mm/s,GOOD
2025-01-15 00:00:00,PUMP101.VIBRATION_RMS,2.896,mm/s,GOOD
2025-01-15 01:00:00,PUMP101.VIBRATION_RMS,1.872,mm/s,GOOD
2025-01-15 02:00:00,PUMP101.VIBRATION_RMS,2.822,mm/s,GOOD
2025-01-15 03:00:00,PUMP101.VIBRATION_RMS,2.133,mm/s,GOOD
2025-01-15 04:00:00,PUMP101.VIBRATION_RMS,2.659,mm/s,GOOD
2025-01-15 05:00:00,PUMP101.VIBRATION_RMS,2.386,mm/s,GOOD
2025-01-15 06:00:00,PUMP101.VIBRATION_RMS,2.751,mm/s,GOOD
2025-01-15 07:00:00,PUMP101.VIBRATION_RMS,2.559,mm/s,GOOD
2025-01-15 08:00:00,PUMP101.VIBRATION_RMS,0.963,mm/s,GOOD
2025-01-15 09:00:00,PUMP101.VIBRATION_RMS,2.589,mm/s,GOOD
2025-01-15 10:00:00,PUMP101.VIBRATION_RMS,2.821,mm/s,GOOD
2025-01-15 11:00:00,PUMP101.VIBRATION_RMS,2.723,mm/s,GOOD
2025-01-15 12:00:00,PUMP101.VIBRATION_RMS,2.449,mm/s,GOOD
2025-01-15 13:00:00,PUMP101.VIBRATION_RMS,3.321,mm/s,GOOD
2025-01-15 14:00:00,PUMP101.VIBRATION_RMS,2.656,mm/s,GOOD
2025-01-15 15:00:00,PUMP101.VIBRATION_RMS,2.719,mm/s,GOOD
2025-01-15 16:00:00,PUMP101.VIBRATION_RMS,3.022,mm/s,GOOD
2025-01-15 17:00:00,PUMP101.VIBRATION_RMS,2.681,mm/s,GOOD
2025-01-15 18:00:00,PUMP101.VIBRATION_RMS,2.051,mm/s,GOOD
2025-01-15 19:00:00,PUMP101.VIBRATION_RMS,1.281,mm/s,GOOD
2025-01-15 20:00:00,PUMP101.VIBRATION_RMS,2.261,mm/s,GOOD
2025-01-15 21:00:00,PUMP101.VIBRATION_RMS,2.88,mm/s,GOOD
2025-01-15 22:00:00,PUMP101.VIBRATION_RMS,2.323,mm/s,GOOD
2025-01-15 23:00:00,PUMP101.VIBRATION_RMS,2.901,mm/s,GOOD
2025-01-16 00:00:00,PUMP101.VIBRATION_RMS,2.574,mm/s,GOOD
2025-01-16 01:00:00,PUMP101.VIBRATION_RMS,3.144,mm/s,GOOD
2025-01-16 02:00:00,PUMP101.VIBRATION_RMS,2.352,mm/s,GOOD
2025-01-16 03:00:00,PUMP101.VIBRATION_RMS,2.734,mm/s,GOOD
2025-01-16 04:00:00,PUMP101.VIBRATION_RMS,2.753,mm/s,GOOD
2025-01-16 05:00:00,PUMP101.VIBRATION_RMS,3.251,mm/s,GOOD
2025-01-16 06:00:00,PUMP101.VIBRATION_RMS,1.647,mm/s,GOOD
2025-01-16 07:00:00,PUMP101.VIBRATION_RMS,2.271,mm/s,GOOD
2025-01-16 08:00:00,PUMP101.VIBRATION_RMS,2.924,mm/s,GOOD
2025-01-16 09:00:00,PUMP101.VIBRATION_RMS,3.273,mm/s,GOOD
2025-01-16 10:00:00,PUMP101.VIBRATION_RMS,2.62,mm/s,GOOD
2025-01-16 11:00:00,PUMP101.VIBRATION_RMS,2.354,mm/s,GOOD
2025-01-16 12:00:00,PUMP101.VIBRATION_RMS,2.879,mm/s,GOOD
2025-01-16 13:00:00,PUMP101.VIBRATION_RMS,2.934,mm/s,GOOD
2025-01-16 14:00:00,PUMP101.VIBRATION_RMS,2.32,mm/s,BAD
2025-01-16 15:00:00,PUMP101.VIBRATION_RMS,2.665,mm/s,GOOD
2025-01-16 16:00:00,PUMP101.VIBRATION_RMS,3.09,mm/s,GOOD
2025-01-16 17:00:00,PUMP101.VIBRATION_RMS,3.445,mm/s,GOOD
2025-01-16 18:00:00,PUMP101.VIBRATION_RMS,2.871,mm/s,GOOD
2025-01-16 19:00:00,PUMP101.VIBRATION_RMS,2.522,mm/s,GOOD
2025-01-16 20:00:00,PUMP101.VIBRATION_RMS,2.473,mm/s,GOOD
2025-01-16 21:00:00,PUMP101.VIBRATION_RMS,2.779,mm/s,GOOD
2025-01-16 22:00:00,PUMP101.VIBRATION_RMS,2.442,mm/s,GOOD
2025-01-16 23:00:00,PUMP101.VIBRATION_RMS,2.595,mm/s,GOOD
2025-01-17 00:00:00,PUMP101.VIBRATION_RMS,1.971,mm/s,GOOD
2025-01-17 01:00:00,PUMP101.VIBRATION_RMS,3.149,mm/s,GOOD
2025-01-17 02:00:00,PUMP101.VIBRATION_RMS,1.93,mm/s,GOOD
2025-01-17 03:00:00,PUMP101.VIBRATION_RMS,2.284,mm/s,GOOD
2025-01-17 04:00:00,PUMP101.VIBRATION_RMS,2.549,mm/s,GOOD
2025-01-17 05:00:00,PUMP101.VIBRATION_RMS,3.495,mm/s,GOOD
2025-01-17 06:00:00,PUMP101.VIBRATION_RMS,2.289,mm/s,GOOD
2025-01-17 07:00:00,PUMP101.VIBRATION_RMS,2.167,mm/s,GOOD
2025-01-17 08:00:00,PUMP101.VIBRATION_RMS,2.225,mm/s,GOOD
2025-01-17 09:00:00,PUMP101.VIBRATION_RMS,3.329,mm/s,GOOD
2025-01-17 10:00:00,PUMP101.VIBRATION_RMS,1.094,mm/s,GOOD
2025-01-17 11:00:00,PUMP101.VIBRATION_RMS,1.999,mm/s,GOOD
2025-01-17 12:00:00,PUMP101.VIBRATION_RMS,3.866,mm/s,GOOD
2025-01-17 13:00:00,PUMP101.VIBRATION_RMS,2.795,mm/s,GOOD
2025-01-17 14:00:00,PUMP101.VIBRATION_RMS,1.947,mm/s,GOOD
2025-01-17 15:00:00,PUMP101.VIBRATION_RMS,2.479,mm/s,GOOD
2025-01-17 16:00:00,PUMP101.VIBRATION_RMS,2.534,mm/s,GOOD
2025-01-17 17:00:00,PUMP101.VIBRATION_RMS,2.923,mm/s,GOOD
2025-01-17 18:00:00,PUMP101.VIBRATION_RMS,3.42,mm/s,GOOD
2025-01-17 19:00:00,PUMP101.VIBRATION_RMS,2.694,mm/s,GOOD
2025-01-17 20:00:00,PUMP101.VIBRATION_RMS,2.23,mm/s,GOOD
2025-01-17 21:00:00,PUMP101.VIBRATION_RMS,2.894,mm/s,GOOD
2025-01-17 22:00:00,PUMP101.VIBRATION_RMS,2.151,mm/s,GOOD
2025-01-17 23:00:00,PUMP101.VIBRATION_RMS,1.983,mm/s,GOOD
2025-01-18 00:00:00,PUMP101.VIBRATION_RMS,1.62,mm/s,GOOD
2025-01-18 01:00:00,PUMP101.VIBRATION_RMS,1.717,mm/s,GOOD
2025-01-18 02:00:00,PUMP101.VIBRATION_RMS,2.052,mm/s,GOOD
2025-01-18 03:00:00,PUMP101.VIBRATION_RMS,1.911,mm/s,GOOD
2025-01-18 04:00:00,PUMP101.VIBRATION_RMS,2.657,mm/s,GOOD
2025-01-18 05:00:00,PUMP101.VIBRATION_RMS,1.9,mm/s,GOOD
2025-01-18 06:00:00,PUMP101.VIBRATION_RMS,0.928,mm/s,GOOD
2025-01-18 07:00:00,PUMP101.VIBRATION_RMS,1.978,mm/s,GOOD
2025-01-18 08:00:00,PUMP101.VIBRATION_RMS,2.264,mm/s,GOOD
2025-01-18 09:00:00,PUMP101.VIBRATION_RMS,2.197,mm/s,GOOD
2025-01-18 10:00:00,PUMP101.VIBRATION_RMS,3.26,mm/s,GOOD
2025-01-18 11:00:00,PUMP101.VIBRATION_RMS,2.193,mm/s,GOOD
2025-01-18 12:00:00,PUMP101.VIBRATION_RMS,2.94,mm/s,GOOD
2025-01-18 13:00:00,PUMP101.VIBRATION_RMS,2.491,mm/s,GOOD
2025-01-18 14:00:00,PUMP101.VIBRATION_RMS,2.479,mm/s,GOOD
2025-01-18 15:00:00,PUMP101.VIBRATION_RMS,2.082,mm/s,GOOD
2025-01-18 16:00:00,PUMP101.VIBRATION_RMS,2.471,mm/s,GOOD
2025-01-18 17:00:00,PUMP101.VIBRATION_RMS,2.117,mm/s,GOOD
2025-01-18 18:00:00,PUMP101.VIBRATION_RMS,2.585,mm/s,GOOD
2025-01-18 19:00:00,PUMP101.VIBRATION_RMS,2.382,mm/s,GOOD
2025-01-18 20:00:00,PUMP101.VIBRATION_RMS,2.028,mm/s,GOOD
2025-01-18 21:00:00,PUMP101.VIBRATION_RMS,2.996,mm/s,GOOD
2025-01-18 22:00:00,PUMP101.VIBRATION_RMS,2.713,mm/s,GOOD
2025-01-18 23:00:00,PUMP101.VIBRATION_RMS,2.276,mm/s,GOOD
2025-01-19 00:00:00,PUMP101.VIBRATION_RMS,2.573,mm/s,GOOD
2025-01-19 01:00:00,PUMP101.VIBRATION_RMS,2.458,mm/s,GOOD
2025-01-19 02:00:00,PUMP101.VIBRATION_RMS,2.066,mm/s,GOOD
2025-01-19 03:00:00,PUMP101.VIBRATION_RMS,2.535,mm/s,GOOD
2025-01-19 04:00:00,PUMP101.VIBRATION_RMS,2.189,mm/s,GOOD
2025-01-19 05:00:00,PUMP101.VIBRATION_RMS,2.028,mm/s,GOOD
2025-01-19 06:00:00,PUMP101.VIBRATION_RMS,1.689,mm/s,GOOD
2025-01-19 07:00:00,PUMP101.VIBRATION_RMS,2.321,mm/s,GOOD
2025-01-19 08:00:00,PUMP101.VIBRATION_RMS,2.783,mm/s,GOOD
2025-01-19 09:00:00,PUMP101.VIBRATION_RMS,2.153,mm/s,GOOD
2025-01-19 10:00:00,PUMP101.VIBRATION_RMS,3.76,mm/s,GOOD
2025-01-19 11:00:00,PUMP101.VIBRATION_RMS,2.943,mm/s,GOOD
2025-01-19 12:00:00,PUMP101.VIBRATION_RMS,3.152,mm/s,GOOD
2025-01-19 13:00:00,PUMP101.VIBRATION_RMS,2.898,mm/s,GOOD
2025-01-19 14:00:00,PUMP101.VIBRATION_RMS,3.426,mm/s,GOOD
2025-01-19 15:00:00,PUMP101.VIBRATION_RMS,2.106,mm/s,GOOD
2025-01-19 16:00:00,PUMP101.VIBRATION_RMS,1.22,mm/s,GOOD
2025-01-19 17:00:00,PUMP101.VIBRATION_RMS,2.277,mm/s,GOOD
2025-01-19 18:00:00,PUMP101.VIBRATION_RMS,2.779,mm/s,GOOD
2025-01-19 19:00:00,PUMP101.VIBRATION_RMS,2.576,mm/s,GOOD
2025-01-19 20:00:00,PUMP101.VIBRATION_RMS,2.638,mm/s,GOOD
2025-01-19 21:00:00,PUMP101.VIBRATION_RMS,3.16,mm/s,GOOD
2025-01-19 22:00:00,PUMP101.VIBRATION_RMS,2.691,mm/s,GOOD
2025-01-19 23:00:00,PUMP101.VIBRATION_RMS,2.899,mm/s,GOOD
2025-01-20 00:00:00,PUMP101.VIBRATION_RMS,2.03,mm/s,GOOD
2025-01-20 01:00:00,PUMP101.VIBRATION_RMS,1.952,mm/s,GOOD
2025-01-20 02:00:00,PUMP101.VIBRATION_RMS,3.307,mm/s,GOOD
2025-01-20 03:00:00,PUMP101.VIBRATION_RMS,2.55,mm/s,GOOD
2025-01-20 04:00:00,PUMP101.VIBRATION_RMS,2.188,mm/s,GOOD
2025-01-20 05:00:00,PUMP101.VIBRATION_RMS,2.189,mm/s,GOOD
2025-01-20 06:00:00,PUMP101.VIBRATION_RMS,2.175,mm/s,GOOD
2025-01-20 07:00:00,PUMP101.VIBRATION_RMS,2.146,mm/s,GOOD
2025-01-20 08:00:00,PUMP101.VIBRATION_RMS,1.858,mm/s,GOOD
2025-01-20 09:00:00,PUMP101.VIBRATION_RMS,1.75,mm/s,BAD
2025-01-20 10:00:00,PUMP101.VIBRATION_RMS,2.402,mm/s,GOOD
2025-01-20 11:00:00,PUMP101.VIBRATION_RMS,2.204,mm/s,GOOD
2025-01-20 12:00:00,PUMP101.VIBRATION_RMS,3.054,mm/s,GOOD
2025-01-20 13:00:00,PUMP101.VIBRATION_RMS,2.647,mm/s,GOOD
2025-01-20 14:00:00,PUMP101.VIBRATION_RMS,2.633,mm/s,GOOD
2025-01-20 15:00:00,PUMP101.VIBRATION_RMS,2.128,mm/s,GOOD
2025-01-20 16:00:00,PUMP101.VIBRATION_RMS,2.439,mm/s,GOOD
2025-01-20 17:00:00,PUMP101.VIBRATION_RMS,2.681,mm/s,GOOD
2025-01-20 18:00:00,PUMP101.VIBRATION_RMS,2.858,mm/s,GOOD
2025-01-20 19:00:00,PUMP101.VIBRATION_RMS,2.453,mm/s,GOOD
2025-01-20 20:00:00,PUMP101.VIBRATION_RMS,3.04,mm/s,GOOD
2025-01-20 21:00:00,PUMP101.VIBRATION_RMS,2.504,mm/s,GOOD
2025-01-20 22:00:00,PUMP101.VIBRATION_RMS,2.896,mm/s,GOOD
2025-01-20 23:00:00,PUMP101.VIBRATION_RMS,2.255,mm/s,GOOD
2025-01-21 00:00:00,PUMP101.VIBRATION_RMS,1.594,mm/s,GOOD
2025-01-21 01:00:00,PUMP101.VIBRATION_RMS,2.634,mm/s,GOOD
2025-01-21 02:00:00,PUMP101.VIBRATION_RMS,2.863,mm/s,GOOD
2025-01-21 03:00:00,PUMP101.VIBRATION_RMS,2.788,mm/s,GOOD
2025-01-21 04:00:00,PUMP101.VIBRATION_RMS,2.711,mm/s,GOOD
2025-01-21 05:00:00,PUMP101.VIBRATION_RMS,2.326,mm/s,BAD
2025-01-21 06:00:00,PUMP101.VIBRATION_RMS,2.097,mm/s,GOOD
2025-01-21 07:00:00,PUMP101.VIBRATION_RMS,2.776,mm/s,GOOD
2025-01-21 08:00:00,PUMP101.VIBRATION_RMS,2.713,mm/s,GOOD
2025-01-21 09:00:00,PUMP101.VIBRATION_RMS,2.22,mm/s,BAD
2025-01-21 10:00:00,PUMP101.VIBRATION_RMS,3.055,mm/s,GOOD
2025-01-21 11:00:00,PUMP101.VIBRATION_RMS,2.059,mm/s,GOOD
2025-01-21 12:00:00,PUMP101.VIBRATION_RMS,2.208,mm/s,GOOD
2025-01-21 13:00:00,PUMP101.VIBRATION_RMS,3.318,mm/s,GOOD
2025-01-21 14:00:00,PUMP101.VIBRATION_RMS,2.934,mm/s,GOOD
2025-01-21 15:00:00,PUMP101.VIBRATION_RMS,2.321,mm/s,GOOD
2025-01-21 16:00:00,PUMP101.VIBRATION_RMS,2.644,mm/s,GOOD
2025-01-21 17:00:00,PUMP101.VIBRATION_RMS,2.577,mm/s,GOOD
2025-01-21 18:00:00,PUMP101.VIBRATION_RMS,1.127,mm/s,GOOD
2025-01-21 19:00:00,PUMP101.VIBRATION_RMS,2.047,mm/s,GOOD
2025-01-21 20:00:00,PUMP101.VIBRATION_RMS,2.475,mm/s,GOOD
2025-01-21 21:00:00,PUMP101.VIBRATION_RMS,2.322,mm/s,GOOD
2025-01-21 22:00:00,PUMP101.VIBRATION_RMS,2.624,mm/s,GOOD
2025-01-21 23:00:00,PUMP101.VIBRATION_RMS,3.065,mm/s,GOOD
2025-01-22 00:00:00,PUMP101.VIBRATION_RMS,2.339,mm/s,GOOD
2025-01-22 01:00:00,PUMP101.VIBRATION_RMS,1.971,mm/s,GOOD
2025-01-22 02:00:00,PUMP101.VIBRATION_RMS,2.662,mm/s,GOOD
2025-01-22 03:00:00,PUMP101.VIBRATION_RMS,2.337,mm/s,BAD
2025-01-22 04:00:00,PUMP101.VIBRATION_RMS,2.422,mm/s,GOOD
2025-01-22 05:00:00,PUMP101.VIBRATION_RMS,2.354,mm/s,GOOD
2025-01-22 06:00:00,PUMP101.VIBRATION_RMS,3.621,mm/s,GOOD
2025-01-22 07:00:00,PUMP101.VIBRATION_RMS,1.38,mm/s,GOOD
2025-01-22 08:00:00,PUMP101.VIBRATION_RMS,2.306,mm/s,GOOD
2025-01-22 09:00:00,PUMP101.VIBRATION_RMS,2.498,mm/s,GOOD
2025-01-22 10:00:00,PUMP101.VIBRATION_RMS,2.109,mm/s,GOOD
2025-01-22 11:00:00,PUMP101.VIBRATION_RMS,2.95,mm/s,GOOD
2025-01-22 12:00:00,PUMP101.VIBRATION_RMS,2.907,mm/s,GOOD
2025-01-22 13:00:00,PUMP101.VIBRATION_RMS,2.476,mm/s,GOOD
2025-01-22 14:00:00,PUMP101.VIBRATION_RMS,2.365,mm/s,GOOD
2025-01-22 15:00:00,PUMP101.VIBRATION_RMS,2.444,mm/s,GOOD
2025-01-22 16:00:00,PUMP101.VIBRATION_RMS,2.448,mm/s,GOOD
2025-01-22 17:00:00,PUMP101.VIBRATION_RMS,2.461,mm/s,GOOD
2025-01-22 18:00:00,PUMP101.VIBRATION_RMS,2.406,mm/s,GOOD
2025-01-22 19:00:00,PUMP101.VIBRATION_RMS,2.626,mm/s,GOOD
2025-01-22 20:00:00,PUMP101.VIBRATION_RMS,2.877,mm/s,GOOD
2025-01-22 21:00:00,PUMP101.VIBRATION_RMS,1.885,mm/s,GOOD
2025-01-22 22:00:00,PUMP101.VIBRATION_RMS,1.975,mm/s,GOOD
2025-01-22 23:00:00,PUMP101.VIBRATION_RMS,1.626,mm/s,GOOD
2025-01-23 00:00:00,PUMP101.VIBRATION_RMS,2.933,mm/s,GOOD
2025-01-23 01:00:00,PUMP101.VIBRATION_RMS,2.625,mm/s,GOOD
2025-01-23 02:00:00,PUMP101.VIBRATION_RMS,2.753,mm/s,GOOD
2025-01-23 03:00:00,PUMP101.VIBRATION_RMS,1.785,mm/s,GOOD
2025-01-23 04:00:00,PUMP101.VIBRATION_RMS,3.392,mm/s,GOOD
2025-01-23 05:00:00,PUMP101.VIBRATION_RMS,2.196,mm/s,GOOD
2025-01-23 06:00:00,PUMP101.VIBRATION_RMS,2.584,mm/s,GOOD
2025-01-23 07:00:00,PUMP101.VIBRATION_RMS,2.927,mm/s,GOOD
2025-01-23 08:00:00,PUMP101.VIBRATION_RMS,2.007,mm/s,GOOD
2025-01-23 09:00:00,PUMP101.VIBRATION_RMS,2.227,mm/s,GOOD
2025-01-23 10:00:00,PUMP101.VIBRATION_RMS,2.59,mm/s,BAD
2025-01-23 11:00:00,PUMP101.VIBRATION_RMS,3.929,mm/s,GOOD
2025-01-23 12:00:00,PUMP101.VIBRATION_RMS,2.651,mm/s,GOOD
2025-01-23 13:00:00,PUMP101.VIBRATION_RMS,3.303,mm/s,GOOD
2025-01-23 14:00:00,PUMP101.VIBRATION_RMS,3.103,mm/s,GOOD
2025-01-23 15:00:00,PUMP101.VIBRATION_RMS,2.684,mm/s,GOOD
2025-01-23 16:00:00,PUMP101.VIBRATION_RMS,2.005,mm/s,GOOD
2025-01-23 17:00:00,PUMP101.VIBRATION_RMS,3.03,mm/s,GOOD
2025-01-23 18:00:00,PUMP101.VIBRATION_RMS,1.751,mm/s,GOOD
2025-01-23 19:00:00,PUMP101.VIBRATION_RMS,3.3,mm/s,GOOD
2025-01-23 20:00:00,PUMP101.VIBRATION_RMS,2.6,mm/s,GOOD
2025-01-23 21:00:00,PUMP101.VIBRATION_RMS,1.175,mm/s,GOOD
2025-01-23 22:00:00,PUMP101.VIBRATION_RMS,2.33,mm/s,GOOD
2025-01-23 23:00:00,PUMP101.VIBRATION_RMS,2.827,mm/s,GOOD
2025-01-24 00:00:00,PUMP101.VIBRATION_RMS,2.381,mm/s,GOOD
2025-01-24 01:00:00,PUMP101.VIBRATION_RMS,2.858,mm/s,GOOD
2025-01-24 02:00:00,PUMP101.VIBRATION_RMS,2.075,mm/s,GOOD
2025-01-24 03:00:00,PUMP101.VIBRATION_RMS,1.847,mm/s,GOOD
2025-01-24 04:00:00,PUMP101.VIBRATION_RMS,2.464,mm/s,GOOD
2025-01-24 05:00:00,PUMP101.VIBRATION_RMS,2.516,mm/s,GOOD
2025-01-24 06:00:00,PUMP101.VIBRATION_RMS,2.326,mm/s,GOOD
2025-01-24 07:00:00,PUMP101.VIBRATION_RMS,3.114,mm/s,GOOD
2025-01-24 08:00:00,PUMP101.VIBRATION_RMS,2.075,mm/s,GOOD
2025-01-24 09:00:00,PUMP101.VIBRATION_RMS,2.657,mm/s,GOOD
2025-01-24 10:00:00,PUMP101.VIBRATION_RMS,2.534,mm/s,GOOD
2025-01-24 11:00:00,PUMP101.VIBRATION_RMS,1.722,mm/s,GOOD
2025-01-24 12:00:00,PUMP101.VIBRATION_RMS,1.84,mm/s,GOOD
2025-01-24 13:00:00,PUMP101.VIBRATION_RMS,2.506,mm/s,GOOD
2025-01-24 14:00:00,PUMP101.VIBRATION_RMS,3.491,mm/s,GOOD
2025-01-24 15:00:00,PUMP101.VIBRATION_RMS,2.79,mm/s,GOOD
2025-01-24 16:00:00,PUMP101.VIBRATION_RMS,1.637,mm/s,GOOD
2025-01-24 17:00:00,PUMP101.VIBRATION_RMS,0.945,mm/s,GOOD
2025-01-24 18:00:00,PUMP101.VIBRATION_RMS,2.867,mm/s,GOOD
2025-01-24 19:00:00,PUMP101.VIBRATION_RMS,2.452,mm/s,GOOD
2025-01-24 20:00:00,PUMP101.VIBRATION_RMS,3.071,mm/s,GOOD
2025-01-24 21:00:00,PUMP101.VIBRATION_RMS,2.06,mm/s,GOOD
2025-01-24 22:00:00,PUMP101.VIBRATION_RMS,2.675,mm/s,GOOD
2025-01-24 23:00:00,PUMP101.VIBRATION_RMS,2.923,mm/s,GOOD
2025-01-25 00:00:00,PUMP101.VIBRATION_RMS,2.276,mm/s,BAD
2025-01-25 01:00:00,PUMP101.VIBRATION_RMS,2.287,mm/s,GOOD
2025-01-25 02:00:00,PUMP101.VIBRATION_RMS,2.513,mm/s,GOOD
2025-01-25 03:00:00,PUMP101.VIBRATION_RMS,2.771,mm/s,GOOD
2025-01-25 04:00:00,PUMP101.VIBRATION_RMS,2.493,mm/s,GOOD
2025-01-25 05:00:00,PUMP101.VIBRATION_RMS,2.987,mm/s,GOOD
2025-01-25 06:00:00,PUMP101.VIBRATION_RMS,2.269,mm/s,GOOD
2025-01-25 07:00:00,PUMP101.VIBRATION_RMS,1.836,mm/s,GOOD
2025-01-25 08:00:00,PUMP101.VIBRATION_RMS,3.488,mm/s,GOOD
2025-01-25 09:00:00,PUMP101.VIBRATION_RMS,2.198,mm/s,GOOD
2025-01-25 10:00:00,PUMP101.VIBRATION_RMS,2.216,mm/s,GOOD
2025-01-25 11:00:00,PUMP101.VIBRATION_RMS,2.467,mm/s,GOOD
2025-01-25 12:00:00,PUMP101.VIBRATION_RMS,2.534,mm/s,GOOD
2025-01-25 13:00:00,PUMP101.VIBRATION_RMS,2.307,mm/s,GOOD
2025-01-25 14:00:00,PUMP101.VIBRATION_RMS,2.491,mm/s,GOOD
2025-01-25 15:00:00,PUMP101.VIBRATION_RMS,2.48,mm/s,GOOD
2025-01-25 16:00:00,PUMP101.VIBRATION_RMS,2.587,mm/s,GOOD
2025-01-25 17:00:00,PUMP101.VIBRATION_RMS,1.321,mm/s,GOOD
2025-01-25 18:00:00,PUMP101.VIBRATION_RMS,3.44,mm/s,GOOD
2025-01-25 19:00:00,PUMP101.VIBRATION_RMS,2.426,mm/s,GOOD
2025-01-25 20:00:00,PUMP101.VIBRATION_RMS,2.79,mm/s,GOOD
2025-01-25 21:00:00,PUMP101.VIBRATION_RMS,1.811,mm/s,GOOD
2025-01-25 22:00:00,PUMP101.VIBRATION_RMS,2.264,mm/s,BAD
2025-01-25 23:00:00,PUMP101.VIBRATION_RMS,2.164,mm/s,GOOD
2025-01-26 00:00:00,PUMP101.VIBRATION_RMS,3.235,mm/s,GOOD
2025-01-26 01:00:00,PUMP101.VIBRATION_RMS,2.207,mm/s,GOOD
2025-01-26 02:00:00,PUMP101.VIBRATION_RMS,2.879,mm/s,GOOD
2025-01-26 03:00:00,PUMP101.VIBRATION_RMS,2.175,mm/s,GOOD
2025-01-26 04:00:00,PUMP101.VIBRATION_RMS,2.274,mm/s,GOOD
2025-01-26 05:00:00,PUMP101.VIBRATION_RMS,2.377,mm/s,GOOD
2025-01-26 06:00:00,PUMP101.VIBRATION_RMS,3.142,mm/s,GOOD
2025-01-26 07:00:00,PUMP101.VIBRATION_RMS,1.555,mm/s,GOOD
2025-01-26 08:00:00,PUMP101.VIBRATION_RMS,1.842,mm/s,GOOD
2025-01-26 09:00:00,PUMP101.VIBRATION_RMS,1.526,mm/s,GOOD
2025-01-26 10:00:00,PUMP101.VIBRATION_RMS,1.956,mm/s,GOOD
2025-01-26 11:00:00,PUMP101.VIBRATION_RMS,2.094,mm/s,GOOD
2025-01-26 12:00:00,PUMP101.VIBRATION_RMS,1.693,mm/s,GOOD
2025-01-26 13:00:00,PUMP101.VIBRATION_RMS,2.133,mm/s,GOOD
2025-01-26 14:00:00,PUMP101.VIBRATION_RMS,1.493,mm/s,GOOD
2025-01-26 15:00:00,PUMP101.VIBRATION_RMS,1.991,mm/s,GOOD
2025-01-26 16:00:00,PUMP101.VIBRATION_RMS,3.1,mm/s,GOOD
2025-01-26 17:00:00,PUMP101.VIBRATION_RMS,2.702,mm/s,GOOD
2025-01-26 18:00:00,PUMP101.VIBRATION_RMS,2.594,mm/s,GOOD
2025-01-26 19:00:00,PUMP101.VIBRATION_RMS,1.999,mm/s,GOOD
2025-01-26 20:00:00,PUMP101.VIBRATION_RMS,1.732,mm/s,GOOD
2025-01-26 21:00:00,PUMP101.VIBRATION_RMS,1.93,mm/s,GOOD
2025-01-26 22:00:00,PUMP101.VIBRATION_RMS,2.478,mm/s,GOOD
2025-01-26 23:00:00,PUMP101.VIBRATION_RMS,2.934,mm/s,GOOD
2025-01-27 00:00:00,PUMP101.VIBRATION_RMS,2.951,mm/s,GOOD
2025-01-27 01:00:00,PUMP101.VIBRATION_RMS,2.815,mm/s,GOOD
2025-01-27 02:00:00,PUMP101.VIBRATION_RMS,2.131,mm/s,GOOD
2025-01-27 03:00:00,PUMP101.VIBRATION_RMS,2.512,mm/s,GOOD
2025-01-27 04:00:00,PUMP101.VIBRATION_RMS,2.339,mm/s,GOOD
2025-01-27 05:00:00,PUMP101.VIBRATION_RMS,2.399,mm/s,GOOD
2025-01-27 06:00:00,PUMP101.VIBRATION_RMS,3.519,mm/s,GOOD
2025-01-27 07:00:00,PUMP101.VIBRATION_RMS,1.619,mm/s,GOOD
2025-01-27 08:00:00,PUMP101.VIBRATION_RMS,2.383,mm/s,GOOD
2025-01-27 09:00:00,PUMP101.VIBRATION_RMS,3.106,mm/s,GOOD
2025-01-27 10:00:00,PUMP101.VIBRATION_RMS,1.767,mm/s,GOOD
2025-01-27 11:00:00,PUMP101.VIBRATION_RMS,2.178,mm/s,GOOD
2025-01-27 12:00:00,PUMP101.VIBRATION_RMS,2.235,mm/s,GOOD
2025-01-27 13:00:00,PUMP101.VIBRATION_RMS,2.388,mm/s,GOOD
2025-01-27 14:00:00,PUMP101.VIBRATION_RMS,1.702,mm/s,GOOD
2025-01-27 15:00:00,PUMP101.VIBRATION_RMS,2.798,mm/s,GOOD
2025-01-27 16:00:00,PUMP101.VIBRATION_RMS,2.833,mm/s,GOOD
2025-01-27 17:00:00,PUMP101.VIBRATION_RMS,2.754,mm/s,GOOD
2025-01-27 18:00:00,PUMP101.VIBRATION_RMS,2.065,mm/s,GOOD
2025-01-27 19:00:00,PUMP101.VIBRATION_RMS,2.543,mm/s,GOOD
2025-01-27 20:00:00,PUMP101.VIBRATION_RMS,2.05,mm/s,GOOD
2025-01-27 21:00:00,PUMP101.VIBRATION_RMS,2.334,mm/s,GOOD
2025-01-27 22:00:00,PUMP101.VIBRATION_RMS,3.577,mm/s,GOOD
2025-01-27 23:00:00,PUMP101.VIBRATION_RMS,2.548,mm/s,GOOD
2025-01-28 00:00:00,PUMP101.VIBRATION_RMS,1.906,mm/s,GOOD
2025-01-28 01:00:00,PUMP101.VIBRATION_RMS,2.59,mm/s,GOOD
2025-01-28 02:00:00,PUMP101.VIBRATION_RMS,1.824,mm/s,GOOD
2025-01-28 03:00:00,PUMP101.VIBRATION_RMS,1.9,mm/s,GOOD
2025-01-28 04:00:00,PUMP101.VIBRATION_RMS,1.979,mm/s,BAD
2025-01-28 05:00:00,PUMP101.VIBRATION_RMS,2.278,mm/s,GOOD
2025-01-28 06:00:00,PUMP101.VIBRATION_RMS,2.968,mm/s,GOOD
2025-01-28 07:00:00,PUMP101.VIBRATION_RMS,2.789,mm/s,GOOD
2025-01-28 08:00:00,PUMP101.VIBRATION_RMS,2.761,mm/s,GOOD
2025-01-28 09:00:00,PUMP101.VIBRATION_RMS,1.951,mm/s,GOOD
2025-01-28 10:00:00,PUMP101.VIBRATION_RMS,2.229,mm/s,GOOD
2025-01-28 11:00:00,PUMP101.VIBRATION_RMS,2.636,mm/s,GOOD
2025-01-28 12:00:00,PUMP101.VIBRATION_RMS,2.186,mm/s,GOOD
2025-01-28 13:00:00,PUMP101.VIBRATION_RMS,2.361,mm/s,GOOD
2025-01-28 14:00:00,PUMP101.VIBRATION_RMS,2.721,mm/s,GOOD
2025-01-28 15:00:00,PUMP101.VIBRATION_RMS,2.326,mm/s,GOOD
2025-01-28 16:00:00,PUMP101.VIBRATION_RMS,2.613,mm/s,GOOD
2025-01-28 17:00:00,PUMP101.VIBRATION_RMS,3.296,mm/s,GOOD
2025-01-28 18:00:00,PUMP101.VIBRATION_RMS,2.414,mm/s,GOOD
2025-01-28 19:00:00,PUMP101.VIBRATION_RMS,3.09,mm/s,GOOD
2025-01-28 20:00:00,PUMP101.VIBRATION_RMS,2.78,mm/s,GOOD
2025-01-28 21:00:00,PUMP101.VIBRATION_RMS,1.766,mm/s,GOOD
2025-01-28 22:00:00,PUMP101.VIBRATION_RMS,1.949,mm/s,GOOD
2025-01-28 23:00:00,PUMP101.VIBRATION_RMS,2.083,mm/s,GOOD
2025-01-29 00:00:00,PUMP101.VIBRATION_RMS,2.073,mm/s,GOOD
2025-01-29 01:00:00,PUMP101.VIBRATION_RMS,2.455,mm/s,GOOD
2025-01-29 02:00:00,PUMP101.VIBRATION_RMS,2.807,mm/s,GOOD
2025-01-29 03:00:00,PUMP101.VIBRATION_RMS,3.128,mm/s,GOOD
2025-01-29 04:00:00,PUMP101.VIBRATION_RMS,2.654,mm/s,GOOD
2025-01-29 05:00:00,PUMP101.VIBRATION_RMS,2.277,mm/s,GOOD
2025-01-29 06:00:00,PUMP101.VIBRATION_RMS,1.459,mm/s,GOOD
2025-01-29 07:00:00,PUMP101.VIBRATION_RMS,2.535,mm/s,BAD
2025-01-29 08:00:00,PUMP101.VIBRATION_RMS,2.513,mm/s,GOOD
2025-01-29 09:00:00,PUMP101.VIBRATION_RMS,2.591,mm/s,GOOD
2025-01-29 10:00:00,PUMP101.VIBRATION_RMS,3.553,mm/s,GOOD
2025-01-29 11:00:00,PUMP101.VIBRATION_RMS,3.12,mm/s,GOOD
2025-01-29 12:00:00,PUMP101.VIBRATION_RMS,2.893,mm/s,GOOD
2025-01-29 13:00:00,PUMP101.VIBRATION_RMS,2.019,mm/s,GOOD
2025-01-29 14:00:00,PUMP101.VIBRATION_RMS,2.244,mm/s,GOOD
2025-01-29 15:00:00,PUMP101.VIBRATION_RMS,2.453,mm/s,GOOD
2025-01-29 16:00:00,PUMP101.VIBRATION_RMS,2.112,mm/s,GOOD
2025-01-29 17:00:00,PUMP101.VIBRATION_RMS,2.75,mm/s,GOOD
2025-01-29 18:00:00,PUMP101.VIBRATION_RMS,2.678,mm/s,GOOD
2025-01-29 19:00:00,PUMP101.VIBRATION_RMS,1.956,mm/s,GOOD
2025-01-29 20:00:00,PUMP101.VIBRATION_RMS,3.098,mm/s,GOOD
2025-01-29 21:00:00,PUMP101.VIBRATION_RMS,2.551,mm/s,GOOD
2025-01-29 22:00:00,PUMP101.VIBRATION_RMS,1.635,mm/s,GOOD
2025-01-29 23:00:00,PUMP101.VIBRATION_RMS,2.474,mm/s,GOOD
2025-01-30 00:00:00,PUMP101.VIBRATION_RMS,2.641,mm/s,GOOD
2025-01-30 01:00:00,PUMP101.VIBRATION_RMS,2.986,mm/s,GOOD
2025-01-30 02:00:00,PUMP101.VIBRATION_RMS,2.331,mm/s,GOOD
2025-01-30 03:00:00,PUMP101.VIBRATION_RMS,2.914,mm/s,GOOD
2025-01-30 04:00:00,PUMP101.VIBRATION_RMS,2.594,mm/s,GOOD
2025-01-30 05:00:00,PUMP101.VIBRATION_RMS,1.842,mm/s,GOOD
2025-01-30 06:00:00,PUMP101.VIBRATION_RMS,1.792,mm/s,GOOD
2025-01-30 07:00:00,PUMP101.VIBRATION_RMS,3.061,mm/s,GOOD
2025-01-30 08:00:00,PUMP101.VIBRATION_RMS,3.098,mm/s,GOOD
2025-01-30 09:00:00,PUMP101.VIBRATION_RMS,2.661,mm/s,GOOD
2025-01-30 10:00:00,PUMP101.VIBRATION_RMS,3.248,mm/s,GOOD
2025-01-30 11:00:00,PUMP101.VIBRATION_RMS,3.028,mm/s,GOOD
2025-01-30 12:00:00,PUMP101.VIBRATION_RMS,2.842,mm/s,GOOD
2025-01-30 13:00:00,PUMP101.VIBRATION_RMS,2.044,mm/s,GOOD
2025-01-30 14:00:00,PUMP101.VIBRATION_RMS,3.366,mm/s,GOOD
2025-01-30 15:00:00,PUMP101.VIBRATION_RMS,2.768,mm/s,GOOD
2025-01-30 16:00:00,PUMP101.VIBRATION_RMS,2.307,mm/s,GOOD
2025-01-30 17:00:00,PUMP101.VIBRATION_RMS,2.166,mm/s,GOOD
2025-01-30 18:00:00,PUMP101.VIBRATION_RMS,2.628,mm/s,GOOD
2025-01-30 19:00:00,PUMP101.VIBRATION_RMS,1.664,mm/s,GOOD
2025-01-30 20:00:00,PUMP101.VIBRATION_RMS,2.85,mm/s,GOOD
2025-01-30 21:00:00,PUMP101.VIBRATION_RMS,2.023,mm/s,GOOD
2025-01-30 22:00:00,PUMP101.VIBRATION_RMS,2.685,mm/s,GOOD
2025-01-30 23:00:00,PUMP101.VIBRATION_RMS,2.239,mm/s,GOOD
2025-01-31 00:00:00,PUMP101.VIBRATION_RMS,2.368,mm/s,GOOD
2025-01-31 01:00:00,PUMP101.VIBRATION_RMS,2.122,mm/s,GOOD
2025-01-31 02:00:00,PUMP101.VIBRATION_RMS,2.419,mm/s,GOOD
2025-01-31 03:00:00,PUMP101.VIBRATION_RMS,3.445,mm/s,GOOD
2025-01-31 04:00:00,PUMP101.VIBRATION_RMS,3.193,mm/s,GOOD
2025-01-31 05:00:00,PUMP101.VIBRATION_RMS,2.677,mm/s,GOOD
2025-01-31 06:00:00,PUMP101.VIBRATION_RMS,2.487,mm/s,GOOD
2025-01-31 07:00:00,PUMP101.VIBRATION_RMS,2.922,mm/s,GOOD
2025-01-31 08:00:00,PUMP101.VIBRATION_RMS,3.065,mm/s,GOOD
2025-01-31 09:00:00,PUMP101.VIBRATION_RMS,2.085,mm/s,GOOD
2025-01-31 10:00:00,PUMP101.VIBRATION_RMS,2.461,mm/s,GOOD
2025-01-31 11:00:00,PUMP101.VIBRATION_RMS,1.589,mm/s,GOOD
2025-01-31 12:00:00,PUMP101.VIBRATION_RMS,3.062,mm/s,GOOD
2025-01-31 13:00:00,PUMP101.VIBRATION_RMS,3.533,mm/s,GOOD
2025-01-31 14:00:00,PUMP101.VIBRATION_RMS,2.54,mm/s,GOOD
2025-01-31 15:00:00,PUMP101.VIBRATION_RMS,1.437,mm/s,GOOD
2025-01-31 16:00:00,PUMP101.VIBRATION_RMS,2.804,mm/s,GOOD
2025-01-31 17:00:00,PUMP101.VIBRATION_RMS,2.048,mm/s,GOOD
2025-01-31 18:00:00,PUMP101.VIBRATION_RMS,2.168,mm/s,GOOD
2025-01-31 19:00:00,PUMP101.VIBRATION_RMS,2.813,mm/s,GOOD
2025-01-31 20:00:00,PUMP101.VIBRATION_RMS,2.627,mm/s,GOOD
2025-01-31 21:00:00,PUMP101.VIBRATION_RMS,2.256,mm/s,GOOD
2025-01-31 22:00:00,PUMP101.VIBRATION_RMS,2.175,mm/s,GOOD
2025-01-31 23:00:00,PUMP101.VIBRATION_RMS,2.563,mm/s,GOOD
2025-02-01 00:00:00,PUMP101.VIBRATION_RMS,2.295,mm/s,GOOD
2025-02-01 01:00:00,PUMP101.VIBRATION_RMS,1.945,mm/s,GOOD
2025-02-01 02:00:00,PUMP101.VIBRATION_RMS,2.334,mm/s,GOOD
2025-02-01 03:00:00,PUMP101.VIBRATION_RMS,2.67,mm/s,GOOD
2025-02-01 04:00:00,PUMP101.VIBRATION_RMS,2.411,mm/s,GOOD
2025-02-01 05:00:00,PUMP101.VIBRATION_RMS,1.793,mm/s,GOOD
2025-02-01 06:00:00,PUMP101.VIBRATION_RMS,2.995,mm/s,GOOD
2025-02-01 07:00:00,PUMP101.VIBRATION_RMS,1.131,mm/s,GOOD
2025-02-01 08:00:00,PUMP101.VIBRATION_RMS,2.277,mm/s,GOOD
2025-02-01 09:00:00,PUMP101.VIBRATION_RMS,2.19,mm/s,GOOD
2025-02-01 10:00:00,PUMP101.VIBRATION_RMS,2.574,mm/s,GOOD
2025-02-01 11:00:00,PUMP101.VIBRATION_RMS,2.781,mm/s,GOOD
2025-02-01 12:00:00,PUMP101.VIBRATION_RMS,3.063,mm/s,GOOD
2025-02-01 13:00:00,PUMP101.VIBRATION_RMS,2.144,mm/s,GOOD
2025-02-01 14:00:00,PUMP101.VIBRATION_RMS,2.793,mm/s,GOOD
2025-02-01 15:00:00,PUMP101.VIBRATION_RMS,2.598,mm/s,GOOD
2025-02-01 16:00:00,PUMP101.VIBRATION_RMS,1.644,mm/s,GOOD
2025-02-01 17:00:00,PUMP101.VIBRATION_RMS,3.45,mm/s,GOOD
2025-02-01 18:00:00,PUMP101.VIBRATION_RMS,1.781,mm/s,GOOD
2025-02-01 19:00:00,PUMP101.VIBRATION_RMS,2.71,mm/s,GOOD
2025-02-01 20:00:00,PUMP101.VIBRATION_RMS,2.695,mm/s,GOOD
2025-02-01 21:00:00,PUMP101.VIBRATION_RMS,2.638,mm/s,GOOD
2025-02-01 22:00:00,PUMP101.VIBRATION_RMS,2.253,mm/s,GOOD
2025-02-01 23:00:00,PUMP101.VIBRATION_RMS,2.914,mm/s,GOOD
2025-02-02 00:00:00,PUMP101.VIBRATION_RMS,1.72,mm/s,GOOD
2025-02-02 01:00:00,PUMP101.VIBRATION_RMS,2.467,mm/s,GOOD
2025-02-02 02:00:00,PUMP101.VIBRATION_RMS,2.218,mm/s,GOOD
2025-02-02 03:00:00,PUMP101.VIBRATION_RMS,2.161,mm/s,GOOD
2025-02-02 04:00:00,PUMP101.VIBRATION_RMS,2.714,mm/s,GOOD
2025-02-02 05:00:00,PUMP101.VIBRATION_RMS,3.039,mm/s,GOOD
2025-02-02 06:00:00,PUMP101.VIBRATION_RMS,2.328,mm/s,GOOD
2025-02-02 07:00:00,PUMP101.VIBRATION_RMS,2.89,mm/s,GOOD
2025-02-02 08:00:00,PUMP101.VIBRATION_RMS,2.525,mm/s,GOOD
2025-02-02 09:00:00,PUMP101.VIBRATION_RMS,2.054,mm/s,GOOD
2025-02-02 10:00:00,PUMP101.VIBRATION_RMS,2.371,mm/s,GOOD
2025-02-02 11:00:00,PUMP101.VIBRATION_RMS,2.35,mm/s,GOOD
2025-02-02 12:00:00,PUMP101.VIBRATION_RMS,2.152,mm/s,GOOD
2025-02-02 13:00:00,PUMP101.VIBRATION_RMS,2.714,mm/s,GOOD
2025-02-02 14:00:00,PUMP101.VIBRATION_RMS,2.617,mm/s,GOOD
2025-02-02 15:00:00,PUMP101.VIBRATION_RMS,1.705,mm/s,GOOD
2025-02-02 16:00:00,PUMP101.VIBRATION_RMS,1.674,mm/s,GOOD
2025-02-02 17:00:00,PUMP101.VIBRATION_RMS,2.712,mm/s,GOOD
2025-02-02 18:00:00,PUMP101.VIBRATION_RMS,2.092,mm/s,GOOD
2025-02-02 19:00:00,PUMP101.VIBRATION_RMS,2.651,mm/s,GOOD
2025-02-02 20:00:00,PUMP101.VIBRATION_RMS,2.89,mm/s,GOOD
2025-02-02 21:00:00,PUMP101.VIBRATION_RMS,1.865,mm/s,GOOD
2025-02-02 22:00:00,PUMP101.VIBRATION_RMS,1.794,mm/s,GOOD
2025-02-02 23:00:00,PUMP101.VIBRATION_RMS,3.337,mm/s,GOOD
2025-02-03 00:00:00,PUMP101.VIBRATION_RMS,2.676,mm/s,GOOD
2025-02-03 01:00:00,PUMP101.VIBRATION_RMS,2.29,mm/s,GOOD
2025-02-03 02:00:00,PUMP101.VIBRATION_RMS,2.033,mm/s,GOOD
2025-02-03 03:00:00,PUMP101.VIBRATION_RMS,2.245,mm/s,GOOD
2025-02-03 04:00:00,PUMP101.VIBRATION_RMS,1.905,mm/s,GOOD
2025-02-03 05:00:00,PUMP101.VIBRATION_RMS,2.942,mm/s,GOOD
2025-02-03 06:00:00,PUMP101.VIBRATION_RMS,2.112,mm/s,GOOD
2025-02-03 07:00:00,PUMP101.VIBRATION_RMS,3.047,mm/s,GOOD
2025-02-03 08:00:00,PUMP101.VIBRATION_RMS,2.3,mm/s,GOOD
2025-02-03 09:00:00,PUMP101.VIBRATION_RMS,1.978,mm/s,GOOD
2025-02-03 10:00:00,PUMP101.VIBRATION_RMS,2.287,mm/s,GOOD
2025-02-03 11:00:00,PUMP101.VIBRATION_RMS,1.188,mm/s,GOOD
2025-02-03 12:00:00,PUMP101.VIBRATION_RMS,2.44,mm/s,GOOD
2025-02-03 13:00:00,PUMP101.VIBRATION_RMS,2.415,mm/s,GOOD
2025-02-03 14:00:00,PUMP101.VIBRATION_RMS,2.912,mm/s,GOOD
2025-02-03 15:00:00,PUMP101.VIBRATION_RMS,1.557,mm/s,GOOD
2025-02-03 16:00:00,PUMP101.VIBRATION_RMS,3.081,mm/s,GOOD
2025-02-03 17:00:00,PUMP101.VIBRATION_RMS,2.91,mm/s,GOOD
2025-02-03 18:00:00,PUMP101.VIBRATION_RMS,3.126,mm/s,GOOD
2025-02-03 19:00:00,PUMP101.VIBRATION_RMS,2.474,mm/s,GOOD
2025-02-03 20:00:00,PUMP101.VIBRATION_RMS,3.007,mm/s,GOOD
2025-02-03 21:00:00,PUMP101.VIBRATION_RMS,1.764,mm/s,GOOD
2025-02-03 22:00:00,PUMP101.VIBRATION_RMS,2.857,mm/s,GOOD
2025-02-03 23:00:00,PUMP101.VIBRATION_RMS,2.114,mm/s,GOOD
2025-02-04 00:00:00,PUMP101.VIBRATION_RMS,1.674,mm/s,GOOD
2025-02-04 01:00:00,PUMP101.VIBRATION_RMS,1.938,mm/s,GOOD
2025-02-04 02:00:00,PUMP101.VIBRATION_RMS,2.503,mm/s,GOOD
2025-02-04 03:00:00,PUMP101.VIBRATION_RMS,2.088,mm/s,GOOD
2025-02-04 04:00:00,PUMP101.VIBRATION_RMS,2.688,mm/s,GOOD
2025-02-04 05:00:00,PUMP101.VIBRATION_RMS,1.596,mm/s,GOOD
2025-02-04 06:00:00,PUMP101.VIBRATION_RMS,1.436,mm/s,GOOD
2025-02-04 07:00:00,PUMP101.VIBRATION_RMS,3.186,mm/s,GOOD
2025-02-04 08:00:00,PUMP101.VIBRATION_RMS,2.952,mm/s,GOOD
2025-02-04 09:00:00,PUMP101.VIBRATION_RMS,1.975,mm/s,GOOD
2025-02-04 10:00:00,PUMP101.VIBRATION_RMS,2.499,mm/s,GOOD
2025-02-04 11:00:00,PUMP101.VIBRATION_RMS,3.01,mm/s,GOOD
2025-02-04 12:00:00,PUMP101.VIBRATION_RMS,2.71,mm/s,GOOD
2025-02-04 13:00:00,PUMP101.VIBRATION_RMS,2.574,mm/s,GOOD
2025-02-04 14:00:00,PUMP101.VIBRATION_RMS,3.048,mm/s,GOOD
2025-02-04 15:00:00,PUMP101.VIBRATION_RMS,2.135,mm/s,GOOD
2025-02-04 16:00:00,PUMP101.VIBRATION_RMS,2.516,mm/s,GOOD
2025-02-04 17:00:00,PUMP101.VIBRATION_RMS,2.491,mm/s,GOOD
2025-02-04 18:00:00,PUMP101.VIBRATION_RMS,2.364,mm/s,GOOD
2025-02-04 19:00:00,PUMP101.VIBRATION_RMS,2.305,mm/s,GOOD
2025-02-04 20:00:00,PUMP101.VIBRATION_RMS,2.536,mm/s,GOOD
2025-02-04 21:00:00,PUMP101.VIBRATION_RMS,2.517,mm/s,GOOD
2025-02-04 22:00:00,PUMP101.VIBRATION_RMS,1.976,mm/s,GOOD
2025-02-04 23:00:00,PUMP101.VIBRATION_RMS,2.901,mm/s,GOOD
2025-02-05 00:00:00,PUMP101.VIBRATION_RMS,2.012,mm/s,GOOD
2025-02-05 01:00:00,PUMP101.VIBRATION_RMS,2.391,mm/s,GOOD
2025-02-05 02:00:00,PUMP101.VIBRATION_RMS,2.352,mm/s,GOOD
2025-02-05 03:00:00,PUMP101.VIBRATION_RMS,2.679,mm/s,GOOD
2025-02-05 04:00:00,PUMP101.VIBRATION_RMS,1.44,mm/s,GOOD
2025-02-05 05:00:00,PUMP101.VIBRATION_RMS,2.945,mm/s,GOOD
2025-02-05 06:00:00,PUMP101.VIBRATION_RMS,2.162,mm/s,GOOD
2025-02-05 07:00:00,PUMP101.VIBRATION_RMS,3.11,mm/s,GOOD
2025-02-05 08:00:00,PUMP101.VIBRATION_RMS,2.261,mm/s,GOOD
2025-02-05 09:00:00,PUMP101.VIBRATION_RMS,2.476,mm/s,GOOD
2025-02-05 10:00:00,PUMP101.VIBRATION_RMS,3.457,mm/s,GOOD
2025-02-05 11:00:00,PUMP101.VIBRATION_RMS,2.361,mm/s,GOOD
2025-02-05 12:00:00,PUMP101.VIBRATION_RMS,3.119,mm/s,GOOD
2025-02-05 13:00:00,PUMP101.VIBRATION_RMS,2.52,mm/s,GOOD
2025-02-05 14:00:00,PUMP101.VIBRATION_RMS,2.708,mm/s,GOOD
2025-02-05 15:00:00,PUMP101.VIBRATION_RMS,2.535,mm/s,GOOD
2025-02-05 16:00:00,PUMP101.VIBRATION_RMS,2.924,mm/s,GOOD
2025-02-05 17:00:00,PUMP101.VIBRATION_RMS,2.157,mm/s,GOOD
2025-02-05 18:00:00,PUMP101.VIBRATION_RMS,2.008,mm/s,GOOD
2025-02-05 19:00:00,PUMP101.VIBRATION_RMS,2.181,mm/s,GOOD
2025-02-05 20:00:00,PUMP101.VIBRATION_RMS,2.55,mm/s,GOOD
2025-02-05 21:00:00,PUMP101.VIBRATION_RMS,2.39,mm/s,GOOD
2025-02-05 22:00:00,PUMP101.VIBRATION_RMS,2.855,mm/s,GOOD
2025-02-05 23:00:00,PUMP101.VIBRATION_RMS,3.152,mm/s,GOOD
2025-02-06 00:00:00,PUMP101.VIBRATION_RMS,2.012,mm/s,GOOD
2025-02-06 01:00:00,PUMP101.VIBRATION_RMS,2.133,mm/s,GOOD
2025-02-06 02:00:00,PUMP101.VIBRATION_RMS,1.782,mm/s,GOOD
2025-02-06 03:00:00,PUMP101.VIBRATION_RMS,3.515,mm/s,GOOD
2025-02-06 04:00:00,PUMP101.VIBRATION_RMS,2.652,mm/s,BAD
2025-02-06 05:00:00,PUMP101.VIBRATION_RMS,2.74,mm/s,GOOD
2025-02-06 06:00:00,PUMP101.VIBRATION_RMS,1.83,mm/s,GOOD
2025-02-06 07:00:00,PUMP101.VIBRATION_RMS,2.499,mm/s,GOOD
2025-02-06 08:00:00,PUMP101.VIBRATION_RMS,2.755,mm/s,GOOD
2025-02-06 09:00:00,PUMP101.VIBRATION_RMS,2.374,mm/s,GOOD
2025-02-06 10:00:00,PUMP101.VIBRATION_RMS,3.038,mm/s,GOOD
2025-02-06 11:00:00,PUMP101.VIBRATION_RMS,3.656,mm/s,GOOD
2025-02-06 12:00:00,PUMP101.VIBRATION_RMS,2.026,mm/s,GOOD
2025-02-06 13:00:00,PUMP101.VIBRATION_RMS,1.989,mm/s,GOOD
2025-02-06 14:00:00,PUMP101.VIBRATION_RMS,2.061,mm/s,GOOD
2025-02-06 15:00:00,PUMP101.VIBRATION_RMS,3.303,mm/s,GOOD
2025-02-06 16:00:00,PUMP101.VIBRATION_RMS,3.021,mm/s,GOOD
2025-02-06 17:00:00,PUMP101.VIBRATION_RMS,2.432,mm/s,GOOD
2025-02-06 18:00:00,PUMP101.VIBRATION_RMS,2.518,mm/s,BAD
2025-02-06 19:00:00,PUMP101.VIBRATION_RMS,2.092,mm/s,GOOD
2025-02-06 20:00:00,PUMP101.VIBRATION_RMS,2.945,mm/s,GOOD
2025-02-06 21:00:00,PUMP101.VIBRATION_RMS,2.31,mm/s,GOOD
2025-02-06 22:00:00,PUMP101.VIBRATION_RMS,2.37,mm/s,GOOD
2025-02-06 23:00:00,PUMP101.VIBRATION_RMS,2.804,mm/s,GOOD
2025-02-07 00:00:00,PUMP101.VIBRATION_RMS,2.406,mm/s,GOOD
2025-02-07 01:00:00,PUMP101.VIBRATION_RMS,2.383,mm/s,GOOD
2025-02-07 02:00:00,PUMP101.VIBRATION_RMS,2.505,mm/s,GOOD
2025-02-07 03:00:00,PUMP101.VIBRATION_RMS,2.898,mm/s,GOOD
2025-02-07 04:00:00,PUMP101.VIBRATION_RMS,3.323,mm/s,GOOD
2025-02-07 05:00:00,PUMP101.VIBRATION_RMS,2.793,mm/s,GOOD
2025-02-07 06:00:00,PUMP101.VIBRATION_RMS,2.902,mm/s,GOOD
2025-02-07 07:00:00,PUMP101.VIBRATION_RMS,2.4,mm/s,GOOD
2025-02-07 08:00:00,PUMP101.VIBRATION_RMS,2.146,mm/s,GOOD
2025-02-07 09:00:00,PUMP101.VIBRATION_RMS,2.827,mm/s,GOOD
2025-02-07 10:00:00,PUMP101.VIBRATION_RMS,2.586,mm/s,GOOD
2025-02-07 11:00:00,PUMP101.VIBRATION_RMS,1.789,mm/s,GOOD
2025-02-07 12:00:00,PUMP101.VIBRATION_RMS,2.336,mm/s,GOOD
2025-02-07 13:00:00,PUMP101.VIBRATION_RMS,2.459,mm/s,GOOD
2025-02-07 14:00:00,PUMP101.VIBRATION_RMS,2.245,mm/s,GOOD
2025-02-07 15:00:00,PUMP101.VIBRATION_RMS,3.241,mm/s,GOOD
2025-02-07 16:00:00,PUMP101.VIBRATION_RMS,2.74,mm/s,GOOD
2025-02-07 17:00:00,PUMP101.VIBRATION_RMS,3.187,mm/s,GOOD
2025-02-07 18:00:00,PUMP101.VIBRATION_RMS,2.632,mm/s,GOOD
2025-02-07 19:00:00,PUMP101.VIBRATION_RMS,2.541,mm/s,GOOD
2025-02-07 20:00:00,PUMP101.VIBRATION_RMS,2.032,mm/s,GOOD
2025-02-07 21:00:00,PUMP101.VIBRATION_RMS,2.506,mm/s,GOOD
2025-02-07 22:00:00,PUMP101.VIBRATION_RMS,2.507,mm/s,GOOD
2025-02-07 23:00:00,PUMP101.VIBRATION_RMS,1.816,mm/s,BAD
2025-02-08 00:00:00,PUMP101.VIBRATION_RMS,2.23,mm/s,GOOD
2025-02-08 01:00:00,PUMP101.VIBRATION_RMS,2.338,mm/s,GOOD
2025-02-08 02:00:00,PUMP101.VIBRATION_RMS,2.707,mm/s,GOOD
2025-02-08 03:00:00,PUMP101.VIBRATION_RMS,2.731,mm/s,GOOD
2025-02-08 04:00:00,PUMP101.VIBRATION_RMS,2.209,mm/s,GOOD
2025-02-08 05:00:00,PUMP101.VIBRATION_RMS,2.734,mm/s,GOOD
2025-02-08 06:00:00,PUMP101.VIBRATION_RMS,2.409,mm/s,GOOD
2025-02-08 07:00:00,PUMP101.VIBRATION_RMS,1.065,mm/s,GOOD
2025-02-08 08:00:00,PUMP101.VIBRATION_RMS,2.258,mm/s,GOOD
2025-02-08 09:00:00,PUMP101.VIBRATION_RMS,3.039,mm/s,GOOD
2025-02-08 10:00:00,PUMP101.VIBRATION_RMS,1.659,mm/s,GOOD
2025-02-08 11:00:00,PUMP101.VIBRATION_RMS,2.556,mm/s,GOOD
2025-02-08 12:00:00,PUMP101.VIBRATION_RMS,3.293,mm/s,GOOD
2025-02-08 13:00:00,PUMP101.VIBRATION_RMS,2.12,mm/s,GOOD
2025-02-08 14:00:00,PUMP101.VIBRATION_RMS,2.501,mm/s,GOOD
2025-02-08 15:00:00,PUMP101.VIBRATION_RMS,1.848,mm/s,GOOD
2025-02-08 16:00:00,PUMP101.VIBRATION_RMS,3.314,mm/s,GOOD
2025-02-08 17:00:00,PUMP101.VIBRATION_RMS,2.458,mm/s,GOOD
2025-02-08 18:00:00,PUMP101.VIBRATION_RMS,2.523,mm/s,GOOD
2025-02-08 19:00:00,PUMP101.VIBRATION_RMS,3.177,mm/s,GOOD
2025-02-08 20:00:00,PUMP101.VIBRATION_RMS,2.831,mm/s,GOOD
2025-02-08 21:00:00,PUMP101.VIBRATION_RMS,2.062,mm/s,GOOD
2025-02-08 22:00:00,PUMP101.VIBRATION_RMS,2.176,mm/s,GOOD
2025-02-08 23:00:00,PUMP101.VIBRATION_RMS,2.747,mm/s,GOOD
2025-02-09 00:00:00,PUMP101.VIBRATION_RMS,2.188,mm/s,GOOD
2025-02-09 01:00:00,PUMP101.VIBRATION_RMS,1.441,mm/s,GOOD
2025-02-09 02:00:00,PUMP101.VIBRATION_RMS,2.473,mm/s,GOOD
2025-02-09 03:00:00,PUMP101.VIBRATION_RMS,1.76,mm/s,GOOD
2025-02-09 04:00:00,PUMP101.VIBRATION_RMS,3.308,mm/s,GOOD
2025-02-09 05:00:00,PUMP101.VIBRATION_RMS,2.588,mm/s,GOOD
2025-02-09 06:00:00,PUMP101.VIBRATION_RMS,2.047,mm/s,BAD
2025-02-09 07:00:00,PUMP101.VIBRATION_RMS,2.151,mm/s,GOOD
2025-02-09 08:00:00,PUMP101.VIBRATION_RMS,1.555,mm/s,GOOD
2025-02-09 09:00:00,PUMP101.VIBRATION_RMS,1.95,mm/s,GOOD
2025-02-09 10:00:00,PUMP101.VIBRATION_RMS,3.008,mm/s,GOOD
2025-02-09 11:00:00,PUMP101.VIBRATION_RMS,3.616,mm/s,GOOD
2025-02-09 12:00:00,PUMP101.VIBRATION_RMS,2.863,mm/s,GOOD
2025-02-09 13:00:00,PUMP101.VIBRATION_RMS,2.454,mm/s,GOOD
2025-02-09 14:00:00,PUMP101.VIBRATION_RMS,2.284,mm/s,GOOD
2025-02-09 15:00:00,PUMP101.VIBRATION_RMS,2.022,mm/s,GOOD
2025-02-09 16:00:00,PUMP101.VIBRATION_RMS,3.53,mm/s,GOOD
2025-02-09 17:00:00,PUMP101.VIBRATION_RMS,2.406,mm/s,GOOD
2025-02-09 18:00:00,PUMP101.VIBRATION_RMS,3.558,mm/s,GOOD
2025-02-09 19:00:00,PUMP101.VIBRATION_RMS,3.197,mm/s,GOOD
2025-02-09 20:00:00,PUMP101.VIBRATION_RMS,1.63,mm/s,GOOD
2025-02-09 21:00:00,PUMP101.VIBRATION_RMS,2.167,mm/s,GOOD
2025-02-09 22:00:00,PUMP101.VIBRATION_RMS,2.165,mm/s,GOOD
2025-02-09 23:00:00,PUMP101.VIBRATION_RMS,2.46,mm/s,GOOD
2025-02-10 00:00:00,PUMP101.VIBRATION_RMS,2.47,mm/s,GOOD
2025-02-10 01:00:00,PUMP101.VIBRATION_RMS,3.998,mm/s,GOOD
2025-02-10 02:00:00,PUMP101.VIBRATION_RMS,1.961,mm/s,GOOD
2025-02-10 03:00:00,PUMP101.VIBRATION_RMS,2.614,mm/s,GOOD
2025-02-10 04:00:00,PUMP101.VIBRATION_RMS,2.808,mm/s,BAD
2025-02-10 05:00:00,PUMP101.VIBRATION_RMS,2.499,mm/s,GOOD
2025-02-10 06:00:00,PUMP101.VIBRATION_RMS,2.555,mm/s,GOOD
2025-02-10 07:00:00,PUMP101.VIBRATION_RMS,1.978,mm/s,GOOD
2025-02-10 08:00:00,PUMP101.VIBRATION_RMS,2.553,mm/s,GOOD
2025-02-10 09:00:00,PUMP101.VIBRATION_RMS,2.756,mm/s,GOOD
2025-02-10 10:00:00,PUMP101.VIBRATION_RMS,2.664,mm/s,GOOD
2025-02-10 11:00:00,PUMP101.VIBRATION_RMS,2.785,mm/s,GOOD
2025-02-10 12:00:00,PUMP101.VIBRATION_RMS,3.206,mm/s,GOOD
2025-02-10 13:00:00,PUMP101.VIBRATION_RMS,2.968,mm/s,GOOD
2025-02-10 14:00:00,PUMP101.VIBRATION_RMS,2.536,mm/s,GOOD
2025-02-10 15:00:00,PUMP101.VIBRATION_RMS,1.914,mm/s,GOOD
2025-02-10 16:00:00,PUMP101.VIBRATION_RMS,2.2,mm/s,GOOD
2025-02-10 17:00:00,PUMP101.VIBRATION_RMS,2.39,mm/s,GOOD
2025-02-10 18:00:00,PUMP101.VIBRATION_RMS,2.626,mm/s,GOOD
2025-02-10 19:00:00,PUMP101.VIBRATION_RMS,2.261,mm/s,GOOD
2025-02-10 20:00:00,PUMP101.VIBRATION_RMS,2.032,mm/s,GOOD
2025-02-10 21:00:00,PUMP101.VIBRATION_RMS,1.906,mm/s,GOOD
2025-02-10 22:00:00,PUMP101.VIBRATION_RMS,1.674,mm/s,GOOD
2025-02-10 23:00:00,PUMP101.VIBRATION_RMS,2.383,mm/s,GOOD
2025-02-11 00:00:00,PUMP101.VIBRATION_RMS,1.765,mm/s,GOOD
2025-02-11 01:00:00,PUMP101.VIBRATION_RMS,2.0,mm/s,GOOD
2025-02-11 02:00:00,PUMP101.VIBRATION_RMS,2.303,mm/s,GOOD
2025-02-11 03:00:00,PUMP101.VIBRATION_RMS,1.832,mm/s,GOOD
2025-02-11 04:00:00,PUMP101.VIBRATION_RMS,2.69,mm/s,GOOD
2025-02-11 05:00:00,PUMP101.VIBRATION_RMS,2.87,mm/s,GOOD
2025-02-11 06:00:00,PUMP101.VIBRATION_RMS,2.225,mm/s,GOOD
2025-02-11 07:00:00,PUMP101.VIBRATION_RMS,2.281,mm/s,GOOD
2025-02-11 08:00:00,PUMP101.VIBRATION_RMS,2.769,mm/s,GOOD
2025-02-11 09:00:00,PUMP101.VIBRATION_RMS,2.143,mm/s,GOOD
2025-02-11 10:00:00,PUMP101.VIBRATION_RMS,2.109,mm/s,GOOD
2025-02-11 11:00:00,PUMP101.VIBRATION_RMS,3.098,mm/s,GOOD
2025-02-11 12:00:00,PUMP101.VIBRATION_RMS,2.942,mm/s,BAD
2025-02-11 13:00:00,PUMP101.VIBRATION_RMS,2.801,mm/s,GOOD
2025-02-11 14:00:00,PUMP101.VIBRATION_RMS,2.963,mm/s,GOOD
2025-02-11 15:00:00,PUMP101.VIBRATION_RMS,1.511,mm/s,GOOD
2025-02-11 16:00:00,PUMP101.VIBRATION_RMS,3.177,mm/s,GOOD
2025-02-11 17:00:00,PUMP101.VIBRATION_RMS,2.696,mm/s,GOOD
2025-02-11 18:00:00,PUMP101.VIBRATION_RMS,3.005,mm/s,GOOD
2025-02-11 19:00:00,PUMP101.VIBRATION_RMS,2.694,mm/s,GOOD
2025-02-11 20:00:00,PUMP101.VIBRATION_RMS,2.524,mm/s,GOOD
2025-02-11 21:00:00,PUMP101.VIBRATION_RMS,2.362,mm/s,GOOD
2025-02-11 22:00:00,PUMP101.VIBRATION_RMS,2.684,mm/s,GOOD
2025-02-11 23:00:00,PUMP101.VIBRATION_RMS,2.344,mm/s,GOOD
2025-02-12 00:00:00,PUMP101.VIBRATION_RMS,2.934,mm/s,GOOD
2025-02-12 01:00:00,PUMP101.VIBRATION_RMS,1.707,mm/s,GOOD
2025-02-12 02:00:00,PUMP101.VIBRATION_RMS,2.229,mm/s,GOOD
2025-02-12 03:00:00,PUMP101.VIBRATION_RMS,3.522,mm/s,GOOD
2025-02-12 04:00:00,PUMP101.VIBRATION_RMS,2.187,mm/s,GOOD
2025-02-12 05:00:00,PUMP101.VIBRATION_RMS,2.381,mm/s,GOOD
2025-02-12 06:00:00,PUMP101.VIBRATION_RMS,2.059,mm/s,GOOD
2025-02-12 07:00:00,PUMP101.VIBRATION_RMS,2.668,mm/s,GOOD
2025-02-12 08:00:00,PUMP101.VIBRATION_RMS,2.132,mm/s,GOOD
2025-02-12 09:00:00,PUMP101.VIBRATION_RMS,2.407,mm/s,GOOD
2025-02-12 10:00:00,PUMP101.VIBRATION_RMS,2.924,mm/s,GOOD
2025-02-12 11:00:00,PUMP101.VIBRATION_RMS,2.151,mm/s,GOOD
2025-02-12 12:00:00,PUMP101.VIBRATION_RMS,2.894,mm/s,GOOD
2025-02-12 13:00:00,PUMP101.VIBRATION_RMS,2.911,mm/s,GOOD
2025-02-12 14:00:00,PUMP101.VIBRATION_RMS,3.027,mm/s,GOOD
2025-02-12 15:00:00,PUMP101.VIBRATION_RMS,2.57,mm/s,GOOD
2025-02-12 16:00:00,PUMP101.VIBRATION_RMS,4.121,mm/s,GOOD
2025-02-12 17:00:00,PUMP101.VIBRATION_RMS,3.027,mm/s,GOOD
2025-02-12 18:00:00,PUMP101.VIBRATION_RMS,2.662,mm/s,BAD
2025-02-12 19:00:00,PUMP101.VIBRATION_RMS,2.062,mm/s,GOOD
2025-02-12 20:00:00,PUMP101.VIBRATION_RMS,2.451,mm/s,GOOD
2025-02-12 21:00:00,PUMP101.VIBRATION_RMS,3.213,mm/s,GOOD
2025-02-12 22:00:00,PUMP101.VIBRATION_RMS,3.355,mm/s,GOOD
2025-02-12 23:00:00,PUMP101.VIBRATION_RMS,3.239,mm/s,GOOD
2025-02-13 00:00:00,PUMP101.VIBRATION_RMS,2.893,mm/s,GOOD
2025-02-13 01:00:00,PUMP101.VIBRATION_RMS,1.872,mm/s,GOOD
2025-02-13 02:00:00,PUMP101.VIBRATION_RMS,2.744,mm/s,GOOD
2025-02-13 03:00:00,PUMP101.VIBRATION_RMS,1.879,mm/s,GOOD
2025-02-13 04:00:00,PUMP101.VIBRATION_RMS,1.756,mm/s,GOOD
2025-02-13 05:00:00,PUMP101.VIBRATION_RMS,2.62,mm/s,GOOD
2025-02-13 06:00:00,PUMP101.VIBRATION_RMS,2.762,mm/s,GOOD
2025-02-13 07:00:00,PUMP101.VIBRATION_RMS,2.952,mm/s,GOOD
2025-02-13 08:00:00,PUMP101.VIBRATION_RMS,2.749,mm/s,GOOD
2025-02-13 09:00:00,PUMP101.VIBRATION_RMS,2.766,mm/s,GOOD
2025-02-13 10:00:00,PUMP101.VIBRATION_RMS,2.008,mm/s,GOOD
2025-02-13 11:00:00,PUMP101.VIBRATION_RMS,2.448,mm/s,GOOD
2025-02-13 12:00:00,PUMP101.VIBRATION_RMS,1.746,mm/s,GOOD
2025-02-13 13:00:00,PUMP101.VIBRATION_RMS,1.498,mm/s,GOOD
2025-02-13 14:00:00,PUMP101.VIBRATION_RMS,2.87,mm/s,GOOD
2025-02-13 15:00:00,PUMP101.VIBRATION_RMS,2.123,mm/s,GOOD
2025-02-13 16:00:00,PUMP101.VIBRATION_RMS,2.936,mm/s,GOOD
2025-02-13 17:00:00,PUMP101.VIBRATION_RMS,3.054,mm/s,GOOD
2025-02-13 18:00:00,PUMP101.VIBRATION_RMS,2.19,mm/s,GOOD
2025-02-13 19:00:00,PUMP101.VIBRATION_RMS,2.795,mm/s,BAD
2025-02-13 20:00:00,PUMP101.VIBRATION_RMS,2.169,mm/s,GOOD
2025-02-13 21:00:00,PUMP101.VIBRATION_RMS,1.577,mm/s,GOOD
2025-02-13 22:00:00,PUMP101.VIBRATION_RMS,2.562,mm/s,GOOD
2025-02-13 23:00:00,PUMP101.VIBRATION_RMS,2.265,mm/s,BAD
2025-02-14 00:00:00,PUMP101.VIBRATION_RMS,2.28,mm/s,GOOD
2025-02-14 01:00:00,PUMP101.VIBRATION_RMS,3.488,mm/s,GOOD
2025-02-14 02:00:00,PUMP101.VIBRATION_RMS,1.737,mm/s,GOOD
2025-02-14 03:00:00,PUMP101.VIBRATION_RMS,2.691,mm/s,GOOD
2025-02-14 04:00:00,PUMP101.VIBRATION_RMS,2.003,mm/s,GOOD
2025-02-14 05:00:00,PUMP101.VIBRATION_RMS,2.954,mm/s,GOOD
2025-02-14 06:00:00,PUMP101.VIBRATION_RMS,2.649,mm/s,GOOD
2025-02-14 07:00:00,PUMP101.VIBRATION_RMS,2.69,mm/s,GOOD
2025-02-14 08:00:00,PUMP101.VIBRATION_RMS,2.028,mm/s,GOOD
2025-02-14 09:00:00,PUMP101.VIBRATION_RMS,2.117,mm/s,GOOD
2025-02-14 10:00:00,PUMP101.VIBRATION_RMS,2.964,mm/s,GOOD
2025-02-14 11:00:00,PUMP101.VIBRATION_RMS,3.385,mm/s,GOOD
2025-02-14 12:00:00,PUMP101.VIBRATION_RMS,2.74,mm/s,GOOD
2025-02-14 13:00:00,PUMP101.VIBRATION_RMS,2.051,mm/s,GOOD
2025-02-14 14:00:00,PUMP101.VIBRATION_RMS,2.669,mm/s,GOOD
2025-02-14 15:00:00,PUMP101.VIBRATION_RMS,3.714,mm/s,GOOD
2025-02-14 16:00:00,PUMP101.VIBRATION_RMS,2.551,mm/s,GOOD
2025-02-14 17:00:00,PUMP101.VIBRATION_RMS,3.231,mm/s,GOOD
2025-02-14 18:00:00,PUMP101.VIBRATION_RMS,2.13,mm/s,GOOD
2025-02-14 19:00:00,PUMP101.VIBRATION_RMS,2.479,mm/s,GOOD
2025-02-14 20:00:00,PUMP101.VIBRATION_RMS,2.81,mm/s,GOOD
2025-02-14 21:00:00,PUMP101.VIBRATION_RMS,2.699,mm/s,GOOD
2025-02-14 22:00:00,PUMP101.VIBRATION_RMS,2.117,mm/s,GOOD
2025-02-14 23:00:00,PUMP101.VIBRATION_RMS,2.095,mm/s,GOOD
2025-02-15 00:00:00,PUMP101.VIBRATION_RMS,2.994,mm/s,GOOD
2025-02-15 01:00:00,PUMP101.VIBRATION_RMS,3.096,mm/s,GOOD
2025-02-15 02:00:00,PUMP101.VIBRATION_RMS,3.256,mm/s,GOOD
2025-02-15 03:00:00,PUMP101.VIBRATION_RMS,3.402,mm/s,GOOD
2025-02-15 04:00:00,PUMP101.VIBRATION_RMS,2.567,mm/s,GOOD
2025-02-15 05:00:00,PUMP101.VIBRATION_RMS,2.344,mm/s,GOOD
2025-02-15 06:00:00,PUMP101.VIBRATION_RMS,3.175,mm/s,GOOD
2025-02-15 07:00:00,PUMP101.VIBRATION_RMS,2.857,mm/s,GOOD
2025-02-15 08:00:00,PUMP101.VIBRATION_RMS,2.009,mm/s,GOOD
2025-02-15 09:00:00,PUMP101.VIBRATION_RMS,1.983,mm/s,GOOD
2025-02-15 10:00:00,PUMP101.VIBRATION_RMS,2.746,mm/s,GOOD
2025-02-15 11:00:00,PUMP101.VIBRATION_RMS,2.411,mm/s,GOOD
2025-02-15 12:00:00,PUMP101.VIBRATION_RMS,2.487,mm/s,GOOD
2025-02-15 13:00:00,PUMP101.VIBRATION_RMS,3.036,mm/s,GOOD
2025-02-15 14:00:00,PUMP101.VIBRATION_RMS,2.88,mm/s,GOOD
2025-02-15 15:00:00,PUMP101.VIBRATION_RMS,3.165,mm/s,GOOD
2025-02-15 16:00:00,PUMP101.VIBRATION_RMS,1.534,mm/s,GOOD
2025-02-15 17:00:00,PUMP101.VIBRATION_RMS,2.627,mm/s,GOOD
2025-02-15 18:00:00,PUMP101.VIBRATION_RMS,2.847,mm/s,GOOD
2025-02-15 19:00:00,PUMP101.VIBRATION_RMS,1.737,mm/s,GOOD
2025-02-15 20:00:00,PUMP101.VIBRATION_RMS,2.173,mm/s,GOOD
2025-02-15 21:00:00,PUMP101.VIBRATION_RMS,2.08,mm/s,GOOD
2025-02-15 22:00:00,PUMP101.VIBRATION_RMS,2.511,mm/s,GOOD
2025-02-15 23:00:00,PUMP101.VIBRATION_RMS,3.314,mm/s,GOOD
2025-02-16 00:00:00,PUMP101.VIBRATION_RMS,3.511,mm/s,GOOD
2025-02-16 01:00:00,PUMP101.VIBRATION_RMS,2.093,mm/s,GOOD
2025-02-16 02:00:00,PUMP101.VIBRATION_RMS,2.763,mm/s,GOOD
2025-02-16 03:00:00,PUMP101.VIBRATION_RMS,2.779,mm/s,GOOD
2025-02-16 04:00:00,PUMP101.VIBRATION_RMS,2.694,mm/s,GOOD
2025-02-16 05:00:00,PUMP101.VIBRATION_RMS,2.699,mm/s,GOOD
2025-02-16 06:00:00,PUMP101.VIBRATION_RMS,2.652,mm/s,GOOD
2025-02-16 07:00:00,PUMP101.VIBRATION_RMS,3.344,mm/s,GOOD
2025-02-16 08:00:00,PUMP101.VIBRATION_RMS,3.051,mm/s,BAD
2025-02-16 09:00:00,PUMP101.VIBRATION_RMS,1.97,mm/s,GOOD
2025-02-16 10:00:00,PUMP101.VIBRATION_RMS,2.898,mm/s,GOOD
2025-02-16 11:00:00,PUMP101.VIBRATION_RMS,2.946,mm/s,GOOD
2025-02-16 12:00:00,PUMP101.VIBRATION_RMS,2.657,mm/s,GOOD
2025-02-16 13:00:00,PUMP101.VIBRATION_RMS,3.066,mm/s,GOOD
2025-02-16 14:00:00,PUMP101.VIBRATION_RMS,2.594,mm/s,GOOD
2025-02-16 15:00:00,PUMP101.VIBRATION_RMS,2.6,mm/s,GOOD
2025-02-16 16:00:00,PUMP101.VIBRATION_RMS,2.561,mm/s,GOOD
2025-02-16 17:00:00,PUMP101.VIBRATION_RMS,1.491,mm/s,GOOD
2025-02-16 18:00:00,PUMP101.VIBRATION_RMS,2.46,mm/s,GOOD
2025-02-16 19:00:00,PUMP101.VIBRATION_RMS,2.166,mm/s,GOOD
2025-02-16 20:00:00,PUMP101.VIBRATION_RMS,1.907,mm/s,GOOD
2025-02-16 21:00:00,PUMP101.VIBRATION_RMS,3.217,mm/s,GOOD
2025-02-16 22:00:00,PUMP101.VIBRATION_RMS,2.752,mm/s,GOOD
2025-02-16 23:00:00,PUMP101.VIBRATION_RMS,2.485,mm/s,GOOD
2025-02-17 00:00:00,PUMP101.VIBRATION_RMS,2.218,mm/s,GOOD
2025-02-17 01:00:00,PUMP101.VIBRATION_RMS,2.648,mm/s,GOOD
2025-02-17 02:00:00,PUMP101.VIBRATION_RMS,2.996,mm/s,GOOD
2025-02-17 03:00:00,PUMP101.VIBRATION_RMS,2.087,mm/s,GOOD
2025-02-17 04:00:00,PUMP101.VIBRATION_RMS,2.498,mm/s,GOOD
2025-02-17 05:00:00,PUMP101.VIBRATION_RMS,2.934,mm/s,GOOD
2025-02-17 06:00:00,PUMP101.VIBRATION_RMS,1.532,mm/s,GOOD
2025-02-17 07:00:00,PUMP101.VIBRATION_RMS,2.471,mm/s,GOOD
2025-02-17 08:00:00,PUMP101.VIBRATION_RMS,2.285,mm/s,GOOD
2025-02-17 09:00:00,PUMP101.VIBRATION_RMS,2.433,mm/s,GOOD
2025-02-17 10:00:00,PUMP101.VIBRATION_RMS,2.249,mm/s,GOOD
2025-02-17 11:00:00,PUMP101.VIBRATION_RMS,2.569,mm/s,GOOD
2025-02-17 12:00:00,PUMP101.VIBRATION_RMS,3.462,mm/s,GOOD
2025-02-17 13:00:00,PUMP101.VIBRATION_RMS,2.338,mm/s,GOOD
2025-02-17 14:00:00,PUMP101.VIBRATION_RMS,2.646,mm/s,GOOD
2025-02-17 15:00:00,PUMP101.VIBRATION_RMS,3.497,mm/s,GOOD
2025-02-17 16:00:00,PUMP101.VIBRATION_RMS,2.225,mm/s,GOOD
2025-02-17 17:00:00,PUMP101.VIBRATION_RMS,3.407,mm/s,GOOD
2025-02-17 18:00:00,PUMP101.VIBRATION_RMS,2.503,mm/s,GOOD
2025-02-17 19:00:00,PUMP101.VIBRATION_RMS,3.391,mm/s,GOOD
2025-02-17 20:00:00,PUMP101.VIBRATION_RMS,2.875,mm/s,GOOD
2025-02-17 21:00:00,PUMP101.VIBRATION_RMS,2.654,mm/s,GOOD
2025-02-17 22:00:00,PUMP101.VIBRATION_RMS,2.467,mm/s,GOOD
2025-02-17 23:00:00,PUMP101.VIBRATION_RMS,2.188,mm/s,GOOD
2025-02-18 00:00:00,PUMP101.VIBRATION_RMS,2.538,mm/s,GOOD
2025-02-18 01:00:00,PUMP101.VIBRATION_RMS,2.949,mm/s,GOOD
2025-02-18 02:00:00,PUMP101.VIBRATION_RMS,2.493,mm/s,GOOD
2025-02-18 03:00:00,PUMP101.VIBRATION_RMS,2.342,mm/s,GOOD
2025-02-18 04:00:00,PUMP101.VIBRATION_RMS,2.375,mm/s,GOOD
2025-02-18 05:00:00,PUMP101.VIBRATION_RMS,2.996,mm/s,GOOD
2025-02-18 06:00:00,PUMP101.VIBRATION_RMS,3.113,mm/s,GOOD
2025-02-18 07:00:00,PUMP101.VIBRATION_RMS,2.166,mm/s,GOOD
2025-02-18 08:00:00,PUMP101.VIBRATION_RMS,2.166,mm/s,GOOD
2025-02-18 09:00:00,PUMP101.VIBRATION_RMS,2.69,mm/s,GOOD
2025-02-18 10:00:00,PUMP101.VIBRATION_RMS,3.264,mm/s,GOOD
2025-02-18 11:00:00,PUMP101.VIBRATION_RMS,3.073,mm/s,GOOD
2025-02-18 12:00:00,PUMP101.VIBRATION_RMS,1.874,mm/s,GOOD
2025-02-18 13:00:00,PUMP101.VIBRATION_RMS,2.368,mm/s,GOOD
2025-02-18 14:00:00,PUMP101.VIBRATION_RMS,2.035,mm/s,GOOD
2025-02-18 15:00:00,PUMP101.VIBRATION_RMS,2.366,mm/s,GOOD
2025-02-18 16:00:00,PUMP101.VIBRATION_RMS,3.302,mm/s,GOOD
2025-02-18 17:00:00,PUMP101.VIBRATION_RMS,1.789,mm/s,GOOD
2025-02-18 18:00:00,PUMP101.VIBRATION_RMS,1.691,mm/s,GOOD
2025-02-18 19:00:00,PUMP101.VIBRATION_RMS,2.086,mm/s,GOOD
2025-02-18 20:00:00,PUMP101.VIBRATION_RMS,2.644,mm/s,GOOD
2025-02-18 21:00:00,PUMP101.VIBRATION_RMS,2.81,mm/s,GOOD
2025-02-18 22:00:00,PUMP101.VIBRATION_RMS,2.719,mm/s,GOOD
2025-02-18 23:00:00,PUMP101.VIBRATION_RMS,3.088,mm/s,GOOD
2025-02-19 00:00:00,PUMP101.VIBRATION_RMS,1.618,mm/s,GOOD
2025-02-19 01:00:00,PUMP101.VIBRATION_RMS,3.094,mm/s,GOOD
2025-02-19 02:00:00,PUMP101.VIBRATION_RMS,2.344,mm/s,GOOD
2025-02-19 03:00:00,PUMP101.VIBRATION_RMS,2.866,mm/s,GOOD
2025-02-19 04:00:00,PUMP101.VIBRATION_RMS,1.838,mm/s,GOOD
2025-02-19 05:00:00,PUMP101.VIBRATION_RMS,2.502,mm/s,GOOD
2025-02-19 06:00:00,PUMP101.VIBRATION_RMS,2.618,mm/s,GOOD
2025-02-19 07:00:00,PUMP101.VIBRATION_RMS,3.078,mm/s,GOOD
2025-02-19 08:00:00,PUMP101.VIBRATION_RMS,1.707,mm/s,GOOD
2025-02-19 09:00:00,PUMP101.VIBRATION_RMS,2.515,mm/s,GOOD
2025-02-19 10:00:00,PUMP101.VIBRATION_RMS,1.957,mm/s,GOOD
2025-02-19 11:00:00,PUMP101.VIBRATION_RMS,2.753,mm/s,GOOD
2025-02-19 12:00:00,PUMP101.VIBRATION_RMS,2.889,mm/s,GOOD
2025-02-19 13:00:00,PUMP101.VIBRATION_RMS,3.144,mm/s,GOOD
2025-02-19 14:00:00,PUMP101.VIBRATION_RMS,2.232,mm/s,GOOD
2025-02-19 15:00:00,PUMP101.VIBRATION_RMS,2.964,mm/s,GOOD
2025-02-19 16:00:00,PUMP101.VIBRATION_RMS,3.18,mm/s,GOOD
2025-02-19 17:00:00,PUMP101.VIBRATION_RMS,1.678,mm/s,GOOD
2025-02-19 18:00:00,PUMP101.VIBRATION_RMS,2.806,mm/s,GOOD
2025-02-19 19:00:00,PUMP101.VIBRATION_RMS,2.979,mm/s,GOOD
2025-02-19 20:00:00,PUMP101.VIBRATION_RMS,2.371,mm/s,GOOD
2025-02-19 21:00:00,PUMP101.VIBRATION_RMS,1.895,mm/s,GOOD
2025-02-19 22:00:00,PUMP101.VIBRATION_RMS,2.971,mm/s,GOOD
2025-02-19 23:00:00,PUMP101.VIBRATION_RMS,1.9,mm/s,GOOD
2025-02-20 00:00:00,PUMP101.VIBRATION_RMS,2.411,mm/s,GOOD
2025-02-20 01:00:00,PUMP101.VIBRATION_RMS,2.48,mm/s,GOOD
2025-02-20 02:00:00,PUMP101.VIBRATION_RMS,2.858,mm/s,GOOD
2025-02-20 03:00:00,PUMP101.VIBRATION_RMS,2.187,mm/s,GOOD
2025-02-20 04:00:00,PUMP101.VIBRATION_RMS,2.158,mm/s,GOOD
2025-02-20 05:00:00,PUMP101.VIBRATION_RMS,2.549,mm/s,GOOD
2025-02-20 06:00:00,PUMP101.VIBRATION_RMS,3.003,mm/s,GOOD
2025-02-20 07:00:00,PUMP101.VIBRATION_RMS,3.644,mm/s,GOOD
2025-02-20 08:00:00,PUMP101.VIBRATION_RMS,1.746,mm/s,GOOD
2025-02-20 09:00:00,PUMP101.VIBRATION_RMS,2.658,mm/s,GOOD
2025-02-20 10:00:00,PUMP101.VIBRATION_RMS,1.957,mm/s,GOOD
2025-02-20 11:00:00,PUMP101.VIBRATION_RMS,3.009,mm/s,GOOD
2025-02-20 12:00:00,PUMP101.VIBRATION_RMS,2.031,mm/s,GOOD
2025-02-20 13:00:00,PUMP101.VIBRATION_RMS,2.163,mm/s,GOOD
2025-02-20 14:00:00,PUMP101.VIBRATION_RMS,2.205,mm/s,GOOD
2025-02-20 15:00:00,PUMP101.VIBRATION_RMS,2.462,mm/s,GOOD
2025-02-20 16:00:00,PUMP101.VIBRATION_RMS,2.662,mm/s,GOOD
2025-02-20 17:00:00,PUMP101.VIBRATION_RMS,2.742,mm/s,GOOD
2025-02-20 18:00:00,PUMP101.VIBRATION_RMS,2.497,mm/s,GOOD
2025-02-20 19:00:00,PUMP101.VIBRATION_RMS,1.835,mm/s,GOOD
2025-02-20 20:00:00,PUMP101.VIBRATION_RMS,2.864,mm/s,GOOD
2025-02-20 21:00:00,PUMP101.VIBRATION_RMS,2.474,mm/s,GOOD
2025-02-20 22:00:00,PUMP101.VIBRATION_RMS,3.081,mm/s,GOOD
2025-02-20 23:00:00,PUMP101.VIBRATION_RMS,2.146,mm/s,GOOD
2025-02-21 00:00:00,PUMP101.VIBRATION_RMS,1.699,mm/s,GOOD
2025-02-21 01:00:00,PUMP101.VIBRATION_RMS,2.483,mm/s,GOOD
2025-02-21 02:00:00,PUMP101.VIBRATION_RMS,3.148,mm/s,GOOD
2025-02-21 03:00:00,PUMP101.VIBRATION_RMS,2.58,mm/s,GOOD
2025-02-21 04:00:00,PUMP101.VIBRATION_RMS,2.4,mm/s,GOOD
2025-02-21 05:00:00,PUMP101.VIBRATION_RMS,2.065,mm/s,GOOD
2025-02-21 06:00:00,PUMP101.VIBRATION_RMS,3.379,mm/s,GOOD
2025-02-21 07:00:00,PUMP101.VIBRATION_RMS,1.985,mm/s,GOOD
2025-02-21 08:00:00,PUMP101.VIBRATION_RMS,2.137,mm/s,GOOD
2025-02-21 09:00:00,PUMP101.VIBRATION_RMS,2.785,mm/s,GOOD
2025-02-21 10:00:00,PUMP101.VIBRATION_RMS,1.572,mm/s,GOOD
2025-02-21 11:00:00,PUMP101.VIBRATION_RMS,3.137,mm/s,GOOD
2025-02-21 12:00:00,PUMP101.VIBRATION_RMS,2.812,mm/s,GOOD
2025-02-21 13:00:00,PUMP101.VIBRATION_RMS,2.95,mm/s,GOOD
2025-02-21 14:00:00,PUMP101.VIBRATION_RMS,2.779,mm/s,GOOD
2025-02-21 15:00:00,PUMP101.VIBRATION_RMS,2.419,mm/s,GOOD
2025-02-21 16:00:00,PUMP101.VIBRATION_RMS,1.968,mm/s,GOOD
2025-02-21 17:00:00,PUMP101.VIBRATION_RMS,2.43,mm/s,GOOD
2025-02-21 18:00:00,PUMP101.VIBRATION_RMS,2.012,mm/s,BAD
2025-02-21 19:00:00,PUMP101.VIBRATION_RMS,2.743,mm/s,GOOD
2025-02-21 20:00:00,PUMP101.VIBRATION_RMS,2.903,mm/s,GOOD
2025-02-21 21:00:00,PUMP101.VIBRATION_RMS,3.238,mm/s,GOOD
2025-02-21 22:00:00,PUMP101.VIBRATION_RMS,2.686,mm/s,GOOD
2025-02-21 23:00:00,PUMP101.VIBRATION_RMS,2.962,mm/s,GOOD
2025-02-22 00:00:00,PUMP101.VIBRATION_RMS,2.351,mm/s,GOOD
2025-02-22 01:00:00,PUMP101.VIBRATION_RMS,2.261,mm/s,GOOD
2025-02-22 02:00:00,PUMP101.VIBRATION_RMS,2.737,mm/s,GOOD
2025-02-22 03:00:00,PUMP101.VIBRATION_RMS,2.307,mm/s,GOOD
2025-02-22 04:00:00,PUMP101.VIBRATION_RMS,2.635,mm/s,GOOD
2025-02-22 05:00:00,PUMP101.VIBRATION_RMS,1.969,mm/s,GOOD
2025-02-22 06:00:00,PUMP101.VIBRATION_RMS,2.059,mm/s,GOOD
2025-02-22 07:00:00,PUMP101.VIBRATION_RMS,2.818,mm/s,GOOD
2025-02-22 08:00:00,PUMP101.VIBRATION_RMS,2.943,mm/s,GOOD
2025-02-22 09:00:00,PUMP101.VIBRATION_RMS,2.007,mm/s,GOOD
2025-02-22 10:00:00,PUMP101.VIBRATION_RMS,2.835,mm/s,GOOD
2025-02-22 11:00:00,PUMP101.VIBRATION_RMS,2.234,mm/s,GOOD
2025-02-22 12:00:00,PUMP101.VIBRATION_RMS,2.508,mm/s,GOOD
2025-02-22 13:00:00,PUMP101.VIBRATION_RMS,3.208,mm/s,GOOD
2025-02-22 14:00:00,PUMP101.VIBRATION_RMS,2.904,mm/s,GOOD
2025-02-22 15:00:00,PUMP101.VIBRATION_RMS,2.898,mm/s,GOOD
2025-02-22 16:00:00,PUMP101.VIBRATION_RMS,3.454,mm/s,GOOD
2025-02-22 17:00:00,PUMP101.VIBRATION_RMS,2.148,mm/s,GOOD
2025-02-22 18:00:00,PUMP101.VIBRATION_RMS,2.007,mm/s,GOOD
2025-02-22 19:00:00,PUMP101.VIBRATION_RMS,2.139,mm/s,GOOD
2025-02-22 20:00:00,PUMP101.VIBRATION_RMS,2.373,mm/s,GOOD
2025-02-22 21:00:00,PUMP101.VIBRATION_RMS,1.323,mm/s,GOOD
2025-02-22 22:00:00,PUMP101.VIBRATION_RMS,2.396,mm/s,GOOD
2025-02-22 23:00:00,PUMP101.VIBRATION_RMS,2.228,mm/s,GOOD
2025-02-23 00:00:00,PUMP101.VIBRATION_RMS,2.892,mm/s,GOOD
2025-02-23 01:00:00,PUMP101.VIBRATION_RMS,2.676,mm/s,GOOD
2025-02-23 02:00:00,PUMP101.VIBRATION_RMS,2.2,mm/s,GOOD
2025-02-23 03:00:00,PUMP101.VIBRATION_RMS,2.795,mm/s,GOOD
2025-02-23 04:00:00,PUMP101.VIBRATION_RMS,2.862,mm/s,GOOD
2025-02-23 05:00:00,PUMP101.VIBRATION_RMS,2.116,mm/s,GOOD
2025-02-23 06:00:00,PUMP101.VIBRATION_RMS,2.253,mm/s,GOOD
2025-02-23 07:00:00,PUMP101.VIBRATION_RMS,1.387,mm/s,GOOD
2025-02-23 08:00:00,PUMP101.VIBRATION_RMS,1.955,mm/s,GOOD
2025-02-23 09:00:00,PUMP101.VIBRATION_RMS,2.129,mm/s,GOOD
2025-02-23 10:00:00,PUMP101.VIBRATION_RMS,2.537,mm/s,GOOD
2025-02-23 11:00:00,PUMP101.VIBRATION_RMS,2.027,mm/s,GOOD
2025-02-23 12:00:00,PUMP101.VIBRATION_RMS,2.243,mm/s,GOOD
2025-02-23 13:00:00,PUMP101.VIBRATION_RMS,1.887,mm/s,GOOD
2025-02-23 14:00:00,PUMP101.VIBRATION_RMS,2.586,mm/s,GOOD
2025-02-23 15:00:00,PUMP101.VIBRATION_RMS,2.713,mm/s,GOOD
2025-02-23 16:00:00,PUMP101.VIBRATION_RMS,2.701,mm/s,GOOD
2025-02-23 17:00:00,PUMP101.VIBRATION_RMS,2.506,mm/s,GOOD
2025-02-23 18:00:00,PUMP101.VIBRATION_RMS,1.729,mm/s,GOOD
2025-02-23 19:00:00,PUMP101.VIBRATION_RMS,2.19,mm/s,GOOD
2025-02-23 20:00:00,PUMP101.VIBRATION_RMS,2.296,mm/s,GOOD
2025-02-23 21:00:00,PUMP101.VIBRATION_RMS,2.298,mm/s,GOOD
2025-02-23 22:00:00,PUMP101.VIBRATION_RMS,2.537,mm/s,GOOD
2025-02-23 23:00:00,PUMP101.VIBRATION_RMS,3.213,mm/s,GOOD
2025-02-24 00:00:00,PUMP101.VIBRATION_RMS,2.906,mm/s,GOOD
2025-02-24 01:00:00,PUMP101.VIBRATION_RMS,2.006,mm/s,GOOD
2025-02-24 02:00:00,PUMP101.VIBRATION_RMS,2.839,mm/s,GOOD
2025-02-24 03:00:00,PUMP101.VIBRATION_RMS,2.82,mm/s,GOOD
2025-02-24 04:00:00,PUMP101.VIBRATION_RMS,2.097,mm/s,GOOD
2025-02-24 05:00:00,PUMP101.VIBRATION_RMS,2.924,mm/s,GOOD
2025-02-24 06:00:00,PUMP101.VIBRATION_RMS,2.42,mm/s,GOOD
2025-02-24 07:00:00,PUMP101.VIBRATION_RMS,1.795,mm/s,GOOD
2025-02-24 08:00:00,PUMP101.VIBRATION_RMS,2.728,mm/s,GOOD
2025-02-24 09:00:00,PUMP101.VIBRATION_RMS,2.608,mm/s,GOOD
2025-02-24 10:00:00,PUMP101.VIBRATION_RMS,2.386,mm/s,GOOD
2025-02-24 11:00:00,PUMP101.VIBRATION_RMS,2.481,mm/s,GOOD
2025-02-24 12:00:00,PUMP101.VIBRATION_RMS,2.14,mm/s,GOOD
2025-02-24 13:00:00,PUMP101.VIBRATION_RMS,2.805,mm/s,GOOD
2025-02-24 14:00:00,PUMP101.VIBRATION_RMS,2.478,mm/s,GOOD
2025-02-24 15:00:00,PUMP101.VIBRATION_RMS,2.583,mm/s,GOOD
2025-02-24 16:00:00,PUMP101.VIBRATION_RMS,2.679,mm/s,GOOD
2025-02-24 17:00:00,PUMP101.VIBRATION_RMS,1.923,mm/s,GOOD
2025-02-24 18:00:00,PUMP101.VIBRATION_RMS,2.053,mm/s,GOOD
2025-02-24 19:00:00,PUMP101.VIBRATION_RMS,1.395,mm/s,GOOD
2025-02-24 20:00:00,PUMP101.VIBRATION_RMS,2.782,mm/s,GOOD
2025-02-24 21:00:00,PUMP101.VIBRATION_RMS,1.894,mm/s,GOOD
2025-02-24 22:00:00,PUMP101.VIBRATION_RMS,2.566,mm/s,GOOD
2025-02-24 23:00:00,PUMP101.VIBRATION_RMS,2.685,mm/s,GOOD
2025-02-25 00:00:00,PUMP101.VIBRATION_RMS,2.801,mm/s,GOOD
2025-02-25 01:00:00,PUMP101.VIBRATION_RMS,1.898,mm/s,GOOD
2025-02-25 02:00:00,PUMP101.VIBRATION_RMS,2.467,mm/s,GOOD
2025-02-25 03:00:00,PUMP101.VIBRATION_RMS,3.335,mm/s,GOOD
2025-02-25 04:00:00,PUMP101.VIBRATION_RMS,3.357,mm/s,GOOD
2025-02-25 05:00:00,PUMP101.VIBRATION_RMS,2.994,mm/s,GOOD
2025-02-25 06:00:00,PUMP101.VIBRATION_RMS,2.669,mm/s,GOOD
2025-02-25 07:00:00,PUMP101.VIBRATION_RMS,1.997,mm/s,GOOD
2025-02-25 08:00:00,PUMP101.VIBRATION_RMS,2.859,mm/s,GOOD
2025-02-25 09:00:00,PUMP101.VIBRATION_RMS,2.421,mm/s,GOOD
2025-02-25 10:00:00,PUMP101.VIBRATION_RMS,2.78,mm/s,GOOD
2025-02-25 11:00:00,PUMP101.VIBRATION_RMS,2.184,mm/s,GOOD
2025-02-25 12:00:00,PUMP101.VIBRATION_RMS,2.414,mm/s,GOOD
2025-02-25 13:00:00,PUMP101.VIBRATION_RMS,2.582,mm/s,GOOD
2025-02-25 14:00:00,PUMP101.VIBRATION_RMS,2.623,mm/s,GOOD
2025-02-25 15:00:00,PUMP101.VIBRATION_RMS,2.747,mm/s,GOOD
2025-02-25 16:00:00,PUMP101.VIBRATION_RMS,2.21,mm/s,GOOD
2025-02-25 17:00:00,PUMP101.VIBRATION_RMS,1.828,mm/s,GOOD
2025-02-25 18:00:00,PUMP101.VIBRATION_RMS,3.312,mm/s,GOOD
2025-02-25 19:00:00,PUMP101.VIBRATION_RMS,3.745,mm/s,GOOD
2025-02-25 20:00:00,PUMP101.VIBRATION_RMS,2.724,mm/s,GOOD
2025-02-25 21:00:00,PUMP101.VIBRATION_RMS,1.838,mm/s,GOOD
2025-02-25 22:00:00,PUMP101.VIBRATION_RMS,2.113,mm/s,GOOD
2025-02-25 23:00:00,PUMP101.VIBRATION_RMS,2.755,mm/s,BAD
2025-02-26 00:00:00,PUMP101.VIBRATION_RMS,3.171,mm/s,GOOD
2025-02-26 01:00:00,PUMP101.VIBRATION_RMS,1.894,mm/s,GOOD
2025-02-26 02:00:00,PUMP101.VIBRATION_RMS,2.438,mm/s,GOOD
2025-02-26 03:00:00,PUMP101.VIBRATION_RMS,2.598,mm/s,GOOD
2025-02-26 04:00:00,PUMP101.VIBRATION_RMS,2.932,mm/s,GOOD
2025-02-26 05:00:00,PUMP101.VIBRATION_RMS,2.328,mm/s,GOOD
2025-02-26 06:00:00,PUMP101.VIBRATION_RMS,1.718,mm/s,GOOD
2025-02-26 07:00:00,PUMP101.VIBRATION_RMS,2.811,mm/s,GOOD
2025-02-26 08:00:00,PUMP101.VIBRATION_RMS,3.062,mm/s,GOOD
2025-02-26 09:00:00,PUMP101.VIBRATION_RMS,2.459,mm/s,GOOD
2025-02-26 10:00:00,PUMP101.VIBRATION_RMS,2.703,mm/s,GOOD
2025-02-26 11:00:00,PUMP101.VIBRATION_RMS,2.263,mm/s,GOOD
2025-02-26 12:00:00,PUMP101.VIBRATION_RMS,2.077,mm/s,GOOD
2025-02-26 13:00:00,PUMP101.VIBRATION_RMS,3.013,mm/s,GOOD
2025-02-26 14:00:00,PUMP101.VIBRATION_RMS,2.694,mm/s,GOOD
2025-02-26 15:00:00,PUMP101.VIBRATION_RMS,2.745,mm/s,GOOD
2025-02-26 16:00:00,PUMP101.VIBRATION_RMS,3.251,mm/s,GOOD
2025-02-26 17:00:00,PUMP101.VIBRATION_RMS,1.973,mm/s,GOOD
2025-02-26 18:00:00,PUMP101.VIBRATION_RMS,2.224,mm/s,GOOD
2025-02-26 19:00:00,PUMP101.VIBRATION_RMS,2.579,mm/s,GOOD
2025-02-26 20:00:00,PUMP101.VIBRATION_RMS,2.218,mm/s,GOOD
2025-02-26 21:00:00,PUMP101.VIBRATION_RMS,2.892,mm/s,GOOD
2025-02-26 22:00:00,PUMP101.VIBRATION_RMS,2.406,mm/s,GOOD
2025-02-26 23:00:00,PUMP101.VIBRATION_RMS,2.004,mm/s,GOOD
2025-02-27 00:00:00,PUMP101.VIBRATION_RMS,2.533,mm/s,GOOD
2025-02-27 01:00:00,PUMP101.VIBRATION_RMS,2.585,mm/s,GOOD
2025-02-27 02:00:00,PUMP101.VIBRATION_RMS,2.967,mm/s,GOOD
2025-02-27 03:00:00,PUMP101.VIBRATION_RMS,2.697,mm/s,GOOD
2025-02-27 04:00:00,PUMP101.VIBRATION_RMS,2.731,mm/s,GOOD
2025-02-27 05:00:00,PUMP101.VIBRATION_RMS,2.66,mm/s,GOOD
2025-02-27 06:00:00,PUMP101.VIBRATION_RMS,2.406,mm/s,GOOD
2025-02-27 07:00:00,PUMP101.VIBRATION_RMS,2.142,mm/s,GOOD
2025-02-27 08:00:00,PUMP101.VIBRATION_RMS,2.644,mm/s,GOOD
2025-02-27 09:00:00,PUMP101.VIBRATION_RMS,2.333,mm/s,GOOD
2025-02-27 10:00:00,PUMP101.VIBRATION_RMS,3.345,mm/s,GOOD
2025-02-27 11:00:00,PUMP101.VIBRATION_RMS,3.171,mm/s,GOOD
2025-02-27 12:00:00,PUMP101.VIBRATION_RMS,2.816,mm/s,GOOD
2025-02-27 13:00:00,PUMP101.VIBRATION_RMS,2.689,mm/s,GOOD
2025-02-27 14:00:00,PUMP101.VIBRATION_RMS,2.456,mm/s,GOOD
2025-02-27 15:00:00,PUMP101.VIBRATION_RMS,1.869,mm/s,GOOD
2025-02-27 16:00:00,PUMP101.VIBRATION_RMS,2.392,mm/s,GOOD
2025-02-27 17:00:00,PUMP101.VIBRATION_RMS,2.551,mm/s,GOOD
2025-02-27 18:00:00,PUMP101.VIBRATION_RMS,2.615,mm/s,GOOD
2025-02-27 19:00:00,PUMP101.VIBRATION_RMS,2.735,mm/s,GOOD
2025-02-27 20:00:00,PUMP101.VIBRATION_RMS,2.961,mm/s,GOOD
2025-02-27 21:00:00,PUMP101.VIBRATION_RMS,2.154,mm/s,GOOD
2025-02-27 22:00:00,PUMP101.VIBRATION_RMS,2.158,mm/s,GOOD
2025-02-27 23:00:00,PUMP101.VIBRATION_RMS,3.225,mm/s,GOOD
2025-02-28 00:00:00,PUMP101.VIBRATION_RMS,2.885,mm/s,GOOD
2025-02-28 01:00:00,PUMP101.VIBRATION_RMS,2.305,mm/s,GOOD
2025-02-28 02:00:00,PUMP101.VIBRATION_RMS,2.446,mm/s,GOOD
2025-02-28 03:00:00,PUMP101.VIBRATION_RMS,2.449,mm/s,GOOD
2025-02-28 04:00:00,PUMP101.VIBRATION_RMS,2.516,mm/s,GOOD
2025-02-28 05:00:00,PUMP101.VIBRATION_RMS,2.736,mm/s,GOOD
2025-02-28 06:00:00,PUMP101.VIBRATION_RMS,3.767,mm/s,GOOD
2025-02-28 07:00:00,PUMP101.VIBRATION_RMS,2.595,mm/s,GOOD
2025-02-28 08:00:00,PUMP101.VIBRATION_RMS,2.831,mm/s,GOOD
2025-02-28 09:00:00,PUMP101.VIBRATION_RMS,1.657,mm/s,GOOD
2025-02-28 10:00:00,PUMP101.VIBRATION_RMS,2.258,mm/s,GOOD
2025-02-28 11:00:00,PUMP101.VIBRATION_RMS,3.114,mm/s,GOOD
2025-02-28 12:00:00,PUMP101.VIBRATION_RMS,2.701,mm/s,GOOD
2025-02-28 13:00:00,PUMP101.VIBRATION_RMS,0.305,mm/s,BAD
2025-02-28 14:00:00,PUMP101.VIBRATION_RMS,2.837,mm/s,GOOD
2025-02-28 15:00:00,PUMP101.VIBRATION_RMS,3.459,mm/s,GOOD
2025-02-28 16:00:00,PUMP101.VIBRATION_RMS,1.502,mm/s,GOOD
2025-02-28 17:00:00,PUMP101.VIBRATION_RMS,3.26,mm/s,GOOD
2025-02-28 18:00:00,PUMP101.VIBRATION_RMS,1.114,mm/s,GOOD
2025-02-28 19:00:00,PUMP101.VIBRATION_RMS,2.969,mm/s,GOOD
2025-02-28 20:00:00,PUMP101.VIBRATION_RMS,2.496,mm/s,GOOD
2025-02-28 21:00:00,PUMP101.VIBRATION_RMS,1.325,mm/s,GOOD
2025-02-28 22:00:00,PUMP101.VIBRATION_RMS,2.723,mm/s,GOOD
2025-02-28 23:00:00,PUMP101.VIBRATION_RMS,3.075,mm/s,GOOD
2025-03-01 00:00:00,PUMP101.VIBRATION_RMS,2.682,mm/s,GOOD
2025-03-01 01:00:00,PUMP101.VIBRATION_RMS,2.792,mm/s,GOOD
2025-03-01 02:00:00,PUMP101.VIBRATION_RMS,2.294,mm/s,GOOD
2025-03-01 03:00:00,PUMP101.VIBRATION_RMS,1.569,mm/s,GOOD
2025-03-01 04:00:00,PUMP101.VIBRATION_RMS,2.846,mm/s,GOOD
2025-03-01 05:00:00,PUMP101.VIBRATION_RMS,3.375,mm/s,GOOD
2025-03-01 06:00:00,PUMP101.VIBRATION_RMS,3.065,mm/s,GOOD
2025-03-01 07:00:00,PUMP101.VIBRATION_RMS,1.506,mm/s,GOOD
2025-03-01 08:00:00,PUMP101.VIBRATION_RMS,1.743,mm/s,GOOD
2025-03-01 09:00:00,PUMP101.VIBRATION_RMS,2.077,mm/s,GOOD
2025-03-01 10:00:00,PUMP101.VIBRATION_RMS,1.704,mm/s,GOOD
2025-03-01 11:00:00,PUMP101.VIBRATION_RMS,2.522,mm/s,GOOD
2025-03-01 12:00:00,PUMP101.VIBRATION_RMS,2.697,mm/s,GOOD
2025-03-01 13:00:00,PUMP101.VIBRATION_RMS,1.785,mm/s,GOOD
2025-03-01 14:00:00,PUMP101.VIBRATION_RMS,2.889,mm/s,GOOD
2025-03-01 15:00:00,PUMP101.VIBRATION_RMS,2.801,mm/s,GOOD
2025-03-01 16:00:00,PUMP101.VIBRATION_RMS,2.226,mm/s,GOOD
2025-03-01 17:00:00,PUMP101.VIBRATION_RMS,2.414,mm/s,GOOD
2025-03-01 18:00:00,PUMP101.VIBRATION_RMS,1.525,mm/s,GOOD
2025-03-01 19:00:00,PUMP101.VIBRATION_RMS,2.334,mm/s,GOOD
2025-03-01 20:00:00,PUMP101.VIBRATION_RMS,2.504,mm/s,GOOD
2025-03-01 21:00:00,PUMP101.VIBRATION_RMS,2.584,mm/s,GOOD
2025-03-01 22:00:00,PUMP101.VIBRATION_RMS,2.689,mm/s,GOOD
2025-03-01 23:00:00,PUMP101.VIBRATION_RMS,2.622,mm/s,GOOD
2025-03-02 00:00:00,PUMP101.VIBRATION_RMS,2.368,mm/s,GOOD
2025-03-02 01:00:00,PUMP101.VIBRATION_RMS,2.643,mm/s,GOOD
2025-03-02 02:00:00,PUMP101.VIBRATION_RMS,3.001,mm/s,GOOD
2025-03-02 03:00:00,PUMP101.VIBRATION_RMS,2.452,mm/s,GOOD
2025-03-02 04:00:00,PUMP101.VIBRATION_RMS,2.659,mm/s,GOOD
2025-03-02 05:00:00,PUMP101.VIBRATION_RMS,2.407,mm/s,GOOD
2025-03-02 06:00:00,PUMP101.VIBRATION_RMS,2.177,mm/s,GOOD
2025-03-02 07:00:00,PUMP101.VIBRATION_RMS,2.761,mm/s,GOOD
2025-03-02 08:00:00,PUMP101.VIBRATION_RMS,2.222,mm/s,GOOD
2025-03-02 09:00:00,PUMP101.VIBRATION_RMS,2.693,mm/s,GOOD
2025-03-02 10:00:00,PUMP101.VIBRATION_RMS,2.514,mm/s,BAD
2025-03-02 11:00:00,PUMP101.VIBRATION_RMS,2.348,mm/s,GOOD
2025-03-02 12:00:00,PUMP101.VIBRATION_RMS,2.336,mm/s,GOOD
2025-03-02 13:00:00,PUMP101.VIBRATION_RMS,2.246,mm/s,GOOD
2025-03-02 14:00:00,PUMP101.VIBRATION_RMS,1.677,mm/s,GOOD
2025-03-02 15:00:00,PUMP101.VIBRATION_RMS,2.691,mm/s,GOOD
2025-03-02 16:00:00,PUMP101.VIBRATION_RMS,2.616,mm/s,GOOD
2025-03-02 17:00:00,PUMP101.VIBRATION_RMS,2.925,mm/s,GOOD
2025-03-02 18:00:00,PUMP101.VIBRATION_RMS,2.234,mm/s,GOOD
2025-03-02 19:00:00,PUMP101.VIBRATION_RMS,3.448,mm/s,GOOD
2025-03-02 20:00:00,PUMP101.VIBRATION_RMS,2.31,mm/s,GOOD
2025-03-02 21:00:00,PUMP101.VIBRATION_RMS,2.062,mm/s,GOOD
2025-03-02 22:00:00,PUMP101.VIBRATION_RMS,2.003,mm/s,GOOD
2025-03-02 23:00:00,PUMP101.VIBRATION_RMS,1.633,mm/s,GOOD
2025-03-03 00:00:00,PUMP101.VIBRATION_RMS,3.266,mm/s,GOOD
2025-03-03 01:00:00,PUMP101.VIBRATION_RMS,3.186,mm/s,GOOD
2025-03-03 02:00:00,PUMP101.VIBRATION_RMS,2.8,mm/s,GOOD
2025-03-03 03:00:00,PUMP101.VIBRATION_RMS,2.052,mm/s,GOOD
2025-03-03 04:00:00,PUMP101.VIBRATION_RMS,3.406,mm/s,GOOD
2025-03-03 05:00:00,PUMP101.VIBRATION_RMS,2.324,mm/s,GOOD
2025-03-03 06:00:00,PUMP101.VIBRATION_RMS,2.365,mm/s,GOOD
2025-03-03 07:00:00,PUMP101.VIBRATION_RMS,3.219,mm/s,GOOD
2025-03-03 08:00:00,PUMP101.VIBRATION_RMS,2.829,mm/s,GOOD
2025-03-03 09:00:00,PUMP101.VIBRATION_RMS,3.601,mm/s,GOOD
2025-03-03 10:00:00,PUMP101.VIBRATION_RMS,2.624,mm/s,GOOD
2025-03-03 11:00:00,PUMP101.VIBRATION_RMS,2.301,mm/s,GOOD
2025-03-03 12:00:00,PUMP101.VIBRATION_RMS,2.194,mm/s,GOOD
2025-03-03 13:00:00,PUMP101.VIBRATION_RMS,1.577,mm/s,GOOD
2025-03-03 14:00:00,PUMP101.VIBRATION_RMS,2.361,mm/s,GOOD
2025-03-03 15:00:00,PUMP101.VIBRATION_RMS,3.072,mm/s,GOOD
2025-03-03 16:00:00,PUMP101.VIBRATION_RMS,2.799,mm/s,GOOD
2025-03-03 17:00:00,PUMP101.VIBRATION_RMS,2.51,mm/s,GOOD
2025-03-03 18:00:00,PUMP101.VIBRATION_RMS,2.003,mm/s,GOOD
2025-03-03 19:00:00,PUMP101.VIBRATION_RMS,2.613,mm/s,GOOD
2025-03-03 20:00:00,PUMP101.VIBRATION_RMS,3.006,mm/s,GOOD
2025-03-03 21:00:00,PUMP101.VIBRATION_RMS,2.715,mm/s,GOOD
2025-03-03 22:00:00,PUMP101.VIBRATION_RMS,2.583,mm/s,GOOD
2025-03-03 23:00:00,PUMP101.VIBRATION_RMS,2.102,mm/s,GOOD
2025-03-04 00:00:00,PUMP101.VIBRATION_RMS,2.934,mm/s,GOOD
2025-03-04 01:00:00,PUMP101.VIBRATION_RMS,0.934,mm/s,GOOD
2025-03-04 02:00:00,PUMP101.VIBRATION_RMS,2.691,mm/s,GOOD
2025-03-04 03:00:00,PUMP101.VIBRATION_RMS,3.785,mm/s,BAD
2025-03-04 04:00:00,PUMP101.VIBRATION_RMS,1.746,mm/s,GOOD
2025-03-04 05:00:00,PUMP101.VIBRATION_RMS,2.379,mm/s,GOOD
2025-03-04 06:00:00,PUMP101.VIBRATION_RMS,2.496,mm/s,GOOD
2025-03-04 07:00:00,PUMP101.VIBRATION_RMS,2.269,mm/s,GOOD
2025-03-04 08:00:00,PUMP101.VIBRATION_RMS,3.018,mm/s,GOOD
2025-03-04 09:00:00,PUMP101.VIBRATION_RMS,2.736,mm/s,GOOD
2025-03-04 10:00:00,PUMP101.VIBRATION_RMS,2.576,mm/s,GOOD
2025-03-04 11:00:00,PUMP101.VIBRATION_RMS,2.899,mm/s,GOOD
2025-03-04 12:00:00,PUMP101.VIBRATION_RMS,2.508,mm/s,GOOD
2025-03-04 13:00:00,PUMP101.VIBRATION_RMS,4.09,mm/s,GOOD
2025-03-04 14:00:00,PUMP101.VIBRATION_RMS,2.576,mm/s,GOOD
2025-03-04 15:00:00,PUMP101.VIBRATION_RMS,2.598,mm/s,GOOD
2025-03-04 16:00:00,PUMP101.VIBRATION_RMS,1.645,mm/s,GOOD
2025-03-04 17:00:00,PUMP101.VIBRATION_RMS,2.228,mm/s,GOOD
2025-03-04 18:00:00,PUMP101.VIBRATION_RMS,3.074,mm/s,GOOD
2025-03-04 19:00:00,PUMP101.VIBRATION_RMS,1.832,mm/s,GOOD
2025-03-04 20:00:00,PUMP101.VIBRATION_RMS,1.421,mm/s,GOOD
2025-03-04 21:00:00,PUMP101.VIBRATION_RMS,2.516,mm/s,GOOD
2025-03-04 22:00:00,PUMP101.VIBRATION_RMS,3.185,mm/s,GOOD
2025-03-04 23:00:00,PUMP101.VIBRATION_RMS,2.521,mm/s,BAD
2025-03-05 00:00:00,PUMP101.VIBRATION_RMS,2.332,mm/s,GOOD
2025-03-05 01:00:00,PUMP101.VIBRATION_RMS,1.571,mm/s,GOOD
2025-03-05 02:00:00,PUMP101.VIBRATION_RMS,2.726,mm/s,GOOD
2025-03-05 03:00:00,PUMP101.VIBRATION_RMS,2.831,mm/s,GOOD
2025-03-05 04:00:00,PUMP101.VIBRATION_RMS,1.609,mm/s,GOOD
2025-03-05 05:00:00,PUMP101.VIBRATION_RMS,3.067,mm/s,GOOD
2025-03-05 06:00:00,PUMP101.VIBRATION_RMS,2.883,mm/s,GOOD
2025-03-05 07:00:00,PUMP101.VIBRATION_RMS,3.066,mm/s,GOOD
2025-03-05 08:00:00,PUMP101.VIBRATION_RMS,2.792,mm/s,GOOD
2025-03-05 09:00:00,PUMP101.VIBRATION_RMS,2.827,mm/s,GOOD
2025-03-05 10:00:00,PUMP101.VIBRATION_RMS,2.76,mm/s,GOOD
2025-03-05 11:00:00,PUMP101.VIBRATION_RMS,2.934,mm/s,GOOD
2025-03-05 12:00:00,PUMP101.VIBRATION_RMS,1.591,mm/s,GOOD
2025-03-05 13:00:00,PUMP101.VIBRATION_RMS,1.749,mm/s,GOOD
2025-03-05 14:00:00,PUMP101.VIBRATION_RMS,2.132,mm/s,GOOD
2025-03-05 15:00:00,PUMP101.VIBRATION_RMS,2.435,mm/s,GOOD
2025-03-05 16:00:00,PUMP101.VIBRATION_RMS,2.694,mm/s,GOOD
2025-03-05 17:00:00,PUMP101.VIBRATION_RMS,2.662,mm/s,GOOD
2025-03-05 18:00:00,PUMP101.VIBRATION_RMS,3.059,mm/s,GOOD
2025-03-05 19:00:00,PUMP101.VIBRATION_RMS,3.074,mm/s,GOOD
2025-03-05 20:00:00,PUMP101.VIBRATION_RMS,2.064,mm/s,GOOD
2025-03-05 21:00:00,PUMP101.VIBRATION_RMS,2.619,mm/s,GOOD
2025-03-05 22:00:00,PUMP101.VIBRATION_RMS,2.076,mm/s,GOOD
2025-03-05 23:00:00,PUMP101.VIBRATION_RMS,2.406,mm/s,GOOD
2025-03-06 00:00:00,PUMP101.VIBRATION_RMS,2.661,mm/s,GOOD
2025-03-06 01:00:00,PUMP101.VIBRATION_RMS,0.796,mm/s,GOOD
2025-03-06 02:00:00,PUMP101.VIBRATION_RMS,3.706,mm/s,GOOD
2025-03-06 03:00:00,PUMP101.VIBRATION_RMS,2.783,mm/s,GOOD
2025-03-06 04:00:00,PUMP101.VIBRATION_RMS,2.202,mm/s,GOOD
2025-03-06 05:00:00,PUMP101.VIBRATION_RMS,3.464,mm/s,GOOD
2025-03-06 06:00:00,PUMP101.VIBRATION_RMS,2.326,mm/s,GOOD
2025-03-06 07:00:00,PUMP101.VIBRATION_RMS,2.566,mm/s,GOOD
2025-03-06 08:00:00,PUMP101.VIBRATION_RMS,2.256,mm/s,GOOD
2025-03-06 09:00:00,PUMP101.VIBRATION_RMS,3.326,mm/s,GOOD
2025-03-06 10:00:00,PUMP101.VIBRATION_RMS,2.448,mm/s,GOOD
2025-03-06 11:00:00,PUMP101.VIBRATION_RMS,2.575,mm/s,GOOD
2025-03-06 12:00:00,PUMP101.VIBRATION_RMS,3.102,mm/s,GOOD
2025-03-06 13:00:00,PUMP101.VIBRATION_RMS,2.793,mm/s,GOOD
2025-03-06 14:00:00,PUMP101.VIBRATION_RMS,2.473,mm/s,GOOD
2025-03-06 15:00:00,PUMP101.VIBRATION_RMS,3.055,mm/s,GOOD
2025-03-06 16:00:00,PUMP101.VIBRATION_RMS,3.769,mm/s,GOOD
2025-03-06 17:00:00,PUMP101.VIBRATION_RMS,2.659,mm/s,BAD
2025-03-06 18:00:00,PUMP101.VIBRATION_RMS,2.558,mm/s,GOOD
2025-03-06 19:00:00,PUMP101.VIBRATION_RMS,2.585,mm/s,GOOD
2025-03-06 20:00:00,PUMP101.VIBRATION_RMS,3.155,mm/s,GOOD
2025-03-06 21:00:00,PUMP101.VIBRATION_RMS,2.2,mm/s,GOOD
2025-03-06 22:00:00,PUMP101.VIBRATION_RMS,2.361,mm/s,GOOD
2025-03-06 23:00:00,PUMP101.VIBRATION_RMS,1.731,mm/s,GOOD
2025-03-07 00:00:00,PUMP101.VIBRATION_RMS,1.908,mm/s,GOOD
2025-03-07 01:00:00,PUMP101.VIBRATION_RMS,2.241,mm/s,GOOD
2025-03-07 02:00:00,PUMP101.VIBRATION_RMS,2.472,mm/s,GOOD
2025-03-07 03:00:00,PUMP101.VIBRATION_RMS,3.385,mm/s,GOOD
2025-03-07 04:00:00,PUMP101.VIBRATION_RMS,2.768,mm/s,GOOD
2025-03-07 05:00:00,PUMP101.VIBRATION_RMS,2.044,mm/s,GOOD
2025-03-07 06:00:00,PUMP101.VIBRATION_RMS,2.136,mm/s,GOOD
2025-03-07 07:00:00,PUMP101.VIBRATION_RMS,3.187,mm/s,GOOD
2025-03-07 08:00:00,PUMP101.VIBRATION_RMS,3.063,mm/s,GOOD
2025-03-07 09:00:00,PUMP101.VIBRATION_RMS,2.514,mm/s,GOOD
2025-03-07 10:00:00,PUMP101.VIBRATION_RMS,2.279,mm/s,GOOD
2025-03-07 11:00:00,PUMP101.VIBRATION_RMS,3.062,mm/s,GOOD
2025-03-07 12:00:00,PUMP101.VIBRATION_RMS,2.003,mm/s,GOOD
2025-03-07 13:00:00,PUMP101.VIBRATION_RMS,2.696,mm/s,GOOD
2025-03-07 14:00:00,PUMP101.VIBRATION_RMS,3.636,mm/s,GOOD
2025-03-07 15:00:00,PUMP101.VIBRATION_RMS,2.603,mm/s,GOOD
2025-03-07 16:00:00,PUMP101.VIBRATION_RMS,2.112,mm/s,GOOD
2025-03-07 17:00:00,PUMP101.VIBRATION_RMS,2.705,mm/s,GOOD
2025-03-07 18:00:00,PUMP101.VIBRATION_RMS,2.265,mm/s,GOOD
2025-03-07 19:00:00,PUMP101.VIBRATION_RMS,1.803,mm/s,GOOD
2025-03-07 20:00:00,PUMP101.VIBRATION_RMS,2.851,mm/s,GOOD
2025-03-07 21:00:00,PUMP101.VIBRATION_RMS,3.059,mm/s,GOOD
2025-03-07 22:00:00,PUMP101.VIBRATION_RMS,2.345,mm/s,GOOD
2025-03-07 23:00:00,PUMP101.VIBRATION_RMS,2.311,mm/s,GOOD
2025-03-08 00:00:00,PUMP101.VIBRATION_RMS,2.019,mm/s,GOOD
2025-03-08 01:00:00,PUMP101.VIBRATION_RMS,2.425,mm/s,GOOD
2025-03-08 02:00:00,PUMP101.VIBRATION_RMS,2.219,mm/s,GOOD
2025-03-08 03:00:00,PUMP101.VIBRATION_RMS,1.994,mm/s,GOOD
2025-03-08 04:00:00,PUMP101.VIBRATION_RMS,3.446,mm/s,GOOD
2025-03-08 05:00:00,PUMP101.VIBRATION_RMS,2.733,mm/s,GOOD
2025-03-08 06:00:00,PUMP101.VIBRATION_RMS,2.786,mm/s,GOOD
2025-03-08 07:00:00,PUMP101.VIBRATION_RMS,2.942,mm/s,GOOD
2025-03-08 08:00:00,PUMP101.VIBRATION_RMS,2.886,mm/s,GOOD
2025-03-08 09:00:00,PUMP101.VIBRATION_RMS,2.293,mm/s,GOOD
2025-03-08 10:00:00,PUMP101.VIBRATION_RMS,2.636,mm/s,GOOD
2025-03-08 11:00:00,PUMP101.VIBRATION_RMS,2.365,mm/s,GOOD
2025-03-08 12:00:00,PUMP101.VIBRATION_RMS,2.719,mm/s,GOOD
2025-03-08 13:00:00,PUMP101.VIBRATION_RMS,2.671,mm/s,GOOD
2025-03-08 14:00:00,PUMP101.VIBRATION_RMS,2.309,mm/s,GOOD
2025-03-08 15:00:00,PUMP101.VIBRATION_RMS,1.835,mm/s,GOOD
2025-03-08 16:00:00,PUMP101.VIBRATION_RMS,2.573,mm/s,GOOD
2025-03-08 17:00:00,PUMP101.VIBRATION_RMS,2.398,mm/s,GOOD
2025-03-08 18:00:00,PUMP101.VIBRATION_RMS,1.555,mm/s,GOOD
2025-03-08 19:00:00,PUMP101.VIBRATION_RMS,2.754,mm/s,GOOD
2025-03-08 20:00:00,PUMP101.VIBRATION_RMS,2.983,mm/s,GOOD
2025-03-08 21:00:00,PUMP101.VIBRATION_RMS,3.764,mm/s,GOOD
2025-03-08 22:00:00,PUMP101.VIBRATION_RMS,2.304,mm/s,GOOD
2025-03-08 23:00:00,PUMP101.VIBRATION_RMS,2.231,mm/s,GOOD
2025-03-09 00:00:00,PUMP101.VIBRATION_RMS,1.945,mm/s,GOOD
2025-03-09 01:00:00,PUMP101.VIBRATION_RMS,2.604,mm/s,GOOD
2025-03-09 02:00:00,PUMP101.VIBRATION_RMS,2.601,mm/s,GOOD
2025-03-09 03:00:00,PUMP101.VIBRATION_RMS,2.094,mm/s,GOOD
2025-03-09 04:00:00,PUMP101.VIBRATION_RMS,2.413,mm/s,GOOD
2025-03-09 05:00:00,PUMP101.VIBRATION_RMS,1.511,mm/s,GOOD
2025-03-09 06:00:00,PUMP101.VIBRATION_RMS,2.963,mm/s,GOOD
2025-03-09 07:00:00,PUMP101.VIBRATION_RMS,2.115,mm/s,GOOD
2025-03-09 08:00:00,PUMP101.VIBRATION_RMS,2.483,mm/s,GOOD
2025-03-09 09:00:00,PUMP101.VIBRATION_RMS,1.787,mm/s,GOOD
2025-03-09 10:00:00,PUMP101.VIBRATION_RMS,2.209,mm/s,GOOD
2025-03-09 11:00:00,PUMP101.VIBRATION_RMS,2.36,mm/s,GOOD
2025-03-09 12:00:00,PUMP101.VIBRATION_RMS,2.494,mm/s,GOOD
2025-03-09 13:00:00,PUMP101.VIBRATION_RMS,2.74,mm/s,GOOD
2025-03-09 14:00:00,PUMP101.VIBRATION_RMS,3.22,mm/s,GOOD
2025-03-09 15:00:00,PUMP101.VIBRATION_RMS,2.866,mm/s,GOOD
2025-03-09 16:00:00,PUMP101.VIBRATION_RMS,2.981,mm/s,GOOD
2025-03-09 17:00:00,PUMP101.VIBRATION_RMS,3.223,mm/s,GOOD
2025-03-09 18:00:00,PUMP101.VIBRATION_RMS,2.785,mm/s,GOOD
2025-03-09 19:00:00,PUMP101.VIBRATION_RMS,2.482,mm/s,GOOD
2025-03-09 20:00:00,PUMP101.VIBRATION_RMS,3.005,mm/s,GOOD
2025-03-09 21:00:00,PUMP101.VIBRATION_RMS,3.037,mm/s,GOOD
2025-03-09 22:00:00,PUMP101.VIBRATION_RMS,2.824,mm/s,GOOD
2025-03-09 23:00:00,PUMP101.VIBRATION_RMS,1.773,mm/s,GOOD
2025-03-10 00:00:00,PUMP101.VIBRATION_RMS,2.079,mm/s,GOOD
2025-03-10 01:00:00,PUMP101.VIBRATION_RMS,2.363,mm/s,GOOD
2025-03-10 02:00:00,PUMP101.VIBRATION_RMS,2.89,mm/s,GOOD
2025-03-10 03:00:00,PUMP101.VIBRATION_RMS,2.489,mm/s,GOOD
2025-03-10 04:00:00,PUMP101.VIBRATION_RMS,3.068,mm/s,GOOD
2025-03-10 05:00:00,PUMP101.VIBRATION_RMS,3.158,mm/s,GOOD
2025-03-10 06:00:00,PUMP101.VIBRATION_RMS,3.1,mm/s,GOOD
2025-03-10 07:00:00,PUMP101.VIBRATION_RMS,3.103,mm/s,GOOD
2025-03-10 08:00:00,PUMP101.VIBRATION_RMS,1.982,mm/s,GOOD
2025-03-10 09:00:00,PUMP101.VIBRATION_RMS,2.741,mm/s,GOOD
2025-03-10 10:00:00,PUMP101.VIBRATION_RMS,2.196,mm/s,GOOD
2025-03-10 11:00:00,PUMP101.VIBRATION_RMS,1.675,mm/s,GOOD
2025-03-10 12:00:00,PUMP101.VIBRATION_RMS,2.356,mm/s,GOOD
2025-03-10 13:00:00,PUMP101.VIBRATION_RMS,3.162,mm/s,GOOD
2025-03-10 14:00:00,PUMP101.VIBRATION_RMS,2.73,mm/s,GOOD
2025-03-10 15:00:00,PUMP101.VIBRATION_RMS,3.509,mm/s,GOOD
2025-03-10 16:00:00,PUMP101.VIBRATION_RMS,2.589,mm/s,GOOD
2025-03-10 17:00:00,PUMP101.VIBRATION_RMS,3.724,mm/s,GOOD
2025-03-10 18:00:00,PUMP101.VIBRATION_RMS,2.589,mm/s,GOOD
2025-03-10 19:00:00,PUMP101.VIBRATION_RMS,2.511,mm/s,GOOD
2025-03-10 20:00:00,PUMP101.VIBRATION_RMS,1.86,mm/s,GOOD
2025-03-10 21:00:00,PUMP101.VIBRATION_RMS,3.055,mm/s,GOOD
2025-03-10 22:00:00,PUMP101.VIBRATION_RMS,2.249,mm/s,GOOD
2025-03-10 23:00:00,PUMP101.VIBRATION_RMS,2.176,mm/s,GOOD
2025-03-11 00:00:00,PUMP101.VIBRATION_RMS,3.141,mm/s,GOOD
2025-03-11 01:00:00,PUMP101.VIBRATION_RMS,3.079,mm/s,GOOD
2025-03-11 02:00:00,PUMP101.VIBRATION_RMS,3.066,mm/s,GOOD
2025-03-11 03:00:00,PUMP101.VIBRATION_RMS,2.319,mm/s,GOOD
2025-03-11 04:00:00,PUMP101.VIBRATION_RMS,2.475,mm/s,GOOD
2025-03-11 05:00:00,PUMP101.VIBRATION_RMS,2.47,mm/s,GOOD
2025-03-11 06:00:00,PUMP101.VIBRATION_RMS,2.891,mm/s,GOOD
2025-03-11 07:00:00,PUMP101.VIBRATION_RMS,3.277,mm/s,GOOD
2025-03-11 08:00:00,PUMP101.VIBRATION_RMS,2.684,mm/s,GOOD
2025-03-11 09:00:00,PUMP101.VIBRATION_RMS,3.487,mm/s,GOOD
2025-03-11 10:00:00,PUMP101.VIBRATION_RMS,2.949,mm/s,GOOD
2025-03-11 11:00:00,PUMP101.VIBRATION_RMS,2.383,mm/s,GOOD
2025-03-11 12:00:00,PUMP101.VIBRATION_RMS,2.914,mm/s,GOOD
2025-03-11 13:00:00,PUMP101.VIBRATION_RMS,3.353,mm/s,GOOD
2025-03-11 14:00:00,PUMP101.VIBRATION_RMS,3.499,mm/s,GOOD
2025-03-11 15:00:00,PUMP101.VIBRATION_RMS,3.093,mm/s,GOOD
2025-03-11 16:00:00,PUMP101.VIBRATION_RMS,2.513,mm/s,GOOD
2025-03-11 17:00:00,PUMP101.VIBRATION_RMS,2.392,mm/s,GOOD
2025-03-11 18:00:00,PUMP101.VIBRATION_RMS,2.788,mm/s,GOOD
2025-03-11 19:00:00,PUMP101.VIBRATION_RMS,3.337,mm/s,GOOD
2025-03-11 20:00:00,PUMP101.VIBRATION_RMS,2.717,mm/s,GOOD
2025-03-11 21:00:00,PUMP101.VIBRATION_RMS,2.727,mm/s,GOOD
2025-03-11 22:00:00,PUMP101.VIBRATION_RMS,2.526,mm/s,GOOD
2025-03-11 23:00:00,PUMP101.VIBRATION_RMS,2.336,mm/s,GOOD
2025-03-12 00:00:00,PUMP101.VIBRATION_RMS,2.419,mm/s,GOOD
2025-03-12 01:00:00,PUMP101.VIBRATION_RMS,2.568,mm/s,GOOD
2025-03-12 02:00:00,PUMP101.VIBRATION_RMS,3.359,mm/s,GOOD
2025-03-12 03:00:00,PUMP101.VIBRATION_RMS,2.38,mm/s,GOOD
2025-03-12 04:00:00,PUMP101.VIBRATION_RMS,2.526,mm/s,GOOD
2025-03-12 05:00:00,PUMP101.VIBRATION_RMS,2.067,mm/s,GOOD
2025-03-12 06:00:00,PUMP101.VIBRATION_RMS,2.858,mm/s,GOOD
2025-03-12 07:00:00,PUMP101.VIBRATION_RMS,3.183,mm/s,GOOD
2025-03-12 08:00:00,PUMP101.VIBRATION_RMS,3.312,mm/s,GOOD
2025-03-12 09:00:00,PUMP101.VIBRATION_RMS,2.602,mm/s,GOOD
2025-03-12 10:00:00,PUMP101.VIBRATION_RMS,2.787,mm/s,GOOD
2025-03-12 11:00:00,PUMP101.VIBRATION_RMS,2.423,mm/s,GOOD
2025-03-12 12:00:00,PUMP101.VIBRATION_RMS,2.764,mm/s,GOOD
2025-03-12 13:00:00,PUMP101.VIBRATION_RMS,2.657,mm/s,GOOD
2025-03-12 14:00:00,PUMP101.VIBRATION_RMS,2.529,mm/s,GOOD
2025-03-12 15:00:00,PUMP101.VIBRATION_RMS,2.569,mm/s,GOOD
2025-03-12 16:00:00,PUMP101.VIBRATION_RMS,2.726,mm/s,GOOD
2025-03-12 17:00:00,PUMP101.VIBRATION_RMS,2.353,mm/s,GOOD
2025-03-12 18:00:00,PUMP101.VIBRATION_RMS,2.379,mm/s,GOOD
2025-03-12 19:00:00,PUMP101.VIBRATION_RMS,3.354,mm/s,GOOD
2025-03-12 20:00:00,PUMP101.VIBRATION_RMS,3.855,mm/s,GOOD
2025-03-12 21:00:00,PUMP101.VIBRATION_RMS,1.898,mm/s,GOOD
2025-03-12 22:00:00,PUMP101.VIBRATION_RMS,1.87,mm/s,GOOD
2025-03-12 23:00:00,PUMP101.VIBRATION_RMS,2.021,mm/s,GOOD
2025-03-13 00:00:00,PUMP101.VIBRATION_RMS,2.448,mm/s,GOOD
2025-03-13 01:00:00,PUMP101.VIBRATION_RMS,2.948,mm/s,GOOD
2025-03-13 02:00:00,PUMP101.VIBRATION_RMS,2.796,mm/s,GOOD
2025-03-13 03:00:00,PUMP101.VIBRATION_RMS,2.586,mm/s,GOOD
2025-03-13 04:00:00,PUMP101.VIBRATION_RMS,2.764,mm/s,GOOD
2025-03-13 05:00:00,PUMP101.VIBRATION_RMS,2.154,mm/s,GOOD
2025-03-13 06:00:00,PUMP101.VIBRATION_RMS,2.378,mm/s,GOOD
2025-03-13 07:00:00,PUMP101.VIBRATION_RMS,2.49,mm/s,GOOD
2025-03-13 08:00:00,PUMP101.VIBRATION_RMS,1.708,mm/s,GOOD
2025-03-13 09:00:00,PUMP101.VIBRATION_RMS,1.919,mm/s,GOOD
2025-03-13 10:00:00,PUMP101.VIBRATION_RMS,1.939,mm/s,GOOD
2025-03-13 11:00:00,PUMP101.VIBRATION_RMS,2.882,mm/s,GOOD
2025-03-13 12:00:00,PUMP101.VIBRATION_RMS,2.623,mm/s,GOOD
2025-03-13 13:00:00,PUMP101.VIBRATION_RMS,2.806,mm/s,GOOD
2025-03-13 14:00:00,PUMP101.VIBRATION_RMS,1.58,mm/s,GOOD
2025-03-13 15:00:00,PUMP101.VIBRATION_RMS,1.758,mm/s,GOOD
2025-03-13 16:00:00,PUMP101.VIBRATION_RMS,2.832,mm/s,GOOD
2025-03-13 17:00:00,PUMP101.VIBRATION_RMS,1.111,mm/s,GOOD
2025-03-13 18:00:00,PUMP101.VIBRATION_RMS,3.112,mm/s,GOOD
2025-03-13 19:00:00,PUMP101.VIBRATION_RMS,1.588,mm/s,GOOD
2025-03-13 20:00:00,PUMP101.VIBRATION_RMS,2.922,mm/s,GOOD
2025-03-13 21:00:00,PUMP101.VIBRATION_RMS,2.056,mm/s,GOOD
2025-03-13 22:00:00,PUMP101.VIBRATION_RMS,3.024,mm/s,GOOD
2025-03-13 23:00:00,PUMP101.VIBRATION_RMS,4.104,mm/s,GOOD
2025-03-14 00:00:00,PUMP101.VIBRATION_RMS,1.363,mm/s,GOOD
2025-03-14 01:00:00,PUMP101.VIBRATION_RMS,2.848,mm/s,GOOD
2025-03-14 02:00:00,PUMP101.VIBRATION_RMS,1.596,mm/s,GOOD
2025-03-14 03:00:00,PUMP101.VIBRATION_RMS,2.713,mm/s,GOOD
2025-03-14 04:00:00,PUMP101.VIBRATION_RMS,2.397,mm/s,GOOD
2025-03-14 05:00:00,PUMP101.VIBRATION_RMS,2.565,mm/s,GOOD
2025-03-14 06:00:00,PUMP101.VIBRATION_RMS,2.044,mm/s,GOOD
2025-03-14 07:00:00,PUMP101.VIBRATION_RMS,2.89,mm/s,GOOD
2025-03-14 08:00:00,PUMP101.VIBRATION_RMS,1.776,mm/s,GOOD
2025-03-14 09:00:00,PUMP101.VIBRATION_RMS,3.121,mm/s,GOOD
2025-03-14 10:00:00,PUMP101.VIBRATION_RMS,2.295,mm/s,GOOD
2025-03-14 11:00:00,PUMP101.VIBRATION_RMS,1.799,mm/s,GOOD
2025-03-14 12:00:00,PUMP101.VIBRATION_RMS,3.297,mm/s,GOOD
2025-03-14 13:00:00,PUMP101.VIBRATION_RMS,2.466,mm/s,GOOD
2025-03-14 14:00:00,PUMP101.VIBRATION_RMS,3.454,mm/s,GOOD
2025-03-14 15:00:00,PUMP101.VIBRATION_RMS,3.111,mm/s,GOOD
2025-03-14 16:00:00,PUMP101.VIBRATION_RMS,2.101,mm/s,GOOD
2025-03-14 17:00:00,PUMP101.VIBRATION_RMS,2.458,mm/s,GOOD
2025-03-14 18:00:00,PUMP101.VIBRATION_RMS,2.561,mm/s,GOOD
2025-03-14 19:00:00,PUMP101.VIBRATION_RMS,3.263,mm/s,GOOD
2025-03-14 20:00:00,PUMP101.VIBRATION_RMS,2.719,mm/s,GOOD
2025-03-14 21:00:00,PUMP101.VIBRATION_RMS,2.588,mm/s,GOOD
2025-03-14 22:00:00,PUMP101.VIBRATION_RMS,2.4,mm/s,GOOD
2025-03-14 23:00:00,PUMP101.VIBRATION_RMS,2.475,mm/s,GOOD
2025-03-15 00:00:00,PUMP101.VIBRATION_RMS,3.152,mm/s,GOOD
2025-03-15 01:00:00,PUMP101.VIBRATION_RMS,2.502,mm/s,GOOD
2025-03-15 02:00:00,PUMP101.VIBRATION_RMS,2.303,mm/s,GOOD
2025-03-15 03:00:00,PUMP101.VIBRATION_RMS,2.218,mm/s,GOOD
2025-03-15 04:00:00,PUMP101.VIBRATION_RMS,2.223,mm/s,GOOD
2025-03-15 05:00:00,PUMP101.VIBRATION_RMS,1.799,mm/s,GOOD
2025-03-15 06:00:00,PUMP101.VIBRATION_RMS,2.125,mm/s,GOOD
2025-03-15 07:00:00,PUMP101.VIBRATION_RMS,3.249,mm/s,GOOD
2025-03-15 08:00:00,PUMP101.VIBRATION_RMS,2.397,mm/s,GOOD
2025-03-15 09:00:00,PUMP101.VIBRATION_RMS,2.852,mm/s,GOOD
2025-03-15 10:00:00,PUMP101.VIBRATION_RMS,1.261,mm/s,GOOD
2025-03-15 11:00:00,PUMP101.VIBRATION_RMS,2.784,mm/s,GOOD
2025-03-15 12:00:00,PUMP101.VIBRATION_RMS,2.419,mm/s,GOOD
2025-03-15 13:00:00,PUMP101.VIBRATION_RMS,2.259,mm/s,GOOD
2025-03-15 14:00:00,PUMP101.VIBRATION_RMS,2.59,mm/s,GOOD
2025-03-15 15:00:00,PUMP101.VIBRATION_RMS,2.252,mm/s,GOOD
2025-03-15 16:00:00,PUMP101.VIBRATION_RMS,1.438,mm/s,GOOD
2025-03-15 17:00:00,PUMP101.VIBRATION_RMS,2.961,mm/s,GOOD
2025-03-15 18:00:00,PUMP101.VIBRATION_RMS,2.622,mm/s,BAD
2025-03-15 19:00:00,PUMP101.VIBRATION_RMS,2.343,mm/s,GOOD
2025-03-15 20:00:00,PUMP101.VIBRATION_RMS,2.017,mm/s,GOOD
2025-03-15 21:00:00,PUMP101.VIBRATION_RMS,1.765,mm/s,GOOD
2025-03-15 22:00:00,PUMP101.VIBRATION_RMS,2.612,mm/s,GOOD
2025-03-15 23:00:00,PUMP101.VIBRATION_RMS,3.307,mm/s,BAD
2025-03-16 00:00:00,PUMP101.VIBRATION_RMS,2.602,mm/s,GOOD
2025-03-16 01:00:00,PUMP101.VIBRATION_RMS,1.809,mm/s,GOOD
2025-03-16 02:00:00,PUMP101.VIBRATION_RMS,2.613,mm/s,GOOD
2025-03-16 03:00:00,PUMP101.VIBRATION_RMS,2.473,mm/s,GOOD
2025-03-16 04:00:00,PUMP101.VIBRATION_RMS,2.932,mm/s,GOOD
2025-03-16 05:00:00,PUMP101.VIBRATION_RMS,2.803,mm/s,GOOD
2025-03-16 06:00:00,PUMP101.VIBRATION_RMS,1.007,mm/s,GOOD
2025-03-16 07:00:00,PUMP101.VIBRATION_RMS,2.773,mm/s,GOOD
2025-03-16 08:00:00,PUMP101.VIBRATION_RMS,1.998,mm/s,GOOD
2025-03-16 09:00:00,PUMP101.VIBRATION_RMS,1.789,mm/s,GOOD
2025-03-16 10:00:00,PUMP101.VIBRATION_RMS,2.406,mm/s,GOOD
2025-03-16 11:00:00,PUMP101.VIBRATION_RMS,2.705,mm/s,GOOD
2025-03-16 12:00:00,PUMP101.VIBRATION_RMS,1.68,mm/s,GOOD
2025-03-16 13:00:00,PUMP101.VIBRATION_RMS,2.852,mm/s,GOOD
2025-03-16 14:00:00,PUMP101.VIBRATION_RMS,2.882,mm/s,GOOD
2025-03-16 15:00:00,PUMP101.VIBRATION_RMS,2.523,mm/s,GOOD
2025-03-16 16:00:00,PUMP101.VIBRATION_RMS,2.066,mm/s,GOOD
2025-03-16 17:00:00,PUMP101.VIBRATION_RMS,2.01,mm/s,GOOD
2025-03-16 18:00:00,PUMP101.VIBRATION_RMS,3.013,mm/s,GOOD
2025-03-16 19:00:00,PUMP101.VIBRATION_RMS,1.744,mm/s,GOOD
2025-03-16 20:00:00,PUMP101.VIBRATION_RMS,3.032,mm/s,GOOD
2025-03-16 21:00:00,PUMP101.VIBRATION_RMS,2.417,mm/s,GOOD
2025-03-16 22:00:00,PUMP101.VIBRATION_RMS,2.452,mm/s,GOOD
2025-03-16 23:00:00,PUMP101.VIBRATION_RMS,1.646,mm/s,GOOD
2025-03-17 00:00:00,PUMP101.VIBRATION_RMS,2.427,mm/s,GOOD
2025-03-17 01:00:00,PUMP101.VIBRATION_RMS,2.807,mm/s,GOOD
2025-03-17 02:00:00,PUMP101.VIBRATION_RMS,1.832,mm/s,GOOD
2025-03-17 03:00:00,PUMP101.VIBRATION_RMS,2.749,mm/s,GOOD
2025-03-17 04:00:00,PUMP101.VIBRATION_RMS,2.545,mm/s,GOOD
2025-03-17 05:00:00,PUMP101.VIBRATION_RMS,2.178,mm/s,GOOD
2025-03-17 06:00:00,PUMP101.VIBRATION_RMS,2.927,mm/s,GOOD
2025-03-17 07:00:00,PUMP101.VIBRATION_RMS,1.399,mm/s,GOOD
2025-03-17 08:00:00,PUMP101.VIBRATION_RMS,2.673,mm/s,GOOD
2025-03-17 09:00:00,PUMP101.VIBRATION_RMS,3.31,mm/s,GOOD
2025-03-17 10:00:00,PUMP101.VIBRATION_RMS,3.22,mm/s,GOOD
2025-03-17 11:00:00,PUMP101.VIBRATION_RMS,2.695,mm/s,GOOD
2025-03-17 12:00:00,PUMP101.VIBRATION_RMS,2.349,mm/s,GOOD
2025-03-17 13:00:00,PUMP101.VIBRATION_RMS,2.182,mm/s,GOOD
2025-03-17 14:00:00,PUMP101.VIBRATION_RMS,2.349,mm/s,GOOD
2025-03-17 15:00:00,PUMP101.VIBRATION_RMS,2.772,mm/s,GOOD
2025-03-17 16:00:00,PUMP101.VIBRATION_RMS,2.096,mm/s,GOOD
2025-03-17 17:00:00,PUMP101.VIBRATION_RMS,2.879,mm/s,GOOD
2025-03-17 18:00:00,PUMP101.VIBRATION_RMS,3.567,mm/s,GOOD
2025-03-17 19:00:00,PUMP101.VIBRATION_RMS,2.469,mm/s,GOOD
2025-03-17 20:00:00,PUMP101.VIBRATION_RMS,1.828,mm/s,GOOD
2025-03-17 21:00:00,PUMP101.VIBRATION_RMS,1.828,mm/s,GOOD
2025-03-17 22:00:00,PUMP101.VIBRATION_RMS,2.888,mm/s,GOOD
2025-03-17 23:00:00,PUMP101.VIBRATION_RMS,2.47,mm/s,GOOD
2025-03-18 00:00:00,PUMP101.VIBRATION_RMS,2.938,mm/s,GOOD
2025-03-18 01:00:00,PUMP101.VIBRATION_RMS,2.233,mm/s,GOOD
2025-03-18 02:00:00,PUMP101.VIBRATION_RMS,2.915,mm/s,GOOD
2025-03-18 03:00:00,PUMP101.VIBRATION_RMS,2.421,mm/s,GOOD
2025-03-18 04:00:00,PUMP101.VIBRATION_RMS,2.134,mm/s,GOOD
2025-03-18 05:00:00,PUMP101.VIBRATION_RMS,2.3,mm/s,GOOD
2025-03-18 06:00:00,PUMP101.VIBRATION_RMS,1.901,mm/s,GOOD
2025-03-18 07:00:00,PUMP101.VIBRATION_RMS,3.495,mm/s,GOOD
2025-03-18 08:00:00,PUMP101.VIBRATION_RMS,2.452,mm/s,GOOD
2025-03-18 09:00:00,PUMP101.VIBRATION_RMS,2.822,mm/s,GOOD
2025-03-18 10:00:00,PUMP101.VIBRATION_RMS,2.232,mm/s,GOOD
2025-03-18 11:00:00,PUMP101.VIBRATION_RMS,1.974,mm/s,GOOD
2025-03-18 12:00:00,PUMP101.VIBRATION_RMS,2.383,mm/s,GOOD
2025-03-18 13:00:00,PUMP101.VIBRATION_RMS,3.051,mm/s,GOOD
2025-03-18 14:00:00,PUMP101.VIBRATION_RMS,2.24,mm/s,GOOD
2025-03-18 15:00:00,PUMP101.VIBRATION_RMS,2.065,mm/s,GOOD
2025-03-18 16:00:00,PUMP101.VIBRATION_RMS,2.578,mm/s,GOOD
2025-03-18 17:00:00,PUMP101.VIBRATION_RMS,2.75,mm/s,GOOD
2025-03-18 18:00:00,PUMP101.VIBRATION_RMS,3.321,mm/s,GOOD
2025-03-18 19:00:00,PUMP101.VIBRATION_RMS,2.677,mm/s,GOOD
2025-03-18 20:00:00,PUMP101.VIBRATION_RMS,2.822,mm/s,GOOD
2025-03-18 21:00:00,PUMP101.VIBRATION_RMS,2.86,mm/s,GOOD
2025-03-18 22:00:00,PUMP101.VIBRATION_RMS,1.923,mm/s,GOOD
2025-03-18 23:00:00,PUMP101.VIBRATION_RMS,2.018,mm/s,GOOD
2025-03-19 00:00:00,PUMP101.VIBRATION_RMS,1.958,mm/s,GOOD
2025-03-19 01:00:00,PUMP101.VIBRATION_RMS,1.834,mm/s,GOOD
2025-03-19 02:00:00,PUMP101.VIBRATION_RMS,2.898,mm/s,GOOD
2025-03-19 03:00:00,PUMP101.VIBRATION_RMS,2.645,mm/s,GOOD
2025-03-19 04:00:00,PUMP101.VIBRATION_RMS,2.54,mm/s,GOOD
2025-03-19 05:00:00,PUMP101.VIBRATION_RMS,1.204,mm/s,GOOD
2025-03-19 06:00:00,PUMP101.VIBRATION_RMS,3.528,mm/s,GOOD
2025-03-19 07:00:00,PUMP101.VIBRATION_RMS,2.053,mm/s,GOOD
2025-03-19 08:00:00,PUMP101.VIBRATION_RMS,3.526,mm/s,GOOD
2025-03-19 09:00:00,PUMP101.VIBRATION_RMS,1.775,mm/s,GOOD
2025-03-19 10:00:00,PUMP101.VIBRATION_RMS,2.094,mm/s,GOOD
2025-03-19 11:00:00,PUMP101.VIBRATION_RMS,1.399,mm/s,GOOD
2025-03-19 12:00:00,PUMP101.VIBRATION_RMS,2.681,mm/s,GOOD
2025-03-19 13:00:00,PUMP101.VIBRATION_RMS,1.949,mm/s,GOOD
2025-03-19 14:00:00,PUMP101.VIBRATION_RMS,1.963,mm/s,GOOD
2025-03-19 15:00:00,PUMP101.VIBRATION_RMS,1.814,mm/s,GOOD
2025-03-19 16:00:00,PUMP101.VIBRATION_RMS,2.889,mm/s,GOOD
2025-03-19 17:00:00,PUMP101.VIBRATION_RMS,2.856,mm/s,GOOD
2025-03-19 18:00:00,PUMP101.VIBRATION_RMS,3.406,mm/s,GOOD
2025-03-19 19:00:00,PUMP101.VIBRATION_RMS,2.157,mm/s,GOOD
2025-03-19 20:00:00,PUMP101.VIBRATION_RMS,2.609,mm/s,GOOD
2025-03-19 21:00:00,PUMP101.VIBRATION_RMS,1.855,mm/s,GOOD
2025-03-19 22:00:00,PUMP101.VIBRATION_RMS,2.332,mm/s,GOOD
2025-03-19 23:00:00,PUMP101.VIBRATION_RMS,2.241,mm/s,GOOD
2025-03-20 00:00:00,PUMP101.VIBRATION_RMS,2.732,mm/s,GOOD
2025-03-20 01:00:00,PUMP101.VIBRATION_RMS,3.009,mm/s,GOOD
2025-03-20 02:00:00,PUMP101.VIBRATION_RMS,2.996,mm/s,GOOD
2025-03-20 03:00:00,PUMP101.VIBRATION_RMS,2.079,mm/s,GOOD
2025-03-20 04:00:00,PUMP101.VIBRATION_RMS,2.999,mm/s,GOOD
2025-03-20 05:00:00,PUMP101.VIBRATION_RMS,2.478,mm/s,GOOD
2025-03-20 06:00:00,PUMP101.VIBRATION_RMS,2.338,mm/s,GOOD
2025-03-20 07:00:00,PUMP101.VIBRATION_RMS,2.146,mm/s,GOOD
2025-03-20 08:00:00,PUMP101.VIBRATION_RMS,2.22,mm/s,GOOD
2025-03-20 09:00:00,PUMP101.VIBRATION_RMS,3.371,mm/s,GOOD
2025-03-20 10:00:00,PUMP101.VIBRATION_RMS,2.654,mm/s,GOOD
2025-03-20 11:00:00,PUMP101.VIBRATION_RMS,2.587,mm/s,GOOD
2025-03-20 12:00:00,PUMP101.VIBRATION_RMS,2.369,mm/s,GOOD
2025-03-20 13:00:00,PUMP101.VIBRATION_RMS,3.723,mm/s,GOOD
2025-03-20 14:00:00,PUMP101.VIBRATION_RMS,3.153,mm/s,GOOD
2025-03-20 15:00:00,PUMP101.VIBRATION_RMS,2.139,mm/s,GOOD
2025-03-20 16:00:00,PUMP101.VIBRATION_RMS,2.363,mm/s,GOOD
2025-03-20 17:00:00,PUMP101.VIBRATION_RMS,2.393,mm/s,GOOD
2025-03-20 18:00:00,PUMP101.VIBRATION_RMS,2.573,mm/s,GOOD
2025-03-20 19:00:00,PUMP101.VIBRATION_RMS,2.149,mm/s,GOOD
2025-03-20 20:00:00,PUMP101.VIBRATION_RMS,2.719,mm/s,GOOD
2025-03-20 21:00:00,PUMP101.VIBRATION_RMS,3.226,mm/s,GOOD
2025-03-20 22:00:00,PUMP101.VIBRATION_RMS,1.843,mm/s,GOOD
2025-03-20 23:00:00,PUMP101.VIBRATION_RMS,1.936,mm/s,GOOD
2025-03-21 00:00:00,PUMP101.VIBRATION_RMS,2.258,mm/s,GOOD
2025-03-21 01:00:00,PUMP101.VIBRATION_RMS,2.282,mm/s,GOOD
2025-03-21 02:00:00,PUMP101.VIBRATION_RMS,3.499,mm/s,GOOD
2025-03-21 03:00:00,PUMP101.VIBRATION_RMS,3.001,mm/s,GOOD
2025-03-21 04:00:00,PUMP101.VIBRATION_RMS,2.972,mm/s,GOOD
2025-03-21 05:00:00,PUMP101.VIBRATION_RMS,2.368,mm/s,GOOD
2025-03-21 06:00:00,PUMP101.VIBRATION_RMS,2.357,mm/s,GOOD
2025-03-21 07:00:00,PUMP101.VIBRATION_RMS,1.774,mm/s,GOOD
2025-03-21 08:00:00,PUMP101.VIBRATION_RMS,2.891,mm/s,GOOD
2025-03-21 09:00:00,PUMP101.VIBRATION_RMS,2.746,mm/s,GOOD
2025-03-21 10:00:00,PUMP101.VIBRATION_RMS,3.143,mm/s,GOOD
2025-03-21 11:00:00,PUMP101.VIBRATION_RMS,2.395,mm/s,BAD
2025-03-21 12:00:00,PUMP101.VIBRATION_RMS,2.429,mm/s,GOOD
2025-03-21 13:00:00,PUMP101.VIBRATION_RMS,2.585,mm/s,GOOD
2025-03-21 14:00:00,PUMP101.VIBRATION_RMS,2.946,mm/s,GOOD
2025-03-21 15:00:00,PUMP101.VIBRATION_RMS,1.765,mm/s,GOOD
2025-03-21 16:00:00,PUMP101.VIBRATION_RMS,2.868,mm/s,GOOD
2025-03-21 17:00:00,PUMP101.VIBRATION_RMS,2.49,mm/s,GOOD
2025-03-21 18:00:00,PUMP101.VIBRATION_RMS,1.971,mm/s,GOOD
2025-03-21 19:00:00,PUMP101.VIBRATION_RMS,1.458,mm/s,GOOD
2025-03-21 20:00:00,PUMP101.VIBRATION_RMS,2.432,mm/s,GOOD
2025-03-21 21:00:00,PUMP101.VIBRATION_RMS,3.224,mm/s,GOOD
2025-03-21 22:00:00,PUMP101.VIBRATION_RMS,3.337,mm/s,GOOD
2025-03-21 23:00:00,PUMP101.VIBRATION_RMS,2.678,mm/s,GOOD
2025-03-22 00:00:00,PUMP101.VIBRATION_RMS,3.481,mm/s,GOOD
2025-03-22 01:00:00,PUMP101.VIBRATION_RMS,2.479,mm/s,GOOD
2025-03-22 02:00:00,PUMP101.VIBRATION_RMS,2.977,mm/s,GOOD
2025-03-22 03:00:00,PUMP101.VIBRATION_RMS,2.274,mm/s,GOOD
2025-03-22 04:00:00,PUMP101.VIBRATION_RMS,2.243,mm/s,GOOD
2025-03-22 05:00:00,PUMP101.VIBRATION_RMS,2.161,mm/s,GOOD
2025-03-22 06:00:00,PUMP101.VIBRATION_RMS,1.47,mm/s,GOOD
2025-03-22 07:00:00,PUMP101.VIBRATION_RMS,3.144,mm/s,GOOD
2025-03-22 08:00:00,PUMP101.VIBRATION_RMS,2.179,mm/s,GOOD
2025-03-22 09:00:00,PUMP101.VIBRATION_RMS,2.099,mm/s,GOOD
2025-03-22 10:00:00,PUMP101.VIBRATION_RMS,1.91,mm/s,GOOD
2025-03-22 11:00:00,PUMP101.VIBRATION_RMS,2.398,mm/s,GOOD
2025-03-22 12:00:00,PUMP101.VIBRATION_RMS,3.382,mm/s,GOOD
2025-03-22 13:00:00,PUMP101.VIBRATION_RMS,3.547,mm/s,GOOD
2025-03-22 14:00:00,PUMP101.VIBRATION_RMS,1.67,mm/s,GOOD
2025-03-22 15:00:00,PUMP101.VIBRATION_RMS,2.323,mm/s,GOOD
2025-03-22 16:00:00,PUMP101.VIBRATION_RMS,1.983,mm/s,GOOD
2025-03-22 17:00:00,PUMP101.VIBRATION_RMS,2.994,mm/s,GOOD
2025-03-22 18:00:00,PUMP101.VIBRATION_RMS,2.643,mm/s,GOOD
2025-03-22 19:00:00,PUMP101.VIBRATION_RMS,2.182,mm/s,GOOD
2025-03-22 20:00:00,PUMP101.VIBRATION_RMS,2.536,mm/s,GOOD
2025-03-22 21:00:00,PUMP101.VIBRATION_RMS,2.261,mm/s,GOOD
2025-03-22 22:00:00,PUMP101.VIBRATION_RMS,3.307,mm/s,GOOD
2025-03-22 23:00:00,PUMP101.VIBRATION_RMS,2.773,mm/s,GOOD
2025-03-23 00:00:00,PUMP101.VIBRATION_RMS,2.835,mm/s,GOOD
2025-03-23 01:00:00,PUMP101.VIBRATION_RMS,1.167,mm/s,GOOD
2025-03-23 02:00:00,PUMP101.VIBRATION_RMS,2.467,mm/s,GOOD
2025-03-23 03:00:00,PUMP101.VIBRATION_RMS,3.542,mm/s,GOOD
2025-03-23 04:00:00,PUMP101.VIBRATION_RMS,3.163,mm/s,GOOD
2025-03-23 05:00:00,PUMP101.VIBRATION_RMS,1.576,mm/s,GOOD
2025-03-23 06:00:00,PUMP101.VIBRATION_RMS,2.343,mm/s,GOOD
2025-03-23 07:00:00,PUMP101.VIBRATION_RMS,1.899,mm/s,GOOD
2025-03-23 08:00:00,PUMP101.VIBRATION_RMS,3.356,mm/s,GOOD
2025-03-23 09:00:00,PUMP101.VIBRATION_RMS,2.622,mm/s,GOOD
2025-03-23 10:00:00,PUMP101.VIBRATION_RMS,2.116,mm/s,GOOD
2025-03-23 11:00:00,PUMP101.VIBRATION_RMS,2.517,mm/s,GOOD
2025-03-23 12:00:00,PUMP101.VIBRATION_RMS,1.196,mm/s,GOOD
2025-03-23 13:00:00,PUMP101.VIBRATION_RMS,1.958,mm/s,BAD
2025-03-23 14:00:00,PUMP101.VIBRATION_RMS,2.518,mm/s,GOOD
2025-03-23 15:00:00,PUMP101.VIBRATION_RMS,2.923,mm/s,GOOD
2025-03-23 16:00:00,PUMP101.VIBRATION_RMS,1.529,mm/s,GOOD
2025-03-23 17:00:00,PUMP101.VIBRATION_RMS,2.309,mm/s,GOOD
2025-03-23 18:00:00,PUMP101.VIBRATION_RMS,3.005,mm/s,GOOD
2025-03-23 19:00:00,PUMP101.VIBRATION_RMS,1.774,mm/s,GOOD
2025-03-23 20:00:00,PUMP101.VIBRATION_RMS,2.615,mm/s,GOOD
2025-03-23 21:00:00,PUMP101.VIBRATION_RMS,2.533,mm/s,GOOD
2025-03-23 22:00:00,PUMP101.VIBRATION_RMS,3.357,mm/s,GOOD
2025-03-23 23:00:00,PUMP101.VIBRATION_RMS,2.385,mm/s,GOOD
2025-03-24 00:00:00,PUMP101.VIBRATION_RMS,2.414,mm/s,GOOD
2025-03-24 01:00:00,PUMP101.VIBRATION_RMS,2.927,mm/s,GOOD
2025-03-24 02:00:00,PUMP101.VIBRATION_RMS,1.837,mm/s,GOOD
2025-03-24 03:00:00,PUMP101.VIBRATION_RMS,2.39,mm/s,GOOD
2025-03-24 04:00:00,PUMP101.VIBRATION_RMS,2.272,mm/s,GOOD
2025-03-24 05:00:00,PUMP101.VIBRATION_RMS,2.431,mm/s,GOOD
2025-03-24 06:00:00,PUMP101.VIBRATION_RMS,2.924,mm/s,GOOD
2025-03-24 07:00:00,PUMP101.VIBRATION_RMS,2.777,mm/s,GOOD
2025-03-24 08:00:00,PUMP101.VIBRATION_RMS,2.126,mm/s,BAD
2025-03-24 09:00:00,PUMP101.VIBRATION_RMS,2.568,mm/s,BAD
2025-03-24 10:00:00,PUMP101.VIBRATION_RMS,3.245,mm/s,GOOD
2025-03-24 11:00:00,PUMP101.VIBRATION_RMS,2.084,mm/s,GOOD
2025-03-24 12:00:00,PUMP101.VIBRATION_RMS,2.573,mm/s,GOOD
2025-03-24 13:00:00,PUMP101.VIBRATION_RMS,2.403,mm/s,GOOD
2025-03-24 14:00:00,PUMP101.VIBRATION_RMS,2.468,mm/s,GOOD
2025-03-24 15:00:00,PUMP101.VIBRATION_RMS,1.685,mm/s,GOOD
2025-03-24 16:00:00,PUMP101.VIBRATION_RMS,3.205,mm/s,GOOD
2025-03-24 17:00:00,PUMP101.VIBRATION_RMS,2.113,mm/s,GOOD
2025-03-24 18:00:00,PUMP101.VIBRATION_RMS,3.013,mm/s,GOOD
2025-03-24 19:00:00,PUMP101.VIBRATION_RMS,2.189,mm/s,GOOD
2025-03-24 20:00:00,PUMP101.VIBRATION_RMS,2.187,mm/s,GOOD
2025-03-24 21:00:00,PUMP101.VIBRATION_RMS,3.107,mm/s,GOOD
2025-03-24 22:00:00,PUMP101.VIBRATION_RMS,2.997,mm/s,GOOD
2025-03-24 23:00:00,PUMP101.VIBRATION_RMS,2.604,mm/s,GOOD
2025-03-25 00:00:00,PUMP101.VIBRATION_RMS,2.881,mm/s,GOOD
2025-03-25 01:00:00,PUMP101.VIBRATION_RMS,2.356,mm/s,GOOD
2025-03-25 02:00:00,PUMP101.VIBRATION_RMS,2.496,mm/s,GOOD
2025-03-25 03:00:00,PUMP101.VIBRATION_RMS,2.169,mm/s,GOOD
2025-03-25 04:00:00,PUMP101.VIBRATION_RMS,2.952,mm/s,GOOD
2025-03-25 05:00:00,PUMP101.VIBRATION_RMS,2.153,mm/s,GOOD
2025-03-25 06:00:00,PUMP101.VIBRATION_RMS,3.243,mm/s,GOOD
2025-03-25 07:00:00,PUMP101.VIBRATION_RMS,2.342,mm/s,GOOD
2025-03-25 08:00:00,PUMP101.VIBRATION_RMS,2.51,mm/s,GOOD
2025-03-25 09:00:00,PUMP101.VIBRATION_RMS,2.879,mm/s,GOOD
2025-03-25 10:00:00,PUMP101.VIBRATION_RMS,2.512,mm/s,GOOD
2025-03-25 11:00:00,PUMP101.VIBRATION_RMS,2.351,mm/s,GOOD
2025-03-25 12:00:00,PUMP101.VIBRATION_RMS,2.485,mm/s,GOOD
2025-03-25 13:00:00,PUMP101.VIBRATION_RMS,2.947,mm/s,GOOD
2025-03-25 14:00:00,PUMP101.VIBRATION_RMS,2.169,mm/s,GOOD
2025-03-25 15:00:00,PUMP101.VIBRATION_RMS,2.437,mm/s,GOOD
2025-03-25 16:00:00,PUMP101.VIBRATION_RMS,2.505,mm/s,GOOD
2025-03-25 17:00:00,PUMP101.VIBRATION_RMS,2.932,mm/s,GOOD
2025-03-25 18:00:00,PUMP101.VIBRATION_RMS,2.45,mm/s,GOOD
2025-03-25 19:00:00,PUMP101.VIBRATION_RMS,3.404,mm/s,GOOD
2025-03-25 20:00:00,PUMP101.VIBRATION_RMS,2.422,mm/s,GOOD
2025-03-25 21:00:00,PUMP101.VIBRATION_RMS,2.381,mm/s,GOOD
2025-03-25 22:00:00,PUMP101.VIBRATION_RMS,2.414,mm/s,GOOD
2025-03-25 23:00:00,PUMP101.VIBRATION_RMS,1.842,mm/s,GOOD
2025-03-26 00:00:00,PUMP101.VIBRATION_RMS,1.982,mm/s,GOOD
2025-03-26 01:00:00,PUMP101.VIBRATION_RMS,2.235,mm/s,GOOD
2025-03-26 02:00:00,PUMP101.VIBRATION_RMS,3.068,mm/s,BAD
2025-03-26 03:00:00,PUMP101.VIBRATION_RMS,2.483,mm/s,GOOD
2025-03-26 04:00:00,PUMP101.VIBRATION_RMS,2.258,mm/s,GOOD
2025-03-26 05:00:00,PUMP101.VIBRATION_RMS,3.113,mm/s,GOOD
2025-03-26 06:00:00,PUMP101.VIBRATION_RMS,3.276,mm/s,GOOD
2025-03-26 07:00:00,PUMP101.VIBRATION_RMS,3.128,mm/s,GOOD
2025-03-26 08:00:00,PUMP101.VIBRATION_RMS,2.073,mm/s,GOOD
2025-03-26 09:00:00,PUMP101.VIBRATION_RMS,2.252,mm/s,GOOD
2025-03-26 10:00:00,PUMP101.VIBRATION_RMS,3.407,mm/s,GOOD
2025-03-26 11:00:00,PUMP101.VIBRATION_RMS,2.621,mm/s,GOOD
2025-03-26 12:00:00,PUMP101.VIBRATION_RMS,2.366,mm/s,GOOD
2025-03-26 13:00:00,PUMP101.VIBRATION_RMS,2.859,mm/s,GOOD
2025-03-26 14:00:00,PUMP101.VIBRATION_RMS,3.004,mm/s,GOOD
2025-03-26 15:00:00,PUMP101.VIBRATION_RMS,2.214,mm/s,GOOD
2025-03-26 16:00:00,PUMP101.VIBRATION_RMS,2.61,mm/s,GOOD
2025-03-26 17:00:00,PUMP101.VIBRATION_RMS,2.963,mm/s,GOOD
2025-03-26 18:00:00,PUMP101.VIBRATION_RMS,1.92,mm/s,GOOD
2025-03-26 19:00:00,PUMP101.VIBRATION_RMS,2.506,mm/s,GOOD
2025-03-26 20:00:00,PUMP101.VIBRATION_RMS,1.943,mm/s,GOOD
2025-03-26 21:00:00,PUMP101.VIBRATION_RMS,2.008,mm/s,GOOD
2025-03-26 22:00:00,PUMP101.VIBRATION_RMS,2.218,mm/s,GOOD
2025-03-26 23:00:00,PUMP101.VIBRATION_RMS,2.739,mm/s,GOOD
2025-03-27 00:00:00,PUMP101.VIBRATION_RMS,2.339,mm/s,GOOD
2025-03-27 01:00:00,PUMP101.VIBRATION_RMS,2.176,mm/s,GOOD
2025-03-27 02:00:00,PUMP101.VIBRATION_RMS,2.526,mm/s,GOOD
2025-03-27 03:00:00,PUMP101.VIBRATION_RMS,1.927,mm/s,GOOD
2025-03-27 04:00:00,PUMP101.VIBRATION_RMS,2.714,mm/s,GOOD
2025-03-27 05:00:00,PUMP101.VIBRATION_RMS,3.066,mm/s,GOOD
2025-03-27 06:00:00,PUMP101.VIBRATION_RMS,2.46,mm/s,GOOD
2025-03-27 07:00:00,PUMP101.VIBRATION_RMS,2.399,mm/s,GOOD
2025-03-27 08:00:00,PUMP101.VIBRATION_RMS,2.687,mm/s,GOOD
2025-03-27 09:00:00,PUMP101.VIBRATION_RMS,1.486,mm/s,GOOD
2025-03-27 10:00:00,PUMP101.VIBRATION_RMS,2.768,mm/s,GOOD
2025-03-27 11:00:00,PUMP101.VIBRATION_RMS,4.051,mm/s,GOOD
2025-03-27 12:00:00,PUMP101.VIBRATION_RMS,2.439,mm/s,GOOD
2025-03-27 13:00:00,PUMP101.VIBRATION_RMS,2.44,mm/s,GOOD
2025-03-27 14:00:00,PUMP101.VIBRATION_RMS,2.872,mm/s,GOOD
2025-03-27 15:00:00,PUMP101.VIBRATION_RMS,3.323,mm/s,GOOD
2025-03-27 16:00:00,PUMP101.VIBRATION_RMS,2.987,mm/s,GOOD
2025-03-27 17:00:00,PUMP101.VIBRATION_RMS,1.422,mm/s,GOOD
2025-03-27 18:00:00,PUMP101.VIBRATION_RMS,2.782,mm/s,GOOD
2025-03-27 19:00:00,PUMP101.VIBRATION_RMS,3.786,mm/s,GOOD
2025-03-27 20:00:00,PUMP101.VIBRATION_RMS,2.811,mm/s,BAD
2025-03-27 21:00:00,PUMP101.VIBRATION_RMS,1.923,mm/s,GOOD
2025-03-27 22:00:00,PUMP101.VIBRATION_RMS,2.641,mm/s,GOOD
2025-03-27 23:00:00,PUMP101.VIBRATION_RMS,1.86,mm/s,GOOD
2025-03-28 00:00:00,PUMP101.VIBRATION_RMS,3.116,mm/s,GOOD
2025-03-28 01:00:00,PUMP101.VIBRATION_RMS,2.022,mm/s,GOOD
2025-03-28 02:00:00,PUMP101.VIBRATION_RMS,2.537,mm/s,GOOD
2025-03-28 03:00:00,PUMP101.VIBRATION_RMS,2.071,mm/s,GOOD
2025-03-28 04:00:00,PUMP101.VIBRATION_RMS,2.227,mm/s,GOOD
2025-03-28 05:00:00,PUMP101.VIBRATION_RMS,3.243,mm/s,GOOD
2025-03-28 06:00:00,PUMP101.VIBRATION_RMS,2.552,mm/s,GOOD
2025-03-28 07:00:00,PUMP101.VIBRATION_RMS,2.22,mm/s,GOOD
2025-03-28 08:00:00,PUMP101.VIBRATION_RMS,1.927,mm/s,GOOD
2025-03-28 09:00:00,PUMP101.VIBRATION_RMS,1.564,mm/s,GOOD
2025-03-28 10:00:00,PUMP101.VIBRATION_RMS,1.874,mm/s,GOOD
2025-03-28 11:00:00,PUMP101.VIBRATION_RMS,2.556,mm/s,GOOD
2025-03-28 12:00:00,PUMP101.VIBRATION_RMS,2.99,mm/s,GOOD
2025-03-28 13:00:00,PUMP101.VIBRATION_RMS,2.22,mm/s,GOOD
2025-03-28 14:00:00,PUMP101.VIBRATION_RMS,3.285,mm/s,GOOD
2025-03-28 15:00:00,PUMP101.VIBRATION_RMS,2.141,mm/s,GOOD
2025-03-28 16:00:00,PUMP101.VIBRATION_RMS,2.381,mm/s,GOOD
2025-03-28 17:00:00,PUMP101.VIBRATION_RMS,1.96,mm/s,GOOD
2025-03-28 18:00:00,PUMP101.VIBRATION_RMS,2.995,mm/s,GOOD
2025-03-28 19:00:00,PUMP101.VIBRATION_RMS,3.549,mm/s,GOOD
2025-03-28 20:00:00,PUMP101.VIBRATION_RMS,1.619,mm/s,GOOD
2025-03-28 21:00:00,PUMP101.VIBRATION_RMS,2.327,mm/s,GOOD
2025-03-28 22:00:00,PUMP101.VIBRATION_RMS,3.132,mm/s,GOOD
2025-03-28 23:00:00,PUMP101.VIBRATION_RMS,1.777,mm/s,GOOD
2025-03-29 00:00:00,PUMP101.VIBRATION_RMS,2.783,mm/s,GOOD
2025-03-29 01:00:00,PUMP101.VIBRATION_RMS,3.111,mm/s,GOOD
2025-03-29 02:00:00,PUMP101.VIBRATION_RMS,2.539,mm/s,GOOD
2025-03-29 03:00:00,PUMP101.VIBRATION_RMS,2.775,mm/s,GOOD
2025-03-29 04:00:00,PUMP101.VIBRATION_RMS,3.38,mm/s,GOOD
2025-03-29 05:00:00,PUMP101.VIBRATION_RMS,3.474,mm/s,GOOD
2025-03-29 06:00:00,PUMP101.VIBRATION_RMS,2.469,mm/s,GOOD
2025-03-29 07:00:00,PUMP101.VIBRATION_RMS,2.234,mm/s,GOOD
2025-03-29 08:00:00,PUMP101.VIBRATION_RMS,2.04,mm/s,GOOD
2025-03-29 09:00:00,PUMP101.VIBRATION_RMS,2.988,mm/s,GOOD
2025-03-29 10:00:00,PUMP101.VIBRATION_RMS,1.814,mm/s,GOOD
2025-03-29 11:00:00,PUMP101.VIBRATION_RMS,2.374,mm/s,GOOD
2025-03-29 12:00:00,PUMP101.VIBRATION_RMS,2.551,mm/s,GOOD
2025-03-29 13:00:00,PUMP101.VIBRATION_RMS,2.248,mm/s,GOOD
2025-03-29 14:00:00,PUMP101.VIBRATION_RMS,2.64,mm/s,GOOD
2025-03-29 15:00:00,PUMP101.VIBRATION_RMS,3.782,mm/s,GOOD
2025-03-29 16:00:00,PUMP101.VIBRATION_RMS,2.439,mm/s,GOOD
2025-03-29 17:00:00,PUMP101.VIBRATION_RMS,2.282,mm/s,GOOD
2025-03-29 18:00:00,PUMP101.VIBRATION_RMS,3.008,mm/s,GOOD
2025-03-29 19:00:00,PUMP101.VIBRATION_RMS,2.62,mm/s,GOOD
2025-03-29 20:00:00,PUMP101.VIBRATION_RMS,3.22,mm/s,GOOD
2025-03-29 21:00:00,PUMP101.VIBRATION_RMS,2.582,mm/s,BAD
2025-03-29 22:00:00,PUMP101.VIBRATION_RMS,2.376,mm/s,GOOD
2025-03-29 23:00:00,PUMP101.VIBRATION_RMS,1.608,mm/s,GOOD
2025-03-30 00:00:00,PUMP101.VIBRATION_RMS,1.69,mm/s,GOOD
2025-03-30 01:00:00,PUMP101.VIBRATION_RMS,1.582,mm/s,GOOD
2025-03-30 02:00:00,PUMP101.VIBRATION_RMS,2.69,mm/s,GOOD
2025-03-30 03:00:00,PUMP101.VIBRATION_RMS,1.819,mm/s,GOOD
2025-03-30 04:00:00,PUMP101.VIBRATION_RMS,3.128,mm/s,BAD
2025-03-30 05:00:00,PUMP101.VIBRATION_RMS,2.515,mm/s,GOOD
2025-03-30 06:00:00,PUMP101.VIBRATION_RMS,2.378,mm/s,GOOD
2025-03-30 07:00:00,PUMP101.VIBRATION_RMS,2.078,mm/s,GOOD
2025-03-30 08:00:00,PUMP101.VIBRATION_RMS,2.811,mm/s,GOOD
2025-03-30 09:00:00,PUMP101.VIBRATION_RMS,2.098,mm/s,GOOD
2025-03-30 10:00:00,PUMP101.VIBRATION_RMS,2.007,mm/s,GOOD
2025-03-30 11:00:00,PUMP101.VIBRATION_RMS,3.094,mm/s,GOOD
2025-03-30 12:00:00,PUMP101.VIBRATION_RMS,2.677,mm/s,GOOD
2025-03-30 13:00:00,PUMP101.VIBRATION_RMS,2.383,mm/s,GOOD
2025-03-30 14:00:00,PUMP101.VIBRATION_RMS,2.821,mm/s,GOOD
2025-03-30 15:00:00,PUMP101.VIBRATION_RMS,2.504,mm/s,GOOD
2025-03-30 16:00:00,PUMP101.VIBRATION_RMS,2.692,mm/s,GOOD
2025-03-30 17:00:00,PUMP101.VIBRATION_RMS,2.092,mm/s,GOOD
2025-03-30 18:00:00,PUMP101.VIBRATION_RMS,3.535,mm/s,GOOD
2025-03-30 19:00:00,PUMP101.VIBRATION_RMS,2.21,mm/s,GOOD
2025-03-30 20:00:00,PUMP101.VIBRATION_RMS,3.278,mm/s,GOOD
2025-03-30 21:00:00,PUMP101.VIBRATION_RMS,2.406,mm/s,GOOD
2025-03-30 22:00:00,PUMP101.VIBRATION_RMS,2.904,mm/s,GOOD
2025-03-30 23:00:00,PUMP101.VIBRATION_RMS,2.867,mm/s,GOOD
2025-03-31 00:00:00,PUMP101.VIBRATION_RMS,3.073,mm/s,GOOD
2025-01-01 00:00:00,PUMP101.DISCHARGE_PRESS,11.861,bar,GOOD
2025-01-01 01:00:00,PUMP101.DISCHARGE_PRESS,12.165,bar,GOOD
2025-01-01 02:00:00,PUMP101.DISCHARGE_PRESS,12.372,bar,GOOD
2025-01-01 03:00:00,PUMP101.DISCHARGE_PRESS,11.717,bar,GOOD
2025-01-01 04:00:00,PUMP101.DISCHARGE_PRESS,11.442,bar,GOOD
2025-01-01 05:00:00,PUMP101.DISCHARGE_PRESS,12.193,bar,GOOD
2025-01-01 06:00:00,PUMP101.DISCHARGE_PRESS,11.733,bar,GOOD
2025-01-01 07:00:00,PUMP101.DISCHARGE_PRESS,12.073,bar,GOOD
2025-01-01 08:00:00,PUMP101.DISCHARGE_PRESS,11.328,bar,GOOD
2025-01-01 09:00:00,PUMP101.DISCHARGE_PRESS,11.874,bar,GOOD
2025-01-01 10:00:00,PUMP101.DISCHARGE_PRESS,12.357,bar,GOOD
2025-01-01 11:00:00,PUMP101.DISCHARGE_PRESS,12.303,bar,GOOD
2025-01-01 12:00:00,PUMP101.DISCHARGE_PRESS,11.606,bar,GOOD
2025-01-01 13:00:00,PUMP101.DISCHARGE_PRESS,11.416,bar,GOOD
2025-01-01 14:00:00,PUMP101.DISCHARGE_PRESS,12.008,bar,GOOD
2025-01-01 15:00:00,PUMP101.DISCHARGE_PRESS,12.281,bar,GOOD
2025-01-01 16:00:00,PUMP101.DISCHARGE_PRESS,12.203,bar,GOOD
2025-01-01 17:00:00,PUMP101.DISCHARGE_PRESS,11.744,bar,GOOD
2025-01-01 18:00:00,PUMP101.DISCHARGE_PRESS,12.149,bar,GOOD
2025-01-01 19:00:00,PUMP101.DISCHARGE_PRESS,12.751,bar,GOOD
2025-01-01 20:00:00,PUMP101.DISCHARGE_PRESS,12.103,bar,GOOD
2025-01-01 21:00:00,PUMP101.DISCHARGE_PRESS,11.183,bar,GOOD
2025-01-01 22:00:00,PUMP101.DISCHARGE_PRESS,12.102,bar,GOOD
2025-01-01 23:00:00,PUMP101.DISCHARGE_PRESS,13.022,bar,GOOD
2025-01-02 00:00:00,PUMP101.DISCHARGE_PRESS,11.356,bar,GOOD
2025-01-02 01:00:00,PUMP101.DISCHARGE_PRESS,12.015,bar,GOOD
2025-01-02 02:00:00,PUMP101.DISCHARGE_PRESS,11.887,bar,GOOD
2025-01-02 03:00:00,PUMP101.DISCHARGE_PRESS,12.048,bar,GOOD
2025-01-02 04:00:00,PUMP101.DISCHARGE_PRESS,12.097,bar,GOOD
2025-01-02 05:00:00,PUMP101.DISCHARGE_PRESS,12.57,bar,GOOD
2025-01-02 06:00:00,PUMP101.DISCHARGE_PRESS,12.042,bar,GOOD
2025-01-02 07:00:00,PUMP101.DISCHARGE_PRESS,12.639,bar,GOOD
2025-01-02 08:00:00,PUMP101.DISCHARGE_PRESS,11.941,bar,GOOD
2025-01-02 09:00:00,PUMP101.DISCHARGE_PRESS,11.825,bar,GOOD
2025-01-02 10:00:00,PUMP101.DISCHARGE_PRESS,11.665,bar,GOOD
2025-01-02 11:00:00,PUMP101.DISCHARGE_PRESS,11.091,bar,GOOD
2025-01-02 12:00:00,PUMP101.DISCHARGE_PRESS,12.138,bar,GOOD
2025-01-02 13:00:00,PUMP101.DISCHARGE_PRESS,13.027,bar,GOOD
2025-01-02 14:00:00,PUMP101.DISCHARGE_PRESS,12.229,bar,GOOD
2025-01-02 15:00:00,PUMP101.DISCHARGE_PRESS,12.343,bar,GOOD
2025-01-02 16:00:00,PUMP101.DISCHARGE_PRESS,11.793,bar,GOOD
2025-01-02 17:00:00,PUMP101.DISCHARGE_PRESS,11.878,bar,GOOD
2025-01-02 18:00:00,PUMP101.DISCHARGE_PRESS,12.492,bar,GOOD
2025-01-02 19:00:00,PUMP101.DISCHARGE_PRESS,13.004,bar,GOOD
2025-01-02 20:00:00,PUMP101.DISCHARGE_PRESS,12.744,bar,GOOD
2025-01-02 21:00:00,PUMP101.DISCHARGE_PRESS,12.403,bar,GOOD
2025-01-02 22:00:00,PUMP101.DISCHARGE_PRESS,12.018,bar,GOOD
2025-01-02 23:00:00,PUMP101.DISCHARGE_PRESS,12.105,bar,GOOD
2025-01-03 00:00:00,PUMP101.DISCHARGE_PRESS,11.623,bar,GOOD
2025-01-03 01:00:00,PUMP101.DISCHARGE_PRESS,11.276,bar,GOOD
2025-01-03 02:00:00,PUMP101.DISCHARGE_PRESS,11.437,bar,GOOD
2025-01-03 03:00:00,PUMP101.DISCHARGE_PRESS,12.025,bar,GOOD
2025-01-03 04:00:00,PUMP101.DISCHARGE_PRESS,11.854,bar,GOOD
2025-01-03 05:00:00,PUMP101.DISCHARGE_PRESS,11.265,bar,GOOD
2025-01-03 06:00:00,PUMP101.DISCHARGE_PRESS,11.981,bar,GOOD
2025-01-03 07:00:00,PUMP101.DISCHARGE_PRESS,11.841,bar,GOOD
2025-01-03 08:00:00,PUMP101.DISCHARGE_PRESS,11.414,bar,GOOD
2025-01-03 09:00:00,PUMP101.DISCHARGE_PRESS,11.815,bar,GOOD
2025-01-03 10:00:00,PUMP101.DISCHARGE_PRESS,11.84,bar,GOOD
2025-01-03 11:00:00,PUMP101.DISCHARGE_PRESS,11.692,bar,GOOD
2025-01-03 12:00:00,PUMP101.DISCHARGE_PRESS,12.463,bar,GOOD
2025-01-03 13:00:00,PUMP101.DISCHARGE_PRESS,11.049,bar,GOOD
2025-01-03 14:00:00,PUMP101.DISCHARGE_PRESS,11.007,bar,GOOD
2025-01-03 15:00:00,PUMP101.DISCHARGE_PRESS,12.002,bar,GOOD
2025-01-03 16:00:00,PUMP101.DISCHARGE_PRESS,12.048,bar,GOOD
2025-01-03 17:00:00,PUMP101.DISCHARGE_PRESS,12.202,bar,GOOD
2025-01-03 18:00:00,PUMP101.DISCHARGE_PRESS,11.731,bar,GOOD
2025-01-03 19:00:00,PUMP101.DISCHARGE_PRESS,11.541,bar,GOOD
2025-01-03 20:00:00,PUMP101.DISCHARGE_PRESS,11.996,bar,GOOD
2025-01-03 21:00:00,PUMP101.DISCHARGE_PRESS,11.779,bar,GOOD
2025-01-03 22:00:00,PUMP101.DISCHARGE_PRESS,12.776,bar,GOOD
2025-01-03 23:00:00,PUMP101.DISCHARGE_PRESS,11.838,bar,GOOD
2025-01-04 00:00:00,PUMP101.DISCHARGE_PRESS,11.973,bar,GOOD
2025-01-04 01:00:00,PUMP101.DISCHARGE_PRESS,13.238,bar,GOOD
2025-01-04 02:00:00,PUMP101.DISCHARGE_PRESS,11.903,bar,GOOD
2025-01-04 03:00:00,PUMP101.DISCHARGE_PRESS,12.278,bar,GOOD
2025-01-04 04:00:00,PUMP101.DISCHARGE_PRESS,12.323,bar,BAD
2025-01-04 05:00:00,PUMP101.DISCHARGE_PRESS,12.366,bar,GOOD
2025-01-04 06:00:00,PUMP101.DISCHARGE_PRESS,12.145,bar,GOOD
2025-01-04 07:00:00,PUMP101.DISCHARGE_PRESS,12.097,bar,GOOD
2025-01-04 08:00:00,PUMP101.DISCHARGE_PRESS,12.05,bar,GOOD
2025-01-04 09:00:00,PUMP101.DISCHARGE_PRESS,11.712,bar,GOOD
2025-01-04 10:00:00,PUMP101.DISCHARGE_PRESS,12.163,bar,GOOD
2025-01-04 11:00:00,PUMP101.DISCHARGE_PRESS,13.014,bar,GOOD
2025-01-04 12:00:00,PUMP101.DISCHARGE_PRESS,12.605,bar,GOOD
2025-01-04 13:00:00,PUMP101.DISCHARGE_PRESS,12.152,bar,GOOD
2025-01-04 14:00:00,PUMP101.DISCHARGE_PRESS,12.428,bar,GOOD
2025-01-04 15:00:00,PUMP101.DISCHARGE_PRESS,11.565,bar,GOOD
2025-01-04 16:00:00,PUMP101.DISCHARGE_PRESS,11.87,bar,GOOD
2025-01-04 17:00:00,PUMP101.DISCHARGE_PRESS,12.474,bar,GOOD
2025-01-04 18:00:00,PUMP101.DISCHARGE_PRESS,12.744,bar,GOOD
2025-01-04 19:00:00,PUMP101.DISCHARGE_PRESS,11.615,bar,GOOD
2025-01-04 20:00:00,PUMP101.DISCHARGE_PRESS,11.758,bar,GOOD
2025-01-04 21:00:00,PUMP101.DISCHARGE_PRESS,13.091,bar,GOOD
2025-01-04 22:00:00,PUMP101.DISCHARGE_PRESS,12.048,bar,GOOD
2025-01-04 23:00:00,PUMP101.DISCHARGE_PRESS,12.912,bar,GOOD
2025-01-05 00:00:00,PUMP101.DISCHARGE_PRESS,12.103,bar,GOOD
2025-01-05 01:00:00,PUMP101.DISCHARGE_PRESS,12.123,bar,GOOD
2025-01-05 02:00:00,PUMP101.DISCHARGE_PRESS,11.847,bar,GOOD
2025-01-05 03:00:00,PUMP101.DISCHARGE_PRESS,12.471,bar,GOOD
2025-01-05 04:00:00,PUMP101.DISCHARGE_PRESS,12.679,bar,GOOD
2025-01-05 05:00:00,PUMP101.DISCHARGE_PRESS,11.482,bar,GOOD
2025-01-05 06:00:00,PUMP101.DISCHARGE_PRESS,11.824,bar,GOOD
2025-01-05 07:00:00,PUMP101.DISCHARGE_PRESS,12.458,bar,GOOD
2025-01-05 08:00:00,PUMP101.DISCHARGE_PRESS,11.935,bar,GOOD
2025-01-05 09:00:00,PUMP101.DISCHARGE_PRESS,11.753,bar,GOOD
2025-01-05 10:00:00,PUMP101.DISCHARGE_PRESS,12.505,bar,GOOD
2025-01-05 11:00:00,PUMP101.DISCHARGE_PRESS,12.552,bar,GOOD
2025-01-05 12:00:00,PUMP101.DISCHARGE_PRESS,11.775,bar,GOOD
2025-01-05 13:00:00,PUMP101.DISCHARGE_PRESS,12.106,bar,GOOD
2025-01-05 14:00:00,PUMP101.DISCHARGE_PRESS,11.396,bar,GOOD
2025-01-05 15:00:00,PUMP101.DISCHARGE_PRESS,11.552,bar,GOOD
2025-01-05 16:00:00,PUMP101.DISCHARGE_PRESS,12.062,bar,GOOD
2025-01-05 17:00:00,PUMP101.DISCHARGE_PRESS,12.016,bar,GOOD
2025-01-05 18:00:00,PUMP101.DISCHARGE_PRESS,11.517,bar,GOOD
2025-01-05 19:00:00,PUMP101.DISCHARGE_PRESS,11.642,bar,GOOD
2025-01-05 20:00:00,PUMP101.DISCHARGE_PRESS,11.467,bar,GOOD
2025-01-05 21:00:00,PUMP101.DISCHARGE_PRESS,12.228,bar,GOOD
2025-01-05 22:00:00,PUMP101.DISCHARGE_PRESS,11.016,bar,GOOD
2025-01-05 23:00:00,PUMP101.DISCHARGE_PRESS,11.494,bar,GOOD
2025-01-06 00:00:00,PUMP101.DISCHARGE_PRESS,11.069,bar,GOOD
2025-01-06 01:00:00,PUMP101.DISCHARGE_PRESS,12.21,bar,GOOD
2025-01-06 02:00:00,PUMP101.DISCHARGE_PRESS,11.099,bar,GOOD
2025-01-06 03:00:00,PUMP101.DISCHARGE_PRESS,12.016,bar,GOOD
2025-01-06 04:00:00,PUMP101.DISCHARGE_PRESS,12.82,bar,GOOD
2025-01-06 05:00:00,PUMP101.DISCHARGE_PRESS,12.837,bar,GOOD
2025-01-06 06:00:00,PUMP101.DISCHARGE_PRESS,11.097,bar,GOOD
2025-01-06 07:00:00,PUMP101.DISCHARGE_PRESS,12.149,bar,GOOD
2025-01-06 08:00:00,PUMP101.DISCHARGE_PRESS,11.506,bar,GOOD
2025-01-06 09:00:00,PUMP101.DISCHARGE_PRESS,11.403,bar,GOOD
2025-01-06 10:00:00,PUMP101.DISCHARGE_PRESS,11.943,bar,GOOD
2025-01-06 11:00:00,PUMP101.DISCHARGE_PRESS,12.614,bar,GOOD
2025-01-06 12:00:00,PUMP101.DISCHARGE_PRESS,12.3,bar,GOOD
2025-01-06 13:00:00,PUMP101.DISCHARGE_PRESS,11.642,bar,GOOD
2025-01-06 14:00:00,PUMP101.DISCHARGE_PRESS,12.353,bar,GOOD
2025-01-06 15:00:00,PUMP101.DISCHARGE_PRESS,10.878,bar,GOOD
2025-01-06 16:00:00,PUMP101.DISCHARGE_PRESS,11.624,bar,GOOD
2025-01-06 17:00:00,PUMP101.DISCHARGE_PRESS,11.588,bar,GOOD
2025-01-06 18:00:00,PUMP101.DISCHARGE_PRESS,12.039,bar,GOOD
2025-01-06 19:00:00,PUMP101.DISCHARGE_PRESS,11.899,bar,GOOD
2025-01-06 20:00:00,PUMP101.DISCHARGE_PRESS,11.929,bar,GOOD
2025-01-06 21:00:00,PUMP101.DISCHARGE_PRESS,11.913,bar,GOOD
2025-01-06 22:00:00,PUMP101.DISCHARGE_PRESS,12.011,bar,GOOD
2025-01-06 23:00:00,PUMP101.DISCHARGE_PRESS,12.27,bar,GOOD
2025-01-07 00:00:00,PUMP101.DISCHARGE_PRESS,12.075,bar,GOOD
2025-01-07 01:00:00,PUMP101.DISCHARGE_PRESS,11.858,bar,GOOD
2025-01-07 02:00:00,PUMP101.DISCHARGE_PRESS,12.201,bar,GOOD
2025-01-07 03:00:00,PUMP101.DISCHARGE_PRESS,12.413,bar,GOOD
2025-01-07 04:00:00,PUMP101.DISCHARGE_PRESS,11.722,bar,GOOD
2025-01-07 05:00:00,PUMP101.DISCHARGE_PRESS,11.97,bar,GOOD
2025-01-07 06:00:00,PUMP101.DISCHARGE_PRESS,12.581,bar,GOOD
2025-01-07 07:00:00,PUMP101.DISCHARGE_PRESS,11.449,bar,GOOD
2025-01-07 08:00:00,PUMP101.DISCHARGE_PRESS,12.902,bar,GOOD
2025-01-07 09:00:00,PUMP101.DISCHARGE_PRESS,11.33,bar,GOOD
2025-01-07 10:00:00,PUMP101.DISCHARGE_PRESS,11.827,bar,GOOD
2025-01-07 11:00:00,PUMP101.DISCHARGE_PRESS,11.525,bar,GOOD
2025-01-07 12:00:00,PUMP101.DISCHARGE_PRESS,13.094,bar,GOOD
2025-01-07 13:00:00,PUMP101.DISCHARGE_PRESS,11.748,bar,GOOD
2025-01-07 14:00:00,PUMP101.DISCHARGE_PRESS,11.75,bar,GOOD
2025-01-07 15:00:00,PUMP101.DISCHARGE_PRESS,11.815,bar,GOOD
2025-01-07 16:00:00,PUMP101.DISCHARGE_PRESS,12.048,bar,GOOD
2025-01-07 17:00:00,PUMP101.DISCHARGE_PRESS,11.836,bar,GOOD
2025-01-07 18:00:00,PUMP101.DISCHARGE_PRESS,11.934,bar,GOOD
2025-01-07 19:00:00,PUMP101.DISCHARGE_PRESS,10.235,bar,GOOD
2025-01-07 20:00:00,PUMP101.DISCHARGE_PRESS,12.029,bar,GOOD
2025-01-07 21:00:00,PUMP101.DISCHARGE_PRESS,12.009,bar,GOOD
2025-01-07 22:00:00,PUMP101.DISCHARGE_PRESS,12.519,bar,GOOD
2025-01-07 23:00:00,PUMP101.DISCHARGE_PRESS,12.655,bar,GOOD
2025-01-08 00:00:00,PUMP101.DISCHARGE_PRESS,11.906,bar,GOOD
2025-01-08 01:00:00,PUMP101.DISCHARGE_PRESS,12.408,bar,GOOD
2025-01-08 02:00:00,PUMP101.DISCHARGE_PRESS,11.449,bar,GOOD
2025-01-08 03:00:00,PUMP101.DISCHARGE_PRESS,12.384,bar,GOOD
2025-01-08 04:00:00,PUMP101.DISCHARGE_PRESS,11.714,bar,GOOD
2025-01-08 05:00:00,PUMP101.DISCHARGE_PRESS,11.408,bar,GOOD
2025-01-08 06:00:00,PUMP101.DISCHARGE_PRESS,11.907,bar,GOOD
2025-01-08 07:00:00,PUMP101.DISCHARGE_PRESS,12.7,bar,GOOD
2025-01-08 08:00:00,PUMP101.DISCHARGE_PRESS,12.091,bar,GOOD
2025-01-08 09:00:00,PUMP101.DISCHARGE_PRESS,12.748,bar,GOOD
2025-01-08 10:00:00,PUMP101.DISCHARGE_PRESS,11.626,bar,GOOD
2025-01-08 11:00:00,PUMP101.DISCHARGE_PRESS,12.524,bar,GOOD
2025-01-08 12:00:00,PUMP101.DISCHARGE_PRESS,11.674,bar,GOOD
2025-01-08 13:00:00,PUMP101.DISCHARGE_PRESS,12.113,bar,GOOD
2025-01-08 14:00:00,PUMP101.DISCHARGE_PRESS,12.108,bar,GOOD
2025-01-08 15:00:00,PUMP101.DISCHARGE_PRESS,12.331,bar,GOOD
2025-01-08 16:00:00,PUMP101.DISCHARGE_PRESS,12.125,bar,GOOD
2025-01-08 17:00:00,PUMP101.DISCHARGE_PRESS,11.63,bar,GOOD
2025-01-08 18:00:00,PUMP101.DISCHARGE_PRESS,12.44,bar,GOOD
2025-01-08 19:00:00,PUMP101.DISCHARGE_PRESS,12.866,bar,GOOD
2025-01-08 20:00:00,PUMP101.DISCHARGE_PRESS,11.708,bar,GOOD
2025-01-08 21:00:00,PUMP101.DISCHARGE_PRESS,11.082,bar,GOOD
2025-01-08 22:00:00,PUMP101.DISCHARGE_PRESS,12.25,bar,GOOD
2025-01-08 23:00:00,PUMP101.DISCHARGE_PRESS,11.834,bar,GOOD
2025-01-09 00:00:00,PUMP101.DISCHARGE_PRESS,11.934,bar,GOOD
2025-01-09 01:00:00,PUMP101.DISCHARGE_PRESS,12.278,bar,GOOD
2025-01-09 02:00:00,PUMP101.DISCHARGE_PRESS,11.772,bar,GOOD
2025-01-09 03:00:00,PUMP101.DISCHARGE_PRESS,11.866,bar,GOOD
2025-01-09 04:00:00,PUMP101.DISCHARGE_PRESS,11.95,bar,GOOD
2025-01-09 05:00:00,PUMP101.DISCHARGE_PRESS,12.735,bar,GOOD
2025-01-09 06:00:00,PUMP101.DISCHARGE_PRESS,12.015,bar,GOOD
2025-01-09 07:00:00,PUMP101.DISCHARGE_PRESS,11.382,bar,GOOD
2025-01-09 08:00:00,PUMP101.DISCHARGE_PRESS,11.402,bar,GOOD
2025-01-09 09:00:00,PUMP101.DISCHARGE_PRESS,12.07,bar,GOOD
2025-01-09 10:00:00,PUMP101.DISCHARGE_PRESS,11.435,bar,GOOD
2025-01-09 11:00:00,PUMP101.DISCHARGE_PRESS,11.219,bar,GOOD
2025-01-09 12:00:00,PUMP101.DISCHARGE_PRESS,12.318,bar,GOOD
2025-01-09 13:00:00,PUMP101.DISCHARGE_PRESS,12.342,bar,GOOD
2025-01-09 14:00:00,PUMP101.DISCHARGE_PRESS,11.816,bar,GOOD
2025-01-09 15:00:00,PUMP101.DISCHARGE_PRESS,12.147,bar,GOOD
2025-01-09 16:00:00,PUMP101.DISCHARGE_PRESS,12.094,bar,GOOD
2025-01-09 17:00:00,PUMP101.DISCHARGE_PRESS,12.301,bar,GOOD
2025-01-09 18:00:00,PUMP101.DISCHARGE_PRESS,12.302,bar,GOOD
2025-01-09 19:00:00,PUMP101.DISCHARGE_PRESS,10.697,bar,GOOD
2025-01-09 20:00:00,PUMP101.DISCHARGE_PRESS,11.88,bar,GOOD
2025-01-09 21:00:00,PUMP101.DISCHARGE_PRESS,12.259,bar,GOOD
2025-01-09 22:00:00,PUMP101.DISCHARGE_PRESS,11.795,bar,GOOD
2025-01-09 23:00:00,PUMP101.DISCHARGE_PRESS,12.018,bar,GOOD
2025-01-10 00:00:00,PUMP101.DISCHARGE_PRESS,12.375,bar,GOOD
2025-01-10 01:00:00,PUMP101.DISCHARGE_PRESS,12.04,bar,GOOD
2025-01-10 02:00:00,PUMP101.DISCHARGE_PRESS,12.754,bar,GOOD
2025-01-10 03:00:00,PUMP101.DISCHARGE_PRESS,12.563,bar,GOOD
2025-01-10 04:00:00,PUMP101.DISCHARGE_PRESS,11.941,bar,GOOD
2025-01-10 05:00:00,PUMP101.DISCHARGE_PRESS,11.901,bar,GOOD
2025-01-10 06:00:00,PUMP101.DISCHARGE_PRESS,10.575,bar,GOOD
2025-01-10 07:00:00,PUMP101.DISCHARGE_PRESS,11.837,bar,GOOD
2025-01-10 08:00:00,PUMP101.DISCHARGE_PRESS,11.323,bar,GOOD
2025-01-10 09:00:00,PUMP101.DISCHARGE_PRESS,12.111,bar,GOOD
2025-01-10 10:00:00,PUMP101.DISCHARGE_PRESS,12.076,bar,GOOD
2025-01-10 11:00:00,PUMP101.DISCHARGE_PRESS,12.348,bar,GOOD
2025-01-10 12:00:00,PUMP101.DISCHARGE_PRESS,12.698,bar,GOOD
2025-01-10 13:00:00,PUMP101.DISCHARGE_PRESS,11.987,bar,GOOD
2025-01-10 14:00:00,PUMP101.DISCHARGE_PRESS,13.14,bar,GOOD
2025-01-10 15:00:00,PUMP101.DISCHARGE_PRESS,12.116,bar,GOOD
2025-01-10 16:00:00,PUMP101.DISCHARGE_PRESS,11.345,bar,GOOD
2025-01-10 17:00:00,PUMP101.DISCHARGE_PRESS,11.719,bar,GOOD
2025-01-10 18:00:00,PUMP101.DISCHARGE_PRESS,11.814,bar,GOOD
2025-01-10 19:00:00,PUMP101.DISCHARGE_PRESS,12.296,bar,GOOD
2025-01-10 20:00:00,PUMP101.DISCHARGE_PRESS,11.526,bar,GOOD
2025-01-10 21:00:00,PUMP101.DISCHARGE_PRESS,11.851,bar,GOOD
2025-01-10 22:00:00,PUMP101.DISCHARGE_PRESS,11.919,bar,GOOD
2025-01-10 23:00:00,PUMP101.DISCHARGE_PRESS,11.776,bar,GOOD
2025-01-11 00:00:00,PUMP101.DISCHARGE_PRESS,12.406,bar,GOOD
2025-01-11 01:00:00,PUMP101.DISCHARGE_PRESS,12.321,bar,GOOD
2025-01-11 02:00:00,PUMP101.DISCHARGE_PRESS,12.583,bar,GOOD
2025-01-11 03:00:00,PUMP101.DISCHARGE_PRESS,11.834,bar,GOOD
2025-01-11 04:00:00,PUMP101.DISCHARGE_PRESS,12.601,bar,GOOD
2025-01-11 05:00:00,PUMP101.DISCHARGE_PRESS,11.318,bar,GOOD
2025-01-11 06:00:00,PUMP101.DISCHARGE_PRESS,11.306,bar,GOOD
2025-01-11 07:00:00,PUMP101.DISCHARGE_PRESS,11.393,bar,GOOD
2025-01-11 08:00:00,PUMP101.DISCHARGE_PRESS,12.005,bar,GOOD
2025-01-11 09:00:00,PUMP101.DISCHARGE_PRESS,12.601,bar,GOOD
2025-01-11 10:00:00,PUMP101.DISCHARGE_PRESS,11.699,bar,GOOD
2025-01-11 11:00:00,PUMP101.DISCHARGE_PRESS,11.762,bar,GOOD
2025-01-11 12:00:00,PUMP101.DISCHARGE_PRESS,11.892,bar,GOOD
2025-01-11 13:00:00,PUMP101.DISCHARGE_PRESS,12.286,bar,GOOD
2025-01-11 14:00:00,PUMP101.DISCHARGE_PRESS,11.761,bar,GOOD
2025-01-11 15:00:00,PUMP101.DISCHARGE_PRESS,11.733,bar,GOOD
2025-01-11 16:00:00,PUMP101.DISCHARGE_PRESS,11.327,bar,GOOD
2025-01-11 17:00:00,PUMP101.DISCHARGE_PRESS,11.714,bar,GOOD
2025-01-11 18:00:00,PUMP101.DISCHARGE_PRESS,12.589,bar,GOOD
2025-01-11 19:00:00,PUMP101.DISCHARGE_PRESS,12.045,bar,GOOD
2025-01-11 20:00:00,PUMP101.DISCHARGE_PRESS,11.63,bar,GOOD
2025-01-11 21:00:00,PUMP101.DISCHARGE_PRESS,12.618,bar,GOOD
2025-01-11 22:00:00,PUMP101.DISCHARGE_PRESS,11.707,bar,GOOD
2025-01-11 23:00:00,PUMP101.DISCHARGE_PRESS,12.71,bar,GOOD
2025-01-12 00:00:00,PUMP101.DISCHARGE_PRESS,12.702,bar,GOOD
2025-01-12 01:00:00,PUMP101.DISCHARGE_PRESS,12.028,bar,GOOD
2025-01-12 02:00:00,PUMP101.DISCHARGE_PRESS,11.251,bar,GOOD
2025-01-12 03:00:00,PUMP101.DISCHARGE_PRESS,13.145,bar,GOOD
2025-01-12 04:00:00,PUMP101.DISCHARGE_PRESS,12.194,bar,GOOD
2025-01-12 05:00:00,PUMP101.DISCHARGE_PRESS,11.838,bar,GOOD
2025-01-12 06:00:00,PUMP101.DISCHARGE_PRESS,12.478,bar,GOOD
2025-01-12 07:00:00,PUMP101.DISCHARGE_PRESS,12.351,bar,GOOD
2025-01-12 08:00:00,PUMP101.DISCHARGE_PRESS,12.655,bar,GOOD
2025-01-12 09:00:00,PUMP101.DISCHARGE_PRESS,11.669,bar,GOOD
2025-01-12 10:00:00,PUMP101.DISCHARGE_PRESS,12.159,bar,GOOD
2025-01-12 11:00:00,PUMP101.DISCHARGE_PRESS,11.407,bar,GOOD
2025-01-12 12:00:00,PUMP101.DISCHARGE_PRESS,12.333,bar,GOOD
2025-01-12 13:00:00,PUMP101.DISCHARGE_PRESS,11.989,bar,GOOD
2025-01-12 14:00:00,PUMP101.DISCHARGE_PRESS,12.141,bar,GOOD
2025-01-12 15:00:00,PUMP101.DISCHARGE_PRESS,11.927,bar,GOOD
2025-01-12 16:00:00,PUMP101.DISCHARGE_PRESS,11.875,bar,GOOD
2025-01-12 17:00:00,PUMP101.DISCHARGE_PRESS,11.566,bar,GOOD
2025-01-12 18:00:00,PUMP101.DISCHARGE_PRESS,12.395,bar,GOOD
2025-01-12 19:00:00,PUMP101.DISCHARGE_PRESS,12.745,bar,GOOD
2025-01-12 20:00:00,PUMP101.DISCHARGE_PRESS,11.722,bar,GOOD
2025-01-12 21:00:00,PUMP101.DISCHARGE_PRESS,12.277,bar,GOOD
2025-01-12 22:00:00,PUMP101.DISCHARGE_PRESS,12.216,bar,GOOD
2025-01-12 23:00:00,PUMP101.DISCHARGE_PRESS,12.004,bar,GOOD
2025-01-13 00:00:00,PUMP101.DISCHARGE_PRESS,11.237,bar,GOOD
2025-01-13 01:00:00,PUMP101.DISCHARGE_PRESS,11.349,bar,GOOD
2025-01-13 02:00:00,PUMP101.DISCHARGE_PRESS,11.61,bar,GOOD
2025-01-13 03:00:00,PUMP101.DISCHARGE_PRESS,10.93,bar,GOOD
2025-01-13 04:00:00,PUMP101.DISCHARGE_PRESS,12.704,bar,GOOD
2025-01-13 05:00:00,PUMP101.DISCHARGE_PRESS,12.184,bar,GOOD
2025-01-13 06:00:00,PUMP101.DISCHARGE_PRESS,11.985,bar,GOOD
2025-01-13 07:00:00,PUMP101.DISCHARGE_PRESS,10.905,bar,GOOD
2025-01-13 08:00:00,PUMP101.DISCHARGE_PRESS,11.088,bar,GOOD
2025-01-13 09:00:00,PUMP101.DISCHARGE_PRESS,11.999,bar,GOOD
2025-01-13 10:00:00,PUMP101.DISCHARGE_PRESS,12.985,bar,GOOD
2025-01-13 11:00:00,PUMP101.DISCHARGE_PRESS,11.651,bar,GOOD
2025-01-13 12:00:00,PUMP101.DISCHARGE_PRESS,12.432,bar,GOOD
2025-01-13 13:00:00,PUMP101.DISCHARGE_PRESS,11.76,bar,GOOD
2025-01-13 14:00:00,PUMP101.DISCHARGE_PRESS,12.028,bar,GOOD
2025-01-13 15:00:00,PUMP101.DISCHARGE_PRESS,12.607,bar,GOOD
2025-01-13 16:00:00,PUMP101.DISCHARGE_PRESS,11.827,bar,GOOD
2025-01-13 17:00:00,PUMP101.DISCHARGE_PRESS,11.655,bar,GOOD
2025-01-13 18:00:00,PUMP101.DISCHARGE_PRESS,12.709,bar,GOOD
2025-01-13 19:00:00,PUMP101.DISCHARGE_PRESS,12.023,bar,GOOD
2025-01-13 20:00:00,PUMP101.DISCHARGE_PRESS,12.546,bar,GOOD
2025-01-13 21:00:00,PUMP101.DISCHARGE_PRESS,11.657,bar,GOOD
2025-01-13 22:00:00,PUMP101.DISCHARGE_PRESS,12.703,bar,GOOD
2025-01-13 23:00:00,PUMP101.DISCHARGE_PRESS,12.137,bar,GOOD
2025-01-14 00:00:00,PUMP101.DISCHARGE_PRESS,12.217,bar,GOOD
2025-01-14 01:00:00,PUMP101.DISCHARGE_PRESS,12.066,bar,GOOD
2025-01-14 02:00:00,PUMP101.DISCHARGE_PRESS,11.747,bar,GOOD
2025-01-14 03:00:00,PUMP101.DISCHARGE_PRESS,11.999,bar,GOOD
2025-01-14 04:00:00,PUMP101.DISCHARGE_PRESS,11.779,bar,GOOD
2025-01-14 05:00:00,PUMP101.DISCHARGE_PRESS,12.48,bar,GOOD
2025-01-14 06:00:00,PUMP101.DISCHARGE_PRESS,11.898,bar,GOOD
2025-01-14 07:00:00,PUMP101.DISCHARGE_PRESS,11.252,bar,GOOD
2025-01-14 08:00:00,PUMP101.DISCHARGE_PRESS,11.16,bar,GOOD
2025-01-14 09:00:00,PUMP101.DISCHARGE_PRESS,11.137,bar,GOOD
2025-01-14 10:00:00,PUMP101.DISCHARGE_PRESS,12.309,bar,GOOD
2025-01-14 11:00:00,PUMP101.DISCHARGE_PRESS,11.424,bar,BAD
2025-01-14 12:00:00,PUMP101.DISCHARGE_PRESS,12.15,bar,GOOD
2025-01-14 13:00:00,PUMP101.DISCHARGE_PRESS,12.068,bar,GOOD
2025-01-14 14:00:00,PUMP101.DISCHARGE_PRESS,11.968,bar,GOOD
2025-01-14 15:00:00,PUMP101.DISCHARGE_PRESS,12.219,bar,GOOD
2025-01-14 16:00:00,PUMP101.DISCHARGE_PRESS,12.079,bar,GOOD
2025-01-14 17:00:00,PUMP101.DISCHARGE_PRESS,10.645,bar,GOOD
2025-01-14 18:00:00,PUMP101.DISCHARGE_PRESS,11.838,bar,GOOD
2025-01-14 19:00:00,PUMP101.DISCHARGE_PRESS,12.213,bar,GOOD
2025-01-14 20:00:00,PUMP101.DISCHARGE_PRESS,12.82,bar,GOOD
2025-01-14 21:00:00,PUMP101.DISCHARGE_PRESS,12.843,bar,GOOD
2025-01-14 22:00:00,PUMP101.DISCHARGE_PRESS,11.318,bar,GOOD
2025-01-14 23:00:00,PUMP101.DISCHARGE_PRESS,11.825,bar,GOOD
2025-01-15 00:00:00,PUMP101.DISCHARGE_PRESS,11.217,bar,GOOD
2025-01-15 01:00:00,PUMP101.DISCHARGE_PRESS,12.76,bar,GOOD
2025-01-15 02:00:00,PUMP101.DISCHARGE_PRESS,12.506,bar,BAD
2025-01-15 03:00:00,PUMP101.DISCHARGE_PRESS,12.175,bar,GOOD
2025-01-15 04:00:00,PUMP101.DISCHARGE_PRESS,12.083,bar,GOOD
2025-01-15 05:00:00,PUMP101.DISCHARGE_PRESS,12.69,bar,GOOD
2025-01-15 06:00:00,PUMP101.DISCHARGE_PRESS,12.606,bar,GOOD
2025-01-15 07:00:00,PUMP101.DISCHARGE_PRESS,12.579,bar,GOOD
2025-01-15 08:00:00,PUMP101.DISCHARGE_PRESS,12.228,bar,GOOD
2025-01-15 09:00:00,PUMP101.DISCHARGE_PRESS,11.825,bar,GOOD
2025-01-15 10:00:00,PUMP101.DISCHARGE_PRESS,12.384,bar,GOOD
2025-01-15 11:00:00,PUMP101.DISCHARGE_PRESS,12.408,bar,GOOD
2025-01-15 12:00:00,PUMP101.DISCHARGE_PRESS,11.905,bar,GOOD
2025-01-15 13:00:00,PUMP101.DISCHARGE_PRESS,11.824,bar,GOOD
2025-01-15 14:00:00,PUMP101.DISCHARGE_PRESS,12.567,bar,GOOD
2025-01-15 15:00:00,PUMP101.DISCHARGE_PRESS,12.832,bar,GOOD
2025-01-15 16:00:00,PUMP101.DISCHARGE_PRESS,11.625,bar,GOOD
2025-01-15 17:00:00,PUMP101.DISCHARGE_PRESS,11.868,bar,BAD
2025-01-15 18:00:00,PUMP101.DISCHARGE_PRESS,12.175,bar,GOOD
2025-01-15 19:00:00,PUMP101.DISCHARGE_PRESS,12.243,bar,GOOD
2025-01-15 20:00:00,PUMP101.DISCHARGE_PRESS,11.739,bar,GOOD
2025-01-15 21:00:00,PUMP101.DISCHARGE_PRESS,12.942,bar,GOOD
2025-01-15 22:00:00,PUMP101.DISCHARGE_PRESS,12.211,bar,GOOD
2025-01-15 23:00:00,PUMP101.DISCHARGE_PRESS,12.266,bar,GOOD
2025-01-16 00:00:00,PUMP101.DISCHARGE_PRESS,12.879,bar,GOOD
2025-01-16 01:00:00,PUMP101.DISCHARGE_PRESS,11.775,bar,GOOD
2025-01-16 02:00:00,PUMP101.DISCHARGE_PRESS,11.956,bar,GOOD
2025-01-16 03:00:00,PUMP101.DISCHARGE_PRESS,11.373,bar,GOOD
2025-01-16 04:00:00,PUMP101.DISCHARGE_PRESS,11.914,bar,GOOD
2025-01-16 05:00:00,PUMP101.DISCHARGE_PRESS,11.256,bar,GOOD
2025-01-16 06:00:00,PUMP101.DISCHARGE_PRESS,12.374,bar,GOOD
2025-01-16 07:00:00,PUMP101.DISCHARGE_PRESS,12.21,bar,GOOD
2025-01-16 08:00:00,PUMP101.DISCHARGE_PRESS,11.861,bar,GOOD
2025-01-16 09:00:00,PUMP101.DISCHARGE_PRESS,11.95,bar,GOOD
2025-01-16 10:00:00,PUMP101.DISCHARGE_PRESS,12.381,bar,GOOD
2025-01-16 11:00:00,PUMP101.DISCHARGE_PRESS,11.432,bar,GOOD
2025-01-16 12:00:00,PUMP101.DISCHARGE_PRESS,12.102,bar,GOOD
2025-01-16 13:00:00,PUMP101.DISCHARGE_PRESS,12.35,bar,GOOD
2025-01-16 14:00:00,PUMP101.DISCHARGE_PRESS,11.109,bar,GOOD
2025-01-16 15:00:00,PUMP101.DISCHARGE_PRESS,12.342,bar,GOOD
2025-01-16 16:00:00,PUMP101.DISCHARGE_PRESS,11.163,bar,GOOD
2025-01-16 17:00:00,PUMP101.DISCHARGE_PRESS,11.941,bar,GOOD
2025-01-16 18:00:00,PUMP101.DISCHARGE_PRESS,11.418,bar,GOOD
2025-01-16 19:00:00,PUMP101.DISCHARGE_PRESS,12.716,bar,GOOD
2025-01-16 20:00:00,PUMP101.DISCHARGE_PRESS,11.421,bar,GOOD
2025-01-16 21:00:00,PUMP101.DISCHARGE_PRESS,11.175,bar,GOOD
2025-01-16 22:00:00,PUMP101.DISCHARGE_PRESS,12.067,bar,GOOD
2025-01-16 23:00:00,PUMP101.DISCHARGE_PRESS,11.793,bar,GOOD
2025-01-17 00:00:00,PUMP101.DISCHARGE_PRESS,11.248,bar,GOOD
2025-01-17 01:00:00,PUMP101.DISCHARGE_PRESS,12.263,bar,GOOD
2025-01-17 02:00:00,PUMP101.DISCHARGE_PRESS,11.004,bar,GOOD
2025-01-17 03:00:00,PUMP101.DISCHARGE_PRESS,11.482,bar,GOOD
2025-01-17 04:00:00,PUMP101.DISCHARGE_PRESS,11.712,bar,GOOD
2025-01-17 05:00:00,PUMP101.DISCHARGE_PRESS,12.401,bar,GOOD
2025-01-17 06:00:00,PUMP101.DISCHARGE_PRESS,12.648,bar,GOOD
2025-01-17 07:00:00,PUMP101.DISCHARGE_PRESS,12.551,bar,GOOD
2025-01-17 08:00:00,PUMP101.DISCHARGE_PRESS,11.923,bar,GOOD
2025-01-17 09:00:00,PUMP101.DISCHARGE_PRESS,10.786,bar,GOOD
2025-01-17 10:00:00,PUMP101.DISCHARGE_PRESS,12.195,bar,GOOD
2025-01-17 11:00:00,PUMP101.DISCHARGE_PRESS,12.735,bar,GOOD
2025-01-17 12:00:00,PUMP101.DISCHARGE_PRESS,12.617,bar,GOOD
2025-01-17 13:00:00,PUMP101.DISCHARGE_PRESS,12.231,bar,GOOD
2025-01-17 14:00:00,PUMP101.DISCHARGE_PRESS,11.405,bar,GOOD
2025-01-17 15:00:00,PUMP101.DISCHARGE_PRESS,11.737,bar,GOOD
2025-01-17 16:00:00,PUMP101.DISCHARGE_PRESS,12.967,bar,GOOD
2025-01-17 17:00:00,PUMP101.DISCHARGE_PRESS,11.292,bar,GOOD
2025-01-17 18:00:00,PUMP101.DISCHARGE_PRESS,11.426,bar,GOOD
2025-01-17 19:00:00,PUMP101.DISCHARGE_PRESS,12.471,bar,GOOD
2025-01-17 20:00:00,PUMP101.DISCHARGE_PRESS,11.784,bar,GOOD
2025-01-17 21:00:00,PUMP101.DISCHARGE_PRESS,11.409,bar,GOOD
2025-01-17 22:00:00,PUMP101.DISCHARGE_PRESS,12.764,bar,GOOD
2025-01-17 23:00:00,PUMP101.DISCHARGE_PRESS,12.231,bar,GOOD
2025-01-18 00:00:00,PUMP101.DISCHARGE_PRESS,11.809,bar,GOOD
2025-01-18 01:00:00,PUMP101.DISCHARGE_PRESS,11.427,bar,GOOD
2025-01-18 02:00:00,PUMP101.DISCHARGE_PRESS,13.024,bar,GOOD
2025-01-18 03:00:00,PUMP101.DISCHARGE_PRESS,11.988,bar,GOOD
2025-01-18 04:00:00,PUMP101.DISCHARGE_PRESS,12.699,bar,GOOD
2025-01-18 05:00:00,PUMP101.DISCHARGE_PRESS,12.447,bar,GOOD
2025-01-18 06:00:00,PUMP101.DISCHARGE_PRESS,11.74,bar,GOOD
2025-01-18 07:00:00,PUMP101.DISCHARGE_PRESS,11.744,bar,GOOD
2025-01-18 08:00:00,PUMP101.DISCHARGE_PRESS,12.723,bar,GOOD
2025-01-18 09:00:00,PUMP101.DISCHARGE_PRESS,12.731,bar,GOOD
2025-01-18 10:00:00,PUMP101.DISCHARGE_PRESS,11.062,bar,GOOD
2025-01-18 11:00:00,PUMP101.DISCHARGE_PRESS,12.275,bar,GOOD
2025-01-18 12:00:00,PUMP101.DISCHARGE_PRESS,11.939,bar,GOOD
2025-01-18 13:00:00,PUMP101.DISCHARGE_PRESS,11.483,bar,GOOD
2025-01-18 14:00:00,PUMP101.DISCHARGE_PRESS,12.131,bar,GOOD
2025-01-18 15:00:00,PUMP101.DISCHARGE_PRESS,11.325,bar,GOOD
2025-01-18 16:00:00,PUMP101.DISCHARGE_PRESS,11.767,bar,GOOD
2025-01-18 17:00:00,PUMP101.DISCHARGE_PRESS,11.601,bar,GOOD
2025-01-18 18:00:00,PUMP101.DISCHARGE_PRESS,11.75,bar,GOOD
2025-01-18 19:00:00,PUMP101.DISCHARGE_PRESS,11.964,bar,GOOD
2025-01-18 20:00:00,PUMP101.DISCHARGE_PRESS,11.492,bar,GOOD
2025-01-18 21:00:00,PUMP101.DISCHARGE_PRESS,12.787,bar,GOOD
2025-01-18 22:00:00,PUMP101.DISCHARGE_PRESS,12.247,bar,GOOD
2025-01-18 23:00:00,PUMP101.DISCHARGE_PRESS,12.897,bar,GOOD
2025-01-19 00:00:00,PUMP101.DISCHARGE_PRESS,11.92,bar,GOOD
2025-01-19 01:00:00,PUMP101.DISCHARGE_PRESS,11.726,bar,GOOD
2025-01-19 02:00:00,PUMP101.DISCHARGE_PRESS,12.879,bar,GOOD
2025-01-19 03:00:00,PUMP101.DISCHARGE_PRESS,11.711,bar,GOOD
2025-01-19 04:00:00,PUMP101.DISCHARGE_PRESS,11.911,bar,GOOD
2025-01-19 05:00:00,PUMP101.DISCHARGE_PRESS,12.36,bar,GOOD
2025-01-19 06:00:00,PUMP101.DISCHARGE_PRESS,11.381,bar,GOOD
2025-01-19 07:00:00,PUMP101.DISCHARGE_PRESS,12.356,bar,GOOD
2025-01-19 08:00:00,PUMP101.DISCHARGE_PRESS,12.292,bar,GOOD
2025-01-19 09:00:00,PUMP101.DISCHARGE_PRESS,12.635,bar,GOOD
2025-01-19 10:00:00,PUMP101.DISCHARGE_PRESS,12.445,bar,GOOD
2025-01-19 11:00:00,PUMP101.DISCHARGE_PRESS,12.65,bar,GOOD
2025-01-19 12:00:00,PUMP101.DISCHARGE_PRESS,11.945,bar,GOOD
2025-01-19 13:00:00,PUMP101.DISCHARGE_PRESS,11.569,bar,GOOD
2025-01-19 14:00:00,PUMP101.DISCHARGE_PRESS,13.055,bar,GOOD
2025-01-19 15:00:00,PUMP101.DISCHARGE_PRESS,11.237,bar,GOOD
2025-01-19 16:00:00,PUMP101.DISCHARGE_PRESS,11.287,bar,GOOD
2025-01-19 17:00:00,PUMP101.DISCHARGE_PRESS,12.283,bar,GOOD
2025-01-19 18:00:00,PUMP101.DISCHARGE_PRESS,12.812,bar,GOOD
2025-01-19 19:00:00,PUMP101.DISCHARGE_PRESS,12.095,bar,GOOD
2025-01-19 20:00:00,PUMP101.DISCHARGE_PRESS,12.5,bar,GOOD
2025-01-19 21:00:00,PUMP101.DISCHARGE_PRESS,11.002,bar,GOOD
2025-01-19 22:00:00,PUMP101.DISCHARGE_PRESS,11.75,bar,GOOD
2025-01-19 23:00:00,PUMP101.DISCHARGE_PRESS,11.063,bar,GOOD
2025-01-20 00:00:00,PUMP101.DISCHARGE_PRESS,12.39,bar,GOOD
2025-01-20 01:00:00,PUMP101.DISCHARGE_PRESS,11.226,bar,GOOD
2025-01-20 02:00:00,PUMP101.DISCHARGE_PRESS,11.361,bar,GOOD
2025-01-20 03:00:00,PUMP101.DISCHARGE_PRESS,12.257,bar,GOOD
2025-01-20 04:00:00,PUMP101.DISCHARGE_PRESS,12.531,bar,GOOD
2025-01-20 05:00:00,PUMP101.DISCHARGE_PRESS,11.921,bar,GOOD
2025-01-20 06:00:00,PUMP101.DISCHARGE_PRESS,12.285,bar,GOOD
2025-01-20 07:00:00,PUMP101.DISCHARGE_PRESS,12.269,bar,GOOD
2025-01-20 08:00:00,PUMP101.DISCHARGE_PRESS,11.892,bar,GOOD
2025-01-20 09:00:00,PUMP101.DISCHARGE_PRESS,11.453,bar,BAD
2025-01-20 10:00:00,PUMP101.DISCHARGE_PRESS,12.282,bar,GOOD
2025-01-20 11:00:00,PUMP101.DISCHARGE_PRESS,12.307,bar,GOOD
2025-01-20 12:00:00,PUMP101.DISCHARGE_PRESS,12.447,bar,GOOD
2025-01-20 13:00:00,PUMP101.DISCHARGE_PRESS,12.156,bar,GOOD
2025-01-20 14:00:00,PUMP101.DISCHARGE_PRESS,11.416,bar,GOOD
2025-01-20 15:00:00,PUMP101.DISCHARGE_PRESS,12.345,bar,GOOD
2025-01-20 16:00:00,PUMP101.DISCHARGE_PRESS,11.999,bar,GOOD
2025-01-20 17:00:00,PUMP101.DISCHARGE_PRESS,11.759,bar,GOOD
2025-01-20 18:00:00,PUMP101.DISCHARGE_PRESS,11.853,bar,BAD
2025-01-20 19:00:00,PUMP101.DISCHARGE_PRESS,11.655,bar,GOOD
2025-01-20 20:00:00,PUMP101.DISCHARGE_PRESS,12.444,bar,GOOD
2025-01-20 21:00:00,PUMP101.DISCHARGE_PRESS,11.291,bar,GOOD
2025-01-20 22:00:00,PUMP101.DISCHARGE_PRESS,11.503,bar,GOOD
2025-01-20 23:00:00,PUMP101.DISCHARGE_PRESS,11.836,bar,GOOD
2025-01-21 00:00:00,PUMP101.DISCHARGE_PRESS,12.807,bar,GOOD
2025-01-21 01:00:00,PUMP101.DISCHARGE_PRESS,12.527,bar,GOOD
2025-01-21 02:00:00,PUMP101.DISCHARGE_PRESS,11.18,bar,GOOD
2025-01-21 03:00:00,PUMP101.DISCHARGE_PRESS,12.676,bar,GOOD
2025-01-21 04:00:00,PUMP101.DISCHARGE_PRESS,12.675,bar,GOOD
2025-01-21 05:00:00,PUMP101.DISCHARGE_PRESS,11.413,bar,GOOD
2025-01-21 06:00:00,PUMP101.DISCHARGE_PRESS,10.739,bar,GOOD
2025-01-21 07:00:00,PUMP101.DISCHARGE_PRESS,11.964,bar,GOOD
2025-01-21 08:00:00,PUMP101.DISCHARGE_PRESS,12.561,bar,GOOD
2025-01-21 09:00:00,PUMP101.DISCHARGE_PRESS,12.796,bar,GOOD
2025-01-21 10:00:00,PUMP101.DISCHARGE_PRESS,11.565,bar,GOOD
2025-01-21 11:00:00,PUMP101.DISCHARGE_PRESS,12.876,bar,GOOD
2025-01-21 12:00:00,PUMP101.DISCHARGE_PRESS,10.886,bar,GOOD
2025-01-21 13:00:00,PUMP101.DISCHARGE_PRESS,11.816,bar,GOOD
2025-01-21 14:00:00,PUMP101.DISCHARGE_PRESS,11.791,bar,GOOD
2025-01-21 15:00:00,PUMP101.DISCHARGE_PRESS,12.576,bar,GOOD
2025-01-21 16:00:00,PUMP101.DISCHARGE_PRESS,12.649,bar,GOOD
2025-01-21 17:00:00,PUMP101.DISCHARGE_PRESS,12.477,bar,GOOD
2025-01-21 18:00:00,PUMP101.DISCHARGE_PRESS,11.325,bar,GOOD
2025-01-21 19:00:00,PUMP101.DISCHARGE_PRESS,12.431,bar,GOOD
2025-01-21 20:00:00,PUMP101.DISCHARGE_PRESS,12.255,bar,GOOD
2025-01-21 21:00:00,PUMP101.DISCHARGE_PRESS,11.164,bar,GOOD
2025-01-21 22:00:00,PUMP101.DISCHARGE_PRESS,10.966,bar,GOOD
2025-01-21 23:00:00,PUMP101.DISCHARGE_PRESS,12.519,bar,GOOD
2025-01-22 00:00:00,PUMP101.DISCHARGE_PRESS,11.91,bar,GOOD
2025-01-22 01:00:00,PUMP101.DISCHARGE_PRESS,11.357,bar,GOOD
2025-01-22 02:00:00,PUMP101.DISCHARGE_PRESS,11.896,bar,GOOD
2025-01-22 03:00:00,PUMP101.DISCHARGE_PRESS,12.182,bar,GOOD
2025-01-22 04:00:00,PUMP101.DISCHARGE_PRESS,11.959,bar,GOOD
2025-01-22 05:00:00,PUMP101.DISCHARGE_PRESS,11.224,bar,GOOD
2025-01-22 06:00:00,PUMP101.DISCHARGE_PRESS,12.943,bar,GOOD
2025-01-22 07:00:00,PUMP101.DISCHARGE_PRESS,12.502,bar,GOOD
2025-01-22 08:00:00,PUMP101.DISCHARGE_PRESS,11.832,bar,GOOD
2025-01-22 09:00:00,PUMP101.DISCHARGE_PRESS,11.852,bar,GOOD
2025-01-22 10:00:00,PUMP101.DISCHARGE_PRESS,12.18,bar,GOOD
2025-01-22 11:00:00,PUMP101.DISCHARGE_PRESS,11.435,bar,GOOD
2025-01-22 12:00:00,PUMP101.DISCHARGE_PRESS,12.161,bar,GOOD
2025-01-22 13:00:00,PUMP101.DISCHARGE_PRESS,11.335,bar,GOOD
2025-01-22 14:00:00,PUMP101.DISCHARGE_PRESS,11.965,bar,GOOD
2025-01-22 15:00:00,PUMP101.DISCHARGE_PRESS,11.416,bar,GOOD
2025-01-22 16:00:00,PUMP101.DISCHARGE_PRESS,11.441,bar,GOOD
2025-01-22 17:00:00,PUMP101.DISCHARGE_PRESS,12.823,bar,GOOD
2025-01-22 18:00:00,PUMP101.DISCHARGE_PRESS,12.03,bar,GOOD
2025-01-22 19:00:00,PUMP101.DISCHARGE_PRESS,12.104,bar,GOOD
2025-01-22 20:00:00,PUMP101.DISCHARGE_PRESS,10.994,bar,GOOD
2025-01-22 21:00:00,PUMP101.DISCHARGE_PRESS,11.701,bar,GOOD
2025-01-22 22:00:00,PUMP101.DISCHARGE_PRESS,12.231,bar,GOOD
2025-01-22 23:00:00,PUMP101.DISCHARGE_PRESS,12.097,bar,GOOD
2025-01-23 00:00:00,PUMP101.DISCHARGE_PRESS,10.923,bar,GOOD
2025-01-23 01:00:00,PUMP101.DISCHARGE_PRESS,12.104,bar,GOOD
2025-01-23 02:00:00,PUMP101.DISCHARGE_PRESS,12.183,bar,GOOD
2025-01-23 03:00:00,PUMP101.DISCHARGE_PRESS,12.642,bar,GOOD
2025-01-23 04:00:00,PUMP101.DISCHARGE_PRESS,11.672,bar,GOOD
2025-01-23 05:00:00,PUMP101.DISCHARGE_PRESS,10.879,bar,GOOD
2025-01-23 06:00:00,PUMP101.DISCHARGE_PRESS,11.502,bar,GOOD
2025-01-23 07:00:00,PUMP101.DISCHARGE_PRESS,11.451,bar,GOOD
2025-01-23 08:00:00,PUMP101.DISCHARGE_PRESS,12.368,bar,GOOD
2025-01-23 09:00:00,PUMP101.DISCHARGE_PRESS,10.642,bar,GOOD
2025-01-23 10:00:00,PUMP101.DISCHARGE_PRESS,11.776,bar,GOOD
2025-01-23 11:00:00,PUMP101.DISCHARGE_PRESS,12.713,bar,GOOD
2025-01-23 12:00:00,PUMP101.DISCHARGE_PRESS,12.004,bar,GOOD
2025-01-23 13:00:00,PUMP101.DISCHARGE_PRESS,12.448,bar,GOOD
2025-01-23 14:00:00,PUMP101.DISCHARGE_PRESS,11.179,bar,GOOD
2025-01-23 15:00:00,PUMP101.DISCHARGE_PRESS,11.199,bar,GOOD
2025-01-23 16:00:00,PUMP101.DISCHARGE_PRESS,12.719,bar,GOOD
2025-01-23 17:00:00,PUMP101.DISCHARGE_PRESS,12.051,bar,GOOD
2025-01-23 18:00:00,PUMP101.DISCHARGE_PRESS,12.052,bar,GOOD
2025-01-23 19:00:00,PUMP101.DISCHARGE_PRESS,11.441,bar,GOOD
2025-01-23 20:00:00,PUMP101.DISCHARGE_PRESS,12.05,bar,GOOD
2025-01-23 21:00:00,PUMP101.DISCHARGE_PRESS,11.427,bar,GOOD
2025-01-23 22:00:00,PUMP101.DISCHARGE_PRESS,12.593,bar,GOOD
2025-01-23 23:00:00,PUMP101.DISCHARGE_PRESS,13.364,bar,GOOD
2025-01-24 00:00:00,PUMP101.DISCHARGE_PRESS,12.242,bar,GOOD
2025-01-24 01:00:00,PUMP101.DISCHARGE_PRESS,11.683,bar,GOOD
2025-01-24 02:00:00,PUMP101.DISCHARGE_PRESS,10.733,bar,GOOD
2025-01-24 03:00:00,PUMP101.DISCHARGE_PRESS,11.158,bar,GOOD
2025-01-24 04:00:00,PUMP101.DISCHARGE_PRESS,12.777,bar,GOOD
2025-01-24 05:00:00,PUMP101.DISCHARGE_PRESS,11.485,bar,GOOD
2025-01-24 06:00:00,PUMP101.DISCHARGE_PRESS,11.815,bar,GOOD
2025-01-24 07:00:00,PUMP101.DISCHARGE_PRESS,12.328,bar,GOOD
2025-01-24 08:00:00,PUMP101.DISCHARGE_PRESS,12.741,bar,GOOD
2025-01-24 09:00:00,PUMP101.DISCHARGE_PRESS,11.9,bar,GOOD
2025-01-24 10:00:00,PUMP101.DISCHARGE_PRESS,11.798,bar,GOOD
2025-01-24 11:00:00,PUMP101.DISCHARGE_PRESS,12.036,bar,GOOD
2025-01-24 12:00:00,PUMP101.DISCHARGE_PRESS,11.686,bar,GOOD
2025-01-24 13:00:00,PUMP101.DISCHARGE_PRESS,11.713,bar,GOOD
2025-01-24 14:00:00,PUMP101.DISCHARGE_PRESS,12.206,bar,GOOD
2025-01-24 15:00:00,PUMP101.DISCHARGE_PRESS,12.093,bar,GOOD
2025-01-24 16:00:00,PUMP101.DISCHARGE_PRESS,13.066,bar,GOOD
2025-01-24 17:00:00,PUMP101.DISCHARGE_PRESS,12.219,bar,GOOD
2025-01-24 18:00:00,PUMP101.DISCHARGE_PRESS,12.576,bar,GOOD
2025-01-24 19:00:00,PUMP101.DISCHARGE_PRESS,11.464,bar,GOOD
2025-01-24 20:00:00,PUMP101.DISCHARGE_PRESS,12.263,bar,GOOD
2025-01-24 21:00:00,PUMP101.DISCHARGE_PRESS,11.639,bar,GOOD
2025-01-24 22:00:00,PUMP101.DISCHARGE_PRESS,12.198,bar,GOOD
2025-01-24 23:00:00,PUMP101.DISCHARGE_PRESS,12.344,bar,GOOD
2025-01-25 00:00:00,PUMP101.DISCHARGE_PRESS,12.025,bar,GOOD
2025-01-25 01:00:00,PUMP101.DISCHARGE_PRESS,13.204,bar,GOOD
2025-01-25 02:00:00,PUMP101.DISCHARGE_PRESS,12.714,bar,GOOD
2025-01-25 03:00:00,PUMP101.DISCHARGE_PRESS,12.589,bar,GOOD
2025-01-25 04:00:00,PUMP101.DISCHARGE_PRESS,12.382,bar,GOOD
2025-01-25 05:00:00,PUMP101.DISCHARGE_PRESS,12.882,bar,GOOD
2025-01-25 06:00:00,PUMP101.DISCHARGE_PRESS,11.282,bar,GOOD
2025-01-25 07:00:00,PUMP101.DISCHARGE_PRESS,12.685,bar,GOOD
2025-01-25 08:00:00,PUMP101.DISCHARGE_PRESS,11.504,bar,GOOD
2025-01-25 09:00:00,PUMP101.DISCHARGE_PRESS,11.718,bar,GOOD
2025-01-25 10:00:00,PUMP101.DISCHARGE_PRESS,12.281,bar,GOOD
2025-01-25 11:00:00,PUMP101.DISCHARGE_PRESS,12.617,bar,GOOD
2025-01-25 12:00:00,PUMP101.DISCHARGE_PRESS,11.423,bar,GOOD
2025-01-25 13:00:00,PUMP101.DISCHARGE_PRESS,11.744,bar,GOOD
2025-01-25 14:00:00,PUMP101.DISCHARGE_PRESS,12.049,bar,GOOD
2025-01-25 15:00:00,PUMP101.DISCHARGE_PRESS,11.907,bar,GOOD
2025-01-25 16:00:00,PUMP101.DISCHARGE_PRESS,12.427,bar,GOOD
2025-01-25 17:00:00,PUMP101.DISCHARGE_PRESS,13.718,bar,GOOD
2025-01-25 18:00:00,PUMP101.DISCHARGE_PRESS,12.21,bar,GOOD
2025-01-25 19:00:00,PUMP101.DISCHARGE_PRESS,11.632,bar,GOOD
2025-01-25 20:00:00,PUMP101.DISCHARGE_PRESS,11.352,bar,GOOD
2025-01-25 21:00:00,PUMP101.DISCHARGE_PRESS,11.837,bar,GOOD
2025-01-25 22:00:00,PUMP101.DISCHARGE_PRESS,11.53,bar,GOOD
2025-01-25 23:00:00,PUMP101.DISCHARGE_PRESS,12.234,bar,GOOD
2025-01-26 00:00:00,PUMP101.DISCHARGE_PRESS,12.226,bar,GOOD
2025-01-26 01:00:00,PUMP101.DISCHARGE_PRESS,11.768,bar,GOOD
2025-01-26 02:00:00,PUMP101.DISCHARGE_PRESS,12.992,bar,GOOD
2025-01-26 03:00:00,PUMP101.DISCHARGE_PRESS,11.632,bar,GOOD
2025-01-26 04:00:00,PUMP101.DISCHARGE_PRESS,11.94,bar,GOOD
2025-01-26 05:00:00,PUMP101.DISCHARGE_PRESS,12.32,bar,GOOD
2025-01-26 06:00:00,PUMP101.DISCHARGE_PRESS,12.446,bar,GOOD
2025-01-26 07:00:00,PUMP101.DISCHARGE_PRESS,12.639,bar,GOOD
2025-01-26 08:00:00,PUMP101.DISCHARGE_PRESS,12.214,bar,GOOD
2025-01-26 09:00:00,PUMP101.DISCHARGE_PRESS,12.525,bar,GOOD
2025-01-26 10:00:00,PUMP101.DISCHARGE_PRESS,11.667,bar,GOOD
2025-01-26 11:00:00,PUMP101.DISCHARGE_PRESS,12.459,bar,GOOD
2025-01-26 12:00:00,PUMP101.DISCHARGE_PRESS,12.452,bar,GOOD
2025-01-26 13:00:00,PUMP101.DISCHARGE_PRESS,12.756,bar,GOOD
2025-01-26 14:00:00,PUMP101.DISCHARGE_PRESS,11.166,bar,GOOD
2025-01-26 15:00:00,PUMP101.DISCHARGE_PRESS,11.546,bar,GOOD
2025-01-26 16:00:00,PUMP101.DISCHARGE_PRESS,12.412,bar,BAD
2025-01-26 17:00:00,PUMP101.DISCHARGE_PRESS,10.674,bar,GOOD
2025-01-26 18:00:00,PUMP101.DISCHARGE_PRESS,12.246,bar,GOOD
2025-01-26 19:00:00,PUMP101.DISCHARGE_PRESS,12.53,bar,GOOD
2025-01-26 20:00:00,PUMP101.DISCHARGE_PRESS,11.712,bar,GOOD
2025-01-26 21:00:00,PUMP101.DISCHARGE_PRESS,11.785,bar,GOOD
2025-01-26 22:00:00,PUMP101.DISCHARGE_PRESS,11.463,bar,GOOD
2025-01-26 23:00:00,PUMP101.DISCHARGE_PRESS,11.739,bar,GOOD
2025-01-27 00:00:00,PUMP101.DISCHARGE_PRESS,11.754,bar,GOOD
2025-01-27 01:00:00,PUMP101.DISCHARGE_PRESS,11.659,bar,GOOD
2025-01-27 02:00:00,PUMP101.DISCHARGE_PRESS,11.631,bar,GOOD
2025-01-27 03:00:00,PUMP101.DISCHARGE_PRESS,11.864,bar,GOOD
2025-01-27 04:00:00,PUMP101.DISCHARGE_PRESS,11.858,bar,GOOD
2025-01-27 05:00:00,PUMP101.DISCHARGE_PRESS,12.937,bar,GOOD
2025-01-27 06:00:00,PUMP101.DISCHARGE_PRESS,11.803,bar,GOOD
2025-01-27 07:00:00,PUMP101.DISCHARGE_PRESS,12.172,bar,GOOD
2025-01-27 08:00:00,PUMP101.DISCHARGE_PRESS,11.712,bar,GOOD
2025-01-27 09:00:00,PUMP101.DISCHARGE_PRESS,11.705,bar,GOOD
2025-01-27 10:00:00,PUMP101.DISCHARGE_PRESS,11.148,bar,GOOD
2025-01-27 11:00:00,PUMP101.DISCHARGE_PRESS,11.214,bar,GOOD
2025-01-27 12:00:00,PUMP101.DISCHARGE_PRESS,11.397,bar,GOOD
2025-01-27 13:00:00,PUMP101.DISCHARGE_PRESS,12.092,bar,GOOD
2025-01-27 14:00:00,PUMP101.DISCHARGE_PRESS,12.538,bar,GOOD
2025-01-27 15:00:00,PUMP101.DISCHARGE_PRESS,11.107,bar,GOOD
2025-01-27 16:00:00,PUMP101.DISCHARGE_PRESS,11.725,bar,GOOD
2025-01-27 17:00:00,PUMP101.DISCHARGE_PRESS,11.317,bar,GOOD
2025-01-27 18:00:00,PUMP101.DISCHARGE_PRESS,11.868,bar,GOOD
2025-01-27 19:00:00,PUMP101.DISCHARGE_PRESS,12.538,bar,GOOD
2025-01-27 20:00:00,PUMP101.DISCHARGE_PRESS,11.777,bar,GOOD
2025-01-27 21:00:00,PUMP101.DISCHARGE_PRESS,11.976,bar,GOOD
2025-01-27 22:00:00,PUMP101.DISCHARGE_PRESS,12.728,bar,GOOD
2025-01-27 23:00:00,PUMP101.DISCHARGE_PRESS,12.229,bar,GOOD
2025-01-28 00:00:00,PUMP101.DISCHARGE_PRESS,11.62,bar,GOOD
2025-01-28 01:00:00,PUMP101.DISCHARGE_PRESS,12.079,bar,GOOD
2025-01-28 02:00:00,PUMP101.DISCHARGE_PRESS,11.586,bar,GOOD
2025-01-28 03:00:00,PUMP101.DISCHARGE_PRESS,12.21,bar,GOOD
2025-01-28 04:00:00,PUMP101.DISCHARGE_PRESS,12.258,bar,GOOD
2025-01-28 05:00:00,PUMP101.DISCHARGE_PRESS,11.316,bar,BAD
2025-01-28 06:00:00,PUMP101.DISCHARGE_PRESS,12.088,bar,GOOD
2025-01-28 07:00:00,PUMP101.DISCHARGE_PRESS,11.941,bar,GOOD
2025-01-28 08:00:00,PUMP101.DISCHARGE_PRESS,12.272,bar,GOOD
2025-01-28 09:00:00,PUMP101.DISCHARGE_PRESS,12.416,bar,GOOD
2025-01-28 10:00:00,PUMP101.DISCHARGE_PRESS,12.239,bar,GOOD
2025-01-28 11:00:00,PUMP101.DISCHARGE_PRESS,11.848,bar,GOOD
2025-01-28 12:00:00,PUMP101.DISCHARGE_PRESS,12.467,bar,GOOD
2025-01-28 13:00:00,PUMP101.DISCHARGE_PRESS,11.563,bar,GOOD
2025-01-28 14:00:00,PUMP101.DISCHARGE_PRESS,11.34,bar,GOOD
2025-01-28 15:00:00,PUMP101.DISCHARGE_PRESS,10.402,bar,GOOD
2025-01-28 16:00:00,PUMP101.DISCHARGE_PRESS,11.965,bar,BAD
2025-01-28 17:00:00,PUMP101.DISCHARGE_PRESS,11.589,bar,GOOD
2025-01-28 18:00:00,PUMP101.DISCHARGE_PRESS,12.199,bar,GOOD
2025-01-28 19:00:00,PUMP101.DISCHARGE_PRESS,11.014,bar,GOOD
2025-01-28 20:00:00,PUMP101.DISCHARGE_PRESS,11.676,bar,GOOD
2025-01-28 21:00:00,PUMP101.DISCHARGE_PRESS,12.235,bar,GOOD
2025-01-28 22:00:00,PUMP101.DISCHARGE_PRESS,11.485,bar,GOOD
2025-01-28 23:00:00,PUMP101.DISCHARGE_PRESS,12.205,bar,GOOD
2025-01-29 00:00:00,PUMP101.DISCHARGE_PRESS,11.721,bar,GOOD
2025-01-29 01:00:00,PUMP101.DISCHARGE_PRESS,11.984,bar,GOOD
2025-01-29 02:00:00,PUMP101.DISCHARGE_PRESS,12.298,bar,GOOD
2025-01-29 03:00:00,PUMP101.DISCHARGE_PRESS,12.476,bar,GOOD
2025-01-29 04:00:00,PUMP101.DISCHARGE_PRESS,12.046,bar,GOOD
2025-01-29 05:00:00,PUMP101.DISCHARGE_PRESS,11.593,bar,GOOD
2025-01-29 06:00:00,PUMP101.DISCHARGE_PRESS,11.771,bar,GOOD
2025-01-29 07:00:00,PUMP101.DISCHARGE_PRESS,12.318,bar,GOOD
2025-01-29 08:00:00,PUMP101.DISCHARGE_PRESS,11.489,bar,BAD
2025-01-29 09:00:00,PUMP101.DISCHARGE_PRESS,11.911,bar,GOOD
2025-01-29 10:00:00,PUMP101.DISCHARGE_PRESS,11.807,bar,GOOD
2025-01-29 11:00:00,PUMP101.DISCHARGE_PRESS,11.948,bar,GOOD
2025-01-29 12:00:00,PUMP101.DISCHARGE_PRESS,11.495,bar,GOOD
2025-01-29 13:00:00,PUMP101.DISCHARGE_PRESS,11.074,bar,GOOD
2025-01-29 14:00:00,PUMP101.DISCHARGE_PRESS,12.26,bar,GOOD
2025-01-29 15:00:00,PUMP101.DISCHARGE_PRESS,12.482,bar,GOOD
2025-01-29 16:00:00,PUMP101.DISCHARGE_PRESS,11.104,bar,GOOD
2025-01-29 17:00:00,PUMP101.DISCHARGE_PRESS,12.184,bar,GOOD
2025-01-29 18:00:00,PUMP101.DISCHARGE_PRESS,12.542,bar,GOOD
2025-01-29 19:00:00,PUMP101.DISCHARGE_PRESS,12.298,bar,GOOD
2025-01-29 20:00:00,PUMP101.DISCHARGE_PRESS,11.792,bar,GOOD
2025-01-29 21:00:00,PUMP101.DISCHARGE_PRESS,11.528,bar,GOOD
2025-01-29 22:00:00,PUMP101.DISCHARGE_PRESS,12.04,bar,GOOD
2025-01-29 23:00:00,PUMP101.DISCHARGE_PRESS,12.124,bar,GOOD
2025-01-30 00:00:00,PUMP101.DISCHARGE_PRESS,12.048,bar,GOOD
2025-01-30 01:00:00,PUMP101.DISCHARGE_PRESS,11.91,bar,GOOD
2025-01-30 02:00:00,PUMP101.DISCHARGE_PRESS,11.459,bar,GOOD
2025-01-30 03:00:00,PUMP101.DISCHARGE_PRESS,12.211,bar,GOOD
2025-01-30 04:00:00,PUMP101.DISCHARGE_PRESS,12.235,bar,GOOD
2025-01-30 05:00:00,PUMP101.DISCHARGE_PRESS,12.1,bar,GOOD
2025-01-30 06:00:00,PUMP101.DISCHARGE_PRESS,12.055,bar,GOOD
2025-01-30 07:00:00,PUMP101.DISCHARGE_PRESS,12.84,bar,GOOD
2025-01-30 08:00:00,PUMP101.DISCHARGE_PRESS,11.688,bar,GOOD
2025-01-30 09:00:00,PUMP101.DISCHARGE_PRESS,12.641,bar,GOOD
2025-01-30 10:00:00,PUMP101.DISCHARGE_PRESS,11.633,bar,GOOD
2025-01-30 11:00:00,PUMP101.DISCHARGE_PRESS,12.554,bar,GOOD
2025-01-30 12:00:00,PUMP101.DISCHARGE_PRESS,12.617,bar,GOOD
2025-01-30 13:00:00,PUMP101.DISCHARGE_PRESS,11.853,bar,GOOD
2025-01-30 14:00:00,PUMP101.DISCHARGE_PRESS,12.83,bar,GOOD
2025-01-30 15:00:00,PUMP101.DISCHARGE_PRESS,12.235,bar,GOOD
2025-01-30 16:00:00,PUMP101.DISCHARGE_PRESS,11.561,bar,GOOD
2025-01-30 17:00:00,PUMP101.DISCHARGE_PRESS,11.813,bar,GOOD
2025-01-30 18:00:00,PUMP101.DISCHARGE_PRESS,12.566,bar,GOOD
2025-01-30 19:00:00,PUMP101.DISCHARGE_PRESS,12.462,bar,GOOD
2025-01-30 20:00:00,PUMP101.DISCHARGE_PRESS,11.471,bar,GOOD
2025-01-30 21:00:00,PUMP101.DISCHARGE_PRESS,11.93,bar,GOOD
2025-01-30 22:00:00,PUMP101.DISCHARGE_PRESS,12.102,bar,GOOD
2025-01-30 23:00:00,PUMP101.DISCHARGE_PRESS,11.746,bar,GOOD
2025-01-31 00:00:00,PUMP101.DISCHARGE_PRESS,13.179,bar,GOOD
2025-01-31 01:00:00,PUMP101.DISCHARGE_PRESS,12.117,bar,GOOD
2025-01-31 02:00:00,PUMP101.DISCHARGE_PRESS,11.969,bar,GOOD
2025-01-31 03:00:00,PUMP101.DISCHARGE_PRESS,12.595,bar,GOOD
2025-01-31 04:00:00,PUMP101.DISCHARGE_PRESS,11.817,bar,GOOD
2025-01-31 05:00:00,PUMP101.DISCHARGE_PRESS,12.504,bar,GOOD
2025-01-31 06:00:00,PUMP101.DISCHARGE_PRESS,11.166,bar,GOOD
2025-01-31 07:00:00,PUMP101.DISCHARGE_PRESS,11.773,bar,GOOD
2025-01-31 08:00:00,PUMP101.DISCHARGE_PRESS,12.525,bar,GOOD
2025-01-31 09:00:00,PUMP101.DISCHARGE_PRESS,12.785,bar,GOOD
2025-01-31 10:00:00,PUMP101.DISCHARGE_PRESS,11.613,bar,GOOD
2025-01-31 11:00:00,PUMP101.DISCHARGE_PRESS,11.555,bar,GOOD
2025-01-31 12:00:00,PUMP101.DISCHARGE_PRESS,12.284,bar,GOOD
2025-01-31 13:00:00,PUMP101.DISCHARGE_PRESS,11.688,bar,GOOD
2025-01-31 14:00:00,PUMP101.DISCHARGE_PRESS,11.866,bar,GOOD
2025-01-31 15:00:00,PUMP101.DISCHARGE_PRESS,12.438,bar,GOOD
2025-01-31 16:00:00,PUMP101.DISCHARGE_PRESS,11.728,bar,GOOD
2025-01-31 17:00:00,PUMP101.DISCHARGE_PRESS,11.017,bar,GOOD
2025-01-31 18:00:00,PUMP101.DISCHARGE_PRESS,11.349,bar,GOOD
2025-01-31 19:00:00,PUMP101.DISCHARGE_PRESS,12.005,bar,GOOD
2025-01-31 20:00:00,PUMP101.DISCHARGE_PRESS,11.068,bar,GOOD
2025-01-31 21:00:00,PUMP101.DISCHARGE_PRESS,11.851,bar,GOOD
2025-01-31 22:00:00,PUMP101.DISCHARGE_PRESS,11.304,bar,GOOD
2025-01-31 23:00:00,PUMP101.DISCHARGE_PRESS,12.82,bar,GOOD
2025-02-01 00:00:00,PUMP101.DISCHARGE_PRESS,13.083,bar,GOOD
2025-02-01 01:00:00,PUMP101.DISCHARGE_PRESS,11.471,bar,GOOD
2025-02-01 02:00:00,PUMP101.DISCHARGE_PRESS,12.128,bar,GOOD
2025-02-01 03:00:00,PUMP101.DISCHARGE_PRESS,11.52,bar,GOOD
2025-02-01 04:00:00,PUMP101.DISCHARGE_PRESS,11.845,bar,GOOD
2025-02-01 05:00:00,PUMP101.DISCHARGE_PRESS,12.902,bar,GOOD
2025-02-01 06:00:00,PUMP101.DISCHARGE_PRESS,11.767,bar,GOOD
2025-02-01 07:00:00,PUMP101.DISCHARGE_PRESS,11.857,bar,GOOD
2025-02-01 08:00:00,PUMP101.DISCHARGE_PRESS,11.529,bar,GOOD
2025-02-01 09:00:00,PUMP101.DISCHARGE_PRESS,12.573,bar,GOOD
2025-02-01 10:00:00,PUMP101.DISCHARGE_PRESS,10.368,bar,GOOD
2025-02-01 11:00:00,PUMP101.DISCHARGE_PRESS,11.779,bar,GOOD
2025-02-01 12:00:00,PUMP101.DISCHARGE_PRESS,11.977,bar,GOOD
2025-02-01 13:00:00,PUMP101.DISCHARGE_PRESS,11.669,bar,GOOD
2025-02-01 14:00:00,PUMP101.DISCHARGE_PRESS,12.432,bar,GOOD
2025-02-01 15:00:00,PUMP101.DISCHARGE_PRESS,12.601,bar,GOOD
2025-02-01 16:00:00,PUMP101.DISCHARGE_PRESS,11.294,bar,GOOD
2025-02-01 17:00:00,PUMP101.DISCHARGE_PRESS,13.047,bar,GOOD
2025-02-01 18:00:00,PUMP101.DISCHARGE_PRESS,11.288,bar,GOOD
2025-02-01 19:00:00,PUMP101.DISCHARGE_PRESS,12.644,bar,GOOD
2025-02-01 20:00:00,PUMP101.DISCHARGE_PRESS,12.075,bar,GOOD
2025-02-01 21:00:00,PUMP101.DISCHARGE_PRESS,11.748,bar,GOOD
2025-02-01 22:00:00,PUMP101.DISCHARGE_PRESS,11.795,bar,BAD
2025-02-01 23:00:00,PUMP101.DISCHARGE_PRESS,11.983,bar,GOOD
2025-02-02 00:00:00,PUMP101.DISCHARGE_PRESS,12.104,bar,GOOD
2025-02-02 01:00:00,PUMP101.DISCHARGE_PRESS,11.54,bar,GOOD
2025-02-02 02:00:00,PUMP101.DISCHARGE_PRESS,11.883,bar,GOOD
2025-02-02 03:00:00,PUMP101.DISCHARGE_PRESS,11.615,bar,GOOD
2025-02-02 04:00:00,PUMP101.DISCHARGE_PRESS,11.392,bar,GOOD
2025-02-02 05:00:00,PUMP101.DISCHARGE_PRESS,11.591,bar,GOOD
2025-02-02 06:00:00,PUMP101.DISCHARGE_PRESS,11.425,bar,GOOD
2025-02-02 07:00:00,PUMP101.DISCHARGE_PRESS,11.79,bar,GOOD
2025-02-02 08:00:00,PUMP101.DISCHARGE_PRESS,12.216,bar,GOOD
2025-02-02 09:00:00,PUMP101.DISCHARGE_PRESS,12.06,bar,GOOD
2025-02-02 10:00:00,PUMP101.DISCHARGE_PRESS,12.987,bar,GOOD
2025-02-02 11:00:00,PUMP101.DISCHARGE_PRESS,10.895,bar,GOOD
2025-02-02 12:00:00,PUMP101.DISCHARGE_PRESS,12.235,bar,GOOD
2025-02-02 13:00:00,PUMP101.DISCHARGE_PRESS,12.003,bar,GOOD
2025-02-02 14:00:00,PUMP101.DISCHARGE_PRESS,12.408,bar,GOOD
2025-02-02 15:00:00,PUMP101.DISCHARGE_PRESS,12.358,bar,GOOD
2025-02-02 16:00:00,PUMP101.DISCHARGE_PRESS,11.918,bar,GOOD
2025-02-02 17:00:00,PUMP101.DISCHARGE_PRESS,12.086,bar,GOOD
2025-02-02 18:00:00,PUMP101.DISCHARGE_PRESS,11.628,bar,GOOD
2025-02-02 19:00:00,PUMP101.DISCHARGE_PRESS,12.307,bar,GOOD
2025-02-02 20:00:00,PUMP101.DISCHARGE_PRESS,11.061,bar,GOOD
2025-02-02 21:00:00,PUMP101.DISCHARGE_PRESS,12.388,bar,GOOD
2025-02-02 22:00:00,PUMP101.DISCHARGE_PRESS,11.988,bar,GOOD
2025-02-02 23:00:00,PUMP101.DISCHARGE_PRESS,11.756,bar,GOOD
2025-02-03 00:00:00,PUMP101.DISCHARGE_PRESS,11.884,bar,GOOD
2025-02-03 01:00:00,PUMP101.DISCHARGE_PRESS,11.92,bar,GOOD
2025-02-03 02:00:00,PUMP101.DISCHARGE_PRESS,12.649,bar,GOOD
2025-02-03 03:00:00,PUMP101.DISCHARGE_PRESS,13.617,bar,GOOD
2025-02-03 04:00:00,PUMP101.DISCHARGE_PRESS,12.61,bar,GOOD
2025-02-03 05:00:00,PUMP101.DISCHARGE_PRESS,11.717,bar,GOOD
2025-02-03 06:00:00,PUMP101.DISCHARGE_PRESS,12.315,bar,GOOD
2025-02-03 07:00:00,PUMP101.DISCHARGE_PRESS,12.337,bar,GOOD
2025-02-03 08:00:00,PUMP101.DISCHARGE_PRESS,11.537,bar,GOOD
2025-02-03 09:00:00,PUMP101.DISCHARGE_PRESS,11.37,bar,GOOD
2025-02-03 10:00:00,PUMP101.DISCHARGE_PRESS,11.968,bar,GOOD
2025-02-03 11:00:00,PUMP101.DISCHARGE_PRESS,12.404,bar,GOOD
2025-02-03 12:00:00,PUMP101.DISCHARGE_PRESS,11.194,bar,GOOD
2025-02-03 13:00:00,PUMP101.DISCHARGE_PRESS,11.64,bar,GOOD
2025-02-03 14:00:00,PUMP101.DISCHARGE_PRESS,12.286,bar,GOOD
2025-02-03 15:00:00,PUMP101.DISCHARGE_PRESS,12.021,bar,GOOD
2025-02-03 16:00:00,PUMP101.DISCHARGE_PRESS,12.708,bar,GOOD
2025-02-03 17:00:00,PUMP101.DISCHARGE_PRESS,11.294,bar,GOOD
2025-02-03 18:00:00,PUMP101.DISCHARGE_PRESS,13.176,bar,GOOD
2025-02-03 19:00:00,PUMP101.DISCHARGE_PRESS,11.231,bar,GOOD
2025-02-03 20:00:00,PUMP101.DISCHARGE_PRESS,10.985,bar,GOOD
2025-02-03 21:00:00,PUMP101.DISCHARGE_PRESS,11.971,bar,GOOD
2025-02-03 22:00:00,PUMP101.DISCHARGE_PRESS,11.433,bar,GOOD
2025-02-03 23:00:00,PUMP101.DISCHARGE_PRESS,11.981,bar,GOOD
2025-02-04 00:00:00,PUMP101.DISCHARGE_PRESS,11.963,bar,GOOD
2025-02-04 01:00:00,PUMP101.DISCHARGE_PRESS,11.902,bar,GOOD
2025-02-04 02:00:00,PUMP101.DISCHARGE_PRESS,11.579,bar,GOOD
2025-02-04 03:00:00,PUMP101.DISCHARGE_PRESS,12.216,bar,GOOD
2025-02-04 04:00:00,PUMP101.DISCHARGE_PRESS,11.841,bar,GOOD
2025-02-04 05:00:00,PUMP101.DISCHARGE_PRESS,12.552,bar,GOOD
2025-02-04 06:00:00,PUMP101.DISCHARGE_PRESS,11.91,bar,GOOD
2025-02-04 07:00:00,PUMP101.DISCHARGE_PRESS,11.518,bar,GOOD
2025-02-04 08:00:00,PUMP101.DISCHARGE_PRESS,11.156,bar,GOOD
2025-02-04 09:00:00,PUMP101.DISCHARGE_PRESS,11.914,bar,GOOD
2025-02-04 10:00:00,PUMP101.DISCHARGE_PRESS,11.365,bar,GOOD
2025-02-04 11:00:00,PUMP101.DISCHARGE_PRESS,11.325,bar,GOOD
2025-02-04 12:00:00,PUMP101.DISCHARGE_PRESS,12.264,bar,GOOD
2025-02-04 13:00:00,PUMP101.DISCHARGE_PRESS,11.111,bar,GOOD
2025-02-04 14:00:00,PUMP101.DISCHARGE_PRESS,12.706,bar,GOOD
2025-02-04 15:00:00,PUMP101.DISCHARGE_PRESS,12.08,bar,BAD
2025-02-04 16:00:00,PUMP101.DISCHARGE_PRESS,11.978,bar,GOOD
2025-02-04 17:00:00,PUMP101.DISCHARGE_PRESS,11.483,bar,GOOD
2025-02-04 18:00:00,PUMP101.DISCHARGE_PRESS,12.382,bar,GOOD
2025-02-04 19:00:00,PUMP101.DISCHARGE_PRESS,11.999,bar,GOOD
2025-02-04 20:00:00,PUMP101.DISCHARGE_PRESS,11.657,bar,GOOD
2025-02-04 21:00:00,PUMP101.DISCHARGE_PRESS,12.1,bar,GOOD
2025-02-04 22:00:00,PUMP101.DISCHARGE_PRESS,11.159,bar,GOOD
2025-02-04 23:00:00,PUMP101.DISCHARGE_PRESS,11.182,bar,GOOD
2025-02-05 00:00:00,PUMP101.DISCHARGE_PRESS,11.44,bar,GOOD
2025-02-05 01:00:00,PUMP101.DISCHARGE_PRESS,12.175,bar,GOOD
2025-02-05 02:00:00,PUMP101.DISCHARGE_PRESS,11.998,bar,GOOD
2025-02-05 03:00:00,PUMP101.DISCHARGE_PRESS,12.524,bar,GOOD
2025-02-05 04:00:00,PUMP101.DISCHARGE_PRESS,11.54,bar,GOOD
2025-02-05 05:00:00,PUMP101.DISCHARGE_PRESS,12.287,bar,GOOD
2025-02-05 06:00:00,PUMP101.DISCHARGE_PRESS,11.943,bar,GOOD
2025-02-05 07:00:00,PUMP101.DISCHARGE_PRESS,11.528,bar,GOOD
2025-02-05 08:00:00,PUMP101.DISCHARGE_PRESS,12.193,bar,GOOD
2025-02-05 09:00:00,PUMP101.DISCHARGE_PRESS,11.967,bar,GOOD
2025-02-05 10:00:00,PUMP101.DISCHARGE_PRESS,11.685,bar,GOOD
2025-02-05 11:00:00,PUMP101.DISCHARGE_PRESS,12.021,bar,GOOD
2025-02-05 12:00:00,PUMP101.DISCHARGE_PRESS,11.935,bar,GOOD
2025-02-05 13:00:00,PUMP101.DISCHARGE_PRESS,11.923,bar,GOOD
2025-02-05 14:00:00,PUMP101.DISCHARGE_PRESS,11.794,bar,GOOD
2025-02-05 15:00:00,PUMP101.DISCHARGE_PRESS,11.348,bar,GOOD
2025-02-05 16:00:00,PUMP101.DISCHARGE_PRESS,12.037,bar,GOOD
2025-02-05 17:00:00,PUMP101.DISCHARGE_PRESS,11.599,bar,GOOD
2025-02-05 18:00:00,PUMP101.DISCHARGE_PRESS,11.49,bar,GOOD
2025-02-05 19:00:00,PUMP101.DISCHARGE_PRESS,11.88,bar,GOOD
2025-02-05 20:00:00,PUMP101.DISCHARGE_PRESS,12.367,bar,GOOD
2025-02-05 21:00:00,PUMP101.DISCHARGE_PRESS,12.093,bar,GOOD
2025-02-05 22:00:00,PUMP101.DISCHARGE_PRESS,11.734,bar,GOOD
2025-02-05 23:00:00,PUMP101.DISCHARGE_PRESS,11.714,bar,GOOD
2025-02-06 00:00:00,PUMP101.DISCHARGE_PRESS,12.318,bar,GOOD
2025-02-06 01:00:00,PUMP101.DISCHARGE_PRESS,10.802,bar,GOOD
2025-02-06 02:00:00,PUMP101.DISCHARGE_PRESS,12.399,bar,GOOD
2025-02-06 03:00:00,PUMP101.DISCHARGE_PRESS,11.063,bar,GOOD
2025-02-06 04:00:00,PUMP101.DISCHARGE_PRESS,11.292,bar,GOOD
2025-02-06 05:00:00,PUMP101.DISCHARGE_PRESS,11.743,bar,GOOD
2025-02-06 06:00:00,PUMP101.DISCHARGE_PRESS,13.085,bar,GOOD
2025-02-06 07:00:00,PUMP101.DISCHARGE_PRESS,12.839,bar,GOOD
2025-02-06 08:00:00,PUMP101.DISCHARGE_PRESS,12.353,bar,GOOD
2025-02-06 09:00:00,PUMP101.DISCHARGE_PRESS,12.178,bar,GOOD
2025-02-06 10:00:00,PUMP101.DISCHARGE_PRESS,11.069,bar,GOOD
2025-02-06 11:00:00,PUMP101.DISCHARGE_PRESS,12.078,bar,GOOD
2025-02-06 12:00:00,PUMP101.DISCHARGE_PRESS,11.725,bar,GOOD
2025-02-06 13:00:00,PUMP101.DISCHARGE_PRESS,11.592,bar,GOOD
2025-02-06 14:00:00,PUMP101.DISCHARGE_PRESS,12.077,bar,GOOD
2025-02-06 15:00:00,PUMP101.DISCHARGE_PRESS,11.764,bar,GOOD
2025-02-06 16:00:00,PUMP101.DISCHARGE_PRESS,12.435,bar,GOOD
2025-02-06 17:00:00,PUMP101.DISCHARGE_PRESS,11.032,bar,GOOD
2025-02-06 18:00:00,PUMP101.DISCHARGE_PRESS,12.038,bar,GOOD
2025-02-06 19:00:00,PUMP101.DISCHARGE_PRESS,11.56,bar,GOOD
2025-02-06 20:00:00,PUMP101.DISCHARGE_PRESS,11.795,bar,GOOD
2025-02-06 21:00:00,PUMP101.DISCHARGE_PRESS,12.152,bar,GOOD
2025-02-06 22:00:00,PUMP101.DISCHARGE_PRESS,11.441,bar,GOOD
2025-02-06 23:00:00,PUMP101.DISCHARGE_PRESS,12.082,bar,GOOD
2025-02-07 00:00:00,PUMP101.DISCHARGE_PRESS,11.894,bar,GOOD
2025-02-07 01:00:00,PUMP101.DISCHARGE_PRESS,11.67,bar,GOOD
2025-02-07 02:00:00,PUMP101.DISCHARGE_PRESS,11.765,bar,GOOD
2025-02-07 03:00:00,PUMP101.DISCHARGE_PRESS,11.923,bar,GOOD
2025-02-07 04:00:00,PUMP101.DISCHARGE_PRESS,11.616,bar,GOOD
2025-02-07 05:00:00,PUMP101.DISCHARGE_PRESS,12.004,bar,GOOD
2025-02-07 06:00:00,PUMP101.DISCHARGE_PRESS,11.861,bar,GOOD
2025-02-07 07:00:00,PUMP101.DISCHARGE_PRESS,11.694,bar,GOOD
2025-02-07 08:00:00,PUMP101.DISCHARGE_PRESS,12.795,bar,GOOD
2025-02-07 09:00:00,PUMP101.DISCHARGE_PRESS,12.208,bar,GOOD
2025-02-07 10:00:00,PUMP101.DISCHARGE_PRESS,11.809,bar,GOOD
2025-02-07 11:00:00,PUMP101.DISCHARGE_PRESS,12.073,bar,GOOD
2025-02-07 12:00:00,PUMP101.DISCHARGE_PRESS,11.487,bar,GOOD
2025-02-07 13:00:00,PUMP101.DISCHARGE_PRESS,11.782,bar,GOOD
2025-02-07 14:00:00,PUMP101.DISCHARGE_PRESS,11.84,bar,GOOD
2025-02-07 15:00:00,PUMP101.DISCHARGE_PRESS,11.377,bar,GOOD
2025-02-07 16:00:00,PUMP101.DISCHARGE_PRESS,12.194,bar,GOOD
2025-02-07 17:00:00,PUMP101.DISCHARGE_PRESS,11.747,bar,GOOD
2025-02-07 18:00:00,PUMP101.DISCHARGE_PRESS,11.822,bar,GOOD
2025-02-07 19:00:00,PUMP101.DISCHARGE_PRESS,11.716,bar,GOOD
2025-02-07 20:00:00,PUMP101.DISCHARGE_PRESS,13.48,bar,GOOD
2025-02-07 21:00:00,PUMP101.DISCHARGE_PRESS,11.669,bar,GOOD
2025-02-07 22:00:00,PUMP101.DISCHARGE_PRESS,10.966,bar,GOOD
2025-02-07 23:00:00,PUMP101.DISCHARGE_PRESS,11.2,bar,GOOD
2025-02-08 00:00:00,PUMP101.DISCHARGE_PRESS,12.38,bar,GOOD
2025-02-08 01:00:00,PUMP101.DISCHARGE_PRESS,12.668,bar,GOOD
2025-02-08 02:00:00,PUMP101.DISCHARGE_PRESS,11.659,bar,GOOD
2025-02-08 03:00:00,PUMP101.DISCHARGE_PRESS,12.639,bar,GOOD
2025-02-08 04:00:00,PUMP101.DISCHARGE_PRESS,12.371,bar,GOOD
2025-02-08 05:00:00,PUMP101.DISCHARGE_PRESS,11.905,bar,GOOD
2025-02-08 06:00:00,PUMP101.DISCHARGE_PRESS,11.87,bar,GOOD
2025-02-08 07:00:00,PUMP101.DISCHARGE_PRESS,12.09,bar,GOOD
2025-02-08 08:00:00,PUMP101.DISCHARGE_PRESS,12.439,bar,GOOD
2025-02-08 09:00:00,PUMP101.DISCHARGE_PRESS,12.199,bar,GOOD
2025-02-08 10:00:00,PUMP101.DISCHARGE_PRESS,11.662,bar,GOOD
2025-02-08 11:00:00,PUMP101.DISCHARGE_PRESS,11.913,bar,GOOD
2025-02-08 12:00:00,PUMP101.DISCHARGE_PRESS,12.991,bar,GOOD
2025-02-08 13:00:00,PUMP101.DISCHARGE_PRESS,12.126,bar,BAD
2025-02-08 14:00:00,PUMP101.DISCHARGE_PRESS,12.435,bar,GOOD
2025-02-08 15:00:00,PUMP101.DISCHARGE_PRESS,12.27,bar,GOOD
2025-02-08 16:00:00,PUMP101.DISCHARGE_PRESS,12.137,bar,GOOD
2025-02-08 17:00:00,PUMP101.DISCHARGE_PRESS,12.054,bar,GOOD
2025-02-08 18:00:00,PUMP101.DISCHARGE_PRESS,12.449,bar,GOOD
2025-02-08 19:00:00,PUMP101.DISCHARGE_PRESS,12.359,bar,GOOD
2025-02-08 20:00:00,PUMP101.DISCHARGE_PRESS,12.132,bar,GOOD
2025-02-08 21:00:00,PUMP101.DISCHARGE_PRESS,11.653,bar,BAD
2025-02-08 22:00:00,PUMP101.DISCHARGE_PRESS,12.193,bar,GOOD
2025-02-08 23:00:00,PUMP101.DISCHARGE_PRESS,11.966,bar,GOOD
2025-02-09 00:00:00,PUMP101.DISCHARGE_PRESS,11.846,bar,GOOD
2025-02-09 01:00:00,PUMP101.DISCHARGE_PRESS,13.339,bar,GOOD
2025-02-09 02:00:00,PUMP101.DISCHARGE_PRESS,11.23,bar,GOOD
2025-02-09 03:00:00,PUMP101.DISCHARGE_PRESS,12.479,bar,GOOD
2025-02-09 04:00:00,PUMP101.DISCHARGE_PRESS,11.569,bar,GOOD
2025-02-09 05:00:00,PUMP101.DISCHARGE_PRESS,12.066,bar,GOOD
2025-02-09 06:00:00,PUMP101.DISCHARGE_PRESS,13.284,bar,BAD
2025-02-09 07:00:00,PUMP101.DISCHARGE_PRESS,11.519,bar,GOOD
2025-02-09 08:00:00,PUMP101.DISCHARGE_PRESS,11.638,bar,GOOD
2025-02-09 09:00:00,PUMP101.DISCHARGE_PRESS,11.991,bar,GOOD
2025-02-09 10:00:00,PUMP101.DISCHARGE_PRESS,11.576,bar,GOOD
2025-02-09 11:00:00,PUMP101.DISCHARGE_PRESS,12.442,bar,GOOD
2025-02-09 12:00:00,PUMP101.DISCHARGE_PRESS,11.733,bar,GOOD
2025-02-09 13:00:00,PUMP101.DISCHARGE_PRESS,12.327,bar,GOOD
2025-02-09 14:00:00,PUMP101.DISCHARGE_PRESS,11.335,bar,GOOD
2025-02-09 15:00:00,PUMP101.DISCHARGE_PRESS,11.097,bar,GOOD
2025-02-09 16:00:00,PUMP101.DISCHARGE_PRESS,11.886,bar,GOOD
2025-02-09 17:00:00,PUMP101.DISCHARGE_PRESS,11.216,bar,GOOD
2025-02-09 18:00:00,PUMP101.DISCHARGE_PRESS,12.759,bar,GOOD
2025-02-09 19:00:00,PUMP101.DISCHARGE_PRESS,11.235,bar,GOOD
2025-02-09 20:00:00,PUMP101.DISCHARGE_PRESS,11.481,bar,GOOD
2025-02-09 21:00:00,PUMP101.DISCHARGE_PRESS,12.207,bar,GOOD
2025-02-09 22:00:00,PUMP101.DISCHARGE_PRESS,11.707,bar,GOOD
2025-02-09 23:00:00,PUMP101.DISCHARGE_PRESS,11.241,bar,GOOD
2025-02-10 00:00:00,PUMP101.DISCHARGE_PRESS,13.02,bar,GOOD
2025-02-10 01:00:00,PUMP101.DISCHARGE_PRESS,11.499,bar,GOOD
2025-02-10 02:00:00,PUMP101.DISCHARGE_PRESS,11.902,bar,GOOD
2025-02-10 03:00:00,PUMP101.DISCHARGE_PRESS,11.895,bar,GOOD
2025-02-10 04:00:00,PUMP101.DISCHARGE_PRESS,12.355,bar,GOOD
2025-02-10 05:00:00,PUMP101.DISCHARGE_PRESS,12.231,bar,GOOD
2025-02-10 06:00:00,PUMP101.DISCHARGE_PRESS,11.587,bar,GOOD
2025-02-10 07:00:00,PUMP101.DISCHARGE_PRESS,11.837,bar,GOOD
2025-02-10 08:00:00,PUMP101.DISCHARGE_PRESS,11.887,bar,GOOD
2025-02-10 09:00:00,PUMP101.DISCHARGE_PRESS,12.374,bar,GOOD
2025-02-10 10:00:00,PUMP101.DISCHARGE_PRESS,11.416,bar,GOOD
2025-02-10 11:00:00,PUMP101.DISCHARGE_PRESS,13.009,bar,GOOD
2025-02-10 12:00:00,PUMP101.DISCHARGE_PRESS,11.62,bar,GOOD
2025-02-10 13:00:00,PUMP101.DISCHARGE_PRESS,11.996,bar,GOOD
2025-02-10 14:00:00,PUMP101.DISCHARGE_PRESS,11.42,bar,GOOD
2025-02-10 15:00:00,PUMP101.DISCHARGE_PRESS,11.351,bar,GOOD
2025-02-10 16:00:00,PUMP101.DISCHARGE_PRESS,11.563,bar,GOOD
2025-02-10 17:00:00,PUMP101.DISCHARGE_PRESS,11.515,bar,GOOD
2025-02-10 18:00:00,PUMP101.DISCHARGE_PRESS,11.793,bar,GOOD
2025-02-10 19:00:00,PUMP101.DISCHARGE_PRESS,11.511,bar,GOOD
2025-02-10 20:00:00,PUMP101.DISCHARGE_PRESS,12.348,bar,GOOD
2025-02-10 21:00:00,PUMP101.DISCHARGE_PRESS,11.609,bar,GOOD
2025-02-10 22:00:00,PUMP101.DISCHARGE_PRESS,11.553,bar,GOOD
2025-02-10 23:00:00,PUMP101.DISCHARGE_PRESS,11.804,bar,GOOD
2025-02-11 00:00:00,PUMP101.DISCHARGE_PRESS,12.496,bar,GOOD
2025-02-11 01:00:00,PUMP101.DISCHARGE_PRESS,12.107,bar,GOOD
2025-02-11 02:00:00,PUMP101.DISCHARGE_PRESS,11.95,bar,GOOD
2025-02-11 03:00:00,PUMP101.DISCHARGE_PRESS,11.283,bar,GOOD
2025-02-11 04:00:00,PUMP101.DISCHARGE_PRESS,11.429,bar,GOOD
2025-02-11 05:00:00,PUMP101.DISCHARGE_PRESS,11.361,bar,GOOD
2025-02-11 06:00:00,PUMP101.DISCHARGE_PRESS,12.653,bar,GOOD
2025-02-11 07:00:00,PUMP101.DISCHARGE_PRESS,12.265,bar,GOOD
2025-02-11 08:00:00,PUMP101.DISCHARGE_PRESS,11.569,bar,GOOD
2025-02-11 09:00:00,PUMP101.DISCHARGE_PRESS,11.718,bar,GOOD
2025-02-11 10:00:00,PUMP101.DISCHARGE_PRESS,11.587,bar,GOOD
2025-02-11 11:00:00,PUMP101.DISCHARGE_PRESS,11.557,bar,GOOD
2025-02-11 12:00:00,PUMP101.DISCHARGE_PRESS,12.23,bar,BAD
2025-02-11 13:00:00,PUMP101.DISCHARGE_PRESS,11.856,bar,GOOD
2025-02-11 14:00:00,PUMP101.DISCHARGE_PRESS,13.041,bar,GOOD
2025-02-11 15:00:00,PUMP101.DISCHARGE_PRESS,12.625,bar,GOOD
2025-02-11 16:00:00,PUMP101.DISCHARGE_PRESS,12.655,bar,GOOD
2025-02-11 17:00:00,PUMP101.DISCHARGE_PRESS,12.336,bar,GOOD
2025-02-11 18:00:00,PUMP101.DISCHARGE_PRESS,11.789,bar,GOOD
2025-02-11 19:00:00,PUMP101.DISCHARGE_PRESS,12.299,bar,GOOD
2025-02-11 20:00:00,PUMP101.DISCHARGE_PRESS,11.826,bar,GOOD
2025-02-11 21:00:00,PUMP101.DISCHARGE_PRESS,12.815,bar,GOOD
2025-02-11 22:00:00,PUMP101.DISCHARGE_PRESS,12.202,bar,GOOD
2025-02-11 23:00:00,PUMP101.DISCHARGE_PRESS,12.131,bar,GOOD
2025-02-12 00:00:00,PUMP101.DISCHARGE_PRESS,12.064,bar,GOOD
2025-02-12 01:00:00,PUMP101.DISCHARGE_PRESS,12.87,bar,GOOD
2025-02-12 02:00:00,PUMP101.DISCHARGE_PRESS,11.283,bar,GOOD
2025-02-12 03:00:00,PUMP101.DISCHARGE_PRESS,12.919,bar,GOOD
2025-02-12 04:00:00,PUMP101.DISCHARGE_PRESS,11.907,bar,GOOD
2025-02-12 05:00:00,PUMP101.DISCHARGE_PRESS,11.297,bar,GOOD
2025-02-12 06:00:00,PUMP101.DISCHARGE_PRESS,11.624,bar,GOOD
2025-02-12 07:00:00,PUMP101.DISCHARGE_PRESS,11.175,bar,GOOD
2025-02-12 08:00:00,PUMP101.DISCHARGE_PRESS,12.327,bar,GOOD
2025-02-12 09:00:00,PUMP101.DISCHARGE_PRESS,11.481,bar,GOOD
2025-02-12 10:00:00,PUMP101.DISCHARGE_PRESS,12.084,bar,GOOD
2025-02-12 11:00:00,PUMP101.DISCHARGE_PRESS,12.567,bar,GOOD
2025-02-12 12:00:00,PUMP101.DISCHARGE_PRESS,11.664,bar,GOOD
2025-02-12 13:00:00,PUMP101.DISCHARGE_PRESS,11.866,bar,GOOD
2025-02-12 14:00:00,PUMP101.DISCHARGE_PRESS,11.348,bar,GOOD
2025-02-12 15:00:00,PUMP101.DISCHARGE_PRESS,11.806,bar,GOOD
2025-02-12 16:00:00,PUMP101.DISCHARGE_PRESS,13.287,bar,GOOD
2025-02-12 17:00:00,PUMP101.DISCHARGE_PRESS,12.389,bar,GOOD
2025-02-12 18:00:00,PUMP101.DISCHARGE_PRESS,11.868,bar,GOOD
2025-02-12 19:00:00,PUMP101.DISCHARGE_PRESS,11.694,bar,GOOD
2025-02-12 20:00:00,PUMP101.DISCHARGE_PRESS,11.979,bar,GOOD
2025-02-12 21:00:00,PUMP101.DISCHARGE_PRESS,12.065,bar,GOOD
2025-02-12 22:00:00,PUMP101.DISCHARGE_PRESS,11.79,bar,BAD
2025-02-12 23:00:00,PUMP101.DISCHARGE_PRESS,12.265,bar,GOOD
2025-02-13 00:00:00,PUMP101.DISCHARGE_PRESS,11.523,bar,GOOD
2025-02-13 01:00:00,PUMP101.DISCHARGE_PRESS,11.521,bar,GOOD
2025-02-13 02:00:00,PUMP101.DISCHARGE_PRESS,12.185,bar,GOOD
2025-02-13 03:00:00,PUMP101.DISCHARGE_PRESS,11.416,bar,GOOD
2025-02-13 04:00:00,PUMP101.DISCHARGE_PRESS,12.365,bar,GOOD
2025-02-13 05:00:00,PUMP101.DISCHARGE_PRESS,11.993,bar,GOOD
2025-02-13 06:00:00,PUMP101.DISCHARGE_PRESS,11.086,bar,GOOD
2025-02-13 07:00:00,PUMP101.DISCHARGE_PRESS,12.055,bar,GOOD
2025-02-13 08:00:00,PUMP101.DISCHARGE_PRESS,11.157,bar,GOOD
2025-02-13 09:00:00,PUMP101.DISCHARGE_PRESS,12.347,bar,GOOD
2025-02-13 10:00:00,PUMP101.DISCHARGE_PRESS,11.876,bar,GOOD
2025-02-13 11:00:00,PUMP101.DISCHARGE_PRESS,12.926,bar,GOOD
2025-02-13 12:00:00,PUMP101.DISCHARGE_PRESS,12.536,bar,GOOD
2025-02-13 13:00:00,PUMP101.DISCHARGE_PRESS,11.47,bar,GOOD
2025-02-13 14:00:00,PUMP101.DISCHARGE_PRESS,10.99,bar,BAD
2025-02-13 15:00:00,PUMP101.DISCHARGE_PRESS,11.622,bar,GOOD
2025-02-13 16:00:00,PUMP101.DISCHARGE_PRESS,11.389,bar,GOOD
2025-02-13 17:00:00,PUMP101.DISCHARGE_PRESS,12.913,bar,GOOD
2025-02-13 18:00:00,PUMP101.DISCHARGE_PRESS,11.995,bar,GOOD
2025-02-13 19:00:00,PUMP101.DISCHARGE_PRESS,12.467,bar,GOOD
2025-02-13 20:00:00,PUMP101.DISCHARGE_PRESS,11.857,bar,GOOD
2025-02-13 21:00:00,PUMP101.DISCHARGE_PRESS,11.91,bar,GOOD
2025-02-13 22:00:00,PUMP101.DISCHARGE_PRESS,11.984,bar,GOOD
2025-02-13 23:00:00,PUMP101.DISCHARGE_PRESS,12.553,bar,GOOD
2025-02-14 00:00:00,PUMP101.DISCHARGE_PRESS,12.156,bar,GOOD
2025-02-14 01:00:00,PUMP101.DISCHARGE_PRESS,11.471,bar,GOOD
2025-02-14 02:00:00,PUMP101.DISCHARGE_PRESS,12.811,bar,GOOD
2025-02-14 03:00:00,PUMP101.DISCHARGE_PRESS,11.854,bar,GOOD
2025-02-14 04:00:00,PUMP101.DISCHARGE_PRESS,11.772,bar,GOOD
2025-02-14 05:00:00,PUMP101.DISCHARGE_PRESS,10.585,bar,GOOD
2025-02-14 06:00:00,PUMP101.DISCHARGE_PRESS,12.317,bar,GOOD
2025-02-14 07:00:00,PUMP101.DISCHARGE_PRESS,12.051,bar,GOOD
2025-02-14 08:00:00,PUMP101.DISCHARGE_PRESS,12.05,bar,GOOD
2025-02-14 09:00:00,PUMP101.DISCHARGE_PRESS,11.799,bar,GOOD
2025-02-14 10:00:00,PUMP101.DISCHARGE_PRESS,11.712,bar,GOOD
2025-02-14 11:00:00,PUMP101.DISCHARGE_PRESS,11.815,bar,GOOD
2025-02-14 12:00:00,PUMP101.DISCHARGE_PRESS,12.232,bar,GOOD
2025-02-14 13:00:00,PUMP101.DISCHARGE_PRESS,12.32,bar,GOOD
2025-02-14 14:00:00,PUMP101.DISCHARGE_PRESS,11.884,bar,GOOD
2025-02-14 15:00:00,PUMP101.DISCHARGE_PRESS,12.474,bar,GOOD
2025-02-14 16:00:00,PUMP101.DISCHARGE_PRESS,11.961,bar,GOOD
2025-02-14 17:00:00,PUMP101.DISCHARGE_PRESS,11.748,bar,GOOD
2025-02-14 18:00:00,PUMP101.DISCHARGE_PRESS,12.099,bar,GOOD
2025-02-14 19:00:00,PUMP101.DISCHARGE_PRESS,11.32,bar,GOOD
2025-02-14 20:00:00,PUMP101.DISCHARGE_PRESS,12.116,bar,GOOD
2025-02-14 21:00:00,PUMP101.DISCHARGE_PRESS,11.229,bar,GOOD
2025-02-14 22:00:00,PUMP101.DISCHARGE_PRESS,11.486,bar,GOOD
2025-02-14 23:00:00,PUMP101.DISCHARGE_PRESS,10.991,bar,GOOD
2025-02-15 00:00:00,PUMP101.DISCHARGE_PRESS,11.912,bar,GOOD
2025-02-15 01:00:00,PUMP101.DISCHARGE_PRESS,12.805,bar,GOOD
2025-02-15 02:00:00,PUMP101.DISCHARGE_PRESS,11.941,bar,GOOD
2025-02-15 03:00:00,PUMP101.DISCHARGE_PRESS,12.322,bar,GOOD
2025-02-15 04:00:00,PUMP101.DISCHARGE_PRESS,13.176,bar,GOOD
2025-02-15 05:00:00,PUMP101.DISCHARGE_PRESS,12.202,bar,GOOD
2025-02-15 06:00:00,PUMP101.DISCHARGE_PRESS,11.617,bar,GOOD
2025-02-15 07:00:00,PUMP101.DISCHARGE_PRESS,11.686,bar,GOOD
2025-02-15 08:00:00,PUMP101.DISCHARGE_PRESS,12.0,bar,GOOD
2025-02-15 09:00:00,PUMP101.DISCHARGE_PRESS,11.684,bar,GOOD
2025-02-15 10:00:00,PUMP101.DISCHARGE_PRESS,11.721,bar,GOOD
2025-02-15 11:00:00,PUMP101.DISCHARGE_PRESS,12.493,bar,GOOD
2025-02-15 12:00:00,PUMP101.DISCHARGE_PRESS,12.513,bar,GOOD
2025-02-15 13:00:00,PUMP101.DISCHARGE_PRESS,11.177,bar,GOOD
2025-02-15 14:00:00,PUMP101.DISCHARGE_PRESS,11.591,bar,GOOD
2025-02-15 15:00:00,PUMP101.DISCHARGE_PRESS,11.768,bar,GOOD
2025-02-15 16:00:00,PUMP101.DISCHARGE_PRESS,12.3,bar,GOOD
2025-02-15 17:00:00,PUMP101.DISCHARGE_PRESS,12.572,bar,GOOD
2025-02-15 18:00:00,PUMP101.DISCHARGE_PRESS,13.351,bar,GOOD
2025-02-15 19:00:00,PUMP101.DISCHARGE_PRESS,11.767,bar,GOOD
2025-02-15 20:00:00,PUMP101.DISCHARGE_PRESS,11.792,bar,GOOD
2025-02-15 21:00:00,PUMP101.DISCHARGE_PRESS,12.294,bar,GOOD
2025-02-15 22:00:00,PUMP101.DISCHARGE_PRESS,11.659,bar,GOOD
2025-02-15 23:00:00,PUMP101.DISCHARGE_PRESS,11.93,bar,GOOD
2025-02-16 00:00:00,PUMP101.DISCHARGE_PRESS,11.792,bar,GOOD
2025-02-16 01:00:00,PUMP101.DISCHARGE_PRESS,10.689,bar,GOOD
2025-02-16 02:00:00,PUMP101.DISCHARGE_PRESS,12.062,bar,GOOD
2025-02-16 03:00:00,PUMP101.DISCHARGE_PRESS,11.909,bar,GOOD
2025-02-16 04:00:00,PUMP101.DISCHARGE_PRESS,12.636,bar,GOOD
2025-02-16 05:00:00,PUMP101.DISCHARGE_PRESS,12.003,bar,GOOD
2025-02-16 06:00:00,PUMP101.DISCHARGE_PRESS,11.373,bar,GOOD
2025-02-16 07:00:00,PUMP101.DISCHARGE_PRESS,11.871,bar,GOOD
2025-02-16 08:00:00,PUMP101.DISCHARGE_PRESS,10.954,bar,GOOD
2025-02-16 09:00:00,PUMP101.DISCHARGE_PRESS,11.395,bar,GOOD
2025-02-16 10:00:00,PUMP101.DISCHARGE_PRESS,12.318,bar,GOOD
2025-02-16 11:00:00,PUMP101.DISCHARGE_PRESS,11.876,bar,GOOD
2025-02-16 12:00:00,PUMP101.DISCHARGE_PRESS,12.461,bar,GOOD
2025-02-16 13:00:00,PUMP101.DISCHARGE_PRESS,11.017,bar,GOOD
2025-02-16 14:00:00,PUMP101.DISCHARGE_PRESS,11.879,bar,GOOD
2025-02-16 15:00:00,PUMP101.DISCHARGE_PRESS,11.762,bar,GOOD
2025-02-16 16:00:00,PUMP101.DISCHARGE_PRESS,12.478,bar,GOOD
2025-02-16 17:00:00,PUMP101.DISCHARGE_PRESS,12.336,bar,GOOD
2025-02-16 18:00:00,PUMP101.DISCHARGE_PRESS,12.321,bar,GOOD
2025-02-16 19:00:00,PUMP101.DISCHARGE_PRESS,12.771,bar,GOOD
2025-02-16 20:00:00,PUMP101.DISCHARGE_PRESS,11.816,bar,GOOD
2025-02-16 21:00:00,PUMP101.DISCHARGE_PRESS,12.668,bar,GOOD
2025-02-16 22:00:00,PUMP101.DISCHARGE_PRESS,11.478,bar,GOOD
2025-02-16 23:00:00,PUMP101.DISCHARGE_PRESS,11.46,bar,GOOD
2025-02-17 00:00:00,PUMP101.DISCHARGE_PRESS,12.376,bar,GOOD
2025-02-17 01:00:00,PUMP101.DISCHARGE_PRESS,11.248,bar,GOOD
2025-02-17 02:00:00,PUMP101.DISCHARGE_PRESS,12.286,bar,GOOD
2025-02-17 03:00:00,PUMP101.DISCHARGE_PRESS,12.051,bar,GOOD
2025-02-17 04:00:00,PUMP101.DISCHARGE_PRESS,12.536,bar,GOOD
2025-02-17 05:00:00,PUMP101.DISCHARGE_PRESS,11.97,bar,GOOD
2025-02-17 06:00:00,PUMP101.DISCHARGE_PRESS,12.028,bar,GOOD
2025-02-17 07:00:00,PUMP101.DISCHARGE_PRESS,12.255,bar,GOOD
2025-02-17 08:00:00,PUMP101.DISCHARGE_PRESS,11.669,bar,GOOD
2025-02-17 09:00:00,PUMP101.DISCHARGE_PRESS,11.647,bar,GOOD
2025-02-17 10:00:00,PUMP101.DISCHARGE_PRESS,12.237,bar,GOOD
2025-02-17 11:00:00,PUMP101.DISCHARGE_PRESS,11.985,bar,GOOD
2025-02-17 12:00:00,PUMP101.DISCHARGE_PRESS,11.796,bar,GOOD
2025-02-17 13:00:00,PUMP101.DISCHARGE_PRESS,11.959,bar,GOOD
2025-02-17 14:00:00,PUMP101.DISCHARGE_PRESS,12.797,bar,GOOD
2025-02-17 15:00:00,PUMP101.DISCHARGE_PRESS,11.778,bar,GOOD
2025-02-17 16:00:00,PUMP101.DISCHARGE_PRESS,11.764,bar,GOOD
2025-02-17 17:00:00,PUMP101.DISCHARGE_PRESS,11.146,bar,GOOD
2025-02-17 18:00:00,PUMP101.DISCHARGE_PRESS,11.979,bar,GOOD
2025-02-17 19:00:00,PUMP101.DISCHARGE_PRESS,12.328,bar,GOOD
2025-02-17 20:00:00,PUMP101.DISCHARGE_PRESS,12.418,bar,GOOD
2025-02-17 21:00:00,PUMP101.DISCHARGE_PRESS,12.054,bar,GOOD
2025-02-17 22:00:00,PUMP101.DISCHARGE_PRESS,12.478,bar,GOOD
2025-02-17 23:00:00,PUMP101.DISCHARGE_PRESS,12.366,bar,GOOD
2025-02-18 00:00:00,PUMP101.DISCHARGE_PRESS,12.556,bar,GOOD
2025-02-18 01:00:00,PUMP101.DISCHARGE_PRESS,12.492,bar,GOOD
2025-02-18 02:00:00,PUMP101.DISCHARGE_PRESS,12.785,bar,GOOD
2025-02-18 03:00:00,PUMP101.DISCHARGE_PRESS,11.915,bar,GOOD
2025-02-18 04:00:00,PUMP101.DISCHARGE_PRESS,11.336,bar,GOOD
2025-02-18 05:00:00,PUMP101.DISCHARGE_PRESS,12.332,bar,GOOD
2025-02-18 06:00:00,PUMP101.DISCHARGE_PRESS,12.39,bar,GOOD
2025-02-18 07:00:00,PUMP101.DISCHARGE_PRESS,12.785,bar,GOOD
2025-02-18 08:00:00,PUMP101.DISCHARGE_PRESS,12.641,bar,GOOD
2025-02-18 09:00:00,PUMP101.DISCHARGE_PRESS,12.973,bar,GOOD
2025-02-18 10:00:00,PUMP101.DISCHARGE_PRESS,12.31,bar,GOOD
2025-02-18 11:00:00,PUMP101.DISCHARGE_PRESS,12.114,bar,GOOD
2025-02-18 12:00:00,PUMP101.DISCHARGE_PRESS,11.308,bar,GOOD
2025-02-18 13:00:00,PUMP101.DISCHARGE_PRESS,12.154,bar,GOOD
2025-02-18 14:00:00,PUMP101.DISCHARGE_PRESS,11.724,bar,GOOD
2025-02-18 15:00:00,PUMP101.DISCHARGE_PRESS,12.106,bar,GOOD
2025-02-18 16:00:00,PUMP101.DISCHARGE_PRESS,12.027,bar,GOOD
2025-02-18 17:00:00,PUMP101.DISCHARGE_PRESS,12.236,bar,GOOD
2025-02-18 18:00:00,PUMP101.DISCHARGE_PRESS,11.951,bar,GOOD
2025-02-18 19:00:00,PUMP101.DISCHARGE_PRESS,12.468,bar,GOOD
2025-02-18 20:00:00,PUMP101.DISCHARGE_PRESS,10.638,bar,GOOD
2025-02-18 21:00:00,PUMP101.DISCHARGE_PRESS,12.095,bar,GOOD
2025-02-18 22:00:00,PUMP101.DISCHARGE_PRESS,12.601,bar,GOOD
2025-02-18 23:00:00,PUMP101.DISCHARGE_PRESS,12.935,bar,GOOD
2025-02-19 00:00:00,PUMP101.DISCHARGE_PRESS,12.366,bar,GOOD
2025-02-19 01:00:00,PUMP101.DISCHARGE_PRESS,12.842,bar,GOOD
2025-02-19 02:00:00,PUMP101.DISCHARGE_PRESS,12.084,bar,GOOD
2025-02-19 03:00:00,PUMP101.DISCHARGE_PRESS,12.001,bar,GOOD
2025-02-19 04:00:00,PUMP101.DISCHARGE_PRESS,12.265,bar,GOOD
2025-02-19 05:00:00,PUMP101.DISCHARGE_PRESS,11.998,bar,GOOD
2025-02-19 06:00:00,PUMP101.DISCHARGE_PRESS,11.609,bar,GOOD
2025-02-19 07:00:00,PUMP101.DISCHARGE_PRESS,11.742,bar,GOOD
2025-02-19 08:00:00,PUMP101.DISCHARGE_PRESS,11.444,bar,GOOD
2025-02-19 09:00:00,PUMP101.DISCHARGE_PRESS,12.264,bar,GOOD
2025-02-19 10:00:00,PUMP101.DISCHARGE_PRESS,12.006,bar,GOOD
2025-02-19 11:00:00,PUMP101.DISCHARGE_PRESS,11.82,bar,GOOD
2025-02-19 12:00:00,PUMP101.DISCHARGE_PRESS,11.717,bar,GOOD
2025-02-19 13:00:00,PUMP101.DISCHARGE_PRESS,12.253,bar,GOOD
2025-02-19 14:00:00,PUMP101.DISCHARGE_PRESS,12.39,bar,GOOD
2025-02-19 15:00:00,PUMP101.DISCHARGE_PRESS,11.435,bar,GOOD
2025-02-19 16:00:00,PUMP101.DISCHARGE_PRESS,11.356,bar,GOOD
2025-02-19 17:00:00,PUMP101.DISCHARGE_PRESS,12.477,bar,GOOD
2025-02-19 18:00:00,PUMP101.DISCHARGE_PRESS,11.312,bar,GOOD
2025-02-19 19:00:00,PUMP101.DISCHARGE_PRESS,12.274,bar,GOOD
2025-02-19 20:00:00,PUMP101.DISCHARGE_PRESS,12.808,bar,GOOD
2025-02-19 21:00:00,PUMP101.DISCHARGE_PRESS,12.81,bar,GOOD
2025-02-19 22:00:00,PUMP101.DISCHARGE_PRESS,12.369,bar,GOOD
2025-02-19 23:00:00,PUMP101.DISCHARGE_PRESS,12.354,bar,GOOD
2025-02-20 00:00:00,PUMP101.DISCHARGE_PRESS,13.126,bar,GOOD
2025-02-20 01:00:00,PUMP101.DISCHARGE_PRESS,10.833,bar,GOOD
2025-02-20 02:00:00,PUMP101.DISCHARGE_PRESS,11.768,bar,GOOD
2025-02-20 03:00:00,PUMP101.DISCHARGE_PRESS,12.424,bar,GOOD
2025-02-20 04:00:00,PUMP101.DISCHARGE_PRESS,11.831,bar,GOOD
2025-02-20 05:00:00,PUMP101.DISCHARGE_PRESS,12.62,bar,GOOD
2025-02-20 06:00:00,PUMP101.DISCHARGE_PRESS,11.98,bar,GOOD
2025-02-20 07:00:00,PUMP101.DISCHARGE_PRESS,12.066,bar,GOOD
2025-02-20 08:00:00,PUMP101.DISCHARGE_PRESS,11.863,bar,GOOD
2025-02-20 09:00:00,PUMP101.DISCHARGE_PRESS,11.739,bar,GOOD
2025-02-20 10:00:00,PUMP101.DISCHARGE_PRESS,11.726,bar,GOOD
2025-02-20 11:00:00,PUMP101.DISCHARGE_PRESS,12.136,bar,GOOD
2025-02-20 12:00:00,PUMP101.DISCHARGE_PRESS,11.613,bar,GOOD
2025-02-20 13:00:00,PUMP101.DISCHARGE_PRESS,12.477,bar,GOOD
2025-02-20 14:00:00,PUMP101.DISCHARGE_PRESS,12.327,bar,GOOD
2025-02-20 15:00:00,PUMP101.DISCHARGE_PRESS,12.55,bar,GOOD
2025-02-20 16:00:00,PUMP101.DISCHARGE_PRESS,11.436,bar,GOOD
2025-02-20 17:00:00,PUMP101.DISCHARGE_PRESS,11.15,bar,GOOD
2025-02-20 18:00:00,PUMP101.DISCHARGE_PRESS,11.998,bar,GOOD
2025-02-20 19:00:00,PUMP101.DISCHARGE_PRESS,13.449,bar,GOOD
2025-02-20 20:00:00,PUMP101.DISCHARGE_PRESS,12.633,bar,GOOD
2025-02-20 21:00:00,PUMP101.DISCHARGE_PRESS,11.723,bar,GOOD
2025-02-20 22:00:00,PUMP101.DISCHARGE_PRESS,12.212,bar,GOOD
2025-02-20 23:00:00,PUMP101.DISCHARGE_PRESS,12.364,bar,GOOD
2025-02-21 00:00:00,PUMP101.DISCHARGE_PRESS,11.316,bar,GOOD
2025-02-21 01:00:00,PUMP101.DISCHARGE_PRESS,12.685,bar,GOOD
2025-02-21 02:00:00,PUMP101.DISCHARGE_PRESS,11.916,bar,GOOD
2025-02-21 03:00:00,PUMP101.DISCHARGE_PRESS,11.955,bar,GOOD
2025-02-21 04:00:00,PUMP101.DISCHARGE_PRESS,12.012,bar,GOOD
2025-02-21 05:00:00,PUMP101.DISCHARGE_PRESS,12.572,bar,GOOD
2025-02-21 06:00:00,PUMP101.DISCHARGE_PRESS,11.622,bar,GOOD
2025-02-21 07:00:00,PUMP101.DISCHARGE_PRESS,11.147,bar,GOOD
2025-02-21 08:00:00,PUMP101.DISCHARGE_PRESS,12.161,bar,GOOD
2025-02-21 09:00:00,PUMP101.DISCHARGE_PRESS,10.978,bar,GOOD
2025-02-21 10:00:00,PUMP101.DISCHARGE_PRESS,11.849,bar,GOOD
2025-02-21 11:00:00,PUMP101.DISCHARGE_PRESS,12.593,bar,GOOD
2025-02-21 12:00:00,PUMP101.DISCHARGE_PRESS,12.29,bar,GOOD
2025-02-21 13:00:00,PUMP101.DISCHARGE_PRESS,12.521,bar,GOOD
2025-02-21 14:00:00,PUMP101.DISCHARGE_PRESS,12.31,bar,GOOD
2025-02-21 15:00:00,PUMP101.DISCHARGE_PRESS,13.205,bar,GOOD
2025-02-21 16:00:00,PUMP101.DISCHARGE_PRESS,11.706,bar,GOOD
2025-02-21 17:00:00,PUMP101.DISCHARGE_PRESS,12.199,bar,GOOD
2025-02-21 18:00:00,PUMP101.DISCHARGE_PRESS,11.781,bar,GOOD
2025-02-21 19:00:00,PUMP101.DISCHARGE_PRESS,12.478,bar,GOOD
2025-02-21 20:00:00,PUMP101.DISCHARGE_PRESS,11.969,bar,GOOD
2025-02-21 21:00:00,PUMP101.DISCHARGE_PRESS,12.859,bar,GOOD
2025-02-21 22:00:00,PUMP101.DISCHARGE_PRESS,11.735,bar,GOOD
2025-02-21 23:00:00,PUMP101.DISCHARGE_PRESS,12.704,bar,GOOD
2025-02-22 00:00:00,PUMP101.DISCHARGE_PRESS,12.297,bar,GOOD
2025-02-22 01:00:00,PUMP101.DISCHARGE_PRESS,11.984,bar,GOOD
2025-02-22 02:00:00,PUMP101.DISCHARGE_PRESS,12.271,bar,GOOD
2025-02-22 03:00:00,PUMP101.DISCHARGE_PRESS,12.131,bar,GOOD
2025-02-22 04:00:00,PUMP101.DISCHARGE_PRESS,12.178,bar,GOOD
2025-02-22 05:00:00,PUMP101.DISCHARGE_PRESS,11.897,bar,GOOD
2025-02-22 06:00:00,PUMP101.DISCHARGE_PRESS,11.649,bar,GOOD
2025-02-22 07:00:00,PUMP101.DISCHARGE_PRESS,11.832,bar,GOOD
2025-02-22 08:00:00,PUMP101.DISCHARGE_PRESS,11.158,bar,GOOD
2025-02-22 09:00:00,PUMP101.DISCHARGE_PRESS,12.421,bar,GOOD
2025-02-22 10:00:00,PUMP101.DISCHARGE_PRESS,11.382,bar,GOOD
2025-02-22 11:00:00,PUMP101.DISCHARGE_PRESS,11.891,bar,GOOD
2025-02-22 12:00:00,PUMP101.DISCHARGE_PRESS,12.324,bar,GOOD
2025-02-22 13:00:00,PUMP101.DISCHARGE_PRESS,12.42,bar,GOOD
2025-02-22 14:00:00,PUMP101.DISCHARGE_PRESS,11.113,bar,GOOD
2025-02-22 15:00:00,PUMP101.DISCHARGE_PRESS,11.954,bar,GOOD
2025-02-22 16:00:00,PUMP101.DISCHARGE_PRESS,12.23,bar,GOOD
2025-02-22 17:00:00,PUMP101.DISCHARGE_PRESS,12.026,bar,GOOD
2025-02-22 18:00:00,PUMP101.DISCHARGE_PRESS,12.672,bar,BAD
2025-02-22 19:00:00,PUMP101.DISCHARGE_PRESS,11.589,bar,GOOD
2025-02-22 20:00:00,PUMP101.DISCHARGE_PRESS,10.975,bar,GOOD
2025-02-22 21:00:00,PUMP101.DISCHARGE_PRESS,12.405,bar,GOOD
2025-02-22 22:00:00,PUMP101.DISCHARGE_PRESS,11.731,bar,GOOD
2025-02-22 23:00:00,PUMP101.DISCHARGE_PRESS,11.121,bar,GOOD
2025-02-23 00:00:00,PUMP101.DISCHARGE_PRESS,11.921,bar,GOOD
2025-02-23 01:00:00,PUMP101.DISCHARGE_PRESS,12.615,bar,GOOD
2025-02-23 02:00:00,PUMP101.DISCHARGE_PRESS,11.368,bar,GOOD
2025-02-23 03:00:00,PUMP101.DISCHARGE_PRESS,13.168,bar,GOOD
2025-02-23 04:00:00,PUMP101.DISCHARGE_PRESS,11.581,bar,GOOD
2025-02-23 05:00:00,PUMP101.DISCHARGE_PRESS,12.044,bar,GOOD
2025-02-23 06:00:00,PUMP101.DISCHARGE_PRESS,11.39,bar,GOOD
2025-02-23 07:00:00,PUMP101.DISCHARGE_PRESS,12.021,bar,GOOD
2025-02-23 08:00:00,PUMP101.DISCHARGE_PRESS,11.933,bar,GOOD
2025-02-23 09:00:00,PUMP101.DISCHARGE_PRESS,11.255,bar,GOOD
2025-02-23 10:00:00,PUMP101.DISCHARGE_PRESS,13.413,bar,GOOD
2025-02-23 11:00:00,PUMP101.DISCHARGE_PRESS,11.752,bar,GOOD
2025-02-23 12:00:00,PUMP101.DISCHARGE_PRESS,11.753,bar,GOOD
2025-02-23 13:00:00,PUMP101.DISCHARGE_PRESS,12.485,bar,GOOD
2025-02-23 14:00:00,PUMP101.DISCHARGE_PRESS,12.907,bar,GOOD
2025-02-23 15:00:00,PUMP101.DISCHARGE_PRESS,12.563,bar,GOOD
2025-02-23 16:00:00,PUMP101.DISCHARGE_PRESS,11.399,bar,GOOD
2025-02-23 17:00:00,PUMP101.DISCHARGE_PRESS,12.107,bar,GOOD
2025-02-23 18:00:00,PUMP101.DISCHARGE_PRESS,11.059,bar,GOOD
2025-02-23 19:00:00,PUMP101.DISCHARGE_PRESS,12.451,bar,GOOD
2025-02-23 20:00:00,PUMP101.DISCHARGE_PRESS,11.182,bar,GOOD
2025-02-23 21:00:00,PUMP101.DISCHARGE_PRESS,11.598,bar,GOOD
2025-02-23 22:00:00,PUMP101.DISCHARGE_PRESS,11.998,bar,GOOD
2025-02-23 23:00:00,PUMP101.DISCHARGE_PRESS,12.223,bar,GOOD
2025-02-24 00:00:00,PUMP101.DISCHARGE_PRESS,11.87,bar,GOOD
2025-02-24 01:00:00,PUMP101.DISCHARGE_PRESS,12.76,bar,GOOD
2025-02-24 02:00:00,PUMP101.DISCHARGE_PRESS,12.362,bar,GOOD
2025-02-24 03:00:00,PUMP101.DISCHARGE_PRESS,12.322,bar,GOOD
2025-02-24 04:00:00,PUMP101.DISCHARGE_PRESS,11.385,bar,GOOD
2025-02-24 05:00:00,PUMP101.DISCHARGE_PRESS,12.85,bar,GOOD
2025-02-24 06:00:00,PUMP101.DISCHARGE_PRESS,11.598,bar,GOOD
2025-02-24 07:00:00,PUMP101.DISCHARGE_PRESS,12.869,bar,GOOD
2025-02-24 08:00:00,PUMP101.DISCHARGE_PRESS,13.011,bar,GOOD
2025-02-24 09:00:00,PUMP101.DISCHARGE_PRESS,12.256,bar,GOOD
2025-02-24 10:00:00,PUMP101.DISCHARGE_PRESS,12.516,bar,GOOD
2025-02-24 11:00:00,PUMP101.DISCHARGE_PRESS,10.459,bar,GOOD
2025-02-24 12:00:00,PUMP101.DISCHARGE_PRESS,11.902,bar,GOOD
2025-02-24 13:00:00,PUMP101.DISCHARGE_PRESS,12.551,bar,GOOD
2025-02-24 14:00:00,PUMP101.DISCHARGE_PRESS,12.462,bar,GOOD
2025-02-24 15:00:00,PUMP101.DISCHARGE_PRESS,11.39,bar,GOOD
2025-02-24 16:00:00,PUMP101.DISCHARGE_PRESS,11.853,bar,GOOD
2025-02-24 17:00:00,PUMP101.DISCHARGE_PRESS,10.732,bar,GOOD
2025-02-24 18:00:00,PUMP101.DISCHARGE_PRESS,12.206,bar,GOOD
2025-02-24 19:00:00,PUMP101.DISCHARGE_PRESS,11.058,bar,GOOD
2025-02-24 20:00:00,PUMP101.DISCHARGE_PRESS,12.565,bar,GOOD
2025-02-24 21:00:00,PUMP101.DISCHARGE_PRESS,12.591,bar,GOOD
2025-02-24 22:00:00,PUMP101.DISCHARGE_PRESS,11.763,bar,GOOD
2025-02-24 23:00:00,PUMP101.DISCHARGE_PRESS,12.261,bar,GOOD
2025-02-25 00:00:00,PUMP101.DISCHARGE_PRESS,11.891,bar,GOOD
2025-02-25 01:00:00,PUMP101.DISCHARGE_PRESS,12.121,bar,GOOD
2025-02-25 02:00:00,PUMP101.DISCHARGE_PRESS,11.426,bar,GOOD
2025-02-25 03:00:00,PUMP101.DISCHARGE_PRESS,12.311,bar,GOOD
2025-02-25 04:00:00,PUMP101.DISCHARGE_PRESS,11.179,bar,GOOD
2025-02-25 05:00:00,PUMP101.DISCHARGE_PRESS,11.085,bar,GOOD
2025-02-25 06:00:00,PUMP101.DISCHARGE_PRESS,11.939,bar,GOOD
2025-02-25 07:00:00,PUMP101.DISCHARGE_PRESS,11.894,bar,GOOD
2025-02-25 08:00:00,PUMP101.DISCHARGE_PRESS,12.136,bar,GOOD
2025-02-25 09:00:00,PUMP101.DISCHARGE_PRESS,11.675,bar,GOOD
2025-02-25 10:00:00,PUMP101.DISCHARGE_PRESS,12.943,bar,GOOD
2025-02-25 11:00:00,PUMP101.DISCHARGE_PRESS,12.08,bar,GOOD
2025-02-25 12:00:00,PUMP101.DISCHARGE_PRESS,12.116,bar,GOOD
2025-02-25 13:00:00,PUMP101.DISCHARGE_PRESS,12.099,bar,GOOD
2025-02-25 14:00:00,PUMP101.DISCHARGE_PRESS,12.501,bar,GOOD
2025-02-25 15:00:00,PUMP101.DISCHARGE_PRESS,12.288,bar,GOOD
2025-02-25 16:00:00,PUMP101.DISCHARGE_PRESS,12.221,bar,GOOD
2025-02-25 17:00:00,PUMP101.DISCHARGE_PRESS,12.368,bar,GOOD
2025-02-25 18:00:00,PUMP101.DISCHARGE_PRESS,11.088,bar,GOOD
2025-02-25 19:00:00,PUMP101.DISCHARGE_PRESS,11.107,bar,GOOD
2025-02-25 20:00:00,PUMP101.DISCHARGE_PRESS,11.962,bar,GOOD
2025-02-25 21:00:00,PUMP101.DISCHARGE_PRESS,11.901,bar,GOOD
2025-02-25 22:00:00,PUMP101.DISCHARGE_PRESS,12.29,bar,GOOD
2025-02-25 23:00:00,PUMP101.DISCHARGE_PRESS,12.01,bar,BAD
2025-02-26 00:00:00,PUMP101.DISCHARGE_PRESS,12.291,bar,GOOD
2025-02-26 01:00:00,PUMP101.DISCHARGE_PRESS,11.377,bar,GOOD
2025-02-26 02:00:00,PUMP101.DISCHARGE_PRESS,11.995,bar,GOOD
2025-02-26 03:00:00,PUMP101.DISCHARGE_PRESS,11.329,bar,GOOD
2025-02-26 04:00:00,PUMP101.DISCHARGE_PRESS,12.193,bar,GOOD
2025-02-26 05:00:00,PUMP101.DISCHARGE_PRESS,11.061,bar,GOOD
2025-02-26 06:00:00,PUMP101.DISCHARGE_PRESS,12.174,bar,GOOD
2025-02-26 07:00:00,PUMP101.DISCHARGE_PRESS,11.266,bar,GOOD
2025-02-26 08:00:00,PUMP101.DISCHARGE_PRESS,11.808,bar,GOOD
2025-02-26 09:00:00,PUMP101.DISCHARGE_PRESS,12.447,bar,GOOD
2025-02-26 10:00:00,PUMP101.DISCHARGE_PRESS,12.114,bar,GOOD
2025-02-26 11:00:00,PUMP101.DISCHARGE_PRESS,11.177,bar,GOOD
2025-02-26 12:00:00,PUMP101.DISCHARGE_PRESS,11.664,bar,GOOD
2025-02-26 13:00:00,PUMP101.DISCHARGE_PRESS,11.249,bar,GOOD
2025-02-26 14:00:00,PUMP101.DISCHARGE_PRESS,11.153,bar,GOOD
2025-02-26 15:00:00,PUMP101.DISCHARGE_PRESS,12.059,bar,GOOD
2025-02-26 16:00:00,PUMP101.DISCHARGE_PRESS,12.28,bar,GOOD
2025-02-26 17:00:00,PUMP101.DISCHARGE_PRESS,12.22,bar,GOOD
2025-02-26 18:00:00,PUMP101.DISCHARGE_PRESS,12.301,bar,GOOD
2025-02-26 19:00:00,PUMP101.DISCHARGE_PRESS,11.994,bar,GOOD
2025-02-26 20:00:00,PUMP101.DISCHARGE_PRESS,11.863,bar,GOOD
2025-02-26 21:00:00,PUMP101.DISCHARGE_PRESS,11.463,bar,GOOD
2025-02-26 22:00:00,PUMP101.DISCHARGE_PRESS,11.78,bar,GOOD
2025-02-26 23:00:00,PUMP101.DISCHARGE_PRESS,11.339,bar,GOOD
2025-02-27 00:00:00,PUMP101.DISCHARGE_PRESS,11.577,bar,GOOD
2025-02-27 01:00:00,PUMP101.DISCHARGE_PRESS,12.044,bar,GOOD
2025-02-27 02:00:00,PUMP101.DISCHARGE_PRESS,11.941,bar,GOOD
2025-02-27 03:00:00,PUMP101.DISCHARGE_PRESS,13.532,bar,GOOD
2025-02-27 04:00:00,PUMP101.DISCHARGE_PRESS,11.327,bar,GOOD
2025-02-27 05:00:00,PUMP101.DISCHARGE_PRESS,11.937,bar,GOOD
2025-02-27 06:00:00,PUMP101.DISCHARGE_PRESS,11.288,bar,GOOD
2025-02-27 07:00:00,PUMP101.DISCHARGE_PRESS,11.806,bar,GOOD
2025-02-27 08:00:00,PUMP101.DISCHARGE_PRESS,11.826,bar,GOOD
2025-02-27 09:00:00,PUMP101.DISCHARGE_PRESS,12.422,bar,GOOD
2025-02-27 10:00:00,PUMP101.DISCHARGE_PRESS,11.775,bar,GOOD
2025-02-27 11:00:00,PUMP101.DISCHARGE_PRESS,11.904,bar,GOOD
2025-02-27 12:00:00,PUMP101.DISCHARGE_PRESS,11.785,bar,GOOD
2025-02-27 13:00:00,PUMP101.DISCHARGE_PRESS,11.299,bar,GOOD
2025-02-27 14:00:00,PUMP101.DISCHARGE_PRESS,11.674,bar,GOOD
2025-02-27 15:00:00,PUMP101.DISCHARGE_PRESS,11.809,bar,BAD
2025-02-27 16:00:00,PUMP101.DISCHARGE_PRESS,12.037,bar,GOOD
2025-02-27 17:00:00,PUMP101.DISCHARGE_PRESS,12.279,bar,GOOD
2025-02-27 18:00:00,PUMP101.DISCHARGE_PRESS,11.883,bar,GOOD
2025-02-27 19:00:00,PUMP101.DISCHARGE_PRESS,11.874,bar,GOOD
2025-02-27 20:00:00,PUMP101.DISCHARGE_PRESS,11.14,bar,GOOD
2025-02-27 21:00:00,PUMP101.DISCHARGE_PRESS,12.27,bar,GOOD
2025-02-27 22:00:00,PUMP101.DISCHARGE_PRESS,11.652,bar,GOOD
2025-02-27 23:00:00,PUMP101.DISCHARGE_PRESS,12.374,bar,GOOD
2025-02-28 00:00:00,PUMP101.DISCHARGE_PRESS,12.658,bar,GOOD
2025-02-28 01:00:00,PUMP101.DISCHARGE_PRESS,11.906,bar,GOOD
2025-02-28 02:00:00,PUMP101.DISCHARGE_PRESS,11.488,bar,GOOD
2025-02-28 03:00:00,PUMP101.DISCHARGE_PRESS,11.992,bar,GOOD
2025-02-28 04:00:00,PUMP101.DISCHARGE_PRESS,12.174,bar,GOOD
2025-02-28 05:00:00,PUMP101.DISCHARGE_PRESS,11.842,bar,GOOD
2025-02-28 06:00:00,PUMP101.DISCHARGE_PRESS,11.718,bar,GOOD
2025-02-28 07:00:00,PUMP101.DISCHARGE_PRESS,12.282,bar,GOOD
2025-02-28 08:00:00,PUMP101.DISCHARGE_PRESS,12.249,bar,GOOD
2025-02-28 09:00:00,PUMP101.DISCHARGE_PRESS,11.827,bar,GOOD
2025-02-28 10:00:00,PUMP101.DISCHARGE_PRESS,11.173,bar,GOOD
2025-02-28 11:00:00,PUMP101.DISCHARGE_PRESS,12.228,bar,GOOD
2025-02-28 12:00:00,PUMP101.DISCHARGE_PRESS,11.616,bar,GOOD
2025-02-28 13:00:00,PUMP101.DISCHARGE_PRESS,12.107,bar,GOOD
2025-02-28 14:00:00,PUMP101.DISCHARGE_PRESS,12.076,bar,GOOD
2025-02-28 15:00:00,PUMP101.DISCHARGE_PRESS,11.056,bar,GOOD
2025-02-28 16:00:00,PUMP101.DISCHARGE_PRESS,12.041,bar,GOOD
2025-02-28 17:00:00,PUMP101.DISCHARGE_PRESS,12.257,bar,GOOD
2025-02-28 18:00:00,PUMP101.DISCHARGE_PRESS,12.319,bar,GOOD
2025-02-28 19:00:00,PUMP101.DISCHARGE_PRESS,12.059,bar,GOOD
2025-02-28 20:00:00,PUMP101.DISCHARGE_PRESS,11.011,bar,GOOD
2025-02-28 21:00:00,PUMP101.DISCHARGE_PRESS,12.639,bar,GOOD
2025-02-28 22:00:00,PUMP101.DISCHARGE_PRESS,12.206,bar,BAD
2025-02-28 23:00:00,PUMP101.DISCHARGE_PRESS,11.398,bar,GOOD
2025-03-01 00:00:00,PUMP101.DISCHARGE_PRESS,11.606,bar,GOOD
2025-03-01 01:00:00,PUMP101.DISCHARGE_PRESS,12.116,bar,GOOD
2025-03-01 02:00:00,PUMP101.DISCHARGE_PRESS,12.34,bar,GOOD
2025-03-01 03:00:00,PUMP101.DISCHARGE_PRESS,11.756,bar,GOOD
2025-03-01 04:00:00,PUMP101.DISCHARGE_PRESS,12.413,bar,GOOD
2025-03-01 05:00:00,PUMP101.DISCHARGE_PRESS,11.104,bar,GOOD
2025-03-01 06:00:00,PUMP101.DISCHARGE_PRESS,11.479,bar,GOOD
2025-03-01 07:00:00,PUMP101.DISCHARGE_PRESS,10.968,bar,GOOD
2025-03-01 08:00:00,PUMP101.DISCHARGE_PRESS,11.551,bar,GOOD
2025-03-01 09:00:00,PUMP101.DISCHARGE_PRESS,12.754,bar,GOOD
2025-03-01 10:00:00,PUMP101.DISCHARGE_PRESS,13.029,bar,GOOD
2025-03-01 11:00:00,PUMP101.DISCHARGE_PRESS,12.117,bar,GOOD
2025-03-01 12:00:00,PUMP101.DISCHARGE_PRESS,11.681,bar,GOOD
2025-03-01 13:00:00,PUMP101.DISCHARGE_PRESS,11.889,bar,GOOD
2025-03-01 14:00:00,PUMP101.DISCHARGE_PRESS,12.237,bar,GOOD
2025-03-01 15:00:00,PUMP101.DISCHARGE_PRESS,11.219,bar,GOOD
2025-03-01 16:00:00,PUMP101.DISCHARGE_PRESS,11.714,bar,GOOD
2025-03-01 17:00:00,PUMP101.DISCHARGE_PRESS,12.717,bar,GOOD
2025-03-01 18:00:00,PUMP101.DISCHARGE_PRESS,11.477,bar,GOOD
2025-03-01 19:00:00,PUMP101.DISCHARGE_PRESS,11.625,bar,GOOD
2025-03-01 20:00:00,PUMP101.DISCHARGE_PRESS,12.007,bar,GOOD
2025-03-01 21:00:00,PUMP101.DISCHARGE_PRESS,12.142,bar,GOOD
2025-03-01 22:00:00,PUMP101.DISCHARGE_PRESS,11.687,bar,GOOD
2025-03-01 23:00:00,PUMP101.DISCHARGE_PRESS,12.038,bar,GOOD
2025-03-02 00:00:00,PUMP101.DISCHARGE_PRESS,12.304,bar,GOOD
2025-03-02 01:00:00,PUMP101.DISCHARGE_PRESS,12.981,bar,GOOD
2025-03-02 02:00:00,PUMP101.DISCHARGE_PRESS,11.937,bar,GOOD
2025-03-02 03:00:00,PUMP101.DISCHARGE_PRESS,11.979,bar,GOOD
2025-03-02 04:00:00,PUMP101.DISCHARGE_PRESS,12.764,bar,GOOD
2025-03-02 05:00:00,PUMP101.DISCHARGE_PRESS,11.725,bar,GOOD
2025-03-02 06:00:00,PUMP101.DISCHARGE_PRESS,11.338,bar,GOOD
2025-03-02 07:00:00,PUMP101.DISCHARGE_PRESS,12.125,bar,GOOD
2025-03-02 08:00:00,PUMP101.DISCHARGE_PRESS,12.538,bar,GOOD
2025-03-02 09:00:00,PUMP101.DISCHARGE_PRESS,12.181,bar,GOOD
2025-03-02 10:00:00,PUMP101.DISCHARGE_PRESS,11.951,bar,GOOD
2025-03-02 11:00:00,PUMP101.DISCHARGE_PRESS,11.276,bar,GOOD
2025-03-02 12:00:00,PUMP101.DISCHARGE_PRESS,11.971,bar,GOOD
2025-03-02 13:00:00,PUMP101.DISCHARGE_PRESS,12.617,bar,GOOD
2025-03-02 14:00:00,PUMP101.DISCHARGE_PRESS,11.383,bar,GOOD
2025-03-02 15:00:00,PUMP101.DISCHARGE_PRESS,11.878,bar,GOOD
2025-03-02 16:00:00,PUMP101.DISCHARGE_PRESS,11.806,bar,GOOD
2025-03-02 17:00:00,PUMP101.DISCHARGE_PRESS,11.651,bar,GOOD
2025-03-02 18:00:00,PUMP101.DISCHARGE_PRESS,12.124,bar,GOOD
2025-03-02 19:00:00,PUMP101.DISCHARGE_PRESS,12.222,bar,GOOD
2025-03-02 20:00:00,PUMP101.DISCHARGE_PRESS,12.216,bar,GOOD
2025-03-02 21:00:00,PUMP101.DISCHARGE_PRESS,11.512,bar,GOOD
2025-03-02 22:00:00,PUMP101.DISCHARGE_PRESS,11.177,bar,GOOD
2025-03-02 23:00:00,PUMP101.DISCHARGE_PRESS,12.131,bar,GOOD
2025-03-03 00:00:00,PUMP101.DISCHARGE_PRESS,11.747,bar,GOOD
2025-03-03 01:00:00,PUMP101.DISCHARGE_PRESS,12.919,bar,GOOD
2025-03-03 02:00:00,PUMP101.DISCHARGE_PRESS,12.942,bar,GOOD
2025-03-03 03:00:00,PUMP101.DISCHARGE_PRESS,12.995,bar,GOOD
2025-03-03 04:00:00,PUMP101.DISCHARGE_PRESS,11.53,bar,GOOD
2025-03-03 05:00:00,PUMP101.DISCHARGE_PRESS,12.285,bar,GOOD
2025-03-03 06:00:00,PUMP101.DISCHARGE_PRESS,12.435,bar,GOOD
2025-03-03 07:00:00,PUMP101.DISCHARGE_PRESS,12.379,bar,GOOD
2025-03-03 08:00:00,PUMP101.DISCHARGE_PRESS,11.823,bar,GOOD
2025-03-03 09:00:00,PUMP101.DISCHARGE_PRESS,12.64,bar,GOOD
2025-03-03 10:00:00,PUMP101.DISCHARGE_PRESS,12.0,bar,GOOD
2025-03-03 11:00:00,PUMP101.DISCHARGE_PRESS,12.064,bar,GOOD
2025-03-03 12:00:00,PUMP101.DISCHARGE_PRESS,11.231,bar,GOOD
2025-03-03 13:00:00,PUMP101.DISCHARGE_PRESS,12.322,bar,GOOD
2025-03-03 14:00:00,PUMP101.DISCHARGE_PRESS,11.87,bar,GOOD
2025-03-03 15:00:00,PUMP101.DISCHARGE_PRESS,12.232,bar,GOOD
2025-03-03 16:00:00,PUMP101.DISCHARGE_PRESS,12.118,bar,GOOD
2025-03-03 17:00:00,PUMP101.DISCHARGE_PRESS,12.09,bar,GOOD
2025-03-03 18:00:00,PUMP101.DISCHARGE_PRESS,11.977,bar,GOOD
2025-03-03 19:00:00,PUMP101.DISCHARGE_PRESS,12.393,bar,GOOD
2025-03-03 20:00:00,PUMP101.DISCHARGE_PRESS,11.901,bar,GOOD
2025-03-03 21:00:00,PUMP101.DISCHARGE_PRESS,11.272,bar,GOOD
2025-03-03 22:00:00,PUMP101.DISCHARGE_PRESS,12.284,bar,GOOD
2025-03-03 23:00:00,PUMP101.DISCHARGE_PRESS,11.595,bar,GOOD
2025-03-04 00:00:00,PUMP101.DISCHARGE_PRESS,11.338,bar,GOOD
2025-03-04 01:00:00,PUMP101.DISCHARGE_PRESS,11.489,bar,GOOD
2025-03-04 02:00:00,PUMP101.DISCHARGE_PRESS,12.142,bar,GOOD
2025-03-04 03:00:00,PUMP101.DISCHARGE_PRESS,11.952,bar,GOOD
2025-03-04 04:00:00,PUMP101.DISCHARGE_PRESS,10.934,bar,GOOD
2025-03-04 05:00:00,PUMP101.DISCHARGE_PRESS,11.808,bar,GOOD
2025-03-04 06:00:00,PUMP101.DISCHARGE_PRESS,12.585,bar,GOOD
2025-03-04 07:00:00,PUMP101.DISCHARGE_PRESS,11.774,bar,GOOD
2025-03-04 08:00:00,PUMP101.DISCHARGE_PRESS,11.917,bar,GOOD
2025-03-04 09:00:00,PUMP101.DISCHARGE_PRESS,12.521,bar,GOOD
2025-03-04 10:00:00,PUMP101.DISCHARGE_PRESS,12.398,bar,GOOD
2025-03-04 11:00:00,PUMP101.DISCHARGE_PRESS,12.511,bar,GOOD
2025-03-04 12:00:00,PUMP101.DISCHARGE_PRESS,10.614,bar,GOOD
2025-03-04 13:00:00,PUMP101.DISCHARGE_PRESS,12.867,bar,GOOD
2025-03-04 14:00:00,PUMP101.DISCHARGE_PRESS,12.318,bar,GOOD
2025-03-04 15:00:00,PUMP101.DISCHARGE_PRESS,13.231,bar,GOOD
2025-03-04 16:00:00,PUMP101.DISCHARGE_PRESS,11.609,bar,GOOD
2025-03-04 17:00:00,PUMP101.DISCHARGE_PRESS,11.118,bar,GOOD
2025-03-04 18:00:00,PUMP101.DISCHARGE_PRESS,12.004,bar,GOOD
2025-03-04 19:00:00,PUMP101.DISCHARGE_PRESS,11.862,bar,GOOD
2025-03-04 20:00:00,PUMP101.DISCHARGE_PRESS,12.327,bar,GOOD
2025-03-04 21:00:00,PUMP101.DISCHARGE_PRESS,12.537,bar,GOOD
2025-03-04 22:00:00,PUMP101.DISCHARGE_PRESS,11.956,bar,GOOD
2025-03-04 23:00:00,PUMP101.DISCHARGE_PRESS,11.88,bar,GOOD
2025-03-05 00:00:00,PUMP101.DISCHARGE_PRESS,12.261,bar,GOOD
2025-03-05 01:00:00,PUMP101.DISCHARGE_PRESS,11.872,bar,GOOD
2025-03-05 02:00:00,PUMP101.DISCHARGE_PRESS,11.83,bar,GOOD
2025-03-05 03:00:00,PUMP101.DISCHARGE_PRESS,12.519,bar,GOOD
2025-03-05 04:00:00,PUMP101.DISCHARGE_PRESS,12.63,bar,GOOD
2025-03-05 05:00:00,PUMP101.DISCHARGE_PRESS,12.542,bar,GOOD
2025-03-05 06:00:00,PUMP101.DISCHARGE_PRESS,11.916,bar,GOOD
2025-03-05 07:00:00,PUMP101.DISCHARGE_PRESS,10.93,bar,GOOD
2025-03-05 08:00:00,PUMP101.DISCHARGE_PRESS,11.926,bar,GOOD
2025-03-05 09:00:00,PUMP101.DISCHARGE_PRESS,11.621,bar,GOOD
2025-03-05 10:00:00,PUMP101.DISCHARGE_PRESS,11.935,bar,GOOD
2025-03-05 11:00:00,PUMP101.DISCHARGE_PRESS,11.664,bar,GOOD
2025-03-05 12:00:00,PUMP101.DISCHARGE_PRESS,11.99,bar,GOOD
2025-03-05 13:00:00,PUMP101.DISCHARGE_PRESS,11.48,bar,GOOD
2025-03-05 14:00:00,PUMP101.DISCHARGE_PRESS,11.36,bar,GOOD
2025-03-05 15:00:00,PUMP101.DISCHARGE_PRESS,12.611,bar,GOOD
2025-03-05 16:00:00,PUMP101.DISCHARGE_PRESS,11.515,bar,GOOD
2025-03-05 17:00:00,PUMP101.DISCHARGE_PRESS,12.0,bar,GOOD
2025-03-05 18:00:00,PUMP101.DISCHARGE_PRESS,12.477,bar,BAD
2025-03-05 19:00:00,PUMP101.DISCHARGE_PRESS,12.457,bar,GOOD
2025-03-05 20:00:00,PUMP101.DISCHARGE_PRESS,12.397,bar,GOOD
2025-03-05 21:00:00,PUMP101.DISCHARGE_PRESS,12.151,bar,GOOD
2025-03-05 22:00:00,PUMP101.DISCHARGE_PRESS,12.362,bar,GOOD
2025-03-05 23:00:00,PUMP101.DISCHARGE_PRESS,12.687,bar,GOOD
2025-03-06 00:00:00,PUMP101.DISCHARGE_PRESS,12.213,bar,GOOD
2025-03-06 01:00:00,PUMP101.DISCHARGE_PRESS,11.081,bar,GOOD
2025-03-06 02:00:00,PUMP101.DISCHARGE_PRESS,11.736,bar,GOOD
2025-03-06 03:00:00,PUMP101.DISCHARGE_PRESS,12.348,bar,GOOD
2025-03-06 04:00:00,PUMP101.DISCHARGE_PRESS,11.686,bar,GOOD
2025-03-06 05:00:00,PUMP101.DISCHARGE_PRESS,12.81,bar,GOOD
2025-03-06 06:00:00,PUMP101.DISCHARGE_PRESS,11.968,bar,GOOD
2025-03-06 07:00:00,PUMP101.DISCHARGE_PRESS,12.043,bar,GOOD
2025-03-06 08:00:00,PUMP101.DISCHARGE_PRESS,12.562,bar,GOOD
2025-03-06 09:00:00,PUMP101.DISCHARGE_PRESS,11.909,bar,GOOD
2025-03-06 10:00:00,PUMP101.DISCHARGE_PRESS,12.088,bar,GOOD
2025-03-06 11:00:00,PUMP101.DISCHARGE_PRESS,12.45,bar,GOOD
2025-03-06 12:00:00,PUMP101.DISCHARGE_PRESS,11.264,bar,GOOD
2025-03-06 13:00:00,PUMP101.DISCHARGE_PRESS,11.857,bar,GOOD
2025-03-06 14:00:00,PUMP101.DISCHARGE_PRESS,12.415,bar,GOOD
2025-03-06 15:00:00,PUMP101.DISCHARGE_PRESS,12.033,bar,GOOD
2025-03-06 16:00:00,PUMP101.DISCHARGE_PRESS,12.734,bar,GOOD
2025-03-06 17:00:00,PUMP101.DISCHARGE_PRESS,11.212,bar,GOOD
2025-03-06 18:00:00,PUMP101.DISCHARGE_PRESS,11.155,bar,GOOD
2025-03-06 19:00:00,PUMP101.DISCHARGE_PRESS,12.385,bar,GOOD
2025-03-06 20:00:00,PUMP101.DISCHARGE_PRESS,12.433,bar,GOOD
2025-03-06 21:00:00,PUMP101.DISCHARGE_PRESS,11.903,bar,GOOD
2025-03-06 22:00:00,PUMP101.DISCHARGE_PRESS,12.2,bar,GOOD
2025-03-06 23:00:00,PUMP101.DISCHARGE_PRESS,12.373,bar,GOOD
2025-03-07 00:00:00,PUMP101.DISCHARGE_PRESS,11.593,bar,GOOD
2025-03-07 01:00:00,PUMP101.DISCHARGE_PRESS,11.647,bar,GOOD
2025-03-07 02:00:00,PUMP101.DISCHARGE_PRESS,12.095,bar,GOOD
2025-03-07 03:00:00,PUMP101.DISCHARGE_PRESS,12.452,bar,GOOD
2025-03-07 04:00:00,PUMP101.DISCHARGE_PRESS,11.417,bar,GOOD
2025-03-07 05:00:00,PUMP101.DISCHARGE_PRESS,11.901,bar,GOOD
2025-03-07 06:00:00,PUMP101.DISCHARGE_PRESS,11.878,bar,GOOD
2025-03-07 07:00:00,PUMP101.DISCHARGE_PRESS,12.209,bar,GOOD
2025-03-07 08:00:00,PUMP101.DISCHARGE_PRESS,11.996,bar,GOOD
2025-03-07 09:00:00,PUMP101.DISCHARGE_PRESS,11.727,bar,GOOD
2025-03-07 10:00:00,PUMP101.DISCHARGE_PRESS,12.624,bar,GOOD
2025-03-07 11:00:00,PUMP101.DISCHARGE_PRESS,11.73,bar,GOOD
2025-03-07 12:00:00,PUMP101.DISCHARGE_PRESS,11.854,bar,GOOD
2025-03-07 13:00:00,PUMP101.DISCHARGE_PRESS,11.204,bar,GOOD
2025-03-07 14:00:00,PUMP101.DISCHARGE_PRESS,11.643,bar,BAD
2025-03-07 15:00:00,PUMP101.DISCHARGE_PRESS,12.258,bar,GOOD
2025-03-07 16:00:00,PUMP101.DISCHARGE_PRESS,12.16,bar,GOOD
2025-03-07 17:00:00,PUMP101.DISCHARGE_PRESS,12.3,bar,GOOD
2025-03-07 18:00:00,PUMP101.DISCHARGE_PRESS,12.275,bar,GOOD
2025-03-07 19:00:00,PUMP101.DISCHARGE_PRESS,13.044,bar,GOOD
2025-03-07 20:00:00,PUMP101.DISCHARGE_PRESS,11.626,bar,BAD
2025-03-07 21:00:00,PUMP101.DISCHARGE_PRESS,11.19,bar,GOOD
2025-03-07 22:00:00,PUMP101.DISCHARGE_PRESS,11.475,bar,GOOD
2025-03-07 23:00:00,PUMP101.DISCHARGE_PRESS,11.648,bar,GOOD
2025-03-08 00:00:00,PUMP101.DISCHARGE_PRESS,11.513,bar,GOOD
2025-03-08 01:00:00,PUMP101.DISCHARGE_PRESS,12.047,bar,GOOD
2025-03-08 02:00:00,PUMP101.DISCHARGE_PRESS,12.626,bar,GOOD
2025-03-08 03:00:00,PUMP101.DISCHARGE_PRESS,12.77,bar,GOOD
2025-03-08 04:00:00,PUMP101.DISCHARGE_PRESS,12.252,bar,GOOD
2025-03-08 05:00:00,PUMP101.DISCHARGE_PRESS,13.071,bar,GOOD
2025-03-08 06:00:00,PUMP101.DISCHARGE_PRESS,11.822,bar,GOOD
2025-03-08 07:00:00,PUMP101.DISCHARGE_PRESS,11.184,bar,GOOD
2025-03-08 08:00:00,PUMP101.DISCHARGE_PRESS,12.527,bar,GOOD
2025-03-08 09:00:00,PUMP101.DISCHARGE_PRESS,11.081,bar,GOOD
2025-03-08 10:00:00,PUMP101.DISCHARGE_PRESS,11.622,bar,BAD
2025-03-08 11:00:00,PUMP101.DISCHARGE_PRESS,12.26,bar,GOOD
2025-03-08 12:00:00,PUMP101.DISCHARGE_PRESS,11.949,bar,GOOD
2025-03-08 13:00:00,PUMP101.DISCHARGE_PRESS,11.905,bar,GOOD
2025-03-08 14:00:00,PUMP101.DISCHARGE_PRESS,11.41,bar,GOOD
2025-03-08 15:00:00,PUMP101.DISCHARGE_PRESS,11.995,bar,GOOD
2025-03-08 16:00:00,PUMP101.DISCHARGE_PRESS,12.502,bar,GOOD
2025-03-08 17:00:00,PUMP101.DISCHARGE_PRESS,12.01,bar,GOOD
2025-03-08 18:00:00,PUMP101.DISCHARGE_PRESS,11.585,bar,GOOD
2025-03-08 19:00:00,PUMP101.DISCHARGE_PRESS,11.376,bar,GOOD
2025-03-08 20:00:00,PUMP101.DISCHARGE_PRESS,11.595,bar,GOOD
2025-03-08 21:00:00,PUMP101.DISCHARGE_PRESS,12.196,bar,GOOD
2025-03-08 22:00:00,PUMP101.DISCHARGE_PRESS,12.172,bar,GOOD
2025-03-08 23:00:00,PUMP101.DISCHARGE_PRESS,11.6,bar,GOOD
2025-03-09 00:00:00,PUMP101.DISCHARGE_PRESS,10.895,bar,GOOD
2025-03-09 01:00:00,PUMP101.DISCHARGE_PRESS,12.21,bar,GOOD
2025-03-09 02:00:00,PUMP101.DISCHARGE_PRESS,11.551,bar,GOOD
2025-03-09 03:00:00,PUMP101.DISCHARGE_PRESS,12.345,bar,GOOD
2025-03-09 04:00:00,PUMP101.DISCHARGE_PRESS,11.622,bar,GOOD
2025-03-09 05:00:00,PUMP101.DISCHARGE_PRESS,11.506,bar,GOOD
2025-03-09 06:00:00,PUMP101.DISCHARGE_PRESS,12.077,bar,GOOD
2025-03-09 07:00:00,PUMP101.DISCHARGE_PRESS,13.179,bar,GOOD
2025-03-09 08:00:00,PUMP101.DISCHARGE_PRESS,12.375,bar,GOOD
2025-03-09 09:00:00,PUMP101.DISCHARGE_PRESS,12.068,bar,GOOD
2025-03-09 10:00:00,PUMP101.DISCHARGE_PRESS,12.179,bar,GOOD
2025-03-09 11:00:00,PUMP101.DISCHARGE_PRESS,11.124,bar,GOOD
2025-03-09 12:00:00,PUMP101.DISCHARGE_PRESS,11.439,bar,GOOD
2025-03-09 13:00:00,PUMP101.DISCHARGE_PRESS,10.745,bar,GOOD
2025-03-09 14:00:00,PUMP101.DISCHARGE_PRESS,12.865,bar,GOOD
2025-03-09 15:00:00,PUMP101.DISCHARGE_PRESS,12.764,bar,GOOD
2025-03-09 16:00:00,PUMP101.DISCHARGE_PRESS,12.196,bar,GOOD
2025-03-09 17:00:00,PUMP101.DISCHARGE_PRESS,12.068,bar,GOOD
2025-03-09 18:00:00,PUMP101.DISCHARGE_PRESS,11.224,bar,GOOD
2025-03-09 19:00:00,PUMP101.DISCHARGE_PRESS,11.89,bar,GOOD
2025-03-09 20:00:00,PUMP101.DISCHARGE_PRESS,12.896,bar,GOOD
2025-03-09 21:00:00,PUMP101.DISCHARGE_PRESS,12.066,bar,GOOD
2025-03-09 22:00:00,PUMP101.DISCHARGE_PRESS,11.718,bar,GOOD
2025-03-09 23:00:00,PUMP101.DISCHARGE_PRESS,11.121,bar,GOOD
2025-03-10 00:00:00,PUMP101.DISCHARGE_PRESS,12.69,bar,GOOD
2025-03-10 01:00:00,PUMP101.DISCHARGE_PRESS,11.965,bar,GOOD
2025-03-10 02:00:00,PUMP101.DISCHARGE_PRESS,11.122,bar,GOOD
2025-03-10 03:00:00,PUMP101.DISCHARGE_PRESS,11.538,bar,GOOD
2025-03-10 04:00:00,PUMP101.DISCHARGE_PRESS,11.361,bar,GOOD
2025-03-10 05:00:00,PUMP101.DISCHARGE_PRESS,11.934,bar,GOOD
2025-03-10 06:00:00,PUMP101.DISCHARGE_PRESS,12.104,bar,GOOD
2025-03-10 07:00:00,PUMP101.DISCHARGE_PRESS,11.748,bar,GOOD
2025-03-10 08:00:00,PUMP101.DISCHARGE_PRESS,12.389,bar,GOOD
2025-03-10 09:00:00,PUMP101.DISCHARGE_PRESS,12.039,bar,GOOD
2025-03-10 10:00:00,PUMP101.DISCHARGE_PRESS,12.531,bar,GOOD
2025-03-10 11:00:00,PUMP101.DISCHARGE_PRESS,11.821,bar,GOOD
2025-03-10 12:00:00,PUMP101.DISCHARGE_PRESS,13.523,bar,GOOD
2025-03-10 13:00:00,PUMP101.DISCHARGE_PRESS,11.718,bar,GOOD
2025-03-10 14:00:00,PUMP101.DISCHARGE_PRESS,11.548,bar,GOOD
2025-03-10 15:00:00,PUMP101.DISCHARGE_PRESS,11.487,bar,BAD
2025-03-10 16:00:00,PUMP101.DISCHARGE_PRESS,11.895,bar,GOOD
2025-03-10 17:00:00,PUMP101.DISCHARGE_PRESS,11.14,bar,GOOD
2025-03-10 18:00:00,PUMP101.DISCHARGE_PRESS,12.147,bar,GOOD
2025-03-10 19:00:00,PUMP101.DISCHARGE_PRESS,11.047,bar,GOOD
2025-03-10 20:00:00,PUMP101.DISCHARGE_PRESS,12.081,bar,GOOD
2025-03-10 21:00:00,PUMP101.DISCHARGE_PRESS,11.324,bar,GOOD
2025-03-10 22:00:00,PUMP101.DISCHARGE_PRESS,11.809,bar,GOOD
2025-03-10 23:00:00,PUMP101.DISCHARGE_PRESS,12.302,bar,GOOD
2025-03-11 00:00:00,PUMP101.DISCHARGE_PRESS,13.152,bar,GOOD
2025-03-11 01:00:00,PUMP101.DISCHARGE_PRESS,11.461,bar,GOOD
2025-03-11 02:00:00,PUMP101.DISCHARGE_PRESS,11.925,bar,GOOD
2025-03-11 03:00:00,PUMP101.DISCHARGE_PRESS,11.638,bar,GOOD
2025-03-11 04:00:00,PUMP101.DISCHARGE_PRESS,11.565,bar,GOOD
2025-03-11 05:00:00,PUMP101.DISCHARGE_PRESS,11.643,bar,GOOD
2025-03-11 06:00:00,PUMP101.DISCHARGE_PRESS,12.412,bar,GOOD
2025-03-11 07:00:00,PUMP101.DISCHARGE_PRESS,11.756,bar,GOOD
2025-03-11 08:00:00,PUMP101.DISCHARGE_PRESS,13.125,bar,GOOD
2025-03-11 09:00:00,PUMP101.DISCHARGE_PRESS,12.208,bar,GOOD
2025-03-11 10:00:00,PUMP101.DISCHARGE_PRESS,11.495,bar,GOOD
2025-03-11 11:00:00,PUMP101.DISCHARGE_PRESS,11.817,bar,BAD
2025-03-11 12:00:00,PUMP101.DISCHARGE_PRESS,11.599,bar,GOOD
2025-03-11 13:00:00,PUMP101.DISCHARGE_PRESS,12.4,bar,GOOD
2025-03-11 14:00:00,PUMP101.DISCHARGE_PRESS,11.181,bar,GOOD
2025-03-11 15:00:00,PUMP101.DISCHARGE_PRESS,11.33,bar,GOOD
2025-03-11 16:00:00,PUMP101.DISCHARGE_PRESS,11.704,bar,GOOD
2025-03-11 17:00:00,PUMP101.DISCHARGE_PRESS,12.341,bar,GOOD
2025-03-11 18:00:00,PUMP101.DISCHARGE_PRESS,12.617,bar,GOOD
2025-03-11 19:00:00,PUMP101.DISCHARGE_PRESS,12.69,bar,GOOD
2025-03-11 20:00:00,PUMP101.DISCHARGE_PRESS,12.265,bar,GOOD
2025-03-11 21:00:00,PUMP101.DISCHARGE_PRESS,11.959,bar,GOOD
2025-03-11 22:00:00,PUMP101.DISCHARGE_PRESS,12.397,bar,GOOD
2025-03-11 23:00:00,PUMP101.DISCHARGE_PRESS,11.428,bar,GOOD
2025-03-12 00:00:00,PUMP101.DISCHARGE_PRESS,11.078,bar,GOOD
2025-03-12 01:00:00,PUMP101.DISCHARGE_PRESS,12.218,bar,GOOD
2025-03-12 02:00:00,PUMP101.DISCHARGE_PRESS,11.497,bar,GOOD
2025-03-12 03:00:00,PUMP101.DISCHARGE_PRESS,11.967,bar,GOOD
2025-03-12 04:00:00,PUMP101.DISCHARGE_PRESS,12.06,bar,BAD
2025-03-12 05:00:00,PUMP101.DISCHARGE_PRESS,12.124,bar,GOOD
2025-03-12 06:00:00,PUMP101.DISCHARGE_PRESS,12.469,bar,GOOD
2025-03-12 07:00:00,PUMP101.DISCHARGE_PRESS,12.416,bar,GOOD
2025-03-12 08:00:00,PUMP101.DISCHARGE_PRESS,12.098,bar,GOOD
2025-03-12 09:00:00,PUMP101.DISCHARGE_PRESS,11.779,bar,GOOD
2025-03-12 10:00:00,PUMP101.DISCHARGE_PRESS,12.054,bar,GOOD
2025-03-12 11:00:00,PUMP101.DISCHARGE_PRESS,11.702,bar,GOOD
2025-03-12 12:00:00,PUMP101.DISCHARGE_PRESS,11.902,bar,GOOD
2025-03-12 13:00:00,PUMP101.DISCHARGE_PRESS,13.309,bar,GOOD
2025-03-12 14:00:00,PUMP101.DISCHARGE_PRESS,12.091,bar,GOOD
2025-03-12 15:00:00,PUMP101.DISCHARGE_PRESS,12.225,bar,GOOD
2025-03-12 16:00:00,PUMP101.DISCHARGE_PRESS,11.647,bar,GOOD
2025-03-12 17:00:00,PUMP101.DISCHARGE_PRESS,12.51,bar,GOOD
2025-03-12 18:00:00,PUMP101.DISCHARGE_PRESS,12.38,bar,GOOD
2025-03-12 19:00:00,PUMP101.DISCHARGE_PRESS,12.384,bar,GOOD
2025-03-12 20:00:00,PUMP101.DISCHARGE_PRESS,12.107,bar,GOOD
2025-03-12 21:00:00,PUMP101.DISCHARGE_PRESS,12.517,bar,GOOD
2025-03-12 22:00:00,PUMP101.DISCHARGE_PRESS,12.636,bar,GOOD
2025-03-12 23:00:00,PUMP101.DISCHARGE_PRESS,12.142,bar,GOOD
2025-03-13 00:00:00,PUMP101.DISCHARGE_PRESS,11.943,bar,GOOD
2025-03-13 01:00:00,PUMP101.DISCHARGE_PRESS,12.447,bar,GOOD
2025-03-13 02:00:00,PUMP101.DISCHARGE_PRESS,11.548,bar,GOOD
2025-03-13 03:00:00,PUMP101.DISCHARGE_PRESS,11.641,bar,GOOD
2025-03-13 04:00:00,PUMP101.DISCHARGE_PRESS,11.973,bar,GOOD
2025-03-13 05:00:00,PUMP101.DISCHARGE_PRESS,11.129,bar,GOOD
2025-03-13 06:00:00,PUMP101.DISCHARGE_PRESS,12.414,bar,GOOD
2025-03-13 07:00:00,PUMP101.DISCHARGE_PRESS,11.519,bar,GOOD
2025-03-13 08:00:00,PUMP101.DISCHARGE_PRESS,11.764,bar,GOOD
2025-03-13 09:00:00,PUMP101.DISCHARGE_PRESS,11.893,bar,GOOD
2025-03-13 10:00:00,PUMP101.DISCHARGE_PRESS,12.02,bar,GOOD
2025-03-13 11:00:00,PUMP101.DISCHARGE_PRESS,11.828,bar,GOOD
2025-03-13 12:00:00,PUMP101.DISCHARGE_PRESS,11.966,bar,GOOD
2025-03-13 13:00:00,PUMP101.DISCHARGE_PRESS,11.97,bar,GOOD
2025-03-13 14:00:00,PUMP101.DISCHARGE_PRESS,11.776,bar,GOOD
2025-03-13 15:00:00,PUMP101.DISCHARGE_PRESS,11.613,bar,GOOD
2025-03-13 16:00:00,PUMP101.DISCHARGE_PRESS,12.541,bar,GOOD
2025-03-13 17:00:00,PUMP101.DISCHARGE_PRESS,10.948,bar,GOOD
2025-03-13 18:00:00,PUMP101.DISCHARGE_PRESS,11.897,bar,GOOD
2025-03-13 19:00:00,PUMP101.DISCHARGE_PRESS,11.766,bar,GOOD
2025-03-13 20:00:00,PUMP101.DISCHARGE_PRESS,12.209,bar,GOOD
2025-03-13 21:00:00,PUMP101.DISCHARGE_PRESS,11.273,bar,GOOD
2025-03-13 22:00:00,PUMP101.DISCHARGE_PRESS,11.75,bar,GOOD
2025-03-13 23:00:00,PUMP101.DISCHARGE_PRESS,11.949,bar,GOOD
2025-03-14 00:00:00,PUMP101.DISCHARGE_PRESS,12.535,bar,GOOD
2025-03-14 01:00:00,PUMP101.DISCHARGE_PRESS,12.166,bar,GOOD
2025-03-14 02:00:00,PUMP101.DISCHARGE_PRESS,11.408,bar,GOOD
2025-03-14 03:00:00,PUMP101.DISCHARGE_PRESS,11.756,bar,GOOD
2025-03-14 04:00:00,PUMP101.DISCHARGE_PRESS,12.443,bar,GOOD
2025-03-14 05:00:00,PUMP101.DISCHARGE_PRESS,11.4,bar,GOOD
2025-03-14 06:00:00,PUMP101.DISCHARGE_PRESS,11.961,bar,GOOD
2025-03-14 07:00:00,PUMP101.DISCHARGE_PRESS,11.995,bar,GOOD
2025-03-14 08:00:00,PUMP101.DISCHARGE_PRESS,11.807,bar,GOOD
2025-03-14 09:00:00,PUMP101.DISCHARGE_PRESS,13.348,bar,GOOD
2025-03-14 10:00:00,PUMP101.DISCHARGE_PRESS,11.794,bar,GOOD
2025-03-14 11:00:00,PUMP101.DISCHARGE_PRESS,12.225,bar,GOOD
2025-03-14 12:00:00,PUMP101.DISCHARGE_PRESS,11.617,bar,GOOD
2025-03-14 13:00:00,PUMP101.DISCHARGE_PRESS,12.264,bar,GOOD
2025-03-14 14:00:00,PUMP101.DISCHARGE_PRESS,12.435,bar,GOOD
2025-03-14 15:00:00,PUMP101.DISCHARGE_PRESS,11.706,bar,GOOD
2025-03-14 16:00:00,PUMP101.DISCHARGE_PRESS,11.973,bar,GOOD
2025-03-14 17:00:00,PUMP101.DISCHARGE_PRESS,11.552,bar,GOOD
2025-03-14 18:00:00,PUMP101.DISCHARGE_PRESS,11.428,bar,GOOD
2025-03-14 19:00:00,PUMP101.DISCHARGE_PRESS,12.518,bar,GOOD
2025-03-14 20:00:00,PUMP101.DISCHARGE_PRESS,11.723,bar,GOOD
2025-03-14 21:00:00,PUMP101.DISCHARGE_PRESS,10.793,bar,GOOD
2025-03-14 22:00:00,PUMP101.DISCHARGE_PRESS,12.883,bar,GOOD
2025-03-14 23:00:00,PUMP101.DISCHARGE_PRESS,11.599,bar,GOOD
2025-03-15 00:00:00,PUMP101.DISCHARGE_PRESS,11.877,bar,GOOD
2025-03-15 01:00:00,PUMP101.DISCHARGE_PRESS,12.82,bar,GOOD
2025-03-15 02:00:00,PUMP101.DISCHARGE_PRESS,11.929,bar,GOOD
2025-03-15 03:00:00,PUMP101.DISCHARGE_PRESS,11.918,bar,GOOD
2025-03-15 04:00:00,PUMP101.DISCHARGE_PRESS,11.386,bar,GOOD
2025-03-15 05:00:00,PUMP101.DISCHARGE_PRESS,11.183,bar,GOOD
2025-03-15 06:00:00,PUMP101.DISCHARGE_PRESS,11.917,bar,GOOD
2025-03-15 07:00:00,PUMP101.DISCHARGE_PRESS,12.181,bar,GOOD
2025-03-15 08:00:00,PUMP101.DISCHARGE_PRESS,12.153,bar,GOOD
2025-03-15 09:00:00,PUMP101.DISCHARGE_PRESS,11.759,bar,GOOD
2025-03-15 10:00:00,PUMP101.DISCHARGE_PRESS,12.01,bar,GOOD
2025-03-15 11:00:00,PUMP101.DISCHARGE_PRESS,11.081,bar,GOOD
2025-03-15 12:00:00,PUMP101.DISCHARGE_PRESS,12.23,bar,GOOD
2025-03-15 13:00:00,PUMP101.DISCHARGE_PRESS,12.081,bar,GOOD
2025-03-15 14:00:00,PUMP101.DISCHARGE_PRESS,12.987,bar,GOOD
2025-03-15 15:00:00,PUMP101.DISCHARGE_PRESS,12.004,bar,GOOD
2025-03-15 16:00:00,PUMP101.DISCHARGE_PRESS,11.529,bar,GOOD
2025-03-15 17:00:00,PUMP101.DISCHARGE_PRESS,11.975,bar,GOOD
2025-03-15 18:00:00,PUMP101.DISCHARGE_PRESS,11.836,bar,GOOD
2025-03-15 19:00:00,PUMP101.DISCHARGE_PRESS,12.217,bar,GOOD
2025-03-15 20:00:00,PUMP101.DISCHARGE_PRESS,12.013,bar,GOOD
2025-03-15 21:00:00,PUMP101.DISCHARGE_PRESS,11.37,bar,GOOD
2025-03-15 22:00:00,PUMP101.DISCHARGE_PRESS,11.182,bar,GOOD
2025-03-15 23:00:00,PUMP101.DISCHARGE_PRESS,12.131,bar,GOOD
2025-03-16 00:00:00,PUMP101.DISCHARGE_PRESS,12.692,bar,GOOD
2025-03-16 01:00:00,PUMP101.DISCHARGE_PRESS,12.04,bar,GOOD
2025-03-16 02:00:00,PUMP101.DISCHARGE_PRESS,12.407,bar,GOOD
2025-03-16 03:00:00,PUMP101.DISCHARGE_PRESS,12.506,bar,GOOD
2025-03-16 04:00:00,PUMP101.DISCHARGE_PRESS,12.133,bar,GOOD
2025-03-16 05:00:00,PUMP101.DISCHARGE_PRESS,11.593,bar,GOOD
2025-03-16 06:00:00,PUMP101.DISCHARGE_PRESS,12.098,bar,GOOD
2025-03-16 07:00:00,PUMP101.DISCHARGE_PRESS,12.604,bar,GOOD
2025-03-16 08:00:00,PUMP101.DISCHARGE_PRESS,12.265,bar,GOOD
2025-03-16 09:00:00,PUMP101.DISCHARGE_PRESS,12.374,bar,GOOD
2025-03-16 10:00:00,PUMP101.DISCHARGE_PRESS,11.769,bar,GOOD
2025-03-16 11:00:00,PUMP101.DISCHARGE_PRESS,11.899,bar,GOOD
2025-03-16 12:00:00,PUMP101.DISCHARGE_PRESS,11.941,bar,GOOD
2025-03-16 13:00:00,PUMP101.DISCHARGE_PRESS,11.974,bar,GOOD
2025-03-16 14:00:00,PUMP101.DISCHARGE_PRESS,12.584,bar,GOOD
2025-03-16 15:00:00,PUMP101.DISCHARGE_PRESS,10.826,bar,GOOD
2025-03-16 16:00:00,PUMP101.DISCHARGE_PRESS,12.015,bar,GOOD
2025-03-16 17:00:00,PUMP101.DISCHARGE_PRESS,11.96,bar,BAD
2025-03-16 18:00:00,PUMP101.DISCHARGE_PRESS,11.314,bar,GOOD
2025-03-16 19:00:00,PUMP101.DISCHARGE_PRESS,12.336,bar,GOOD
2025-03-16 20:00:00,PUMP101.DISCHARGE_PRESS,11.638,bar,GOOD
2025-03-16 21:00:00,PUMP101.DISCHARGE_PRESS,11.821,bar,GOOD
2025-03-16 22:00:00,PUMP101.DISCHARGE_PRESS,12.924,bar,GOOD
2025-03-16 23:00:00,PUMP101.DISCHARGE_PRESS,12.505,bar,GOOD
2025-03-17 00:00:00,PUMP101.DISCHARGE_PRESS,12.287,bar,GOOD
2025-03-17 01:00:00,PUMP101.DISCHARGE_PRESS,12.19,bar,GOOD
2025-03-17 02:00:00,PUMP101.DISCHARGE_PRESS,11.918,bar,GOOD
2025-03-17 03:00:00,PUMP101.DISCHARGE_PRESS,13.0,bar,GOOD
2025-03-17 04:00:00,PUMP101.DISCHARGE_PRESS,12.401,bar,GOOD
2025-03-17 05:00:00,PUMP101.DISCHARGE_PRESS,11.625,bar,GOOD
2025-03-17 06:00:00,PUMP101.DISCHARGE_PRESS,11.3,bar,GOOD
2025-03-17 07:00:00,PUMP101.DISCHARGE_PRESS,12.283,bar,GOOD
2025-03-17 08:00:00,PUMP101.DISCHARGE_PRESS,11.972,bar,GOOD
2025-03-17 09:00:00,PUMP101.DISCHARGE_PRESS,11.286,bar,GOOD
2025-03-17 10:00:00,PUMP101.DISCHARGE_PRESS,12.214,bar,GOOD
2025-03-17 11:00:00,PUMP101.DISCHARGE_PRESS,11.865,bar,GOOD
2025-03-17 12:00:00,PUMP101.DISCHARGE_PRESS,12.265,bar,GOOD
2025-03-17 13:00:00,PUMP101.DISCHARGE_PRESS,12.221,bar,GOOD
2025-03-17 14:00:00,PUMP101.DISCHARGE_PRESS,11.696,bar,GOOD
2025-03-17 15:00:00,PUMP101.DISCHARGE_PRESS,12.316,bar,GOOD
2025-03-17 16:00:00,PUMP101.DISCHARGE_PRESS,11.751,bar,GOOD
2025-03-17 17:00:00,PUMP101.DISCHARGE_PRESS,11.784,bar,GOOD
2025-03-17 18:00:00,PUMP101.DISCHARGE_PRESS,11.734,bar,GOOD
2025-03-17 19:00:00,PUMP101.DISCHARGE_PRESS,12.565,bar,GOOD
2025-03-17 20:00:00,PUMP101.DISCHARGE_PRESS,11.86,bar,GOOD
2025-03-17 21:00:00,PUMP101.DISCHARGE_PRESS,12.686,bar,GOOD
2025-03-17 22:00:00,PUMP101.DISCHARGE_PRESS,12.892,bar,GOOD
2025-03-17 23:00:00,PUMP101.DISCHARGE_PRESS,11.631,bar,GOOD
2025-03-18 00:00:00,PUMP101.DISCHARGE_PRESS,10.54,bar,GOOD
2025-03-18 01:00:00,PUMP101.DISCHARGE_PRESS,12.522,bar,GOOD
2025-03-18 02:00:00,PUMP101.DISCHARGE_PRESS,11.829,bar,GOOD
2025-03-18 03:00:00,PUMP101.DISCHARGE_PRESS,11.567,bar,GOOD
2025-03-18 04:00:00,PUMP101.DISCHARGE_PRESS,11.706,bar,GOOD
2025-03-18 05:00:00,PUMP101.DISCHARGE_PRESS,11.793,bar,GOOD
2025-03-18 06:00:00,PUMP101.DISCHARGE_PRESS,12.649,bar,GOOD
2025-03-18 07:00:00,PUMP101.DISCHARGE_PRESS,12.08,bar,GOOD
2025-03-18 08:00:00,PUMP101.DISCHARGE_PRESS,12.642,bar,GOOD
2025-03-18 09:00:00,PUMP101.DISCHARGE_PRESS,12.247,bar,GOOD
2025-03-18 10:00:00,PUMP101.DISCHARGE_PRESS,11.845,bar,GOOD
2025-03-18 11:00:00,PUMP101.DISCHARGE_PRESS,11.805,bar,GOOD
2025-03-18 12:00:00,PUMP101.DISCHARGE_PRESS,12.281,bar,GOOD
2025-03-18 13:00:00,PUMP101.DISCHARGE_PRESS,12.41,bar,GOOD
2025-03-18 14:00:00,PUMP101.DISCHARGE_PRESS,12.498,bar,GOOD
2025-03-18 15:00:00,PUMP101.DISCHARGE_PRESS,11.869,bar,GOOD
2025-03-18 16:00:00,PUMP101.DISCHARGE_PRESS,12.088,bar,GOOD
2025-03-18 17:00:00,PUMP101.DISCHARGE_PRESS,12.292,bar,GOOD
2025-03-18 18:00:00,PUMP101.DISCHARGE_PRESS,11.808,bar,GOOD
2025-03-18 19:00:00,PUMP101.DISCHARGE_PRESS,11.433,bar,GOOD
2025-03-18 20:00:00,PUMP101.DISCHARGE_PRESS,11.597,bar,GOOD
2025-03-18 21:00:00,PUMP101.DISCHARGE_PRESS,11.879,bar,GOOD
2025-03-18 22:00:00,PUMP101.DISCHARGE_PRESS,12.331,bar,GOOD
2025-03-18 23:00:00,PUMP101.DISCHARGE_PRESS,12.629,bar,GOOD
2025-03-19 00:00:00,PUMP101.DISCHARGE_PRESS,11.322,bar,GOOD
2025-03-19 01:00:00,PUMP101.DISCHARGE_PRESS,11.701,bar,GOOD
2025-03-19 02:00:00,PUMP101.DISCHARGE_PRESS,11.821,bar,GOOD
2025-03-19 03:00:00,PUMP101.DISCHARGE_PRESS,12.397,bar,GOOD
2025-03-19 04:00:00,PUMP101.DISCHARGE_PRESS,11.736,bar,GOOD
2025-03-19 05:00:00,PUMP101.DISCHARGE_PRESS,11.785,bar,GOOD
2025-03-19 06:00:00,PUMP101.DISCHARGE_PRESS,11.294,bar,GOOD
2025-03-19 07:00:00,PUMP101.DISCHARGE_PRESS,12.242,bar,GOOD
2025-03-19 08:00:00,PUMP101.DISCHARGE_PRESS,11.919,bar,GOOD
2025-03-19 09:00:00,PUMP101.DISCHARGE_PRESS,11.673,bar,GOOD
2025-03-19 10:00:00,PUMP101.DISCHARGE_PRESS,11.87,bar,GOOD
2025-03-19 11:00:00,PUMP101.DISCHARGE_PRESS,12.563,bar,GOOD
2025-03-19 12:00:00,PUMP101.DISCHARGE_PRESS,11.498,bar,GOOD
2025-03-19 13:00:00,PUMP101.DISCHARGE_PRESS,11.579,bar,GOOD
2025-03-19 14:00:00,PUMP101.DISCHARGE_PRESS,12.626,bar,GOOD
2025-03-19 15:00:00,PUMP101.DISCHARGE_PRESS,12.038,bar,GOOD
2025-03-19 16:00:00,PUMP101.DISCHARGE_PRESS,12.335,bar,GOOD
2025-03-19 17:00:00,PUMP101.DISCHARGE_PRESS,12.201,bar,GOOD
2025-03-19 18:00:00,PUMP101.DISCHARGE_PRESS,11.982,bar,GOOD
2025-03-19 19:00:00,PUMP101.DISCHARGE_PRESS,11.826,bar,GOOD
2025-03-19 20:00:00,PUMP101.DISCHARGE_PRESS,12.416,bar,GOOD
2025-03-19 21:00:00,PUMP101.DISCHARGE_PRESS,12.581,bar,GOOD
2025-03-19 22:00:00,PUMP101.DISCHARGE_PRESS,12.542,bar,GOOD
2025-03-19 23:00:00,PUMP101.DISCHARGE_PRESS,11.407,bar,GOOD
2025-03-20 00:00:00,PUMP101.DISCHARGE_PRESS,12.652,bar,GOOD
2025-03-20 01:00:00,PUMP101.DISCHARGE_PRESS,11.821,bar,GOOD
2025-03-20 02:00:00,PUMP101.DISCHARGE_PRESS,11.622,bar,GOOD
2025-03-20 03:00:00,PUMP101.DISCHARGE_PRESS,11.915,bar,GOOD
2025-03-20 04:00:00,PUMP101.DISCHARGE_PRESS,12.416,bar,GOOD
2025-03-20 05:00:00,PUMP101.DISCHARGE_PRESS,12.27,bar,GOOD
2025-03-20 06:00:00,PUMP101.DISCHARGE_PRESS,11.872,bar,GOOD
2025-03-20 07:00:00,PUMP101.DISCHARGE_PRESS,12.419,bar,GOOD
2025-03-20 08:00:00,PUMP101.DISCHARGE_PRESS,12.07,bar,GOOD
2025-03-20 09:00:00,PUMP101.DISCHARGE_PRESS,11.714,bar,GOOD
2025-03-20 10:00:00,PUMP101.DISCHARGE_PRESS,11.646,bar,GOOD
2025-03-20 11:00:00,PUMP101.DISCHARGE_PRESS,12.205,bar,GOOD
2025-03-20 12:00:00,PUMP101.DISCHARGE_PRESS,11.959,bar,GOOD
2025-03-20 13:00:00,PUMP101.DISCHARGE_PRESS,11.312,bar,GOOD
2025-03-20 14:00:00,PUMP101.DISCHARGE_PRESS,12.424,bar,GOOD
2025-03-20 15:00:00,PUMP101.DISCHARGE_PRESS,11.76,bar,GOOD
2025-03-20 16:00:00,PUMP101.DISCHARGE_PRESS,12.796,bar,GOOD
2025-03-20 17:00:00,PUMP101.DISCHARGE_PRESS,11.299,bar,GOOD
2025-03-20 18:00:00,PUMP101.DISCHARGE_PRESS,11.91,bar,GOOD
2025-03-20 19:00:00,PUMP101.DISCHARGE_PRESS,11.65,bar,GOOD
2025-03-20 20:00:00,PUMP101.DISCHARGE_PRESS,11.512,bar,GOOD
2025-03-20 21:00:00,PUMP101.DISCHARGE_PRESS,11.757,bar,GOOD
2025-03-20 22:00:00,PUMP101.DISCHARGE_PRESS,12.885,bar,GOOD
2025-03-20 23:00:00,PUMP101.DISCHARGE_PRESS,12.072,bar,GOOD
2025-03-21 00:00:00,PUMP101.DISCHARGE_PRESS,11.604,bar,GOOD
2025-03-21 01:00:00,PUMP101.DISCHARGE_PRESS,11.086,bar,GOOD
2025-03-21 02:00:00,PUMP101.DISCHARGE_PRESS,11.139,bar,GOOD
2025-03-21 03:00:00,PUMP101.DISCHARGE_PRESS,11.732,bar,GOOD
2025-03-21 04:00:00,PUMP101.DISCHARGE_PRESS,11.683,bar,GOOD
2025-03-21 05:00:00,PUMP101.DISCHARGE_PRESS,11.888,bar,GOOD
2025-03-21 06:00:00,PUMP101.DISCHARGE_PRESS,10.864,bar,GOOD
2025-03-21 07:00:00,PUMP101.DISCHARGE_PRESS,11.954,bar,GOOD
2025-03-21 08:00:00,PUMP101.DISCHARGE_PRESS,12.514,bar,GOOD
2025-03-21 09:00:00,PUMP101.DISCHARGE_PRESS,12.811,bar,GOOD
2025-03-21 10:00:00,PUMP101.DISCHARGE_PRESS,11.053,bar,GOOD
2025-03-21 11:00:00,PUMP101.DISCHARGE_PRESS,11.599,bar,GOOD
2025-03-21 12:00:00,PUMP101.DISCHARGE_PRESS,11.573,bar,GOOD
2025-03-21 13:00:00,PUMP101.DISCHARGE_PRESS,12.073,bar,GOOD
2025-03-21 14:00:00,PUMP101.DISCHARGE_PRESS,11.39,bar,GOOD
2025-03-21 15:00:00,PUMP101.DISCHARGE_PRESS,12.841,bar,GOOD
2025-03-21 16:00:00,PUMP101.DISCHARGE_PRESS,12.022,bar,GOOD
2025-03-21 17:00:00,PUMP101.DISCHARGE_PRESS,11.938,bar,GOOD
2025-03-21 18:00:00,PUMP101.DISCHARGE_PRESS,12.796,bar,GOOD
2025-03-21 19:00:00,PUMP101.DISCHARGE_PRESS,11.992,bar,GOOD
2025-03-21 20:00:00,PUMP101.DISCHARGE_PRESS,12.2,bar,GOOD
2025-03-21 21:00:00,PUMP101.DISCHARGE_PRESS,11.625,bar,GOOD
2025-03-21 22:00:00,PUMP101.DISCHARGE_PRESS,11.315,bar,GOOD
2025-03-21 23:00:00,PUMP101.DISCHARGE_PRESS,11.695,bar,GOOD
2025-03-22 00:00:00,PUMP101.DISCHARGE_PRESS,13.093,bar,GOOD
2025-03-22 01:00:00,PUMP101.DISCHARGE_PRESS,12.317,bar,GOOD
2025-03-22 02:00:00,PUMP101.DISCHARGE_PRESS,12.137,bar,GOOD
2025-03-22 03:00:00,PUMP101.DISCHARGE_PRESS,11.512,bar,GOOD
2025-03-22 04:00:00,PUMP101.DISCHARGE_PRESS,12.456,bar,GOOD
2025-03-22 05:00:00,PUMP101.DISCHARGE_PRESS,11.321,bar,GOOD
2025-03-22 06:00:00,PUMP101.DISCHARGE_PRESS,11.216,bar,GOOD
2025-03-22 07:00:00,PUMP101.DISCHARGE_PRESS,11.721,bar,GOOD
2025-03-22 08:00:00,PUMP101.DISCHARGE_PRESS,12.977,bar,GOOD
2025-03-22 09:00:00,PUMP101.DISCHARGE_PRESS,12.949,bar,GOOD
2025-03-22 10:00:00,PUMP101.DISCHARGE_PRESS,11.774,bar,GOOD
2025-03-22 11:00:00,PUMP101.DISCHARGE_PRESS,11.663,bar,GOOD
2025-03-22 12:00:00,PUMP101.DISCHARGE_PRESS,11.18,bar,GOOD
2025-03-22 13:00:00,PUMP101.DISCHARGE_PRESS,12.039,bar,GOOD
2025-03-22 14:00:00,PUMP101.DISCHARGE_PRESS,12.081,bar,BAD
2025-03-22 15:00:00,PUMP101.DISCHARGE_PRESS,12.395,bar,GOOD
2025-03-22 16:00:00,PUMP101.DISCHARGE_PRESS,12.455,bar,GOOD
2025-03-22 17:00:00,PUMP101.DISCHARGE_PRESS,11.901,bar,GOOD
2025-03-22 18:00:00,PUMP101.DISCHARGE_PRESS,12.278,bar,GOOD
2025-03-22 19:00:00,PUMP101.DISCHARGE_PRESS,11.65,bar,GOOD
2025-03-22 20:00:00,PUMP101.DISCHARGE_PRESS,12.269,bar,GOOD
2025-03-22 21:00:00,PUMP101.DISCHARGE_PRESS,11.746,bar,GOOD
2025-03-22 22:00:00,PUMP101.DISCHARGE_PRESS,12.23,bar,GOOD
2025-03-22 23:00:00,PUMP101.DISCHARGE_PRESS,12.189,bar,GOOD
2025-03-23 00:00:00,PUMP101.DISCHARGE_PRESS,12.034,bar,GOOD
2025-03-23 01:00:00,PUMP101.DISCHARGE_PRESS,12.397,bar,GOOD
2025-03-23 02:00:00,PUMP101.DISCHARGE_PRESS,11.215,bar,GOOD
2025-03-23 03:00:00,PUMP101.DISCHARGE_PRESS,11.468,bar,GOOD
2025-03-23 04:00:00,PUMP101.DISCHARGE_PRESS,11.865,bar,GOOD
2025-03-23 05:00:00,PUMP101.DISCHARGE_PRESS,11.278,bar,GOOD
2025-03-23 06:00:00,PUMP101.DISCHARGE_PRESS,11.797,bar,BAD
2025-03-23 07:00:00,PUMP101.DISCHARGE_PRESS,11.813,bar,GOOD
2025-03-23 08:00:00,PUMP101.DISCHARGE_PRESS,12.655,bar,GOOD
2025-03-23 09:00:00,PUMP101.DISCHARGE_PRESS,12.071,bar,GOOD
2025-03-23 10:00:00,PUMP101.DISCHARGE_PRESS,12.515,bar,GOOD
2025-03-23 11:00:00,PUMP101.DISCHARGE_PRESS,12.151,bar,GOOD
2025-03-23 12:00:00,PUMP101.DISCHARGE_PRESS,11.732,bar,GOOD
2025-03-23 13:00:00,PUMP101.DISCHARGE_PRESS,12.067,bar,GOOD
2025-03-23 14:00:00,PUMP101.DISCHARGE_PRESS,12.365,bar,GOOD
2025-03-23 15:00:00,PUMP101.DISCHARGE_PRESS,12.597,bar,GOOD
2025-03-23 16:00:00,PUMP101.DISCHARGE_PRESS,11.934,bar,GOOD
2025-03-23 17:00:00,PUMP101.DISCHARGE_PRESS,11.176,bar,GOOD
2025-03-23 18:00:00,PUMP101.DISCHARGE_PRESS,11.141,bar,GOOD
2025-03-23 19:00:00,PUMP101.DISCHARGE_PRESS,11.837,bar,GOOD
2025-03-23 20:00:00,PUMP101.DISCHARGE_PRESS,10.831,bar,GOOD
2025-03-23 21:00:00,PUMP101.DISCHARGE_PRESS,12.898,bar,GOOD
2025-03-23 22:00:00,PUMP101.DISCHARGE_PRESS,12.298,bar,GOOD
2025-03-23 23:00:00,PUMP101.DISCHARGE_PRESS,11.682,bar,GOOD
2025-03-24 00:00:00,PUMP101.DISCHARGE_PRESS,11.445,bar,GOOD
2025-03-24 01:00:00,PUMP101.DISCHARGE_PRESS,12.514,bar,GOOD
2025-03-24 02:00:00,PUMP101.DISCHARGE_PRESS,11.443,bar,GOOD
2025-03-24 03:00:00,PUMP101.DISCHARGE_PRESS,11.491,bar,GOOD
2025-03-24 04:00:00,PUMP101.DISCHARGE_PRESS,11.617,bar,GOOD
2025-03-24 05:00:00,PUMP101.DISCHARGE_PRESS,12.057,bar,GOOD
2025-03-24 06:00:00,PUMP101.DISCHARGE_PRESS,12.31,bar,GOOD
2025-03-24 07:00:00,PUMP101.DISCHARGE_PRESS,12.596,bar,GOOD
2025-03-24 08:00:00,PUMP101.DISCHARGE_PRESS,12.522,bar,GOOD
2025-03-24 09:00:00,PUMP101.DISCHARGE_PRESS,12.0,bar,GOOD
2025-03-24 10:00:00,PUMP101.DISCHARGE_PRESS,12.51,bar,GOOD
2025-03-24 11:00:00,PUMP101.DISCHARGE_PRESS,11.665,bar,GOOD
2025-03-24 12:00:00,PUMP101.DISCHARGE_PRESS,11.09,bar,GOOD
2025-03-24 13:00:00,PUMP101.DISCHARGE_PRESS,11.664,bar,GOOD
2025-03-24 14:00:00,PUMP101.DISCHARGE_PRESS,11.597,bar,GOOD
2025-03-24 15:00:00,PUMP101.DISCHARGE_PRESS,11.684,bar,GOOD
2025-03-24 16:00:00,PUMP101.DISCHARGE_PRESS,11.52,bar,GOOD
2025-03-24 17:00:00,PUMP101.DISCHARGE_PRESS,11.769,bar,GOOD
2025-03-24 18:00:00,PUMP101.DISCHARGE_PRESS,12.31,bar,GOOD
2025-03-24 19:00:00,PUMP101.DISCHARGE_PRESS,12.858,bar,GOOD
2025-03-24 20:00:00,PUMP101.DISCHARGE_PRESS,11.137,bar,GOOD
2025-03-24 21:00:00,PUMP101.DISCHARGE_PRESS,11.356,bar,GOOD
2025-03-24 22:00:00,PUMP101.DISCHARGE_PRESS,11.604,bar,GOOD
2025-03-24 23:00:00,PUMP101.DISCHARGE_PRESS,12.383,bar,GOOD
2025-03-25 00:00:00,PUMP101.DISCHARGE_PRESS,11.898,bar,GOOD
2025-03-25 01:00:00,PUMP101.DISCHARGE_PRESS,11.638,bar,GOOD
2025-03-25 02:00:00,PUMP101.DISCHARGE_PRESS,12.358,bar,GOOD
2025-03-25 03:00:00,PUMP101.DISCHARGE_PRESS,12.478,bar,GOOD
2025-03-25 04:00:00,PUMP101.DISCHARGE_PRESS,11.991,bar,GOOD
2025-03-25 05:00:00,PUMP101.DISCHARGE_PRESS,11.592,bar,GOOD
2025-03-25 06:00:00,PUMP101.DISCHARGE_PRESS,12.135,bar,GOOD
2025-03-25 07:00:00,PUMP101.DISCHARGE_PRESS,11.883,bar,GOOD
2025-03-25 08:00:00,PUMP101.DISCHARGE_PRESS,11.879,bar,GOOD
2025-03-25 09:00:00,PUMP101.DISCHARGE_PRESS,11.744,bar,GOOD
2025-03-25 10:00:00,PUMP101.DISCHARGE_PRESS,12.462,bar,GOOD
2025-03-25 11:00:00,PUMP101.DISCHARGE_PRESS,12.125,bar,GOOD
2025-03-25 12:00:00,PUMP101.DISCHARGE_PRESS,12.518,bar,GOOD
2025-03-25 13:00:00,PUMP101.DISCHARGE_PRESS,12.668,bar,GOOD
2025-03-25 14:00:00,PUMP101.DISCHARGE_PRESS,12.229,bar,GOOD
2025-03-25 15:00:00,PUMP101.DISCHARGE_PRESS,11.747,bar,GOOD
2025-03-25 16:00:00,PUMP101.DISCHARGE_PRESS,12.52,bar,GOOD
2025-03-25 17:00:00,PUMP101.DISCHARGE_PRESS,12.233,bar,GOOD
2025-03-25 18:00:00,PUMP101.DISCHARGE_PRESS,13.302,bar,GOOD
2025-03-25 19:00:00,PUMP101.DISCHARGE_PRESS,12.155,bar,GOOD
2025-03-25 20:00:00,PUMP101.DISCHARGE_PRESS,12.349,bar,GOOD
2025-03-25 21:00:00,PUMP101.DISCHARGE_PRESS,12.145,bar,GOOD
2025-03-25 22:00:00,PUMP101.DISCHARGE_PRESS,11.95,bar,GOOD
2025-03-25 23:00:00,PUMP101.DISCHARGE_PRESS,11.871,bar,GOOD
2025-03-26 00:00:00,PUMP101.DISCHARGE_PRESS,12.147,bar,GOOD
2025-03-26 01:00:00,PUMP101.DISCHARGE_PRESS,12.261,bar,GOOD
2025-03-26 02:00:00,PUMP101.DISCHARGE_PRESS,12.577,bar,GOOD
2025-03-26 03:00:00,PUMP101.DISCHARGE_PRESS,12.154,bar,GOOD
2025-03-26 04:00:00,PUMP101.DISCHARGE_PRESS,11.769,bar,GOOD
2025-03-26 05:00:00,PUMP101.DISCHARGE_PRESS,11.837,bar,GOOD
2025-03-26 06:00:00,PUMP101.DISCHARGE_PRESS,11.339,bar,GOOD
2025-03-26 07:00:00,PUMP101.DISCHARGE_PRESS,12.831,bar,GOOD
2025-03-26 08:00:00,PUMP101.DISCHARGE_PRESS,11.729,bar,GOOD
2025-03-26 09:00:00,PUMP101.DISCHARGE_PRESS,12.484,bar,GOOD
2025-03-26 10:00:00,PUMP101.DISCHARGE_PRESS,12.138,bar,GOOD
2025-03-26 11:00:00,PUMP101.DISCHARGE_PRESS,12.152,bar,GOOD
2025-03-26 12:00:00,PUMP101.DISCHARGE_PRESS,11.941,bar,GOOD
2025-03-26 13:00:00,PUMP101.DISCHARGE_PRESS,11.606,bar,GOOD
2025-03-26 14:00:00,PUMP101.DISCHARGE_PRESS,11.516,bar,GOOD
2025-03-26 15:00:00,PUMP101.DISCHARGE_PRESS,12.864,bar,GOOD
2025-03-26 16:00:00,PUMP101.DISCHARGE_PRESS,12.057,bar,GOOD
2025-03-26 17:00:00,PUMP101.DISCHARGE_PRESS,12.563,bar,GOOD
2025-03-26 18:00:00,PUMP101.DISCHARGE_PRESS,12.692,bar,GOOD
2025-03-26 19:00:00,PUMP101.DISCHARGE_PRESS,11.795,bar,GOOD
2025-03-26 20:00:00,PUMP101.DISCHARGE_PRESS,12.212,bar,GOOD
2025-03-26 21:00:00,PUMP101.DISCHARGE_PRESS,12.023,bar,GOOD
2025-03-26 22:00:00,PUMP101.DISCHARGE_PRESS,11.421,bar,GOOD
2025-03-26 23:00:00,PUMP101.DISCHARGE_PRESS,11.907,bar,GOOD
2025-03-27 00:00:00,PUMP101.DISCHARGE_PRESS,12.294,bar,GOOD
2025-03-27 01:00:00,PUMP101.DISCHARGE_PRESS,11.75,bar,GOOD
2025-03-27 02:00:00,PUMP101.DISCHARGE_PRESS,11.838,bar,GOOD
2025-03-27 03:00:00,PUMP101.DISCHARGE_PRESS,11.913,bar,GOOD
2025-03-27 04:00:00,PUMP101.DISCHARGE_PRESS,13.056,bar,GOOD
2025-03-27 05:00:00,PUMP101.DISCHARGE_PRESS,11.083,bar,GOOD
2025-03-27 06:00:00,PUMP101.DISCHARGE_PRESS,12.251,bar,GOOD
2025-03-27 07:00:00,PUMP101.DISCHARGE_PRESS,11.873,bar,GOOD
2025-03-27 08:00:00,PUMP101.DISCHARGE_PRESS,11.68,bar,GOOD
2025-03-27 09:00:00,PUMP101.DISCHARGE_PRESS,11.861,bar,GOOD
2025-03-27 10:00:00,PUMP101.DISCHARGE_PRESS,12.334,bar,GOOD
2025-03-27 11:00:00,PUMP101.DISCHARGE_PRESS,12.362,bar,GOOD
2025-03-27 12:00:00,PUMP101.DISCHARGE_PRESS,12.093,bar,GOOD
2025-03-27 13:00:00,PUMP101.DISCHARGE_PRESS,12.546,bar,GOOD
2025-03-27 14:00:00,PUMP101.DISCHARGE_PRESS,12.634,bar,GOOD
2025-03-27 15:00:00,PUMP101.DISCHARGE_PRESS,12.408,bar,GOOD
2025-03-27 16:00:00,PUMP101.DISCHARGE_PRESS,11.727,bar,GOOD
2025-03-27 17:00:00,PUMP101.DISCHARGE_PRESS,12.247,bar,GOOD
2025-03-27 18:00:00,PUMP101.DISCHARGE_PRESS,12.25,bar,GOOD
2025-03-27 19:00:00,PUMP101.DISCHARGE_PRESS,11.592,bar,GOOD
2025-03-27 20:00:00,PUMP101.DISCHARGE_PRESS,11.215,bar,GOOD
2025-03-27 21:00:00,PUMP101.DISCHARGE_PRESS,10.989,bar,GOOD
2025-03-27 22:00:00,PUMP101.DISCHARGE_PRESS,12.035,bar,GOOD
2025-03-27 23:00:00,PUMP101.DISCHARGE_PRESS,12.149,bar,GOOD
2025-03-28 00:00:00,PUMP101.DISCHARGE_PRESS,11.409,bar,GOOD
2025-03-28 01:00:00,PUMP101.DISCHARGE_PRESS,12.523,bar,GOOD
2025-03-28 02:00:00,PUMP101.DISCHARGE_PRESS,12.076,bar,GOOD
2025-03-28 03:00:00,PUMP101.DISCHARGE_PRESS,12.675,bar,GOOD
2025-03-28 04:00:00,PUMP101.DISCHARGE_PRESS,12.185,bar,GOOD
2025-03-28 05:00:00,PUMP101.DISCHARGE_PRESS,11.467,bar,GOOD
2025-03-28 06:00:00,PUMP101.DISCHARGE_PRESS,12.229,bar,GOOD
2025-03-28 07:00:00,PUMP101.DISCHARGE_PRESS,12.335,bar,GOOD
2025-03-28 08:00:00,PUMP101.DISCHARGE_PRESS,11.726,bar,GOOD
2025-03-28 09:00:00,PUMP101.DISCHARGE_PRESS,11.279,bar,GOOD
2025-03-28 10:00:00,PUMP101.DISCHARGE_PRESS,12.05,bar,GOOD
2025-03-28 11:00:00,PUMP101.DISCHARGE_PRESS,11.5,bar,GOOD
2025-03-28 12:00:00,PUMP101.DISCHARGE_PRESS,12.56,bar,GOOD
2025-03-28 13:00:00,PUMP101.DISCHARGE_PRESS,11.796,bar,GOOD
2025-03-28 14:00:00,PUMP101.DISCHARGE_PRESS,12.862,bar,GOOD
2025-03-28 15:00:00,PUMP101.DISCHARGE_PRESS,10.938,bar,GOOD
2025-03-28 16:00:00,PUMP101.DISCHARGE_PRESS,12.067,bar,GOOD
2025-03-28 17:00:00,PUMP101.DISCHARGE_PRESS,12.715,bar,GOOD
2025-03-28 18:00:00,PUMP101.DISCHARGE_PRESS,11.555,bar,GOOD
2025-03-28 19:00:00,PUMP101.DISCHARGE_PRESS,11.92,bar,GOOD
2025-03-28 20:00:00,PUMP101.DISCHARGE_PRESS,11.798,bar,GOOD
2025-03-28 21:00:00,PUMP101.DISCHARGE_PRESS,11.658,bar,GOOD
2025-03-28 22:00:00,PUMP101.DISCHARGE_PRESS,12.122,bar,GOOD
2025-03-28 23:00:00,PUMP101.DISCHARGE_PRESS,11.352,bar,GOOD
2025-03-29 00:00:00,PUMP101.DISCHARGE_PRESS,11.945,bar,GOOD
2025-03-29 01:00:00,PUMP101.DISCHARGE_PRESS,12.258,bar,GOOD
2025-03-29 02:00:00,PUMP101.DISCHARGE_PRESS,11.892,bar,GOOD
2025-03-29 03:00:00,PUMP101.DISCHARGE_PRESS,11.5,bar,GOOD
2025-03-29 04:00:00,PUMP101.DISCHARGE_PRESS,12.515,bar,GOOD
2025-03-29 05:00:00,PUMP101.DISCHARGE_PRESS,12.365,bar,GOOD
2025-03-29 06:00:00,PUMP101.DISCHARGE_PRESS,11.479,bar,GOOD
2025-03-29 07:00:00,PUMP101.DISCHARGE_PRESS,11.353,bar,GOOD
2025-03-29 08:00:00,PUMP101.DISCHARGE_PRESS,11.524,bar,GOOD
2025-03-29 09:00:00,PUMP101.DISCHARGE_PRESS,12.273,bar,GOOD
2025-03-29 10:00:00,PUMP101.DISCHARGE_PRESS,12.138,bar,GOOD
2025-03-29 11:00:00,PUMP101.DISCHARGE_PRESS,12.395,bar,GOOD
2025-03-29 12:00:00,PUMP101.DISCHARGE_PRESS,11.837,bar,GOOD
2025-03-29 13:00:00,PUMP101.DISCHARGE_PRESS,11.538,bar,GOOD
2025-03-29 14:00:00,PUMP101.DISCHARGE_PRESS,12.459,bar,GOOD
2025-03-29 15:00:00,PUMP101.DISCHARGE_PRESS,11.723,bar,GOOD
2025-03-29 16:00:00,PUMP101.DISCHARGE_PRESS,12.093,bar,GOOD
2025-03-29 17:00:00,PUMP101.DISCHARGE_PRESS,11.225,bar,GOOD
2025-03-29 18:00:00,PUMP101.DISCHARGE_PRESS,11.715,bar,GOOD
2025-03-29 19:00:00,PUMP101.DISCHARGE_PRESS,12.505,bar,GOOD
2025-03-29 20:00:00,PUMP101.DISCHARGE_PRESS,11.642,bar,GOOD
2025-03-29 21:00:00,PUMP101.DISCHARGE_PRESS,12.407,bar,GOOD
2025-03-29 22:00:00,PUMP101.DISCHARGE_PRESS,10.834,bar,GOOD
2025-03-29 23:00:00,PUMP101.DISCHARGE_PRESS,11.72,bar,GOOD
2025-03-30 00:00:00,PUMP101.DISCHARGE_PRESS,11.914,bar,GOOD
2025-03-30 01:00:00,PUMP101.DISCHARGE_PRESS,12.871,bar,GOOD
2025-03-30 02:00:00,PUMP101.DISCHARGE_PRESS,11.415,bar,GOOD
2025-03-30 03:00:00,PUMP101.DISCHARGE_PRESS,12.335,bar,GOOD
2025-03-30 04:00:00,PUMP101.DISCHARGE_PRESS,12.528,bar,GOOD
2025-03-30 05:00:00,PUMP101.DISCHARGE_PRESS,11.639,bar,GOOD
2025-03-30 06:00:00,PUMP101.DISCHARGE_PRESS,11.813,bar,GOOD
2025-03-30 07:00:00,PUMP101.DISCHARGE_PRESS,12.071,bar,GOOD
2025-03-30 08:00:00,PUMP101.DISCHARGE_PRESS,11.259,bar,GOOD
2025-03-30 09:00:00,PUMP101.DISCHARGE_PRESS,11.772,bar,GOOD
2025-03-30 10:00:00,PUMP101.DISCHARGE_PRESS,12.638,bar,GOOD
2025-03-30 11:00:00,PUMP101.DISCHARGE_PRESS,12.261,bar,GOOD
2025-03-30 12:00:00,PUMP101.DISCHARGE_PRESS,11.922,bar,GOOD
2025-03-30 13:00:00,PUMP101.DISCHARGE_PRESS,12.057,bar,GOOD
2025-03-30 14:00:00,PUMP101.DISCHARGE_PRESS,12.29,bar,GOOD
2025-03-30 15:00:00,PUMP101.DISCHARGE_PRESS,12.386,bar,GOOD
2025-03-30 16:00:00,PUMP101.DISCHARGE_PRESS,11.722,bar,GOOD
2025-03-30 17:00:00,PUMP101.DISCHARGE_PRESS,12.767,bar,GOOD
2025-03-30 18:00:00,PUMP101.DISCHARGE_PRESS,12.658,bar,GOOD
2025-03-30 19:00:00,PUMP101.DISCHARGE_PRESS,12.339,bar,GOOD
2025-03-30 20:00:00,PUMP101.DISCHARGE_PRESS,11.579,bar,GOOD
2025-03-30 21:00:00,PUMP101.DISCHARGE_PRESS,11.49,bar,GOOD
2025-03-30 22:00:00,PUMP101.DISCHARGE_PRESS,11.837,bar,GOOD
2025-03-30 23:00:00,PUMP101.DISCHARGE_PRESS,12.03,bar,GOOD
2025-03-31 00:00:00,PUMP101.DISCHARGE_PRESS,11.116,bar,GOOD
