Timestamp,Tag,Value,Unit,Quality
2024-01-01 00:00:00,PUMP101.VIBRATION_RMS,2.652,mm/s,GOOD
2024-01-01 06:00:00,PUMP101.VIBRATION_RMS,1.98,mm/s,GOOD
2024-01-01 12:00:00,PUMP101.VIBRATION_RMS,2.875,mm/s,GOOD
2024-01-01 18:00:00,PUMP101.VIBRATION_RMS,2.97,mm/s,GOOD
2024-01-02 00:00:00,PUMP101.VIBRATION_RMS,1.524,mm/s,GOOD
2024-01-02 06:00:00,PUMP101.VIBRATION_RMS,1.849,mm/s,GOOD
2024-01-02 12:00:00,PUMP101.VIBRATION_RMS,2.564,mm/s,GOOD
2024-01-02 18:00:00,PUMP101.VIBRATION_RMS,2.342,mm/s,GOOD
2024-01-03 00:00:00,PUMP101.VIBRATION_RMS,2.492,mm/s,GOOD
2024-01-03 06:00:00,PUMP101.VIBRATION_RMS,2.073,mm/s,GOOD
2024-01-03 12:00:00,PUMP101.VIBRATION_RMS,2.94,mm/s,GOOD
2024-01-03 18:00:00,PUMP101.VIBRATION_RMS,2.889,mm/s,GOOD
2024-01-04 00:00:00,PUMP101.VIBRATION_RMS,2.533,mm/s,GOOD
2024-01-04 06:00:00,PUMP101.VIBRATION_RMS,3.064,mm/s,GOOD
2024-01-04 12:00:00,PUMP101.VIBRATION_RMS,2.734,mm/s,GOOD
2024-01-04 18:00:00,PUMP101.VIBRATION_RMS,2.07,mm/s,GOOD
2024-01-05 00:00:00,PUMP101.VIBRATION_RMS,2.684,mm/s,GOOD
2024-01-05 06:00:00,PUMP101.VIBRATION_RMS,2.021,mm/s,GOOD
2024-01-05 12:00:00,PUMP101.VIBRATION_RMS,2.939,mm/s,GOOD
2024-01-05 18:00:00,PUMP101.VIBRATION_RMS,2.475,mm/s,GOOD
2024-01-06 00:00:00,PUMP101.VIBRATION_RMS,2.408,mm/s,GOOD
2024-01-06 06:00:00,PUMP101.VIBRATION_RMS,2.16,mm/s,GOOD
2024-01-06 12:00:00,PUMP101.VIBRATION_RMS,3.111,mm/s,GOOD
2024-01-06 18:00:00,PUMP101.VIBRATION_RMS,2.423,mm/s,GOOD
2024-01-07 00:00:00,PUMP101.VIBRATION_RMS,2.286,mm/s,GOOD
2024-01-07 06:00:00,PUMP101.VIBRATION_RMS,2.324,mm/s,GOOD
2024-01-07 12:00:00,PUMP101.VIBRATION_RMS,2.766,mm/s,GOOD
2024-01-07 18:00:00,PUMP101.VIBRATION_RMS,2.683,mm/s,GOOD
2024-01-08 00:00:00,PUMP101.VIBRATION_RMS,2.706,mm/s,GOOD
2024-01-08 06:00:00,PUMP101.VIBRATION_RMS,2.715,mm/s,GOOD
2024-01-08 12:00:00,PUMP101.VIBRATION_RMS,3.571,mm/s,GOOD
2024-01-08 18:00:00,PUMP101.VIBRATION_RMS,2.297,mm/s,GOOD
2024-01-09 00:00:00,PUMP101.VIBRATION_RMS,2.244,mm/s,GOOD
2024-01-09 06:00:00,PUMP101.VIBRATION_RMS,2.093,mm/s,GOOD
2024-01-09 12:00:00,PUMP101.VIBRATION_RMS,2.808,mm/s,GOOD
2024-01-09 18:00:00,PUMP101.VIBRATION_RMS,3.064,mm/s,GOOD
2024-01-10 00:00:00,PUMP101.VIBRATION_RMS,2.443,mm/s,GOOD
2024-01-10 06:00:00,PUMP101.VIBRATION_RMS,2.08,mm/s,GOOD
2024-01-10 12:00:00,PUMP101.VIBRATION_RMS,2.088,mm/s,GOOD
2024-01-10 18:00:00,PUMP101.VIBRATION_RMS,2.825,mm/s,GOOD
2024-01-11 00:00:00,PUMP101.VIBRATION_RMS,2.872,mm/s,GOOD
2024-01-11 06:00:00,PUMP101.VIBRATION_RMS,2.772,mm/s,GOOD
2024-01-11 12:00:00,PUMP101.VIBRATION_RMS,2.167,mm/s,GOOD
2024-01-11 18:00:00,PUMP101.VIBRATION_RMS,2.616,mm/s,GOOD
2024-01-12 00:00:00,PUMP101.VIBRATION_RMS,2.558,mm/s,BAD
2024-01-12 06:00:00,PUMP101.VIBRATION_RMS,2.609,mm/s,GOOD
2024-01-12 12:00:00,PUMP101.VIBRATION_RMS,2.936,mm/s,GOOD
2024-01-12 18:00:00,PUMP101.VIBRATION_RMS,2.612,mm/s,GOOD
2024-01-13 00:00:00,PUMP101.VIBRATION_RMS,2.839,mm/s,GOOD
2024-01-13 06:00:00,PUMP101.VIBRATION_RMS,2.534,mm/s,GOOD
2024-01-13 12:00:00,PUMP101.VIBRATION_RMS,2.645,mm/s,GOOD
2024-01-13 18:00:00,PUMP101.VIBRATION_RMS,2.816,mm/s,GOOD
2024-01-14 00:00:00,PUMP101.VIBRATION_RMS,1.771,mm/s,GOOD
2024-01-14 06:00:00,PUMP101.VIBRATION_RMS,2.34,mm/s,GOOD
2024-01-14 12:00:00,PUMP101.VIBRATION_RMS,2.265,mm/s,GOOD
2024-01-14 18:00:00,PUMP101.VIBRATION_RMS,2.181,mm/s,GOOD
2024-01-15 00:00:00,PUMP101.VIBRATION_RMS,2.362,mm/s,GOOD
2024-01-15 06:00:00,PUMP101.VIBRATION_RMS,3.247,mm/s,GOOD
2024-01-15 12:00:00,PUMP101.VIBRATION_RMS,2.067,mm/s,GOOD
2024-01-15 18:00:00,PUMP101.VIBRATION_RMS,2.984,mm/s,GOOD
2024-01-16 00:00:00,PUMP101.VIBRATION_RMS,1.659,mm/s,GOOD
2024-01-16 06:00:00,PUMP101.VIBRATION_RMS,2.333,mm/s,GOOD
2024-01-16 12:00:00,PUMP101.VIBRATION_RMS,2.581,mm/s,BAD
2024-01-16 18:00:00,PUMP101.VIBRATION_RMS,2.793,mm/s,GOOD
2024-01-17 00:00:00,PUMP101.VIBRATION_RMS,2.856,mm/s,GOOD
2024-01-17 06:00:00,PUMP101.VIBRATION_RMS,2.897,mm/s,GOOD
2024-01-17 12:00:00,PUMP101.VIBRATION_RMS,2.326,mm/s,GOOD
2024-01-17 18:00:00,PUMP101.VIBRATION_RMS,2.269,mm/s,GOOD
2024-01-18 00:00:00,PUMP101.VIBRATION_RMS,2.929,mm/s,GOOD
2024-01-18 06:00:00,PUMP101.VIBRATION_RMS,2.404,mm/s,GOOD
2024-01-18 12:00:00,PUMP101.VIBRATION_RMS,1.862,mm/s,GOOD
2024-01-18 18:00:00,PUMP101.VIBRATION_RMS,1.933,mm/s,GOOD
2024-01-19 00:00:00,PUMP101.VIBRATION_RMS,2.04,mm/s,GOOD
2024-01-19 06:00:00,PUMP101.VIBRATION_RMS,2.749,mm/s,GOOD
2024-01-19 12:00:00,PUMP101.VIBRATION_RMS,2.571,mm/s,GOOD
2024-01-19 18:00:00,PUMP101.VIBRATION_RMS,2.845,mm/s,GOOD
2024-01-20 00:00:00,PUMP101.VIBRATION_RMS,2.286,mm/s,GOOD
2024-01-20 06:00:00,PUMP101.VIBRATION_RMS,2.579,mm/s,GOOD
2024-01-20 12:00:00,PUMP101.VIBRATION_RMS,2.813,mm/s,GOOD
2024-01-20 18:00:00,PUMP101.VIBRATION_RMS,2.345,mm/s,GOOD
2024-01-21 00:00:00,PUMP101.VIBRATION_RMS,2.728,mm/s,GOOD
2024-01-21 06:00:00,PUMP101.VIBRATION_RMS,2.169,mm/s,GOOD
2024-01-21 12:00:00,PUMP101.VIBRATION_RMS,2.318,mm/s,BAD
2024-01-21 18:00:00,PUMP101.VIBRATION_RMS,2.309,mm/s,GOOD
2024-01-22 00:00:00,PUMP101.VIBRATION_RMS,1.902,mm/s,GOOD
2024-01-22 06:00:00,PUMP101.VIBRATION_RMS,2.743,mm/s,BAD
2024-01-22 12:00:00,PUMP101.VIBRATION_RMS,2.265,mm/s,GOOD
2024-01-22 18:00:00,PUMP101.VIBRATION_RMS,2.506,mm/s,GOOD
2024-01-23 00:00:00,PUMP101.VIBRATION_RMS,2.74,mm/s,GOOD
2024-01-23 06:00:00,PUMP101.VIBRATION_RMS,2.723,mm/s,GOOD
2024-01-23 12:00:00,PUMP101.VIBRATION_RMS,2.833,mm/s,GOOD
2024-01-23 18:00:00,PUMP101.VIBRATION_RMS,2.451,mm/s,GOOD
2024-01-24 00:00:00,PUMP101.VIBRATION_RMS,2.288,mm/s,GOOD
2024-01-24 06:00:00,PUMP101.VIBRATION_RMS,2.46,mm/s,GOOD
2024-01-24 12:00:00,PUMP101.VIBRATION_RMS,1.656,mm/s,GOOD
2024-01-24 18:00:00,PUMP101.VIBRATION_RMS,1.776,mm/s,GOOD
2024-01-25 00:00:00,PUMP101.VIBRATION_RMS,1.839,mm/s,GOOD
2024-01-25 06:00:00,PUMP101.VIBRATION_RMS,2.001,mm/s,GOOD
2024-01-25 12:00:00,PUMP101.VIBRATION_RMS,2.7,mm/s,GOOD
2024-01-25 18:00:00,PUMP101.VIBRATION_RMS,2.047,mm/s,GOOD
2024-01-26 00:00:00,PUMP101.VIBRATION_RMS,2.311,mm/s,GOOD
2024-01-26 06:00:00,PUMP101.VIBRATION_RMS,3.15,mm/s,GOOD
2024-01-26 12:00:00,PUMP101.VIBRATION_RMS,2.322,mm/s,GOOD
2024-01-26 18:00:00,PUMP101.VIBRATION_RMS,2.869,mm/s,GOOD
2024-01-27 00:00:00,PUMP101.VIBRATION_RMS,2.033,mm/s,GOOD
2024-01-27 06:00:00,PUMP101.VIBRATION_RMS,2.397,mm/s,GOOD
2024-01-27 12:00:00,PUMP101.VIBRATION_RMS,2.025,mm/s,GOOD
2024-01-27 18:00:00,PUMP101.VIBRATION_RMS,2.33,mm/s,GOOD
2024-01-28 00:00:00,PUMP101.VIBRATION_RMS,2.92,mm/s,GOOD
2024-01-28 06:00:00,PUMP101.VIBRATION_RMS,1.636,mm/s,GOOD
2024-01-28 12:00:00,PUMP101.VIBRATION_RMS,2.717,mm/s,GOOD
2024-01-28 18:00:00,PUMP101.VIBRATION_RMS,2.619,mm/s,GOOD
2024-01-29 00:00:00,PUMP101.VIBRATION_RMS,2.203,mm/s,GOOD
2024-01-29 06:00:00,PUMP101.VIBRATION_RMS,1.777,mm/s,GOOD
2024-01-29 12:00:00,PUMP101.VIBRATION_RMS,2.536,mm/s,GOOD
2024-01-29 18:00:00,PUMP101.VIBRATION_RMS,2.235,mm/s,GOOD
2024-01-30 00:00:00,PUMP101.VIBRATION_RMS,2.616,mm/s,GOOD
2024-01-30 06:00:00,PUMP101.VIBRATION_RMS,2.511,mm/s,GOOD
2024-01-30 12:00:00,PUMP101.VIBRATION_RMS,3.301,mm/s,GOOD
2024-01-30 18:00:00,PUMP101.VIBRATION_RMS,2.38,mm/s,GOOD
2024-01-31 00:00:00,PUMP101.VIBRATION_RMS,1.988,mm/s,GOOD
2024-01-31 06:00:00,PUMP101.VIBRATION_RMS,2.59,mm/s,GOOD
2024-01-31 12:00:00,PUMP101.VIBRATION_RMS,2.61,mm/s,GOOD
2024-01-31 18:00:00,PUMP101.VIBRATION_RMS,3.18,mm/s,GOOD
2024-02-01 00:00:00,PUMP101.VIBRATION_RMS,2.918,mm/s,GOOD
2024-02-01 06:00:00,PUMP101.VIBRATION_RMS,2.678,mm/s,GOOD
2024-02-01 12:00:00,PUMP101.VIBRATION_RMS,3.232,mm/s,GOOD
2024-02-01 18:00:00,PUMP101.VIBRATION_RMS,1.906,mm/s,GOOD
2024-02-02 00:00:00,PUMP101.VIBRATION_RMS,2.18,mm/s,GOOD
2024-02-02 06:00:00,PUMP101.VIBRATION_RMS,2.037,mm/s,GOOD
2024-02-02 12:00:00,PUMP101.VIBRATION_RMS,2.305,mm/s,GOOD
2024-02-02 18:00:00,PUMP101.VIBRATION_RMS,1.812,mm/s,GOOD
2024-02-03 00:00:00,PUMP101.VIBRATION_RMS,2.818,mm/s,GOOD
2024-02-03 06:00:00,PUMP101.VIBRATION_RMS,2.389,mm/s,GOOD
2024-02-03 12:00:00,PUMP101.VIBRATION_RMS,1.765,mm/s,GOOD
2024-02-03 18:00:00,PUMP101.VIBRATION_RMS,1.992,mm/s,GOOD
2024-02-04 00:00:00,PUMP101.VIBRATION_RMS,2.657,mm/s,GOOD
2024-02-04 06:00:00,PUMP101.VIBRATION_RMS,2.919,mm/s,GOOD
2024-02-04 12:00:00,PUMP101.VIBRATION_RMS,3.498,mm/s,GOOD
2024-02-04 18:00:00,PUMP101.VIBRATION_RMS,3.957,mm/s,GOOD
2024-02-05 00:00:00,PUMP101.VIBRATION_RMS,2.707,mm/s,GOOD
2024-02-05 06:00:00,PUMP101.VIBRATION_RMS,2.005,mm/s,GOOD
2024-02-05 12:00:00,PUMP101.VIBRATION_RMS,1.434,mm/s,GOOD
2024-02-05 18:00:00,PUMP101.VIBRATION_RMS,2.634,mm/s,GOOD
2024-02-06 00:00:00,PUMP101.VIBRATION_RMS,2.094,mm/s,GOOD
2024-02-06 06:00:00,PUMP101.VIBRATION_RMS,2.292,mm/s,GOOD
2024-02-06 12:00:00,PUMP101.VIBRATION_RMS,2.194,mm/s,GOOD
2024-02-06 18:00:00,PUMP101.VIBRATION_RMS,2.43,mm/s,GOOD
2024-02-07 00:00:00,PUMP101.VIBRATION_RMS,3.033,mm/s,GOOD
2024-02-07 06:00:00,PUMP101.VIBRATION_RMS,2.579,mm/s,GOOD
2024-02-07 12:00:00,PUMP101.VIBRATION_RMS,2.421,mm/s,GOOD
2024-02-07 18:00:00,PUMP101.VIBRATION_RMS,1.982,mm/s,GOOD
2024-02-08 00:00:00,PUMP101.VIBRATION_RMS,1.663,mm/s,GOOD
2024-02-08 06:00:00,PUMP101.VIBRATION_RMS,2.257,mm/s,GOOD
2024-02-08 12:00:00,PUMP101.VIBRATION_RMS,2.473,mm/s,GOOD
2024-02-08 18:00:00,PUMP101.VIBRATION_RMS,3.384,mm/s,GOOD
2024-02-09 00:00:00,PUMP101.VIBRATION_RMS,2.565,mm/s,BAD
2024-02-09 06:00:00,PUMP101.VIBRATION_RMS,2.991,mm/s,GOOD
2024-02-09 12:00:00,PUMP101.VIBRATION_RMS,2.25,mm/s,GOOD
2024-02-09 18:00:00,PUMP101.VIBRATION_RMS,1.908,mm/s,GOOD
2024-02-10 00:00:00,PUMP101.VIBRATION_RMS,2.017,mm/s,GOOD
2024-02-10 06:00:00,PUMP101.VIBRATION_RMS,2.137,mm/s,GOOD
2024-02-10 12:00:00,PUMP101.VIBRATION_RMS,3.564,mm/s,GOOD
2024-02-10 18:00:00,PUMP101.VIBRATION_RMS,2.089,mm/s,GOOD
2024-02-11 00:00:00,PUMP101.VIBRATION_RMS,2.919,mm/s,GOOD
2024-02-11 06:00:00,PUMP101.VIBRATION_RMS,2.049,mm/s,GOOD
2024-02-11 12:00:00,PUMP101.VIBRATION_RMS,2.966,mm/s,GOOD
2024-02-11 18:00:00,PUMP101.VIBRATION_RMS,2.692,mm/s,GOOD
2024-02-12 00:00:00,PUMP101.VIBRATION_RMS,2.422,mm/s,GOOD
2024-02-12 06:00:00,PUMP101.VIBRATION_RMS,2.48,mm/s,GOOD
2024-02-12 12:00:00,PUMP101.VIBRATION_RMS,2.173,mm/s,GOOD
2024-02-12 18:00:00,PUMP101.VIBRATION_RMS,2.723,mm/s,GOOD
2024-02-13 00:00:00,PUMP101.VIBRATION_RMS,2.273,mm/s,GOOD
2024-02-13 06:00:00,PUMP101.VIBRATION_RMS,1.887,mm/s,GOOD
2024-02-13 12:00:00,PUMP101.VIBRATION_RMS,1.861,mm/s,GOOD
2024-02-13 18:00:00,PUMP101.VIBRATION_RMS,2.586,mm/s,GOOD
2024-02-14 00:00:00,PUMP101.VIBRATION_RMS,3.29,mm/s,GOOD
2024-02-14 06:00:00,PUMP101.VIBRATION_RMS,2.58,mm/s,GOOD
2024-02-14 12:00:00,PUMP101.VIBRATION_RMS,2.441,mm/s,GOOD
2024-02-14 18:00:00,PUMP101.VIBRATION_RMS,2.643,mm/s,GOOD
2024-02-15 00:00:00,PUMP101.VIBRATION_RMS,3.153,mm/s,GOOD
2024-02-15 06:00:00,PUMP101.VIBRATION_RMS,2.61,mm/s,GOOD
2024-02-15 12:00:00,PUMP101.VIBRATION_RMS,2.295,mm/s,GOOD
2024-02-15 18:00:00,PUMP101.VIBRATION_RMS,3.053,mm/s,GOOD
2024-02-16 00:00:00,PUMP101.VIBRATION_RMS,2.714,mm/s,GOOD
2024-02-16 06:00:00,PUMP101.VIBRATION_RMS,3.268,mm/s,BAD
2024-02-16 12:00:00,PUMP101.VIBRATION_RMS,2.592,mm/s,GOOD
2024-02-16 18:00:00,PUMP101.VIBRATION_RMS,1.888,mm/s,GOOD
2024-02-17 00:00:00,PUMP101.VIBRATION_RMS,1.816,mm/s,GOOD
2024-02-17 06:00:00,PUMP101.VIBRATION_RMS,3.325,mm/s,GOOD
2024-02-17 12:00:00,PUMP101.VIBRATION_RMS,3.362,mm/s,GOOD
2024-02-17 18:00:00,PUMP101.VIBRATION_RMS,2.41,mm/s,GOOD
2024-02-18 00:00:00,PUMP101.VIBRATION_RMS,2.308,mm/s,GOOD
2024-02-18 06:00:00,PUMP101.VIBRATION_RMS,3.231,mm/s,GOOD
2024-02-18 12:00:00,PUMP101.VIBRATION_RMS,1.946,mm/s,GOOD
2024-02-18 18:00:00,PUMP101.VIBRATION_RMS,2.053,mm/s,GOOD
2024-02-19 00:00:00,PUMP101.VIBRATION_RMS,2.822,mm/s,GOOD
2024-02-19 06:00:00,PUMP101.VIBRATION_RMS,2.303,mm/s,GOOD
2024-02-19 12:00:00,PUMP101.VIBRATION_RMS,2.497,mm/s,GOOD
2024-02-19 18:00:00,PUMP101.VIBRATION_RMS,2.418,mm/s,GOOD
2024-02-20 00:00:00,PUMP101.VIBRATION_RMS,2.669,mm/s,GOOD
2024-02-20 06:00:00,PUMP101.VIBRATION_RMS,3.204,mm/s,GOOD
2024-02-20 12:00:00,PUMP101.VIBRATION_RMS,2.545,mm/s,GOOD
2024-02-20 18:00:00,PUMP101.VIBRATION_RMS,2.822,mm/s,GOOD
2024-02-21 00:00:00,PUMP101.VIBRATION_RMS,1.475,mm/s,GOOD
2024-02-21 06:00:00,PUMP101.VIBRATION_RMS,2.476,mm/s,GOOD
2024-02-21 12:00:00,PUMP101.VIBRATION_RMS,2.078,mm/s,GOOD
2024-02-21 18:00:00,PUMP101.VIBRATION_RMS,1.891,mm/s,GOOD
2024-02-22 00:00:00,PUMP101.VIBRATION_RMS,2.061,mm/s,GOOD
2024-02-22 06:00:00,PUMP101.VIBRATION_RMS,2.333,mm/s,GOOD
2024-02-22 12:00:00,PUMP101.VIBRATION_RMS,2.958,mm/s,GOOD
2024-02-22 18:00:00,PUMP101.VIBRATION_RMS,1.837,mm/s,GOOD
2024-02-23 00:00:00,PUMP101.VIBRATION_RMS,2.515,mm/s,GOOD
2024-02-23 06:00:00,PUMP101.VIBRATION_RMS,2.258,mm/s,GOOD
2024-02-23 12:00:00,PUMP101.VIBRATION_RMS,2.336,mm/s,GOOD
2024-02-23 18:00:00,PUMP101.VIBRATION_RMS,3.001,mm/s,GOOD
2024-02-24 00:00:00,PUMP101.VIBRATION_RMS,2.769,mm/s,GOOD
2024-02-24 06:00:00,PUMP101.VIBRATION_RMS,3.169,mm/s,GOOD
2024-02-24 12:00:00,PUMP101.VIBRATION_RMS,2.423,mm/s,GOOD
2024-02-24 18:00:00,PUMP101.VIBRATION_RMS,2.152,mm/s,GOOD
2024-02-25 00:00:00,PUMP101.VIBRATION_RMS,2.388,mm/s,GOOD
2024-02-25 06:00:00,PUMP101.VIBRATION_RMS,2.621,mm/s,GOOD
2024-02-25 12:00:00,PUMP101.VIBRATION_RMS,2.588,mm/s,GOOD
2024-02-25 18:00:00,PUMP101.VIBRATION_RMS,1.958,mm/s,GOOD
2024-02-26 00:00:00,PUMP101.VIBRATION_RMS,2.545,mm/s,GOOD
2024-02-26 06:00:00,PUMP101.VIBRATION_RMS,2.614,mm/s,GOOD
2024-02-26 12:00:00,PUMP101.VIBRATION_RMS,3.759,mm/s,GOOD
2024-02-26 18:00:00,PUMP101.VIBRATION_RMS,3.438,mm/s,GOOD
2024-02-27 00:00:00,PUMP101.VIBRATION_RMS,2.073,mm/s,GOOD
2024-02-27 06:00:00,PUMP101.VIBRATION_RMS,2.356,mm/s,GOOD
2024-02-27 12:00:00,PUMP101.VIBRATION_RMS,1.768,mm/s,GOOD
2024-02-27 18:00:00,PUMP101.VIBRATION_RMS,2.205,mm/s,GOOD
2024-02-28 00:00:00,PUMP101.VIBRATION_RMS,2.658,mm/s,GOOD
2024-02-28 06:00:00,PUMP101.VIBRATION_RMS,3.103,mm/s,GOOD
2024-02-28 12:00:00,PUMP101.VIBRATION_RMS,2.135,mm/s,GOOD
2024-02-28 18:00:00,PUMP101.VIBRATION_RMS,2.173,mm/s,GOOD
2024-02-29 00:00:00,PUMP101.VIBRATION_RMS,1.426,mm/s,GOOD
2024-02-29 06:00:00,PUMP101.VIBRATION_RMS,2.419,mm/s,GOOD
2024-02-29 12:00:00,PUMP101.VIBRATION_RMS,1.969,mm/s,GOOD
2024-02-29 18:00:00,PUMP101.VIBRATION_RMS,2.235,mm/s,GOOD
2024-03-01 00:00:00,PUMP101.VIBRATION_RMS,2.062,mm/s,GOOD
2024-03-01 06:00:00,PUMP101.VIBRATION_RMS,2.453,mm/s,GOOD
2024-03-01 12:00:00,PUMP101.VIBRATION_RMS,1.621,mm/s,GOOD
2024-03-01 18:00:00,PUMP101.VIBRATION_RMS,1.766,mm/s,GOOD
2024-03-02 00:00:00,PUMP101.VIBRATION_RMS,3.565,mm/s,GOOD
2024-03-02 06:00:00,PUMP101.VIBRATION_RMS,1.856,mm/s,GOOD
2024-03-02 12:00:00,PUMP101.VIBRATION_RMS,1.952,mm/s,GOOD
2024-03-02 18:00:00,PUMP101.VIBRATION_RMS,3.418,mm/s,GOOD
2024-03-03 00:00:00,PUMP101.VIBRATION_RMS,3.953,mm/s,BAD
2024-03-03 06:00:00,PUMP101.VIBRATION_RMS,1.914,mm/s,GOOD
2024-03-03 12:00:00,PUMP101.VIBRATION_RMS,2.316,mm/s,GOOD
2024-03-03 18:00:00,PUMP101.VIBRATION_RMS,2.671,mm/s,GOOD
2024-03-04 00:00:00,PUMP101.VIBRATION_RMS,3.364,mm/s,GOOD
2024-03-04 06:00:00,PUMP101.VIBRATION_RMS,2.007,mm/s,GOOD
2024-03-04 12:00:00,PUMP101.VIBRATION_RMS,2.377,mm/s,GOOD
2024-03-04 18:00:00,PUMP101.VIBRATION_RMS,2.889,mm/s,GOOD
2024-03-05 00:00:00,PUMP101.VIBRATION_RMS,2.717,mm/s,GOOD
2024-03-05 06:00:00,PUMP101.VIBRATION_RMS,2.312,mm/s,GOOD
2024-03-05 12:00:00,PUMP101.VIBRATION_RMS,2.433,mm/s,GOOD
2024-03-05 18:00:00,PUMP101.VIBRATION_RMS,1.813,mm/s,GOOD
2024-03-06 00:00:00,PUMP101.VIBRATION_RMS,2.381,mm/s,GOOD
2024-03-06 06:00:00,PUMP101.VIBRATION_RMS,2.367,mm/s,GOOD
2024-03-06 12:00:00,PUMP101.VIBRATION_RMS,2.616,mm/s,GOOD
2024-03-06 18:00:00,PUMP101.VIBRATION_RMS,2.222,mm/s,GOOD
2024-03-07 00:00:00,PUMP101.VIBRATION_RMS,2.736,mm/s,GOOD
2024-03-07 06:00:00,PUMP101.VIBRATION_RMS,3.006,mm/s,GOOD
2024-03-07 12:00:00,PUMP101.VIBRATION_RMS,2.578,mm/s,GOOD
2024-03-07 18:00:00,PUMP101.VIBRATION_RMS,2.676,mm/s,GOOD
2024-03-08 00:00:00,PUMP101.VIBRATION_RMS,2.527,mm/s,GOOD
2024-03-08 06:00:00,PUMP101.VIBRATION_RMS,2.5,mm/s,GOOD
2024-03-08 12:00:00,PUMP101.VIBRATION_RMS,2.139,mm/s,GOOD
2024-03-08 18:00:00,PUMP101.VIBRATION_RMS,2.658,mm/s,GOOD
2024-03-09 00:00:00,PUMP101.VIBRATION_RMS,2.451,mm/s,GOOD
2024-03-09 06:00:00,PUMP101.VIBRATION_RMS,3.547,mm/s,GOOD
2024-03-09 12:00:00,PUMP101.VIBRATION_RMS,3.287,mm/s,GOOD
2024-03-09 18:00:00,PUMP101.VIBRATION_RMS,2.693,mm/s,GOOD
2024-03-10 00:00:00,PUMP101.VIBRATION_RMS,2.118,mm/s,GOOD
2024-03-10 06:00:00,PUMP101.VIBRATION_RMS,1.944,mm/s,GOOD
2024-03-10 12:00:00,PUMP101.VIBRATION_RMS,3.096,mm/s,GOOD
2024-03-10 18:00:00,PUMP101.VIBRATION_RMS,2.631,mm/s,GOOD
2024-03-11 00:00:00,PUMP101.VIBRATION_RMS,2.74,mm/s,GOOD
2024-03-11 06:00:00,PUMP101.VIBRATION_RMS,1.628,mm/s,GOOD
2024-03-11 12:00:00,PUMP101.VIBRATION_RMS,2.964,mm/s,GOOD
2024-03-11 18:00:00,PUMP101.VIBRATION_RMS,2.727,mm/s,GOOD
2024-03-12 00:00:00,PUMP101.VIBRATION_RMS,1.945,mm/s,GOOD
2024-03-12 06:00:00,PUMP101.VIBRATION_RMS,2.264,mm/s,GOOD
2024-03-12 12:00:00,PUMP101.VIBRATION_RMS,2.632,mm/s,GOOD
2024-03-12 18:00:00,PUMP101.VIBRATION_RMS,2.526,mm/s,GOOD
2024-03-13 00:00:00,PUMP101.VIBRATION_RMS,2.354,mm/s,GOOD
2024-03-13 06:00:00,PUMP101.VIBRATION_RMS,2.448,mm/s,GOOD
2024-03-13 12:00:00,PUMP101.VIBRATION_RMS,2.374,mm/s,GOOD
2024-03-13 18:00:00,PUMP101.VIBRATION_RMS,2.576,mm/s,GOOD
2024-03-14 00:00:00,PUMP101.VIBRATION_RMS,3.236,mm/s,GOOD
2024-03-14 06:00:00,PUMP101.VIBRATION_RMS,1.217,mm/s,GOOD
2024-03-14 12:00:00,PUMP101.VIBRATION_RMS,2.382,mm/s,GOOD
2024-03-14 18:00:00,PUMP101.VIBRATION_RMS,2.588,mm/s,GOOD
2024-03-15 00:00:00,PUMP101.VIBRATION_RMS,2.648,mm/s,GOOD
2024-03-15 06:00:00,PUMP101.VIBRATION_RMS,2.314,mm/s,GOOD
2024-03-15 12:00:00,PUMP101.VIBRATION_RMS,1.622,mm/s,GOOD
2024-03-15 18:00:00,PUMP101.VIBRATION_RMS,2.664,mm/s,GOOD
2024-03-16 00:00:00,PUMP101.VIBRATION_RMS,3.364,mm/s,GOOD
2024-03-16 06:00:00,PUMP101.VIBRATION_RMS,1.733,mm/s,GOOD
2024-03-16 12:00:00,PUMP101.VIBRATION_RMS,2.932,mm/s,GOOD
2024-03-16 18:00:00,PUMP101.VIBRATION_RMS,2.336,mm/s,GOOD
2024-03-17 00:00:00,PUMP101.VIBRATION_RMS,2.469,mm/s,GOOD
2024-03-17 06:00:00,PUMP101.VIBRATION_RMS,1.974,mm/s,GOOD
2024-03-17 12:00:00,PUMP101.VIBRATION_RMS,2.333,mm/s,GOOD
2024-03-17 18:00:00,PUMP101.VIBRATION_RMS,3.15,mm/s,GOOD
2024-03-18 00:00:00,PUMP101.VIBRATION_RMS,2.791,mm/s,GOOD
2024-03-18 06:00:00,PUMP101.VIBRATION_RMS,3.366,mm/s,GOOD
2024-03-18 12:00:00,PUMP101.VIBRATION_RMS,3.089,mm/s,GOOD
2024-03-18 18:00:00,PUMP101.VIBRATION_RMS,2.72,mm/s,GOOD
2024-03-19 00:00:00,PUMP101.VIBRATION_RMS,3.372,mm/s,GOOD
2024-03-19 06:00:00,PUMP101.VIBRATION_RMS,2.719,mm/s,GOOD
2024-03-19 12:00:00,PUMP101.VIBRATION_RMS,2.914,mm/s,GOOD
2024-03-19 18:00:00,PUMP101.VIBRATION_RMS,2.352,mm/s,GOOD
2024-03-20 00:00:00,PUMP101.VIBRATION_RMS,2.533,mm/s,GOOD
2024-03-20 06:00:00,PUMP101.VIBRATION_RMS,2.151,mm/s,GOOD
2024-03-20 12:00:00,PUMP101.VIBRATION_RMS,2.995,mm/s,GOOD
2024-03-20 18:00:00,PUMP101.VIBRATION_RMS,1.911,mm/s,GOOD
2024-03-21 00:00:00,PUMP101.VIBRATION_RMS,2.891,mm/s,GOOD
2024-03-21 06:00:00,PUMP101.VIBRATION_RMS,2.405,mm/s,GOOD
2024-03-21 12:00:00,PUMP101.VIBRATION_RMS,3.086,mm/s,GOOD
2024-03-21 18:00:00,PUMP101.VIBRATION_RMS,2.875,mm/s,GOOD
2024-03-22 00:00:00,PUMP101.VIBRATION_RMS,3.41,mm/s,GOOD
2024-03-22 06:00:00,PUMP101.VIBRATION_RMS,2.865,mm/s,GOOD
2024-03-22 12:00:00,PUMP101.VIBRATION_RMS,1.714,mm/s,GOOD
2024-03-22 18:00:00,PUMP101.VIBRATION_RMS,2.467,mm/s,GOOD
2024-03-23 00:00:00,PUMP101.VIBRATION_RMS,1.914,mm/s,GOOD
2024-03-23 06:00:00,PUMP101.VIBRATION_RMS,2.241,mm/s,GOOD
2024-03-23 12:00:00,PUMP101.VIBRATION_RMS,3.256,mm/s,GOOD
2024-03-23 18:00:00,PUMP101.VIBRATION_RMS,2.819,mm/s,GOOD
2024-03-24 00:00:00,PUMP101.VIBRATION_RMS,2.151,mm/s,GOOD
2024-03-24 06:00:00,PUMP101.VIBRATION_RMS,1.993,mm/s,GOOD
2024-03-24 12:00:00,PUMP101.VIBRATION_RMS,2.516,mm/s,GOOD
2024-03-24 18:00:00,PUMP101.VIBRATION_RMS,1.892,mm/s,GOOD
2024-03-25 00:00:00,PUMP101.VIBRATION_RMS,2.164,mm/s,GOOD
2024-03-25 06:00:00,PUMP101.VIBRATION_RMS,2.656,mm/s,GOOD
2024-03-25 12:00:00,PUMP101.VIBRATION_RMS,3.078,mm/s,GOOD
2024-03-25 18:00:00,PUMP101.VIBRATION_RMS,2.804,mm/s,GOOD
2024-03-26 00:00:00,PUMP101.VIBRATION_RMS,1.354,mm/s,GOOD
2024-03-26 06:00:00,PUMP101.VIBRATION_RMS,2.652,mm/s,GOOD
2024-03-26 12:00:00,PUMP101.VIBRATION_RMS,2.536,mm/s,GOOD
2024-03-26 18:00:00,PUMP101.VIBRATION_RMS,2.707,mm/s,GOOD
2024-03-27 00:00:00,PUMP101.VIBRATION_RMS,3.308,mm/s,GOOD
2024-03-27 06:00:00,PUMP101.VIBRATION_RMS,1.468,mm/s,GOOD
2024-03-27 12:00:00,PUMP101.VIBRATION_RMS,2.204,mm/s,GOOD
2024-03-27 18:00:00,PUMP101.VIBRATION_RMS,2.795,mm/s,GOOD
2024-03-28 00:00:00,PUMP101.VIBRATION_RMS,1.709,mm/s,GOOD
2024-03-28 06:00:00,PUMP101.VIBRATION_RMS,3.238,mm/s,GOOD
2024-03-28 12:00:00,PUMP101.VIBRATION_RMS,2.684,mm/s,GOOD
2024-03-28 18:00:00,PUMP101.VIBRATION_RMS,2.923,mm/s,GOOD
2024-03-29 00:00:00,PUMP101.VIBRATION_RMS,2.215,mm/s,GOOD
2024-03-29 06:00:00,PUMP101.VIBRATION_RMS,2.907,mm/s,GOOD
2024-03-29 12:00:00,PUMP101.VIBRATION_RMS,3.034,mm/s,GOOD
2024-03-29 18:00:00,PUMP101.VIBRATION_RMS,2.616,mm/s,GOOD
2024-03-30 00:00:00,PUMP101.VIBRATION_RMS,2.617,mm/s,GOOD
2024-03-30 06:00:00,PUMP101.VIBRATION_RMS,2.635,mm/s,GOOD
2024-03-30 12:00:00,PUMP101.VIBRATION_RMS,2.068,mm/s,GOOD
2024-03-30 18:00:00,PUMP101.VIBRATION_RMS,2.426,mm/s,GOOD
2024-03-31 00:00:00,PUMP101.VIBRATION_RMS,2.424,mm/s,GOOD
2024-03-31 06:00:00,PUMP101.VIBRATION_RMS,2.692,mm/s,GOOD
2024-03-31 12:00:00,PUMP101.VIBRATION_RMS,3.0,mm/s,GOOD
2024-03-31 18:00:00,PUMP101.VIBRATION_RMS,1.971,mm/s,GOOD
2024-04-01 00:00:00,PUMP101.VIBRATION_RMS,2.437,mm/s,GOOD
2024-04-01 06:00:00,PUMP101.VIBRATION_RMS,3.241,mm/s,GOOD
2024-04-01 12:00:00,PUMP101.VIBRATION_RMS,2.128,mm/s,GOOD
2024-04-01 18:00:00,PUMP101.VIBRATION_RMS,2.089,mm/s,GOOD
2024-04-02 00:00:00,PUMP101.VIBRATION_RMS,2.601,mm/s,GOOD
2024-04-02 06:00:00,PUMP101.VIBRATION_RMS,2.922,mm/s,GOOD
2024-04-02 12:00:00,PUMP101.VIBRATION_RMS,2.506,mm/s,GOOD
2024-04-02 18:00:00,PUMP101.VIBRATION_RMS,3.164,mm/s,GOOD
2024-04-03 00:00:00,PUMP101.VIBRATION_RMS,2.928,mm/s,GOOD
2024-04-03 06:00:00,PUMP101.VIBRATION_RMS,2.921,mm/s,GOOD
2024-04-03 12:00:00,PUMP101.VIBRATION_RMS,2.777,mm/s,GOOD
2024-04-03 18:00:00,PUMP101.VIBRATION_RMS,3.664,mm/s,GOOD
2024-04-04 00:00:00,PUMP101.VIBRATION_RMS,2.397,mm/s,GOOD
2024-04-04 06:00:00,PUMP101.VIBRATION_RMS,1.498,mm/s,GOOD
2024-04-04 12:00:00,PUMP101.VIBRATION_RMS,3.302,mm/s,GOOD
2024-04-04 18:00:00,PUMP101.VIBRATION_RMS,2.271,mm/s,GOOD
2024-04-05 00:00:00,PUMP101.VIBRATION_RMS,2.554,mm/s,GOOD
2024-04-05 06:00:00,PUMP101.VIBRATION_RMS,3.155,mm/s,GOOD
2024-04-05 12:00:00,PUMP101.VIBRATION_RMS,1.699,mm/s,GOOD
2024-04-05 18:00:00,PUMP101.VIBRATION_RMS,1.874,mm/s,GOOD
2024-04-06 00:00:00,PUMP101.VIBRATION_RMS,1.699,mm/s,GOOD
2024-04-06 06:00:00,PUMP101.VIBRATION_RMS,2.103,mm/s,GOOD
2024-04-06 12:00:00,PUMP101.VIBRATION_RMS,2.72,mm/s,GOOD
2024-04-06 18:00:00,PUMP101.VIBRATION_RMS,2.762,mm/s,GOOD
2024-04-07 00:00:00,PUMP101.VIBRATION_RMS,2.638,mm/s,GOOD
2024-04-07 06:00:00,PUMP101.VIBRATION_RMS,1.794,mm/s,GOOD
2024-04-07 12:00:00,PUMP101.VIBRATION_RMS,1.345,mm/s,GOOD
2024-04-07 18:00:00,PUMP101.VIBRATION_RMS,2.527,mm/s,GOOD
2024-04-08 00:00:00,PUMP101.VIBRATION_RMS,2.264,mm/s,GOOD
2024-04-08 06:00:00,PUMP101.VIBRATION_RMS,2.73,mm/s,GOOD
2024-04-08 12:00:00,PUMP101.VIBRATION_RMS,2.851,mm/s,GOOD
2024-04-08 18:00:00,PUMP101.VIBRATION_RMS,2.569,mm/s,GOOD
2024-04-09 00:00:00,PUMP101.VIBRATION_RMS,2.88,mm/s,GOOD
2024-04-09 06:00:00,PUMP101.VIBRATION_RMS,2.615,mm/s,GOOD
2024-04-09 12:00:00,PUMP101.VIBRATION_RMS,2.765,mm/s,GOOD
2024-04-09 18:00:00,PUMP101.VIBRATION_RMS,2.148,mm/s,GOOD
2024-04-10 00:00:00,PUMP101.VIBRATION_RMS,2.41,mm/s,GOOD
2024-04-10 06:00:00,PUMP101.VIBRATION_RMS,2.598,mm/s,GOOD
2024-04-10 12:00:00,PUMP101.VIBRATION_RMS,2.91,mm/s,GOOD
2024-04-10 18:00:00,PUMP101.VIBRATION_RMS,2.303,mm/s,GOOD
2024-04-11 00:00:00,PUMP101.VIBRATION_RMS,2.761,mm/s,GOOD
2024-04-11 06:00:00,PUMP101.VIBRATION_RMS,2.367,mm/s,GOOD
2024-04-11 12:00:00,PUMP101.VIBRATION_RMS,2.441,mm/s,GOOD
2024-04-11 18:00:00,PUMP101.VIBRATION_RMS,2.915,mm/s,GOOD
2024-04-12 00:00:00,PUMP101.VIBRATION_RMS,1.503,mm/s,GOOD
2024-04-12 06:00:00,PUMP101.VIBRATION_RMS,1.852,mm/s,GOOD
2024-04-12 12:00:00,PUMP101.VIBRATION_RMS,1.759,mm/s,GOOD
2024-04-12 18:00:00,PUMP101.VIBRATION_RMS,1.333,mm/s,GOOD
2024-04-13 00:00:00,PUMP101.VIBRATION_RMS,2.161,mm/s,GOOD
2024-04-13 06:00:00,PUMP101.VIBRATION_RMS,2.875,mm/s,GOOD
2024-04-13 12:00:00,PUMP101.VIBRATION_RMS,2.358,mm/s,GOOD
2024-04-13 18:00:00,PUMP101.VIBRATION_RMS,2.599,mm/s,GOOD
2024-04-14 00:00:00,PUMP101.VIBRATION_RMS,3.045,mm/s,GOOD
2024-04-14 06:00:00,PUMP101.VIBRATION_RMS,3.164,mm/s,GOOD
2024-04-14 12:00:00,PUMP101.VIBRATION_RMS,2.465,mm/s,GOOD
2024-04-14 18:00:00,PUMP101.VIBRATION_RMS,3.177,mm/s,GOOD
2024-04-15 00:00:00,PUMP101.VIBRATION_RMS,2.546,mm/s,GOOD
2024-04-15 06:00:00,PUMP101.VIBRATION_RMS,2.081,mm/s,GOOD
2024-04-15 12:00:00,PUMP101.VIBRATION_RMS,2.203,mm/s,GOOD
2024-04-15 18:00:00,PUMP101.VIBRATION_RMS,1.76,mm/s,GOOD
2024-04-16 00:00:00,PUMP101.VIBRATION_RMS,2.056,mm/s,GOOD
2024-04-16 06:00:00,PUMP101.VIBRATION_RMS,2.321,mm/s,GOOD
2024-04-16 12:00:00,PUMP101.VIBRATION_RMS,2.902,mm/s,GOOD
2024-04-16 18:00:00,PUMP101.VIBRATION_RMS,3.36,mm/s,GOOD
2024-04-17 00:00:00,PUMP101.VIBRATION_RMS,1.809,mm/s,GOOD
2024-04-17 06:00:00,PUMP101.VIBRATION_RMS,2.696,mm/s,GOOD
2024-04-17 12:00:00,PUMP101.VIBRATION_RMS,1.98,mm/s,GOOD
2024-04-17 18:00:00,PUMP101.VIBRATION_RMS,2.737,mm/s,GOOD
2024-04-18 00:00:00,PUMP101.VIBRATION_RMS,2.434,mm/s,BAD
2024-04-18 06:00:00,PUMP101.VIBRATION_RMS,1.585,mm/s,GOOD
2024-04-18 12:00:00,PUMP101.VIBRATION_RMS,2.964,mm/s,GOOD
2024-04-18 18:00:00,PUMP101.VIBRATION_RMS,2.197,mm/s,GOOD
2024-04-19 00:00:00,PUMP101.VIBRATION_RMS,2.233,mm/s,GOOD
2024-04-19 06:00:00,PUMP101.VIBRATION_RMS,1.965,mm/s,GOOD
2024-04-19 12:00:00,PUMP101.VIBRATION_RMS,2.173,mm/s,GOOD
2024-04-19 18:00:00,PUMP101.VIBRATION_RMS,2.714,mm/s,GOOD
2024-04-20 00:00:00,PUMP101.VIBRATION_RMS,2.405,mm/s,GOOD
2024-04-20 06:00:00,PUMP101.VIBRATION_RMS,2.664,mm/s,GOOD
2024-04-20 12:00:00,PUMP101.VIBRATION_RMS,2.681,mm/s,GOOD
2024-04-20 18:00:00,PUMP101.VIBRATION_RMS,3.16,mm/s,GOOD
2024-04-21 00:00:00,PUMP101.VIBRATION_RMS,2.329,mm/s,GOOD
2024-04-21 06:00:00,PUMP101.VIBRATION_RMS,1.762,mm/s,GOOD
2024-04-21 12:00:00,PUMP101.VIBRATION_RMS,3.034,mm/s,GOOD
2024-04-21 18:00:00,PUMP101.VIBRATION_RMS,2.334,mm/s,GOOD
2024-04-22 00:00:00,PUMP101.VIBRATION_RMS,3.057,mm/s,GOOD
2024-04-22 06:00:00,PUMP101.VIBRATION_RMS,2.692,mm/s,GOOD
2024-04-22 12:00:00,PUMP101.VIBRATION_RMS,2.434,mm/s,GOOD
2024-04-22 18:00:00,PUMP101.VIBRATION_RMS,2.674,mm/s,GOOD
2024-04-23 00:00:00,PUMP101.VIBRATION_RMS,3.476,mm/s,GOOD
2024-04-23 06:00:00,PUMP101.VIBRATION_RMS,3.538,mm/s,GOOD
2024-04-23 12:00:00,PUMP101.VIBRATION_RMS,2.535,mm/s,GOOD
2024-04-23 18:00:00,PUMP101.VIBRATION_RMS,2.58,mm/s,GOOD
2024-04-24 00:00:00,PUMP101.VIBRATION_RMS,3.038,mm/s,GOOD
2024-04-24 06:00:00,PUMP101.VIBRATION_RMS,2.077,mm/s,GOOD
2024-04-24 12:00:00,PUMP101.VIBRATION_RMS,2.667,mm/s,GOOD
2024-04-24 18:00:00,PUMP101.VIBRATION_RMS,2.487,mm/s,GOOD
2024-04-25 00:00:00,PUMP101.VIBRATION_RMS,2.657,mm/s,GOOD
2024-04-25 06:00:00,PUMP101.VIBRATION_RMS,2.083,mm/s,GOOD
2024-04-25 12:00:00,PUMP101.VIBRATION_RMS,1.705,mm/s,GOOD
2024-04-25 18:00:00,PUMP101.VIBRATION_RMS,1.464,mm/s,GOOD
2024-04-26 00:00:00,PUMP101.VIBRATION_RMS,1.941,mm/s,GOOD
2024-04-26 06:00:00,PUMP101.VIBRATION_RMS,2.271,mm/s,GOOD
2024-04-26 12:00:00,PUMP101.VIBRATION_RMS,2.353,mm/s,GOOD
2024-04-26 18:00:00,PUMP101.VIBRATION_RMS,3.469,mm/s,GOOD
2024-04-27 00:00:00,PUMP101.VIBRATION_RMS,3.053,mm/s,GOOD
2024-04-27 06:00:00,PUMP101.VIBRATION_RMS,2.019,mm/s,GOOD
2024-04-27 12:00:00,PUMP101.VIBRATION_RMS,2.674,mm/s,GOOD
2024-04-27 18:00:00,PUMP101.VIBRATION_RMS,2.296,mm/s,GOOD
2024-04-28 00:00:00,PUMP101.VIBRATION_RMS,2.358,mm/s,GOOD
2024-04-28 06:00:00,PUMP101.VIBRATION_RMS,2.593,mm/s,GOOD
2024-04-28 12:00:00,PUMP101.VIBRATION_RMS,2.81,mm/s,GOOD
2024-04-28 18:00:00,PUMP101.VIBRATION_RMS,2.33,mm/s,GOOD
2024-04-29 00:00:00,PUMP101.VIBRATION_RMS,3.032,mm/s,GOOD
2024-04-29 06:00:00,PUMP101.VIBRATION_RMS,1.929,mm/s,GOOD
2024-04-29 12:00:00,PUMP101.VIBRATION_RMS,2.503,mm/s,GOOD
2024-04-29 18:00:00,PUMP101.VIBRATION_RMS,3.799,mm/s,GOOD
2024-04-30 00:00:00,PUMP101.VIBRATION_RMS,2.612,mm/s,GOOD
2024-04-30 06:00:00,PUMP101.VIBRATION_RMS,3.217,mm/s,GOOD
2024-04-30 12:00:00,PUMP101.VIBRATION_RMS,2.546,mm/s,GOOD
2024-04-30 18:00:00,PUMP101.VIBRATION_RMS,2.79,mm/s,GOOD
2024-05-01 00:00:00,PUMP101.VIBRATION_RMS,2.472,mm/s,GOOD
2024-05-01 06:00:00,PUMP101.VIBRATION_RMS,2.415,mm/s,GOOD
2024-05-01 12:00:00,PUMP101.VIBRATION_RMS,2.11,mm/s,GOOD
2024-05-01 18:00:00,PUMP101.VIBRATION_RMS,2.715,mm/s,GOOD
2024-05-02 00:00:00,PUMP101.VIBRATION_RMS,2.074,mm/s,GOOD
2024-05-02 06:00:00,PUMP101.VIBRATION_RMS,2.833,mm/s,GOOD
2024-05-02 12:00:00,PUMP101.VIBRATION_RMS,3.043,mm/s,GOOD
2024-05-02 18:00:00,PUMP101.VIBRATION_RMS,2.683,mm/s,GOOD
2024-05-03 00:00:00,PUMP101.VIBRATION_RMS,2.357,mm/s,GOOD
2024-05-03 06:00:00,PUMP101.VIBRATION_RMS,2.727,mm/s,GOOD
2024-05-03 12:00:00,PUMP101.VIBRATION_RMS,2.346,mm/s,GOOD
2024-05-03 18:00:00,PUMP101.VIBRATION_RMS,2.968,mm/s,GOOD
2024-05-04 00:00:00,PUMP101.VIBRATION_RMS,1.584,mm/s,GOOD
2024-05-04 06:00:00,PUMP101.VIBRATION_RMS,2.332,mm/s,GOOD
2024-05-04 12:00:00,PUMP101.VIBRATION_RMS,1.505,mm/s,GOOD
2024-05-04 18:00:00,PUMP101.VIBRATION_RMS,1.752,mm/s,GOOD
2024-05-05 00:00:00,PUMP101.VIBRATION_RMS,3.182,mm/s,GOOD
2024-05-05 06:00:00,PUMP101.VIBRATION_RMS,2.948,mm/s,GOOD
2024-05-05 12:00:00,PUMP101.VIBRATION_RMS,2.14,mm/s,GOOD
2024-05-05 18:00:00,PUMP101.VIBRATION_RMS,1.749,mm/s,GOOD
2024-05-06 00:00:00,PUMP101.VIBRATION_RMS,1.018,mm/s,GOOD
2024-05-06 06:00:00,PUMP101.VIBRATION_RMS,2.228,mm/s,GOOD
2024-05-06 12:00:00,PUMP101.VIBRATION_RMS,3.71,mm/s,GOOD
2024-05-06 18:00:00,PUMP101.VIBRATION_RMS,2.717,mm/s,GOOD
2024-05-07 00:00:00,PUMP101.VIBRATION_RMS,2.22,mm/s,GOOD
2024-05-07 06:00:00,PUMP101.VIBRATION_RMS,2.733,mm/s,GOOD
2024-05-07 12:00:00,PUMP101.VIBRATION_RMS,1.72,mm/s,GOOD
2024-05-07 18:00:00,PUMP101.VIBRATION_RMS,2.351,mm/s,GOOD
2024-05-08 00:00:00,PUMP101.VIBRATION_RMS,2.55,mm/s,GOOD
2024-05-08 06:00:00,PUMP101.VIBRATION_RMS,2.457,mm/s,GOOD
2024-05-08 12:00:00,PUMP101.VIBRATION_RMS,2.895,mm/s,GOOD
2024-05-08 18:00:00,PUMP101.VIBRATION_RMS,2.672,mm/s,GOOD
2024-05-09 00:00:00,PUMP101.VIBRATION_RMS,2.834,mm/s,GOOD
2024-05-09 06:00:00,PUMP101.VIBRATION_RMS,2.156,mm/s,BAD
2024-05-09 12:00:00,PUMP101.VIBRATION_RMS,2.949,mm/s,GOOD
2024-05-09 18:00:00,PUMP101.VIBRATION_RMS,3.314,mm/s,GOOD
2024-05-10 00:00:00,PUMP101.VIBRATION_RMS,2.015,mm/s,GOOD
2024-05-10 06:00:00,PUMP101.VIBRATION_RMS,2.056,mm/s,GOOD
2024-05-10 12:00:00,PUMP101.VIBRATION_RMS,3.168,mm/s,GOOD
2024-05-10 18:00:00,PUMP101.VIBRATION_RMS,2.404,mm/s,GOOD
2024-05-11 00:00:00,PUMP101.VIBRATION_RMS,3.202,mm/s,GOOD
2024-05-11 06:00:00,PUMP101.VIBRATION_RMS,2.279,mm/s,GOOD
2024-05-11 12:00:00,PUMP101.VIBRATION_RMS,3.228,mm/s,GOOD
2024-05-11 18:00:00,PUMP101.VIBRATION_RMS,2.566,mm/s,BAD
2024-05-12 00:00:00,PUMP101.VIBRATION_RMS,2.629,mm/s,GOOD
2024-05-12 06:00:00,PUMP101.VIBRATION_RMS,3.282,mm/s,GOOD
2024-05-12 12:00:00,PUMP101.VIBRATION_RMS,2.319,mm/s,GOOD
2024-05-12 18:00:00,PUMP101.VIBRATION_RMS,2.029,mm/s,GOOD
2024-05-13 00:00:00,PUMP101.VIBRATION_RMS,2.276,mm/s,GOOD
2024-05-13 06:00:00,PUMP101.VIBRATION_RMS,2.726,mm/s,GOOD
2024-05-13 12:00:00,PUMP101.VIBRATION_RMS,1.717,mm/s,GOOD
2024-05-13 18:00:00,PUMP101.VIBRATION_RMS,2.819,mm/s,GOOD
2024-05-14 00:00:00,PUMP101.VIBRATION_RMS,2.231,mm/s,GOOD
2024-05-14 06:00:00,PUMP101.VIBRATION_RMS,3.074,mm/s,GOOD
2024-05-14 12:00:00,PUMP101.VIBRATION_RMS,1.303,mm/s,GOOD
2024-05-14 18:00:00,PUMP101.VIBRATION_RMS,2.107,mm/s,GOOD
2024-05-15 00:00:00,PUMP101.VIBRATION_RMS,1.657,mm/s,GOOD
2024-05-15 06:00:00,PUMP101.VIBRATION_RMS,2.087,mm/s,GOOD
2024-05-15 12:00:00,PUMP101.VIBRATION_RMS,2.624,mm/s,GOOD
2024-05-15 18:00:00,PUMP101.VIBRATION_RMS,2.41,mm/s,GOOD
2024-05-16 00:00:00,PUMP101.VIBRATION_RMS,2.373,mm/s,GOOD
2024-05-16 06:00:00,PUMP101.VIBRATION_RMS,2.42,mm/s,GOOD
2024-05-16 12:00:00,PUMP101.VIBRATION_RMS,2.602,mm/s,GOOD
2024-05-16 18:00:00,PUMP101.VIBRATION_RMS,1.996,mm/s,GOOD
2024-05-17 00:00:00,PUMP101.VIBRATION_RMS,2.853,mm/s,GOOD
2024-05-17 06:00:00,PUMP101.VIBRATION_RMS,2.831,mm/s,GOOD
2024-05-17 12:00:00,PUMP101.VIBRATION_RMS,2.693,mm/s,GOOD
2024-05-17 18:00:00,PUMP101.VIBRATION_RMS,2.778,mm/s,GOOD
2024-05-18 00:00:00,PUMP101.VIBRATION_RMS,2.648,mm/s,GOOD
2024-05-18 06:00:00,PUMP101.VIBRATION_RMS,3.518,mm/s,GOOD
2024-05-18 12:00:00,PUMP101.VIBRATION_RMS,2.456,mm/s,GOOD
2024-05-18 18:00:00,PUMP101.VIBRATION_RMS,2.346,mm/s,GOOD
2024-05-19 00:00:00,PUMP101.VIBRATION_RMS,2.123,mm/s,GOOD
2024-05-19 06:00:00,PUMP101.VIBRATION_RMS,1.984,mm/s,GOOD
2024-05-19 12:00:00,PUMP101.VIBRATION_RMS,1.878,mm/s,GOOD
2024-05-19 18:00:00,PUMP101.VIBRATION_RMS,2.056,mm/s,GOOD
2024-05-20 00:00:00,PUMP101.VIBRATION_RMS,2.465,mm/s,GOOD
2024-05-20 06:00:00,PUMP101.VIBRATION_RMS,2.667,mm/s,GOOD
2024-05-20 12:00:00,PUMP101.VIBRATION_RMS,2.526,mm/s,GOOD
2024-05-20 18:00:00,PUMP101.VIBRATION_RMS,2.117,mm/s,GOOD
2024-05-21 00:00:00,PUMP101.VIBRATION_RMS,2.95,mm/s,GOOD
2024-05-21 06:00:00,PUMP101.VIBRATION_RMS,2.87,mm/s,GOOD
2024-05-21 12:00:00,PUMP101.VIBRATION_RMS,2.42,mm/s,GOOD
2024-05-21 18:00:00,PUMP101.VIBRATION_RMS,2.174,mm/s,GOOD
2024-05-22 00:00:00,PUMP101.VIBRATION_RMS,2.774,mm/s,GOOD
2024-05-22 06:00:00,PUMP101.VIBRATION_RMS,2.594,mm/s,GOOD
2024-05-22 12:00:00,PUMP101.VIBRATION_RMS,1.776,mm/s,GOOD
2024-05-22 18:00:00,PUMP101.VIBRATION_RMS,2.466,mm/s,GOOD
2024-05-23 00:00:00,PUMP101.VIBRATION_RMS,2.631,mm/s,GOOD
2024-05-23 06:00:00,PUMP101.VIBRATION_RMS,2.05,mm/s,GOOD
2024-05-23 12:00:00,PUMP101.VIBRATION_RMS,2.595,mm/s,GOOD
2024-05-23 18:00:00,PUMP101.VIBRATION_RMS,1.773,mm/s,GOOD
2024-05-24 00:00:00,PUMP101.VIBRATION_RMS,3.168,mm/s,GOOD
2024-05-24 06:00:00,PUMP101.VIBRATION_RMS,3.124,mm/s,GOOD
2024-05-24 12:00:00,PUMP101.VIBRATION_RMS,2.374,mm/s,GOOD
2024-05-24 18:00:00,PUMP101.VIBRATION_RMS,2.682,mm/s,GOOD
2024-05-25 00:00:00,PUMP101.VIBRATION_RMS,1.295,mm/s,GOOD
2024-05-25 06:00:00,PUMP101.VIBRATION_RMS,1.922,mm/s,GOOD
2024-05-25 12:00:00,PUMP101.VIBRATION_RMS,2.353,mm/s,GOOD
2024-05-25 18:00:00,PUMP101.VIBRATION_RMS,1.964,mm/s,GOOD
2024-05-26 00:00:00,PUMP101.VIBRATION_RMS,2.857,mm/s,GOOD
2024-05-26 06:00:00,PUMP101.VIBRATION_RMS,3.499,mm/s,GOOD
2024-05-26 12:00:00,PUMP101.VIBRATION_RMS,1.912,mm/s,GOOD
2024-05-26 18:00:00,PUMP101.VIBRATION_RMS,2.081,mm/s,GOOD
2024-05-27 00:00:00,PUMP101.VIBRATION_RMS,2.618,mm/s,GOOD
2024-05-27 06:00:00,PUMP101.VIBRATION_RMS,3.306,mm/s,GOOD
2024-05-27 12:00:00,PUMP101.VIBRATION_RMS,1.889,mm/s,GOOD
2024-05-27 18:00:00,PUMP101.VIBRATION_RMS,2.625,mm/s,GOOD
2024-05-28 00:00:00,PUMP101.VIBRATION_RMS,3.411,mm/s,GOOD
2024-05-28 06:00:00,PUMP101.VIBRATION_RMS,1.674,mm/s,GOOD
2024-05-28 12:00:00,PUMP101.VIBRATION_RMS,1.859,mm/s,GOOD
2024-05-28 18:00:00,PUMP101.VIBRATION_RMS,2.288,mm/s,GOOD
2024-05-29 00:00:00,PUMP101.VIBRATION_RMS,2.24,mm/s,GOOD
2024-05-29 06:00:00,PUMP101.VIBRATION_RMS,2.906,mm/s,GOOD
2024-05-29 12:00:00,PUMP101.VIBRATION_RMS,2.621,mm/s,GOOD
2024-05-29 18:00:00,PUMP101.VIBRATION_RMS,1.613,mm/s,GOOD
2024-05-30 00:00:00,PUMP101.VIBRATION_RMS,2.758,mm/s,GOOD
2024-05-30 06:00:00,PUMP101.VIBRATION_RMS,2.211,mm/s,GOOD
2024-05-30 12:00:00,PUMP101.VIBRATION_RMS,3.137,mm/s,GOOD
2024-05-30 18:00:00,PUMP101.VIBRATION_RMS,2.186,mm/s,GOOD
2024-05-31 00:00:00,PUMP101.VIBRATION_RMS,2.182,mm/s,GOOD
2024-05-31 06:00:00,PUMP101.VIBRATION_RMS,2.771,mm/s,GOOD
2024-05-31 12:00:00,PUMP101.VIBRATION_RMS,2.881,mm/s,GOOD
2024-05-31 18:00:00,PUMP101.VIBRATION_RMS,2.724,mm/s,GOOD
2024-06-01 00:00:00,PUMP101.VIBRATION_RMS,1.657,mm/s,GOOD
2024-06-01 06:00:00,PUMP101.VIBRATION_RMS,2.769,mm/s,GOOD
2024-06-01 12:00:00,PUMP101.VIBRATION_RMS,1.983,mm/s,GOOD
2024-06-01 18:00:00,PUMP101.VIBRATION_RMS,2.618,mm/s,GOOD
2024-06-02 00:00:00,PUMP101.VIBRATION_RMS,1.788,mm/s,GOOD
2024-06-02 06:00:00,PUMP101.VIBRATION_RMS,2.723,mm/s,GOOD
2024-06-02 12:00:00,PUMP101.VIBRATION_RMS,2.097,mm/s,GOOD
2024-06-02 18:00:00,PUMP101.VIBRATION_RMS,1.859,mm/s,GOOD
2024-06-03 00:00:00,PUMP101.VIBRATION_RMS,2.857,mm/s,GOOD
2024-06-03 06:00:00,PUMP101.VIBRATION_RMS,2.621,mm/s,GOOD
2024-06-03 12:00:00,PUMP101.VIBRATION_RMS,2.193,mm/s,GOOD
2024-06-03 18:00:00,PUMP101.VIBRATION_RMS,3.226,mm/s,GOOD
2024-06-04 00:00:00,PUMP101.VIBRATION_RMS,2.28,mm/s,GOOD
2024-06-04 06:00:00,PUMP101.VIBRATION_RMS,2.516,mm/s,GOOD
2024-06-04 12:00:00,PUMP101.VIBRATION_RMS,2.634,mm/s,GOOD
2024-06-04 18:00:00,PUMP101.VIBRATION_RMS,2.19,mm/s,GOOD
2024-06-05 00:00:00,PUMP101.VIBRATION_RMS,2.736,mm/s,GOOD
2024-06-05 06:00:00,PUMP101.VIBRATION_RMS,2.233,mm/s,GOOD
2024-06-05 12:00:00,PUMP101.VIBRATION_RMS,2.294,mm/s,GOOD
2024-06-05 18:00:00,PUMP101.VIBRATION_RMS,3.181,mm/s,GOOD
2024-06-06 00:00:00,PUMP101.VIBRATION_RMS,1.98,mm/s,GOOD
2024-06-06 06:00:00,PUMP101.VIBRATION_RMS,1.294,mm/s,GOOD
2024-06-06 12:00:00,PUMP101.VIBRATION_RMS,3.305,mm/s,GOOD
2024-06-06 18:00:00,PUMP101.VIBRATION_RMS,3.775,mm/s,GOOD
2024-06-07 00:00:00,PUMP101.VIBRATION_RMS,2.297,mm/s,GOOD
2024-06-07 06:00:00,PUMP101.VIBRATION_RMS,1.532,mm/s,GOOD
2024-06-07 12:00:00,PUMP101.VIBRATION_RMS,2.345,mm/s,GOOD
2024-06-07 18:00:00,PUMP101.VIBRATION_RMS,2.357,mm/s,GOOD
2024-06-08 00:00:00,PUMP101.VIBRATION_RMS,2.405,mm/s,GOOD
2024-06-08 06:00:00,PUMP101.VIBRATION_RMS,1.943,mm/s,GOOD
2024-06-08 12:00:00,PUMP101.VIBRATION_RMS,2.79,mm/s,GOOD
2024-06-08 18:00:00,PUMP101.VIBRATION_RMS,2.762,mm/s,GOOD
2024-06-09 00:00:00,PUMP101.VIBRATION_RMS,1.753,mm/s,GOOD
2024-06-09 06:00:00,PUMP101.VIBRATION_RMS,2.85,mm/s,GOOD
2024-06-09 12:00:00,PUMP101.VIBRATION_RMS,3.526,mm/s,GOOD
2024-06-09 18:00:00,PUMP101.VIBRATION_RMS,2.586,mm/s,GOOD
2024-06-10 00:00:00,PUMP101.VIBRATION_RMS,2.331,mm/s,GOOD
2024-06-10 06:00:00,PUMP101.VIBRATION_RMS,2.429,mm/s,GOOD
2024-06-10 12:00:00,PUMP101.VIBRATION_RMS,2.808,mm/s,GOOD
2024-06-10 18:00:00,PUMP101.VIBRATION_RMS,1.635,mm/s,GOOD
2024-06-11 00:00:00,PUMP101.VIBRATION_RMS,2.582,mm/s,GOOD
2024-06-11 06:00:00,PUMP101.VIBRATION_RMS,2.305,mm/s,GOOD
2024-06-11 12:00:00,PUMP101.VIBRATION_RMS,3.424,mm/s,GOOD
2024-06-11 18:00:00,PUMP101.VIBRATION_RMS,2.413,mm/s,GOOD
2024-06-12 00:00:00,PUMP101.VIBRATION_RMS,3.334,mm/s,GOOD
2024-06-12 06:00:00,PUMP101.VIBRATION_RMS,1.948,mm/s,GOOD
2024-06-12 12:00:00,PUMP101.VIBRATION_RMS,2.794,mm/s,GOOD
2024-06-12 18:00:00,PUMP101.VIBRATION_RMS,2.66,mm/s,GOOD
2024-06-13 00:00:00,PUMP101.VIBRATION_RMS,2.065,mm/s,GOOD
2024-06-13 06:00:00,PUMP101.VIBRATION_RMS,2.589,mm/s,GOOD
2024-06-13 12:00:00,PUMP101.VIBRATION_RMS,3.106,mm/s,GOOD
2024-06-13 18:00:00,PUMP101.VIBRATION_RMS,2.338,mm/s,GOOD
2024-06-14 00:00:00,PUMP101.VIBRATION_RMS,1.654,mm/s,GOOD
2024-06-14 06:00:00,PUMP101.VIBRATION_RMS,2.491,mm/s,GOOD
2024-06-14 12:00:00,PUMP101.VIBRATION_RMS,2.049,mm/s,GOOD
2024-06-14 18:00:00,PUMP101.VIBRATION_RMS,2.329,mm/s,GOOD
2024-06-15 00:00:00,PUMP101.VIBRATION_RMS,2.459,mm/s,GOOD
2024-06-15 06:00:00,PUMP101.VIBRATION_RMS,1.647,mm/s,GOOD
2024-06-15 12:00:00,PUMP101.VIBRATION_RMS,1.692,mm/s,GOOD
2024-06-15 18:00:00,PUMP101.VIBRATION_RMS,2.741,mm/s,BAD
2024-06-16 00:00:00,PUMP101.VIBRATION_RMS,2.239,mm/s,GOOD
2024-06-16 06:00:00,PUMP101.VIBRATION_RMS,1.218,mm/s,GOOD
2024-06-16 12:00:00,PUMP101.VIBRATION_RMS,2.892,mm/s,GOOD
2024-06-16 18:00:00,PUMP101.VIBRATION_RMS,2.636,mm/s,GOOD
2024-06-17 00:00:00,PUMP101.VIBRATION_RMS,2.143,mm/s,BAD
2024-06-17 06:00:00,PUMP101.VIBRATION_RMS,1.842,mm/s,GOOD
2024-06-17 12:00:00,PUMP101.VIBRATION_RMS,2.918,mm/s,GOOD
2024-06-17 18:00:00,PUMP101.VIBRATION_RMS,2.675,mm/s,GOOD
2024-06-18 00:00:00,PUMP101.VIBRATION_RMS,3.691,mm/s,GOOD
2024-06-18 06:00:00,PUMP101.VIBRATION_RMS,2.71,mm/s,GOOD
2024-06-18 12:00:00,PUMP101.VIBRATION_RMS,2.694,mm/s,GOOD
2024-06-18 18:00:00,PUMP101.VIBRATION_RMS,2.417,mm/s,GOOD
2024-06-19 00:00:00,PUMP101.VIBRATION_RMS,2.908,mm/s,GOOD
2024-06-19 06:00:00,PUMP101.VIBRATION_RMS,2.813,mm/s,GOOD
2024-06-19 12:00:00,PUMP101.VIBRATION_RMS,3.126,mm/s,GOOD
2024-06-19 18:00:00,PUMP101.VIBRATION_RMS,2.239,mm/s,GOOD
2024-06-20 00:00:00,PUMP101.VIBRATION_RMS,2.282,mm/s,GOOD
2024-06-20 06:00:00,PUMP101.VIBRATION_RMS,2.26,mm/s,GOOD
2024-06-20 12:00:00,PUMP101.VIBRATION_RMS,2.895,mm/s,GOOD
2024-06-20 18:00:00,PUMP101.VIBRATION_RMS,3.249,mm/s,GOOD
2024-06-21 00:00:00,PUMP101.VIBRATION_RMS,2.271,mm/s,GOOD
2024-06-21 06:00:00,PUMP101.VIBRATION_RMS,2.288,mm/s,GOOD
2024-06-21 12:00:00,PUMP101.VIBRATION_RMS,2.657,mm/s,GOOD
2024-06-21 18:00:00,PUMP101.VIBRATION_RMS,2.377,mm/s,GOOD
2024-06-22 00:00:00,PUMP101.VIBRATION_RMS,2.976,mm/s,GOOD
2024-06-22 06:00:00,PUMP101.VIBRATION_RMS,1.374,mm/s,GOOD
2024-06-22 12:00:00,PUMP101.VIBRATION_RMS,2.087,mm/s,GOOD
2024-06-22 18:00:00,PUMP101.VIBRATION_RMS,2.109,mm/s,GOOD
2024-06-23 00:00:00,PUMP101.VIBRATION_RMS,1.34,mm/s,GOOD
2024-06-23 06:00:00,PUMP101.VIBRATION_RMS,2.018,mm/s,GOOD
2024-06-23 12:00:00,PUMP101.VIBRATION_RMS,2.042,mm/s,GOOD
2024-06-23 18:00:00,PUMP101.VIBRATION_RMS,2.399,mm/s,GOOD
2024-06-24 00:00:00,PUMP101.VIBRATION_RMS,3.056,mm/s,GOOD
2024-06-24 06:00:00,PUMP101.VIBRATION_RMS,2.377,mm/s,GOOD
2024-06-24 12:00:00,PUMP101.VIBRATION_RMS,1.985,mm/s,GOOD
2024-06-24 18:00:00,PUMP101.VIBRATION_RMS,2.472,mm/s,GOOD
2024-06-25 00:00:00,PUMP101.VIBRATION_RMS,3.025,mm/s,BAD
2024-06-25 06:00:00,PUMP101.VIBRATION_RMS,2.012,mm/s,GOOD
2024-06-25 12:00:00,PUMP101.VIBRATION_RMS,2.045,mm/s,GOOD
2024-06-25 18:00:00,PUMP101.VIBRATION_RMS,2.779,mm/s,GOOD
2024-06-26 00:00:00,PUMP101.VIBRATION_RMS,2.389,mm/s,GOOD
2024-06-26 06:00:00,PUMP101.VIBRATION_RMS,2.824,mm/s,GOOD
2024-06-26 12:00:00,PUMP101.VIBRATION_RMS,2.493,mm/s,GOOD
2024-06-26 18:00:00,PUMP101.VIBRATION_RMS,2.851,mm/s,GOOD
2024-06-27 00:00:00,PUMP101.VIBRATION_RMS,1.982,mm/s,GOOD
2024-06-27 06:00:00,PUMP101.VIBRATION_RMS,2.494,mm/s,GOOD
2024-06-27 12:00:00,PUMP101.VIBRATION_RMS,2.395,mm/s,GOOD
2024-06-27 18:00:00,PUMP101.VIBRATION_RMS,1.892,mm/s,GOOD
2024-06-28 00:00:00,PUMP101.VIBRATION_RMS,1.718,mm/s,GOOD
2024-06-28 06:00:00,PUMP101.VIBRATION_RMS,2.843,mm/s,GOOD
2024-06-28 12:00:00,PUMP101.VIBRATION_RMS,2.325,mm/s,BAD
2024-06-28 18:00:00,PUMP101.VIBRATION_RMS,1.989,mm/s,GOOD
2024-06-29 00:00:00,PUMP101.VIBRATION_RMS,2.452,mm/s,GOOD
2024-06-29 06:00:00,PUMP101.VIBRATION_RMS,3.064,mm/s,GOOD
2024-06-29 12:00:00,PUMP101.VIBRATION_RMS,1.36,mm/s,GOOD
2024-06-29 18:00:00,PUMP101.VIBRATION_RMS,1.752,mm/s,GOOD
2024-06-30 00:00:00,PUMP101.VIBRATION_RMS,2.039,mm/s,GOOD
2024-06-30 06:00:00,PUMP101.VIBRATION_RMS,3.231,mm/s,GOOD
2024-06-30 12:00:00,PUMP101.VIBRATION_RMS,2.641,mm/s,GOOD
2024-06-30 18:00:00,PUMP101.VIBRATION_RMS,2.884,mm/s,GOOD
2024-07-01 00:00:00,PUMP101.VIBRATION_RMS,1.93,mm/s,GOOD
2024-07-01 06:00:00,PUMP101.VIBRATION_RMS,1.94,mm/s,GOOD
2024-07-01 12:00:00,PUMP101.VIBRATION_RMS,2.724,mm/s,GOOD
2024-07-01 18:00:00,PUMP101.VIBRATION_RMS,2.529,mm/s,GOOD
2024-07-02 00:00:00,PUMP101.VIBRATION_RMS,2.774,mm/s,GOOD
2024-07-02 06:00:00,PUMP101.VIBRATION_RMS,2.406,mm/s,GOOD
2024-07-02 12:00:00,PUMP101.VIBRATION_RMS,2.639,mm/s,GOOD
2024-07-02 18:00:00,PUMP101.VIBRATION_RMS,2.579,mm/s,GOOD
2024-07-03 00:00:00,PUMP101.VIBRATION_RMS,2.889,mm/s,GOOD
2024-07-03 06:00:00,PUMP101.VIBRATION_RMS,2.904,mm/s,GOOD
2024-07-03 12:00:00,PUMP101.VIBRATION_RMS,1.69,mm/s,GOOD
2024-07-03 18:00:00,PUMP101.VIBRATION_RMS,1.376,mm/s,GOOD
2024-07-04 00:00:00,PUMP101.VIBRATION_RMS,3.001,mm/s,GOOD
2024-07-04 06:00:00,PUMP101.VIBRATION_RMS,3.094,mm/s,GOOD
2024-07-04 12:00:00,PUMP101.VIBRATION_RMS,1.99,mm/s,GOOD
2024-07-04 18:00:00,PUMP101.VIBRATION_RMS,1.57,mm/s,GOOD
2024-07-05 00:00:00,PUMP101.VIBRATION_RMS,2.55,mm/s,GOOD
2024-07-05 06:00:00,PUMP101.VIBRATION_RMS,2.965,mm/s,GOOD
2024-07-05 12:00:00,PUMP101.VIBRATION_RMS,3.399,mm/s,GOOD
2024-07-05 18:00:00,PUMP101.VIBRATION_RMS,2.758,mm/s,GOOD
2024-07-06 00:00:00,PUMP101.VIBRATION_RMS,2.314,mm/s,GOOD
2024-07-06 06:00:00,PUMP101.VIBRATION_RMS,2.053,mm/s,GOOD
2024-07-06 12:00:00,PUMP101.VIBRATION_RMS,2.506,mm/s,GOOD
2024-07-06 18:00:00,PUMP101.VIBRATION_RMS,2.35,mm/s,GOOD
2024-07-07 00:00:00,PUMP101.VIBRATION_RMS,1.992,mm/s,GOOD
2024-07-07 06:00:00,PUMP101.VIBRATION_RMS,3.524,mm/s,GOOD
2024-07-07 12:00:00,PUMP101.VIBRATION_RMS,3.393,mm/s,GOOD
2024-07-07 18:00:00,PUMP101.VIBRATION_RMS,3.068,mm/s,GOOD
2024-07-08 00:00:00,PUMP101.VIBRATION_RMS,2.04,mm/s,GOOD
2024-07-08 06:00:00,PUMP101.VIBRATION_RMS,2.928,mm/s,GOOD
2024-07-08 12:00:00,PUMP101.VIBRATION_RMS,2.82,mm/s,GOOD
2024-07-08 18:00:00,PUMP101.VIBRATION_RMS,2.721,mm/s,GOOD
2024-07-09 00:00:00,PUMP101.VIBRATION_RMS,3.125,mm/s,GOOD
2024-07-09 06:00:00,PUMP101.VIBRATION_RMS,2.818,mm/s,GOOD
2024-07-09 12:00:00,PUMP101.VIBRATION_RMS,2.87,mm/s,GOOD
2024-07-09 18:00:00,PUMP101.VIBRATION_RMS,2.818,mm/s,GOOD
2024-07-10 00:00:00,PUMP101.VIBRATION_RMS,2.67,mm/s,GOOD
2024-07-10 06:00:00,PUMP101.VIBRATION_RMS,1.608,mm/s,GOOD
2024-07-10 12:00:00,PUMP101.VIBRATION_RMS,2.542,mm/s,GOOD
2024-07-10 18:00:00,PUMP101.VIBRATION_RMS,2.222,mm/s,GOOD
2024-07-11 00:00:00,PUMP101.VIBRATION_RMS,1.86,mm/s,GOOD
2024-07-11 06:00:00,PUMP101.VIBRATION_RMS,3.341,mm/s,GOOD
2024-07-11 12:00:00,PUMP101.VIBRATION_RMS,3.364,mm/s,GOOD
2024-07-11 18:00:00,PUMP101.VIBRATION_RMS,3.18,mm/s,GOOD
2024-07-12 00:00:00,PUMP101.VIBRATION_RMS,2.628,mm/s,GOOD
2024-07-12 06:00:00,PUMP101.VIBRATION_RMS,3.175,mm/s,GOOD
2024-07-12 12:00:00,PUMP101.VIBRATION_RMS,2.506,mm/s,GOOD
2024-07-12 18:00:00,PUMP101.VIBRATION_RMS,2.601,mm/s,GOOD
2024-07-13 00:00:00,PUMP101.VIBRATION_RMS,1.953,mm/s,GOOD
2024-07-13 06:00:00,PUMP101.VIBRATION_RMS,2.698,mm/s,GOOD
2024-07-13 12:00:00,PUMP101.VIBRATION_RMS,2.53,mm/s,GOOD
2024-07-13 18:00:00,PUMP101.VIBRATION_RMS,1.849,mm/s,GOOD
2024-07-14 00:00:00,PUMP101.VIBRATION_RMS,2.474,mm/s,GOOD
2024-07-14 06:00:00,PUMP101.VIBRATION_RMS,2.46,mm/s,GOOD
2024-07-14 12:00:00,PUMP101.VIBRATION_RMS,3.399,mm/s,GOOD
2024-07-14 18:00:00,PUMP101.VIBRATION_RMS,2.947,mm/s,GOOD
2024-07-15 00:00:00,PUMP101.VIBRATION_RMS,2.506,mm/s,GOOD
2024-07-15 06:00:00,PUMP101.VIBRATION_RMS,2.624,mm/s,GOOD
2024-07-15 12:00:00,PUMP101.VIBRATION_RMS,2.522,mm/s,GOOD
2024-07-15 18:00:00,PUMP101.VIBRATION_RMS,2.399,mm/s,GOOD
2024-07-16 00:00:00,PUMP101.VIBRATION_RMS,1.959,mm/s,GOOD
2024-07-16 06:00:00,PUMP101.VIBRATION_RMS,2.424,mm/s,GOOD
2024-07-16 12:00:00,PUMP101.VIBRATION_RMS,2.127,mm/s,GOOD
2024-07-16 18:00:00,PUMP101.VIBRATION_RMS,1.875,mm/s,GOOD
2024-07-17 00:00:00,PUMP101.VIBRATION_RMS,2.756,mm/s,GOOD
2024-07-17 06:00:00,PUMP101.VIBRATION_RMS,2.696,mm/s,GOOD
2024-07-17 12:00:00,PUMP101.VIBRATION_RMS,1.607,mm/s,GOOD
2024-07-17 18:00:00,PUMP101.VIBRATION_RMS,2.439,mm/s,GOOD
2024-07-18 00:00:00,PUMP101.VIBRATION_RMS,2.998,mm/s,GOOD
2024-07-18 06:00:00,PUMP101.VIBRATION_RMS,3.03,mm/s,GOOD
2024-07-18 12:00:00,PUMP101.VIBRATION_RMS,3.013,mm/s,GOOD
2024-07-18 18:00:00,PUMP101.VIBRATION_RMS,2.519,mm/s,GOOD
2024-07-19 00:00:00,PUMP101.VIBRATION_RMS,2.077,mm/s,GOOD
2024-07-19 06:00:00,PUMP101.VIBRATION_RMS,1.958,mm/s,GOOD
2024-07-19 12:00:00,PUMP101.VIBRATION_RMS,2.672,mm/s,GOOD
2024-07-19 18:00:00,PUMP101.VIBRATION_RMS,2.69,mm/s,GOOD
2024-07-20 00:00:00,PUMP101.VIBRATION_RMS,3.144,mm/s,GOOD
2024-07-20 06:00:00,PUMP101.VIBRATION_RMS,3.05,mm/s,GOOD
2024-07-20 12:00:00,PUMP101.VIBRATION_RMS,2.434,mm/s,GOOD
2024-07-20 18:00:00,PUMP101.VIBRATION_RMS,1.878,mm/s,GOOD
2024-07-21 00:00:00,PUMP101.VIBRATION_RMS,2.34,mm/s,GOOD
2024-07-21 06:00:00,PUMP101.VIBRATION_RMS,2.609,mm/s,GOOD
2024-07-21 12:00:00,PUMP101.VIBRATION_RMS,2.399,mm/s,GOOD
2024-07-21 18:00:00,PUMP101.VIBRATION_RMS,2.211,mm/s,GOOD
2024-07-22 00:00:00,PUMP101.VIBRATION_RMS,2.626,mm/s,GOOD
2024-07-22 06:00:00,PUMP101.VIBRATION_RMS,2.248,mm/s,GOOD
2024-07-22 12:00:00,PUMP101.VIBRATION_RMS,2.186,mm/s,GOOD
2024-07-22 18:00:00,PUMP101.VIBRATION_RMS,2.656,mm/s,GOOD
2024-07-23 00:00:00,PUMP101.VIBRATION_RMS,2.299,mm/s,GOOD
2024-07-23 06:00:00,PUMP101.VIBRATION_RMS,2.622,mm/s,GOOD
2024-07-23 12:00:00,PUMP101.VIBRATION_RMS,2.637,mm/s,GOOD
2024-07-23 18:00:00,PUMP101.VIBRATION_RMS,1.93,mm/s,GOOD
2024-07-24 00:00:00,PUMP101.VIBRATION_RMS,2.259,mm/s,GOOD
2024-07-24 06:00:00,PUMP101.VIBRATION_RMS,3.219,mm/s,GOOD
2024-07-24 12:00:00,PUMP101.VIBRATION_RMS,1.919,mm/s,GOOD
2024-07-24 18:00:00,PUMP101.VIBRATION_RMS,1.442,mm/s,GOOD
2024-07-25 00:00:00,PUMP101.VIBRATION_RMS,1.569,mm/s,GOOD
2024-07-25 06:00:00,PUMP101.VIBRATION_RMS,2.515,mm/s,GOOD
2024-07-25 12:00:00,PUMP101.VIBRATION_RMS,2.515,mm/s,GOOD
2024-07-25 18:00:00,PUMP101.VIBRATION_RMS,2.441,mm/s,GOOD
2024-07-26 00:00:00,PUMP101.VIBRATION_RMS,3.107,mm/s,GOOD
2024-07-26 06:00:00,PUMP101.VIBRATION_RMS,1.164,mm/s,GOOD
2024-07-26 12:00:00,PUMP101.VIBRATION_RMS,2.698,mm/s,GOOD
2024-07-26 18:00:00,PUMP101.VIBRATION_RMS,3.281,mm/s,GOOD
2024-07-27 00:00:00,PUMP101.VIBRATION_RMS,1.936,mm/s,GOOD
2024-07-27 06:00:00,PUMP101.VIBRATION_RMS,2.31,mm/s,GOOD
2024-07-27 12:00:00,PUMP101.VIBRATION_RMS,2.124,mm/s,GOOD
2024-07-27 18:00:00,PUMP101.VIBRATION_RMS,2.053,mm/s,GOOD
2024-07-28 00:00:00,PUMP101.VIBRATION_RMS,2.337,mm/s,GOOD
2024-07-28 06:00:00,PUMP101.VIBRATION_RMS,3.214,mm/s,GOOD
2024-07-28 12:00:00,PUMP101.VIBRATION_RMS,3.419,mm/s,GOOD
2024-07-28 18:00:00,PUMP101.VIBRATION_RMS,2.332,mm/s,GOOD
2024-07-29 00:00:00,PUMP101.VIBRATION_RMS,3.453,mm/s,GOOD
2024-07-29 06:00:00,PUMP101.VIBRATION_RMS,2.518,mm/s,GOOD
2024-07-29 12:00:00,PUMP101.VIBRATION_RMS,3.377,mm/s,GOOD
2024-07-29 18:00:00,PUMP101.VIBRATION_RMS,2.453,mm/s,GOOD
2024-07-30 00:00:00,PUMP101.VIBRATION_RMS,2.566,mm/s,GOOD
2024-07-30 06:00:00,PUMP101.VIBRATION_RMS,2.683,mm/s,GOOD
2024-07-30 12:00:00,PUMP101.VIBRATION_RMS,4.089,mm/s,GOOD
2024-07-30 18:00:00,PUMP101.VIBRATION_RMS,2.926,mm/s,GOOD
2024-07-31 00:00:00,PUMP101.VIBRATION_RMS,2.146,mm/s,GOOD
2024-07-31 06:00:00,PUMP101.VIBRATION_RMS,2.984,mm/s,GOOD
2024-07-31 12:00:00,PUMP101.VIBRATION_RMS,2.319,mm/s,GOOD
2024-07-31 18:00:00,PUMP101.VIBRATION_RMS,2.255,mm/s,GOOD
2024-08-01 00:00:00,PUMP101.VIBRATION_RMS,2.954,mm/s,BAD
2024-08-01 06:00:00,PUMP101.VIBRATION_RMS,2.516,mm/s,GOOD
2024-08-01 12:00:00,PUMP101.VIBRATION_RMS,2.639,mm/s,GOOD
2024-08-01 18:00:00,PUMP101.VIBRATION_RMS,2.507,mm/s,GOOD
2024-08-02 00:00:00,PUMP101.VIBRATION_RMS,2.668,mm/s,GOOD
2024-08-02 06:00:00,PUMP101.VIBRATION_RMS,2.712,mm/s,GOOD
2024-08-02 12:00:00,PUMP101.VIBRATION_RMS,1.532,mm/s,GOOD
2024-08-02 18:00:00,PUMP101.VIBRATION_RMS,2.833,mm/s,GOOD
2024-08-03 00:00:00,PUMP101.VIBRATION_RMS,2.009,mm/s,GOOD
2024-08-03 06:00:00,PUMP101.VIBRATION_RMS,1.779,mm/s,GOOD
2024-08-03 12:00:00,PUMP101.VIBRATION_RMS,2.471,mm/s,GOOD
2024-08-03 18:00:00,PUMP101.VIBRATION_RMS,2.542,mm/s,GOOD
2024-08-04 00:00:00,PUMP101.VIBRATION_RMS,2.153,mm/s,BAD
2024-08-04 06:00:00,PUMP101.VIBRATION_RMS,2.916,mm/s,GOOD
2024-08-04 12:00:00,PUMP101.VIBRATION_RMS,1.829,mm/s,GOOD
2024-08-04 18:00:00,PUMP101.VIBRATION_RMS,2.297,mm/s,GOOD
2024-08-05 00:00:00,PUMP101.VIBRATION_RMS,2.208,mm/s,GOOD
2024-08-05 06:00:00,PUMP101.VIBRATION_RMS,2.477,mm/s,GOOD
2024-08-05 12:00:00,PUMP101.VIBRATION_RMS,2.639,mm/s,GOOD
2024-08-05 18:00:00,PUMP101.VIBRATION_RMS,1.996,mm/s,GOOD
2024-08-06 00:00:00,PUMP101.VIBRATION_RMS,2.862,mm/s,GOOD
2024-08-06 06:00:00,PUMP101.VIBRATION_RMS,2.532,mm/s,GOOD
2024-08-06 12:00:00,PUMP101.VIBRATION_RMS,1.554,mm/s,GOOD
2024-08-06 18:00:00,PUMP101.VIBRATION_RMS,1.521,mm/s,GOOD
2024-08-07 00:00:00,PUMP101.VIBRATION_RMS,2.494,mm/s,GOOD
2024-08-07 06:00:00,PUMP101.VIBRATION_RMS,2.39,mm/s,GOOD
2024-08-07 12:00:00,PUMP101.VIBRATION_RMS,2.448,mm/s,GOOD
2024-08-07 18:00:00,PUMP101.VIBRATION_RMS,2.486,mm/s,GOOD
2024-08-08 00:00:00,PUMP101.VIBRATION_RMS,2.613,mm/s,GOOD
2024-08-08 06:00:00,PUMP101.VIBRATION_RMS,2.974,mm/s,GOOD
2024-08-08 12:00:00,PUMP101.VIBRATION_RMS,1.944,mm/s,GOOD
2024-08-08 18:00:00,PUMP101.VIBRATION_RMS,1.914,mm/s,GOOD
2024-08-09 00:00:00,PUMP101.VIBRATION_RMS,1.953,mm/s,GOOD
2024-08-09 06:00:00,PUMP101.VIBRATION_RMS,2.644,mm/s,GOOD
2024-08-09 12:00:00,PUMP101.VIBRATION_RMS,3.122,mm/s,GOOD
2024-08-09 18:00:00,PUMP101.VIBRATION_RMS,2.284,mm/s,GOOD
2024-08-10 00:00:00,PUMP101.VIBRATION_RMS,1.249,mm/s,GOOD
2024-08-10 06:00:00,PUMP101.VIBRATION_RMS,1.648,mm/s,GOOD
2024-08-10 12:00:00,PUMP101.VIBRATION_RMS,2.083,mm/s,GOOD
2024-08-10 18:00:00,PUMP101.VIBRATION_RMS,2.221,mm/s,GOOD
2024-08-11 00:00:00,PUMP101.VIBRATION_RMS,2.296,mm/s,GOOD
2024-08-11 06:00:00,PUMP101.VIBRATION_RMS,2.519,mm/s,GOOD
2024-08-11 12:00:00,PUMP101.VIBRATION_RMS,2.344,mm/s,GOOD
2024-08-11 18:00:00,PUMP101.VIBRATION_RMS,3.025,mm/s,GOOD
2024-08-12 00:00:00,PUMP101.VIBRATION_RMS,2.162,mm/s,GOOD
2024-08-12 06:00:00,PUMP101.VIBRATION_RMS,2.069,mm/s,GOOD
2024-08-12 12:00:00,PUMP101.VIBRATION_RMS,2.739,mm/s,GOOD
2024-08-12 18:00:00,PUMP101.VIBRATION_RMS,1.732,mm/s,GOOD
2024-08-13 00:00:00,PUMP101.VIBRATION_RMS,2.695,mm/s,GOOD
2024-08-13 06:00:00,PUMP101.VIBRATION_RMS,2.551,mm/s,GOOD
2024-08-13 12:00:00,PUMP101.VIBRATION_RMS,2.426,mm/s,GOOD
2024-08-13 18:00:00,PUMP101.VIBRATION_RMS,3.294,mm/s,GOOD
2024-08-14 00:00:00,PUMP101.VIBRATION_RMS,2.189,mm/s,GOOD
2024-08-14 06:00:00,PUMP101.VIBRATION_RMS,3.53,mm/s,GOOD
2024-08-14 12:00:00,PUMP101.VIBRATION_RMS,2.387,mm/s,GOOD
2024-08-14 18:00:00,PUMP101.VIBRATION_RMS,1.861,mm/s,GOOD
2024-08-15 00:00:00,PUMP101.VIBRATION_RMS,2.535,mm/s,GOOD
2024-08-15 06:00:00,PUMP101.VIBRATION_RMS,1.962,mm/s,GOOD
2024-08-15 12:00:00,PUMP101.VIBRATION_RMS,2.124,mm/s,GOOD
2024-08-15 18:00:00,PUMP101.VIBRATION_RMS,2.699,mm/s,GOOD
2024-08-16 00:00:00,PUMP101.VIBRATION_RMS,2.778,mm/s,GOOD
2024-08-16 06:00:00,PUMP101.VIBRATION_RMS,2.189,mm/s,GOOD
2024-08-16 12:00:00,PUMP101.VIBRATION_RMS,2.994,mm/s,GOOD
2024-08-16 18:00:00,PUMP101.VIBRATION_RMS,3.079,mm/s,GOOD
2024-08-17 00:00:00,PUMP101.VIBRATION_RMS,3.218,mm/s,GOOD
2024-08-17 06:00:00,PUMP101.VIBRATION_RMS,2.765,mm/s,GOOD
2024-08-17 12:00:00,PUMP101.VIBRATION_RMS,3.182,mm/s,GOOD
2024-08-17 18:00:00,PUMP101.VIBRATION_RMS,1.56,mm/s,GOOD
2024-08-18 00:00:00,PUMP101.VIBRATION_RMS,2.341,mm/s,GOOD
2024-08-18 06:00:00,PUMP101.VIBRATION_RMS,2.066,mm/s,GOOD
2024-08-18 12:00:00,PUMP101.VIBRATION_RMS,2.56,mm/s,GOOD
2024-08-18 18:00:00,PUMP101.VIBRATION_RMS,2.214,mm/s,GOOD
2024-08-19 00:00:00,PUMP101.VIBRATION_RMS,2.417,mm/s,GOOD
2024-08-19 06:00:00,PUMP101.VIBRATION_RMS,3.441,mm/s,GOOD
2024-08-19 12:00:00,PUMP101.VIBRATION_RMS,2.415,mm/s,GOOD
2024-08-19 18:00:00,PUMP101.VIBRATION_RMS,2.707,mm/s,GOOD
2024-08-20 00:00:00,PUMP101.VIBRATION_RMS,2.384,mm/s,GOOD
2024-08-20 06:00:00,PUMP101.VIBRATION_RMS,2.538,mm/s,GOOD
2024-08-20 12:00:00,PUMP101.VIBRATION_RMS,2.503,mm/s,GOOD
2024-08-20 18:00:00,PUMP101.VIBRATION_RMS,2.724,mm/s,GOOD
2024-08-21 00:00:00,PUMP101.VIBRATION_RMS,3.083,mm/s,GOOD
2024-08-21 06:00:00,PUMP101.VIBRATION_RMS,3.324,mm/s,GOOD
2024-08-21 12:00:00,PUMP101.VIBRATION_RMS,2.655,mm/s,GOOD
2024-08-21 18:00:00,PUMP101.VIBRATION_RMS,2.795,mm/s,GOOD
2024-08-22 00:00:00,PUMP101.VIBRATION_RMS,1.925,mm/s,GOOD
2024-08-22 06:00:00,PUMP101.VIBRATION_RMS,2.456,mm/s,GOOD
2024-08-22 12:00:00,PUMP101.VIBRATION_RMS,2.97,mm/s,GOOD
2024-08-22 18:00:00,PUMP101.VIBRATION_RMS,2.933,mm/s,GOOD
2024-08-23 00:00:00,PUMP101.VIBRATION_RMS,2.606,mm/s,GOOD
2024-08-23 06:00:00,PUMP101.VIBRATION_RMS,2.943,mm/s,GOOD
2024-08-23 12:00:00,PUMP101.VIBRATION_RMS,2.745,mm/s,GOOD
2024-08-23 18:00:00,PUMP101.VIBRATION_RMS,3.1,mm/s,GOOD
2024-08-24 00:00:00,PUMP101.VIBRATION_RMS,2.645,mm/s,GOOD
2024-08-24 06:00:00,PUMP101.VIBRATION_RMS,2.322,mm/s,GOOD
2024-08-24 12:00:00,PUMP101.VIBRATION_RMS,2.668,mm/s,GOOD
2024-08-24 18:00:00,PUMP101.VIBRATION_RMS,1.035,mm/s,GOOD
2024-08-25 00:00:00,PUMP101.VIBRATION_RMS,2.691,mm/s,GOOD
2024-08-25 06:00:00,PUMP101.VIBRATION_RMS,0.676,mm/s,GOOD
2024-08-25 12:00:00,PUMP101.VIBRATION_RMS,1.638,mm/s,GOOD
2024-08-25 18:00:00,PUMP101.VIBRATION_RMS,2.726,mm/s,GOOD
2024-08-26 00:00:00,PUMP101.VIBRATION_RMS,2.739,mm/s,GOOD
2024-08-26 06:00:00,PUMP101.VIBRATION_RMS,1.919,mm/s,GOOD
2024-08-26 12:00:00,PUMP101.VIBRATION_RMS,2.144,mm/s,GOOD
2024-08-26 18:00:00,PUMP101.VIBRATION_RMS,3.185,mm/s,GOOD
2024-08-27 00:00:00,PUMP101.VIBRATION_RMS,2.258,mm/s,GOOD
2024-08-27 06:00:00,PUMP101.VIBRATION_RMS,3.621,mm/s,GOOD
2024-08-27 12:00:00,PUMP101.VIBRATION_RMS,2.499,mm/s,GOOD
2024-08-27 18:00:00,PUMP101.VIBRATION_RMS,2.704,mm/s,GOOD
2024-08-28 00:00:00,PUMP101.VIBRATION_RMS,3.308,mm/s,GOOD
2024-08-28 06:00:00,PUMP101.VIBRATION_RMS,2.566,mm/s,GOOD
2024-08-28 12:00:00,PUMP101.VIBRATION_RMS,1.999,mm/s,GOOD
2024-08-28 18:00:00,PUMP101.VIBRATION_RMS,2.445,mm/s,GOOD
2024-08-29 00:00:00,PUMP101.VIBRATION_RMS,2.482,mm/s,GOOD
2024-08-29 06:00:00,PUMP101.VIBRATION_RMS,1.818,mm/s,GOOD
2024-08-29 12:00:00,PUMP101.VIBRATION_RMS,2.372,mm/s,GOOD
2024-08-29 18:00:00,PUMP101.VIBRATION_RMS,2.129,mm/s,GOOD
2024-08-30 00:00:00,PUMP101.VIBRATION_RMS,2.962,mm/s,GOOD
2024-08-30 06:00:00,PUMP101.VIBRATION_RMS,2.517,mm/s,GOOD
2024-08-30 12:00:00,PUMP101.VIBRATION_RMS,2.359,mm/s,GOOD
2024-08-30 18:00:00,PUMP101.VIBRATION_RMS,2.447,mm/s,GOOD
2024-08-31 00:00:00,PUMP101.VIBRATION_RMS,2.612,mm/s,GOOD
2024-08-31 06:00:00,PUMP101.VIBRATION_RMS,2.808,mm/s,GOOD
2024-08-31 12:00:00,PUMP101.VIBRATION_RMS,2.0,mm/s,GOOD
2024-08-31 18:00:00,PUMP101.VIBRATION_RMS,1.979,mm/s,GOOD
2024-09-01 00:00:00,PUMP101.VIBRATION_RMS,3.052,mm/s,GOOD
2024-09-01 06:00:00,PUMP101.VIBRATION_RMS,2.294,mm/s,GOOD
2024-09-01 12:00:00,PUMP101.VIBRATION_RMS,1.792,mm/s,GOOD
2024-09-01 18:00:00,PUMP101.VIBRATION_RMS,2.722,mm/s,GOOD
2024-09-02 00:00:00,PUMP101.VIBRATION_RMS,2.732,mm/s,GOOD
2024-09-02 06:00:00,PUMP101.VIBRATION_RMS,1.735,mm/s,GOOD
2024-09-02 12:00:00,PUMP101.VIBRATION_RMS,2.615,mm/s,GOOD
2024-09-02 18:00:00,PUMP101.VIBRATION_RMS,2.868,mm/s,GOOD
2024-09-03 00:00:00,PUMP101.VIBRATION_RMS,2.687,mm/s,GOOD
2024-09-03 06:00:00,PUMP101.VIBRATION_RMS,2.816,mm/s,GOOD
2024-09-03 12:00:00,PUMP101.VIBRATION_RMS,1.798,mm/s,GOOD
2024-09-03 18:00:00,PUMP101.VIBRATION_RMS,2.666,mm/s,GOOD
2024-09-04 00:00:00,PUMP101.VIBRATION_RMS,2.349,mm/s,GOOD
2024-09-04 06:00:00,PUMP101.VIBRATION_RMS,2.259,mm/s,GOOD
2024-09-04 12:00:00,PUMP101.VIBRATION_RMS,2.935,mm/s,GOOD
2024-09-04 18:00:00,PUMP101.VIBRATION_RMS,3.24,mm/s,GOOD
2024-09-05 00:00:00,PUMP101.VIBRATION_RMS,3.397,mm/s,GOOD
2024-09-05 06:00:00,PUMP101.VIBRATION_RMS,3.157,mm/s,GOOD
2024-09-05 12:00:00,PUMP101.VIBRATION_RMS,2.445,mm/s,GOOD
2024-09-05 18:00:00,PUMP101.VIBRATION_RMS,2.676,mm/s,GOOD
2024-09-06 00:00:00,PUMP101.VIBRATION_RMS,2.883,mm/s,GOOD
2024-09-06 06:00:00,PUMP101.VIBRATION_RMS,2.561,mm/s,GOOD
2024-09-06 12:00:00,PUMP101.VIBRATION_RMS,2.565,mm/s,GOOD
2024-09-06 18:00:00,PUMP101.VIBRATION_RMS,2.912,mm/s,GOOD
2024-09-07 00:00:00,PUMP101.VIBRATION_RMS,2.47,mm/s,GOOD
2024-09-07 06:00:00,PUMP101.VIBRATION_RMS,2.135,mm/s,GOOD
2024-09-07 12:00:00,PUMP101.VIBRATION_RMS,2.293,mm/s,GOOD
2024-09-07 18:00:00,PUMP101.VIBRATION_RMS,2.817,mm/s,GOOD
2024-09-08 00:00:00,PUMP101.VIBRATION_RMS,2.501,mm/s,GOOD
2024-09-08 06:00:00,PUMP101.VIBRATION_RMS,2.67,mm/s,GOOD
2024-09-08 12:00:00,PUMP101.VIBRATION_RMS,2.835,mm/s,GOOD
2024-09-08 18:00:00,PUMP101.VIBRATION_RMS,2.313,mm/s,GOOD
2024-09-09 00:00:00,PUMP101.VIBRATION_RMS,2.878,mm/s,GOOD
2024-09-09 06:00:00,PUMP101.VIBRATION_RMS,2.689,mm/s,GOOD
2024-09-09 12:00:00,PUMP101.VIBRATION_RMS,1.883,mm/s,GOOD
2024-09-09 18:00:00,PUMP101.VIBRATION_RMS,3.221,mm/s,GOOD
2024-09-10 00:00:00,PUMP101.VIBRATION_RMS,2.25,mm/s,GOOD
2024-09-10 06:00:00,PUMP101.VIBRATION_RMS,1.672,mm/s,BAD
2024-09-10 12:00:00,PUMP101.VIBRATION_RMS,1.977,mm/s,GOOD
2024-09-10 18:00:00,PUMP101.VIBRATION_RMS,1.989,mm/s,GOOD
2024-09-11 00:00:00,PUMP101.VIBRATION_RMS,2.526,mm/s,GOOD
2024-09-11 06:00:00,PUMP101.VIBRATION_RMS,2.363,mm/s,GOOD
2024-09-11 12:00:00,PUMP101.VIBRATION_RMS,2.332,mm/s,GOOD
2024-09-11 18:00:00,PUMP101.VIBRATION_RMS,2.81,mm/s,GOOD
2024-09-12 00:00:00,PUMP101.VIBRATION_RMS,2.67,mm/s,GOOD
2024-09-12 06:00:00,PUMP101.VIBRATION_RMS,2.658,mm/s,GOOD
2024-09-12 12:00:00,PUMP101.VIBRATION_RMS,2.705,mm/s,GOOD
2024-09-12 18:00:00,PUMP101.VIBRATION_RMS,2.808,mm/s,GOOD
2024-09-13 00:00:00,PUMP101.VIBRATION_RMS,1.446,mm/s,GOOD
2024-09-13 06:00:00,PUMP101.VIBRATION_RMS,2.318,mm/s,GOOD
2024-09-13 12:00:00,PUMP101.VIBRATION_RMS,1.41,mm/s,GOOD
2024-09-13 18:00:00,PUMP101.VIBRATION_RMS,2.518,mm/s,GOOD
2024-09-14 00:00:00,PUMP101.VIBRATION_RMS,2.498,mm/s,GOOD
2024-09-14 06:00:00,PUMP101.VIBRATION_RMS,3.023,mm/s,GOOD
2024-09-14 12:00:00,PUMP101.VIBRATION_RMS,3.094,mm/s,GOOD
2024-09-14 18:00:00,PUMP101.VIBRATION_RMS,2.601,mm/s,GOOD
2024-09-15 00:00:00,PUMP101.VIBRATION_RMS,2.25,mm/s,GOOD
2024-09-15 06:00:00,PUMP101.VIBRATION_RMS,2.743,mm/s,GOOD
2024-09-15 12:00:00,PUMP101.VIBRATION_RMS,2.236,mm/s,GOOD
2024-09-15 18:00:00,PUMP101.VIBRATION_RMS,2.499,mm/s,GOOD
2024-09-16 00:00:00,PUMP101.VIBRATION_RMS,2.993,mm/s,GOOD
2024-09-16 06:00:00,PUMP101.VIBRATION_RMS,2.221,mm/s,GOOD
2024-09-16 12:00:00,PUMP101.VIBRATION_RMS,2.903,mm/s,GOOD
2024-09-16 18:00:00,PUMP101.VIBRATION_RMS,2.839,mm/s,GOOD
2024-09-17 00:00:00,PUMP101.VIBRATION_RMS,2.023,mm/s,GOOD
2024-09-17 06:00:00,PUMP101.VIBRATION_RMS,2.987,mm/s,GOOD
2024-09-17 12:00:00,PUMP101.VIBRATION_RMS,2.849,mm/s,GOOD
2024-09-17 18:00:00,PUMP101.VIBRATION_RMS,2.551,mm/s,GOOD
2024-09-18 00:00:00,PUMP101.VIBRATION_RMS,2.119,mm/s,GOOD
2024-09-18 06:00:00,PUMP101.VIBRATION_RMS,2.07,mm/s,GOOD
2024-09-18 12:00:00,PUMP101.VIBRATION_RMS,2.231,mm/s,GOOD
2024-09-18 18:00:00,PUMP101.VIBRATION_RMS,2.771,mm/s,GOOD
2024-09-19 00:00:00,PUMP101.VIBRATION_RMS,2.022,mm/s,GOOD
2024-09-19 06:00:00,PUMP101.VIBRATION_RMS,2.719,mm/s,GOOD
2024-09-19 12:00:00,PUMP101.VIBRATION_RMS,1.879,mm/s,GOOD
2024-09-19 18:00:00,PUMP101.VIBRATION_RMS,2.398,mm/s,GOOD
2024-09-20 00:00:00,PUMP101.VIBRATION_RMS,2.555,mm/s,GOOD
2024-09-20 06:00:00,PUMP101.VIBRATION_RMS,3.723,mm/s,GOOD
2024-09-20 12:00:00,PUMP101.VIBRATION_RMS,1.811,mm/s,GOOD
2024-09-20 18:00:00,PUMP101.VIBRATION_RMS,3.236,mm/s,BAD
2024-09-21 00:00:00,PUMP101.VIBRATION_RMS,2.575,mm/s,GOOD
2024-09-21 06:00:00,PUMP101.VIBRATION_RMS,2.706,mm/s,GOOD
2024-09-21 12:00:00,PUMP101.VIBRATION_RMS,2.559,mm/s,GOOD
2024-09-21 18:00:00,PUMP101.VIBRATION_RMS,2.722,mm/s,GOOD
2024-09-22 00:00:00,PUMP101.VIBRATION_RMS,2.423,mm/s,GOOD
2024-09-22 06:00:00,PUMP101.VIBRATION_RMS,3.227,mm/s,GOOD
2024-09-22 12:00:00,PUMP101.VIBRATION_RMS,2.272,mm/s,GOOD
2024-09-22 18:00:00,PUMP101.VIBRATION_RMS,3.066,mm/s,GOOD
2024-09-23 00:00:00,PUMP101.VIBRATION_RMS,2.178,mm/s,GOOD
2024-09-23 06:00:00,PUMP101.VIBRATION_RMS,2.47,mm/s,GOOD
2024-09-23 12:00:00,PUMP101.VIBRATION_RMS,1.964,mm/s,GOOD
2024-09-23 18:00:00,PUMP101.VIBRATION_RMS,2.728,mm/s,GOOD
2024-09-24 00:00:00,PUMP101.VIBRATION_RMS,3.223,mm/s,GOOD
2024-09-24 06:00:00,PUMP101.VIBRATION_RMS,2.461,mm/s,GOOD
2024-09-24 12:00:00,PUMP101.VIBRATION_RMS,2.402,mm/s,GOOD
2024-09-24 18:00:00,PUMP101.VIBRATION_RMS,1.943,mm/s,GOOD
2024-09-25 00:00:00,PUMP101.VIBRATION_RMS,2.385,mm/s,GOOD
2024-09-25 06:00:00,PUMP101.VIBRATION_RMS,1.704,mm/s,BAD
2024-09-25 12:00:00,PUMP101.VIBRATION_RMS,2.044,mm/s,GOOD
2024-09-25 18:00:00,PUMP101.VIBRATION_RMS,2.613,mm/s,GOOD
2024-09-26 00:00:00,PUMP101.VIBRATION_RMS,3.16,mm/s,GOOD
2024-09-26 06:00:00,PUMP101.VIBRATION_RMS,3.905,mm/s,GOOD
2024-09-26 12:00:00,PUMP101.VIBRATION_RMS,2.207,mm/s,GOOD
2024-09-26 18:00:00,PUMP101.VIBRATION_RMS,3.218,mm/s,GOOD
2024-09-27 00:00:00,PUMP101.VIBRATION_RMS,2.622,mm/s,GOOD
2024-09-27 06:00:00,PUMP101.VIBRATION_RMS,2.424,mm/s,GOOD
2024-09-27 12:00:00,PUMP101.VIBRATION_RMS,2.716,mm/s,GOOD
2024-09-27 18:00:00,PUMP101.VIBRATION_RMS,2.531,mm/s,GOOD
2024-09-28 00:00:00,PUMP101.VIBRATION_RMS,2.555,mm/s,GOOD
2024-09-28 06:00:00,PUMP101.VIBRATION_RMS,2.296,mm/s,GOOD
2024-09-28 12:00:00,PUMP101.VIBRATION_RMS,1.801,mm/s,GOOD
2024-09-28 18:00:00,PUMP101.VIBRATION_RMS,1.728,mm/s,GOOD
2024-09-29 00:00:00,PUMP101.VIBRATION_RMS,2.827,mm/s,GOOD
2024-09-29 06:00:00,PUMP101.VIBRATION_RMS,2.362,mm/s,GOOD
2024-09-29 12:00:00,PUMP101.VIBRATION_RMS,2.202,mm/s,GOOD
2024-09-29 18:00:00,PUMP101.VIBRATION_RMS,2.504,mm/s,BAD
2024-09-30 00:00:00,PUMP101.VIBRATION_RMS,2.897,mm/s,GOOD
2024-09-30 06:00:00,PUMP101.VIBRATION_RMS,2.59,mm/s,GOOD
2024-09-30 12:00:00,PUMP101.VIBRATION_RMS,2.172,mm/s,GOOD
2024-09-30 18:00:00,PUMP101.VIBRATION_RMS,3.113,mm/s,GOOD
2024-10-01 00:00:00,PUMP101.VIBRATION_RMS,3.29,mm/s,GOOD
2024-10-01 06:00:00,PUMP101.VIBRATION_RMS,2.747,mm/s,GOOD
2024-10-01 12:00:00,PUMP101.VIBRATION_RMS,2.987,mm/s,GOOD
2024-10-01 18:00:00,PUMP101.VIBRATION_RMS,3.121,mm/s,GOOD
2024-10-02 00:00:00,PUMP101.VIBRATION_RMS,3.065,mm/s,GOOD
2024-10-02 06:00:00,PUMP101.VIBRATION_RMS,2.807,mm/s,GOOD
2024-10-02 12:00:00,PUMP101.VIBRATION_RMS,2.799,mm/s,GOOD
2024-10-02 18:00:00,PUMP101.VIBRATION_RMS,2.76,mm/s,GOOD
2024-10-03 00:00:00,PUMP101.VIBRATION_RMS,1.951,mm/s,GOOD
2024-10-03 06:00:00,PUMP101.VIBRATION_RMS,2.85,mm/s,GOOD
2024-10-03 12:00:00,PUMP101.VIBRATION_RMS,1.822,mm/s,GOOD
2024-10-03 18:00:00,PUMP101.VIBRATION_RMS,2.103,mm/s,GOOD
2024-10-04 00:00:00,PUMP101.VIBRATION_RMS,3.152,mm/s,GOOD
2024-10-04 06:00:00,PUMP101.VIBRATION_RMS,2.92,mm/s,GOOD
2024-10-04 12:00:00,PUMP101.VIBRATION_RMS,3.244,mm/s,GOOD
2024-10-04 18:00:00,PUMP101.VIBRATION_RMS,2.364,mm/s,GOOD
2024-10-05 00:00:00,PUMP101.VIBRATION_RMS,1.924,mm/s,GOOD
2024-10-05 06:00:00,PUMP101.VIBRATION_RMS,2.38,mm/s,GOOD
2024-10-05 12:00:00,PUMP101.VIBRATION_RMS,2.551,mm/s,GOOD
2024-10-05 18:00:00,PUMP101.VIBRATION_RMS,2.539,mm/s,GOOD
2024-10-06 00:00:00,PUMP101.VIBRATION_RMS,3.067,mm/s,GOOD
2024-10-06 06:00:00,PUMP101.VIBRATION_RMS,2.319,mm/s,GOOD
2024-10-06 12:00:00,PUMP101.VIBRATION_RMS,2.676,mm/s,GOOD
2024-10-06 18:00:00,PUMP101.VIBRATION_RMS,2.006,mm/s,GOOD
2024-10-07 00:00:00,PUMP101.VIBRATION_RMS,2.725,mm/s,GOOD
2024-10-07 06:00:00,PUMP101.VIBRATION_RMS,2.502,mm/s,GOOD
2024-10-07 12:00:00,PUMP101.VIBRATION_RMS,2.125,mm/s,GOOD
2024-10-07 18:00:00,PUMP101.VIBRATION_RMS,2.382,mm/s,GOOD
2024-10-08 00:00:00,PUMP101.VIBRATION_RMS,2.408,mm/s,GOOD
2024-10-08 06:00:00,PUMP101.VIBRATION_RMS,2.365,mm/s,GOOD
2024-10-08 12:00:00,PUMP101.VIBRATION_RMS,3.386,mm/s,GOOD
2024-10-08 18:00:00,PUMP101.VIBRATION_RMS,2.451,mm/s,GOOD
2024-10-09 00:00:00,PUMP101.VIBRATION_RMS,2.378,mm/s,GOOD
2024-10-09 06:00:00,PUMP101.VIBRATION_RMS,1.451,mm/s,GOOD
2024-10-09 12:00:00,PUMP101.VIBRATION_RMS,2.053,mm/s,GOOD
2024-10-09 18:00:00,PUMP101.VIBRATION_RMS,2.368,mm/s,GOOD
2024-10-10 00:00:00,PUMP101.VIBRATION_RMS,2.157,mm/s,GOOD
2024-10-10 06:00:00,PUMP101.VIBRATION_RMS,3.191,mm/s,GOOD
2024-10-10 12:00:00,PUMP101.VIBRATION_RMS,2.418,mm/s,GOOD
2024-10-10 18:00:00,PUMP101.VIBRATION_RMS,3.144,mm/s,GOOD
2024-10-11 00:00:00,PUMP101.VIBRATION_RMS,2.531,mm/s,GOOD
2024-10-11 06:00:00,PUMP101.VIBRATION_RMS,2.519,mm/s,GOOD
2024-10-11 12:00:00,PUMP101.VIBRATION_RMS,2.456,mm/s,GOOD
2024-10-11 18:00:00,PUMP101.VIBRATION_RMS,2.502,mm/s,GOOD
2024-10-12 00:00:00,PUMP101.VIBRATION_RMS,3.359,mm/s,GOOD
2024-10-12 06:00:00,PUMP101.VIBRATION_RMS,1.34,mm/s,GOOD
2024-10-12 12:00:00,PUMP101.VIBRATION_RMS,1.499,mm/s,GOOD
2024-10-12 18:00:00,PUMP101.VIBRATION_RMS,2.228,mm/s,GOOD
2024-10-13 00:00:00,PUMP101.VIBRATION_RMS,2.507,mm/s,GOOD
2024-10-13 06:00:00,PUMP101.VIBRATION_RMS,2.845,mm/s,GOOD
2024-10-13 12:00:00,PUMP101.VIBRATION_RMS,2.737,mm/s,GOOD
2024-10-13 18:00:00,PUMP101.VIBRATION_RMS,2.308,mm/s,GOOD
2024-10-14 00:00:00,PUMP101.VIBRATION_RMS,3.01,mm/s,GOOD
2024-10-14 06:00:00,PUMP101.VIBRATION_RMS,3.015,mm/s,GOOD
2024-10-14 12:00:00,PUMP101.VIBRATION_RMS,2.592,mm/s,GOOD
2024-10-14 18:00:00,PUMP101.VIBRATION_RMS,2.981,mm/s,GOOD
2024-10-15 00:00:00,PUMP101.VIBRATION_RMS,2.636,mm/s,GOOD
2024-10-15 06:00:00,PUMP101.VIBRATION_RMS,2.219,mm/s,GOOD
2024-10-15 12:00:00,PUMP101.VIBRATION_RMS,2.849,mm/s,GOOD
2024-10-15 18:00:00,PUMP101.VIBRATION_RMS,2.555,mm/s,GOOD
2024-10-16 00:00:00,PUMP101.VIBRATION_RMS,2.501,mm/s,GOOD
2024-10-16 06:00:00,PUMP101.VIBRATION_RMS,3.236,mm/s,GOOD
2024-10-16 12:00:00,PUMP101.VIBRATION_RMS,1.275,mm/s,GOOD
2024-10-16 18:00:00,PUMP101.VIBRATION_RMS,1.791,mm/s,GOOD
2024-10-17 00:00:00,PUMP101.VIBRATION_RMS,1.906,mm/s,GOOD
2024-10-17 06:00:00,PUMP101.VIBRATION_RMS,2.318,mm/s,GOOD
2024-10-17 12:00:00,PUMP101.VIBRATION_RMS,2.373,mm/s,GOOD
2024-10-17 18:00:00,PUMP101.VIBRATION_RMS,1.746,mm/s,GOOD
2024-10-18 00:00:00,PUMP101.VIBRATION_RMS,2.007,mm/s,GOOD
2024-10-18 06:00:00,PUMP101.VIBRATION_RMS,2.07,mm/s,GOOD
2024-10-18 12:00:00,PUMP101.VIBRATION_RMS,3.729,mm/s,GOOD
2024-10-18 18:00:00,PUMP101.VIBRATION_RMS,3.401,mm/s,GOOD
2024-10-19 00:00:00,PUMP101.VIBRATION_RMS,2.294,mm/s,GOOD
2024-10-19 06:00:00,PUMP101.VIBRATION_RMS,2.318,mm/s,GOOD
2024-10-19 12:00:00,PUMP101.VIBRATION_RMS,1.925,mm/s,GOOD
2024-10-19 18:00:00,PUMP101.VIBRATION_RMS,1.546,mm/s,BAD
2024-10-20 00:00:00,PUMP101.VIBRATION_RMS,2.442,mm/s,GOOD
2024-10-20 06:00:00,PUMP101.VIBRATION_RMS,2.001,mm/s,GOOD
2024-10-20 12:00:00,PUMP101.VIBRATION_RMS,2.458,mm/s,GOOD
2024-10-20 18:00:00,PUMP101.VIBRATION_RMS,1.7,mm/s,GOOD
2024-10-21 00:00:00,PUMP101.VIBRATION_RMS,2.119,mm/s,GOOD
2024-10-21 06:00:00,PUMP101.VIBRATION_RMS,2.574,mm/s,GOOD
2024-10-21 12:00:00,PUMP101.VIBRATION_RMS,2.683,mm/s,GOOD
2024-10-21 18:00:00,PUMP101.VIBRATION_RMS,2.709,mm/s,GOOD
2024-10-22 00:00:00,PUMP101.VIBRATION_RMS,1.84,mm/s,GOOD
2024-10-22 06:00:00,PUMP101.VIBRATION_RMS,2.927,mm/s,GOOD
2024-10-22 12:00:00,PUMP101.VIBRATION_RMS,2.1,mm/s,GOOD
2024-10-22 18:00:00,PUMP101.VIBRATION_RMS,2.816,mm/s,GOOD
2024-10-23 00:00:00,PUMP101.VIBRATION_RMS,2.495,mm/s,GOOD
2024-10-23 06:00:00,PUMP101.VIBRATION_RMS,1.812,mm/s,GOOD
2024-10-23 12:00:00,PUMP101.VIBRATION_RMS,2.342,mm/s,GOOD
2024-10-23 18:00:00,PUMP101.VIBRATION_RMS,2.683,mm/s,GOOD
2024-10-24 00:00:00,PUMP101.VIBRATION_RMS,2.806,mm/s,GOOD
2024-10-24 06:00:00,PUMP101.VIBRATION_RMS,2.43,mm/s,GOOD
2024-10-24 12:00:00,PUMP101.VIBRATION_RMS,3.266,mm/s,GOOD
2024-10-24 18:00:00,PUMP101.VIBRATION_RMS,3.004,mm/s,GOOD
2024-10-25 00:00:00,PUMP101.VIBRATION_RMS,2.372,mm/s,GOOD
2024-10-25 06:00:00,PUMP101.VIBRATION_RMS,2.875,mm/s,GOOD
2024-10-25 12:00:00,PUMP101.VIBRATION_RMS,3.467,mm/s,GOOD
2024-10-25 18:00:00,PUMP101.VIBRATION_RMS,3.48,mm/s,GOOD
2024-10-26 00:00:00,PUMP101.VIBRATION_RMS,1.886,mm/s,GOOD
2024-10-26 06:00:00,PUMP101.VIBRATION_RMS,2.037,mm/s,GOOD
2024-10-26 12:00:00,PUMP101.VIBRATION_RMS,3.242,mm/s,GOOD
2024-10-26 18:00:00,PUMP101.VIBRATION_RMS,1.971,mm/s,GOOD
2024-10-27 00:00:00,PUMP101.VIBRATION_RMS,1.839,mm/s,GOOD
2024-10-27 06:00:00,PUMP101.VIBRATION_RMS,2.257,mm/s,GOOD
2024-10-27 12:00:00,PUMP101.VIBRATION_RMS,2.71,mm/s,GOOD
2024-10-27 18:00:00,PUMP101.VIBRATION_RMS,2.449,mm/s,GOOD
2024-10-28 00:00:00,PUMP101.VIBRATION_RMS,2.175,mm/s,BAD
2024-10-28 06:00:00,PUMP101.VIBRATION_RMS,2.163,mm/s,GOOD
2024-10-28 12:00:00,PUMP101.VIBRATION_RMS,2.144,mm/s,GOOD
2024-10-28 18:00:00,PUMP101.VIBRATION_RMS,2.06,mm/s,GOOD
2024-10-29 00:00:00,PUMP101.VIBRATION_RMS,3.641,mm/s,GOOD
2024-10-29 06:00:00,PUMP101.VIBRATION_RMS,2.649,mm/s,GOOD
2024-10-29 12:00:00,PUMP101.VIBRATION_RMS,2.943,mm/s,GOOD
2024-10-29 18:00:00,PUMP101.VIBRATION_RMS,2.255,mm/s,GOOD
2024-10-30 00:00:00,PUMP101.VIBRATION_RMS,2.407,mm/s,GOOD
2024-10-30 06:00:00,PUMP101.VIBRATION_RMS,2.143,mm/s,GOOD
2024-10-30 12:00:00,PUMP101.VIBRATION_RMS,1.174,mm/s,GOOD
2024-10-30 18:00:00,PUMP101.VIBRATION_RMS,1.811,mm/s,GOOD
2024-10-31 00:00:00,PUMP101.VIBRATION_RMS,1.595,mm/s,GOOD
2024-10-31 06:00:00,PUMP101.VIBRATION_RMS,1.375,mm/s,GOOD
2024-10-31 12:00:00,PUMP101.VIBRATION_RMS,1.902,mm/s,GOOD
2024-10-31 18:00:00,PUMP101.VIBRATION_RMS,3.162,mm/s,GOOD
2024-11-01 00:00:00,PUMP101.VIBRATION_RMS,2.478,mm/s,GOOD
2024-11-01 06:00:00,PUMP101.VIBRATION_RMS,3.145,mm/s,GOOD
2024-11-01 12:00:00,PUMP101.VIBRATION_RMS,2.705,mm/s,GOOD
2024-11-01 18:00:00,PUMP101.VIBRATION_RMS,2.891,mm/s,GOOD
2024-11-02 00:00:00,PUMP101.VIBRATION_RMS,2.05,mm/s,GOOD
2024-11-02 06:00:00,PUMP101.VIBRATION_RMS,2.762,mm/s,GOOD
2024-11-02 12:00:00,PUMP101.VIBRATION_RMS,2.864,mm/s,GOOD
2024-11-02 18:00:00,PUMP101.VIBRATION_RMS,2.212,mm/s,GOOD
2024-11-03 00:00:00,PUMP101.VIBRATION_RMS,2.78,mm/s,GOOD
2024-11-03 06:00:00,PUMP101.VIBRATION_RMS,2.783,mm/s,GOOD
2024-11-03 12:00:00,PUMP101.VIBRATION_RMS,2.225,mm/s,GOOD
2024-11-03 18:00:00,PUMP101.VIBRATION_RMS,1.939,mm/s,GOOD
2024-11-04 00:00:00,PUMP101.VIBRATION_RMS,1.908,mm/s,GOOD
2024-11-04 06:00:00,PUMP101.VIBRATION_RMS,2.543,mm/s,GOOD
2024-11-04 12:00:00,PUMP101.VIBRATION_RMS,2.664,mm/s,GOOD
2024-11-04 18:00:00,PUMP101.VIBRATION_RMS,2.104,mm/s,GOOD
2024-11-05 00:00:00,PUMP101.VIBRATION_RMS,2.513,mm/s,GOOD
2024-11-05 06:00:00,PUMP101.VIBRATION_RMS,2.785,mm/s,GOOD
2024-11-05 12:00:00,PUMP101.VIBRATION_RMS,2.809,mm/s,GOOD
2024-11-05 18:00:00,PUMP101.VIBRATION_RMS,3.276,mm/s,GOOD
2024-11-06 00:00:00,PUMP101.VIBRATION_RMS,3.138,mm/s,GOOD
2024-11-06 06:00:00,PUMP101.VIBRATION_RMS,1.999,mm/s,GOOD
2024-11-06 12:00:00,PUMP101.VIBRATION_RMS,3.342,mm/s,GOOD
2024-11-06 18:00:00,PUMP101.VIBRATION_RMS,2.235,mm/s,GOOD
2024-11-07 00:00:00,PUMP101.VIBRATION_RMS,3.022,mm/s,GOOD
2024-11-07 06:00:00,PUMP101.VIBRATION_RMS,2.534,mm/s,GOOD
2024-11-07 12:00:00,PUMP101.VIBRATION_RMS,2.294,mm/s,GOOD
2024-11-07 18:00:00,PUMP101.VIBRATION_RMS,1.596,mm/s,GOOD
2024-11-08 00:00:00,PUMP101.VIBRATION_RMS,2.414,mm/s,GOOD
2024-11-08 06:00:00,PUMP101.VIBRATION_RMS,1.72,mm/s,GOOD
2024-11-08 12:00:00,PUMP101.VIBRATION_RMS,2.984,mm/s,GOOD
2024-11-08 18:00:00,PUMP101.VIBRATION_RMS,3.258,mm/s,GOOD
2024-11-09 00:00:00,PUMP101.VIBRATION_RMS,2.102,mm/s,GOOD
2024-11-09 06:00:00,PUMP101.VIBRATION_RMS,2.651,mm/s,GOOD
2024-11-09 12:00:00,PUMP101.VIBRATION_RMS,2.137,mm/s,GOOD
2024-11-09 18:00:00,PUMP101.VIBRATION_RMS,2.186,mm/s,GOOD
2024-11-10 00:00:00,PUMP101.VIBRATION_RMS,2.887,mm/s,GOOD
2024-11-10 06:00:00,PUMP101.VIBRATION_RMS,2.481,mm/s,GOOD
2024-11-10 12:00:00,PUMP101.VIBRATION_RMS,3.37,mm/s,GOOD
2024-11-10 18:00:00,PUMP101.VIBRATION_RMS,2.259,mm/s,GOOD
2024-11-11 00:00:00,PUMP101.VIBRATION_RMS,3.0,mm/s,GOOD
2024-11-11 06:00:00,PUMP101.VIBRATION_RMS,2.549,mm/s,GOOD
2024-11-11 12:00:00,PUMP101.VIBRATION_RMS,2.898,mm/s,GOOD
2024-11-11 18:00:00,PUMP101.VIBRATION_RMS,2.276,mm/s,GOOD
2024-11-12 00:00:00,PUMP101.VIBRATION_RMS,2.475,mm/s,GOOD
2024-11-12 06:00:00,PUMP101.VIBRATION_RMS,2.442,mm/s,GOOD
2024-11-12 12:00:00,PUMP101.VIBRATION_RMS,2.082,mm/s,GOOD
2024-11-12 18:00:00,PUMP101.VIBRATION_RMS,2.831,mm/s,GOOD
2024-11-13 00:00:00,PUMP101.VIBRATION_RMS,2.825,mm/s,GOOD
2024-11-13 06:00:00,PUMP101.VIBRATION_RMS,2.797,mm/s,GOOD
2024-11-13 12:00:00,PUMP101.VIBRATION_RMS,3.268,mm/s,GOOD
2024-11-13 18:00:00,PUMP101.VIBRATION_RMS,3.225,mm/s,GOOD
2024-11-14 00:00:00,PUMP101.VIBRATION_RMS,2.313,mm/s,GOOD
2024-11-14 06:00:00,PUMP101.VIBRATION_RMS,2.687,mm/s,GOOD
2024-11-14 12:00:00,PUMP101.VIBRATION_RMS,2.188,mm/s,GOOD
2024-11-14 18:00:00,PUMP101.VIBRATION_RMS,2.512,mm/s,GOOD
2024-11-15 00:00:00,PUMP101.VIBRATION_RMS,2.2,mm/s,GOOD
2024-11-15 06:00:00,PUMP101.VIBRATION_RMS,3.31,mm/s,GOOD
2024-11-15 12:00:00,PUMP101.VIBRATION_RMS,2.682,mm/s,GOOD
2024-11-15 18:00:00,PUMP101.VIBRATION_RMS,2.391,mm/s,GOOD
2024-11-16 00:00:00,PUMP101.VIBRATION_RMS,3.097,mm/s,GOOD
2024-11-16 06:00:00,PUMP101.VIBRATION_RMS,1.415,mm/s,GOOD
2024-11-16 12:00:00,PUMP101.VIBRATION_RMS,1.493,mm/s,GOOD
2024-11-16 18:00:00,PUMP101.VIBRATION_RMS,2.898,mm/s,GOOD
2024-11-17 00:00:00,PUMP101.VIBRATION_RMS,2.53,mm/s,BAD
2024-11-17 06:00:00,PUMP101.VIBRATION_RMS,2.625,mm/s,GOOD
2024-11-17 12:00:00,PUMP101.VIBRATION_RMS,1.837,mm/s,GOOD
2024-11-17 18:00:00,PUMP101.VIBRATION_RMS,2.488,mm/s,GOOD
2024-11-18 00:00:00,PUMP101.VIBRATION_RMS,3.502,mm/s,GOOD
2024-11-18 06:00:00,PUMP101.VIBRATION_RMS,2.912,mm/s,GOOD
2024-11-18 12:00:00,PUMP101.VIBRATION_RMS,2.585,mm/s,GOOD
2024-11-18 18:00:00,PUMP101.VIBRATION_RMS,2.28,mm/s,GOOD
2024-11-19 00:00:00,PUMP101.VIBRATION_RMS,2.303,mm/s,GOOD
2024-11-19 06:00:00,PUMP101.VIBRATION_RMS,1.435,mm/s,GOOD
2024-11-19 12:00:00,PUMP101.VIBRATION_RMS,2.629,mm/s,GOOD
2024-11-19 18:00:00,PUMP101.VIBRATION_RMS,2.923,mm/s,GOOD
2024-11-20 00:00:00,PUMP101.VIBRATION_RMS,1.712,mm/s,GOOD
2024-11-20 06:00:00,PUMP101.VIBRATION_RMS,2.169,mm/s,GOOD
2024-11-20 12:00:00,PUMP101.VIBRATION_RMS,1.921,mm/s,GOOD
2024-11-20 18:00:00,PUMP101.VIBRATION_RMS,2.017,mm/s,GOOD
2024-11-21 00:00:00,PUMP101.VIBRATION_RMS,2.527,mm/s,GOOD
2024-11-21 06:00:00,PUMP101.VIBRATION_RMS,1.458,mm/s,GOOD
2024-11-21 12:00:00,PUMP101.VIBRATION_RMS,2.807,mm/s,GOOD
2024-11-21 18:00:00,PUMP101.VIBRATION_RMS,2.877,mm/s,GOOD
2024-11-22 00:00:00,PUMP101.VIBRATION_RMS,2.374,mm/s,GOOD
2024-11-22 06:00:00,PUMP101.VIBRATION_RMS,1.26,mm/s,GOOD
2024-11-22 12:00:00,PUMP101.VIBRATION_RMS,2.002,mm/s,GOOD
2024-11-22 18:00:00,PUMP101.VIBRATION_RMS,3.116,mm/s,GOOD
2024-11-23 00:00:00,PUMP101.VIBRATION_RMS,1.111,mm/s,GOOD
2024-11-23 06:00:00,PUMP101.VIBRATION_RMS,2.326,mm/s,GOOD
2024-11-23 12:00:00,PUMP101.VIBRATION_RMS,1.91,mm/s,GOOD
2024-11-23 18:00:00,PUMP101.VIBRATION_RMS,2.902,mm/s,GOOD
2024-11-24 00:00:00,PUMP101.VIBRATION_RMS,2.162,mm/s,BAD
2024-11-24 06:00:00,PUMP101.VIBRATION_RMS,2.702,mm/s,GOOD
2024-11-24 12:00:00,PUMP101.VIBRATION_RMS,2.783,mm/s,GOOD
2024-11-24 18:00:00,PUMP101.VIBRATION_RMS,3.418,mm/s,GOOD
2024-11-25 00:00:00,PUMP101.VIBRATION_RMS,2.399,mm/s,GOOD
2024-11-25 06:00:00,PUMP101.VIBRATION_RMS,2.688,mm/s,GOOD
2024-11-25 12:00:00,PUMP101.VIBRATION_RMS,1.757,mm/s,GOOD
2024-11-25 18:00:00,PUMP101.VIBRATION_RMS,3.095,mm/s,GOOD
2024-11-26 00:00:00,PUMP101.VIBRATION_RMS,2.12,mm/s,GOOD
2024-11-26 06:00:00,PUMP101.VIBRATION_RMS,2.22,mm/s,GOOD
2024-11-26 12:00:00,PUMP101.VIBRATION_RMS,2.489,mm/s,GOOD
2024-11-26 18:00:00,PUMP101.VIBRATION_RMS,1.719,mm/s,GOOD
2024-11-27 00:00:00,PUMP101.VIBRATION_RMS,2.614,mm/s,GOOD
2024-11-27 06:00:00,PUMP101.VIBRATION_RMS,2.984,mm/s,GOOD
2024-11-27 12:00:00,PUMP101.VIBRATION_RMS,2.646,mm/s,GOOD
2024-11-27 18:00:00,PUMP101.VIBRATION_RMS,1.706,mm/s,GOOD
2024-11-28 00:00:00,PUMP101.VIBRATION_RMS,2.438,mm/s,GOOD
2024-11-28 06:00:00,PUMP101.VIBRATION_RMS,2.871,mm/s,GOOD
2024-11-28 12:00:00,PUMP101.VIBRATION_RMS,1.561,mm/s,GOOD
2024-11-28 18:00:00,PUMP101.VIBRATION_RMS,1.963,mm/s,GOOD
2024-11-29 00:00:00,PUMP101.VIBRATION_RMS,2.938,mm/s,GOOD
2024-11-29 06:00:00,PUMP101.VIBRATION_RMS,2.635,mm/s,GOOD
2024-11-29 12:00:00,PUMP101.VIBRATION_RMS,2.706,mm/s,GOOD
2024-11-29 18:00:00,PUMP101.VIBRATION_RMS,3.43,mm/s,GOOD
2024-11-30 00:00:00,PUMP101.VIBRATION_RMS,2.734,mm/s,GOOD
2024-11-30 06:00:00,PUMP101.VIBRATION_RMS,2.829,mm/s,GOOD
2024-11-30 12:00:00,PUMP101.VIBRATION_RMS,3.855,mm/s,GOOD
2024-11-30 18:00:00,PUMP101.VIBRATION_RMS,2.393,mm/s,GOOD
2024-12-01 00:00:00,PUMP101.VIBRATION_RMS,2.101,mm/s,BAD
2024-12-01 06:00:00,PUMP101.VIBRATION_RMS,2.714,mm/s,GOOD
2024-12-01 12:00:00,PUMP101.VIBRATION_RMS,2.719,mm/s,GOOD
2024-12-01 18:00:00,PUMP101.VIBRATION_RMS,2.237,mm/s,GOOD
2024-12-02 00:00:00,PUMP101.VIBRATION_RMS,1.984,mm/s,GOOD
2024-12-02 06:00:00,PUMP101.VIBRATION_RMS,3.655,mm/s,GOOD
2024-12-02 12:00:00,PUMP101.VIBRATION_RMS,2.663,mm/s,GOOD
2024-12-02 18:00:00,PUMP101.VIBRATION_RMS,2.134,mm/s,GOOD
2024-12-03 00:00:00,PUMP101.VIBRATION_RMS,2.958,mm/s,GOOD
2024-12-03 06:00:00,PUMP101.VIBRATION_RMS,2.445,mm/s,GOOD
2024-12-03 12:00:00,PUMP101.VIBRATION_RMS,2.374,mm/s,GOOD
2024-12-03 18:00:00,PUMP101.VIBRATION_RMS,2.781,mm/s,BAD
2024-12-04 00:00:00,PUMP101.VIBRATION_RMS,1.854,mm/s,GOOD
2024-12-04 06:00:00,PUMP101.VIBRATION_RMS,2.676,mm/s,GOOD
2024-12-04 12:00:00,PUMP101.VIBRATION_RMS,3.456,mm/s,GOOD
2024-12-04 18:00:00,PUMP101.VIBRATION_RMS,2.733,mm/s,GOOD
2024-12-05 00:00:00,PUMP101.VIBRATION_RMS,2.312,mm/s,GOOD
2024-12-05 06:00:00,PUMP101.VIBRATION_RMS,2.246,mm/s,GOOD
2024-12-05 12:00:00,PUMP101.VIBRATION_RMS,2.295,mm/s,GOOD
2024-12-05 18:00:00,PUMP101.VIBRATION_RMS,2.373,mm/s,GOOD
2024-12-06 00:00:00,PUMP101.VIBRATION_RMS,2.311,mm/s,GOOD
2024-12-06 06:00:00,PUMP101.VIBRATION_RMS,2.958,mm/s,GOOD
2024-12-06 12:00:00,PUMP101.VIBRATION_RMS,1.633,mm/s,GOOD
2024-12-06 18:00:00,PUMP101.VIBRATION_RMS,2.931,mm/s,GOOD
2024-12-07 00:00:00,PUMP101.VIBRATION_RMS,2.31,mm/s,GOOD
2024-12-07 06:00:00,PUMP101.VIBRATION_RMS,2.688,mm/s,GOOD
2024-12-07 12:00:00,PUMP101.VIBRATION_RMS,1.937,mm/s,GOOD
2024-12-07 18:00:00,PUMP101.VIBRATION_RMS,3.164,mm/s,GOOD
2024-12-08 00:00:00,PUMP101.VIBRATION_RMS,3.123,mm/s,GOOD
2024-12-08 06:00:00,PUMP101.VIBRATION_RMS,2.98,mm/s,GOOD
2024-12-08 12:00:00,PUMP101.VIBRATION_RMS,1.743,mm/s,GOOD
2024-12-08 18:00:00,PUMP101.VIBRATION_RMS,2.915,mm/s,GOOD
2024-12-09 00:00:00,PUMP101.VIBRATION_RMS,2.702,mm/s,GOOD
2024-12-09 06:00:00,PUMP101.VIBRATION_RMS,1.697,mm/s,GOOD
2024-12-09 12:00:00,PUMP101.VIBRATION_RMS,2.488,mm/s,GOOD
2024-12-09 18:00:00,PUMP101.VIBRATION_RMS,2.682,mm/s,GOOD
2024-12-10 00:00:00,PUMP101.VIBRATION_RMS,2.778,mm/s,GOOD
2024-12-10 06:00:00,PUMP101.VIBRATION_RMS,2.589,mm/s,GOOD
2024-12-10 12:00:00,PUMP101.VIBRATION_RMS,2.646,mm/s,GOOD
2024-12-10 18:00:00,PUMP101.VIBRATION_RMS,3.237,mm/s,GOOD
2024-12-11 00:00:00,PUMP101.VIBRATION_RMS,3.113,mm/s,GOOD
2024-12-11 06:00:00,PUMP101.VIBRATION_RMS,1.066,mm/s,GOOD
2024-12-11 12:00:00,PUMP101.VIBRATION_RMS,2.341,mm/s,GOOD
2024-12-11 18:00:00,PUMP101.VIBRATION_RMS,2.418,mm/s,GOOD
2024-12-12 00:00:00,PUMP101.VIBRATION_RMS,1.624,mm/s,GOOD
2024-12-12 06:00:00,PUMP101.VIBRATION_RMS,2.547,mm/s,GOOD
2024-12-12 12:00:00,PUMP101.VIBRATION_RMS,3.124,mm/s,GOOD
2024-12-12 18:00:00,PUMP101.VIBRATION_RMS,1.957,mm/s,GOOD
2024-12-13 00:00:00,PUMP101.VIBRATION_RMS,2.668,mm/s,GOOD
2024-12-13 06:00:00,PUMP101.VIBRATION_RMS,2.042,mm/s,GOOD
2024-12-13 12:00:00,PUMP101.VIBRATION_RMS,2.164,mm/s,GOOD
2024-12-13 18:00:00,PUMP101.VIBRATION_RMS,3.239,mm/s,GOOD
2024-12-14 00:00:00,PUMP101.VIBRATION_RMS,2.229,mm/s,GOOD
2024-12-14 06:00:00,PUMP101.VIBRATION_RMS,2.731,mm/s,GOOD
2024-12-14 12:00:00,PUMP101.VIBRATION_RMS,1.564,mm/s,GOOD
2024-12-14 18:00:00,PUMP101.VIBRATION_RMS,3.431,mm/s,GOOD
2024-12-15 00:00:00,PUMP101.VIBRATION_RMS,2.801,mm/s,GOOD
2024-12-15 06:00:00,PUMP101.VIBRATION_RMS,2.409,mm/s,GOOD
2024-12-15 12:00:00,PUMP101.VIBRATION_RMS,2.788,mm/s,GOOD
2024-12-15 18:00:00,PUMP101.VIBRATION_RMS,1.795,mm/s,GOOD
2024-12-16 00:00:00,PUMP101.VIBRATION_RMS,3.091,mm/s,GOOD
2024-12-16 06:00:00,PUMP101.VIBRATION_RMS,2.338,mm/s,GOOD
2024-12-16 12:00:00,PUMP101.VIBRATION_RMS,2.398,mm/s,GOOD
2024-12-16 18:00:00,PUMP101.VIBRATION_RMS,2.254,mm/s,GOOD
2024-12-17 00:00:00,PUMP101.VIBRATION_RMS,2.21,mm/s,GOOD
2024-12-17 06:00:00,PUMP101.VIBRATION_RMS,2.847,mm/s,GOOD
2024-12-17 12:00:00,PUMP101.VIBRATION_RMS,2.628,mm/s,GOOD
2024-12-17 18:00:00,PUMP101.VIBRATION_RMS,2.826,mm/s,GOOD
2024-12-18 00:00:00,PUMP101.VIBRATION_RMS,2.496,mm/s,GOOD
2024-12-18 06:00:00,PUMP101.VIBRATION_RMS,2.757,mm/s,GOOD
2024-12-18 12:00:00,PUMP101.VIBRATION_RMS,2.291,mm/s,GOOD
2024-12-18 18:00:00,PUMP101.VIBRATION_RMS,3.615,mm/s,GOOD
2024-12-19 00:00:00,PUMP101.VIBRATION_RMS,1.716,mm/s,GOOD
2024-12-19 06:00:00,PUMP101.VIBRATION_RMS,3.13,mm/s,GOOD
2024-12-19 12:00:00,PUMP101.VIBRATION_RMS,3.184,mm/s,GOOD
2024-12-19 18:00:00,PUMP101.VIBRATION_RMS,2.074,mm/s,GOOD
2024-12-20 00:00:00,PUMP101.VIBRATION_RMS,3.615,mm/s,GOOD
2024-12-20 06:00:00,PUMP101.VIBRATION_RMS,2.998,mm/s,GOOD
2024-12-20 12:00:00,PUMP101.VIBRATION_RMS,2.986,mm/s,GOOD
2024-12-20 18:00:00,PUMP101.VIBRATION_RMS,2.514,mm/s,GOOD
2024-12-21 00:00:00,PUMP101.VIBRATION_RMS,2.391,mm/s,GOOD
2024-12-21 06:00:00,PUMP101.VIBRATION_RMS,2.395,mm/s,GOOD
2024-12-21 12:00:00,PUMP101.VIBRATION_RMS,2.695,mm/s,GOOD
2024-12-21 18:00:00,PUMP101.VIBRATION_RMS,3.201,mm/s,GOOD
2024-12-22 00:00:00,PUMP101.VIBRATION_RMS,2.591,mm/s,GOOD
2024-12-22 06:00:00,PUMP101.VIBRATION_RMS,2.044,mm/s,GOOD
2024-12-22 12:00:00,PUMP101.VIBRATION_RMS,2.912,mm/s,GOOD
2024-12-22 18:00:00,PUMP101.VIBRATION_RMS,2.961,mm/s,GOOD
2024-12-23 00:00:00,PUMP101.VIBRATION_RMS,2.827,mm/s,GOOD
2024-12-23 06:00:00,PUMP101.VIBRATION_RMS,2.873,mm/s,GOOD
2024-12-23 12:00:00,PUMP101.VIBRATION_RMS,2.365,mm/s,GOOD
2024-12-23 18:00:00,PUMP101.VIBRATION_RMS,2.036,mm/s,GOOD
2024-12-24 00:00:00,PUMP101.VIBRATION_RMS,2.066,mm/s,GOOD
2024-12-24 06:00:00,PUMP101.VIBRATION_RMS,1.682,mm/s,GOOD
2024-12-24 12:00:00,PUMP101.VIBRATION_RMS,2.618,mm/s,GOOD
2024-12-24 18:00:00,PUMP101.VIBRATION_RMS,2.458,mm/s,GOOD
2024-12-25 00:00:00,PUMP101.VIBRATION_RMS,2.28,mm/s,GOOD
2024-12-25 06:00:00,PUMP101.VIBRATION_RMS,1.022,mm/s,GOOD
2024-12-25 12:00:00,PUMP101.VIBRATION_RMS,1.876,mm/s,GOOD
2024-12-25 18:00:00,PUMP101.VIBRATION_RMS,3.06,mm/s,GOOD
2024-12-26 00:00:00,PUMP101.VIBRATION_RMS,2.168,mm/s,GOOD
2024-12-26 06:00:00,PUMP101.VIBRATION_RMS,2.68,mm/s,GOOD
2024-12-26 12:00:00,PUMP101.VIBRATION_RMS,1.805,mm/s,GOOD
2024-12-26 18:00:00,PUMP101.VIBRATION_RMS,3.219,mm/s,GOOD
2024-12-27 00:00:00,PUMP101.VIBRATION_RMS,2.428,mm/s,GOOD
2024-12-27 06:00:00,PUMP101.VIBRATION_RMS,2.645,mm/s,GOOD
2024-12-27 12:00:00,PUMP101.VIBRATION_RMS,3.663,mm/s,GOOD
2024-12-27 18:00:00,PUMP101.VIBRATION_RMS,3.258,mm/s,GOOD
2024-12-28 00:00:00,PUMP101.VIBRATION_RMS,2.347,mm/s,GOOD
2024-12-28 06:00:00,PUMP101.VIBRATION_RMS,2.203,mm/s,GOOD
2024-12-28 12:00:00,PUMP101.VIBRATION_RMS,2.337,mm/s,GOOD
2024-12-28 18:00:00,PUMP101.VIBRATION_RMS,2.755,mm/s,GOOD
2024-12-29 00:00:00,PUMP101.VIBRATION_RMS,2.447,mm/s,GOOD
2024-12-29 06:00:00,PUMP101.VIBRATION_RMS,2.302,mm/s,GOOD
2024-12-29 12:00:00,PUMP101.VIBRATION_RMS,3.234,mm/s,BAD
2024-12-29 18:00:00,PUMP101.VIBRATION_RMS,2.443,mm/s,GOOD
2024-12-30 00:00:00,PUMP101.VIBRATION_RMS,3.65,mm/s,GOOD
2024-12-30 06:00:00,PUMP101.VIBRATION_RMS,2.545,mm/s,GOOD
2024-12-30 12:00:00,PUMP101.VIBRATION_RMS,3.393,mm/s,GOOD
2024-12-30 18:00:00,PUMP101.VIBRATION_RMS,2.679,mm/s,GOOD
2024-12-31 00:00:00,PUMP101.VIBRATION_RMS,2.981,mm/s,GOOD
2024-12-31 06:00:00,PUMP101.VIBRATION_RMS,2.138,mm/s,GOOD
2024-12-31 12:00:00,PUMP101.VIBRATION_RMS,2.073,mm/s,GOOD
2024-12-31 18:00:00,PUMP101.VIBRATION_RMS,2.73,mm/s,GOOD
2025-01-01 00:00:00,PUMP101.VIBRATION_RMS,2.994,mm/s,GOOD
2025-01-01 06:00:00,PUMP101.VIBRATION_RMS,2.52,mm/s,GOOD
2025-01-01 12:00:00,PUMP101.VIBRATION_RMS,1.857,mm/s,GOOD
2025-01-01 18:00:00,PUMP101.VIBRATION_RMS,1.82,mm/s,GOOD
2025-01-02 00:00:00,PUMP101.VIBRATION_RMS,1.786,mm/s,GOOD
2025-01-02 06:00:00,PUMP101.VIBRATION_RMS,1.616,mm/s,GOOD
2025-01-02 12:00:00,PUMP101.VIBRATION_RMS,2.555,mm/s,GOOD
2025-01-02 18:00:00,PUMP101.VIBRATION_RMS,3.063,mm/s,GOOD
2025-01-03 00:00:00,PUMP101.VIBRATION_RMS,2.493,mm/s,GOOD
2025-01-03 06:00:00,PUMP101.VIBRATION_RMS,1.37,mm/s,GOOD
2025-01-03 12:00:00,PUMP101.VIBRATION_RMS,2.405,mm/s,GOOD
2025-01-03 18:00:00,PUMP101.VIBRATION_RMS,2.419,mm/s,GOOD
2025-01-04 00:00:00,PUMP101.VIBRATION_RMS,3.548,mm/s,GOOD
2025-01-04 06:00:00,PUMP101.VIBRATION_RMS,1.771,mm/s,GOOD
2025-01-04 12:00:00,PUMP101.VIBRATION_RMS,2.305,mm/s,GOOD
2025-01-04 18:00:00,PUMP101.VIBRATION_RMS,3.353,mm/s,GOOD
2025-01-05 00:00:00,PUMP101.VIBRATION_RMS,2.725,mm/s,GOOD
2025-01-05 06:00:00,PUMP101.VIBRATION_RMS,2.782,mm/s,GOOD
2025-01-05 12:00:00,PUMP101.VIBRATION_RMS,2.557,mm/s,GOOD
2025-01-05 18:00:00,PUMP101.VIBRATION_RMS,2.665,mm/s,GOOD
2025-01-06 00:00:00,PUMP101.VIBRATION_RMS,2.889,mm/s,GOOD
2025-01-06 06:00:00,PUMP101.VIBRATION_RMS,2.095,mm/s,GOOD
2025-01-06 12:00:00,PUMP101.VIBRATION_RMS,2.939,mm/s,GOOD
2025-01-06 18:00:00,PUMP101.VIBRATION_RMS,1.813,mm/s,GOOD
2025-01-07 00:00:00,PUMP101.VIBRATION_RMS,2.664,mm/s,GOOD
2025-01-07 06:00:00,PUMP101.VIBRATION_RMS,2.589,mm/s,GOOD
2025-01-07 12:00:00,PUMP101.VIBRATION_RMS,2.192,mm/s,GOOD
2025-01-07 18:00:00,PUMP101.VIBRATION_RMS,2.489,mm/s,GOOD
2025-01-08 00:00:00,PUMP101.VIBRATION_RMS,2.189,mm/s,GOOD
2025-01-08 06:00:00,PUMP101.VIBRATION_RMS,1.964,mm/s,GOOD
2025-01-08 12:00:00,PUMP101.VIBRATION_RMS,2.323,mm/s,GOOD
2025-01-08 18:00:00,PUMP101.VIBRATION_RMS,1.948,mm/s,GOOD
2025-01-09 00:00:00,PUMP101.VIBRATION_RMS,2.661,mm/s,GOOD
2025-01-09 06:00:00,PUMP101.VIBRATION_RMS,1.925,mm/s,GOOD
2025-01-09 12:00:00,PUMP101.VIBRATION_RMS,2.856,mm/s,GOOD
2025-01-09 18:00:00,PUMP101.VIBRATION_RMS,1.909,mm/s,GOOD
2025-01-10 00:00:00,PUMP101.VIBRATION_RMS,2.217,mm/s,GOOD
2025-01-10 06:00:00,PUMP101.VIBRATION_RMS,2.188,mm/s,GOOD
2025-01-10 12:00:00,PUMP101.VIBRATION_RMS,3.163,mm/s,GOOD
2025-01-10 18:00:00,PUMP101.VIBRATION_RMS,2.665,mm/s,GOOD
2025-01-11 00:00:00,PUMP101.VIBRATION_RMS,2.394,mm/s,GOOD
2025-01-11 06:00:00,PUMP101.VIBRATION_RMS,2.749,mm/s,GOOD
2025-01-11 12:00:00,PUMP101.VIBRATION_RMS,1.446,mm/s,GOOD
2025-01-11 18:00:00,PUMP101.VIBRATION_RMS,2.478,mm/s,GOOD
2025-01-12 00:00:00,PUMP101.VIBRATION_RMS,3.499,mm/s,GOOD
2025-01-12 06:00:00,PUMP101.VIBRATION_RMS,2.566,mm/s,GOOD
2025-01-12 12:00:00,PUMP101.VIBRATION_RMS,2.534,mm/s,BAD
2025-01-12 18:00:00,PUMP101.VIBRATION_RMS,2.774,mm/s,GOOD
2025-01-13 00:00:00,PUMP101.VIBRATION_RMS,2.948,mm/s,GOOD
2025-01-13 06:00:00,PUMP101.VIBRATION_RMS,1.501,mm/s,GOOD
2025-01-13 12:00:00,PUMP101.VIBRATION_RMS,1.659,mm/s,GOOD
2025-01-13 18:00:00,PUMP101.VIBRATION_RMS,2.605,mm/s,GOOD
2025-01-14 00:00:00,PUMP101.VIBRATION_RMS,2.143,mm/s,GOOD
2025-01-14 06:00:00,PUMP101.VIBRATION_RMS,3.156,mm/s,GOOD
2025-01-14 12:00:00,PUMP101.VIBRATION_RMS,2.342,mm/s,GOOD
2025-01-14 18:00:00,PUMP101.VIBRATION_RMS,1.533,mm/s,GOOD
2025-01-15 00:00:00,PUMP101.VIBRATION_RMS,1.866,mm/s,GOOD
2025-01-15 06:00:00,PUMP101.VIBRATION_RMS,1.125,mm/s,GOOD
2025-01-15 12:00:00,PUMP101.VIBRATION_RMS,2.383,mm/s,GOOD
2025-01-15 18:00:00,PUMP101.VIBRATION_RMS,2.406,mm/s,GOOD
2025-01-16 00:00:00,PUMP101.VIBRATION_RMS,2.288,mm/s,GOOD
2025-01-16 06:00:00,PUMP101.VIBRATION_RMS,3.039,mm/s,GOOD
2025-01-16 12:00:00,PUMP101.VIBRATION_RMS,3.099,mm/s,GOOD
2025-01-16 18:00:00,PUMP101.VIBRATION_RMS,2.415,mm/s,GOOD
2025-01-17 00:00:00,PUMP101.VIBRATION_RMS,1.433,mm/s,GOOD
2025-01-17 06:00:00,PUMP101.VIBRATION_RMS,2.809,mm/s,GOOD
2025-01-17 12:00:00,PUMP101.VIBRATION_RMS,2.778,mm/s,GOOD
2025-01-17 18:00:00,PUMP101.VIBRATION_RMS,2.655,mm/s,GOOD
2025-01-18 00:00:00,PUMP101.VIBRATION_RMS,2.991,mm/s,GOOD
2025-01-18 06:00:00,PUMP101.VIBRATION_RMS,1.918,mm/s,GOOD
2025-01-18 12:00:00,PUMP101.VIBRATION_RMS,3.504,mm/s,GOOD
2025-01-18 18:00:00,PUMP101.VIBRATION_RMS,2.02,mm/s,GOOD
2025-01-19 00:00:00,PUMP101.VIBRATION_RMS,2.875,mm/s,GOOD
2025-01-19 06:00:00,PUMP101.VIBRATION_RMS,1.656,mm/s,GOOD
2025-01-19 12:00:00,PUMP101.VIBRATION_RMS,2.035,mm/s,GOOD
2025-01-19 18:00:00,PUMP101.VIBRATION_RMS,3.258,mm/s,GOOD
2025-01-20 00:00:00,PUMP101.VIBRATION_RMS,2.37,mm/s,GOOD
2025-01-20 06:00:00,PUMP101.VIBRATION_RMS,2.92,mm/s,GOOD
2025-01-20 12:00:00,PUMP101.VIBRATION_RMS,2.618,mm/s,GOOD
2025-01-20 18:00:00,PUMP101.VIBRATION_RMS,2.448,mm/s,GOOD
2025-01-21 00:00:00,PUMP101.VIBRATION_RMS,3.182,mm/s,GOOD
2025-01-21 06:00:00,PUMP101.VIBRATION_RMS,2.382,mm/s,GOOD
2025-01-21 12:00:00,PUMP101.VIBRATION_RMS,1.61,mm/s,GOOD
2025-01-21 18:00:00,PUMP101.VIBRATION_RMS,2.098,mm/s,GOOD
2025-01-22 00:00:00,PUMP101.VIBRATION_RMS,2.776,mm/s,GOOD
2025-01-22 06:00:00,PUMP101.VIBRATION_RMS,2.698,mm/s,GOOD
2025-01-22 12:00:00,PUMP101.VIBRATION_RMS,1.716,mm/s,GOOD
2025-01-22 18:00:00,PUMP101.VIBRATION_RMS,2.138,mm/s,GOOD
2025-01-23 00:00:00,PUMP101.VIBRATION_RMS,2.209,mm/s,GOOD
2025-01-23 06:00:00,PUMP101.VIBRATION_RMS,2.317,mm/s,GOOD
2025-01-23 12:00:00,PUMP101.VIBRATION_RMS,1.812,mm/s,GOOD
2025-01-23 18:00:00,PUMP101.VIBRATION_RMS,2.186,mm/s,GOOD
2025-01-24 00:00:00,PUMP101.VIBRATION_RMS,2.136,mm/s,GOOD
2025-01-24 06:00:00,PUMP101.VIBRATION_RMS,2.886,mm/s,GOOD
2025-01-24 12:00:00,PUMP101.VIBRATION_RMS,2.905,mm/s,GOOD
2025-01-24 18:00:00,PUMP101.VIBRATION_RMS,2.427,mm/s,GOOD
2025-01-25 00:00:00,PUMP101.VIBRATION_RMS,2.304,mm/s,GOOD
2025-01-25 06:00:00,PUMP101.VIBRATION_RMS,2.57,mm/s,GOOD
2025-01-25 12:00:00,PUMP101.VIBRATION_RMS,2.092,mm/s,GOOD
2025-01-25 18:00:00,PUMP101.VIBRATION_RMS,1.927,mm/s,GOOD
2025-01-26 00:00:00,PUMP101.VIBRATION_RMS,2.03,mm/s,GOOD
2025-01-26 06:00:00,PUMP101.VIBRATION_RMS,2.183,mm/s,GOOD
2025-01-26 12:00:00,PUMP101.VIBRATION_RMS,1.918,mm/s,GOOD
2025-01-26 18:00:00,PUMP101.VIBRATION_RMS,2.581,mm/s,GOOD
2025-01-27 00:00:00,PUMP101.VIBRATION_RMS,2.865,mm/s,GOOD
2025-01-27 06:00:00,PUMP101.VIBRATION_RMS,1.706,mm/s,GOOD
2025-01-27 12:00:00,PUMP101.VIBRATION_RMS,2.513,mm/s,GOOD
2025-01-27 18:00:00,PUMP101.VIBRATION_RMS,2.39,mm/s,GOOD
2025-01-28 00:00:00,PUMP101.VIBRATION_RMS,2.671,mm/s,BAD
2025-01-28 06:00:00,PUMP101.VIBRATION_RMS,2.494,mm/s,GOOD
2025-01-28 12:00:00,PUMP101.VIBRATION_RMS,1.773,mm/s,GOOD
2025-01-28 18:00:00,PUMP101.VIBRATION_RMS,1.869,mm/s,GOOD
2025-01-29 00:00:00,PUMP101.VIBRATION_RMS,2.515,mm/s,GOOD
2025-01-29 06:00:00,PUMP101.VIBRATION_RMS,3.014,mm/s,GOOD
2025-01-29 12:00:00,PUMP101.VIBRATION_RMS,1.393,mm/s,GOOD
2025-01-29 18:00:00,PUMP101.VIBRATION_RMS,2.673,mm/s,GOOD
2025-01-30 00:00:00,PUMP101.VIBRATION_RMS,3.095,mm/s,GOOD
2025-01-30 06:00:00,PUMP101.VIBRATION_RMS,2.423,mm/s,GOOD
2025-01-30 12:00:00,PUMP101.VIBRATION_RMS,2.775,mm/s,GOOD
2025-01-30 18:00:00,PUMP101.VIBRATION_RMS,2.148,mm/s,GOOD
2025-01-31 00:00:00,PUMP101.VIBRATION_RMS,2.44,mm/s,GOOD
2025-01-31 06:00:00,PUMP101.VIBRATION_RMS,1.69,mm/s,GOOD
2025-01-31 12:00:00,PUMP101.VIBRATION_RMS,1.328,mm/s,BAD
2025-01-31 18:00:00,PUMP101.VIBRATION_RMS,2.971,mm/s,GOOD
2025-02-01 00:00:00,PUMP101.VIBRATION_RMS,2.008,mm/s,GOOD
2025-02-01 06:00:00,PUMP101.VIBRATION_RMS,2.272,mm/s,GOOD
2025-02-01 12:00:00,PUMP101.VIBRATION_RMS,1.807,mm/s,GOOD
2025-02-01 18:00:00,PUMP101.VIBRATION_RMS,1.795,mm/s,GOOD
2025-02-02 00:00:00,PUMP101.VIBRATION_RMS,2.413,mm/s,GOOD
2025-02-02 06:00:00,PUMP101.VIBRATION_RMS,2.135,mm/s,GOOD
2025-02-02 12:00:00,PUMP101.VIBRATION_RMS,2.689,mm/s,GOOD
2025-02-02 18:00:00,PUMP101.VIBRATION_RMS,2.726,mm/s,GOOD
2025-02-03 00:00:00,PUMP101.VIBRATION_RMS,2.66,mm/s,BAD
2025-02-03 06:00:00,PUMP101.VIBRATION_RMS,2.619,mm/s,GOOD
2025-02-03 12:00:00,PUMP101.VIBRATION_RMS,3.289,mm/s,GOOD
2025-02-03 18:00:00,PUMP101.VIBRATION_RMS,1.966,mm/s,GOOD
2025-02-04 00:00:00,PUMP101.VIBRATION_RMS,2.473,mm/s,GOOD
2025-02-04 06:00:00,PUMP101.VIBRATION_RMS,3.066,mm/s,GOOD
2025-02-04 12:00:00,PUMP101.VIBRATION_RMS,3.132,mm/s,GOOD
2025-02-04 18:00:00,PUMP101.VIBRATION_RMS,1.789,mm/s,GOOD
2025-02-05 00:00:00,PUMP101.VIBRATION_RMS,2.344,mm/s,GOOD
2025-02-05 06:00:00,PUMP101.VIBRATION_RMS,3.179,mm/s,GOOD
2025-02-05 12:00:00,PUMP101.VIBRATION_RMS,2.754,mm/s,GOOD
2025-02-05 18:00:00,PUMP101.VIBRATION_RMS,2.598,mm/s,GOOD
2025-02-06 00:00:00,PUMP101.VIBRATION_RMS,2.391,mm/s,GOOD
2025-02-06 06:00:00,PUMP101.VIBRATION_RMS,2.308,mm/s,GOOD
2025-02-06 12:00:00,PUMP101.VIBRATION_RMS,2.644,mm/s,GOOD
2025-02-06 18:00:00,PUMP101.VIBRATION_RMS,2.374,mm/s,GOOD
2025-02-07 00:00:00,PUMP101.VIBRATION_RMS,2.479,mm/s,GOOD
2025-02-07 06:00:00,PUMP101.VIBRATION_RMS,2.539,mm/s,GOOD
2025-02-07 12:00:00,PUMP101.VIBRATION_RMS,2.161,mm/s,GOOD
2025-02-07 18:00:00,PUMP101.VIBRATION_RMS,2.766,mm/s,GOOD
2025-02-08 00:00:00,PUMP101.VIBRATION_RMS,3.957,mm/s,GOOD
2025-02-08 06:00:00,PUMP101.VIBRATION_RMS,1.612,mm/s,GOOD
2025-02-08 12:00:00,PUMP101.VIBRATION_RMS,2.662,mm/s,GOOD
2025-02-08 18:00:00,PUMP101.VIBRATION_RMS,2.12,mm/s,GOOD
2025-02-09 00:00:00,PUMP101.VIBRATION_RMS,2.789,mm/s,GOOD
2025-02-09 06:00:00,PUMP101.VIBRATION_RMS,2.523,mm/s,GOOD
2025-02-09 12:00:00,PUMP101.VIBRATION_RMS,2.881,mm/s,GOOD
2025-02-09 18:00:00,PUMP101.VIBRATION_RMS,3.088,mm/s,GOOD
2025-02-10 00:00:00,PUMP101.VIBRATION_RMS,2.596,mm/s,GOOD
2025-02-10 06:00:00,PUMP101.VIBRATION_RMS,3.066,mm/s,BAD
2025-02-10 12:00:00,PUMP101.VIBRATION_RMS,1.328,mm/s,GOOD
2025-02-10 18:00:00,PUMP101.VIBRATION_RMS,3.295,mm/s,GOOD
2025-02-11 00:00:00,PUMP101.VIBRATION_RMS,2.688,mm/s,GOOD
2025-02-11 06:00:00,PUMP101.VIBRATION_RMS,3.039,mm/s,GOOD
2025-02-11 12:00:00,PUMP101.VIBRATION_RMS,1.89,mm/s,GOOD
2025-02-11 18:00:00,PUMP101.VIBRATION_RMS,2.085,mm/s,GOOD
2025-02-12 00:00:00,PUMP101.VIBRATION_RMS,2.573,mm/s,GOOD
2025-02-12 06:00:00,PUMP101.VIBRATION_RMS,2.491,mm/s,GOOD
2025-02-12 12:00:00,PUMP101.VIBRATION_RMS,2.642,mm/s,GOOD
2025-02-12 18:00:00,PUMP101.VIBRATION_RMS,3.042,mm/s,GOOD
2025-02-13 00:00:00,PUMP101.VIBRATION_RMS,1.617,mm/s,BAD
2025-02-13 06:00:00,PUMP101.VIBRATION_RMS,2.987,mm/s,GOOD
2025-02-13 12:00:00,PUMP101.VIBRATION_RMS,2.504,mm/s,GOOD
2025-02-13 18:00:00,PUMP101.VIBRATION_RMS,2.398,mm/s,GOOD
2025-02-14 00:00:00,PUMP101.VIBRATION_RMS,1.764,mm/s,GOOD
2025-02-14 06:00:00,PUMP101.VIBRATION_RMS,2.752,mm/s,GOOD
2025-02-14 12:00:00,PUMP101.VIBRATION_RMS,1.293,mm/s,GOOD
2025-02-14 18:00:00,PUMP101.VIBRATION_RMS,2.824,mm/s,GOOD
2025-02-15 00:00:00,PUMP101.VIBRATION_RMS,1.754,mm/s,GOOD
2025-02-15 06:00:00,PUMP101.VIBRATION_RMS,2.527,mm/s,GOOD
2025-02-15 12:00:00,PUMP101.VIBRATION_RMS,2.44,mm/s,GOOD
2025-02-15 18:00:00,PUMP101.VIBRATION_RMS,3.085,mm/s,GOOD
2025-02-16 00:00:00,PUMP101.VIBRATION_RMS,2.411,mm/s,GOOD
2025-02-16 06:00:00,PUMP101.VIBRATION_RMS,2.153,mm/s,GOOD
2025-02-16 12:00:00,PUMP101.VIBRATION_RMS,2.247,mm/s,GOOD
2025-02-16 18:00:00,PUMP101.VIBRATION_RMS,3.136,mm/s,GOOD
2025-02-17 00:00:00,PUMP101.VIBRATION_RMS,2.768,mm/s,GOOD
2025-02-17 06:00:00,PUMP101.VIBRATION_RMS,2.307,mm/s,GOOD
2025-02-17 12:00:00,PUMP101.VIBRATION_RMS,2.382,mm/s,GOOD
2025-02-17 18:00:00,PUMP101.VIBRATION_RMS,1.716,mm/s,GOOD
2025-02-18 00:00:00,PUMP101.VIBRATION_RMS,2.694,mm/s,GOOD
2025-02-18 06:00:00,PUMP101.VIBRATION_RMS,1.62,mm/s,GOOD
2025-02-18 12:00:00,PUMP101.VIBRATION_RMS,2.876,mm/s,GOOD
2025-02-18 18:00:00,PUMP101.VIBRATION_RMS,2.564,mm/s,GOOD
2025-02-19 00:00:00,PUMP101.VIBRATION_RMS,3.693,mm/s,GOOD
2025-02-19 06:00:00,PUMP101.VIBRATION_RMS,1.95,mm/s,GOOD
2025-02-19 12:00:00,PUMP101.VIBRATION_RMS,2.449,mm/s,GOOD
2025-02-19 18:00:00,PUMP101.VIBRATION_RMS,3.399,mm/s,GOOD
2025-02-20 00:00:00,PUMP101.VIBRATION_RMS,3.096,mm/s,GOOD
2025-02-20 06:00:00,PUMP101.VIBRATION_RMS,2.152,mm/s,BAD
2025-02-20 12:00:00,PUMP101.VIBRATION_RMS,2.612,mm/s,GOOD
2025-02-20 18:00:00,PUMP101.VIBRATION_RMS,2.501,mm/s,GOOD
2025-02-21 00:00:00,PUMP101.VIBRATION_RMS,2.641,mm/s,GOOD
2025-02-21 06:00:00,PUMP101.VIBRATION_RMS,2.151,mm/s,GOOD
2025-02-21 12:00:00,PUMP101.VIBRATION_RMS,2.455,mm/s,GOOD
2025-02-21 18:00:00,PUMP101.VIBRATION_RMS,1.701,mm/s,GOOD
2025-02-22 00:00:00,PUMP101.VIBRATION_RMS,2.568,mm/s,GOOD
2025-02-22 06:00:00,PUMP101.VIBRATION_RMS,2.725,mm/s,GOOD
2025-02-22 12:00:00,PUMP101.VIBRATION_RMS,2.386,mm/s,GOOD
2025-02-22 18:00:00,PUMP101.VIBRATION_RMS,1.692,mm/s,GOOD
2025-02-23 00:00:00,PUMP101.VIBRATION_RMS,2.994,mm/s,GOOD
2025-02-23 06:00:00,PUMP101.VIBRATION_RMS,2.682,mm/s,GOOD
2025-02-23 12:00:00,PUMP101.VIBRATION_RMS,2.137,mm/s,GOOD
2025-02-23 18:00:00,PUMP101.VIBRATION_RMS,2.36,mm/s,GOOD
2025-02-24 00:00:00,PUMP101.VIBRATION_RMS,1.75,mm/s,GOOD
2025-02-24 06:00:00,PUMP101.VIBRATION_RMS,1.987,mm/s,GOOD
2025-02-24 12:00:00,PUMP101.VIBRATION_RMS,2.231,mm/s,GOOD
2025-02-24 18:00:00,PUMP101.VIBRATION_RMS,3.114,mm/s,GOOD
2025-02-25 00:00:00,PUMP101.VIBRATION_RMS,2.18,mm/s,GOOD
2025-02-25 06:00:00,PUMP101.VIBRATION_RMS,2.82,mm/s,GOOD
2025-02-25 12:00:00,PUMP101.VIBRATION_RMS,2.231,mm/s,GOOD
2025-02-25 18:00:00,PUMP101.VIBRATION_RMS,2.624,mm/s,GOOD
2025-02-26 00:00:00,PUMP101.VIBRATION_RMS,2.429,mm/s,GOOD
2025-02-26 06:00:00,PUMP101.VIBRATION_RMS,2.937,mm/s,GOOD
2025-02-26 12:00:00,PUMP101.VIBRATION_RMS,2.233,mm/s,GOOD
2025-02-26 18:00:00,PUMP101.VIBRATION_RMS,1.714,mm/s,GOOD
2025-02-27 00:00:00,PUMP101.VIBRATION_RMS,1.809,mm/s,GOOD
2025-02-27 06:00:00,PUMP101.VIBRATION_RMS,2.234,mm/s,GOOD
2025-02-27 12:00:00,PUMP101.VIBRATION_RMS,1.875,mm/s,GOOD
2025-02-27 18:00:00,PUMP101.VIBRATION_RMS,2.705,mm/s,GOOD
2025-02-28 00:00:00,PUMP101.VIBRATION_RMS,2.267,mm/s,GOOD
2025-02-28 06:00:00,PUMP101.VIBRATION_RMS,3.687,mm/s,GOOD
2025-02-28 12:00:00,PUMP101.VIBRATION_RMS,1.631,mm/s,GOOD
2025-02-28 18:00:00,PUMP101.VIBRATION_RMS,2.602,mm/s,GOOD
2025-03-01 00:00:00,PUMP101.VIBRATION_RMS,1.936,mm/s,GOOD
2025-03-01 06:00:00,PUMP101.VIBRATION_RMS,2.253,mm/s,GOOD
2025-03-01 12:00:00,PUMP101.VIBRATION_RMS,2.571,mm/s,GOOD
2025-03-01 18:00:00,PUMP101.VIBRATION_RMS,1.337,mm/s,GOOD
2025-03-02 00:00:00,PUMP101.VIBRATION_RMS,2.618,mm/s,GOOD
2025-03-02 06:00:00,PUMP101.VIBRATION_RMS,3.451,mm/s,GOOD
2025-03-02 12:00:00,PUMP101.VIBRATION_RMS,2.273,mm/s,GOOD
2025-03-02 18:00:00,PUMP101.VIBRATION_RMS,2.63,mm/s,GOOD
2025-03-03 00:00:00,PUMP101.VIBRATION_RMS,3.012,mm/s,GOOD
2025-03-03 06:00:00,PUMP101.VIBRATION_RMS,2.418,mm/s,GOOD
2025-03-03 12:00:00,PUMP101.VIBRATION_RMS,2.21,mm/s,GOOD
2025-03-03 18:00:00,PUMP101.VIBRATION_RMS,1.362,mm/s,GOOD
2025-03-04 00:00:00,PUMP101.VIBRATION_RMS,2.82,mm/s,GOOD
2025-03-04 06:00:00,PUMP101.VIBRATION_RMS,2.443,mm/s,GOOD
2025-03-04 12:00:00,PUMP101.VIBRATION_RMS,1.994,mm/s,GOOD
2025-03-04 18:00:00,PUMP101.VIBRATION_RMS,2.563,mm/s,GOOD
2025-03-05 00:00:00,PUMP101.VIBRATION_RMS,2.208,mm/s,GOOD
2025-03-05 06:00:00,PUMP101.VIBRATION_RMS,2.236,mm/s,GOOD
2025-03-05 12:00:00,PUMP101.VIBRATION_RMS,2.803,mm/s,GOOD
2025-03-05 18:00:00,PUMP101.VIBRATION_RMS,1.831,mm/s,GOOD
2025-03-06 00:00:00,PUMP101.VIBRATION_RMS,3.024,mm/s,GOOD
2025-03-06 06:00:00,PUMP101.VIBRATION_RMS,1.801,mm/s,GOOD
2025-03-06 12:00:00,PUMP101.VIBRATION_RMS,2.169,mm/s,GOOD
2025-03-06 18:00:00,PUMP101.VIBRATION_RMS,3.461,mm/s,GOOD
2025-03-07 00:00:00,PUMP101.VIBRATION_RMS,3.064,mm/s,GOOD
2025-03-07 06:00:00,PUMP101.VIBRATION_RMS,2.549,mm/s,GOOD
2025-03-07 12:00:00,PUMP101.VIBRATION_RMS,2.03,mm/s,GOOD
2025-03-07 18:00:00,PUMP101.VIBRATION_RMS,2.235,mm/s,GOOD
2025-03-08 00:00:00,PUMP101.VIBRATION_RMS,2.537,mm/s,GOOD
2025-03-08 06:00:00,PUMP101.VIBRATION_RMS,2.519,mm/s,GOOD
2025-03-08 12:00:00,PUMP101.VIBRATION_RMS,2.455,mm/s,GOOD
2025-03-08 18:00:00,PUMP101.VIBRATION_RMS,2.485,mm/s,GOOD
2025-03-09 00:00:00,PUMP101.VIBRATION_RMS,2.393,mm/s,GOOD
2025-03-09 06:00:00,PUMP101.VIBRATION_RMS,1.779,mm/s,GOOD
2025-03-09 12:00:00,PUMP101.VIBRATION_RMS,2.242,mm/s,GOOD
2025-03-09 18:00:00,PUMP101.VIBRATION_RMS,2.957,mm/s,GOOD
2025-03-10 00:00:00,PUMP101.VIBRATION_RMS,1.816,mm/s,GOOD
2025-03-10 06:00:00,PUMP101.VIBRATION_RMS,2.405,mm/s,GOOD
2025-03-10 12:00:00,PUMP101.VIBRATION_RMS,2.09,mm/s,GOOD
2025-03-10 18:00:00,PUMP101.VIBRATION_RMS,2.556,mm/s,BAD
2025-03-11 00:00:00,PUMP101.VIBRATION_RMS,2.306,mm/s,GOOD
2025-03-11 06:00:00,PUMP101.VIBRATION_RMS,3.239,mm/s,GOOD
2025-03-11 12:00:00,PUMP101.VIBRATION_RMS,2.753,mm/s,GOOD
2025-03-11 18:00:00,PUMP101.VIBRATION_RMS,1.844,mm/s,GOOD
2025-03-12 00:00:00,PUMP101.VIBRATION_RMS,2.836,mm/s,GOOD
2025-03-12 06:00:00,PUMP101.VIBRATION_RMS,2.113,mm/s,GOOD
2025-03-12 12:00:00,PUMP101.VIBRATION_RMS,2.212,mm/s,GOOD
2025-03-12 18:00:00,PUMP101.VIBRATION_RMS,2.657,mm/s,GOOD
2025-03-13 00:00:00,PUMP101.VIBRATION_RMS,2.254,mm/s,GOOD
2025-03-13 06:00:00,PUMP101.VIBRATION_RMS,2.946,mm/s,GOOD
2025-03-13 12:00:00,PUMP101.VIBRATION_RMS,2.113,mm/s,GOOD
2025-03-13 18:00:00,PUMP101.VIBRATION_RMS,2.191,mm/s,GOOD
2025-03-14 00:00:00,PUMP101.VIBRATION_RMS,2.172,mm/s,GOOD
2025-03-14 06:00:00,PUMP101.VIBRATION_RMS,2.217,mm/s,GOOD
2025-03-14 12:00:00,PUMP101.VIBRATION_RMS,3.05,mm/s,GOOD
2025-03-14 18:00:00,PUMP101.VIBRATION_RMS,2.814,mm/s,GOOD
2025-03-15 00:00:00,PUMP101.VIBRATION_RMS,3.355,mm/s,GOOD
2025-03-15 06:00:00,PUMP101.VIBRATION_RMS,3.634,mm/s,GOOD
2025-03-15 12:00:00,PUMP101.VIBRATION_RMS,1.985,mm/s,GOOD
2025-03-15 18:00:00,PUMP101.VIBRATION_RMS,2.535,mm/s,GOOD
2025-03-16 00:00:00,PUMP101.VIBRATION_RMS,1.912,mm/s,GOOD
2025-03-16 06:00:00,PUMP101.VIBRATION_RMS,2.111,mm/s,GOOD
2025-03-16 12:00:00,PUMP101.VIBRATION_RMS,2.185,mm/s,GOOD
2025-03-16 18:00:00,PUMP101.VIBRATION_RMS,1.971,mm/s,GOOD
2025-03-17 00:00:00,PUMP101.VIBRATION_RMS,1.974,mm/s,GOOD
2025-03-17 06:00:00,PUMP101.VIBRATION_RMS,2.428,mm/s,GOOD
2025-03-17 12:00:00,PUMP101.VIBRATION_RMS,1.892,mm/s,GOOD
2025-03-17 18:00:00,PUMP101.VIBRATION_RMS,2.921,mm/s,GOOD
2025-03-18 00:00:00,PUMP101.VIBRATION_RMS,2.041,mm/s,GOOD
2025-03-18 06:00:00,PUMP101.VIBRATION_RMS,3.905,mm/s,GOOD
2025-03-18 12:00:00,PUMP101.VIBRATION_RMS,2.274,mm/s,GOOD
2025-03-18 18:00:00,PUMP101.VIBRATION_RMS,2.536,mm/s,GOOD
2025-03-19 00:00:00,PUMP101.VIBRATION_RMS,1.852,mm/s,GOOD
2025-03-19 06:00:00,PUMP101.VIBRATION_RMS,3.353,mm/s,GOOD
2025-03-19 12:00:00,PUMP101.VIBRATION_RMS,3.06,mm/s,GOOD
2025-03-19 18:00:00,PUMP101.VIBRATION_RMS,2.648,mm/s,GOOD
2025-03-20 00:00:00,PUMP101.VIBRATION_RMS,1.827,mm/s,GOOD
2025-03-20 06:00:00,PUMP101.VIBRATION_RMS,2.605,mm/s,GOOD
2025-03-20 12:00:00,PUMP101.VIBRATION_RMS,1.939,mm/s,GOOD
2025-03-20 18:00:00,PUMP101.VIBRATION_RMS,3.231,mm/s,GOOD
2025-03-21 00:00:00,PUMP101.VIBRATION_RMS,2.905,mm/s,GOOD
2025-03-21 06:00:00,PUMP101.VIBRATION_RMS,2.548,mm/s,GOOD
2025-03-21 12:00:00,PUMP101.VIBRATION_RMS,1.282,mm/s,GOOD
2025-03-21 18:00:00,PUMP101.VIBRATION_RMS,2.008,mm/s,GOOD
2025-03-22 00:00:00,PUMP101.VIBRATION_RMS,2.844,mm/s,GOOD
2025-03-22 06:00:00,PUMP101.VIBRATION_RMS,3.106,mm/s,GOOD
2025-03-22 12:00:00,PUMP101.VIBRATION_RMS,3.055,mm/s,GOOD
2025-03-22 18:00:00,PUMP101.VIBRATION_RMS,1.704,mm/s,GOOD
2025-03-23 00:00:00,PUMP101.VIBRATION_RMS,2.651,mm/s,GOOD
2025-03-23 06:00:00,PUMP101.VIBRATION_RMS,3.008,mm/s,GOOD
2025-03-23 12:00:00,PUMP101.VIBRATION_RMS,1.671,mm/s,GOOD
2025-03-23 18:00:00,PUMP101.VIBRATION_RMS,2.496,mm/s,GOOD
2025-03-24 00:00:00,PUMP101.VIBRATION_RMS,2.637,mm/s,GOOD
2025-03-24 06:00:00,PUMP101.VIBRATION_RMS,2.35,mm/s,GOOD
2025-03-24 12:00:00,PUMP101.VIBRATION_RMS,1.574,mm/s,GOOD
2025-03-24 18:00:00,PUMP101.VIBRATION_RMS,2.337,mm/s,GOOD
2025-03-25 00:00:00,PUMP101.VIBRATION_RMS,2.336,mm/s,GOOD
2025-03-25 06:00:00,PUMP101.VIBRATION_RMS,2.426,mm/s,GOOD
2025-03-25 12:00:00,PUMP101.VIBRATION_RMS,2.218,mm/s,GOOD
2025-03-25 18:00:00,PUMP101.VIBRATION_RMS,2.278,mm/s,GOOD
2025-03-26 00:00:00,PUMP101.VIBRATION_RMS,2.48,mm/s,GOOD
2025-03-26 06:00:00,PUMP101.VIBRATION_RMS,2.721,mm/s,GOOD
2025-03-26 12:00:00,PUMP101.VIBRATION_RMS,2.348,mm/s,GOOD
2025-03-26 18:00:00,PUMP101.VIBRATION_RMS,2.295,mm/s,GOOD
2025-03-27 00:00:00,PUMP101.VIBRATION_RMS,2.546,mm/s,GOOD
2025-03-27 06:00:00,PUMP101.VIBRATION_RMS,1.54,mm/s,GOOD
2025-03-27 12:00:00,PUMP101.VIBRATION_RMS,2.739,mm/s,GOOD
2025-03-27 18:00:00,PUMP101.VIBRATION_RMS,2.5,mm/s,GOOD
2025-03-28 00:00:00,PUMP101.VIBRATION_RMS,2.52,mm/s,GOOD
2025-03-28 06:00:00,PUMP101.VIBRATION_RMS,2.98,mm/s,GOOD
2025-03-28 12:00:00,PUMP101.VIBRATION_RMS,1.524,mm/s,GOOD
2025-03-28 18:00:00,PUMP101.VIBRATION_RMS,1.513,mm/s,GOOD
2025-03-29 00:00:00,PUMP101.VIBRATION_RMS,2.637,mm/s,GOOD
2025-03-29 06:00:00,PUMP101.VIBRATION_RMS,2.496,mm/s,GOOD
2025-03-29 12:00:00,PUMP101.VIBRATION_RMS,2.585,mm/s,GOOD
2025-03-29 18:00:00,PUMP101.VIBRATION_RMS,2.269,mm/s,GOOD
2025-03-30 00:00:00,PUMP101.VIBRATION_RMS,2.832,mm/s,GOOD
2025-03-30 06:00:00,PUMP101.VIBRATION_RMS,2.966,mm/s,GOOD
2025-03-30 12:00:00,PUMP101.VIBRATION_RMS,2.742,mm/s,GOOD
2025-03-30 18:00:00,PUMP101.VIBRATION_RMS,2.37,mm/s,GOOD
2025-03-31 00:00:00,PUMP101.VIBRATION_RMS,1.446,mm/s,GOOD
2024-01-01 00:00:00,PUMP102.VIBRATION_RMS,1.405,mm/s,GOOD
2024-01-01 06:00:00,PUMP102.VIBRATION_RMS,2.829,mm/s,GOOD
2024-01-01 12:00:00,PUMP102.VIBRATION_RMS,2.135,mm/s,GOOD
2024-01-01 18:00:00,PUMP102.VIBRATION_RMS,2.503,mm/s,GOOD
2024-01-02 00:00:00,PUMP102.VIBRATION_RMS,1.276,mm/s,GOOD
2024-01-02 06:00:00,PUMP102.VIBRATION_RMS,2.834,mm/s,GOOD
2024-01-02 12:00:00,PUMP102.VIBRATION_RMS,2.493,mm/s,GOOD
2024-01-02 18:00:00,PUMP102.VIBRATION_RMS,2.081,mm/s,GOOD
2024-01-03 00:00:00,PUMP102.VIBRATION_RMS,2.423,mm/s,GOOD
2024-01-03 06:00:00,PUMP102.VIBRATION_RMS,1.717,mm/s,GOOD
2024-01-03 12:00:00,PUMP102.VIBRATION_RMS,1.81,mm/s,GOOD
2024-01-03 18:00:00,PUMP102.VIBRATION_RMS,1.868,mm/s,GOOD
2024-01-04 00:00:00,PUMP102.VIBRATION_RMS,1.174,mm/s,GOOD
2024-01-04 06:00:00,PUMP102.VIBRATION_RMS,2.531,mm/s,GOOD
2024-01-04 12:00:00,PUMP102.VIBRATION_RMS,2.696,mm/s,GOOD
2024-01-04 18:00:00,PUMP102.VIBRATION_RMS,1.749,mm/s,GOOD
2024-01-05 00:00:00,PUMP102.VIBRATION_RMS,2.274,mm/s,BAD
2024-01-05 06:00:00,PUMP102.VIBRATION_RMS,1.967,mm/s,GOOD
2024-01-05 12:00:00,PUMP102.VIBRATION_RMS,2.264,mm/s,GOOD
2024-01-05 18:00:00,PUMP102.VIBRATION_RMS,1.786,mm/s,GOOD
2024-01-06 00:00:00,PUMP102.VIBRATION_RMS,1.658,mm/s,GOOD
2024-01-06 06:00:00,PUMP102.VIBRATION_RMS,2.626,mm/s,GOOD
2024-01-06 12:00:00,PUMP102.VIBRATION_RMS,2.068,mm/s,GOOD
2024-01-06 18:00:00,PUMP102.VIBRATION_RMS,3.111,mm/s,GOOD
2024-01-07 00:00:00,PUMP102.VIBRATION_RMS,2.123,mm/s,GOOD
2024-01-07 06:00:00,PUMP102.VIBRATION_RMS,1.637,mm/s,GOOD
2024-01-07 12:00:00,PUMP102.VIBRATION_RMS,2.713,mm/s,GOOD
2024-01-07 18:00:00,PUMP102.VIBRATION_RMS,2.415,mm/s,GOOD
2024-01-08 00:00:00,PUMP102.VIBRATION_RMS,2.463,mm/s,GOOD
2024-01-08 06:00:00,PUMP102.VIBRATION_RMS,2.695,mm/s,GOOD
2024-01-08 12:00:00,PUMP102.VIBRATION_RMS,1.774,mm/s,GOOD
2024-01-08 18:00:00,PUMP102.VIBRATION_RMS,2.036,mm/s,GOOD
2024-01-09 00:00:00,PUMP102.VIBRATION_RMS,2.014,mm/s,GOOD
2024-01-09 06:00:00,PUMP102.VIBRATION_RMS,1.455,mm/s,GOOD
2024-01-09 12:00:00,PUMP102.VIBRATION_RMS,1.968,mm/s,GOOD
2024-01-09 18:00:00,PUMP102.VIBRATION_RMS,2.768,mm/s,GOOD
2024-01-10 00:00:00,PUMP102.VIBRATION_RMS,2.219,mm/s,GOOD
2024-01-10 06:00:00,PUMP102.VIBRATION_RMS,1.427,mm/s,GOOD
2024-01-10 12:00:00,PUMP102.VIBRATION_RMS,1.322,mm/s,BAD
2024-01-10 18:00:00,PUMP102.VIBRATION_RMS,2.932,mm/s,GOOD
2024-01-11 00:00:00,PUMP102.VIBRATION_RMS,2.055,mm/s,GOOD
2024-01-11 06:00:00,PUMP102.VIBRATION_RMS,1.776,mm/s,GOOD
2024-01-11 12:00:00,PUMP102.VIBRATION_RMS,1.963,mm/s,GOOD
2024-01-11 18:00:00,PUMP102.VIBRATION_RMS,1.361,mm/s,GOOD
2024-01-12 00:00:00,PUMP102.VIBRATION_RMS,2.812,mm/s,GOOD
2024-01-12 06:00:00,PUMP102.VIBRATION_RMS,1.903,mm/s,GOOD
2024-01-12 12:00:00,PUMP102.VIBRATION_RMS,2.784,mm/s,GOOD
2024-01-12 18:00:00,PUMP102.VIBRATION_RMS,2.126,mm/s,GOOD
2024-01-13 00:00:00,PUMP102.VIBRATION_RMS,2.815,mm/s,GOOD
2024-01-13 06:00:00,PUMP102.VIBRATION_RMS,2.228,mm/s,GOOD
2024-01-13 12:00:00,PUMP102.VIBRATION_RMS,2.527,mm/s,GOOD
2024-01-13 18:00:00,PUMP102.VIBRATION_RMS,2.46,mm/s,GOOD
2024-01-14 00:00:00,PUMP102.VIBRATION_RMS,2.412,mm/s,GOOD
2024-01-14 06:00:00,PUMP102.VIBRATION_RMS,2.274,mm/s,GOOD
2024-01-14 12:00:00,PUMP102.VIBRATION_RMS,1.984,mm/s,GOOD
2024-01-14 18:00:00,PUMP102.VIBRATION_RMS,3.058,mm/s,GOOD
2024-01-15 00:00:00,PUMP102.VIBRATION_RMS,1.647,mm/s,GOOD
2024-01-15 06:00:00,PUMP102.VIBRATION_RMS,2.102,mm/s,GOOD
2024-01-15 12:00:00,PUMP102.VIBRATION_RMS,2.107,mm/s,GOOD
2024-01-15 18:00:00,PUMP102.VIBRATION_RMS,2.301,mm/s,GOOD
2024-01-16 00:00:00,PUMP102.VIBRATION_RMS,1.885,mm/s,GOOD
2024-01-16 06:00:00,PUMP102.VIBRATION_RMS,2.257,mm/s,GOOD
2024-01-16 12:00:00,PUMP102.VIBRATION_RMS,2.016,mm/s,GOOD
2024-01-16 18:00:00,PUMP102.VIBRATION_RMS,1.309,mm/s,GOOD
2024-01-17 00:00:00,PUMP102.VIBRATION_RMS,2.105,mm/s,GOOD
2024-01-17 06:00:00,PUMP102.VIBRATION_RMS,1.55,mm/s,GOOD
2024-01-17 12:00:00,PUMP102.VIBRATION_RMS,1.233,mm/s,GOOD
2024-01-17 18:00:00,PUMP102.VIBRATION_RMS,2.168,mm/s,GOOD
2024-01-18 00:00:00,PUMP102.VIBRATION_RMS,2.344,mm/s,GOOD
2024-01-18 06:00:00,PUMP102.VIBRATION_RMS,2.363,mm/s,BAD
2024-01-18 12:00:00,PUMP102.VIBRATION_RMS,2.384,mm/s,GOOD
2024-01-18 18:00:00,PUMP102.VIBRATION_RMS,1.134,mm/s,GOOD
2024-01-19 00:00:00,PUMP102.VIBRATION_RMS,1.419,mm/s,GOOD
2024-01-19 06:00:00,PUMP102.VIBRATION_RMS,3.087,mm/s,GOOD
2024-01-19 12:00:00,PUMP102.VIBRATION_RMS,1.576,mm/s,GOOD
2024-01-19 18:00:00,PUMP102.VIBRATION_RMS,2.405,mm/s,GOOD
2024-01-20 00:00:00,PUMP102.VIBRATION_RMS,1.757,mm/s,GOOD
2024-01-20 06:00:00,PUMP102.VIBRATION_RMS,2.14,mm/s,GOOD
2024-01-20 12:00:00,PUMP102.VIBRATION_RMS,1.783,mm/s,GOOD
2024-01-20 18:00:00,PUMP102.VIBRATION_RMS,2.381,mm/s,GOOD
2024-01-21 00:00:00,PUMP102.VIBRATION_RMS,2.168,mm/s,GOOD
2024-01-21 06:00:00,PUMP102.VIBRATION_RMS,1.876,mm/s,GOOD
2024-01-21 12:00:00,PUMP102.VIBRATION_RMS,1.575,mm/s,GOOD
2024-01-21 18:00:00,PUMP102.VIBRATION_RMS,2.234,mm/s,GOOD
2024-01-22 00:00:00,PUMP102.VIBRATION_RMS,1.494,mm/s,GOOD
2024-01-22 06:00:00,PUMP102.VIBRATION_RMS,2.314,mm/s,GOOD
2024-01-22 12:00:00,PUMP102.VIBRATION_RMS,3.413,mm/s,GOOD
2024-01-22 18:00:00,PUMP102.VIBRATION_RMS,2.775,mm/s,GOOD
2024-01-23 00:00:00,PUMP102.VIBRATION_RMS,2.459,mm/s,GOOD
2024-01-23 06:00:00,PUMP102.VIBRATION_RMS,2.057,mm/s,GOOD
2024-01-23 12:00:00,PUMP102.VIBRATION_RMS,1.131,mm/s,GOOD
2024-01-23 18:00:00,PUMP102.VIBRATION_RMS,1.439,mm/s,GOOD
2024-01-24 00:00:00,PUMP102.VIBRATION_RMS,2.741,mm/s,GOOD
2024-01-24 06:00:00,PUMP102.VIBRATION_RMS,1.705,mm/s,GOOD
2024-01-24 12:00:00,PUMP102.VIBRATION_RMS,1.75,mm/s,GOOD
2024-01-24 18:00:00,PUMP102.VIBRATION_RMS,2.017,mm/s,GOOD
2024-01-25 00:00:00,PUMP102.VIBRATION_RMS,1.569,mm/s,GOOD
2024-01-25 06:00:00,PUMP102.VIBRATION_RMS,1.487,mm/s,GOOD
2024-01-25 12:00:00,PUMP102.VIBRATION_RMS,2.075,mm/s,GOOD
2024-01-25 18:00:00,PUMP102.VIBRATION_RMS,1.654,mm/s,GOOD
2024-01-26 00:00:00,PUMP102.VIBRATION_RMS,1.729,mm/s,GOOD
2024-01-26 06:00:00,PUMP102.VIBRATION_RMS,1.709,mm/s,GOOD
2024-01-26 12:00:00,PUMP102.VIBRATION_RMS,2.361,mm/s,GOOD
2024-01-26 18:00:00,PUMP102.VIBRATION_RMS,1.984,mm/s,GOOD
2024-01-27 00:00:00,PUMP102.VIBRATION_RMS,2.011,mm/s,GOOD
2024-01-27 06:00:00,PUMP102.VIBRATION_RMS,2.398,mm/s,GOOD
2024-01-27 12:00:00,PUMP102.VIBRATION_RMS,2.029,mm/s,BAD
2024-01-27 18:00:00,PUMP102.VIBRATION_RMS,1.961,mm/s,GOOD
2024-01-28 00:00:00,PUMP102.VIBRATION_RMS,2.335,mm/s,GOOD
2024-01-28 06:00:00,PUMP102.VIBRATION_RMS,2.434,mm/s,GOOD
2024-01-28 12:00:00,PUMP102.VIBRATION_RMS,2.026,mm/s,GOOD
2024-01-28 18:00:00,PUMP102.VIBRATION_RMS,2.14,mm/s,GOOD
2024-01-29 00:00:00,PUMP102.VIBRATION_RMS,1.709,mm/s,GOOD
2024-01-29 06:00:00,PUMP102.VIBRATION_RMS,1.67,mm/s,GOOD
2024-01-29 12:00:00,PUMP102.VIBRATION_RMS,2.485,mm/s,GOOD
2024-01-29 18:00:00,PUMP102.VIBRATION_RMS,2.322,mm/s,GOOD
2024-01-30 00:00:00,PUMP102.VIBRATION_RMS,2.328,mm/s,GOOD
2024-01-30 06:00:00,PUMP102.VIBRATION_RMS,2.24,mm/s,GOOD
2024-01-30 12:00:00,PUMP102.VIBRATION_RMS,2.123,mm/s,GOOD
2024-01-30 18:00:00,PUMP102.VIBRATION_RMS,2.448,mm/s,GOOD
2024-01-31 00:00:00,PUMP102.VIBRATION_RMS,2.568,mm/s,GOOD
2024-01-31 06:00:00,PUMP102.VIBRATION_RMS,2.556,mm/s,GOOD
2024-01-31 12:00:00,PUMP102.VIBRATION_RMS,2.05,mm/s,GOOD
2024-01-31 18:00:00,PUMP102.VIBRATION_RMS,2.793,mm/s,GOOD
2024-02-01 00:00:00,PUMP102.VIBRATION_RMS,2.214,mm/s,GOOD
2024-02-01 06:00:00,PUMP102.VIBRATION_RMS,2.416,mm/s,GOOD
2024-02-01 12:00:00,PUMP102.VIBRATION_RMS,2.241,mm/s,GOOD
2024-02-01 18:00:00,PUMP102.VIBRATION_RMS,2.224,mm/s,GOOD
2024-02-02 00:00:00,PUMP102.VIBRATION_RMS,1.732,mm/s,GOOD
2024-02-02 06:00:00,PUMP102.VIBRATION_RMS,2.451,mm/s,GOOD
2024-02-02 12:00:00,PUMP102.VIBRATION_RMS,3.523,mm/s,BAD
2024-02-02 18:00:00,PUMP102.VIBRATION_RMS,1.913,mm/s,GOOD
2024-02-03 00:00:00,PUMP102.VIBRATION_RMS,2.135,mm/s,GOOD
2024-02-03 06:00:00,PUMP102.VIBRATION_RMS,1.877,mm/s,GOOD
2024-02-03 12:00:00,PUMP102.VIBRATION_RMS,1.856,mm/s,GOOD
2024-02-03 18:00:00,PUMP102.VIBRATION_RMS,2.872,mm/s,GOOD
2024-02-04 00:00:00,PUMP102.VIBRATION_RMS,1.764,mm/s,GOOD
2024-02-04 06:00:00,PUMP102.VIBRATION_RMS,1.863,mm/s,GOOD
2024-02-04 12:00:00,PUMP102.VIBRATION_RMS,1.306,mm/s,GOOD
2024-02-04 18:00:00,PUMP102.VIBRATION_RMS,1.721,mm/s,GOOD
2024-02-05 00:00:00,PUMP102.VIBRATION_RMS,1.246,mm/s,GOOD
2024-02-05 06:00:00,PUMP102.VIBRATION_RMS,2.416,mm/s,GOOD
2024-02-05 12:00:00,PUMP102.VIBRATION_RMS,3.5,mm/s,GOOD
2024-02-05 18:00:00,PUMP102.VIBRATION_RMS,1.917,mm/s,GOOD
2024-02-06 00:00:00,PUMP102.VIBRATION_RMS,1.267,mm/s,GOOD
2024-02-06 06:00:00,PUMP102.VIBRATION_RMS,2.55,mm/s,GOOD
2024-02-06 12:00:00,PUMP102.VIBRATION_RMS,1.737,mm/s,GOOD
2024-02-06 18:00:00,PUMP102.VIBRATION_RMS,2.75,mm/s,GOOD
2024-02-07 00:00:00,PUMP102.VIBRATION_RMS,1.959,mm/s,GOOD
2024-02-07 06:00:00,PUMP102.VIBRATION_RMS,1.784,mm/s,GOOD
2024-02-07 12:00:00,PUMP102.VIBRATION_RMS,2.011,mm/s,GOOD
2024-02-07 18:00:00,PUMP102.VIBRATION_RMS,2.479,mm/s,GOOD
2024-02-08 00:00:00,PUMP102.VIBRATION_RMS,1.986,mm/s,GOOD
2024-02-08 06:00:00,PUMP102.VIBRATION_RMS,1.852,mm/s,GOOD
2024-02-08 12:00:00,PUMP102.VIBRATION_RMS,2.001,mm/s,GOOD
2024-02-08 18:00:00,PUMP102.VIBRATION_RMS,1.464,mm/s,GOOD
2024-02-09 00:00:00,PUMP102.VIBRATION_RMS,2.299,mm/s,GOOD
2024-02-09 06:00:00,PUMP102.VIBRATION_RMS,1.207,mm/s,GOOD
2024-02-09 12:00:00,PUMP102.VIBRATION_RMS,1.878,mm/s,GOOD
2024-02-09 18:00:00,PUMP102.VIBRATION_RMS,2.48,mm/s,GOOD
2024-02-10 00:00:00,PUMP102.VIBRATION_RMS,2.252,mm/s,GOOD
2024-02-10 06:00:00,PUMP102.VIBRATION_RMS,2.395,mm/s,GOOD
2024-02-10 12:00:00,PUMP102.VIBRATION_RMS,2.067,mm/s,GOOD
2024-02-10 18:00:00,PUMP102.VIBRATION_RMS,2.685,mm/s,GOOD
2024-02-11 00:00:00,PUMP102.VIBRATION_RMS,2.562,mm/s,GOOD
2024-02-11 06:00:00,PUMP102.VIBRATION_RMS,2.323,mm/s,GOOD
2024-02-11 12:00:00,PUMP102.VIBRATION_RMS,2.564,mm/s,GOOD
2024-02-11 18:00:00,PUMP102.VIBRATION_RMS,2.475,mm/s,GOOD
2024-02-12 00:00:00,PUMP102.VIBRATION_RMS,1.88,mm/s,GOOD
2024-02-12 06:00:00,PUMP102.VIBRATION_RMS,1.428,mm/s,GOOD
2024-02-12 12:00:00,PUMP102.VIBRATION_RMS,2.31,mm/s,GOOD
2024-02-12 18:00:00,PUMP102.VIBRATION_RMS,2.373,mm/s,GOOD
2024-02-13 00:00:00,PUMP102.VIBRATION_RMS,2.645,mm/s,GOOD
2024-02-13 06:00:00,PUMP102.VIBRATION_RMS,1.632,mm/s,GOOD
2024-02-13 12:00:00,PUMP102.VIBRATION_RMS,1.647,mm/s,GOOD
2024-02-13 18:00:00,PUMP102.VIBRATION_RMS,2.33,mm/s,GOOD
2024-02-14 00:00:00,PUMP102.VIBRATION_RMS,2.064,mm/s,GOOD
2024-02-14 06:00:00,PUMP102.VIBRATION_RMS,1.157,mm/s,GOOD
2024-02-14 12:00:00,PUMP102.VIBRATION_RMS,2.288,mm/s,GOOD
2024-02-14 18:00:00,PUMP102.VIBRATION_RMS,1.174,mm/s,GOOD
2024-02-15 00:00:00,PUMP102.VIBRATION_RMS,1.627,mm/s,GOOD
2024-02-15 06:00:00,PUMP102.VIBRATION_RMS,2.776,mm/s,GOOD
2024-02-15 12:00:00,PUMP102.VIBRATION_RMS,3.012,mm/s,GOOD
2024-02-15 18:00:00,PUMP102.VIBRATION_RMS,1.492,mm/s,GOOD
2024-02-16 00:00:00,PUMP102.VIBRATION_RMS,1.935,mm/s,GOOD
2024-02-16 06:00:00,PUMP102.VIBRATION_RMS,2.121,mm/s,GOOD
2024-02-16 12:00:00,PUMP102.VIBRATION_RMS,2.991,mm/s,GOOD
2024-02-16 18:00:00,PUMP102.VIBRATION_RMS,1.854,mm/s,GOOD
2024-02-17 00:00:00,PUMP102.VIBRATION_RMS,1.862,mm/s,GOOD
2024-02-17 06:00:00,PUMP102.VIBRATION_RMS,2.874,mm/s,GOOD
2024-02-17 12:00:00,PUMP102.VIBRATION_RMS,1.913,mm/s,GOOD
2024-02-17 18:00:00,PUMP102.VIBRATION_RMS,2.461,mm/s,GOOD
2024-02-18 00:00:00,PUMP102.VIBRATION_RMS,1.361,mm/s,GOOD
2024-02-18 06:00:00,PUMP102.VIBRATION_RMS,2.014,mm/s,GOOD
2024-02-18 12:00:00,PUMP102.VIBRATION_RMS,1.27,mm/s,GOOD
2024-02-18 18:00:00,PUMP102.VIBRATION_RMS,1.572,mm/s,GOOD
2024-02-19 00:00:00,PUMP102.VIBRATION_RMS,2.52,mm/s,GOOD
2024-02-19 06:00:00,PUMP102.VIBRATION_RMS,2.075,mm/s,GOOD
2024-02-19 12:00:00,PUMP102.VIBRATION_RMS,1.94,mm/s,GOOD
2024-02-19 18:00:00,PUMP102.VIBRATION_RMS,1.726,mm/s,GOOD
2024-02-20 00:00:00,PUMP102.VIBRATION_RMS,1.99,mm/s,GOOD
2024-02-20 06:00:00,PUMP102.VIBRATION_RMS,2.251,mm/s,GOOD
2024-02-20 12:00:00,PUMP102.VIBRATION_RMS,2.591,mm/s,GOOD
2024-02-20 18:00:00,PUMP102.VIBRATION_RMS,0.787,mm/s,GOOD
2024-02-21 00:00:00,PUMP102.VIBRATION_RMS,1.684,mm/s,GOOD
2024-02-21 06:00:00,PUMP102.VIBRATION_RMS,2.18,mm/s,GOOD
2024-02-21 12:00:00,PUMP102.VIBRATION_RMS,2.051,mm/s,GOOD
2024-02-21 18:00:00,PUMP102.VIBRATION_RMS,2.302,mm/s,GOOD
2024-02-22 00:00:00,PUMP102.VIBRATION_RMS,2.234,mm/s,GOOD
2024-02-22 06:00:00,PUMP102.VIBRATION_RMS,1.948,mm/s,GOOD
2024-02-22 12:00:00,PUMP102.VIBRATION_RMS,1.837,mm/s,GOOD
2024-02-22 18:00:00,PUMP102.VIBRATION_RMS,1.977,mm/s,GOOD
2024-02-23 00:00:00,PUMP102.VIBRATION_RMS,2.674,mm/s,GOOD
2024-02-23 06:00:00,PUMP102.VIBRATION_RMS,1.734,mm/s,GOOD
2024-02-23 12:00:00,PUMP102.VIBRATION_RMS,2.069,mm/s,GOOD
2024-02-23 18:00:00,PUMP102.VIBRATION_RMS,2.192,mm/s,GOOD
2024-02-24 00:00:00,PUMP102.VIBRATION_RMS,2.88,mm/s,GOOD
2024-02-24 06:00:00,PUMP102.VIBRATION_RMS,1.95,mm/s,GOOD
2024-02-24 12:00:00,PUMP102.VIBRATION_RMS,2.579,mm/s,GOOD
2024-02-24 18:00:00,PUMP102.VIBRATION_RMS,2.716,mm/s,GOOD
2024-02-25 00:00:00,PUMP102.VIBRATION_RMS,2.068,mm/s,GOOD
2024-02-25 06:00:00,PUMP102.VIBRATION_RMS,1.995,mm/s,GOOD
2024-02-25 12:00:00,PUMP102.VIBRATION_RMS,1.935,mm/s,GOOD
2024-02-25 18:00:00,PUMP102.VIBRATION_RMS,1.972,mm/s,GOOD
2024-02-26 00:00:00,PUMP102.VIBRATION_RMS,2.527,mm/s,GOOD
2024-02-26 06:00:00,PUMP102.VIBRATION_RMS,2.216,mm/s,GOOD
2024-02-26 12:00:00,PUMP102.VIBRATION_RMS,2.218,mm/s,GOOD
2024-02-26 18:00:00,PUMP102.VIBRATION_RMS,1.537,mm/s,GOOD
2024-02-27 00:00:00,PUMP102.VIBRATION_RMS,1.616,mm/s,GOOD
2024-02-27 06:00:00,PUMP102.VIBRATION_RMS,3.172,mm/s,GOOD
2024-02-27 12:00:00,PUMP102.VIBRATION_RMS,2.011,mm/s,GOOD
2024-02-27 18:00:00,PUMP102.VIBRATION_RMS,1.713,mm/s,GOOD
2024-02-28 00:00:00,PUMP102.VIBRATION_RMS,2.816,mm/s,GOOD
2024-02-28 06:00:00,PUMP102.VIBRATION_RMS,2.241,mm/s,GOOD
2024-02-28 12:00:00,PUMP102.VIBRATION_RMS,2.389,mm/s,GOOD
2024-02-28 18:00:00,PUMP102.VIBRATION_RMS,2.031,mm/s,GOOD
2024-02-29 00:00:00,PUMP102.VIBRATION_RMS,1.941,mm/s,GOOD
2024-02-29 06:00:00,PUMP102.VIBRATION_RMS,2.015,mm/s,GOOD
2024-02-29 12:00:00,PUMP102.VIBRATION_RMS,1.409,mm/s,GOOD
2024-02-29 18:00:00,PUMP102.VIBRATION_RMS,2.056,mm/s,GOOD
2024-03-01 00:00:00,PUMP102.VIBRATION_RMS,2.248,mm/s,GOOD
2024-03-01 06:00:00,PUMP102.VIBRATION_RMS,3.025,mm/s,GOOD
2024-03-01 12:00:00,PUMP102.VIBRATION_RMS,2.143,mm/s,GOOD
2024-03-01 18:00:00,PUMP102.VIBRATION_RMS,0.933,mm/s,GOOD
2024-03-02 00:00:00,PUMP102.VIBRATION_RMS,2.053,mm/s,GOOD
2024-03-02 06:00:00,PUMP102.VIBRATION_RMS,3.47,mm/s,GOOD
2024-03-02 12:00:00,PUMP102.VIBRATION_RMS,2.533,mm/s,GOOD
2024-03-02 18:00:00,PUMP102.VIBRATION_RMS,1.695,mm/s,GOOD
2024-03-03 00:00:00,PUMP102.VIBRATION_RMS,2.396,mm/s,GOOD
2024-03-03 06:00:00,PUMP102.VIBRATION_RMS,1.729,mm/s,GOOD
2024-03-03 12:00:00,PUMP102.VIBRATION_RMS,1.423,mm/s,GOOD
2024-03-03 18:00:00,PUMP102.VIBRATION_RMS,1.926,mm/s,GOOD
2024-03-04 00:00:00,PUMP102.VIBRATION_RMS,2.146,mm/s,GOOD
2024-03-04 06:00:00,PUMP102.VIBRATION_RMS,1.164,mm/s,GOOD
2024-03-04 12:00:00,PUMP102.VIBRATION_RMS,1.525,mm/s,GOOD
2024-03-04 18:00:00,PUMP102.VIBRATION_RMS,2.105,mm/s,GOOD
2024-03-05 00:00:00,PUMP102.VIBRATION_RMS,1.896,mm/s,GOOD
2024-03-05 06:00:00,PUMP102.VIBRATION_RMS,2.297,mm/s,GOOD
2024-03-05 12:00:00,PUMP102.VIBRATION_RMS,1.493,mm/s,GOOD
2024-03-05 18:00:00,PUMP102.VIBRATION_RMS,2.457,mm/s,GOOD
2024-03-06 00:00:00,PUMP102.VIBRATION_RMS,1.508,mm/s,GOOD
2024-03-06 06:00:00,PUMP102.VIBRATION_RMS,2.921,mm/s,GOOD
2024-03-06 12:00:00,PUMP102.VIBRATION_RMS,1.242,mm/s,GOOD
2024-03-06 18:00:00,PUMP102.VIBRATION_RMS,1.554,mm/s,GOOD
2024-03-07 00:00:00,PUMP102.VIBRATION_RMS,2.309,mm/s,GOOD
2024-03-07 06:00:00,PUMP102.VIBRATION_RMS,2.932,mm/s,GOOD
2024-03-07 12:00:00,PUMP102.VIBRATION_RMS,2.258,mm/s,GOOD
2024-03-07 18:00:00,PUMP102.VIBRATION_RMS,2.381,mm/s,GOOD
2024-03-08 00:00:00,PUMP102.VIBRATION_RMS,2.109,mm/s,GOOD
2024-03-08 06:00:00,PUMP102.VIBRATION_RMS,1.587,mm/s,GOOD
2024-03-08 12:00:00,PUMP102.VIBRATION_RMS,1.855,mm/s,GOOD
2024-03-08 18:00:00,PUMP102.VIBRATION_RMS,1.494,mm/s,GOOD
2024-03-09 00:00:00,PUMP102.VIBRATION_RMS,1.461,mm/s,GOOD
2024-03-09 06:00:00,PUMP102.VIBRATION_RMS,2.301,mm/s,GOOD
2024-03-09 12:00:00,PUMP102.VIBRATION_RMS,1.538,mm/s,GOOD
2024-03-09 18:00:00,PUMP102.VIBRATION_RMS,2.26,mm/s,GOOD
2024-03-10 00:00:00,PUMP102.VIBRATION_RMS,1.449,mm/s,GOOD
2024-03-10 06:00:00,PUMP102.VIBRATION_RMS,2.248,mm/s,GOOD
2024-03-10 12:00:00,PUMP102.VIBRATION_RMS,1.856,mm/s,GOOD
2024-03-10 18:00:00,PUMP102.VIBRATION_RMS,2.803,mm/s,GOOD
2024-03-11 00:00:00,PUMP102.VIBRATION_RMS,2.262,mm/s,GOOD
2024-03-11 06:00:00,PUMP102.VIBRATION_RMS,2.718,mm/s,GOOD
2024-03-11 12:00:00,PUMP102.VIBRATION_RMS,1.722,mm/s,GOOD
2024-03-11 18:00:00,PUMP102.VIBRATION_RMS,2.128,mm/s,GOOD
2024-03-12 00:00:00,PUMP102.VIBRATION_RMS,1.609,mm/s,GOOD
2024-03-12 06:00:00,PUMP102.VIBRATION_RMS,1.893,mm/s,GOOD
2024-03-12 12:00:00,PUMP102.VIBRATION_RMS,1.969,mm/s,GOOD
2024-03-12 18:00:00,PUMP102.VIBRATION_RMS,1.737,mm/s,GOOD
2024-03-13 00:00:00,PUMP102.VIBRATION_RMS,1.492,mm/s,GOOD
2024-03-13 06:00:00,PUMP102.VIBRATION_RMS,1.393,mm/s,GOOD
2024-03-13 12:00:00,PUMP102.VIBRATION_RMS,0.93,mm/s,GOOD
2024-03-13 18:00:00,PUMP102.VIBRATION_RMS,1.572,mm/s,GOOD
2024-03-14 00:00:00,PUMP102.VIBRATION_RMS,2.414,mm/s,GOOD
2024-03-14 06:00:00,PUMP102.VIBRATION_RMS,1.301,mm/s,GOOD
2024-03-14 12:00:00,PUMP102.VIBRATION_RMS,1.416,mm/s,GOOD
2024-03-14 18:00:00,PUMP102.VIBRATION_RMS,2.995,mm/s,GOOD
2024-03-15 00:00:00,PUMP102.VIBRATION_RMS,1.782,mm/s,GOOD
2024-03-15 06:00:00,PUMP102.VIBRATION_RMS,2.261,mm/s,GOOD
2024-03-15 12:00:00,PUMP102.VIBRATION_RMS,2.421,mm/s,GOOD
2024-03-15 18:00:00,PUMP102.VIBRATION_RMS,2.431,mm/s,GOOD
2024-03-16 00:00:00,PUMP102.VIBRATION_RMS,1.339,mm/s,GOOD
2024-03-16 06:00:00,PUMP102.VIBRATION_RMS,1.984,mm/s,GOOD
2024-03-16 12:00:00,PUMP102.VIBRATION_RMS,1.291,mm/s,GOOD
2024-03-16 18:00:00,PUMP102.VIBRATION_RMS,3.323,mm/s,GOOD
2024-03-17 00:00:00,PUMP102.VIBRATION_RMS,1.303,mm/s,GOOD
2024-03-17 06:00:00,PUMP102.VIBRATION_RMS,1.576,mm/s,GOOD
2024-03-17 12:00:00,PUMP102.VIBRATION_RMS,1.58,mm/s,GOOD
2024-03-17 18:00:00,PUMP102.VIBRATION_RMS,1.352,mm/s,GOOD
2024-03-18 00:00:00,PUMP102.VIBRATION_RMS,2.776,mm/s,GOOD
2024-03-18 06:00:00,PUMP102.VIBRATION_RMS,3.311,mm/s,GOOD
2024-03-18 12:00:00,PUMP102.VIBRATION_RMS,1.862,mm/s,GOOD
2024-03-18 18:00:00,PUMP102.VIBRATION_RMS,1.44,mm/s,GOOD
2024-03-19 00:00:00,PUMP102.VIBRATION_RMS,0.982,mm/s,GOOD
2024-03-19 06:00:00,PUMP102.VIBRATION_RMS,1.978,mm/s,GOOD
2024-03-19 12:00:00,PUMP102.VIBRATION_RMS,1.942,mm/s,GOOD
2024-03-19 18:00:00,PUMP102.VIBRATION_RMS,1.774,mm/s,GOOD
2024-03-20 00:00:00,PUMP102.VIBRATION_RMS,2.211,mm/s,GOOD
2024-03-20 06:00:00,PUMP102.VIBRATION_RMS,2.298,mm/s,GOOD
2024-03-20 12:00:00,PUMP102.VIBRATION_RMS,2.262,mm/s,GOOD
2024-03-20 18:00:00,PUMP102.VIBRATION_RMS,1.942,mm/s,GOOD
2024-03-21 00:00:00,PUMP102.VIBRATION_RMS,1.549,mm/s,GOOD
2024-03-21 06:00:00,PUMP102.VIBRATION_RMS,2.433,mm/s,GOOD
2024-03-21 12:00:00,PUMP102.VIBRATION_RMS,2.106,mm/s,GOOD
2024-03-21 18:00:00,PUMP102.VIBRATION_RMS,2.544,mm/s,GOOD
2024-03-22 00:00:00,PUMP102.VIBRATION_RMS,2.495,mm/s,GOOD
2024-03-22 06:00:00,PUMP102.VIBRATION_RMS,1.389,mm/s,GOOD
2024-03-22 12:00:00,PUMP102.VIBRATION_RMS,1.383,mm/s,GOOD
2024-03-22 18:00:00,PUMP102.VIBRATION_RMS,1.722,mm/s,GOOD
2024-03-23 00:00:00,PUMP102.VIBRATION_RMS,1.572,mm/s,GOOD
2024-03-23 06:00:00,PUMP102.VIBRATION_RMS,2.478,mm/s,GOOD
2024-03-23 12:00:00,PUMP102.VIBRATION_RMS,2.276,mm/s,GOOD
2024-03-23 18:00:00,PUMP102.VIBRATION_RMS,2.65,mm/s,GOOD
2024-03-24 00:00:00,PUMP102.VIBRATION_RMS,2.298,mm/s,GOOD
2024-03-24 06:00:00,PUMP102.VIBRATION_RMS,2.204,mm/s,GOOD
2024-03-24 12:00:00,PUMP102.VIBRATION_RMS,2.7,mm/s,GOOD
2024-03-24 18:00:00,PUMP102.VIBRATION_RMS,2.335,mm/s,GOOD
2024-03-25 00:00:00,PUMP102.VIBRATION_RMS,2.134,mm/s,GOOD
2024-03-25 06:00:00,PUMP102.VIBRATION_RMS,2.84,mm/s,GOOD
2024-03-25 12:00:00,PUMP102.VIBRATION_RMS,2.158,mm/s,GOOD
2024-03-25 18:00:00,PUMP102.VIBRATION_RMS,1.948,mm/s,GOOD
2024-03-26 00:00:00,PUMP102.VIBRATION_RMS,1.681,mm/s,GOOD
2024-03-26 06:00:00,PUMP102.VIBRATION_RMS,2.452,mm/s,GOOD
2024-03-26 12:00:00,PUMP102.VIBRATION_RMS,2.719,mm/s,GOOD
2024-03-26 18:00:00,PUMP102.VIBRATION_RMS,2.075,mm/s,GOOD
2024-03-27 00:00:00,PUMP102.VIBRATION_RMS,2.754,mm/s,GOOD
2024-03-27 06:00:00,PUMP102.VIBRATION_RMS,1.115,mm/s,GOOD
2024-03-27 12:00:00,PUMP102.VIBRATION_RMS,2.072,mm/s,GOOD
2024-03-27 18:00:00,PUMP102.VIBRATION_RMS,2.08,mm/s,GOOD
2024-03-28 00:00:00,PUMP102.VIBRATION_RMS,1.737,mm/s,GOOD
2024-03-28 06:00:00,PUMP102.VIBRATION_RMS,3.292,mm/s,GOOD
2024-03-28 12:00:00,PUMP102.VIBRATION_RMS,2.067,mm/s,GOOD
2024-03-28 18:00:00,PUMP102.VIBRATION_RMS,1.896,mm/s,GOOD
2024-03-29 00:00:00,PUMP102.VIBRATION_RMS,2.113,mm/s,GOOD
2024-03-29 06:00:00,PUMP102.VIBRATION_RMS,1.099,mm/s,GOOD
2024-03-29 12:00:00,PUMP102.VIBRATION_RMS,1.72,mm/s,GOOD
2024-03-29 18:00:00,PUMP102.VIBRATION_RMS,2.592,mm/s,GOOD
2024-03-30 00:00:00,PUMP102.VIBRATION_RMS,1.786,mm/s,GOOD
2024-03-30 06:00:00,PUMP102.VIBRATION_RMS,1.686,mm/s,GOOD
2024-03-30 12:00:00,PUMP102.VIBRATION_RMS,2.755,mm/s,GOOD
2024-03-30 18:00:00,PUMP102.VIBRATION_RMS,2.77,mm/s,GOOD
2024-03-31 00:00:00,PUMP102.VIBRATION_RMS,2.358,mm/s,GOOD
2024-03-31 06:00:00,PUMP102.VIBRATION_RMS,1.872,mm/s,GOOD
2024-03-31 12:00:00,PUMP102.VIBRATION_RMS,1.98,mm/s,GOOD
2024-03-31 18:00:00,PUMP102.VIBRATION_RMS,1.698,mm/s,GOOD
2024-04-01 00:00:00,PUMP102.VIBRATION_RMS,1.603,mm/s,GOOD
2024-04-01 06:00:00,PUMP102.VIBRATION_RMS,1.578,mm/s,GOOD
2024-04-01 12:00:00,PUMP102.VIBRATION_RMS,1.791,mm/s,BAD
2024-04-01 18:00:00,PUMP102.VIBRATION_RMS,1.583,mm/s,GOOD
2024-04-02 00:00:00,PUMP102.VIBRATION_RMS,1.318,mm/s,GOOD
2024-04-02 06:00:00,PUMP102.VIBRATION_RMS,2.21,mm/s,GOOD
2024-04-02 12:00:00,PUMP102.VIBRATION_RMS,2.217,mm/s,GOOD
2024-04-02 18:00:00,PUMP102.VIBRATION_RMS,2.95,mm/s,GOOD
2024-04-03 00:00:00,PUMP102.VIBRATION_RMS,1.766,mm/s,GOOD
2024-04-03 06:00:00,PUMP102.VIBRATION_RMS,2.248,mm/s,GOOD
2024-04-03 12:00:00,PUMP102.VIBRATION_RMS,2.256,mm/s,GOOD
2024-04-03 18:00:00,PUMP102.VIBRATION_RMS,1.973,mm/s,GOOD
2024-04-04 00:00:00,PUMP102.VIBRATION_RMS,2.472,mm/s,GOOD
2024-04-04 06:00:00,PUMP102.VIBRATION_RMS,2.488,mm/s,GOOD
2024-04-04 12:00:00,PUMP102.VIBRATION_RMS,2.264,mm/s,GOOD
2024-04-04 18:00:00,PUMP102.VIBRATION_RMS,1.972,mm/s,GOOD
2024-04-05 00:00:00,PUMP102.VIBRATION_RMS,1.921,mm/s,GOOD
2024-04-05 06:00:00,PUMP102.VIBRATION_RMS,1.416,mm/s,GOOD
2024-04-05 12:00:00,PUMP102.VIBRATION_RMS,1.697,mm/s,GOOD
2024-04-05 18:00:00,PUMP102.VIBRATION_RMS,1.789,mm/s,GOOD
2024-04-06 00:00:00,PUMP102.VIBRATION_RMS,1.538,mm/s,GOOD
2024-04-06 06:00:00,PUMP102.VIBRATION_RMS,2.32,mm/s,GOOD
2024-04-06 12:00:00,PUMP102.VIBRATION_RMS,2.698,mm/s,GOOD
2024-04-06 18:00:00,PUMP102.VIBRATION_RMS,1.646,mm/s,GOOD
2024-04-07 00:00:00,PUMP102.VIBRATION_RMS,2.242,mm/s,GOOD
2024-04-07 06:00:00,PUMP102.VIBRATION_RMS,1.583,mm/s,GOOD
2024-04-07 12:00:00,PUMP102.VIBRATION_RMS,1.948,mm/s,GOOD
2024-04-07 18:00:00,PUMP102.VIBRATION_RMS,1.755,mm/s,GOOD
2024-04-08 00:00:00,PUMP102.VIBRATION_RMS,2.401,mm/s,GOOD
2024-04-08 06:00:00,PUMP102.VIBRATION_RMS,1.761,mm/s,GOOD
2024-04-08 12:00:00,PUMP102.VIBRATION_RMS,2.606,mm/s,GOOD
2024-04-08 18:00:00,PUMP102.VIBRATION_RMS,1.977,mm/s,GOOD
2024-04-09 00:00:00,PUMP102.VIBRATION_RMS,1.775,mm/s,GOOD
2024-04-09 06:00:00,PUMP102.VIBRATION_RMS,1.473,mm/s,GOOD
2024-04-09 12:00:00,PUMP102.VIBRATION_RMS,2.227,mm/s,GOOD
2024-04-09 18:00:00,PUMP102.VIBRATION_RMS,2.548,mm/s,GOOD
2024-04-10 00:00:00,PUMP102.VIBRATION_RMS,2.237,mm/s,GOOD
2024-04-10 06:00:00,PUMP102.VIBRATION_RMS,3.219,mm/s,GOOD
2024-04-10 12:00:00,PUMP102.VIBRATION_RMS,2.815,mm/s,GOOD
2024-04-10 18:00:00,PUMP102.VIBRATION_RMS,1.946,mm/s,GOOD
2024-04-11 00:00:00,PUMP102.VIBRATION_RMS,1.941,mm/s,GOOD
2024-04-11 06:00:00,PUMP102.VIBRATION_RMS,2.335,mm/s,BAD
2024-04-11 12:00:00,PUMP102.VIBRATION_RMS,1.681,mm/s,GOOD
2024-04-11 18:00:00,PUMP102.VIBRATION_RMS,2.683,mm/s,GOOD
2024-04-12 00:00:00,PUMP102.VIBRATION_RMS,2.281,mm/s,GOOD
2024-04-12 06:00:00,PUMP102.VIBRATION_RMS,2.228,mm/s,GOOD
2024-04-12 12:00:00,PUMP102.VIBRATION_RMS,2.443,mm/s,GOOD
2024-04-12 18:00:00,PUMP102.VIBRATION_RMS,2.961,mm/s,GOOD
2024-04-13 00:00:00,PUMP102.VIBRATION_RMS,2.185,mm/s,GOOD
2024-04-13 06:00:00,PUMP102.VIBRATION_RMS,2.043,mm/s,GOOD
2024-04-13 12:00:00,PUMP102.VIBRATION_RMS,2.854,mm/s,GOOD
2024-04-13 18:00:00,PUMP102.VIBRATION_RMS,2.584,mm/s,GOOD
2024-04-14 00:00:00,PUMP102.VIBRATION_RMS,1.94,mm/s,GOOD
2024-04-14 06:00:00,PUMP102.VIBRATION_RMS,2.103,mm/s,GOOD
2024-04-14 12:00:00,PUMP102.VIBRATION_RMS,2.198,mm/s,GOOD
2024-04-14 18:00:00,PUMP102.VIBRATION_RMS,2.281,mm/s,GOOD
2024-04-15 00:00:00,PUMP102.VIBRATION_RMS,1.422,mm/s,GOOD
2024-04-15 06:00:00,PUMP102.VIBRATION_RMS,1.329,mm/s,GOOD
2024-04-15 12:00:00,PUMP102.VIBRATION_RMS,1.656,mm/s,GOOD
2024-04-15 18:00:00,PUMP102.VIBRATION_RMS,1.618,mm/s,GOOD
2024-04-16 00:00:00,PUMP102.VIBRATION_RMS,1.778,mm/s,GOOD
2024-04-16 06:00:00,PUMP102.VIBRATION_RMS,2.417,mm/s,GOOD
2024-04-16 12:00:00,PUMP102.VIBRATION_RMS,2.016,mm/s,GOOD
2024-04-16 18:00:00,PUMP102.VIBRATION_RMS,2.198,mm/s,GOOD
2024-04-17 00:00:00,PUMP102.VIBRATION_RMS,1.488,mm/s,GOOD
2024-04-17 06:00:00,PUMP102.VIBRATION_RMS,1.869,mm/s,GOOD
2024-04-17 12:00:00,PUMP102.VIBRATION_RMS,2.394,mm/s,GOOD
2024-04-17 18:00:00,PUMP102.VIBRATION_RMS,2.397,mm/s,GOOD
2024-04-18 00:00:00,PUMP102.VIBRATION_RMS,1.738,mm/s,GOOD
2024-04-18 06:00:00,PUMP102.VIBRATION_RMS,2.181,mm/s,GOOD
2024-04-18 12:00:00,PUMP102.VIBRATION_RMS,3.199,mm/s,GOOD
2024-04-18 18:00:00,PUMP102.VIBRATION_RMS,2.091,mm/s,GOOD
2024-04-19 00:00:00,PUMP102.VIBRATION_RMS,1.753,mm/s,GOOD
2024-04-19 06:00:00,PUMP102.VIBRATION_RMS,2.013,mm/s,GOOD
2024-04-19 12:00:00,PUMP102.VIBRATION_RMS,2.146,mm/s,GOOD
2024-04-19 18:00:00,PUMP102.VIBRATION_RMS,2.024,mm/s,GOOD
2024-04-20 00:00:00,PUMP102.VIBRATION_RMS,2.084,mm/s,GOOD
2024-04-20 06:00:00,PUMP102.VIBRATION_RMS,1.378,mm/s,GOOD
2024-04-20 12:00:00,PUMP102.VIBRATION_RMS,1.619,mm/s,GOOD
2024-04-20 18:00:00,PUMP102.VIBRATION_RMS,2.025,mm/s,GOOD
2024-04-21 00:00:00,PUMP102.VIBRATION_RMS,2.017,mm/s,GOOD
2024-04-21 06:00:00,PUMP102.VIBRATION_RMS,1.817,mm/s,GOOD
2024-04-21 12:00:00,PUMP102.VIBRATION_RMS,2.011,mm/s,GOOD
2024-04-21 18:00:00,PUMP102.VIBRATION_RMS,2.131,mm/s,GOOD
2024-04-22 00:00:00,PUMP102.VIBRATION_RMS,2.545,mm/s,GOOD
2024-04-22 06:00:00,PUMP102.VIBRATION_RMS,2.05,mm/s,GOOD
2024-04-22 12:00:00,PUMP102.VIBRATION_RMS,2.3,mm/s,GOOD
2024-04-22 18:00:00,PUMP102.VIBRATION_RMS,1.829,mm/s,GOOD
2024-04-23 00:00:00,PUMP102.VIBRATION_RMS,2.386,mm/s,GOOD
2024-04-23 06:00:00,PUMP102.VIBRATION_RMS,2.288,mm/s,GOOD
2024-04-23 12:00:00,PUMP102.VIBRATION_RMS,2.533,mm/s,GOOD
2024-04-23 18:00:00,PUMP102.VIBRATION_RMS,2.457,mm/s,GOOD
2024-04-24 00:00:00,PUMP102.VIBRATION_RMS,2.394,mm/s,GOOD
2024-04-24 06:00:00,PUMP102.VIBRATION_RMS,2.051,mm/s,BAD
2024-04-24 12:00:00,PUMP102.VIBRATION_RMS,2.222,mm/s,GOOD
2024-04-24 18:00:00,PUMP102.VIBRATION_RMS,2.632,mm/s,GOOD
2024-04-25 00:00:00,PUMP102.VIBRATION_RMS,1.774,mm/s,GOOD
2024-04-25 06:00:00,PUMP102.VIBRATION_RMS,1.786,mm/s,GOOD
2024-04-25 12:00:00,PUMP102.VIBRATION_RMS,2.191,mm/s,GOOD
2024-04-25 18:00:00,PUMP102.VIBRATION_RMS,2.308,mm/s,GOOD
2024-04-26 00:00:00,PUMP102.VIBRATION_RMS,1.688,mm/s,GOOD
2024-04-26 06:00:00,PUMP102.VIBRATION_RMS,2.063,mm/s,GOOD
2024-04-26 12:00:00,PUMP102.VIBRATION_RMS,2.053,mm/s,GOOD
2024-04-26 18:00:00,PUMP102.VIBRATION_RMS,0.992,mm/s,GOOD
2024-04-27 00:00:00,PUMP102.VIBRATION_RMS,1.99,mm/s,GOOD
2024-04-27 06:00:00,PUMP102.VIBRATION_RMS,2.021,mm/s,GOOD
2024-04-27 12:00:00,PUMP102.VIBRATION_RMS,2.02,mm/s,GOOD
2024-04-27 18:00:00,PUMP102.VIBRATION_RMS,2.808,mm/s,GOOD
2024-04-28 00:00:00,PUMP102.VIBRATION_RMS,1.492,mm/s,GOOD
2024-04-28 06:00:00,PUMP102.VIBRATION_RMS,1.688,mm/s,GOOD
2024-04-28 12:00:00,PUMP102.VIBRATION_RMS,0.794,mm/s,GOOD
2024-04-28 18:00:00,PUMP102.VIBRATION_RMS,1.86,mm/s,GOOD
2024-04-29 00:00:00,PUMP102.VIBRATION_RMS,1.902,mm/s,GOOD
2024-04-29 06:00:00,PUMP102.VIBRATION_RMS,1.845,mm/s,GOOD
2024-04-29 12:00:00,PUMP102.VIBRATION_RMS,2.654,mm/s,GOOD
2024-04-29 18:00:00,PUMP102.VIBRATION_RMS,2.53,mm/s,GOOD
2024-04-30 00:00:00,PUMP102.VIBRATION_RMS,2.139,mm/s,GOOD
2024-04-30 06:00:00,PUMP102.VIBRATION_RMS,1.915,mm/s,GOOD
2024-04-30 12:00:00,PUMP102.VIBRATION_RMS,2.613,mm/s,GOOD
2024-04-30 18:00:00,PUMP102.VIBRATION_RMS,2.09,mm/s,GOOD
2024-05-01 00:00:00,PUMP102.VIBRATION_RMS,1.691,mm/s,GOOD
2024-05-01 06:00:00,PUMP102.VIBRATION_RMS,1.242,mm/s,GOOD
2024-05-01 12:00:00,PUMP102.VIBRATION_RMS,1.879,mm/s,BAD
2024-05-01 18:00:00,PUMP102.VIBRATION_RMS,2.477,mm/s,GOOD
2024-05-02 00:00:00,PUMP102.VIBRATION_RMS,3.238,mm/s,GOOD
2024-05-02 06:00:00,PUMP102.VIBRATION_RMS,2.131,mm/s,GOOD
2024-05-02 12:00:00,PUMP102.VIBRATION_RMS,1.717,mm/s,GOOD
2024-05-02 18:00:00,PUMP102.VIBRATION_RMS,1.508,mm/s,GOOD
2024-05-03 00:00:00,PUMP102.VIBRATION_RMS,2.376,mm/s,GOOD
2024-05-03 06:00:00,PUMP102.VIBRATION_RMS,1.218,mm/s,GOOD
2024-05-03 12:00:00,PUMP102.VIBRATION_RMS,2.375,mm/s,GOOD
2024-05-03 18:00:00,PUMP102.VIBRATION_RMS,2.509,mm/s,GOOD
2024-05-04 00:00:00,PUMP102.VIBRATION_RMS,2.318,mm/s,GOOD
2024-05-04 06:00:00,PUMP102.VIBRATION_RMS,1.99,mm/s,GOOD
2024-05-04 12:00:00,PUMP102.VIBRATION_RMS,2.382,mm/s,GOOD
2024-05-04 18:00:00,PUMP102.VIBRATION_RMS,2.185,mm/s,GOOD
2024-05-05 00:00:00,PUMP102.VIBRATION_RMS,1.711,mm/s,GOOD
2024-05-05 06:00:00,PUMP102.VIBRATION_RMS,3.025,mm/s,GOOD
2024-05-05 12:00:00,PUMP102.VIBRATION_RMS,1.924,mm/s,GOOD
2024-05-05 18:00:00,PUMP102.VIBRATION_RMS,2.488,mm/s,GOOD
2024-05-06 00:00:00,PUMP102.VIBRATION_RMS,0.891,mm/s,GOOD
2024-05-06 06:00:00,PUMP102.VIBRATION_RMS,2.738,mm/s,GOOD
2024-05-06 12:00:00,PUMP102.VIBRATION_RMS,2.834,mm/s,GOOD
2024-05-06 18:00:00,PUMP102.VIBRATION_RMS,2.115,mm/s,GOOD
2024-05-07 00:00:00,PUMP102.VIBRATION_RMS,2.379,mm/s,GOOD
2024-05-07 06:00:00,PUMP102.VIBRATION_RMS,2.379,mm/s,GOOD
2024-05-07 12:00:00,PUMP102.VIBRATION_RMS,1.779,mm/s,GOOD
2024-05-07 18:00:00,PUMP102.VIBRATION_RMS,2.374,mm/s,GOOD
2024-05-08 00:00:00,PUMP102.VIBRATION_RMS,1.696,mm/s,GOOD
2024-05-08 06:00:00,PUMP102.VIBRATION_RMS,1.796,mm/s,GOOD
2024-05-08 12:00:00,PUMP102.VIBRATION_RMS,2.663,mm/s,GOOD
2024-05-08 18:00:00,PUMP102.VIBRATION_RMS,2.587,mm/s,GOOD
2024-05-09 00:00:00,PUMP102.VIBRATION_RMS,1.747,mm/s,GOOD
2024-05-09 06:00:00,PUMP102.VIBRATION_RMS,1.733,mm/s,BAD
2024-05-09 12:00:00,PUMP102.VIBRATION_RMS,1.777,mm/s,GOOD
2024-05-09 18:00:00,PUMP102.VIBRATION_RMS,2.466,mm/s,GOOD
2024-05-10 00:00:00,PUMP102.VIBRATION_RMS,1.6,mm/s,GOOD
2024-05-10 06:00:00,PUMP102.VIBRATION_RMS,2.278,mm/s,GOOD
2024-05-10 12:00:00,PUMP102.VIBRATION_RMS,2.473,mm/s,GOOD
2024-05-10 18:00:00,PUMP102.VIBRATION_RMS,2.056,mm/s,GOOD
2024-05-11 00:00:00,PUMP102.VIBRATION_RMS,2.605,mm/s,GOOD
2024-05-11 06:00:00,PUMP102.VIBRATION_RMS,1.948,mm/s,GOOD
2024-05-11 12:00:00,PUMP102.VIBRATION_RMS,1.993,mm/s,GOOD
2024-05-11 18:00:00,PUMP102.VIBRATION_RMS,1.611,mm/s,GOOD
2024-05-12 00:00:00,PUMP102.VIBRATION_RMS,2.609,mm/s,GOOD
2024-05-12 06:00:00,PUMP102.VIBRATION_RMS,1.717,mm/s,GOOD
2024-05-12 12:00:00,PUMP102.VIBRATION_RMS,2.275,mm/s,GOOD
2024-05-12 18:00:00,PUMP102.VIBRATION_RMS,2.064,mm/s,GOOD
2024-05-13 00:00:00,PUMP102.VIBRATION_RMS,1.574,mm/s,GOOD
2024-05-13 06:00:00,PUMP102.VIBRATION_RMS,1.795,mm/s,GOOD
2024-05-13 12:00:00,PUMP102.VIBRATION_RMS,2.791,mm/s,GOOD
2024-05-13 18:00:00,PUMP102.VIBRATION_RMS,2.201,mm/s,GOOD
2024-05-14 00:00:00,PUMP102.VIBRATION_RMS,1.595,mm/s,GOOD
2024-05-14 06:00:00,PUMP102.VIBRATION_RMS,2.253,mm/s,GOOD
2024-05-14 12:00:00,PUMP102.VIBRATION_RMS,2.027,mm/s,GOOD
2024-05-14 18:00:00,PUMP102.VIBRATION_RMS,3.827,mm/s,GOOD
2024-05-15 00:00:00,PUMP102.VIBRATION_RMS,2.243,mm/s,GOOD
2024-05-15 06:00:00,PUMP102.VIBRATION_RMS,1.91,mm/s,GOOD
2024-05-15 12:00:00,PUMP102.VIBRATION_RMS,2.81,mm/s,GOOD
2024-05-15 18:00:00,PUMP102.VIBRATION_RMS,1.179,mm/s,GOOD
2024-05-16 00:00:00,PUMP102.VIBRATION_RMS,2.147,mm/s,GOOD
2024-05-16 06:00:00,PUMP102.VIBRATION_RMS,3.097,mm/s,GOOD
2024-05-16 12:00:00,PUMP102.VIBRATION_RMS,2.042,mm/s,GOOD
2024-05-16 18:00:00,PUMP102.VIBRATION_RMS,1.233,mm/s,GOOD
2024-05-17 00:00:00,PUMP102.VIBRATION_RMS,1.902,mm/s,GOOD
2024-05-17 06:00:00,PUMP102.VIBRATION_RMS,2.827,mm/s,GOOD
2024-05-17 12:00:00,PUMP102.VIBRATION_RMS,2.288,mm/s,GOOD
2024-05-17 18:00:00,PUMP102.VIBRATION_RMS,1.681,mm/s,GOOD
2024-05-18 00:00:00,PUMP102.VIBRATION_RMS,1.757,mm/s,GOOD
2024-05-18 06:00:00,PUMP102.VIBRATION_RMS,1.82,mm/s,GOOD
2024-05-18 12:00:00,PUMP102.VIBRATION_RMS,2.281,mm/s,GOOD
2024-05-18 18:00:00,PUMP102.VIBRATION_RMS,2.769,mm/s,GOOD
2024-05-19 00:00:00,PUMP102.VIBRATION_RMS,2.626,mm/s,GOOD
2024-05-19 06:00:00,PUMP102.VIBRATION_RMS,2.328,mm/s,GOOD
2024-05-19 12:00:00,PUMP102.VIBRATION_RMS,1.434,mm/s,GOOD
2024-05-19 18:00:00,PUMP102.VIBRATION_RMS,1.436,mm/s,GOOD
2024-05-20 00:00:00,PUMP102.VIBRATION_RMS,2.367,mm/s,GOOD
2024-05-20 06:00:00,PUMP102.VIBRATION_RMS,1.427,mm/s,GOOD
2024-05-20 12:00:00,PUMP102.VIBRATION_RMS,1.987,mm/s,GOOD
2024-05-20 18:00:00,PUMP102.VIBRATION_RMS,2.252,mm/s,GOOD
2024-05-21 00:00:00,PUMP102.VIBRATION_RMS,1.531,mm/s,BAD
2024-05-21 06:00:00,PUMP102.VIBRATION_RMS,1.588,mm/s,GOOD
2024-05-21 12:00:00,PUMP102.VIBRATION_RMS,2.053,mm/s,GOOD
2024-05-21 18:00:00,PUMP102.VIBRATION_RMS,2.352,mm/s,GOOD
2024-05-22 00:00:00,PUMP102.VIBRATION_RMS,2.631,mm/s,GOOD
2024-05-22 06:00:00,PUMP102.VIBRATION_RMS,2.404,mm/s,GOOD
2024-05-22 12:00:00,PUMP102.VIBRATION_RMS,2.137,mm/s,GOOD
2024-05-22 18:00:00,PUMP102.VIBRATION_RMS,1.727,mm/s,GOOD
2024-05-23 00:00:00,PUMP102.VIBRATION_RMS,1.565,mm/s,BAD
2024-05-23 06:00:00,PUMP102.VIBRATION_RMS,1.845,mm/s,GOOD
2024-05-23 12:00:00,PUMP102.VIBRATION_RMS,2.305,mm/s,GOOD
2024-05-23 18:00:00,PUMP102.VIBRATION_RMS,2.268,mm/s,GOOD
2024-05-24 00:00:00,PUMP102.VIBRATION_RMS,1.05,mm/s,GOOD
2024-05-24 06:00:00,PUMP102.VIBRATION_RMS,1.707,mm/s,GOOD
2024-05-24 12:00:00,PUMP102.VIBRATION_RMS,2.702,mm/s,GOOD
2024-05-24 18:00:00,PUMP102.VIBRATION_RMS,2.14,mm/s,GOOD
2024-05-25 00:00:00,PUMP102.VIBRATION_RMS,1.391,mm/s,GOOD
2024-05-25 06:00:00,PUMP102.VIBRATION_RMS,3.278,mm/s,GOOD
2024-05-25 12:00:00,PUMP102.VIBRATION_RMS,2.086,mm/s,GOOD
2024-05-25 18:00:00,PUMP102.VIBRATION_RMS,2.292,mm/s,GOOD
2024-05-26 00:00:00,PUMP102.VIBRATION_RMS,2.3,mm/s,GOOD
2024-05-26 06:00:00,PUMP102.VIBRATION_RMS,1.916,mm/s,GOOD
2024-05-26 12:00:00,PUMP102.VIBRATION_RMS,1.736,mm/s,GOOD
2024-05-26 18:00:00,PUMP102.VIBRATION_RMS,3.161,mm/s,GOOD
2024-05-27 00:00:00,PUMP102.VIBRATION_RMS,2.602,mm/s,GOOD
2024-05-27 06:00:00,PUMP102.VIBRATION_RMS,2.511,mm/s,GOOD
2024-05-27 12:00:00,PUMP102.VIBRATION_RMS,2.388,mm/s,GOOD
2024-05-27 18:00:00,PUMP102.VIBRATION_RMS,1.598,mm/s,GOOD
2024-05-28 00:00:00,PUMP102.VIBRATION_RMS,2.739,mm/s,GOOD
2024-05-28 06:00:00,PUMP102.VIBRATION_RMS,1.678,mm/s,GOOD
2024-05-28 12:00:00,PUMP102.VIBRATION_RMS,2.242,mm/s,GOOD
2024-05-28 18:00:00,PUMP102.VIBRATION_RMS,1.28,mm/s,GOOD
2024-05-29 00:00:00,PUMP102.VIBRATION_RMS,1.08,mm/s,GOOD
2024-05-29 06:00:00,PUMP102.VIBRATION_RMS,2.259,mm/s,GOOD
2024-05-29 12:00:00,PUMP102.VIBRATION_RMS,1.695,mm/s,GOOD
2024-05-29 18:00:00,PUMP102.VIBRATION_RMS,1.105,mm/s,GOOD
2024-05-30 00:00:00,PUMP102.VIBRATION_RMS,2.37,mm/s,GOOD
2024-05-30 06:00:00,PUMP102.VIBRATION_RMS,3.16,mm/s,GOOD
2024-05-30 12:00:00,PUMP102.VIBRATION_RMS,2.795,mm/s,GOOD
2024-05-30 18:00:00,PUMP102.VIBRATION_RMS,1.971,mm/s,BAD
2024-05-31 00:00:00,PUMP102.VIBRATION_RMS,2.104,mm/s,GOOD
2024-05-31 06:00:00,PUMP102.VIBRATION_RMS,2.544,mm/s,GOOD
2024-05-31 12:00:00,PUMP102.VIBRATION_RMS,2.661,mm/s,GOOD
2024-05-31 18:00:00,PUMP102.VIBRATION_RMS,1.928,mm/s,GOOD
2024-06-01 00:00:00,PUMP102.VIBRATION_RMS,2.117,mm/s,GOOD
2024-06-01 06:00:00,PUMP102.VIBRATION_RMS,2.25,mm/s,GOOD
2024-06-01 12:00:00,PUMP102.VIBRATION_RMS,2.377,mm/s,GOOD
2024-06-01 18:00:00,PUMP102.VIBRATION_RMS,2.033,mm/s,GOOD
2024-06-02 00:00:00,PUMP102.VIBRATION_RMS,2.04,mm/s,GOOD
2024-06-02 06:00:00,PUMP102.VIBRATION_RMS,2.79,mm/s,GOOD
2024-06-02 12:00:00,PUMP102.VIBRATION_RMS,2.705,mm/s,GOOD
2024-06-02 18:00:00,PUMP102.VIBRATION_RMS,2.339,mm/s,GOOD
2024-06-03 00:00:00,PUMP102.VIBRATION_RMS,2.96,mm/s,GOOD
2024-06-03 06:00:00,PUMP102.VIBRATION_RMS,1.907,mm/s,GOOD
2024-06-03 12:00:00,PUMP102.VIBRATION_RMS,2.911,mm/s,GOOD
2024-06-03 18:00:00,PUMP102.VIBRATION_RMS,2.371,mm/s,GOOD
2024-06-04 00:00:00,PUMP102.VIBRATION_RMS,3.736,mm/s,GOOD
2024-06-04 06:00:00,PUMP102.VIBRATION_RMS,1.504,mm/s,GOOD
2024-06-04 12:00:00,PUMP102.VIBRATION_RMS,1.755,mm/s,GOOD
2024-06-04 18:00:00,PUMP102.VIBRATION_RMS,2.309,mm/s,GOOD
2024-06-05 00:00:00,PUMP102.VIBRATION_RMS,2.299,mm/s,GOOD
2024-06-05 06:00:00,PUMP102.VIBRATION_RMS,3.075,mm/s,GOOD
2024-06-05 12:00:00,PUMP102.VIBRATION_RMS,1.766,mm/s,GOOD
2024-06-05 18:00:00,PUMP102.VIBRATION_RMS,2.552,mm/s,GOOD
2024-06-06 00:00:00,PUMP102.VIBRATION_RMS,2.681,mm/s,GOOD
2024-06-06 06:00:00,PUMP102.VIBRATION_RMS,2.452,mm/s,GOOD
2024-06-06 12:00:00,PUMP102.VIBRATION_RMS,1.62,mm/s,GOOD
2024-06-06 18:00:00,PUMP102.VIBRATION_RMS,2.804,mm/s,GOOD
2024-06-07 00:00:00,PUMP102.VIBRATION_RMS,2.715,mm/s,GOOD
2024-06-07 06:00:00,PUMP102.VIBRATION_RMS,2.4,mm/s,GOOD
2024-06-07 12:00:00,PUMP102.VIBRATION_RMS,2.202,mm/s,GOOD
2024-06-07 18:00:00,PUMP102.VIBRATION_RMS,2.213,mm/s,GOOD
2024-06-08 00:00:00,PUMP102.VIBRATION_RMS,2.061,mm/s,GOOD
2024-06-08 06:00:00,PUMP102.VIBRATION_RMS,2.42,mm/s,GOOD
2024-06-08 12:00:00,PUMP102.VIBRATION_RMS,2.116,mm/s,GOOD
2024-06-08 18:00:00,PUMP102.VIBRATION_RMS,1.676,mm/s,GOOD
2024-06-09 00:00:00,PUMP102.VIBRATION_RMS,1.576,mm/s,GOOD
2024-06-09 06:00:00,PUMP102.VIBRATION_RMS,1.724,mm/s,GOOD
2024-06-09 12:00:00,PUMP102.VIBRATION_RMS,2.211,mm/s,GOOD
2024-06-09 18:00:00,PUMP102.VIBRATION_RMS,2.087,mm/s,GOOD
2024-06-10 00:00:00,PUMP102.VIBRATION_RMS,2.208,mm/s,GOOD
2024-06-10 06:00:00,PUMP102.VIBRATION_RMS,2.35,mm/s,GOOD
2024-06-10 12:00:00,PUMP102.VIBRATION_RMS,1.786,mm/s,GOOD
2024-06-10 18:00:00,PUMP102.VIBRATION_RMS,2.833,mm/s,GOOD
2024-06-11 00:00:00,PUMP102.VIBRATION_RMS,1.966,mm/s,GOOD
2024-06-11 06:00:00,PUMP102.VIBRATION_RMS,1.883,mm/s,GOOD
2024-06-11 12:00:00,PUMP102.VIBRATION_RMS,2.341,mm/s,GOOD
2024-06-11 18:00:00,PUMP102.VIBRATION_RMS,1.182,mm/s,GOOD
2024-06-12 00:00:00,PUMP102.VIBRATION_RMS,1.705,mm/s,GOOD
2024-06-12 06:00:00,PUMP102.VIBRATION_RMS,2.591,mm/s,GOOD
2024-06-12 12:00:00,PUMP102.VIBRATION_RMS,1.231,mm/s,GOOD
2024-06-12 18:00:00,PUMP102.VIBRATION_RMS,2.659,mm/s,GOOD
2024-06-13 00:00:00,PUMP102.VIBRATION_RMS,2.856,mm/s,GOOD
2024-06-13 06:00:00,PUMP102.VIBRATION_RMS,1.915,mm/s,GOOD
2024-06-13 12:00:00,PUMP102.VIBRATION_RMS,2.246,mm/s,GOOD
2024-06-13 18:00:00,PUMP102.VIBRATION_RMS,2.66,mm/s,GOOD
2024-06-14 00:00:00,PUMP102.VIBRATION_RMS,1.867,mm/s,GOOD
2024-06-14 06:00:00,PUMP102.VIBRATION_RMS,2.534,mm/s,GOOD
2024-06-14 12:00:00,PUMP102.VIBRATION_RMS,1.764,mm/s,GOOD
2024-06-14 18:00:00,PUMP102.VIBRATION_RMS,1.861,mm/s,GOOD
2024-06-15 00:00:00,PUMP102.VIBRATION_RMS,1.7,mm/s,GOOD
2024-06-15 06:00:00,PUMP102.VIBRATION_RMS,2.271,mm/s,GOOD
2024-06-15 12:00:00,PUMP102.VIBRATION_RMS,2.679,mm/s,GOOD
2024-06-15 18:00:00,PUMP102.VIBRATION_RMS,2.008,mm/s,GOOD
2024-06-16 00:00:00,PUMP102.VIBRATION_RMS,1.464,mm/s,GOOD
2024-06-16 06:00:00,PUMP102.VIBRATION_RMS,1.559,mm/s,GOOD
2024-06-16 12:00:00,PUMP102.VIBRATION_RMS,2.297,mm/s,GOOD
2024-06-16 18:00:00,PUMP102.VIBRATION_RMS,3.022,mm/s,GOOD
2024-06-17 00:00:00,PUMP102.VIBRATION_RMS,2.297,mm/s,GOOD
2024-06-17 06:00:00,PUMP102.VIBRATION_RMS,1.907,mm/s,GOOD
2024-06-17 12:00:00,PUMP102.VIBRATION_RMS,2.483,mm/s,GOOD
2024-06-17 18:00:00,PUMP102.VIBRATION_RMS,1.98,mm/s,GOOD
2024-06-18 00:00:00,PUMP102.VIBRATION_RMS,1.911,mm/s,GOOD
2024-06-18 06:00:00,PUMP102.VIBRATION_RMS,1.621,mm/s,GOOD
2024-06-18 12:00:00,PUMP102.VIBRATION_RMS,2.804,mm/s,GOOD
2024-06-18 18:00:00,PUMP102.VIBRATION_RMS,0.83,mm/s,GOOD
2024-06-19 00:00:00,PUMP102.VIBRATION_RMS,2.499,mm/s,GOOD
2024-06-19 06:00:00,PUMP102.VIBRATION_RMS,1.868,mm/s,GOOD
2024-06-19 12:00:00,PUMP102.VIBRATION_RMS,1.895,mm/s,GOOD
2024-06-19 18:00:00,PUMP102.VIBRATION_RMS,2.946,mm/s,GOOD
2024-06-20 00:00:00,PUMP102.VIBRATION_RMS,1.743,mm/s,GOOD
2024-06-20 06:00:00,PUMP102.VIBRATION_RMS,1.76,mm/s,GOOD
2024-06-20 12:00:00,PUMP102.VIBRATION_RMS,2.035,mm/s,GOOD
2024-06-20 18:00:00,PUMP102.VIBRATION_RMS,2.307,mm/s,GOOD
2024-06-21 00:00:00,PUMP102.VIBRATION_RMS,1.879,mm/s,GOOD
2024-06-21 06:00:00,PUMP102.VIBRATION_RMS,1.313,mm/s,GOOD
2024-06-21 12:00:00,PUMP102.VIBRATION_RMS,1.667,mm/s,GOOD
2024-06-21 18:00:00,PUMP102.VIBRATION_RMS,2.741,mm/s,GOOD
2024-06-22 00:00:00,PUMP102.VIBRATION_RMS,2.137,mm/s,GOOD
2024-06-22 06:00:00,PUMP102.VIBRATION_RMS,2.326,mm/s,GOOD
2024-06-22 12:00:00,PUMP102.VIBRATION_RMS,1.969,mm/s,GOOD
2024-06-22 18:00:00,PUMP102.VIBRATION_RMS,1.77,mm/s,GOOD
2024-06-23 00:00:00,PUMP102.VIBRATION_RMS,2.939,mm/s,GOOD
2024-06-23 06:00:00,PUMP102.VIBRATION_RMS,2.006,mm/s,GOOD
2024-06-23 12:00:00,PUMP102.VIBRATION_RMS,1.878,mm/s,GOOD
2024-06-23 18:00:00,PUMP102.VIBRATION_RMS,2.648,mm/s,GOOD
2024-06-24 00:00:00,PUMP102.VIBRATION_RMS,1.739,mm/s,GOOD
2024-06-24 06:00:00,PUMP102.VIBRATION_RMS,1.803,mm/s,GOOD
2024-06-24 12:00:00,PUMP102.VIBRATION_RMS,2.105,mm/s,GOOD
2024-06-24 18:00:00,PUMP102.VIBRATION_RMS,2.1,mm/s,GOOD
2024-06-25 00:00:00,PUMP102.VIBRATION_RMS,2.23,mm/s,GOOD
2024-06-25 06:00:00,PUMP102.VIBRATION_RMS,3.146,mm/s,GOOD
2024-06-25 12:00:00,PUMP102.VIBRATION_RMS,2.268,mm/s,GOOD
2024-06-25 18:00:00,PUMP102.VIBRATION_RMS,0.911,mm/s,GOOD
2024-06-26 00:00:00,PUMP102.VIBRATION_RMS,2.263,mm/s,GOOD
2024-06-26 06:00:00,PUMP102.VIBRATION_RMS,2.119,mm/s,GOOD
2024-06-26 12:00:00,PUMP102.VIBRATION_RMS,2.122,mm/s,GOOD
2024-06-26 18:00:00,PUMP102.VIBRATION_RMS,2.223,mm/s,GOOD
2024-06-27 00:00:00,PUMP102.VIBRATION_RMS,2.086,mm/s,GOOD
2024-06-27 06:00:00,PUMP102.VIBRATION_RMS,2.074,mm/s,GOOD
2024-06-27 12:00:00,PUMP102.VIBRATION_RMS,2.407,mm/s,GOOD
2024-06-27 18:00:00,PUMP102.VIBRATION_RMS,1.829,mm/s,GOOD
2024-06-28 00:00:00,PUMP102.VIBRATION_RMS,1.626,mm/s,GOOD
2024-06-28 06:00:00,PUMP102.VIBRATION_RMS,3.612,mm/s,GOOD
2024-06-28 12:00:00,PUMP102.VIBRATION_RMS,1.742,mm/s,GOOD
2024-06-28 18:00:00,PUMP102.VIBRATION_RMS,2.15,mm/s,GOOD
2024-06-29 00:00:00,PUMP102.VIBRATION_RMS,1.352,mm/s,GOOD
2024-06-29 06:00:00,PUMP102.VIBRATION_RMS,2.158,mm/s,GOOD
2024-06-29 12:00:00,PUMP102.VIBRATION_RMS,1.633,mm/s,GOOD
2024-06-29 18:00:00,PUMP102.VIBRATION_RMS,1.879,mm/s,GOOD
2024-06-30 00:00:00,PUMP102.VIBRATION_RMS,2.623,mm/s,GOOD
2024-06-30 06:00:00,PUMP102.VIBRATION_RMS,2.336,mm/s,GOOD
2024-06-30 12:00:00,PUMP102.VIBRATION_RMS,2.384,mm/s,GOOD
2024-06-30 18:00:00,PUMP102.VIBRATION_RMS,1.214,mm/s,GOOD
2024-07-01 00:00:00,PUMP102.VIBRATION_RMS,3.018,mm/s,GOOD
2024-07-01 06:00:00,PUMP102.VIBRATION_RMS,1.504,mm/s,GOOD
2024-07-01 12:00:00,PUMP102.VIBRATION_RMS,2.864,mm/s,GOOD
2024-07-01 18:00:00,PUMP102.VIBRATION_RMS,2.611,mm/s,GOOD
2024-07-02 00:00:00,PUMP102.VIBRATION_RMS,2.389,mm/s,GOOD
2024-07-02 06:00:00,PUMP102.VIBRATION_RMS,1.673,mm/s,GOOD
2024-07-02 12:00:00,PUMP102.VIBRATION_RMS,2.176,mm/s,GOOD
2024-07-02 18:00:00,PUMP102.VIBRATION_RMS,1.865,mm/s,GOOD
2024-07-03 00:00:00,PUMP102.VIBRATION_RMS,2.115,mm/s,GOOD
2024-07-03 06:00:00,PUMP102.VIBRATION_RMS,1.975,mm/s,GOOD
2024-07-03 12:00:00,PUMP102.VIBRATION_RMS,1.081,mm/s,GOOD
2024-07-03 18:00:00,PUMP102.VIBRATION_RMS,2.661,mm/s,GOOD
2024-07-04 00:00:00,PUMP102.VIBRATION_RMS,2.059,mm/s,GOOD
2024-07-04 06:00:00,PUMP102.VIBRATION_RMS,1.858,mm/s,GOOD
2024-07-04 12:00:00,PUMP102.VIBRATION_RMS,1.82,mm/s,GOOD
2024-07-04 18:00:00,PUMP102.VIBRATION_RMS,2.279,mm/s,GOOD
2024-07-05 00:00:00,PUMP102.VIBRATION_RMS,1.653,mm/s,GOOD
2024-07-05 06:00:00,PUMP102.VIBRATION_RMS,0.972,mm/s,GOOD
2024-07-05 12:00:00,PUMP102.VIBRATION_RMS,2.304,mm/s,GOOD
2024-07-05 18:00:00,PUMP102.VIBRATION_RMS,2.36,mm/s,GOOD
2024-07-06 00:00:00,PUMP102.VIBRATION_RMS,2.0,mm/s,GOOD
2024-07-06 06:00:00,PUMP102.VIBRATION_RMS,1.526,mm/s,GOOD
2024-07-06 12:00:00,PUMP102.VIBRATION_RMS,2.144,mm/s,GOOD
2024-07-06 18:00:00,PUMP102.VIBRATION_RMS,1.368,mm/s,GOOD
2024-07-07 00:00:00,PUMP102.VIBRATION_RMS,1.586,mm/s,GOOD
2024-07-07 06:00:00,PUMP102.VIBRATION_RMS,1.725,mm/s,GOOD
2024-07-07 12:00:00,PUMP102.VIBRATION_RMS,2.522,mm/s,GOOD
2024-07-07 18:00:00,PUMP102.VIBRATION_RMS,1.919,mm/s,GOOD
2024-07-08 00:00:00,PUMP102.VIBRATION_RMS,1.876,mm/s,GOOD
2024-07-08 06:00:00,PUMP102.VIBRATION_RMS,3.077,mm/s,GOOD
2024-07-08 12:00:00,PUMP102.VIBRATION_RMS,2.276,mm/s,GOOD
2024-07-08 18:00:00,PUMP102.VIBRATION_RMS,2.269,mm/s,GOOD
2024-07-09 00:00:00,PUMP102.VIBRATION_RMS,1.915,mm/s,GOOD
2024-07-09 06:00:00,PUMP102.VIBRATION_RMS,1.802,mm/s,GOOD
2024-07-09 12:00:00,PUMP102.VIBRATION_RMS,1.007,mm/s,GOOD
2024-07-09 18:00:00,PUMP102.VIBRATION_RMS,2.584,mm/s,GOOD
2024-07-10 00:00:00,PUMP102.VIBRATION_RMS,2.324,mm/s,GOOD
2024-07-10 06:00:00,PUMP102.VIBRATION_RMS,2.01,mm/s,GOOD
2024-07-10 12:00:00,PUMP102.VIBRATION_RMS,2.031,mm/s,GOOD
2024-07-10 18:00:00,PUMP102.VIBRATION_RMS,2.468,mm/s,GOOD
2024-07-11 00:00:00,PUMP102.VIBRATION_RMS,1.323,mm/s,GOOD
2024-07-11 06:00:00,PUMP102.VIBRATION_RMS,1.805,mm/s,GOOD
2024-07-11 12:00:00,PUMP102.VIBRATION_RMS,1.532,mm/s,GOOD
2024-07-11 18:00:00,PUMP102.VIBRATION_RMS,2.986,mm/s,GOOD
2024-07-12 00:00:00,PUMP102.VIBRATION_RMS,2.538,mm/s,GOOD
2024-07-12 06:00:00,PUMP102.VIBRATION_RMS,0.999,mm/s,GOOD
2024-07-12 12:00:00,PUMP102.VIBRATION_RMS,1.343,mm/s,GOOD
2024-07-12 18:00:00,PUMP102.VIBRATION_RMS,2.034,mm/s,GOOD
2024-07-13 00:00:00,PUMP102.VIBRATION_RMS,1.864,mm/s,GOOD
2024-07-13 06:00:00,PUMP102.VIBRATION_RMS,1.438,mm/s,GOOD
2024-07-13 12:00:00,PUMP102.VIBRATION_RMS,3.072,mm/s,GOOD
2024-07-13 18:00:00,PUMP102.VIBRATION_RMS,2.256,mm/s,GOOD
2024-07-14 00:00:00,PUMP102.VIBRATION_RMS,2.337,mm/s,GOOD
2024-07-14 06:00:00,PUMP102.VIBRATION_RMS,1.754,mm/s,GOOD
2024-07-14 12:00:00,PUMP102.VIBRATION_RMS,2.461,mm/s,GOOD
2024-07-14 18:00:00,PUMP102.VIBRATION_RMS,1.91,mm/s,GOOD
2024-07-15 00:00:00,PUMP102.VIBRATION_RMS,1.958,mm/s,GOOD
2024-07-15 06:00:00,PUMP102.VIBRATION_RMS,2.406,mm/s,GOOD
2024-07-15 12:00:00,PUMP102.VIBRATION_RMS,1.286,mm/s,GOOD
2024-07-15 18:00:00,PUMP102.VIBRATION_RMS,2.899,mm/s,GOOD
2024-07-16 00:00:00,PUMP102.VIBRATION_RMS,2.191,mm/s,GOOD
2024-07-16 06:00:00,PUMP102.VIBRATION_RMS,2.74,mm/s,GOOD
2024-07-16 12:00:00,PUMP102.VIBRATION_RMS,1.562,mm/s,GOOD
2024-07-16 18:00:00,PUMP102.VIBRATION_RMS,1.638,mm/s,GOOD
2024-07-17 00:00:00,PUMP102.VIBRATION_RMS,1.519,mm/s,GOOD
2024-07-17 06:00:00,PUMP102.VIBRATION_RMS,2.225,mm/s,GOOD
2024-07-17 12:00:00,PUMP102.VIBRATION_RMS,2.133,mm/s,GOOD
2024-07-17 18:00:00,PUMP102.VIBRATION_RMS,1.868,mm/s,GOOD
2024-07-18 00:00:00,PUMP102.VIBRATION_RMS,1.593,mm/s,GOOD
2024-07-18 06:00:00,PUMP102.VIBRATION_RMS,1.467,mm/s,GOOD
2024-07-18 12:00:00,PUMP102.VIBRATION_RMS,2.076,mm/s,GOOD
2024-07-18 18:00:00,PUMP102.VIBRATION_RMS,1.867,mm/s,GOOD
2024-07-19 00:00:00,PUMP102.VIBRATION_RMS,1.757,mm/s,GOOD
2024-07-19 06:00:00,PUMP102.VIBRATION_RMS,2.874,mm/s,GOOD
2024-07-19 12:00:00,PUMP102.VIBRATION_RMS,2.059,mm/s,GOOD
2024-07-19 18:00:00,PUMP102.VIBRATION_RMS,2.735,mm/s,GOOD
2024-07-20 00:00:00,PUMP102.VIBRATION_RMS,1.833,mm/s,GOOD
2024-07-20 06:00:00,PUMP102.VIBRATION_RMS,2.222,mm/s,GOOD
2024-07-20 12:00:00,PUMP102.VIBRATION_RMS,2.072,mm/s,GOOD
2024-07-20 18:00:00,PUMP102.VIBRATION_RMS,1.251,mm/s,GOOD
2024-07-21 00:00:00,PUMP102.VIBRATION_RMS,2.814,mm/s,GOOD
2024-07-21 06:00:00,PUMP102.VIBRATION_RMS,2.032,mm/s,GOOD
2024-07-21 12:00:00,PUMP102.VIBRATION_RMS,2.473,mm/s,GOOD
2024-07-21 18:00:00,PUMP102.VIBRATION_RMS,1.724,mm/s,GOOD
2024-07-22 00:00:00,PUMP102.VIBRATION_RMS,2.018,mm/s,GOOD
2024-07-22 06:00:00,PUMP102.VIBRATION_RMS,1.667,mm/s,GOOD
2024-07-22 12:00:00,PUMP102.VIBRATION_RMS,2.718,mm/s,GOOD
2024-07-22 18:00:00,PUMP102.VIBRATION_RMS,2.256,mm/s,GOOD
2024-07-23 00:00:00,PUMP102.VIBRATION_RMS,2.284,mm/s,GOOD
2024-07-23 06:00:00,PUMP102.VIBRATION_RMS,2.779,mm/s,GOOD
2024-07-23 12:00:00,PUMP102.VIBRATION_RMS,2.678,mm/s,GOOD
2024-07-23 18:00:00,PUMP102.VIBRATION_RMS,2.483,mm/s,GOOD
2024-07-24 00:00:00,PUMP102.VIBRATION_RMS,1.389,mm/s,GOOD
2024-07-24 06:00:00,PUMP102.VIBRATION_RMS,1.752,mm/s,GOOD
2024-07-24 12:00:00,PUMP102.VIBRATION_RMS,1.598,mm/s,GOOD
2024-07-24 18:00:00,PUMP102.VIBRATION_RMS,2.464,mm/s,GOOD
2024-07-25 00:00:00,PUMP102.VIBRATION_RMS,2.185,mm/s,GOOD
2024-07-25 06:00:00,PUMP102.VIBRATION_RMS,1.405,mm/s,GOOD
2024-07-25 12:00:00,PUMP102.VIBRATION_RMS,2.006,mm/s,GOOD
2024-07-25 18:00:00,PUMP102.VIBRATION_RMS,1.353,mm/s,GOOD
2024-07-26 00:00:00,PUMP102.VIBRATION_RMS,2.073,mm/s,GOOD
2024-07-26 06:00:00,PUMP102.VIBRATION_RMS,1.272,mm/s,GOOD
2024-07-26 12:00:00,PUMP102.VIBRATION_RMS,2.364,mm/s,GOOD
2024-07-26 18:00:00,PUMP102.VIBRATION_RMS,2.289,mm/s,GOOD
2024-07-27 00:00:00,PUMP102.VIBRATION_RMS,3.054,mm/s,GOOD
2024-07-27 06:00:00,PUMP102.VIBRATION_RMS,2.524,mm/s,GOOD
2024-07-27 12:00:00,PUMP102.VIBRATION_RMS,1.889,mm/s,GOOD
2024-07-27 18:00:00,PUMP102.VIBRATION_RMS,2.509,mm/s,GOOD
2024-07-28 00:00:00,PUMP102.VIBRATION_RMS,1.401,mm/s,GOOD
2024-07-28 06:00:00,PUMP102.VIBRATION_RMS,1.619,mm/s,GOOD
2024-07-28 12:00:00,PUMP102.VIBRATION_RMS,2.267,mm/s,GOOD
2024-07-28 18:00:00,PUMP102.VIBRATION_RMS,1.021,mm/s,GOOD
2024-07-29 00:00:00,PUMP102.VIBRATION_RMS,2.081,mm/s,GOOD
2024-07-29 06:00:00,PUMP102.VIBRATION_RMS,1.59,mm/s,GOOD
2024-07-29 12:00:00,PUMP102.VIBRATION_RMS,2.151,mm/s,GOOD
2024-07-29 18:00:00,PUMP102.VIBRATION_RMS,1.561,mm/s,GOOD
2024-07-30 00:00:00,PUMP102.VIBRATION_RMS,2.312,mm/s,GOOD
2024-07-30 06:00:00,PUMP102.VIBRATION_RMS,2.11,mm/s,GOOD
2024-07-30 12:00:00,PUMP102.VIBRATION_RMS,2.8,mm/s,GOOD
2024-07-30 18:00:00,PUMP102.VIBRATION_RMS,2.103,mm/s,BAD
2024-07-31 00:00:00,PUMP102.VIBRATION_RMS,1.716,mm/s,GOOD
2024-07-31 06:00:00,PUMP102.VIBRATION_RMS,1.977,mm/s,GOOD
2024-07-31 12:00:00,PUMP102.VIBRATION_RMS,1.428,mm/s,GOOD
2024-07-31 18:00:00,PUMP102.VIBRATION_RMS,2.303,mm/s,GOOD
2024-08-01 00:00:00,PUMP102.VIBRATION_RMS,2.395,mm/s,GOOD
2024-08-01 06:00:00,PUMP102.VIBRATION_RMS,3.335,mm/s,GOOD
2024-08-01 12:00:00,PUMP102.VIBRATION_RMS,1.789,mm/s,GOOD
2024-08-01 18:00:00,PUMP102.VIBRATION_RMS,1.966,mm/s,BAD
2024-08-02 00:00:00,PUMP102.VIBRATION_RMS,1.812,mm/s,GOOD
2024-08-02 06:00:00,PUMP102.VIBRATION_RMS,2.206,mm/s,GOOD
2024-08-02 12:00:00,PUMP102.VIBRATION_RMS,2.291,mm/s,GOOD
2024-08-02 18:00:00,PUMP102.VIBRATION_RMS,2.073,mm/s,GOOD
2024-08-03 00:00:00,PUMP102.VIBRATION_RMS,2.643,mm/s,GOOD
2024-08-03 06:00:00,PUMP102.VIBRATION_RMS,1.792,mm/s,GOOD
2024-08-03 12:00:00,PUMP102.VIBRATION_RMS,2.593,mm/s,GOOD
2024-08-03 18:00:00,PUMP102.VIBRATION_RMS,2.369,mm/s,GOOD
2024-08-04 00:00:00,PUMP102.VIBRATION_RMS,2.094,mm/s,GOOD
2024-08-04 06:00:00,PUMP102.VIBRATION_RMS,1.943,mm/s,GOOD
2024-08-04 12:00:00,PUMP102.VIBRATION_RMS,3.313,mm/s,GOOD
2024-08-04 18:00:00,PUMP102.VIBRATION_RMS,1.691,mm/s,GOOD
2024-08-05 00:00:00,PUMP102.VIBRATION_RMS,2.249,mm/s,GOOD
2024-08-05 06:00:00,PUMP102.VIBRATION_RMS,1.725,mm/s,GOOD
2024-08-05 12:00:00,PUMP102.VIBRATION_RMS,2.993,mm/s,GOOD
2024-08-05 18:00:00,PUMP102.VIBRATION_RMS,2.543,mm/s,GOOD
2024-08-06 00:00:00,PUMP102.VIBRATION_RMS,1.761,mm/s,GOOD
2024-08-06 06:00:00,PUMP102.VIBRATION_RMS,2.356,mm/s,GOOD
2024-08-06 12:00:00,PUMP102.VIBRATION_RMS,2.229,mm/s,GOOD
2024-08-06 18:00:00,PUMP102.VIBRATION_RMS,1.842,mm/s,GOOD
2024-08-07 00:00:00,PUMP102.VIBRATION_RMS,2.479,mm/s,GOOD
2024-08-07 06:00:00,PUMP102.VIBRATION_RMS,2.295,mm/s,GOOD
2024-08-07 12:00:00,PUMP102.VIBRATION_RMS,2.208,mm/s,GOOD
2024-08-07 18:00:00,PUMP102.VIBRATION_RMS,2.079,mm/s,GOOD
2024-08-08 00:00:00,PUMP102.VIBRATION_RMS,2.316,mm/s,GOOD
2024-08-08 06:00:00,PUMP102.VIBRATION_RMS,2.215,mm/s,GOOD
2024-08-08 12:00:00,PUMP102.VIBRATION_RMS,2.13,mm/s,GOOD
2024-08-08 18:00:00,PUMP102.VIBRATION_RMS,1.779,mm/s,GOOD
2024-08-09 00:00:00,PUMP102.VIBRATION_RMS,2.947,mm/s,GOOD
2024-08-09 06:00:00,PUMP102.VIBRATION_RMS,1.575,mm/s,GOOD
2024-08-09 12:00:00,PUMP102.VIBRATION_RMS,2.314,mm/s,GOOD
2024-08-09 18:00:00,PUMP102.VIBRATION_RMS,1.94,mm/s,GOOD
2024-08-10 00:00:00,PUMP102.VIBRATION_RMS,2.98,mm/s,GOOD
2024-08-10 06:00:00,PUMP102.VIBRATION_RMS,1.648,mm/s,GOOD
2024-08-10 12:00:00,PUMP102.VIBRATION_RMS,1.732,mm/s,GOOD
2024-08-10 18:00:00,PUMP102.VIBRATION_RMS,1.615,mm/s,GOOD
2024-08-11 00:00:00,PUMP102.VIBRATION_RMS,2.262,mm/s,GOOD
2024-08-11 06:00:00,PUMP102.VIBRATION_RMS,1.413,mm/s,GOOD
2024-08-11 12:00:00,PUMP102.VIBRATION_RMS,1.861,mm/s,GOOD
2024-08-11 18:00:00,PUMP102.VIBRATION_RMS,1.024,mm/s,GOOD
2024-08-12 00:00:00,PUMP102.VIBRATION_RMS,2.22,mm/s,GOOD
2024-08-12 06:00:00,PUMP102.VIBRATION_RMS,1.85,mm/s,GOOD
2024-08-12 12:00:00,PUMP102.VIBRATION_RMS,1.356,mm/s,GOOD
2024-08-12 18:00:00,PUMP102.VIBRATION_RMS,2.643,mm/s,GOOD
2024-08-13 00:00:00,PUMP102.VIBRATION_RMS,1.446,mm/s,GOOD
2024-08-13 06:00:00,PUMP102.VIBRATION_RMS,2.498,mm/s,GOOD
2024-08-13 12:00:00,PUMP102.VIBRATION_RMS,1.749,mm/s,GOOD
2024-08-13 18:00:00,PUMP102.VIBRATION_RMS,2.901,mm/s,GOOD
2024-08-14 00:00:00,PUMP102.VIBRATION_RMS,2.475,mm/s,GOOD
2024-08-14 06:00:00,PUMP102.VIBRATION_RMS,1.596,mm/s,GOOD
2024-08-14 12:00:00,PUMP102.VIBRATION_RMS,1.641,mm/s,GOOD
2024-08-14 18:00:00,PUMP102.VIBRATION_RMS,2.403,mm/s,GOOD
2024-08-15 00:00:00,PUMP102.VIBRATION_RMS,1.969,mm/s,GOOD
2024-08-15 06:00:00,PUMP102.VIBRATION_RMS,2.015,mm/s,GOOD
2024-08-15 12:00:00,PUMP102.VIBRATION_RMS,2.736,mm/s,GOOD
2024-08-15 18:00:00,PUMP102.VIBRATION_RMS,1.726,mm/s,GOOD
2024-08-16 00:00:00,PUMP102.VIBRATION_RMS,2.146,mm/s,GOOD
2024-08-16 06:00:00,PUMP102.VIBRATION_RMS,2.577,mm/s,GOOD
2024-08-16 12:00:00,PUMP102.VIBRATION_RMS,2.505,mm/s,GOOD
2024-08-16 18:00:00,PUMP102.VIBRATION_RMS,2.02,mm/s,GOOD
2024-08-17 00:00:00,PUMP102.VIBRATION_RMS,1.956,mm/s,GOOD
2024-08-17 06:00:00,PUMP102.VIBRATION_RMS,1.231,mm/s,GOOD
2024-08-17 12:00:00,PUMP102.VIBRATION_RMS,1.572,mm/s,GOOD
2024-08-17 18:00:00,PUMP102.VIBRATION_RMS,2.259,mm/s,GOOD
2024-08-18 00:00:00,PUMP102.VIBRATION_RMS,2.031,mm/s,GOOD
2024-08-18 06:00:00,PUMP102.VIBRATION_RMS,2.137,mm/s,GOOD
2024-08-18 12:00:00,PUMP102.VIBRATION_RMS,2.62,mm/s,GOOD
2024-08-18 18:00:00,PUMP102.VIBRATION_RMS,1.506,mm/s,GOOD
2024-08-19 00:00:00,PUMP102.VIBRATION_RMS,1.982,mm/s,GOOD
2024-08-19 06:00:00,PUMP102.VIBRATION_RMS,2.194,mm/s,GOOD
2024-08-19 12:00:00,PUMP102.VIBRATION_RMS,1.748,mm/s,GOOD
2024-08-19 18:00:00,PUMP102.VIBRATION_RMS,2.816,mm/s,GOOD
2024-08-20 00:00:00,PUMP102.VIBRATION_RMS,2.554,mm/s,GOOD
2024-08-20 06:00:00,PUMP102.VIBRATION_RMS,2.245,mm/s,GOOD
2024-08-20 12:00:00,PUMP102.VIBRATION_RMS,2.997,mm/s,GOOD
2024-08-20 18:00:00,PUMP102.VIBRATION_RMS,1.351,mm/s,GOOD
2024-08-21 00:00:00,PUMP102.VIBRATION_RMS,2.096,mm/s,GOOD
2024-08-21 06:00:00,PUMP102.VIBRATION_RMS,2.283,mm/s,GOOD
2024-08-21 12:00:00,PUMP102.VIBRATION_RMS,1.643,mm/s,GOOD
2024-08-21 18:00:00,PUMP102.VIBRATION_RMS,2.25,mm/s,GOOD
2024-08-22 00:00:00,PUMP102.VIBRATION_RMS,1.547,mm/s,GOOD
2024-08-22 06:00:00,PUMP102.VIBRATION_RMS,2.445,mm/s,GOOD
2024-08-22 12:00:00,PUMP102.VIBRATION_RMS,2.629,mm/s,GOOD
2024-08-22 18:00:00,PUMP102.VIBRATION_RMS,2.236,mm/s,GOOD
2024-08-23 00:00:00,PUMP102.VIBRATION_RMS,1.174,mm/s,BAD
2024-08-23 06:00:00,PUMP102.VIBRATION_RMS,1.617,mm/s,GOOD
2024-08-23 12:00:00,PUMP102.VIBRATION_RMS,2.382,mm/s,GOOD
2024-08-23 18:00:00,PUMP102.VIBRATION_RMS,2.111,mm/s,GOOD
2024-08-24 00:00:00,PUMP102.VIBRATION_RMS,0.753,mm/s,GOOD
2024-08-24 06:00:00,PUMP102.VIBRATION_RMS,2.721,mm/s,GOOD
2024-08-24 12:00:00,PUMP102.VIBRATION_RMS,2.168,mm/s,GOOD
2024-08-24 18:00:00,PUMP102.VIBRATION_RMS,1.69,mm/s,GOOD
2024-08-25 00:00:00,PUMP102.VIBRATION_RMS,2.597,mm/s,GOOD
2024-08-25 06:00:00,PUMP102.VIBRATION_RMS,1.761,mm/s,GOOD
2024-08-25 12:00:00,PUMP102.VIBRATION_RMS,1.756,mm/s,GOOD
2024-08-25 18:00:00,PUMP102.VIBRATION_RMS,2.279,mm/s,GOOD
2024-08-26 00:00:00,PUMP102.VIBRATION_RMS,2.991,mm/s,GOOD
2024-08-26 06:00:00,PUMP102.VIBRATION_RMS,2.912,mm/s,GOOD
2024-08-26 12:00:00,PUMP102.VIBRATION_RMS,2.28,mm/s,GOOD
2024-08-26 18:00:00,PUMP102.VIBRATION_RMS,2.331,mm/s,GOOD
2024-08-27 00:00:00,PUMP102.VIBRATION_RMS,2.496,mm/s,GOOD
2024-08-27 06:00:00,PUMP102.VIBRATION_RMS,1.472,mm/s,GOOD
2024-08-27 12:00:00,PUMP102.VIBRATION_RMS,2.422,mm/s,GOOD
2024-08-27 18:00:00,PUMP102.VIBRATION_RMS,1.733,mm/s,GOOD
2024-08-28 00:00:00,PUMP102.VIBRATION_RMS,2.259,mm/s,GOOD
2024-08-28 06:00:00,PUMP102.VIBRATION_RMS,1.986,mm/s,GOOD
2024-08-28 12:00:00,PUMP102.VIBRATION_RMS,2.351,mm/s,GOOD
2024-08-28 18:00:00,PUMP102.VIBRATION_RMS,2.159,mm/s,GOOD
2024-08-29 00:00:00,PUMP102.VIBRATION_RMS,0.563,mm/s,GOOD
2024-08-29 06:00:00,PUMP102.VIBRATION_RMS,2.189,mm/s,GOOD
2024-08-29 12:00:00,PUMP102.VIBRATION_RMS,2.421,mm/s,GOOD
2024-08-29 18:00:00,PUMP102.VIBRATION_RMS,2.323,mm/s,GOOD
2024-08-30 00:00:00,PUMP102.VIBRATION_RMS,2.049,mm/s,GOOD
2024-08-30 06:00:00,PUMP102.VIBRATION_RMS,2.921,mm/s,GOOD
2024-08-30 12:00:00,PUMP102.VIBRATION_RMS,2.256,mm/s,GOOD
2024-08-30 18:00:00,PUMP102.VIBRATION_RMS,2.319,mm/s,GOOD
2024-08-31 00:00:00,PUMP102.VIBRATION_RMS,2.622,mm/s,GOOD
2024-08-31 06:00:00,PUMP102.VIBRATION_RMS,2.281,mm/s,GOOD
2024-08-31 12:00:00,PUMP102.VIBRATION_RMS,1.651,mm/s,GOOD
2024-08-31 18:00:00,PUMP102.VIBRATION_RMS,0.881,mm/s,GOOD
2024-09-01 00:00:00,PUMP102.VIBRATION_RMS,1.861,mm/s,GOOD
2024-09-01 06:00:00,PUMP102.VIBRATION_RMS,2.48,mm/s,GOOD
2024-09-01 12:00:00,PUMP102.VIBRATION_RMS,1.923,mm/s,GOOD
2024-09-01 18:00:00,PUMP102.VIBRATION_RMS,2.501,mm/s,GOOD
2024-09-02 00:00:00,PUMP102.VIBRATION_RMS,2.174,mm/s,GOOD
2024-09-02 06:00:00,PUMP102.VIBRATION_RMS,2.744,mm/s,GOOD
2024-09-02 12:00:00,PUMP102.VIBRATION_RMS,1.952,mm/s,GOOD
2024-09-02 18:00:00,PUMP102.VIBRATION_RMS,2.334,mm/s,GOOD
2024-09-03 00:00:00,PUMP102.VIBRATION_RMS,2.353,mm/s,GOOD
2024-09-03 06:00:00,PUMP102.VIBRATION_RMS,2.851,mm/s,GOOD
2024-09-03 12:00:00,PUMP102.VIBRATION_RMS,1.247,mm/s,GOOD
2024-09-03 18:00:00,PUMP102.VIBRATION_RMS,1.871,mm/s,GOOD
2024-09-04 00:00:00,PUMP102.VIBRATION_RMS,2.524,mm/s,GOOD
2024-09-04 06:00:00,PUMP102.VIBRATION_RMS,2.873,mm/s,GOOD
2024-09-04 12:00:00,PUMP102.VIBRATION_RMS,2.22,mm/s,GOOD
2024-09-04 18:00:00,PUMP102.VIBRATION_RMS,1.954,mm/s,GOOD
2024-09-05 00:00:00,PUMP102.VIBRATION_RMS,2.479,mm/s,GOOD
2024-09-05 06:00:00,PUMP102.VIBRATION_RMS,2.534,mm/s,GOOD
2024-09-05 12:00:00,PUMP102.VIBRATION_RMS,1.92,mm/s,GOOD
2024-09-05 18:00:00,PUMP102.VIBRATION_RMS,2.265,mm/s,GOOD
2024-09-06 00:00:00,PUMP102.VIBRATION_RMS,2.69,mm/s,GOOD
2024-09-06 06:00:00,PUMP102.VIBRATION_RMS,3.045,mm/s,GOOD
2024-09-06 12:00:00,PUMP102.VIBRATION_RMS,2.471,mm/s,GOOD
2024-09-06 18:00:00,PUMP102.VIBRATION_RMS,2.122,mm/s,GOOD
2024-09-07 00:00:00,PUMP102.VIBRATION_RMS,2.073,mm/s,GOOD
2024-09-07 06:00:00,PUMP102.VIBRATION_RMS,2.379,mm/s,GOOD
2024-09-07 12:00:00,PUMP102.VIBRATION_RMS,2.042,mm/s,GOOD
2024-09-07 18:00:00,PUMP102.VIBRATION_RMS,2.195,mm/s,GOOD
2024-09-08 00:00:00,PUMP102.VIBRATION_RMS,1.571,mm/s,GOOD
2024-09-08 06:00:00,PUMP102.VIBRATION_RMS,2.749,mm/s,GOOD
2024-09-08 12:00:00,PUMP102.VIBRATION_RMS,1.53,mm/s,GOOD
2024-09-08 18:00:00,PUMP102.VIBRATION_RMS,1.884,mm/s,GOOD
2024-09-09 00:00:00,PUMP102.VIBRATION_RMS,2.149,mm/s,GOOD
2024-09-09 06:00:00,PUMP102.VIBRATION_RMS,3.095,mm/s,GOOD
2024-09-09 12:00:00,PUMP102.VIBRATION_RMS,1.889,mm/s,GOOD
2024-09-09 18:00:00,PUMP102.VIBRATION_RMS,1.767,mm/s,GOOD
2024-09-10 00:00:00,PUMP102.VIBRATION_RMS,1.825,mm/s,GOOD
2024-09-10 06:00:00,PUMP102.VIBRATION_RMS,2.929,mm/s,GOOD
2024-09-10 12:00:00,PUMP102.VIBRATION_RMS,0.694,mm/s,GOOD
2024-09-10 18:00:00,PUMP102.VIBRATION_RMS,1.599,mm/s,GOOD
2024-09-11 00:00:00,PUMP102.VIBRATION_RMS,3.466,mm/s,GOOD
2024-09-11 06:00:00,PUMP102.VIBRATION_RMS,2.395,mm/s,GOOD
2024-09-11 12:00:00,PUMP102.VIBRATION_RMS,1.547,mm/s,GOOD
2024-09-11 18:00:00,PUMP102.VIBRATION_RMS,2.079,mm/s,GOOD
2024-09-12 00:00:00,PUMP102.VIBRATION_RMS,2.134,mm/s,GOOD
2024-09-12 06:00:00,PUMP102.VIBRATION_RMS,2.523,mm/s,GOOD
2024-09-12 12:00:00,PUMP102.VIBRATION_RMS,3.02,mm/s,GOOD
2024-09-12 18:00:00,PUMP102.VIBRATION_RMS,2.294,mm/s,GOOD
2024-09-13 00:00:00,PUMP102.VIBRATION_RMS,1.83,mm/s,GOOD
2024-09-13 06:00:00,PUMP102.VIBRATION_RMS,2.494,mm/s,GOOD
2024-09-13 12:00:00,PUMP102.VIBRATION_RMS,1.751,mm/s,GOOD
2024-09-13 18:00:00,PUMP102.VIBRATION_RMS,1.583,mm/s,GOOD
2024-09-14 00:00:00,PUMP102.VIBRATION_RMS,1.22,mm/s,GOOD
2024-09-14 06:00:00,PUMP102.VIBRATION_RMS,1.317,mm/s,GOOD
2024-09-14 12:00:00,PUMP102.VIBRATION_RMS,1.652,mm/s,GOOD
2024-09-14 18:00:00,PUMP102.VIBRATION_RMS,1.511,mm/s,BAD
2024-09-15 00:00:00,PUMP102.VIBRATION_RMS,2.257,mm/s,GOOD
2024-09-15 06:00:00,PUMP102.VIBRATION_RMS,1.5,mm/s,GOOD
2024-09-15 12:00:00,PUMP102.VIBRATION_RMS,0.528,mm/s,GOOD
2024-09-15 18:00:00,PUMP102.VIBRATION_RMS,1.578,mm/s,GOOD
2024-09-16 00:00:00,PUMP102.VIBRATION_RMS,1.864,mm/s,GOOD
2024-09-16 06:00:00,PUMP102.VIBRATION_RMS,1.797,mm/s,GOOD
2024-09-16 12:00:00,PUMP102.VIBRATION_RMS,2.86,mm/s,GOOD
2024-09-16 18:00:00,PUMP102.VIBRATION_RMS,1.793,mm/s,GOOD
2024-09-17 00:00:00,PUMP102.VIBRATION_RMS,2.54,mm/s,GOOD
2024-09-17 06:00:00,PUMP102.VIBRATION_RMS,2.091,mm/s,GOOD
2024-09-17 12:00:00,PUMP102.VIBRATION_RMS,2.079,mm/s,GOOD
2024-09-17 18:00:00,PUMP102.VIBRATION_RMS,1.682,mm/s,GOOD
2024-09-18 00:00:00,PUMP102.VIBRATION_RMS,2.071,mm/s,GOOD
2024-09-18 06:00:00,PUMP102.VIBRATION_RMS,1.717,mm/s,BAD
2024-09-18 12:00:00,PUMP102.VIBRATION_RMS,2.185,mm/s,GOOD
2024-09-18 18:00:00,PUMP102.VIBRATION_RMS,1.982,mm/s,GOOD
2024-09-19 00:00:00,PUMP102.VIBRATION_RMS,1.628,mm/s,GOOD
2024-09-19 06:00:00,PUMP102.VIBRATION_RMS,2.596,mm/s,GOOD
2024-09-19 12:00:00,PUMP102.VIBRATION_RMS,2.313,mm/s,GOOD
2024-09-19 18:00:00,PUMP102.VIBRATION_RMS,1.876,mm/s,GOOD
2024-09-20 00:00:00,PUMP102.VIBRATION_RMS,2.173,mm/s,GOOD
2024-09-20 06:00:00,PUMP102.VIBRATION_RMS,2.058,mm/s,GOOD
2024-09-20 12:00:00,PUMP102.VIBRATION_RMS,1.666,mm/s,BAD
2024-09-20 18:00:00,PUMP102.VIBRATION_RMS,2.135,mm/s,GOOD
2024-09-21 00:00:00,PUMP102.VIBRATION_RMS,1.789,mm/s,GOOD
2024-09-21 06:00:00,PUMP102.VIBRATION_RMS,1.628,mm/s,GOOD
2024-09-21 12:00:00,PUMP102.VIBRATION_RMS,1.289,mm/s,GOOD
2024-09-21 18:00:00,PUMP102.VIBRATION_RMS,1.921,mm/s,GOOD
2024-09-22 00:00:00,PUMP102.VIBRATION_RMS,2.383,mm/s,GOOD
2024-09-22 06:00:00,PUMP102.VIBRATION_RMS,1.753,mm/s,GOOD
2024-09-22 12:00:00,PUMP102.VIBRATION_RMS,3.36,mm/s,GOOD
2024-09-22 18:00:00,PUMP102.VIBRATION_RMS,2.543,mm/s,GOOD
2024-09-23 00:00:00,PUMP102.VIBRATION_RMS,2.752,mm/s,GOOD
2024-09-23 06:00:00,PUMP102.VIBRATION_RMS,2.498,mm/s,GOOD
2024-09-23 12:00:00,PUMP102.VIBRATION_RMS,3.026,mm/s,GOOD
2024-09-23 18:00:00,PUMP102.VIBRATION_RMS,1.706,mm/s,BAD
2024-09-24 00:00:00,PUMP102.VIBRATION_RMS,0.82,mm/s,GOOD
2024-09-24 06:00:00,PUMP102.VIBRATION_RMS,1.877,mm/s,BAD
2024-09-24 12:00:00,PUMP102.VIBRATION_RMS,2.379,mm/s,GOOD
2024-09-24 18:00:00,PUMP102.VIBRATION_RMS,2.176,mm/s,GOOD
2024-09-25 00:00:00,PUMP102.VIBRATION_RMS,2.238,mm/s,GOOD
2024-09-25 06:00:00,PUMP102.VIBRATION_RMS,2.76,mm/s,GOOD
2024-09-25 12:00:00,PUMP102.VIBRATION_RMS,2.291,mm/s,GOOD
2024-09-25 18:00:00,PUMP102.VIBRATION_RMS,2.499,mm/s,GOOD
2024-09-26 00:00:00,PUMP102.VIBRATION_RMS,1.63,mm/s,GOOD
2024-09-26 06:00:00,PUMP102.VIBRATION_RMS,1.552,mm/s,GOOD
2024-09-26 12:00:00,PUMP102.VIBRATION_RMS,2.907,mm/s,GOOD
2024-09-26 18:00:00,PUMP102.VIBRATION_RMS,2.15,mm/s,GOOD
2024-09-27 00:00:00,PUMP102.VIBRATION_RMS,1.788,mm/s,GOOD
2024-09-27 06:00:00,PUMP102.VIBRATION_RMS,1.789,mm/s,GOOD
2024-09-27 12:00:00,PUMP102.VIBRATION_RMS,1.775,mm/s,GOOD
2024-09-27 18:00:00,PUMP102.VIBRATION_RMS,1.746,mm/s,GOOD
2024-09-28 00:00:00,PUMP102.VIBRATION_RMS,1.458,mm/s,GOOD
2024-09-28 06:00:00,PUMP102.VIBRATION_RMS,1.35,mm/s,GOOD
2024-09-28 12:00:00,PUMP102.VIBRATION_RMS,2.002,mm/s,GOOD
2024-09-28 18:00:00,PUMP102.VIBRATION_RMS,1.804,mm/s,GOOD
2024-09-29 00:00:00,PUMP102.VIBRATION_RMS,2.654,mm/s,GOOD
2024-09-29 06:00:00,PUMP102.VIBRATION_RMS,2.247,mm/s,GOOD
2024-09-29 12:00:00,PUMP102.VIBRATION_RMS,2.233,mm/s,GOOD
2024-09-29 18:00:00,PUMP102.VIBRATION_RMS,1.728,mm/s,GOOD
2024-09-30 00:00:00,PUMP102.VIBRATION_RMS,2.039,mm/s,GOOD
2024-09-30 06:00:00,PUMP102.VIBRATION_RMS,2.281,mm/s,GOOD
2024-09-30 12:00:00,PUMP102.VIBRATION_RMS,2.458,mm/s,GOOD
2024-09-30 18:00:00,PUMP102.VIBRATION_RMS,2.053,mm/s,GOOD
2024-10-01 00:00:00,PUMP102.VIBRATION_RMS,2.64,mm/s,GOOD
2024-10-01 06:00:00,PUMP102.VIBRATION_RMS,2.104,mm/s,GOOD
2024-10-01 12:00:00,PUMP102.VIBRATION_RMS,2.496,mm/s,GOOD
2024-10-01 18:00:00,PUMP102.VIBRATION_RMS,1.855,mm/s,GOOD
2024-10-02 00:00:00,PUMP102.VIBRATION_RMS,1.194,mm/s,GOOD
2024-10-02 06:00:00,PUMP102.VIBRATION_RMS,2.234,mm/s,GOOD
2024-10-02 12:00:00,PUMP102.VIBRATION_RMS,2.463,mm/s,GOOD
2024-10-02 18:00:00,PUMP102.VIBRATION_RMS,2.388,mm/s,GOOD
2024-10-03 00:00:00,PUMP102.VIBRATION_RMS,2.311,mm/s,GOOD
2024-10-03 06:00:00,PUMP102.VIBRATION_RMS,1.926,mm/s,GOOD
2024-10-03 12:00:00,PUMP102.VIBRATION_RMS,1.697,mm/s,GOOD
2024-10-03 18:00:00,PUMP102.VIBRATION_RMS,2.376,mm/s,GOOD
2024-10-04 00:00:00,PUMP102.VIBRATION_RMS,2.313,mm/s,GOOD
2024-10-04 06:00:00,PUMP102.VIBRATION_RMS,1.82,mm/s,GOOD
2024-10-04 12:00:00,PUMP102.VIBRATION_RMS,2.655,mm/s,GOOD
2024-10-04 18:00:00,PUMP102.VIBRATION_RMS,1.659,mm/s,GOOD
2024-10-05 00:00:00,PUMP102.VIBRATION_RMS,1.808,mm/s,GOOD
2024-10-05 06:00:00,PUMP102.VIBRATION_RMS,2.918,mm/s,GOOD
2024-10-05 12:00:00,PUMP102.VIBRATION_RMS,2.534,mm/s,GOOD
2024-10-05 18:00:00,PUMP102.VIBRATION_RMS,1.921,mm/s,GOOD
2024-10-06 00:00:00,PUMP102.VIBRATION_RMS,2.244,mm/s,GOOD
2024-10-06 06:00:00,PUMP102.VIBRATION_RMS,2.177,mm/s,GOOD
2024-10-06 12:00:00,PUMP102.VIBRATION_RMS,0.727,mm/s,GOOD
2024-10-06 18:00:00,PUMP102.VIBRATION_RMS,1.647,mm/s,GOOD
2024-10-07 00:00:00,PUMP102.VIBRATION_RMS,2.075,mm/s,GOOD
2024-10-07 06:00:00,PUMP102.VIBRATION_RMS,1.922,mm/s,GOOD
2024-10-07 12:00:00,PUMP102.VIBRATION_RMS,2.224,mm/s,GOOD
2024-10-07 18:00:00,PUMP102.VIBRATION_RMS,2.665,mm/s,GOOD
2024-10-08 00:00:00,PUMP102.VIBRATION_RMS,1.939,mm/s,GOOD
2024-10-08 06:00:00,PUMP102.VIBRATION_RMS,1.571,mm/s,GOOD
2024-10-08 12:00:00,PUMP102.VIBRATION_RMS,2.262,mm/s,GOOD
2024-10-08 18:00:00,PUMP102.VIBRATION_RMS,1.937,mm/s,GOOD
2024-10-09 00:00:00,PUMP102.VIBRATION_RMS,2.022,mm/s,GOOD
2024-10-09 06:00:00,PUMP102.VIBRATION_RMS,1.954,mm/s,GOOD
2024-10-09 12:00:00,PUMP102.VIBRATION_RMS,3.221,mm/s,GOOD
2024-10-09 18:00:00,PUMP102.VIBRATION_RMS,0.98,mm/s,GOOD
2024-10-10 00:00:00,PUMP102.VIBRATION_RMS,1.906,mm/s,GOOD
2024-10-10 06:00:00,PUMP102.VIBRATION_RMS,2.098,mm/s,GOOD
2024-10-10 12:00:00,PUMP102.VIBRATION_RMS,1.709,mm/s,GOOD
2024-10-10 18:00:00,PUMP102.VIBRATION_RMS,2.55,mm/s,GOOD
2024-10-11 00:00:00,PUMP102.VIBRATION_RMS,2.507,mm/s,GOOD
2024-10-11 06:00:00,PUMP102.VIBRATION_RMS,2.076,mm/s,GOOD
2024-10-11 12:00:00,PUMP102.VIBRATION_RMS,1.965,mm/s,GOOD
2024-10-11 18:00:00,PUMP102.VIBRATION_RMS,2.044,mm/s,GOOD
2024-10-12 00:00:00,PUMP102.VIBRATION_RMS,2.048,mm/s,GOOD
2024-10-12 06:00:00,PUMP102.VIBRATION_RMS,2.061,mm/s,GOOD
2024-10-12 12:00:00,PUMP102.VIBRATION_RMS,2.006,mm/s,GOOD
2024-10-12 18:00:00,PUMP102.VIBRATION_RMS,2.226,mm/s,GOOD
2024-10-13 00:00:00,PUMP102.VIBRATION_RMS,2.477,mm/s,GOOD
2024-10-13 06:00:00,PUMP102.VIBRATION_RMS,1.485,mm/s,GOOD
2024-10-13 12:00:00,PUMP102.VIBRATION_RMS,1.575,mm/s,GOOD
2024-10-13 18:00:00,PUMP102.VIBRATION_RMS,1.226,mm/s,GOOD
2024-10-14 00:00:00,PUMP102.VIBRATION_RMS,2.533,mm/s,GOOD
2024-10-14 06:00:00,PUMP102.VIBRATION_RMS,2.225,mm/s,GOOD
2024-10-14 12:00:00,PUMP102.VIBRATION_RMS,2.353,mm/s,GOOD
2024-10-14 18:00:00,PUMP102.VIBRATION_RMS,1.385,mm/s,GOOD
2024-10-15 00:00:00,PUMP102.VIBRATION_RMS,2.992,mm/s,GOOD
2024-10-15 06:00:00,PUMP102.VIBRATION_RMS,1.796,mm/s,GOOD
2024-10-15 12:00:00,PUMP102.VIBRATION_RMS,2.184,mm/s,GOOD
2024-10-15 18:00:00,PUMP102.VIBRATION_RMS,2.527,mm/s,GOOD
2024-10-16 00:00:00,PUMP102.VIBRATION_RMS,1.607,mm/s,GOOD
2024-10-16 06:00:00,PUMP102.VIBRATION_RMS,1.827,mm/s,GOOD
2024-10-16 12:00:00,PUMP102.VIBRATION_RMS,2.19,mm/s,GOOD
2024-10-16 18:00:00,PUMP102.VIBRATION_RMS,3.529,mm/s,GOOD
2024-10-17 00:00:00,PUMP102.VIBRATION_RMS,2.251,mm/s,GOOD
2024-10-17 06:00:00,PUMP102.VIBRATION_RMS,2.903,mm/s,GOOD
2024-10-17 12:00:00,PUMP102.VIBRATION_RMS,2.703,mm/s,GOOD
2024-10-17 18:00:00,PUMP102.VIBRATION_RMS,2.284,mm/s,GOOD
2024-10-18 00:00:00,PUMP102.VIBRATION_RMS,1.605,mm/s,GOOD
2024-10-18 06:00:00,PUMP102.VIBRATION_RMS,2.63,mm/s,GOOD
2024-10-18 12:00:00,PUMP102.VIBRATION_RMS,1.351,mm/s,GOOD
2024-10-18 18:00:00,PUMP102.VIBRATION_RMS,2.9,mm/s,GOOD
2024-10-19 00:00:00,PUMP102.VIBRATION_RMS,2.2,mm/s,GOOD
2024-10-19 06:00:00,PUMP102.VIBRATION_RMS,0.775,mm/s,GOOD
2024-10-19 12:00:00,PUMP102.VIBRATION_RMS,1.93,mm/s,GOOD
2024-10-19 18:00:00,PUMP102.VIBRATION_RMS,2.427,mm/s,GOOD
2024-10-20 00:00:00,PUMP102.VIBRATION_RMS,1.981,mm/s,GOOD
2024-10-20 06:00:00,PUMP102.VIBRATION_RMS,2.458,mm/s,GOOD
2024-10-20 12:00:00,PUMP102.VIBRATION_RMS,1.675,mm/s,GOOD
2024-10-20 18:00:00,PUMP102.VIBRATION_RMS,1.447,mm/s,GOOD
2024-10-21 00:00:00,PUMP102.VIBRATION_RMS,2.064,mm/s,GOOD
2024-10-21 06:00:00,PUMP102.VIBRATION_RMS,2.116,mm/s,GOOD
2024-10-21 12:00:00,PUMP102.VIBRATION_RMS,1.926,mm/s,GOOD
2024-10-21 18:00:00,PUMP102.VIBRATION_RMS,2.714,mm/s,GOOD
2024-10-22 00:00:00,PUMP102.VIBRATION_RMS,1.675,mm/s,GOOD
2024-10-22 06:00:00,PUMP102.VIBRATION_RMS,2.257,mm/s,BAD
2024-10-22 12:00:00,PUMP102.VIBRATION_RMS,2.134,mm/s,GOOD
2024-10-22 18:00:00,PUMP102.VIBRATION_RMS,1.322,mm/s,GOOD
2024-10-23 00:00:00,PUMP102.VIBRATION_RMS,1.44,mm/s,GOOD
2024-10-23 06:00:00,PUMP102.VIBRATION_RMS,2.106,mm/s,GOOD
2024-10-23 12:00:00,PUMP102.VIBRATION_RMS,3.091,mm/s,GOOD
2024-10-23 18:00:00,PUMP102.VIBRATION_RMS,2.39,mm/s,GOOD
2024-10-24 00:00:00,PUMP102.VIBRATION_RMS,1.237,mm/s,BAD
2024-10-24 06:00:00,PUMP102.VIBRATION_RMS,0.545,mm/s,GOOD
2024-10-24 12:00:00,PUMP102.VIBRATION_RMS,2.467,mm/s,GOOD
2024-10-24 18:00:00,PUMP102.VIBRATION_RMS,2.052,mm/s,GOOD
2024-10-25 00:00:00,PUMP102.VIBRATION_RMS,2.671,mm/s,GOOD
2024-10-25 06:00:00,PUMP102.VIBRATION_RMS,1.66,mm/s,GOOD
2024-10-25 12:00:00,PUMP102.VIBRATION_RMS,2.275,mm/s,GOOD
2024-10-25 18:00:00,PUMP102.VIBRATION_RMS,2.523,mm/s,BAD
2024-10-26 00:00:00,PUMP102.VIBRATION_RMS,1.876,mm/s,GOOD
2024-10-26 06:00:00,PUMP102.VIBRATION_RMS,1.887,mm/s,GOOD
2024-10-26 12:00:00,PUMP102.VIBRATION_RMS,2.113,mm/s,GOOD
2024-10-26 18:00:00,PUMP102.VIBRATION_RMS,2.371,mm/s,GOOD
2024-10-27 00:00:00,PUMP102.VIBRATION_RMS,2.093,mm/s,GOOD
2024-10-27 06:00:00,PUMP102.VIBRATION_RMS,2.587,mm/s,GOOD
2024-10-27 12:00:00,PUMP102.VIBRATION_RMS,1.869,mm/s,GOOD
2024-10-27 18:00:00,PUMP102.VIBRATION_RMS,1.436,mm/s,GOOD
2024-10-28 00:00:00,PUMP102.VIBRATION_RMS,3.088,mm/s,GOOD
2024-10-28 06:00:00,PUMP102.VIBRATION_RMS,1.798,mm/s,GOOD
2024-10-28 12:00:00,PUMP102.VIBRATION_RMS,1.816,mm/s,GOOD
2024-10-28 18:00:00,PUMP102.VIBRATION_RMS,2.067,mm/s,GOOD
2024-10-29 00:00:00,PUMP102.VIBRATION_RMS,2.134,mm/s,GOOD
2024-10-29 06:00:00,PUMP102.VIBRATION_RMS,1.907,mm/s,GOOD
2024-10-29 12:00:00,PUMP102.VIBRATION_RMS,2.091,mm/s,GOOD
2024-10-29 18:00:00,PUMP102.VIBRATION_RMS,2.08,mm/s,GOOD
2024-10-30 00:00:00,PUMP102.VIBRATION_RMS,2.187,mm/s,GOOD
2024-10-30 06:00:00,PUMP102.VIBRATION_RMS,0.921,mm/s,GOOD
2024-10-30 12:00:00,PUMP102.VIBRATION_RMS,3.04,mm/s,GOOD
2024-10-30 18:00:00,PUMP102.VIBRATION_RMS,2.026,mm/s,GOOD
2024-10-31 00:00:00,PUMP102.VIBRATION_RMS,2.39,mm/s,GOOD
2024-10-31 06:00:00,PUMP102.VIBRATION_RMS,1.411,mm/s,GOOD
2024-10-31 12:00:00,PUMP102.VIBRATION_RMS,1.864,mm/s,GOOD
2024-10-31 18:00:00,PUMP102.VIBRATION_RMS,1.764,mm/s,GOOD
2024-11-01 00:00:00,PUMP102.VIBRATION_RMS,2.835,mm/s,GOOD
2024-11-01 06:00:00,PUMP102.VIBRATION_RMS,1.807,mm/s,GOOD
2024-11-01 12:00:00,PUMP102.VIBRATION_RMS,2.479,mm/s,GOOD
2024-11-01 18:00:00,PUMP102.VIBRATION_RMS,1.775,mm/s,GOOD
2024-11-02 00:00:00,PUMP102.VIBRATION_RMS,1.874,mm/s,GOOD
2024-11-02 06:00:00,PUMP102.VIBRATION_RMS,1.977,mm/s,GOOD
2024-11-02 12:00:00,PUMP102.VIBRATION_RMS,2.742,mm/s,GOOD
2024-11-02 18:00:00,PUMP102.VIBRATION_RMS,1.155,mm/s,GOOD
2024-11-03 00:00:00,PUMP102.VIBRATION_RMS,1.442,mm/s,GOOD
2024-11-03 06:00:00,PUMP102.VIBRATION_RMS,1.126,mm/s,GOOD
2024-11-03 12:00:00,PUMP102.VIBRATION_RMS,1.556,mm/s,GOOD
2024-11-03 18:00:00,PUMP102.VIBRATION_RMS,1.694,mm/s,GOOD
2024-11-04 00:00:00,PUMP102.VIBRATION_RMS,1.293,mm/s,GOOD
2024-11-04 06:00:00,PUMP102.VIBRATION_RMS,1.733,mm/s,GOOD
2024-11-04 12:00:00,PUMP102.VIBRATION_RMS,1.093,mm/s,GOOD
2024-11-04 18:00:00,PUMP102.VIBRATION_RMS,1.591,mm/s,GOOD
2024-11-05 00:00:00,PUMP102.VIBRATION_RMS,2.7,mm/s,GOOD
2024-11-05 06:00:00,PUMP102.VIBRATION_RMS,2.302,mm/s,GOOD
2024-11-05 12:00:00,PUMP102.VIBRATION_RMS,2.194,mm/s,GOOD
2024-11-05 18:00:00,PUMP102.VIBRATION_RMS,1.599,mm/s,GOOD
2024-11-06 00:00:00,PUMP102.VIBRATION_RMS,1.332,mm/s,GOOD
2024-11-06 06:00:00,PUMP102.VIBRATION_RMS,1.53,mm/s,GOOD
2024-11-06 12:00:00,PUMP102.VIBRATION_RMS,2.078,mm/s,GOOD
2024-11-06 18:00:00,PUMP102.VIBRATION_RMS,2.534,mm/s,GOOD
2024-11-07 00:00:00,PUMP102.VIBRATION_RMS,2.551,mm/s,GOOD
2024-11-07 06:00:00,PUMP102.VIBRATION_RMS,2.415,mm/s,GOOD
2024-11-07 12:00:00,PUMP102.VIBRATION_RMS,1.731,mm/s,GOOD
2024-11-07 18:00:00,PUMP102.VIBRATION_RMS,2.112,mm/s,GOOD
2024-11-08 00:00:00,PUMP102.VIBRATION_RMS,1.939,mm/s,GOOD
2024-11-08 06:00:00,PUMP102.VIBRATION_RMS,1.999,mm/s,GOOD
2024-11-08 12:00:00,PUMP102.VIBRATION_RMS,3.119,mm/s,GOOD
2024-11-08 18:00:00,PUMP102.VIBRATION_RMS,1.219,mm/s,GOOD
2024-11-09 00:00:00,PUMP102.VIBRATION_RMS,1.983,mm/s,GOOD
2024-11-09 06:00:00,PUMP102.VIBRATION_RMS,2.706,mm/s,GOOD
2024-11-09 12:00:00,PUMP102.VIBRATION_RMS,1.367,mm/s,GOOD
2024-11-09 18:00:00,PUMP102.VIBRATION_RMS,1.778,mm/s,GOOD
2024-11-10 00:00:00,PUMP102.VIBRATION_RMS,1.835,mm/s,GOOD
2024-11-10 06:00:00,PUMP102.VIBRATION_RMS,1.988,mm/s,GOOD
2024-11-10 12:00:00,PUMP102.VIBRATION_RMS,1.302,mm/s,GOOD
2024-11-10 18:00:00,PUMP102.VIBRATION_RMS,2.398,mm/s,GOOD
2024-11-11 00:00:00,PUMP102.VIBRATION_RMS,2.433,mm/s,GOOD
2024-11-11 06:00:00,PUMP102.VIBRATION_RMS,2.354,mm/s,GOOD
2024-11-11 12:00:00,PUMP102.VIBRATION_RMS,1.665,mm/s,GOOD
2024-11-11 18:00:00,PUMP102.VIBRATION_RMS,2.143,mm/s,GOOD
2024-11-12 00:00:00,PUMP102.VIBRATION_RMS,1.65,mm/s,GOOD
2024-11-12 06:00:00,PUMP102.VIBRATION_RMS,1.934,mm/s,GOOD
2024-11-12 12:00:00,PUMP102.VIBRATION_RMS,3.177,mm/s,GOOD
2024-11-12 18:00:00,PUMP102.VIBRATION_RMS,2.148,mm/s,GOOD
2024-11-13 00:00:00,PUMP102.VIBRATION_RMS,1.506,mm/s,GOOD
2024-11-13 06:00:00,PUMP102.VIBRATION_RMS,2.19,mm/s,GOOD
2024-11-13 12:00:00,PUMP102.VIBRATION_RMS,1.424,mm/s,GOOD
2024-11-13 18:00:00,PUMP102.VIBRATION_RMS,1.5,mm/s,BAD
2024-11-14 00:00:00,PUMP102.VIBRATION_RMS,1.579,mm/s,GOOD
2024-11-14 06:00:00,PUMP102.VIBRATION_RMS,1.878,mm/s,GOOD
2024-11-14 12:00:00,PUMP102.VIBRATION_RMS,2.568,mm/s,GOOD
2024-11-14 18:00:00,PUMP102.VIBRATION_RMS,2.389,mm/s,GOOD
2024-11-15 00:00:00,PUMP102.VIBRATION_RMS,2.361,mm/s,GOOD
2024-11-15 06:00:00,PUMP102.VIBRATION_RMS,1.551,mm/s,GOOD
2024-11-15 12:00:00,PUMP102.VIBRATION_RMS,1.829,mm/s,GOOD
2024-11-15 18:00:00,PUMP102.VIBRATION_RMS,2.236,mm/s,GOOD
2024-11-16 00:00:00,PUMP102.VIBRATION_RMS,1.786,mm/s,GOOD
2024-11-16 06:00:00,PUMP102.VIBRATION_RMS,1.961,mm/s,GOOD
2024-11-16 12:00:00,PUMP102.VIBRATION_RMS,2.321,mm/s,GOOD
2024-11-16 18:00:00,PUMP102.VIBRATION_RMS,1.926,mm/s,GOOD
2024-11-17 00:00:00,PUMP102.VIBRATION_RMS,2.213,mm/s,GOOD
2024-11-17 06:00:00,PUMP102.VIBRATION_RMS,2.896,mm/s,GOOD
2024-11-17 12:00:00,PUMP102.VIBRATION_RMS,2.014,mm/s,GOOD
2024-11-17 18:00:00,PUMP102.VIBRATION_RMS,2.69,mm/s,GOOD
2024-11-18 00:00:00,PUMP102.VIBRATION_RMS,2.38,mm/s,GOOD
2024-11-18 06:00:00,PUMP102.VIBRATION_RMS,1.366,mm/s,GOOD
2024-11-18 12:00:00,PUMP102.VIBRATION_RMS,1.549,mm/s,GOOD
2024-11-18 18:00:00,PUMP102.VIBRATION_RMS,1.683,mm/s,GOOD
2024-11-19 00:00:00,PUMP102.VIBRATION_RMS,1.673,mm/s,GOOD
2024-11-19 06:00:00,PUMP102.VIBRATION_RMS,2.055,mm/s,GOOD
2024-11-19 12:00:00,PUMP102.VIBRATION_RMS,2.407,mm/s,GOOD
2024-11-19 18:00:00,PUMP102.VIBRATION_RMS,2.728,mm/s,GOOD
2024-11-20 00:00:00,PUMP102.VIBRATION_RMS,2.254,mm/s,GOOD
2024-11-20 06:00:00,PUMP102.VIBRATION_RMS,1.877,mm/s,GOOD
2024-11-20 12:00:00,PUMP102.VIBRATION_RMS,1.059,mm/s,GOOD
2024-11-20 18:00:00,PUMP102.VIBRATION_RMS,2.135,mm/s,GOOD
2024-11-21 00:00:00,PUMP102.VIBRATION_RMS,2.113,mm/s,GOOD
2024-11-21 06:00:00,PUMP102.VIBRATION_RMS,2.191,mm/s,GOOD
2024-11-21 12:00:00,PUMP102.VIBRATION_RMS,3.153,mm/s,GOOD
2024-11-21 18:00:00,PUMP102.VIBRATION_RMS,2.72,mm/s,GOOD
2024-11-22 00:00:00,PUMP102.VIBRATION_RMS,2.493,mm/s,GOOD
2024-11-22 06:00:00,PUMP102.VIBRATION_RMS,1.619,mm/s,GOOD
2024-11-22 12:00:00,PUMP102.VIBRATION_RMS,1.844,mm/s,GOOD
2024-11-22 18:00:00,PUMP102.VIBRATION_RMS,2.053,mm/s,GOOD
2024-11-23 00:00:00,PUMP102.VIBRATION_RMS,1.712,mm/s,GOOD
2024-11-23 06:00:00,PUMP102.VIBRATION_RMS,2.35,mm/s,GOOD
2024-11-23 12:00:00,PUMP102.VIBRATION_RMS,2.278,mm/s,GOOD
2024-11-23 18:00:00,PUMP102.VIBRATION_RMS,1.556,mm/s,GOOD
2024-11-24 00:00:00,PUMP102.VIBRATION_RMS,2.698,mm/s,GOOD
2024-11-24 06:00:00,PUMP102.VIBRATION_RMS,2.151,mm/s,GOOD
2024-11-24 12:00:00,PUMP102.VIBRATION_RMS,1.235,mm/s,GOOD
2024-11-24 18:00:00,PUMP102.VIBRATION_RMS,2.074,mm/s,GOOD
2024-11-25 00:00:00,PUMP102.VIBRATION_RMS,2.241,mm/s,GOOD
2024-11-25 06:00:00,PUMP102.VIBRATION_RMS,2.586,mm/s,GOOD
2024-11-25 12:00:00,PUMP102.VIBRATION_RMS,1.931,mm/s,GOOD
2024-11-25 18:00:00,PUMP102.VIBRATION_RMS,2.514,mm/s,GOOD
2024-11-26 00:00:00,PUMP102.VIBRATION_RMS,2.194,mm/s,GOOD
2024-11-26 06:00:00,PUMP102.VIBRATION_RMS,1.442,mm/s,GOOD
2024-11-26 12:00:00,PUMP102.VIBRATION_RMS,1.392,mm/s,GOOD
2024-11-26 18:00:00,PUMP102.VIBRATION_RMS,2.661,mm/s,GOOD
2024-11-27 00:00:00,PUMP102.VIBRATION_RMS,2.698,mm/s,GOOD
2024-11-27 06:00:00,PUMP102.VIBRATION_RMS,2.261,mm/s,GOOD
2024-11-27 12:00:00,PUMP102.VIBRATION_RMS,2.848,mm/s,GOOD
2024-11-27 18:00:00,PUMP102.VIBRATION_RMS,2.628,mm/s,GOOD
2024-11-28 00:00:00,PUMP102.VIBRATION_RMS,2.442,mm/s,GOOD
2024-11-28 06:00:00,PUMP102.VIBRATION_RMS,1.644,mm/s,GOOD
2024-11-28 12:00:00,PUMP102.VIBRATION_RMS,2.966,mm/s,GOOD
2024-11-28 18:00:00,PUMP102.VIBRATION_RMS,2.368,mm/s,GOOD
2024-11-29 00:00:00,PUMP102.VIBRATION_RMS,1.907,mm/s,GOOD
2024-11-29 06:00:00,PUMP102.VIBRATION_RMS,1.766,mm/s,GOOD
2024-11-29 12:00:00,PUMP102.VIBRATION_RMS,2.228,mm/s,GOOD
2024-11-29 18:00:00,PUMP102.VIBRATION_RMS,1.264,mm/s,GOOD
2024-11-30 00:00:00,PUMP102.VIBRATION_RMS,2.45,mm/s,GOOD
2024-11-30 06:00:00,PUMP102.VIBRATION_RMS,1.623,mm/s,GOOD
2024-11-30 12:00:00,PUMP102.VIBRATION_RMS,2.285,mm/s,GOOD
2024-11-30 18:00:00,PUMP102.VIBRATION_RMS,1.839,mm/s,GOOD
2024-12-01 00:00:00,PUMP102.VIBRATION_RMS,1.968,mm/s,GOOD
2024-12-01 06:00:00,PUMP102.VIBRATION_RMS,1.722,mm/s,GOOD
2024-12-01 12:00:00,PUMP102.VIBRATION_RMS,2.019,mm/s,BAD
2024-12-01 18:00:00,PUMP102.VIBRATION_RMS,3.045,mm/s,GOOD
2024-12-02 00:00:00,PUMP102.VIBRATION_RMS,2.793,mm/s,GOOD
2024-12-02 06:00:00,PUMP102.VIBRATION_RMS,2.277,mm/s,GOOD
2024-12-02 12:00:00,PUMP102.VIBRATION_RMS,2.087,mm/s,GOOD
2024-12-02 18:00:00,PUMP102.VIBRATION_RMS,2.522,mm/s,GOOD
2024-12-03 00:00:00,PUMP102.VIBRATION_RMS,2.665,mm/s,GOOD
2024-12-03 06:00:00,PUMP102.VIBRATION_RMS,1.685,mm/s,GOOD
2024-12-03 12:00:00,PUMP102.VIBRATION_RMS,2.061,mm/s,GOOD
2024-12-03 18:00:00,PUMP102.VIBRATION_RMS,1.189,mm/s,GOOD
2024-12-04 00:00:00,PUMP102.VIBRATION_RMS,2.662,mm/s,GOOD
2024-12-04 06:00:00,PUMP102.VIBRATION_RMS,3.133,mm/s,GOOD
2024-12-04 12:00:00,PUMP102.VIBRATION_RMS,2.14,mm/s,GOOD
2024-12-04 18:00:00,PUMP102.VIBRATION_RMS,1.037,mm/s,GOOD
2024-12-05 00:00:00,PUMP102.VIBRATION_RMS,2.404,mm/s,GOOD
2024-12-05 06:00:00,PUMP102.VIBRATION_RMS,1.648,mm/s,GOOD
2024-12-05 12:00:00,PUMP102.VIBRATION_RMS,1.768,mm/s,GOOD
2024-12-05 18:00:00,PUMP102.VIBRATION_RMS,2.413,mm/s,GOOD
2024-12-06 00:00:00,PUMP102.VIBRATION_RMS,2.227,mm/s,GOOD
2024-12-06 06:00:00,PUMP102.VIBRATION_RMS,1.856,mm/s,GOOD
2024-12-06 12:00:00,PUMP102.VIBRATION_RMS,1.775,mm/s,GOOD
2024-12-06 18:00:00,PUMP102.VIBRATION_RMS,2.163,mm/s,GOOD
2024-12-07 00:00:00,PUMP102.VIBRATION_RMS,1.895,mm/s,GOOD
2024-12-07 06:00:00,PUMP102.VIBRATION_RMS,1.545,mm/s,GOOD
2024-12-07 12:00:00,PUMP102.VIBRATION_RMS,1.934,mm/s,GOOD
2024-12-07 18:00:00,PUMP102.VIBRATION_RMS,2.27,mm/s,GOOD
2024-12-08 00:00:00,PUMP102.VIBRATION_RMS,2.011,mm/s,GOOD
2024-12-08 06:00:00,PUMP102.VIBRATION_RMS,1.393,mm/s,GOOD
2024-12-08 12:00:00,PUMP102.VIBRATION_RMS,2.595,mm/s,GOOD
2024-12-08 18:00:00,PUMP102.VIBRATION_RMS,0.731,mm/s,GOOD
2024-12-09 00:00:00,PUMP102.VIBRATION_RMS,1.877,mm/s,GOOD
2024-12-09 06:00:00,PUMP102.VIBRATION_RMS,1.79,mm/s,GOOD
2024-12-09 12:00:00,PUMP102.VIBRATION_RMS,2.174,mm/s,GOOD
2024-12-09 18:00:00,PUMP102.VIBRATION_RMS,2.381,mm/s,GOOD
2024-12-10 00:00:00,PUMP102.VIBRATION_RMS,2.663,mm/s,GOOD
2024-12-10 06:00:00,PUMP102.VIBRATION_RMS,1.744,mm/s,GOOD
2024-12-10 12:00:00,PUMP102.VIBRATION_RMS,2.393,mm/s,GOOD
2024-12-10 18:00:00,PUMP102.VIBRATION_RMS,2.198,mm/s,GOOD
2024-12-11 00:00:00,PUMP102.VIBRATION_RMS,1.244,mm/s,GOOD
2024-12-11 06:00:00,PUMP102.VIBRATION_RMS,3.05,mm/s,GOOD
2024-12-11 12:00:00,PUMP102.VIBRATION_RMS,1.381,mm/s,GOOD
2024-12-11 18:00:00,PUMP102.VIBRATION_RMS,2.31,mm/s,GOOD
2024-12-12 00:00:00,PUMP102.VIBRATION_RMS,2.295,mm/s,GOOD
2024-12-12 06:00:00,PUMP102.VIBRATION_RMS,2.238,mm/s,GOOD
2024-12-12 12:00:00,PUMP102.VIBRATION_RMS,1.853,mm/s,GOOD
2024-12-12 18:00:00,PUMP102.VIBRATION_RMS,2.514,mm/s,GOOD
2024-12-13 00:00:00,PUMP102.VIBRATION_RMS,1.32,mm/s,GOOD
2024-12-13 06:00:00,PUMP102.VIBRATION_RMS,2.067,mm/s,GOOD
2024-12-13 12:00:00,PUMP102.VIBRATION_RMS,1.818,mm/s,GOOD
2024-12-13 18:00:00,PUMP102.VIBRATION_RMS,1.761,mm/s,GOOD
2024-12-14 00:00:00,PUMP102.VIBRATION_RMS,2.314,mm/s,GOOD
2024-12-14 06:00:00,PUMP102.VIBRATION_RMS,2.639,mm/s,GOOD
2024-12-14 12:00:00,PUMP102.VIBRATION_RMS,1.928,mm/s,GOOD
2024-12-14 18:00:00,PUMP102.VIBRATION_RMS,2.49,mm/s,GOOD
2024-12-15 00:00:00,PUMP102.VIBRATION_RMS,2.125,mm/s,GOOD
2024-12-15 06:00:00,PUMP102.VIBRATION_RMS,1.654,mm/s,GOOD
2024-12-15 12:00:00,PUMP102.VIBRATION_RMS,1.971,mm/s,GOOD
2024-12-15 18:00:00,PUMP102.VIBRATION_RMS,1.95,mm/s,GOOD
2024-12-16 00:00:00,PUMP102.VIBRATION_RMS,1.752,mm/s,GOOD
2024-12-16 06:00:00,PUMP102.VIBRATION_RMS,2.314,mm/s,GOOD
2024-12-16 12:00:00,PUMP102.VIBRATION_RMS,2.217,mm/s,GOOD
2024-12-16 18:00:00,PUMP102.VIBRATION_RMS,1.305,mm/s,GOOD
2024-12-17 00:00:00,PUMP102.VIBRATION_RMS,1.274,mm/s,GOOD
2024-12-17 06:00:00,PUMP102.VIBRATION_RMS,2.312,mm/s,GOOD
2024-12-17 12:00:00,PUMP102.VIBRATION_RMS,1.692,mm/s,GOOD
2024-12-17 18:00:00,PUMP102.VIBRATION_RMS,2.251,mm/s,GOOD
2024-12-18 00:00:00,PUMP102.VIBRATION_RMS,2.49,mm/s,GOOD
2024-12-18 06:00:00,PUMP102.VIBRATION_RMS,1.465,mm/s,GOOD
2024-12-18 12:00:00,PUMP102.VIBRATION_RMS,1.394,mm/s,GOOD
2024-12-18 18:00:00,PUMP102.VIBRATION_RMS,2.937,mm/s,GOOD
2024-12-19 00:00:00,PUMP102.VIBRATION_RMS,2.276,mm/s,GOOD
2024-12-19 06:00:00,PUMP102.VIBRATION_RMS,1.89,mm/s,GOOD
2024-12-19 12:00:00,PUMP102.VIBRATION_RMS,1.633,mm/s,GOOD
2024-12-19 18:00:00,PUMP102.VIBRATION_RMS,1.845,mm/s,GOOD
2024-12-20 00:00:00,PUMP102.VIBRATION_RMS,1.505,mm/s,GOOD
2024-12-20 06:00:00,PUMP102.VIBRATION_RMS,2.542,mm/s,GOOD
2024-12-20 12:00:00,PUMP102.VIBRATION_RMS,1.712,mm/s,GOOD
2024-12-20 18:00:00,PUMP102.VIBRATION_RMS,2.647,mm/s,GOOD
2024-12-21 00:00:00,PUMP102.VIBRATION_RMS,1.9,mm/s,GOOD
2024-12-21 06:00:00,PUMP102.VIBRATION_RMS,1.578,mm/s,GOOD
2024-12-21 12:00:00,PUMP102.VIBRATION_RMS,1.887,mm/s,GOOD
2024-12-21 18:00:00,PUMP102.VIBRATION_RMS,0.788,mm/s,GOOD
2024-12-22 00:00:00,PUMP102.VIBRATION_RMS,2.04,mm/s,GOOD
2024-12-22 06:00:00,PUMP102.VIBRATION_RMS,2.015,mm/s,GOOD
2024-12-22 12:00:00,PUMP102.VIBRATION_RMS,2.512,mm/s,GOOD
2024-12-22 18:00:00,PUMP102.VIBRATION_RMS,1.157,mm/s,GOOD
2024-12-23 00:00:00,PUMP102.VIBRATION_RMS,2.681,mm/s,GOOD
2024-12-23 06:00:00,PUMP102.VIBRATION_RMS,2.51,mm/s,GOOD
2024-12-23 12:00:00,PUMP102.VIBRATION_RMS,2.726,mm/s,GOOD
2024-12-23 18:00:00,PUMP102.VIBRATION_RMS,2.074,mm/s,GOOD
2024-12-24 00:00:00,PUMP102.VIBRATION_RMS,2.607,mm/s,GOOD
2024-12-24 06:00:00,PUMP102.VIBRATION_RMS,1.364,mm/s,BAD
2024-12-24 12:00:00,PUMP102.VIBRATION_RMS,2.457,mm/s,GOOD
2024-12-24 18:00:00,PUMP102.VIBRATION_RMS,1.714,mm/s,GOOD
2024-12-25 00:00:00,PUMP102.VIBRATION_RMS,1.274,mm/s,GOOD
2024-12-25 06:00:00,PUMP102.VIBRATION_RMS,1.538,mm/s,GOOD
2024-12-25 12:00:00,PUMP102.VIBRATION_RMS,2.103,mm/s,GOOD
2024-12-25 18:00:00,PUMP102.VIBRATION_RMS,1.688,mm/s,GOOD
2024-12-26 00:00:00,PUMP102.VIBRATION_RMS,2.288,mm/s,GOOD
2024-12-26 06:00:00,PUMP102.VIBRATION_RMS,1.196,mm/s,GOOD
2024-12-26 12:00:00,PUMP102.VIBRATION_RMS,1.036,mm/s,GOOD
2024-12-26 18:00:00,PUMP102.VIBRATION_RMS,2.786,mm/s,GOOD
2024-12-27 00:00:00,PUMP102.VIBRATION_RMS,2.552,mm/s,GOOD
2024-12-27 06:00:00,PUMP102.VIBRATION_RMS,1.575,mm/s,GOOD
2024-12-27 12:00:00,PUMP102.VIBRATION_RMS,2.099,mm/s,GOOD
2024-12-27 18:00:00,PUMP102.VIBRATION_RMS,2.61,mm/s,GOOD
2024-12-28 00:00:00,PUMP102.VIBRATION_RMS,2.31,mm/s,GOOD
2024-12-28 06:00:00,PUMP102.VIBRATION_RMS,2.174,mm/s,GOOD
2024-12-28 12:00:00,PUMP102.VIBRATION_RMS,2.648,mm/s,GOOD
2024-12-28 18:00:00,PUMP102.VIBRATION_RMS,1.735,mm/s,GOOD
2024-12-29 00:00:00,PUMP102.VIBRATION_RMS,2.116,mm/s,GOOD
2024-12-29 06:00:00,PUMP102.VIBRATION_RMS,2.091,mm/s,BAD
2024-12-29 12:00:00,PUMP102.VIBRATION_RMS,1.964,mm/s,GOOD
2024-12-29 18:00:00,PUMP102.VIBRATION_RMS,1.905,mm/s,GOOD
2024-12-30 00:00:00,PUMP102.VIBRATION_RMS,2.136,mm/s,GOOD
2024-12-30 06:00:00,PUMP102.VIBRATION_RMS,2.117,mm/s,BAD
2024-12-30 12:00:00,PUMP102.VIBRATION_RMS,1.576,mm/s,GOOD
2024-12-30 18:00:00,PUMP102.VIBRATION_RMS,2.501,mm/s,GOOD
2024-12-31 00:00:00,PUMP102.VIBRATION_RMS,1.612,mm/s,GOOD
2024-12-31 06:00:00,PUMP102.VIBRATION_RMS,1.991,mm/s,GOOD
2024-12-31 12:00:00,PUMP102.VIBRATION_RMS,1.952,mm/s,GOOD
2024-12-31 18:00:00,PUMP102.VIBRATION_RMS,2.279,mm/s,GOOD
2025-01-01 00:00:00,PUMP102.VIBRATION_RMS,1.04,mm/s,GOOD
2025-01-01 06:00:00,PUMP102.VIBRATION_RMS,2.545,mm/s,GOOD
2025-01-01 12:00:00,PUMP102.VIBRATION_RMS,1.762,mm/s,GOOD
2025-01-01 18:00:00,PUMP102.VIBRATION_RMS,2.71,mm/s,GOOD
2025-01-02 00:00:00,PUMP102.VIBRATION_RMS,1.861,mm/s,GOOD
2025-01-02 06:00:00,PUMP102.VIBRATION_RMS,2.076,mm/s,GOOD
2025-01-02 12:00:00,PUMP102.VIBRATION_RMS,3.057,mm/s,GOOD
2025-01-02 18:00:00,PUMP102.VIBRATION_RMS,1.961,mm/s,GOOD
2025-01-03 00:00:00,PUMP102.VIBRATION_RMS,2.719,mm/s,GOOD
2025-01-03 06:00:00,PUMP102.VIBRATION_RMS,2.12,mm/s,GOOD
2025-01-03 12:00:00,PUMP102.VIBRATION_RMS,2.308,mm/s,GOOD
2025-01-03 18:00:00,PUMP102.VIBRATION_RMS,2.135,mm/s,BAD
2025-01-04 00:00:00,PUMP102.VIBRATION_RMS,2.524,mm/s,GOOD
2025-01-04 06:00:00,PUMP102.VIBRATION_RMS,1.757,mm/s,GOOD
2025-01-04 12:00:00,PUMP102.VIBRATION_RMS,1.608,mm/s,GOOD
2025-01-04 18:00:00,PUMP102.VIBRATION_RMS,1.781,mm/s,GOOD
2025-01-05 00:00:00,PUMP102.VIBRATION_RMS,2.15,mm/s,GOOD
2025-01-05 06:00:00,PUMP102.VIBRATION_RMS,1.99,mm/s,GOOD
2025-01-05 12:00:00,PUMP102.VIBRATION_RMS,2.455,mm/s,GOOD
2025-01-05 18:00:00,PUMP102.VIBRATION_RMS,2.752,mm/s,GOOD
2025-01-06 00:00:00,PUMP102.VIBRATION_RMS,1.612,mm/s,GOOD
2025-01-06 06:00:00,PUMP102.VIBRATION_RMS,1.733,mm/s,GOOD
2025-01-06 12:00:00,PUMP102.VIBRATION_RMS,1.382,mm/s,GOOD
2025-01-06 18:00:00,PUMP102.VIBRATION_RMS,3.115,mm/s,GOOD
2025-01-07 00:00:00,PUMP102.VIBRATION_RMS,2.252,mm/s,GOOD
2025-01-07 06:00:00,PUMP102.VIBRATION_RMS,2.34,mm/s,GOOD
2025-01-07 12:00:00,PUMP102.VIBRATION_RMS,1.43,mm/s,GOOD
2025-01-07 18:00:00,PUMP102.VIBRATION_RMS,2.099,mm/s,GOOD
2025-01-08 00:00:00,PUMP102.VIBRATION_RMS,2.355,mm/s,GOOD
2025-01-08 06:00:00,PUMP102.VIBRATION_RMS,1.974,mm/s,GOOD
2025-01-08 12:00:00,PUMP102.VIBRATION_RMS,2.638,mm/s,GOOD
2025-01-08 18:00:00,PUMP102.VIBRATION_RMS,3.256,mm/s,GOOD
2025-01-09 00:00:00,PUMP102.VIBRATION_RMS,1.626,mm/s,GOOD
2025-01-09 06:00:00,PUMP102.VIBRATION_RMS,1.589,mm/s,GOOD
2025-01-09 12:00:00,PUMP102.VIBRATION_RMS,1.661,mm/s,GOOD
2025-01-09 18:00:00,PUMP102.VIBRATION_RMS,2.903,mm/s,GOOD
2025-01-10 00:00:00,PUMP102.VIBRATION_RMS,2.621,mm/s,GOOD
2025-01-10 06:00:00,PUMP102.VIBRATION_RMS,2.032,mm/s,GOOD
2025-01-10 12:00:00,PUMP102.VIBRATION_RMS,2.118,mm/s,GOOD
2025-01-10 18:00:00,PUMP102.VIBRATION_RMS,1.692,mm/s,GOOD
2025-01-11 00:00:00,PUMP102.VIBRATION_RMS,2.545,mm/s,GOOD
2025-01-11 06:00:00,PUMP102.VIBRATION_RMS,1.91,mm/s,GOOD
2025-01-11 12:00:00,PUMP102.VIBRATION_RMS,1.97,mm/s,BAD
2025-01-11 18:00:00,PUMP102.VIBRATION_RMS,2.404,mm/s,GOOD
2025-01-12 00:00:00,PUMP102.VIBRATION_RMS,2.006,mm/s,GOOD
2025-01-12 06:00:00,PUMP102.VIBRATION_RMS,1.983,mm/s,GOOD
2025-01-12 12:00:00,PUMP102.VIBRATION_RMS,2.105,mm/s,GOOD
2025-01-12 18:00:00,PUMP102.VIBRATION_RMS,2.498,mm/s,GOOD
2025-01-13 00:00:00,PUMP102.VIBRATION_RMS,2.923,mm/s,GOOD
2025-01-13 06:00:00,PUMP102.VIBRATION_RMS,2.393,mm/s,GOOD
2025-01-13 12:00:00,PUMP102.VIBRATION_RMS,2.502,mm/s,GOOD
2025-01-13 18:00:00,PUMP102.VIBRATION_RMS,2.0,mm/s,GOOD
2025-01-14 00:00:00,PUMP102.VIBRATION_RMS,1.746,mm/s,GOOD
2025-01-14 06:00:00,PUMP102.VIBRATION_RMS,2.427,mm/s,GOOD
2025-01-14 12:00:00,PUMP102.VIBRATION_RMS,2.186,mm/s,GOOD
2025-01-14 18:00:00,PUMP102.VIBRATION_RMS,1.389,mm/s,GOOD
2025-01-15 00:00:00,PUMP102.VIBRATION_RMS,1.936,mm/s,GOOD
2025-01-15 06:00:00,PUMP102.VIBRATION_RMS,2.059,mm/s,GOOD
2025-01-15 12:00:00,PUMP102.VIBRATION_RMS,1.845,mm/s,GOOD
2025-01-15 18:00:00,PUMP102.VIBRATION_RMS,2.841,mm/s,GOOD
2025-01-16 00:00:00,PUMP102.VIBRATION_RMS,2.34,mm/s,GOOD
2025-01-16 06:00:00,PUMP102.VIBRATION_RMS,2.787,mm/s,GOOD
2025-01-16 12:00:00,PUMP102.VIBRATION_RMS,2.232,mm/s,GOOD
2025-01-16 18:00:00,PUMP102.VIBRATION_RMS,2.141,mm/s,GOOD
2025-01-17 00:00:00,PUMP102.VIBRATION_RMS,1.632,mm/s,GOOD
2025-01-17 06:00:00,PUMP102.VIBRATION_RMS,2.106,mm/s,GOOD
2025-01-17 12:00:00,PUMP102.VIBRATION_RMS,2.107,mm/s,GOOD
2025-01-17 18:00:00,PUMP102.VIBRATION_RMS,1.416,mm/s,GOOD
2025-01-18 00:00:00,PUMP102.VIBRATION_RMS,1.83,mm/s,GOOD
2025-01-18 06:00:00,PUMP102.VIBRATION_RMS,1.938,mm/s,GOOD
2025-01-18 12:00:00,PUMP102.VIBRATION_RMS,2.307,mm/s,GOOD
2025-01-18 18:00:00,PUMP102.VIBRATION_RMS,2.331,mm/s,GOOD
2025-01-19 00:00:00,PUMP102.VIBRATION_RMS,1.809,mm/s,GOOD
2025-01-19 06:00:00,PUMP102.VIBRATION_RMS,2.334,mm/s,GOOD
2025-01-19 12:00:00,PUMP102.VIBRATION_RMS,2.009,mm/s,GOOD
2025-01-19 18:00:00,PUMP102.VIBRATION_RMS,0.665,mm/s,GOOD
2025-01-20 00:00:00,PUMP102.VIBRATION_RMS,1.858,mm/s,GOOD
2025-01-20 06:00:00,PUMP102.VIBRATION_RMS,2.639,mm/s,GOOD
2025-01-20 12:00:00,PUMP102.VIBRATION_RMS,1.259,mm/s,GOOD
2025-01-20 18:00:00,PUMP102.VIBRATION_RMS,2.156,mm/s,GOOD
2025-01-21 00:00:00,PUMP102.VIBRATION_RMS,2.893,mm/s,BAD
2025-01-21 06:00:00,PUMP102.VIBRATION_RMS,1.72,mm/s,GOOD
2025-01-21 12:00:00,PUMP102.VIBRATION_RMS,2.101,mm/s,GOOD
2025-01-21 18:00:00,PUMP102.VIBRATION_RMS,1.448,mm/s,GOOD
2025-01-22 00:00:00,PUMP102.VIBRATION_RMS,2.914,mm/s,GOOD
2025-01-22 06:00:00,PUMP102.VIBRATION_RMS,2.058,mm/s,GOOD
2025-01-22 12:00:00,PUMP102.VIBRATION_RMS,2.123,mm/s,GOOD
2025-01-22 18:00:00,PUMP102.VIBRATION_RMS,2.777,mm/s,GOOD
2025-01-23 00:00:00,PUMP102.VIBRATION_RMS,2.431,mm/s,GOOD
2025-01-23 06:00:00,PUMP102.VIBRATION_RMS,1.662,mm/s,GOOD
2025-01-23 12:00:00,PUMP102.VIBRATION_RMS,1.776,mm/s,GOOD
2025-01-23 18:00:00,PUMP102.VIBRATION_RMS,2.347,mm/s,GOOD
2025-01-24 00:00:00,PUMP102.VIBRATION_RMS,1.788,mm/s,GOOD
2025-01-24 06:00:00,PUMP102.VIBRATION_RMS,1.041,mm/s,GOOD
2025-01-24 12:00:00,PUMP102.VIBRATION_RMS,2.073,mm/s,GOOD
2025-01-24 18:00:00,PUMP102.VIBRATION_RMS,1.36,mm/s,GOOD
2025-01-25 00:00:00,PUMP102.VIBRATION_RMS,2.908,mm/s,GOOD
2025-01-25 06:00:00,PUMP102.VIBRATION_RMS,2.188,mm/s,GOOD
2025-01-25 12:00:00,PUMP102.VIBRATION_RMS,1.647,mm/s,GOOD
2025-01-25 18:00:00,PUMP102.VIBRATION_RMS,1.751,mm/s,GOOD
2025-01-26 00:00:00,PUMP102.VIBRATION_RMS,1.155,mm/s,GOOD
2025-01-26 06:00:00,PUMP102.VIBRATION_RMS,1.55,mm/s,GOOD
2025-01-26 12:00:00,PUMP102.VIBRATION_RMS,2.608,mm/s,BAD
2025-01-26 18:00:00,PUMP102.VIBRATION_RMS,3.216,mm/s,GOOD
2025-01-27 00:00:00,PUMP102.VIBRATION_RMS,2.463,mm/s,GOOD
2025-01-27 06:00:00,PUMP102.VIBRATION_RMS,2.054,mm/s,GOOD
2025-01-27 12:00:00,PUMP102.VIBRATION_RMS,1.884,mm/s,GOOD
2025-01-27 18:00:00,PUMP102.VIBRATION_RMS,1.622,mm/s,GOOD
2025-01-28 00:00:00,PUMP102.VIBRATION_RMS,3.13,mm/s,GOOD
2025-01-28 06:00:00,PUMP102.VIBRATION_RMS,2.006,mm/s,GOOD
2025-01-28 12:00:00,PUMP102.VIBRATION_RMS,3.158,mm/s,GOOD
2025-01-28 18:00:00,PUMP102.VIBRATION_RMS,2.797,mm/s,GOOD
2025-01-29 00:00:00,PUMP102.VIBRATION_RMS,1.23,mm/s,GOOD
2025-01-29 06:00:00,PUMP102.VIBRATION_RMS,1.767,mm/s,GOOD
2025-01-29 12:00:00,PUMP102.VIBRATION_RMS,1.765,mm/s,GOOD
2025-01-29 18:00:00,PUMP102.VIBRATION_RMS,2.06,mm/s,GOOD
2025-01-30 00:00:00,PUMP102.VIBRATION_RMS,2.07,mm/s,GOOD
2025-01-30 06:00:00,PUMP102.VIBRATION_RMS,3.598,mm/s,GOOD
2025-01-30 12:00:00,PUMP102.VIBRATION_RMS,1.561,mm/s,GOOD
2025-01-30 18:00:00,PUMP102.VIBRATION_RMS,2.214,mm/s,GOOD
2025-01-31 00:00:00,PUMP102.VIBRATION_RMS,2.408,mm/s,GOOD
2025-01-31 06:00:00,PUMP102.VIBRATION_RMS,2.099,mm/s,GOOD
2025-01-31 12:00:00,PUMP102.VIBRATION_RMS,2.155,mm/s,GOOD
2025-01-31 18:00:00,PUMP102.VIBRATION_RMS,1.578,mm/s,GOOD
2025-02-01 00:00:00,PUMP102.VIBRATION_RMS,2.153,mm/s,GOOD
2025-02-01 06:00:00,PUMP102.VIBRATION_RMS,2.356,mm/s,GOOD
2025-02-01 12:00:00,PUMP102.VIBRATION_RMS,2.264,mm/s,GOOD
2025-02-01 18:00:00,PUMP102.VIBRATION_RMS,2.385,mm/s,GOOD
2025-02-02 00:00:00,PUMP102.VIBRATION_RMS,2.806,mm/s,GOOD
2025-02-02 06:00:00,PUMP102.VIBRATION_RMS,2.568,mm/s,GOOD
2025-02-02 12:00:00,PUMP102.VIBRATION_RMS,2.136,mm/s,GOOD
2025-02-02 18:00:00,PUMP102.VIBRATION_RMS,1.514,mm/s,GOOD
2025-02-03 00:00:00,PUMP102.VIBRATION_RMS,1.8,mm/s,GOOD
2025-02-03 06:00:00,PUMP102.VIBRATION_RMS,1.99,mm/s,GOOD
2025-02-03 12:00:00,PUMP102.VIBRATION_RMS,2.226,mm/s,GOOD
2025-02-03 18:00:00,PUMP102.VIBRATION_RMS,1.861,mm/s,GOOD
2025-02-04 00:00:00,PUMP102.VIBRATION_RMS,1.632,mm/s,GOOD
2025-02-04 06:00:00,PUMP102.VIBRATION_RMS,1.506,mm/s,GOOD
2025-02-04 12:00:00,PUMP102.VIBRATION_RMS,1.274,mm/s,GOOD
2025-02-04 18:00:00,PUMP102.VIBRATION_RMS,1.983,mm/s,GOOD
2025-02-05 00:00:00,PUMP102.VIBRATION_RMS,1.365,mm/s,GOOD
2025-02-05 06:00:00,PUMP102.VIBRATION_RMS,1.6,mm/s,GOOD
2025-02-05 12:00:00,PUMP102.VIBRATION_RMS,1.903,mm/s,GOOD
2025-02-05 18:00:00,PUMP102.VIBRATION_RMS,1.432,mm/s,GOOD
2025-02-06 00:00:00,PUMP102.VIBRATION_RMS,2.29,mm/s,GOOD
2025-02-06 06:00:00,PUMP102.VIBRATION_RMS,2.47,mm/s,GOOD
2025-02-06 12:00:00,PUMP102.VIBRATION_RMS,1.825,mm/s,GOOD
2025-02-06 18:00:00,PUMP102.VIBRATION_RMS,1.881,mm/s,GOOD
2025-02-07 00:00:00,PUMP102.VIBRATION_RMS,2.369,mm/s,GOOD
2025-02-07 06:00:00,PUMP102.VIBRATION_RMS,1.743,mm/s,GOOD
2025-02-07 12:00:00,PUMP102.VIBRATION_RMS,1.709,mm/s,GOOD
2025-02-07 18:00:00,PUMP102.VIBRATION_RMS,2.698,mm/s,GOOD
2025-02-08 00:00:00,PUMP102.VIBRATION_RMS,2.542,mm/s,GOOD
2025-02-08 06:00:00,PUMP102.VIBRATION_RMS,2.401,mm/s,GOOD
2025-02-08 12:00:00,PUMP102.VIBRATION_RMS,2.563,mm/s,GOOD
2025-02-08 18:00:00,PUMP102.VIBRATION_RMS,1.111,mm/s,GOOD
2025-02-09 00:00:00,PUMP102.VIBRATION_RMS,2.777,mm/s,BAD
2025-02-09 06:00:00,PUMP102.VIBRATION_RMS,2.296,mm/s,GOOD
2025-02-09 12:00:00,PUMP102.VIBRATION_RMS,2.605,mm/s,GOOD
2025-02-09 18:00:00,PUMP102.VIBRATION_RMS,2.294,mm/s,GOOD
2025-02-10 00:00:00,PUMP102.VIBRATION_RMS,2.124,mm/s,GOOD
2025-02-10 06:00:00,PUMP102.VIBRATION_RMS,1.962,mm/s,GOOD
2025-02-10 12:00:00,PUMP102.VIBRATION_RMS,2.284,mm/s,GOOD
2025-02-10 18:00:00,PUMP102.VIBRATION_RMS,1.944,mm/s,GOOD
2025-02-11 00:00:00,PUMP102.VIBRATION_RMS,2.534,mm/s,GOOD
2025-02-11 06:00:00,PUMP102.VIBRATION_RMS,1.307,mm/s,GOOD
2025-02-11 12:00:00,PUMP102.VIBRATION_RMS,1.829,mm/s,GOOD
2025-02-11 18:00:00,PUMP102.VIBRATION_RMS,3.122,mm/s,GOOD
2025-02-12 00:00:00,PUMP102.VIBRATION_RMS,1.787,mm/s,GOOD
2025-02-12 06:00:00,PUMP102.VIBRATION_RMS,1.981,mm/s,GOOD
2025-02-12 12:00:00,PUMP102.VIBRATION_RMS,1.659,mm/s,GOOD
2025-02-12 18:00:00,PUMP102.VIBRATION_RMS,2.268,mm/s,GOOD
2025-02-13 00:00:00,PUMP102.VIBRATION_RMS,1.732,mm/s,GOOD
2025-02-13 06:00:00,PUMP102.VIBRATION_RMS,2.007,mm/s,GOOD
2025-02-13 12:00:00,PUMP102.VIBRATION_RMS,2.524,mm/s,GOOD
2025-02-13 18:00:00,PUMP102.VIBRATION_RMS,1.751,mm/s,GOOD
2025-02-14 00:00:00,PUMP102.VIBRATION_RMS,2.494,mm/s,GOOD
2025-02-14 06:00:00,PUMP102.VIBRATION_RMS,2.511,mm/s,GOOD
2025-02-14 12:00:00,PUMP102.VIBRATION_RMS,2.627,mm/s,GOOD
2025-02-14 18:00:00,PUMP102.VIBRATION_RMS,2.17,mm/s,GOOD
2025-02-15 00:00:00,PUMP102.VIBRATION_RMS,3.721,mm/s,GOOD
2025-02-15 06:00:00,PUMP102.VIBRATION_RMS,2.627,mm/s,GOOD
2025-02-15 12:00:00,PUMP102.VIBRATION_RMS,2.262,mm/s,GOOD
2025-02-15 18:00:00,PUMP102.VIBRATION_RMS,1.662,mm/s,BAD
2025-02-16 00:00:00,PUMP102.VIBRATION_RMS,2.051,mm/s,GOOD
2025-02-16 06:00:00,PUMP102.VIBRATION_RMS,2.813,mm/s,GOOD
2025-02-16 12:00:00,PUMP102.VIBRATION_RMS,2.955,mm/s,GOOD
2025-02-16 18:00:00,PUMP102.VIBRATION_RMS,2.839,mm/s,GOOD
2025-02-17 00:00:00,PUMP102.VIBRATION_RMS,2.493,mm/s,GOOD
2025-02-17 06:00:00,PUMP102.VIBRATION_RMS,1.472,mm/s,GOOD
2025-02-17 12:00:00,PUMP102.VIBRATION_RMS,2.344,mm/s,GOOD
2025-02-17 18:00:00,PUMP102.VIBRATION_RMS,1.479,mm/s,GOOD
2025-02-18 00:00:00,PUMP102.VIBRATION_RMS,1.356,mm/s,GOOD
2025-02-18 06:00:00,PUMP102.VIBRATION_RMS,2.22,mm/s,GOOD
2025-02-18 12:00:00,PUMP102.VIBRATION_RMS,2.362,mm/s,GOOD
2025-02-18 18:00:00,PUMP102.VIBRATION_RMS,2.552,mm/s,GOOD
2025-02-19 00:00:00,PUMP102.VIBRATION_RMS,2.349,mm/s,GOOD
2025-02-19 06:00:00,PUMP102.VIBRATION_RMS,2.366,mm/s,GOOD
2025-02-19 12:00:00,PUMP102.VIBRATION_RMS,1.608,mm/s,GOOD
2025-02-19 18:00:00,PUMP102.VIBRATION_RMS,2.048,mm/s,GOOD
2025-02-20 00:00:00,PUMP102.VIBRATION_RMS,1.346,mm/s,GOOD
2025-02-20 06:00:00,PUMP102.VIBRATION_RMS,1.098,mm/s,GOOD
2025-02-20 12:00:00,PUMP102.VIBRATION_RMS,2.47,mm/s,GOOD
2025-02-20 18:00:00,PUMP102.VIBRATION_RMS,1.723,mm/s,GOOD
2025-02-21 00:00:00,PUMP102.VIBRATION_RMS,2.536,mm/s,GOOD
2025-02-21 06:00:00,PUMP102.VIBRATION_RMS,2.654,mm/s,GOOD
2025-02-21 12:00:00,PUMP102.VIBRATION_RMS,1.79,mm/s,GOOD
2025-02-21 18:00:00,PUMP102.VIBRATION_RMS,2.395,mm/s,GOOD
2025-02-22 00:00:00,PUMP102.VIBRATION_RMS,1.769,mm/s,GOOD
2025-02-22 06:00:00,PUMP102.VIBRATION_RMS,1.177,mm/s,GOOD
2025-02-22 12:00:00,PUMP102.VIBRATION_RMS,2.162,mm/s,GOOD
2025-02-22 18:00:00,PUMP102.VIBRATION_RMS,1.865,mm/s,GOOD
2025-02-23 00:00:00,PUMP102.VIBRATION_RMS,1.88,mm/s,GOOD
2025-02-23 06:00:00,PUMP102.VIBRATION_RMS,3.088,mm/s,GOOD
2025-02-23 12:00:00,PUMP102.VIBRATION_RMS,1.337,mm/s,GOOD
2025-02-23 18:00:00,PUMP102.VIBRATION_RMS,2.291,mm/s,GOOD
2025-02-24 00:00:00,PUMP102.VIBRATION_RMS,1.603,mm/s,GOOD
2025-02-24 06:00:00,PUMP102.VIBRATION_RMS,2.554,mm/s,GOOD
2025-02-24 12:00:00,PUMP102.VIBRATION_RMS,2.249,mm/s,GOOD
2025-02-24 18:00:00,PUMP102.VIBRATION_RMS,2.29,mm/s,GOOD
2025-02-25 00:00:00,PUMP102.VIBRATION_RMS,1.628,mm/s,GOOD
2025-02-25 06:00:00,PUMP102.VIBRATION_RMS,1.717,mm/s,GOOD
2025-02-25 12:00:00,PUMP102.VIBRATION_RMS,2.564,mm/s,GOOD
2025-02-25 18:00:00,PUMP102.VIBRATION_RMS,2.985,mm/s,GOOD
2025-02-26 00:00:00,PUMP102.VIBRATION_RMS,2.34,mm/s,GOOD
2025-02-26 06:00:00,PUMP102.VIBRATION_RMS,1.651,mm/s,GOOD
2025-02-26 12:00:00,PUMP102.VIBRATION_RMS,2.269,mm/s,GOOD
2025-02-26 18:00:00,PUMP102.VIBRATION_RMS,3.314,mm/s,GOOD
2025-02-27 00:00:00,PUMP102.VIBRATION_RMS,2.151,mm/s,GOOD
2025-02-27 06:00:00,PUMP102.VIBRATION_RMS,2.831,mm/s,GOOD
2025-02-27 12:00:00,PUMP102.VIBRATION_RMS,1.73,mm/s,GOOD
2025-02-27 18:00:00,PUMP102.VIBRATION_RMS,2.079,mm/s,GOOD
2025-02-28 00:00:00,PUMP102.VIBRATION_RMS,2.41,mm/s,GOOD
2025-02-28 06:00:00,PUMP102.VIBRATION_RMS,2.299,mm/s,GOOD
2025-02-28 12:00:00,PUMP102.VIBRATION_RMS,1.717,mm/s,GOOD
2025-02-28 18:00:00,PUMP102.VIBRATION_RMS,1.695,mm/s,GOOD
2025-03-01 00:00:00,PUMP102.VIBRATION_RMS,2.594,mm/s,GOOD
2025-03-01 06:00:00,PUMP102.VIBRATION_RMS,2.696,mm/s,GOOD
2025-03-01 12:00:00,PUMP102.VIBRATION_RMS,2.856,mm/s,GOOD
2025-03-01 18:00:00,PUMP102.VIBRATION_RMS,3.002,mm/s,GOOD
2025-03-02 00:00:00,PUMP102.VIBRATION_RMS,2.167,mm/s,GOOD
2025-03-02 06:00:00,PUMP102.VIBRATION_RMS,1.944,mm/s,GOOD
2025-03-02 12:00:00,PUMP102.VIBRATION_RMS,2.775,mm/s,GOOD
2025-03-02 18:00:00,PUMP102.VIBRATION_RMS,2.457,mm/s,GOOD
2025-03-03 00:00:00,PUMP102.VIBRATION_RMS,1.609,mm/s,GOOD
2025-03-03 06:00:00,PUMP102.VIBRATION_RMS,1.583,mm/s,GOOD
2025-03-03 12:00:00,PUMP102.VIBRATION_RMS,2.346,mm/s,GOOD
2025-03-03 18:00:00,PUMP102.VIBRATION_RMS,2.011,mm/s,GOOD
2025-03-04 00:00:00,PUMP102.VIBRATION_RMS,2.087,mm/s,GOOD
2025-03-04 06:00:00,PUMP102.VIBRATION_RMS,2.636,mm/s,GOOD
2025-03-04 12:00:00,PUMP102.VIBRATION_RMS,2.48,mm/s,GOOD
2025-03-04 18:00:00,PUMP102.VIBRATION_RMS,2.765,mm/s,GOOD
2025-03-05 00:00:00,PUMP102.VIBRATION_RMS,1.134,mm/s,GOOD
2025-03-05 06:00:00,PUMP102.VIBRATION_RMS,2.227,mm/s,GOOD
2025-03-05 12:00:00,PUMP102.VIBRATION_RMS,2.447,mm/s,GOOD
2025-03-05 18:00:00,PUMP102.VIBRATION_RMS,1.337,mm/s,GOOD
2025-03-06 00:00:00,PUMP102.VIBRATION_RMS,1.773,mm/s,GOOD
2025-03-06 06:00:00,PUMP102.VIBRATION_RMS,1.68,mm/s,GOOD
2025-03-06 12:00:00,PUMP102.VIBRATION_RMS,2.111,mm/s,GOOD
2025-03-06 18:00:00,PUMP102.VIBRATION_RMS,2.914,mm/s,GOOD
2025-03-07 00:00:00,PUMP102.VIBRATION_RMS,3.111,mm/s,GOOD
2025-03-07 06:00:00,PUMP102.VIBRATION_RMS,1.693,mm/s,GOOD
2025-03-07 12:00:00,PUMP102.VIBRATION_RMS,2.363,mm/s,GOOD
2025-03-07 18:00:00,PUMP102.VIBRATION_RMS,2.379,mm/s,GOOD
2025-03-08 00:00:00,PUMP102.VIBRATION_RMS,2.294,mm/s,GOOD
2025-03-08 06:00:00,PUMP102.VIBRATION_RMS,2.299,mm/s,GOOD
2025-03-08 12:00:00,PUMP102.VIBRATION_RMS,2.252,mm/s,GOOD
2025-03-08 18:00:00,PUMP102.VIBRATION_RMS,2.944,mm/s,GOOD
2025-03-09 00:00:00,PUMP102.VIBRATION_RMS,2.651,mm/s,GOOD
2025-03-09 06:00:00,PUMP102.VIBRATION_RMS,1.57,mm/s,GOOD
2025-03-09 12:00:00,PUMP102.VIBRATION_RMS,2.498,mm/s,GOOD
2025-03-09 18:00:00,PUMP102.VIBRATION_RMS,2.546,mm/s,GOOD
2025-03-10 00:00:00,PUMP102.VIBRATION_RMS,2.257,mm/s,GOOD
2025-03-10 06:00:00,PUMP102.VIBRATION_RMS,2.666,mm/s,GOOD
2025-03-10 12:00:00,PUMP102.VIBRATION_RMS,2.194,mm/s,GOOD
2025-03-10 18:00:00,PUMP102.VIBRATION_RMS,2.2,mm/s,GOOD
2025-03-11 00:00:00,PUMP102.VIBRATION_RMS,2.161,mm/s,GOOD
2025-03-11 06:00:00,PUMP102.VIBRATION_RMS,1.091,mm/s,GOOD
2025-03-11 12:00:00,PUMP102.VIBRATION_RMS,2.06,mm/s,GOOD
2025-03-11 18:00:00,PUMP102.VIBRATION_RMS,1.766,mm/s,GOOD
2025-03-12 00:00:00,PUMP102.VIBRATION_RMS,1.507,mm/s,GOOD
2025-03-12 06:00:00,PUMP102.VIBRATION_RMS,2.817,mm/s,GOOD
2025-03-12 12:00:00,PUMP102.VIBRATION_RMS,2.352,mm/s,GOOD
2025-03-12 18:00:00,PUMP102.VIBRATION_RMS,2.085,mm/s,GOOD
2025-03-13 00:00:00,PUMP102.VIBRATION_RMS,1.818,mm/s,GOOD
2025-03-13 06:00:00,PUMP102.VIBRATION_RMS,2.248,mm/s,GOOD
2025-03-13 12:00:00,PUMP102.VIBRATION_RMS,2.596,mm/s,GOOD
2025-03-13 18:00:00,PUMP102.VIBRATION_RMS,1.687,mm/s,GOOD
2025-03-14 00:00:00,PUMP102.VIBRATION_RMS,2.098,mm/s,GOOD
2025-03-14 06:00:00,PUMP102.VIBRATION_RMS,2.534,mm/s,GOOD
2025-03-14 12:00:00,PUMP102.VIBRATION_RMS,1.132,mm/s,GOOD
2025-03-14 18:00:00,PUMP102.VIBRATION_RMS,2.071,mm/s,GOOD
2025-03-15 00:00:00,PUMP102.VIBRATION_RMS,1.885,mm/s,GOOD
2025-03-15 06:00:00,PUMP102.VIBRATION_RMS,2.033,mm/s,GOOD
2025-03-15 12:00:00,PUMP102.VIBRATION_RMS,1.849,mm/s,GOOD
2025-03-15 18:00:00,PUMP102.VIBRATION_RMS,2.169,mm/s,GOOD
2025-03-16 00:00:00,PUMP102.VIBRATION_RMS,3.062,mm/s,GOOD
2025-03-16 06:00:00,PUMP102.VIBRATION_RMS,1.938,mm/s,GOOD
2025-03-16 12:00:00,PUMP102.VIBRATION_RMS,2.246,mm/s,GOOD
2025-03-16 18:00:00,PUMP102.VIBRATION_RMS,3.097,mm/s,GOOD
2025-03-17 00:00:00,PUMP102.VIBRATION_RMS,1.825,mm/s,GOOD
2025-03-17 06:00:00,PUMP102.VIBRATION_RMS,3.007,mm/s,GOOD
2025-03-17 12:00:00,PUMP102.VIBRATION_RMS,2.103,mm/s,GOOD
2025-03-17 18:00:00,PUMP102.VIBRATION_RMS,2.991,mm/s,GOOD
2025-03-18 00:00:00,PUMP102.VIBRATION_RMS,2.475,mm/s,GOOD
2025-03-18 06:00:00,PUMP102.VIBRATION_RMS,2.254,mm/s,GOOD
2025-03-18 12:00:00,PUMP102.VIBRATION_RMS,2.067,mm/s,GOOD
2025-03-18 18:00:00,PUMP102.VIBRATION_RMS,1.788,mm/s,GOOD
2025-03-19 00:00:00,PUMP102.VIBRATION_RMS,2.138,mm/s,GOOD
2025-03-19 06:00:00,PUMP102.VIBRATION_RMS,2.549,mm/s,GOOD
2025-03-19 12:00:00,PUMP102.VIBRATION_RMS,2.093,mm/s,GOOD
2025-03-19 18:00:00,PUMP102.VIBRATION_RMS,1.942,mm/s,GOOD
2025-03-20 00:00:00,PUMP102.VIBRATION_RMS,1.975,mm/s,GOOD
2025-03-20 06:00:00,PUMP102.VIBRATION_RMS,2.596,mm/s,GOOD
2025-03-20 12:00:00,PUMP102.VIBRATION_RMS,2.713,mm/s,GOOD
2025-03-20 18:00:00,PUMP102.VIBRATION_RMS,1.766,mm/s,GOOD
2025-03-21 00:00:00,PUMP102.VIBRATION_RMS,1.766,mm/s,GOOD
2025-03-21 06:00:00,PUMP102.VIBRATION_RMS,2.29,mm/s,GOOD
2025-03-21 12:00:00,PUMP102.VIBRATION_RMS,2.864,mm/s,GOOD
2025-03-21 18:00:00,PUMP102.VIBRATION_RMS,2.673,mm/s,GOOD
2025-03-22 00:00:00,PUMP102.VIBRATION_RMS,1.474,mm/s,GOOD
2025-03-22 06:00:00,PUMP102.VIBRATION_RMS,1.968,mm/s,GOOD
2025-03-22 12:00:00,PUMP102.VIBRATION_RMS,1.635,mm/s,GOOD
2025-03-22 18:00:00,PUMP102.VIBRATION_RMS,1.966,mm/s,GOOD
2025-03-23 00:00:00,PUMP102.VIBRATION_RMS,2.902,mm/s,GOOD
2025-03-23 06:00:00,PUMP102.VIBRATION_RMS,1.389,mm/s,GOOD
2025-03-23 12:00:00,PUMP102.VIBRATION_RMS,1.291,mm/s,GOOD
2025-03-23 18:00:00,PUMP102.VIBRATION_RMS,1.686,mm/s,GOOD
2025-03-24 00:00:00,PUMP102.VIBRATION_RMS,2.244,mm/s,GOOD
2025-03-24 06:00:00,PUMP102.VIBRATION_RMS,2.41,mm/s,GOOD
2025-03-24 12:00:00,PUMP102.VIBRATION_RMS,2.319,mm/s,GOOD
2025-03-24 18:00:00,PUMP102.VIBRATION_RMS,2.688,mm/s,GOOD
2025-03-25 00:00:00,PUMP102.VIBRATION_RMS,1.218,mm/s,GOOD
2025-03-25 06:00:00,PUMP102.VIBRATION_RMS,2.694,mm/s,GOOD
2025-03-25 12:00:00,PUMP102.VIBRATION_RMS,1.944,mm/s,GOOD
2025-03-25 18:00:00,PUMP102.VIBRATION_RMS,2.466,mm/s,GOOD
2025-03-26 00:00:00,PUMP102.VIBRATION_RMS,1.438,mm/s,GOOD
2025-03-26 06:00:00,PUMP102.VIBRATION_RMS,2.102,mm/s,GOOD
2025-03-26 12:00:00,PUMP102.VIBRATION_RMS,2.218,mm/s,GOOD
2025-03-26 18:00:00,PUMP102.VIBRATION_RMS,2.678,mm/s,GOOD
2025-03-27 00:00:00,PUMP102.VIBRATION_RMS,1.307,mm/s,GOOD
2025-03-27 06:00:00,PUMP102.VIBRATION_RMS,2.115,mm/s,GOOD
2025-03-27 12:00:00,PUMP102.VIBRATION_RMS,1.557,mm/s,GOOD
2025-03-27 18:00:00,PUMP102.VIBRATION_RMS,2.353,mm/s,GOOD
2025-03-28 00:00:00,PUMP102.VIBRATION_RMS,2.489,mm/s,GOOD
2025-03-28 06:00:00,PUMP102.VIBRATION_RMS,2.744,mm/s,GOOD
2025-03-28 12:00:00,PUMP102.VIBRATION_RMS,1.832,mm/s,GOOD
2025-03-28 18:00:00,PUMP102.VIBRATION_RMS,2.564,mm/s,GOOD
2025-03-29 00:00:00,PUMP102.VIBRATION_RMS,2.78,mm/s,GOOD
2025-03-29 06:00:00,PUMP102.VIBRATION_RMS,1.278,mm/s,GOOD
2025-03-29 12:00:00,PUMP102.VIBRATION_RMS,2.406,mm/s,GOOD
2025-03-29 18:00:00,PUMP102.VIBRATION_RMS,2.579,mm/s,GOOD
2025-03-30 00:00:00,PUMP102.VIBRATION_RMS,1.971,mm/s,GOOD
2025-03-30 06:00:00,PUMP102.VIBRATION_RMS,1.495,mm/s,GOOD
2025-03-30 12:00:00,PUMP102.VIBRATION_RMS,2.571,mm/s,GOOD
2025-03-30 18:00:00,PUMP102.VIBRATION_RMS,1.5,mm/s,GOOD
2025-03-31 00:00:00,PUMP102.VIBRATION_RMS,2.011,mm/s,GOOD
