Timestamp,Tag,Value,Unit,Quality
2025-01-01 00:00:00,PUMP101.BEARING_TEMP,65.152,°C,GOOD
2025-01-01 01:00:00,PUMP101.BEARING_TEMP,64.48,°C,GOOD
2025-01-01 02:00:00,PUMP101.BEARING_TEMP,65.375,°C,GOOD
2025-01-01 03:00:00,PUMP101.BEARING_TEMP,65.47,°C,GOOD
2025-01-01 04:00:00,PUMP101.BEARING_TEMP,64.024,°C,GOOD
2025-01-01 05:00:00,PUMP101.BEARING_TEMP,64.349,°C,GOOD
2025-01-01 06:00:00,PUMP101.BEARING_TEMP,65.064,°C,GOOD
2025-01-01 07:00:00,PUMP101.BEARING_TEMP,64.842,°C,GOOD
2025-01-01 08:00:00,PUMP101.BEARING_TEMP,64.992,°C,GOOD
2025-01-01 09:00:00,PUMP101.BEARING_TEMP,64.573,°C,GOOD
2025-01-01 10:00:00,PUMP101.BEARING_TEMP,65.44,°C,GOOD
2025-01-01 11:00:00,PUMP101.BEARING_TEMP,65.389,°C,GOOD
2025-01-01 12:00:00,PUMP101.BEARING_TEMP,65.033,°C,GOOD
2025-01-01 13:00:00,PUMP101.BEARING_TEMP,65.564,°C,GOOD
2025-01-01 14:00:00,PUMP101.BEARING_TEMP,65.234,°C,GOOD
2025-01-01 15:00:00,PUMP101.BEARING_TEMP,64.57,°C,GOOD
2025-01-01 16:00:00,PUMP101.BEARING_TEMP,65.184,°C,GOOD
2025-01-01 17:00:00,PUMP101.BEARING_TEMP,64.521,°C,GOOD
2025-01-01 18:00:00,PUMP101.BEARING_TEMP,65.439,°C,GOOD
2025-01-01 19:00:00,PUMP101.BEARING_TEMP,64.975,°C,GOOD
2025-01-01 20:00:00,PUMP101.BEARING_TEMP,64.908,°C,GOOD
2025-01-01 21:00:00,PUMP101.BEARING_TEMP,64.66,°C,GOOD
2025-01-01 22:00:00,PUMP101.BEARING_TEMP,65.611,°C,GOOD
2025-01-01 23:00:00,PUMP101.BEARING_TEMP,64.923,°C,GOOD
2025-01-02 00:00:00,PUMP101.BEARING_TEMP,64.786,°C,GOOD
2025-01-02 01:00:00,PUMP101.BEARING_TEMP,64.824,°C,GOOD
2025-01-02 02:00:00,PUMP101.BEARING_TEMP,65.266,°C,GOOD
2025-01-02 03:00:00,PUMP101.BEARING_TEMP,65.183,°C,GOOD
2025-01-02 04:00:00,PUMP101.BEARING_TEMP,65.206,°C,GOOD
2025-01-02 05:00:00,PUMP101.BEARING_TEMP,65.215,°C,GOOD
2025-01-02 06:00:00,PUMP101.BEARING_TEMP,66.071,°C,GOOD
2025-01-02 07:00:00,PUMP101.BEARING_TEMP,64.797,°C,GOOD
2025-01-02 08:00:00,PUMP101.BEARING_TEMP,64.744,°C,GOOD
2025-01-02 09:00:00,PUMP101.BEARING_TEMP,64.593,°C,GOOD
2025-01-02 10:00:00,PUMP101.BEARING_TEMP,65.308,°C,GOOD
2025-01-02 11:00:00,PUMP101.BEARING_TEMP,65.564,°C,GOOD
2025-01-02 12:00:00,PUMP101.BEARING_TEMP,64.943,°C,GOOD
2025-01-02 13:00:00,PUMP101.BEARING_TEMP,64.58,°C,GOOD
2025-01-02 14:00:00,PUMP101.BEARING_TEMP,64.588,°C,GOOD
2025-01-02 15:00:00,PUMP101.BEARING_TEMP,65.325,°C,GOOD
2025-01-02 16:00:00,PUMP101.BEARING_TEMP,65.372,°C,GOOD
2025-01-02 17:00:00,PUMP101.BEARING_TEMP,65.272,°C,GOOD
2025-01-02 18:00:00,PUMP101.BEARING_TEMP,64.667,°C,GOOD
2025-01-02 19:00:00,PUMP101.BEARING_TEMP,65.116,°C,GOOD
2025-01-02 20:00:00,PUMP101.BEARING_TEMP,65.058,°C,GOOD
2025-01-02 21:00:00,PUMP101.BEARING_TEMP,65.109,°C,GOOD
2025-01-02 22:00:00,PUMP101.BEARING_TEMP,65.436,°C,GOOD
2025-01-02 23:00:00,PUMP101.BEARING_TEMP,65.112,°C,GOOD
2025-01-03 00:00:00,PUMP101.BEARING_TEMP,65.339,°C,GOOD
2025-01-03 01:00:00,PUMP101.BEARING_TEMP,65.034,°C,GOOD
2025-01-03 02:00:00,PUMP101.BEARING_TEMP,65.145,°C,GOOD
2025-01-03 03:00:00,PUMP101.BEARING_TEMP,65.316,°C,GOOD
2025-01-03 04:00:00,PUMP101.BEARING_TEMP,64.271,°C,GOOD
2025-01-03 05:00:00,PUMP101.BEARING_TEMP,64.84,°C,GOOD
2025-01-03 06:00:00,PUMP101.BEARING_TEMP,64.765,°C,GOOD
2025-01-03 07:00:00,PUMP101.BEARING_TEMP,64.681,°C,GOOD
2025-01-03 08:00:00,PUMP101.BEARING_TEMP,64.862,°C,GOOD
2025-01-03 09:00:00,PUMP101.BEARING_TEMP,65.747,°C,GOOD
2025-01-03 10:00:00,PUMP101.BEARING_TEMP,64.567,°C,GOOD
2025-01-03 11:00:00,PUMP101.BEARING_TEMP,65.484,°C,GOOD
2025-01-03 12:00:00,PUMP101.BEARING_TEMP,64.159,°C,GOOD
2025-01-03 13:00:00,PUMP101.BEARING_TEMP,64.833,°C,GOOD
2025-01-03 14:00:00,PUMP101.BEARING_TEMP,65.081,°C,GOOD
2025-01-03 15:00:00,PUMP101.BEARING_TEMP,65.293,°C,GOOD
2025-01-03 16:00:00,PUMP101.BEARING_TEMP,65.356,°C,GOOD
2025-01-03 17:00:00,PUMP101.BEARING_TEMP,65.397,°C,GOOD
2025-01-03 18:00:00,PUMP101.BEARING_TEMP,64.826,°C,GOOD
2025-01-03 19:00:00,PUMP101.BEARING_TEMP,64.769,°C,GOOD
2025-01-03 20:00:00,PUMP101.BEARING_TEMP,65.429,°C,GOOD
2025-01-03 21:00:00,PUMP101.BEARING_TEMP,64.904,°C,GOOD
2025-01-03 22:00:00,PUMP101.BEARING_TEMP,64.362,°C,GOOD
2025-01-03 23:00:00,PUMP101.BEARING_TEMP,64.433,°C,GOOD
2025-01-04 00:00:00,PUMP101.BEARING_TEMP,64.54,°C,GOOD
2025-01-04 01:00:00,PUMP101.BEARING_TEMP,65.249,°C,GOOD
2025-01-04 02:00:00,PUMP101.BEARING_TEMP,65.071,°C,GOOD
2025-01-04 03:00:00,PUMP101.BEARING_TEMP,65.345,°C,GOOD
2025-01-04 04:00:00,PUMP101.BEARING_TEMP,64.786,°C,GOOD
2025-01-04 05:00:00,PUMP101.BEARING_TEMP,65.079,°C,GOOD
2025-01-04 06:00:00,PUMP101.BEARING_TEMP,65.313,°C,GOOD
2025-01-04 07:00:00,PUMP101.BEARING_TEMP,64.845,°C,GOOD
2025-01-04 08:00:00,PUMP101.BEARING_TEMP,65.228,°C,GOOD
2025-01-04 09:00:00,PUMP101.BEARING_TEMP,64.669,°C,GOOD
2025-01-04 10:00:00,PUMP101.BEARING_TEMP,64.818,°C,GOOD
2025-01-04 11:00:00,PUMP101.BEARING_TEMP,64.809,°C,GOOD
2025-01-04 12:00:00,PUMP101.BEARING_TEMP,64.402,°C,GOOD
2025-01-04 13:00:00,PUMP101.BEARING_TEMP,65.243,°C,GOOD
2025-01-04 14:00:00,PUMP101.BEARING_TEMP,64.765,°C,GOOD
2025-01-04 15:00:00,PUMP101.BEARING_TEMP,65.006,°C,GOOD
2025-01-04 16:00:00,PUMP101.BEARING_TEMP,65.24,°C,GOOD
2025-01-04 17:00:00,PUMP101.BEARING_TEMP,65.223,°C,GOOD
2025-01-04 18:00:00,PUMP101.BEARING_TEMP,65.333,°C,GOOD
2025-01-04 19:00:00,PUMP101.BEARING_TEMP,64.951,°C,GOOD
2025-01-04 20:00:00,PUMP101.BEARING_TEMP,64.788,°C,GOOD
2025-01-04 21:00:00,PUMP101.BEARING_TEMP,64.96,°C,GOOD
2025-01-04 22:00:00,PUMP101.BEARING_TEMP,64.156,°C,GOOD
2025-01-04 23:00:00,PUMP101.BEARING_TEMP,64.276,°C,GOOD
2025-01-05 00:00:00,PUMP101.BEARING_TEMP,64.339,°C,GOOD
2025-01-05 01:00:00,PUMP101.BEARING_TEMP,64.501,°C,GOOD
2025-01-05 02:00:00,PUMP101.BEARING_TEMP,65.2,°C,GOOD
2025-01-05 03:00:00,PUMP101.BEARING_TEMP,64.547,°C,GOOD
2025-01-05 04:00:00,PUMP101.BEARING_TEMP,64.811,°C,GOOD
2025-01-05 05:00:00,PUMP101.BEARING_TEMP,65.65,°C,GOOD
2025-01-05 06:00:00,PUMP101.BEARING_TEMP,64.822,°C,GOOD
2025-01-05 07:00:00,PUMP101.BEARING_TEMP,65.369,°C,GOOD
2025-01-05 08:00:00,PUMP101.BEARING_TEMP,64.533,°C,GOOD
2025-01-05 09:00:00,PUMP101.BEARING_TEMP,64.897,°C,GOOD
2025-01-05 10:00:00,PUMP101.BEARING_TEMP,64.525,°C,GOOD
2025-01-05 11:00:00,PUMP101.BEARING_TEMP,64.83,°C,GOOD
2025-01-05 12:00:00,PUMP101.BEARING_TEMP,65.42,°C,GOOD
2025-01-05 13:00:00,PUMP101.BEARING_TEMP,64.136,°C,GOOD
2025-01-05 14:00:00,PUMP101.BEARING_TEMP,65.217,°C,GOOD
2025-01-05 15:00:00,PUMP101.BEARING_TEMP,65.119,°C,GOOD
2025-01-05 16:00:00,PUMP101.BEARING_TEMP,64.703,°C,GOOD
2025-01-05 17:00:00,PUMP101.BEARING_TEMP,64.277,°C,GOOD
2025-01-05 18:00:00,PUMP101.BEARING_TEMP,65.036,°C,GOOD
2025-01-05 19:00:00,PUMP101.BEARING_TEMP,64.735,°C,GOOD
2025-01-05 20:00:00,PUMP101.BEARING_TEMP,65.116,°C,GOOD
2025-01-05 21:00:00,PUMP101.BEARING_TEMP,65.011,°C,GOOD
2025-01-05 22:00:00,PUMP101.BEARING_TEMP,65.801,°C,GOOD
2025-01-05 23:00:00,PUMP101.BEARING_TEMP,64.88,°C,GOOD
2025-01-06 00:00:00,PUMP101.BEARING_TEMP,64.488,°C,GOOD
2025-01-06 01:00:00,PUMP101.BEARING_TEMP,65.09,°C,GOOD
2025-01-06 02:00:00,PUMP101.BEARING_TEMP,65.11,°C,GOOD
2025-01-06 03:00:00,PUMP101.BEARING_TEMP,65.68,°C,GOOD
2025-01-06 04:00:00,PUMP101.BEARING_TEMP,65.418,°C,GOOD
2025-01-06 05:00:00,PUMP101.BEARING_TEMP,65.178,°C,GOOD
2025-01-06 06:00:00,PUMP101.BEARING_TEMP,65.732,°C,GOOD
2025-01-06 07:00:00,PUMP101.BEARING_TEMP,64.406,°C,GOOD
2025-01-06 08:00:00,PUMP101.BEARING_TEMP,64.68,°C,GOOD
2025-01-06 09:00:00,PUMP101.BEARING_TEMP,64.537,°C,GOOD
2025-01-06 10:00:00,PUMP101.BEARING_TEMP,64.805,°C,GOOD
2025-01-06 11:00:00,PUMP101.BEARING_TEMP,64.312,°C,GOOD
2025-01-06 12:00:00,PUMP101.BEARING_TEMP,65.318,°C,GOOD
2025-01-06 13:00:00,PUMP101.BEARING_TEMP,64.889,°C,GOOD
2025-01-06 14:00:00,PUMP101.BEARING_TEMP,64.265,°C,BAD
2025-01-06 15:00:00,PUMP101.BEARING_TEMP,64.492,°C,GOOD
2025-01-06 16:00:00,PUMP101.BEARING_TEMP,65.157,°C,GOOD
2025-01-06 17:00:00,PUMP101.BEARING_TEMP,65.419,°C,GOOD
2025-01-06 18:00:00,PUMP101.BEARING_TEMP,65.998,°C,GOOD
2025-01-06 19:00:00,PUMP101.BEARING_TEMP,66.457,°C,GOOD
2025-01-06 20:00:00,PUMP101.BEARING_TEMP,65.207,°C,GOOD
2025-01-06 21:00:00,PUMP101.BEARING_TEMP,64.505,°C,GOOD
2025-01-06 22:00:00,PUMP101.BEARING_TEMP,63.934,°C,GOOD
2025-01-06 23:00:00,PUMP101.BEARING_TEMP,65.134,°C,GOOD
2025-01-07 00:00:00,PUMP101.BEARING_TEMP,64.594,°C,GOOD
2025-01-07 01:00:00,PUMP101.BEARING_TEMP,64.792,°C,GOOD
2025-01-07 02:00:00,PUMP101.BEARING_TEMP,64.694,°C,GOOD
2025-01-07 03:00:00,PUMP101.BEARING_TEMP,64.93,°C,GOOD
2025-01-07 04:00:00,PUMP101.BEARING_TEMP,65.533,°C,GOOD
2025-01-07 05:00:00,PUMP101.BEARING_TEMP,65.079,°C,GOOD
2025-01-07 06:00:00,PUMP101.BEARING_TEMP,64.921,°C,GOOD
2025-01-07 07:00:00,PUMP101.BEARING_TEMP,64.482,°C,GOOD
2025-01-07 08:00:00,PUMP101.BEARING_TEMP,64.163,°C,GOOD
2025-01-07 09:00:00,PUMP101.BEARING_TEMP,64.757,°C,GOOD
2025-01-07 10:00:00,PUMP101.BEARING_TEMP,64.973,°C,GOOD
2025-01-07 11:00:00,PUMP101.BEARING_TEMP,65.884,°C,GOOD
2025-01-07 12:00:00,PUMP101.BEARING_TEMP,65.065,°C,GOOD
2025-01-07 13:00:00,PUMP101.BEARING_TEMP,65.491,°C,GOOD
2025-01-07 14:00:00,PUMP101.BEARING_TEMP,64.75,°C,GOOD
2025-01-07 15:00:00,PUMP101.BEARING_TEMP,64.408,°C,GOOD
2025-01-07 16:00:00,PUMP101.BEARING_TEMP,64.517,°C,GOOD
2025-01-07 17:00:00,PUMP101.BEARING_TEMP,64.637,°C,GOOD
2025-01-07 18:00:00,PUMP101.BEARING_TEMP,66.064,°C,GOOD
2025-01-07 19:00:00,PUMP101.BEARING_TEMP,64.589,°C,GOOD
2025-01-07 20:00:00,PUMP101.BEARING_TEMP,65.419,°C,GOOD
2025-01-07 21:00:00,PUMP101.BEARING_TEMP,64.549,°C,GOOD
2025-01-07 22:00:00,PUMP101.BEARING_TEMP,65.466,°C,GOOD
2025-01-07 23:00:00,PUMP101.BEARING_TEMP,65.192,°C,GOOD
2025-01-08 00:00:00,PUMP101.BEARING_TEMP,64.922,°C,GOOD
2025-01-08 01:00:00,PUMP101.BEARING_TEMP,64.98,°C,GOOD
2025-01-08 02:00:00,PUMP101.BEARING_TEMP,64.673,°C,GOOD
2025-01-08 03:00:00,PUMP101.BEARING_TEMP,65.223,°C,GOOD
2025-01-08 04:00:00,PUMP101.BEARING_TEMP,64.773,°C,GOOD
2025-01-08 05:00:00,PUMP101.BEARING_TEMP,64.387,°C,GOOD
2025-01-08 06:00:00,PUMP101.BEARING_TEMP,64.361,°C,GOOD
2025-01-08 07:00:00,PUMP101.BEARING_TEMP,65.086,°C,GOOD
2025-01-08 08:00:00,PUMP101.BEARING_TEMP,65.79,°C,GOOD
2025-01-08 09:00:00,PUMP101.BEARING_TEMP,65.08,°C,GOOD
2025-01-08 10:00:00,PUMP101.BEARING_TEMP,64.941,°C,GOOD
2025-01-08 11:00:00,PUMP101.BEARING_TEMP,65.143,°C,GOOD
2025-01-08 12:00:00,PUMP101.BEARING_TEMP,65.653,°C,GOOD
2025-01-08 13:00:00,PUMP101.BEARING_TEMP,65.11,°C,GOOD
2025-01-08 14:00:00,PUMP101.BEARING_TEMP,64.795,°C,GOOD
2025-01-08 15:00:00,PUMP101.BEARING_TEMP,65.553,°C,BAD
2025-01-08 16:00:00,PUMP101.BEARING_TEMP,65.214,°C,GOOD
2025-01-08 17:00:00,PUMP101.BEARING_TEMP,65.768,°C,GOOD
2025-01-08 18:00:00,PUMP101.BEARING_TEMP,65.092,°C,GOOD
2025-01-08 19:00:00,PUMP101.BEARING_TEMP,64.388,°C,GOOD
2025-01-08 20:00:00,PUMP101.BEARING_TEMP,64.316,°C,GOOD
2025-01-08 21:00:00,PUMP101.BEARING_TEMP,65.825,°C,GOOD
2025-01-08 22:00:00,PUMP101.BEARING_TEMP,65.862,°C,GOOD
2025-01-08 23:00:00,PUMP101.BEARING_TEMP,64.91,°C,GOOD
2025-01-09 00:00:00,PUMP101.BEARING_TEMP,64.808,°C,GOOD
2025-01-09 01:00:00,PUMP101.BEARING_TEMP,65.731,°C,GOOD
2025-01-09 02:00:00,PUMP101.BEARING_TEMP,64.446,°C,GOOD
2025-01-09 03:00:00,PUMP101.BEARING_TEMP,64.553,°C,GOOD
2025-01-09 04:00:00,PUMP101.BEARING_TEMP,65.322,°C,GOOD
2025-01-09 05:00:00,PUMP101.BEARING_TEMP,64.803,°C,GOOD
2025-01-09 06:00:00,PUMP101.BEARING_TEMP,64.997,°C,GOOD
2025-01-09 07:00:00,PUMP101.BEARING_TEMP,64.918,°C,GOOD
2025-01-09 08:00:00,PUMP101.BEARING_TEMP,65.169,°C,GOOD
2025-01-09 09:00:00,PUMP101.BEARING_TEMP,65.704,°C,GOOD
2025-01-09 10:00:00,PUMP101.BEARING_TEMP,65.045,°C,GOOD
2025-01-09 11:00:00,PUMP101.BEARING_TEMP,65.322,°C,GOOD
2025-01-09 12:00:00,PUMP101.BEARING_TEMP,63.975,°C,GOOD
2025-01-09 13:00:00,PUMP101.BEARING_TEMP,64.976,°C,GOOD
2025-01-09 14:00:00,PUMP101.BEARING_TEMP,64.578,°C,GOOD
2025-01-09 15:00:00,PUMP101.BEARING_TEMP,64.391,°C,GOOD
2025-01-09 16:00:00,PUMP101.BEARING_TEMP,64.561,°C,GOOD
2025-01-09 17:00:00,PUMP101.BEARING_TEMP,64.833,°C,GOOD
2025-01-09 18:00:00,PUMP101.BEARING_TEMP,65.458,°C,GOOD
2025-01-09 19:00:00,PUMP101.BEARING_TEMP,64.337,°C,GOOD
2025-01-09 20:00:00,PUMP101.BEARING_TEMP,65.015,°C,GOOD
2025-01-09 21:00:00,PUMP101.BEARING_TEMP,64.758,°C,GOOD
2025-01-09 22:00:00,PUMP101.BEARING_TEMP,64.836,°C,GOOD
2025-01-09 23:00:00,PUMP101.BEARING_TEMP,65.501,°C,GOOD
2025-01-10 00:00:00,PUMP101.BEARING_TEMP,65.269,°C,GOOD
2025-01-10 01:00:00,PUMP101.BEARING_TEMP,65.669,°C,GOOD
2025-01-10 02:00:00,PUMP101.BEARING_TEMP,64.923,°C,GOOD
2025-01-10 03:00:00,PUMP101.BEARING_TEMP,64.652,°C,GOOD
2025-01-10 04:00:00,PUMP101.BEARING_TEMP,64.888,°C,GOOD
2025-01-10 05:00:00,PUMP101.BEARING_TEMP,65.121,°C,GOOD
2025-01-10 06:00:00,PUMP101.BEARING_TEMP,65.088,°C,GOOD
2025-01-10 07:00:00,PUMP101.BEARING_TEMP,64.458,°C,GOOD
2025-01-10 08:00:00,PUMP101.BEARING_TEMP,65.045,°C,GOOD
2025-01-10 09:00:00,PUMP101.BEARING_TEMP,65.114,°C,GOOD
2025-01-10 10:00:00,PUMP101.BEARING_TEMP,66.259,°C,GOOD
2025-01-10 11:00:00,PUMP101.BEARING_TEMP,65.938,°C,GOOD
2025-01-10 12:00:00,PUMP101.BEARING_TEMP,64.573,°C,GOOD
2025-01-10 13:00:00,PUMP101.BEARING_TEMP,64.856,°C,GOOD
2025-01-10 14:00:00,PUMP101.BEARING_TEMP,64.268,°C,GOOD
2025-01-10 15:00:00,PUMP101.BEARING_TEMP,64.705,°C,GOOD
2025-01-10 16:00:00,PUMP101.BEARING_TEMP,65.158,°C,GOOD
2025-01-10 17:00:00,PUMP101.BEARING_TEMP,65.603,°C,GOOD
2025-01-10 18:00:00,PUMP101.BEARING_TEMP,64.635,°C,GOOD
2025-01-10 19:00:00,PUMP101.BEARING_TEMP,64.673,°C,GOOD
2025-01-10 20:00:00,PUMP101.BEARING_TEMP,63.926,°C,GOOD
2025-01-10 21:00:00,PUMP101.BEARING_TEMP,64.919,°C,GOOD
2025-01-10 22:00:00,PUMP101.BEARING_TEMP,64.469,°C,GOOD
2025-01-10 23:00:00,PUMP101.BEARING_TEMP,64.735,°C,GOOD
2025-01-11 00:00:00,PUMP101.BEARING_TEMP,64.562,°C,GOOD
2025-01-11 01:00:00,PUMP101.BEARING_TEMP,64.953,°C,GOOD
2025-01-11 02:00:00,PUMP101.BEARING_TEMP,64.121,°C,GOOD
2025-01-11 03:00:00,PUMP101.BEARING_TEMP,64.266,°C,GOOD
2025-01-11 04:00:00,PUMP101.BEARING_TEMP,66.065,°C,GOOD
2025-01-11 05:00:00,PUMP101.BEARING_TEMP,64.356,°C,GOOD
2025-01-11 06:00:00,PUMP101.BEARING_TEMP,64.452,°C,GOOD
2025-01-11 07:00:00,PUMP101.BEARING_TEMP,65.918,°C,GOOD
2025-01-11 08:00:00,PUMP101.BEARING_TEMP,66.453,°C,GOOD
2025-01-11 09:00:00,PUMP101.BEARING_TEMP,64.414,°C,GOOD
2025-01-11 10:00:00,PUMP101.BEARING_TEMP,64.816,°C,GOOD
2025-01-11 11:00:00,PUMP101.BEARING_TEMP,65.171,°C,GOOD
2025-01-11 12:00:00,PUMP101.BEARING_TEMP,65.864,°C,GOOD
2025-01-11 13:00:00,PUMP101.BEARING_TEMP,64.507,°C,GOOD
2025-01-11 14:00:00,PUMP101.BEARING_TEMP,64.877,°C,GOOD
2025-01-11 15:00:00,PUMP101.BEARING_TEMP,65.389,°C,GOOD
2025-01-11 16:00:00,PUMP101.BEARING_TEMP,65.217,°C,GOOD
2025-01-11 17:00:00,PUMP101.BEARING_TEMP,64.812,°C,GOOD
2025-01-11 18:00:00,PUMP101.BEARING_TEMP,64.933,°C,GOOD
2025-01-11 19:00:00,PUMP101.BEARING_TEMP,64.313,°C,GOOD
2025-01-11 20:00:00,PUMP101.BEARING_TEMP,64.881,°C,GOOD
2025-01-11 21:00:00,PUMP101.BEARING_TEMP,64.867,°C,GOOD
2025-01-11 22:00:00,PUMP101.BEARING_TEMP,65.116,°C,GOOD
2025-01-11 23:00:00,PUMP101.BEARING_TEMP,64.722,°C,GOOD
2025-01-12 00:00:00,PUMP101.BEARING_TEMP,65.236,°C,GOOD
2025-01-12 01:00:00,PUMP101.BEARING_TEMP,65.506,°C,GOOD
2025-01-12 02:00:00,PUMP101.BEARING_TEMP,65.078,°C,GOOD
2025-01-12 03:00:00,PUMP101.BEARING_TEMP,65.176,°C,GOOD
2025-01-12 04:00:00,PUMP101.BEARING_TEMP,65.027,°C,GOOD
2025-01-12 05:00:00,PUMP101.BEARING_TEMP,65.0,°C,GOOD
2025-01-12 06:00:00,PUMP101.BEARING_TEMP,64.639,°C,GOOD
2025-01-12 07:00:00,PUMP101.BEARING_TEMP,65.158,°C,GOOD
2025-01-12 08:00:00,PUMP101.BEARING_TEMP,64.951,°C,GOOD
2025-01-12 09:00:00,PUMP101.BEARING_TEMP,66.047,°C,GOOD
2025-01-12 10:00:00,PUMP101.BEARING_TEMP,65.787,°C,GOOD
2025-01-12 11:00:00,PUMP101.BEARING_TEMP,65.193,°C,GOOD
2025-01-12 12:00:00,PUMP101.BEARING_TEMP,64.618,°C,GOOD
2025-01-12 13:00:00,PUMP101.BEARING_TEMP,64.444,°C,GOOD
2025-01-12 14:00:00,PUMP101.BEARING_TEMP,65.596,°C,GOOD
2025-01-12 15:00:00,PUMP101.BEARING_TEMP,65.131,°C,GOOD
2025-01-12 16:00:00,PUMP101.BEARING_TEMP,65.24,°C,GOOD
2025-01-12 17:00:00,PUMP101.BEARING_TEMP,64.128,°C,GOOD
2025-01-12 18:00:00,PUMP101.BEARING_TEMP,65.464,°C,GOOD
2025-01-12 19:00:00,PUMP101.BEARING_TEMP,65.227,°C,GOOD
2025-01-12 20:00:00,PUMP101.BEARING_TEMP,64.445,°C,GOOD
2025-01-12 21:00:00,PUMP101.BEARING_TEMP,64.764,°C,GOOD
2025-01-12 22:00:00,PUMP101.BEARING_TEMP,65.132,°C,GOOD
2025-01-12 23:00:00,PUMP101.BEARING_TEMP,65.026,°C,GOOD
2025-01-13 00:00:00,PUMP101.BEARING_TEMP,64.854,°C,GOOD
2025-01-13 01:00:00,PUMP101.BEARING_TEMP,64.948,°C,GOOD
2025-01-13 02:00:00,PUMP101.BEARING_TEMP,64.874,°C,GOOD
2025-01-13 03:00:00,PUMP101.BEARING_TEMP,65.076,°C,GOOD
2025-01-13 04:00:00,PUMP101.BEARING_TEMP,65.736,°C,GOOD
2025-01-13 05:00:00,PUMP101.BEARING_TEMP,63.717,°C,GOOD
2025-01-13 06:00:00,PUMP101.BEARING_TEMP,64.882,°C,GOOD
2025-01-13 07:00:00,PUMP101.BEARING_TEMP,65.088,°C,GOOD
2025-01-13 08:00:00,PUMP101.BEARING_TEMP,65.148,°C,GOOD
2025-01-13 09:00:00,PUMP101.BEARING_TEMP,64.814,°C,GOOD
2025-01-13 10:00:00,PUMP101.BEARING_TEMP,64.122,°C,GOOD
2025-01-13 11:00:00,PUMP101.BEARING_TEMP,65.164,°C,GOOD
2025-01-13 12:00:00,PUMP101.BEARING_TEMP,65.864,°C,GOOD
2025-01-13 13:00:00,PUMP101.BEARING_TEMP,64.233,°C,GOOD
2025-01-13 14:00:00,PUMP101.BEARING_TEMP,65.432,°C,GOOD
2025-01-13 15:00:00,PUMP101.BEARING_TEMP,64.836,°C,GOOD
2025-01-13 16:00:00,PUMP101.BEARING_TEMP,64.969,°C,GOOD
2025-01-13 17:00:00,PUMP101.BEARING_TEMP,64.474,°C,GOOD
2025-01-13 18:00:00,PUMP101.BEARING_TEMP,64.833,°C,GOOD
2025-01-13 19:00:00,PUMP101.BEARING_TEMP,65.65,°C,GOOD
2025-01-13 20:00:00,PUMP101.BEARING_TEMP,65.291,°C,GOOD
2025-01-13 21:00:00,PUMP101.BEARING_TEMP,65.866,°C,GOOD
2025-01-13 22:00:00,PUMP101.BEARING_TEMP,65.589,°C,GOOD
2025-01-13 23:00:00,PUMP101.BEARING_TEMP,65.22,°C,GOOD
2025-01-14 00:00:00,PUMP101.BEARING_TEMP,65.872,°C,GOOD
2025-01-14 01:00:00,PUMP101.BEARING_TEMP,65.219,°C,GOOD
2025-01-14 02:00:00,PUMP101.BEARING_TEMP,65.414,°C,GOOD
2025-01-14 03:00:00,PUMP101.BEARING_TEMP,64.852,°C,GOOD
2025-01-14 04:00:00,PUMP101.BEARING_TEMP,65.033,°C,GOOD
2025-01-14 05:00:00,PUMP101.BEARING_TEMP,64.651,°C,GOOD
2025-01-14 06:00:00,PUMP101.BEARING_TEMP,65.495,°C,GOOD
2025-01-14 07:00:00,PUMP101.BEARING_TEMP,64.411,°C,GOOD
2025-01-14 08:00:00,PUMP101.BEARING_TEMP,65.391,°C,GOOD
2025-01-14 09:00:00,PUMP101.BEARING_TEMP,64.905,°C,GOOD
2025-01-14 10:00:00,PUMP101.BEARING_TEMP,65.586,°C,GOOD
2025-01-14 11:00:00,PUMP101.BEARING_TEMP,65.375,°C,GOOD
2025-01-14 12:00:00,PUMP101.BEARING_TEMP,65.91,°C,GOOD
2025-01-14 13:00:00,PUMP101.BEARING_TEMP,65.365,°C,GOOD
2025-01-14 14:00:00,PUMP101.BEARING_TEMP,64.214,°C,GOOD
2025-01-14 15:00:00,PUMP101.BEARING_TEMP,64.967,°C,GOOD
2025-01-14 16:00:00,PUMP101.BEARING_TEMP,64.414,°C,GOOD
2025-01-14 17:00:00,PUMP101.BEARING_TEMP,64.741,°C,GOOD
2025-01-14 18:00:00,PUMP101.BEARING_TEMP,65.756,°C,GOOD
2025-01-14 19:00:00,PUMP101.BEARING_TEMP,65.319,°C,GOOD
2025-01-14 20:00:00,PUMP101.BEARING_TEMP,64.651,°C,GOOD
2025-01-14 21:00:00,PUMP101.BEARING_TEMP,64.493,°C,GOOD
2025-01-14 22:00:00,PUMP101.BEARING_TEMP,65.016,°C,GOOD
2025-01-14 23:00:00,PUMP101.BEARING_TEMP,64.392,°C,GOOD
2025-01-15 00:00:00,PUMP101.BEARING_TEMP,64.664,°C,GOOD
2025-01-15 01:00:00,PUMP101.BEARING_TEMP,65.156,°C,GOOD
2025-01-15 02:00:00,PUMP101.BEARING_TEMP,65.578,°C,GOOD
2025-01-15 03:00:00,PUMP101.BEARING_TEMP,65.304,°C,GOOD
2025-01-15 04:00:00,PUMP101.BEARING_TEMP,63.854,°C,GOOD
2025-01-15 05:00:00,PUMP101.BEARING_TEMP,65.152,°C,GOOD
2025-01-15 06:00:00,PUMP101.BEARING_TEMP,65.036,°C,GOOD
2025-01-15 07:00:00,PUMP101.BEARING_TEMP,65.207,°C,GOOD
2025-01-15 08:00:00,PUMP101.BEARING_TEMP,65.808,°C,GOOD
2025-01-15 09:00:00,PUMP101.BEARING_TEMP,63.968,°C,GOOD
2025-01-15 10:00:00,PUMP101.BEARING_TEMP,64.704,°C,GOOD
2025-01-15 11:00:00,PUMP101.BEARING_TEMP,65.295,°C,GOOD
2025-01-15 12:00:00,PUMP101.BEARING_TEMP,64.209,°C,GOOD
2025-01-15 13:00:00,PUMP101.BEARING_TEMP,65.738,°C,GOOD
2025-01-15 14:00:00,PUMP101.BEARING_TEMP,65.184,°C,GOOD
2025-01-15 15:00:00,PUMP101.BEARING_TEMP,65.423,°C,GOOD
2025-01-15 16:00:00,PUMP101.BEARING_TEMP,64.715,°C,GOOD
2025-01-15 17:00:00,PUMP101.BEARING_TEMP,65.407,°C,GOOD
2025-01-15 18:00:00,PUMP101.BEARING_TEMP,65.534,°C,GOOD
2025-01-15 19:00:00,PUMP101.BEARING_TEMP,65.116,°C,GOOD
2025-01-15 20:00:00,PUMP101.BEARING_TEMP,65.117,°C,GOOD
2025-01-15 21:00:00,PUMP101.BEARING_TEMP,65.135,°C,GOOD
2025-01-15 22:00:00,PUMP101.BEARING_TEMP,64.568,°C,GOOD
2025-01-15 23:00:00,PUMP101.BEARING_TEMP,64.926,°C,GOOD
2025-01-16 00:00:00,PUMP101.BEARING_TEMP,64.924,°C,GOOD
2025-01-16 01:00:00,PUMP101.BEARING_TEMP,65.192,°C,GOOD
2025-01-16 02:00:00,PUMP101.BEARING_TEMP,65.5,°C,GOOD
2025-01-16 03:00:00,PUMP101.BEARING_TEMP,64.471,°C,GOOD
2025-01-16 04:00:00,PUMP101.BEARING_TEMP,64.937,°C,GOOD
2025-01-16 05:00:00,PUMP101.BEARING_TEMP,65.741,°C,GOOD
2025-01-16 06:00:00,PUMP101.BEARING_TEMP,64.628,°C,GOOD
2025-01-16 07:00:00,PUMP101.BEARING_TEMP,64.589,°C,GOOD
2025-01-16 08:00:00,PUMP101.BEARING_TEMP,65.101,°C,GOOD
2025-01-16 09:00:00,PUMP101.BEARING_TEMP,65.422,°C,GOOD
2025-01-16 10:00:00,PUMP101.BEARING_TEMP,65.006,°C,GOOD
2025-01-16 11:00:00,PUMP101.BEARING_TEMP,65.664,°C,GOOD
2025-01-16 12:00:00,PUMP101.BEARING_TEMP,65.428,°C,GOOD
2025-01-16 13:00:00,PUMP101.BEARING_TEMP,65.421,°C,GOOD
2025-01-16 14:00:00,PUMP101.BEARING_TEMP,65.277,°C,GOOD
2025-01-16 15:00:00,PUMP101.BEARING_TEMP,66.164,°C,GOOD
2025-01-16 16:00:00,PUMP101.BEARING_TEMP,64.897,°C,GOOD
2025-01-16 17:00:00,PUMP101.BEARING_TEMP,63.998,°C,GOOD
2025-01-16 18:00:00,PUMP101.BEARING_TEMP,65.802,°C,GOOD
2025-01-16 19:00:00,PUMP101.BEARING_TEMP,64.771,°C,GOOD
2025-01-16 20:00:00,PUMP101.BEARING_TEMP,65.054,°C,GOOD
2025-01-16 21:00:00,PUMP101.BEARING_TEMP,65.655,°C,GOOD
2025-01-16 22:00:00,PUMP101.BEARING_TEMP,64.199,°C,GOOD
2025-01-16 23:00:00,PUMP101.BEARING_TEMP,64.374,°C,GOOD
2025-01-17 00:00:00,PUMP101.BEARING_TEMP,64.199,°C,GOOD
2025-01-17 01:00:00,PUMP101.BEARING_TEMP,64.603,°C,GOOD
2025-01-17 02:00:00,PUMP101.BEARING_TEMP,65.22,°C,GOOD
2025-01-17 03:00:00,PUMP101.BEARING_TEMP,65.262,°C,GOOD
2025-01-17 04:00:00,PUMP101.BEARING_TEMP,65.138,°C,GOOD
2025-01-17 05:00:00,PUMP101.BEARING_TEMP,64.294,°C,GOOD
2025-01-17 06:00:00,PUMP101.BEARING_TEMP,63.845,°C,GOOD
2025-01-17 07:00:00,PUMP101.BEARING_TEMP,65.027,°C,GOOD
2025-01-17 08:00:00,PUMP101.BEARING_TEMP,64.764,°C,GOOD
2025-01-17 09:00:00,PUMP101.BEARING_TEMP,65.23,°C,GOOD
2025-01-17 10:00:00,PUMP101.BEARING_TEMP,65.351,°C,GOOD
2025-01-17 11:00:00,PUMP101.BEARING_TEMP,65.069,°C,GOOD
2025-01-17 12:00:00,PUMP101.BEARING_TEMP,65.38,°C,GOOD
2025-01-17 13:00:00,PUMP101.BEARING_TEMP,65.115,°C,GOOD
2025-01-17 14:00:00,PUMP101.BEARING_TEMP,65.265,°C,GOOD
2025-01-17 15:00:00,PUMP101.BEARING_TEMP,64.648,°C,GOOD
2025-01-17 16:00:00,PUMP101.BEARING_TEMP,64.91,°C,GOOD
2025-01-17 17:00:00,PUMP101.BEARING_TEMP,65.098,°C,GOOD
2025-01-17 18:00:00,PUMP101.BEARING_TEMP,65.41,°C,GOOD
2025-01-17 19:00:00,PUMP101.BEARING_TEMP,64.803,°C,BAD
2025-01-17 20:00:00,PUMP101.BEARING_TEMP,65.261,°C,GOOD
2025-01-17 21:00:00,PUMP101.BEARING_TEMP,64.867,°C,GOOD
2025-01-17 22:00:00,PUMP101.BEARING_TEMP,64.941,°C,GOOD
2025-01-17 23:00:00,PUMP101.BEARING_TEMP,65.415,°C,GOOD
2025-01-18 00:00:00,PUMP101.BEARING_TEMP,64.003,°C,GOOD
2025-01-18 01:00:00,PUMP101.BEARING_TEMP,64.352,°C,GOOD
2025-01-18 02:00:00,PUMP101.BEARING_TEMP,64.259,°C,GOOD
2025-01-18 03:00:00,PUMP101.BEARING_TEMP,63.833,°C,GOOD
2025-01-18 04:00:00,PUMP101.BEARING_TEMP,64.661,°C,GOOD
2025-01-18 05:00:00,PUMP101.BEARING_TEMP,65.375,°C,GOOD
2025-01-18 06:00:00,PUMP101.BEARING_TEMP,64.858,°C,GOOD
2025-01-18 07:00:00,PUMP101.BEARING_TEMP,65.099,°C,GOOD
2025-01-18 08:00:00,PUMP101.BEARING_TEMP,65.545,°C,GOOD
2025-01-18 09:00:00,PUMP101.BEARING_TEMP,65.664,°C,GOOD
2025-01-18 10:00:00,PUMP101.BEARING_TEMP,64.965,°C,GOOD
2025-01-18 11:00:00,PUMP101.BEARING_TEMP,65.677,°C,GOOD
2025-01-18 12:00:00,PUMP101.BEARING_TEMP,65.046,°C,GOOD
2025-01-18 13:00:00,PUMP101.BEARING_TEMP,64.581,°C,GOOD
2025-01-18 14:00:00,PUMP101.BEARING_TEMP,64.703,°C,GOOD
2025-01-18 15:00:00,PUMP101.BEARING_TEMP,64.26,°C,GOOD
2025-01-18 16:00:00,PUMP101.BEARING_TEMP,64.556,°C,GOOD
2025-01-18 17:00:00,PUMP101.BEARING_TEMP,64.821,°C,GOOD
2025-01-18 18:00:00,PUMP101.BEARING_TEMP,65.402,°C,GOOD
2025-01-18 19:00:00,PUMP101.BEARING_TEMP,65.86,°C,GOOD
2025-01-18 20:00:00,PUMP101.BEARING_TEMP,64.309,°C,GOOD
2025-01-18 21:00:00,PUMP101.BEARING_TEMP,65.196,°C,GOOD
2025-01-18 22:00:00,PUMP101.BEARING_TEMP,64.48,°C,GOOD
2025-01-18 23:00:00,PUMP101.BEARING_TEMP,65.237,°C,GOOD
2025-01-19 00:00:00,PUMP101.BEARING_TEMP,64.934,°C,GOOD
2025-01-19 01:00:00,PUMP101.BEARING_TEMP,64.085,°C,GOOD
2025-01-19 02:00:00,PUMP101.BEARING_TEMP,65.464,°C,GOOD
2025-01-19 03:00:00,PUMP101.BEARING_TEMP,64.697,°C,GOOD
2025-01-19 04:00:00,PUMP101.BEARING_TEMP,64.733,°C,GOOD
2025-01-19 05:00:00,PUMP101.BEARING_TEMP,64.465,°C,GOOD
2025-01-19 06:00:00,PUMP101.BEARING_TEMP,64.673,°C,GOOD
2025-01-19 07:00:00,PUMP101.BEARING_TEMP,65.214,°C,GOOD
2025-01-19 08:00:00,PUMP101.BEARING_TEMP,64.905,°C,GOOD
2025-01-19 09:00:00,PUMP101.BEARING_TEMP,65.164,°C,GOOD
2025-01-19 10:00:00,PUMP101.BEARING_TEMP,65.181,°C,GOOD
2025-01-19 11:00:00,PUMP101.BEARING_TEMP,65.66,°C,GOOD
2025-01-19 12:00:00,PUMP101.BEARING_TEMP,64.829,°C,GOOD
2025-01-19 13:00:00,PUMP101.BEARING_TEMP,64.262,°C,GOOD
2025-01-19 14:00:00,PUMP101.BEARING_TEMP,65.534,°C,GOOD
2025-01-19 15:00:00,PUMP101.BEARING_TEMP,64.834,°C,GOOD
2025-01-19 16:00:00,PUMP101.BEARING_TEMP,65.557,°C,GOOD
2025-01-19 17:00:00,PUMP101.BEARING_TEMP,65.192,°C,GOOD
2025-01-19 18:00:00,PUMP101.BEARING_TEMP,64.934,°C,GOOD
2025-01-19 19:00:00,PUMP101.BEARING_TEMP,65.174,°C,GOOD
2025-01-19 20:00:00,PUMP101.BEARING_TEMP,65.976,°C,GOOD
2025-01-19 21:00:00,PUMP101.BEARING_TEMP,66.038,°C,GOOD
2025-01-19 22:00:00,PUMP101.BEARING_TEMP,65.035,°C,GOOD
2025-01-19 23:00:00,PUMP101.BEARING_TEMP,65.08,°C,GOOD
2025-01-20 00:00:00,PUMP101.BEARING_TEMP,65.538,°C,GOOD
2025-01-20 01:00:00,PUMP101.BEARING_TEMP,64.577,°C,GOOD
2025-01-20 02:00:00,PUMP101.BEARING_TEMP,65.167,°C,GOOD
2025-01-20 03:00:00,PUMP101.BEARING_TEMP,64.987,°C,GOOD
2025-01-20 04:00:00,PUMP101.BEARING_TEMP,65.157,°C,GOOD
2025-01-20 05:00:00,PUMP101.BEARING_TEMP,64.583,°C,GOOD
2025-01-20 06:00:00,PUMP101.BEARING_TEMP,64.205,°C,GOOD
2025-01-20 07:00:00,PUMP101.BEARING_TEMP,63.964,°C,GOOD
2025-01-20 08:00:00,PUMP101.BEARING_TEMP,64.441,°C,GOOD
2025-01-20 09:00:00,PUMP101.BEARING_TEMP,64.771,°C,GOOD
2025-01-20 10:00:00,PUMP101.BEARING_TEMP,64.853,°C,GOOD
2025-01-20 11:00:00,PUMP101.BEARING_TEMP,65.969,°C,GOOD
2025-01-20 12:00:00,PUMP101.BEARING_TEMP,65.553,°C,GOOD
2025-01-20 13:00:00,PUMP101.BEARING_TEMP,64.519,°C,GOOD
2025-01-20 14:00:00,PUMP101.BEARING_TEMP,65.174,°C,GOOD
2025-01-20 15:00:00,PUMP101.BEARING_TEMP,64.796,°C,GOOD
2025-01-20 16:00:00,PUMP101.BEARING_TEMP,64.858,°C,GOOD
2025-01-20 17:00:00,PUMP101.BEARING_TEMP,65.093,°C,GOOD
2025-01-20 18:00:00,PUMP101.BEARING_TEMP,65.31,°C,GOOD
2025-01-20 19:00:00,PUMP101.BEARING_TEMP,64.83,°C,GOOD
2025-01-20 20:00:00,PUMP101.BEARING_TEMP,65.532,°C,GOOD
2025-01-20 21:00:00,PUMP101.BEARING_TEMP,64.429,°C,BAD
2025-01-20 22:00:00,PUMP101.BEARING_TEMP,65.003,°C,GOOD
2025-01-20 23:00:00,PUMP101.BEARING_TEMP,66.299,°C,GOOD
2025-01-21 00:00:00,PUMP101.BEARING_TEMP,65.112,°C,GOOD
2025-01-21 01:00:00,PUMP101.BEARING_TEMP,65.717,°C,GOOD
2025-01-21 02:00:00,PUMP101.BEARING_TEMP,65.046,°C,GOOD
2025-01-21 03:00:00,PUMP101.BEARING_TEMP,65.29,°C,GOOD
2025-01-21 04:00:00,PUMP101.BEARING_TEMP,64.972,°C,GOOD
2025-01-21 05:00:00,PUMP101.BEARING_TEMP,64.915,°C,GOOD
2025-01-21 06:00:00,PUMP101.BEARING_TEMP,64.61,°C,GOOD
2025-01-21 07:00:00,PUMP101.BEARING_TEMP,65.215,°C,GOOD
2025-01-21 08:00:00,PUMP101.BEARING_TEMP,64.574,°C,GOOD
2025-01-21 09:00:00,PUMP101.BEARING_TEMP,65.333,°C,GOOD
2025-01-21 10:00:00,PUMP101.BEARING_TEMP,65.543,°C,GOOD
2025-01-21 11:00:00,PUMP101.BEARING_TEMP,65.183,°C,GOOD
2025-01-21 12:00:00,PUMP101.BEARING_TEMP,64.857,°C,GOOD
2025-01-21 13:00:00,PUMP101.BEARING_TEMP,65.227,°C,GOOD
2025-01-21 14:00:00,PUMP101.BEARING_TEMP,64.846,°C,GOOD
2025-01-21 15:00:00,PUMP101.BEARING_TEMP,65.468,°C,BAD
2025-01-21 16:00:00,PUMP101.BEARING_TEMP,64.084,°C,GOOD
2025-01-21 17:00:00,PUMP101.BEARING_TEMP,64.832,°C,GOOD
2025-01-21 18:00:00,PUMP101.BEARING_TEMP,64.005,°C,GOOD
2025-01-21 19:00:00,PUMP101.BEARING_TEMP,64.252,°C,GOOD
2025-01-21 20:00:00,PUMP101.BEARING_TEMP,65.682,°C,GOOD
2025-01-21 21:00:00,PUMP101.BEARING_TEMP,65.448,°C,GOOD
2025-01-21 22:00:00,PUMP101.BEARING_TEMP,64.64,°C,GOOD
2025-01-21 23:00:00,PUMP101.BEARING_TEMP,64.249,°C,GOOD
2025-01-22 00:00:00,PUMP101.BEARING_TEMP,63.518,°C,GOOD
2025-01-22 01:00:00,PUMP101.BEARING_TEMP,64.728,°C,GOOD
2025-01-22 02:00:00,PUMP101.BEARING_TEMP,66.21,°C,GOOD
2025-01-22 03:00:00,PUMP101.BEARING_TEMP,65.217,°C,GOOD
2025-01-22 04:00:00,PUMP101.BEARING_TEMP,64.72,°C,GOOD
2025-01-22 05:00:00,PUMP101.BEARING_TEMP,65.233,°C,GOOD
2025-01-22 06:00:00,PUMP101.BEARING_TEMP,64.22,°C,GOOD
2025-01-22 07:00:00,PUMP101.BEARING_TEMP,64.851,°C,GOOD
2025-01-22 08:00:00,PUMP101.BEARING_TEMP,65.05,°C,GOOD
2025-01-22 09:00:00,PUMP101.BEARING_TEMP,64.957,°C,GOOD
2025-01-22 10:00:00,PUMP101.BEARING_TEMP,65.395,°C,GOOD
2025-01-22 11:00:00,PUMP101.BEARING_TEMP,65.172,°C,BAD
2025-01-22 12:00:00,PUMP101.BEARING_TEMP,65.334,°C,GOOD
2025-01-22 13:00:00,PUMP101.BEARING_TEMP,64.656,°C,GOOD
2025-01-22 14:00:00,PUMP101.BEARING_TEMP,65.449,°C,BAD
2025-01-22 15:00:00,PUMP101.BEARING_TEMP,65.814,°C,GOOD
2025-01-22 16:00:00,PUMP101.BEARING_TEMP,64.515,°C,GOOD
2025-01-22 17:00:00,PUMP101.BEARING_TEMP,64.556,°C,GOOD
2025-01-22 18:00:00,PUMP101.BEARING_TEMP,65.668,°C,GOOD
2025-01-22 19:00:00,PUMP101.BEARING_TEMP,64.904,°C,GOOD
2025-01-22 20:00:00,PUMP101.BEARING_TEMP,65.702,°C,GOOD
2025-01-22 21:00:00,PUMP101.BEARING_TEMP,64.779,°C,GOOD
2025-01-22 22:00:00,PUMP101.BEARING_TEMP,65.728,°C,GOOD
2025-01-22 23:00:00,PUMP101.BEARING_TEMP,65.066,°C,GOOD
2025-01-23 00:00:00,PUMP101.BEARING_TEMP,65.129,°C,GOOD
2025-01-23 01:00:00,PUMP101.BEARING_TEMP,65.782,°C,GOOD
2025-01-23 02:00:00,PUMP101.BEARING_TEMP,64.819,°C,GOOD
2025-01-23 03:00:00,PUMP101.BEARING_TEMP,64.529,°C,GOOD
2025-01-23 04:00:00,PUMP101.BEARING_TEMP,64.776,°C,GOOD
2025-01-23 05:00:00,PUMP101.BEARING_TEMP,65.226,°C,GOOD
2025-01-23 06:00:00,PUMP101.BEARING_TEMP,64.217,°C,GOOD
2025-01-23 07:00:00,PUMP101.BEARING_TEMP,65.319,°C,GOOD
2025-01-23 08:00:00,PUMP101.BEARING_TEMP,64.731,°C,GOOD
2025-01-23 09:00:00,PUMP101.BEARING_TEMP,65.574,°C,GOOD
2025-01-23 10:00:00,PUMP101.BEARING_TEMP,63.803,°C,GOOD
2025-01-23 11:00:00,PUMP101.BEARING_TEMP,64.607,°C,GOOD
2025-01-23 12:00:00,PUMP101.BEARING_TEMP,64.157,°C,GOOD
2025-01-23 13:00:00,PUMP101.BEARING_TEMP,64.587,°C,GOOD
2025-01-23 14:00:00,PUMP101.BEARING_TEMP,65.124,°C,GOOD
2025-01-23 15:00:00,PUMP101.BEARING_TEMP,64.91,°C,GOOD
2025-01-23 16:00:00,PUMP101.BEARING_TEMP,64.873,°C,GOOD
2025-01-23 17:00:00,PUMP101.BEARING_TEMP,64.92,°C,GOOD
2025-01-23 18:00:00,PUMP101.BEARING_TEMP,65.102,°C,GOOD
2025-01-23 19:00:00,PUMP101.BEARING_TEMP,64.496,°C,GOOD
2025-01-23 20:00:00,PUMP101.BEARING_TEMP,65.353,°C,GOOD
2025-01-23 21:00:00,PUMP101.BEARING_TEMP,65.331,°C,GOOD
2025-01-23 22:00:00,PUMP101.BEARING_TEMP,65.193,°C,GOOD
2025-01-23 23:00:00,PUMP101.BEARING_TEMP,65.278,°C,GOOD
2025-01-24 00:00:00,PUMP101.BEARING_TEMP,65.148,°C,GOOD
2025-01-24 01:00:00,PUMP101.BEARING_TEMP,66.018,°C,GOOD
2025-01-24 02:00:00,PUMP101.BEARING_TEMP,64.956,°C,GOOD
2025-01-24 03:00:00,PUMP101.BEARING_TEMP,64.846,°C,GOOD
2025-01-24 04:00:00,PUMP101.BEARING_TEMP,64.623,°C,GOOD
2025-01-24 05:00:00,PUMP101.BEARING_TEMP,64.484,°C,GOOD
2025-01-24 06:00:00,PUMP101.BEARING_TEMP,64.378,°C,GOOD
2025-01-24 07:00:00,PUMP101.BEARING_TEMP,64.556,°C,GOOD
2025-01-24 08:00:00,PUMP101.BEARING_TEMP,64.965,°C,GOOD
2025-01-24 09:00:00,PUMP101.BEARING_TEMP,65.167,°C,GOOD
2025-01-24 10:00:00,PUMP101.BEARING_TEMP,65.026,°C,GOOD
2025-01-24 11:00:00,PUMP101.BEARING_TEMP,64.617,°C,GOOD
2025-01-24 12:00:00,PUMP101.BEARING_TEMP,65.45,°C,GOOD
2025-01-24 13:00:00,PUMP101.BEARING_TEMP,65.37,°C,GOOD
2025-01-24 14:00:00,PUMP101.BEARING_TEMP,64.92,°C,GOOD
2025-01-24 15:00:00,PUMP101.BEARING_TEMP,64.674,°C,GOOD
2025-01-24 16:00:00,PUMP101.BEARING_TEMP,65.274,°C,GOOD
2025-01-24 17:00:00,PUMP101.BEARING_TEMP,65.094,°C,GOOD
2025-01-24 18:00:00,PUMP101.BEARING_TEMP,64.276,°C,GOOD
2025-01-24 19:00:00,PUMP101.BEARING_TEMP,64.966,°C,GOOD
2025-01-24 20:00:00,PUMP101.BEARING_TEMP,65.131,°C,GOOD
2025-01-24 21:00:00,PUMP101.BEARING_TEMP,64.55,°C,GOOD
2025-01-24 22:00:00,PUMP101.BEARING_TEMP,65.095,°C,GOOD
2025-01-24 23:00:00,PUMP101.BEARING_TEMP,64.273,°C,GOOD
2025-01-25 00:00:00,PUMP101.BEARING_TEMP,65.668,°C,GOOD
2025-01-25 01:00:00,PUMP101.BEARING_TEMP,65.624,°C,GOOD
2025-01-25 02:00:00,PUMP101.BEARING_TEMP,64.874,°C,GOOD
2025-01-25 03:00:00,PUMP101.BEARING_TEMP,65.182,°C,GOOD
2025-01-25 04:00:00,PUMP101.BEARING_TEMP,63.795,°C,GOOD
2025-01-25 05:00:00,PUMP101.BEARING_TEMP,64.422,°C,GOOD
2025-01-25 06:00:00,PUMP101.BEARING_TEMP,64.853,°C,GOOD
2025-01-25 07:00:00,PUMP101.BEARING_TEMP,64.464,°C,GOOD
2025-01-25 08:00:00,PUMP101.BEARING_TEMP,65.357,°C,GOOD
2025-01-25 09:00:00,PUMP101.BEARING_TEMP,65.999,°C,GOOD
2025-01-25 10:00:00,PUMP101.BEARING_TEMP,64.412,°C,GOOD
2025-01-25 11:00:00,PUMP101.BEARING_TEMP,64.581,°C,GOOD
2025-01-25 12:00:00,PUMP101.BEARING_TEMP,65.118,°C,GOOD
2025-01-25 13:00:00,PUMP101.BEARING_TEMP,65.806,°C,BAD
2025-01-25 14:00:00,PUMP101.BEARING_TEMP,64.389,°C,GOOD
2025-01-25 15:00:00,PUMP101.BEARING_TEMP,65.125,°C,GOOD
2025-01-25 16:00:00,PUMP101.BEARING_TEMP,65.911,°C,GOOD
2025-01-25 17:00:00,PUMP101.BEARING_TEMP,64.174,°C,GOOD
2025-01-25 18:00:00,PUMP101.BEARING_TEMP,64.359,°C,GOOD
2025-01-25 19:00:00,PUMP101.BEARING_TEMP,64.788,°C,GOOD
2025-01-25 20:00:00,PUMP101.BEARING_TEMP,64.74,°C,GOOD
2025-01-25 21:00:00,PUMP101.BEARING_TEMP,65.406,°C,GOOD
2025-01-25 22:00:00,PUMP101.BEARING_TEMP,65.121,°C,GOOD
2025-01-25 23:00:00,PUMP101.BEARING_TEMP,64.113,°C,GOOD
2025-01-26 00:00:00,PUMP101.BEARING_TEMP,65.258,°C,GOOD
2025-01-26 01:00:00,PUMP101.BEARING_TEMP,64.711,°C,GOOD
2025-01-26 02:00:00,PUMP101.BEARING_TEMP,65.637,°C,GOOD
2025-01-26 03:00:00,PUMP101.BEARING_TEMP,64.686,°C,GOOD
2025-01-26 04:00:00,PUMP101.BEARING_TEMP,64.682,°C,GOOD
2025-01-26 05:00:00,PUMP101.BEARING_TEMP,65.271,°C,GOOD
2025-01-26 06:00:00,PUMP101.BEARING_TEMP,65.381,°C,GOOD
2025-01-26 07:00:00,PUMP101.BEARING_TEMP,65.224,°C,GOOD
2025-01-26 08:00:00,PUMP101.BEARING_TEMP,64.157,°C,GOOD
2025-01-26 09:00:00,PUMP101.BEARING_TEMP,65.269,°C,GOOD
2025-01-26 10:00:00,PUMP101.BEARING_TEMP,64.483,°C,GOOD
2025-01-26 11:00:00,PUMP101.BEARING_TEMP,65.118,°C,GOOD
2025-01-26 12:00:00,PUMP101.BEARING_TEMP,64.288,°C,GOOD
2025-01-26 13:00:00,PUMP101.BEARING_TEMP,65.223,°C,GOOD
2025-01-26 14:00:00,PUMP101.BEARING_TEMP,64.597,°C,GOOD
2025-01-26 15:00:00,PUMP101.BEARING_TEMP,64.359,°C,GOOD
2025-01-26 16:00:00,PUMP101.BEARING_TEMP,65.357,°C,GOOD
2025-01-26 17:00:00,PUMP101.BEARING_TEMP,65.121,°C,GOOD
2025-01-26 18:00:00,PUMP101.BEARING_TEMP,64.693,°C,BAD
2025-01-26 19:00:00,PUMP101.BEARING_TEMP,65.726,°C,GOOD
2025-01-26 20:00:00,PUMP101.BEARING_TEMP,64.78,°C,GOOD
2025-01-26 21:00:00,PUMP101.BEARING_TEMP,65.016,°C,GOOD
2025-01-26 22:00:00,PUMP101.BEARING_TEMP,65.134,°C,GOOD
2025-01-26 23:00:00,PUMP101.BEARING_TEMP,64.69,°C,GOOD
2025-01-27 00:00:00,PUMP101.BEARING_TEMP,65.236,°C,GOOD
2025-01-27 01:00:00,PUMP101.BEARING_TEMP,64.733,°C,GOOD
2025-01-27 02:00:00,PUMP101.BEARING_TEMP,64.794,°C,GOOD
2025-01-27 03:00:00,PUMP101.BEARING_TEMP,65.681,°C,GOOD
2025-01-27 04:00:00,PUMP101.BEARING_TEMP,64.48,°C,GOOD
2025-01-27 05:00:00,PUMP101.BEARING_TEMP,63.794,°C,GOOD
2025-01-27 06:00:00,PUMP101.BEARING_TEMP,65.805,°C,GOOD
2025-01-27 07:00:00,PUMP101.BEARING_TEMP,66.275,°C,GOOD
2025-01-27 08:00:00,PUMP101.BEARING_TEMP,64.797,°C,GOOD
2025-01-27 09:00:00,PUMP101.BEARING_TEMP,64.032,°C,GOOD
2025-01-27 10:00:00,PUMP101.BEARING_TEMP,64.845,°C,GOOD
2025-01-27 11:00:00,PUMP101.BEARING_TEMP,64.857,°C,GOOD
2025-01-27 12:00:00,PUMP101.BEARING_TEMP,64.905,°C,GOOD
2025-01-27 13:00:00,PUMP101.BEARING_TEMP,64.443,°C,GOOD
2025-01-27 14:00:00,PUMP101.BEARING_TEMP,65.29,°C,GOOD
2025-01-27 15:00:00,PUMP101.BEARING_TEMP,65.262,°C,GOOD
2025-01-27 16:00:00,PUMP101.BEARING_TEMP,64.253,°C,GOOD
2025-01-27 17:00:00,PUMP101.BEARING_TEMP,65.35,°C,GOOD
2025-01-27 18:00:00,PUMP101.BEARING_TEMP,66.026,°C,GOOD
2025-01-27 19:00:00,PUMP101.BEARING_TEMP,65.086,°C,GOOD
2025-01-27 20:00:00,PUMP101.BEARING_TEMP,64.831,°C,GOOD
2025-01-27 21:00:00,PUMP101.BEARING_TEMP,64.929,°C,GOOD
2025-01-27 22:00:00,PUMP101.BEARING_TEMP,65.308,°C,GOOD
2025-01-27 23:00:00,PUMP101.BEARING_TEMP,64.135,°C,GOOD
2025-01-28 00:00:00,PUMP101.BEARING_TEMP,65.082,°C,GOOD
2025-01-28 01:00:00,PUMP101.BEARING_TEMP,64.805,°C,GOOD
2025-01-28 02:00:00,PUMP101.BEARING_TEMP,65.924,°C,GOOD
2025-01-28 03:00:00,PUMP101.BEARING_TEMP,64.913,°C,GOOD
2025-01-28 04:00:00,PUMP101.BEARING_TEMP,65.834,°C,GOOD
2025-01-28 05:00:00,PUMP101.BEARING_TEMP,64.448,°C,GOOD
2025-01-28 06:00:00,PUMP101.BEARING_TEMP,65.294,°C,GOOD
2025-01-28 07:00:00,PUMP101.BEARING_TEMP,65.16,°C,GOOD
2025-01-28 08:00:00,PUMP101.BEARING_TEMP,64.565,°C,GOOD
2025-01-28 09:00:00,PUMP101.BEARING_TEMP,65.089,°C,GOOD
2025-01-28 10:00:00,PUMP101.BEARING_TEMP,65.606,°C,GOOD
2025-01-28 11:00:00,PUMP101.BEARING_TEMP,64.838,°C,GOOD
2025-01-28 12:00:00,PUMP101.BEARING_TEMP,64.154,°C,GOOD
2025-01-28 13:00:00,PUMP101.BEARING_TEMP,64.991,°C,GOOD
2025-01-28 14:00:00,PUMP101.BEARING_TEMP,64.549,°C,GOOD
2025-01-28 15:00:00,PUMP101.BEARING_TEMP,64.829,°C,GOOD
2025-01-28 16:00:00,PUMP101.BEARING_TEMP,64.959,°C,GOOD
2025-01-28 17:00:00,PUMP101.BEARING_TEMP,64.147,°C,GOOD
2025-01-28 18:00:00,PUMP101.BEARING_TEMP,64.192,°C,GOOD
2025-01-28 19:00:00,PUMP101.BEARING_TEMP,65.241,°C,GOOD
2025-01-28 20:00:00,PUMP101.BEARING_TEMP,64.739,°C,GOOD
2025-01-28 21:00:00,PUMP101.BEARING_TEMP,63.718,°C,GOOD
2025-01-28 22:00:00,PUMP101.BEARING_TEMP,65.392,°C,GOOD
2025-01-28 23:00:00,PUMP101.BEARING_TEMP,65.136,°C,GOOD
2025-01-29 00:00:00,PUMP101.BEARING_TEMP,64.643,°C,GOOD
2025-01-29 01:00:00,PUMP101.BEARING_TEMP,64.342,°C,GOOD
2025-01-29 02:00:00,PUMP101.BEARING_TEMP,65.418,°C,GOOD
2025-01-29 03:00:00,PUMP101.BEARING_TEMP,65.175,°C,GOOD
2025-01-29 04:00:00,PUMP101.BEARING_TEMP,66.191,°C,GOOD
2025-01-29 05:00:00,PUMP101.BEARING_TEMP,65.21,°C,GOOD
2025-01-29 06:00:00,PUMP101.BEARING_TEMP,65.194,°C,GOOD
2025-01-29 07:00:00,PUMP101.BEARING_TEMP,64.917,°C,GOOD
2025-01-29 08:00:00,PUMP101.BEARING_TEMP,65.408,°C,GOOD
2025-01-29 09:00:00,PUMP101.BEARING_TEMP,65.313,°C,BAD
2025-01-29 10:00:00,PUMP101.BEARING_TEMP,65.626,°C,GOOD
2025-01-29 11:00:00,PUMP101.BEARING_TEMP,64.739,°C,GOOD
2025-01-29 12:00:00,PUMP101.BEARING_TEMP,64.782,°C,GOOD
2025-01-29 13:00:00,PUMP101.BEARING_TEMP,64.76,°C,GOOD
2025-01-29 14:00:00,PUMP101.BEARING_TEMP,65.395,°C,GOOD
2025-01-29 15:00:00,PUMP101.BEARING_TEMP,65.749,°C,GOOD
2025-01-29 16:00:00,PUMP101.BEARING_TEMP,64.771,°C,GOOD
2025-01-29 17:00:00,PUMP101.BEARING_TEMP,64.788,°C,GOOD
2025-01-29 18:00:00,PUMP101.BEARING_TEMP,65.157,°C,GOOD
2025-01-29 19:00:00,PUMP101.BEARING_TEMP,64.877,°C,GOOD
2025-01-29 20:00:00,PUMP101.BEARING_TEMP,65.476,°C,GOOD
2025-01-29 21:00:00,PUMP101.BEARING_TEMP,63.874,°C,GOOD
2025-01-29 22:00:00,PUMP101.BEARING_TEMP,64.587,°C,GOOD
2025-01-29 23:00:00,PUMP101.BEARING_TEMP,64.609,°C,GOOD
2025-01-30 00:00:00,PUMP101.BEARING_TEMP,63.84,°C,GOOD
2025-01-30 01:00:00,PUMP101.BEARING_TEMP,64.518,°C,GOOD
2025-01-30 02:00:00,PUMP101.BEARING_TEMP,64.542,°C,GOOD
2025-01-30 03:00:00,PUMP101.BEARING_TEMP,64.899,°C,GOOD
2025-01-30 04:00:00,PUMP101.BEARING_TEMP,65.556,°C,GOOD
2025-01-30 05:00:00,PUMP101.BEARING_TEMP,64.877,°C,GOOD
2025-01-30 06:00:00,PUMP101.BEARING_TEMP,64.485,°C,GOOD
2025-01-30 07:00:00,PUMP101.BEARING_TEMP,64.972,°C,GOOD
2025-01-30 08:00:00,PUMP101.BEARING_TEMP,65.525,°C,GOOD
2025-01-30 09:00:00,PUMP101.BEARING_TEMP,64.512,°C,GOOD
2025-01-30 10:00:00,PUMP101.BEARING_TEMP,64.545,°C,GOOD
2025-01-30 11:00:00,PUMP101.BEARING_TEMP,65.279,°C,GOOD
2025-01-30 12:00:00,PUMP101.BEARING_TEMP,64.889,°C,GOOD
2025-01-30 13:00:00,PUMP101.BEARING_TEMP,65.324,°C,GOOD
2025-01-30 14:00:00,PUMP101.BEARING_TEMP,64.993,°C,GOOD
2025-01-30 15:00:00,PUMP101.BEARING_TEMP,65.351,°C,GOOD
2025-01-30 16:00:00,PUMP101.BEARING_TEMP,64.482,°C,GOOD
2025-01-30 17:00:00,PUMP101.BEARING_TEMP,64.994,°C,GOOD
2025-01-30 18:00:00,PUMP101.BEARING_TEMP,64.895,°C,GOOD
2025-01-30 19:00:00,PUMP101.BEARING_TEMP,64.392,°C,GOOD
2025-01-30 20:00:00,PUMP101.BEARING_TEMP,64.218,°C,GOOD
2025-01-30 21:00:00,PUMP101.BEARING_TEMP,65.343,°C,GOOD
2025-01-30 22:00:00,PUMP101.BEARING_TEMP,64.825,°C,GOOD
2025-01-30 23:00:00,PUMP101.BEARING_TEMP,64.489,°C,GOOD
2025-01-31 00:00:00,PUMP101.BEARING_TEMP,64.952,°C,GOOD
2025-01-31 01:00:00,PUMP101.BEARING_TEMP,65.564,°C,GOOD
2025-01-31 02:00:00,PUMP101.BEARING_TEMP,63.86,°C,GOOD
2025-01-31 03:00:00,PUMP101.BEARING_TEMP,64.252,°C,GOOD
2025-01-31 04:00:00,PUMP101.BEARING_TEMP,64.539,°C,GOOD
2025-01-31 05:00:00,PUMP101.BEARING_TEMP,65.731,°C,GOOD
2025-01-31 06:00:00,PUMP101.BEARING_TEMP,65.141,°C,GOOD
2025-01-31 07:00:00,PUMP101.BEARING_TEMP,65.384,°C,GOOD
2025-01-31 08:00:00,PUMP101.BEARING_TEMP,64.43,°C,GOOD
2025-01-31 09:00:00,PUMP101.BEARING_TEMP,64.44,°C,GOOD
2025-01-31 10:00:00,PUMP101.BEARING_TEMP,65.224,°C,GOOD
2025-01-31 11:00:00,PUMP101.BEARING_TEMP,65.029,°C,GOOD
2025-01-31 12:00:00,PUMP101.BEARING_TEMP,65.274,°C,GOOD
2025-01-31 13:00:00,PUMP101.BEARING_TEMP,64.906,°C,GOOD
2025-01-31 14:00:00,PUMP101.BEARING_TEMP,65.139,°C,GOOD
2025-01-31 15:00:00,PUMP101.BEARING_TEMP,65.079,°C,GOOD
2025-01-31 16:00:00,PUMP101.BEARING_TEMP,65.389,°C,GOOD
2025-01-31 17:00:00,PUMP101.BEARING_TEMP,65.404,°C,GOOD
2025-01-31 18:00:00,PUMP101.BEARING_TEMP,64.19,°C,GOOD
2025-01-31 19:00:00,PUMP101.BEARING_TEMP,63.876,°C,GOOD
2025-01-31 20:00:00,PUMP101.BEARING_TEMP,65.501,°C,GOOD
2025-01-31 21:00:00,PUMP101.BEARING_TEMP,65.594,°C,GOOD
2025-01-31 22:00:00,PUMP101.BEARING_TEMP,64.49,°C,GOOD
2025-01-31 23:00:00,PUMP101.BEARING_TEMP,64.07,°C,GOOD
2025-02-01 00:00:00,PUMP101.BEARING_TEMP,65.05,°C,GOOD
2025-02-01 01:00:00,PUMP101.BEARING_TEMP,65.465,°C,GOOD
2025-02-01 02:00:00,PUMP101.BEARING_TEMP,65.899,°C,GOOD
2025-02-01 03:00:00,PUMP101.BEARING_TEMP,65.258,°C,GOOD
2025-02-01 04:00:00,PUMP101.BEARING_TEMP,64.814,°C,GOOD
2025-02-01 05:00:00,PUMP101.BEARING_TEMP,64.553,°C,GOOD
2025-02-01 06:00:00,PUMP101.BEARING_TEMP,65.006,°C,GOOD
2025-02-01 07:00:00,PUMP101.BEARING_TEMP,64.85,°C,GOOD
2025-02-01 08:00:00,PUMP101.BEARING_TEMP,64.492,°C,GOOD
2025-02-01 09:00:00,PUMP101.BEARING_TEMP,66.024,°C,GOOD
2025-02-01 10:00:00,PUMP101.BEARING_TEMP,65.893,°C,GOOD
2025-02-01 11:00:00,PUMP101.BEARING_TEMP,65.568,°C,GOOD
2025-02-01 12:00:00,PUMP101.BEARING_TEMP,64.54,°C,GOOD
2025-02-01 13:00:00,PUMP101.BEARING_TEMP,65.428,°C,GOOD
2025-02-01 14:00:00,PUMP101.BEARING_TEMP,65.32,°C,GOOD
2025-02-01 15:00:00,PUMP101.BEARING_TEMP,65.221,°C,GOOD
2025-02-01 16:00:00,PUMP101.BEARING_TEMP,65.625,°C,GOOD
2025-02-01 17:00:00,PUMP101.BEARING_TEMP,65.318,°C,GOOD
2025-02-01 18:00:00,PUMP101.BEARING_TEMP,65.37,°C,GOOD
2025-02-01 19:00:00,PUMP101.BEARING_TEMP,65.318,°C,GOOD
2025-02-01 20:00:00,PUMP101.BEARING_TEMP,65.17,°C,GOOD
2025-02-01 21:00:00,PUMP101.BEARING_TEMP,64.108,°C,GOOD
2025-02-01 22:00:00,PUMP101.BEARING_TEMP,65.042,°C,GOOD
2025-02-01 23:00:00,PUMP101.BEARING_TEMP,64.722,°C,GOOD
2025-02-02 00:00:00,PUMP101.BEARING_TEMP,64.36,°C,GOOD
2025-02-02 01:00:00,PUMP101.BEARING_TEMP,65.841,°C,GOOD
2025-02-02 02:00:00,PUMP101.BEARING_TEMP,65.864,°C,GOOD
2025-02-02 03:00:00,PUMP101.BEARING_TEMP,65.68,°C,GOOD
2025-02-02 04:00:00,PUMP101.BEARING_TEMP,65.128,°C,GOOD
2025-02-02 05:00:00,PUMP101.BEARING_TEMP,65.675,°C,GOOD
2025-02-02 06:00:00,PUMP101.BEARING_TEMP,65.006,°C,GOOD
2025-02-02 07:00:00,PUMP101.BEARING_TEMP,65.101,°C,GOOD
2025-02-02 08:00:00,PUMP101.BEARING_TEMP,64.453,°C,GOOD
2025-02-02 09:00:00,PUMP101.BEARING_TEMP,65.198,°C,GOOD
2025-02-02 10:00:00,PUMP101.BEARING_TEMP,65.03,°C,GOOD
2025-02-02 11:00:00,PUMP101.BEARING_TEMP,64.349,°C,GOOD
2025-02-02 12:00:00,PUMP101.BEARING_TEMP,64.974,°C,GOOD
2025-02-02 13:00:00,PUMP101.BEARING_TEMP,64.96,°C,GOOD
2025-02-02 14:00:00,PUMP101.BEARING_TEMP,65.899,°C,GOOD
2025-02-02 15:00:00,PUMP101.BEARING_TEMP,65.447,°C,GOOD
2025-02-02 16:00:00,PUMP101.BEARING_TEMP,65.006,°C,GOOD
2025-02-02 17:00:00,PUMP101.BEARING_TEMP,65.124,°C,GOOD
2025-02-02 18:00:00,PUMP101.BEARING_TEMP,65.022,°C,GOOD
2025-02-02 19:00:00,PUMP101.BEARING_TEMP,64.899,°C,GOOD
2025-02-02 20:00:00,PUMP101.BEARING_TEMP,64.459,°C,GOOD
2025-02-02 21:00:00,PUMP101.BEARING_TEMP,64.924,°C,GOOD
2025-02-02 22:00:00,PUMP101.BEARING_TEMP,64.627,°C,GOOD
2025-02-02 23:00:00,PUMP101.BEARING_TEMP,64.375,°C,GOOD
2025-02-03 00:00:00,PUMP101.BEARING_TEMP,65.256,°C,GOOD
2025-02-03 01:00:00,PUMP101.BEARING_TEMP,65.196,°C,GOOD
2025-02-03 02:00:00,PUMP101.BEARING_TEMP,64.107,°C,GOOD
2025-02-03 03:00:00,PUMP101.BEARING_TEMP,64.939,°C,GOOD
2025-02-03 04:00:00,PUMP101.BEARING_TEMP,65.498,°C,GOOD
2025-02-03 05:00:00,PUMP101.BEARING_TEMP,65.53,°C,GOOD
2025-02-03 06:00:00,PUMP101.BEARING_TEMP,65.513,°C,GOOD
2025-02-03 07:00:00,PUMP101.BEARING_TEMP,65.019,°C,GOOD
2025-02-03 08:00:00,PUMP101.BEARING_TEMP,64.577,°C,GOOD
2025-02-03 09:00:00,PUMP101.BEARING_TEMP,64.458,°C,GOOD
2025-02-03 10:00:00,PUMP101.BEARING_TEMP,65.172,°C,GOOD
2025-02-03 11:00:00,PUMP101.BEARING_TEMP,65.19,°C,GOOD
2025-02-03 12:00:00,PUMP101.BEARING_TEMP,65.644,°C,GOOD
2025-02-03 13:00:00,PUMP101.BEARING_TEMP,65.55,°C,GOOD
2025-02-03 14:00:00,PUMP101.BEARING_TEMP,64.934,°C,GOOD
2025-02-03 15:00:00,PUMP101.BEARING_TEMP,64.378,°C,GOOD
2025-02-03 16:00:00,PUMP101.BEARING_TEMP,64.84,°C,GOOD
2025-02-03 17:00:00,PUMP101.BEARING_TEMP,65.109,°C,GOOD
2025-02-03 18:00:00,PUMP101.BEARING_TEMP,64.899,°C,GOOD
2025-02-03 19:00:00,PUMP101.BEARING_TEMP,64.711,°C,GOOD
2025-02-03 20:00:00,PUMP101.BEARING_TEMP,65.126,°C,GOOD
2025-02-03 21:00:00,PUMP101.BEARING_TEMP,64.748,°C,GOOD
2025-02-03 22:00:00,PUMP101.BEARING_TEMP,64.686,°C,GOOD
2025-02-03 23:00:00,PUMP101.BEARING_TEMP,65.156,°C,GOOD
2025-02-04 00:00:00,PUMP101.BEARING_TEMP,64.799,°C,GOOD
2025-02-04 01:00:00,PUMP101.BEARING_TEMP,65.122,°C,GOOD
2025-02-04 02:00:00,PUMP101.BEARING_TEMP,65.137,°C,GOOD
2025-02-04 03:00:00,PUMP101.BEARING_TEMP,64.43,°C,GOOD
2025-02-04 04:00:00,PUMP101.BEARING_TEMP,64.759,°C,GOOD
2025-02-04 05:00:00,PUMP101.BEARING_TEMP,65.719,°C,GOOD
2025-02-04 06:00:00,PUMP101.BEARING_TEMP,64.419,°C,GOOD
2025-02-04 07:00:00,PUMP101.BEARING_TEMP,63.942,°C,GOOD
2025-02-04 08:00:00,PUMP101.BEARING_TEMP,64.069,°C,GOOD
2025-02-04 09:00:00,PUMP101.BEARING_TEMP,65.015,°C,GOOD
2025-02-04 10:00:00,PUMP101.BEARING_TEMP,65.015,°C,GOOD
2025-02-04 11:00:00,PUMP101.BEARING_TEMP,64.941,°C,GOOD
2025-02-04 12:00:00,PUMP101.BEARING_TEMP,65.607,°C,GOOD
2025-02-04 13:00:00,PUMP101.BEARING_TEMP,63.664,°C,GOOD
2025-02-04 14:00:00,PUMP101.BEARING_TEMP,65.198,°C,GOOD
2025-02-04 15:00:00,PUMP101.BEARING_TEMP,65.781,°C,GOOD
2025-02-04 16:00:00,PUMP101.BEARING_TEMP,64.436,°C,GOOD
2025-02-04 17:00:00,PUMP101.BEARING_TEMP,64.81,°C,GOOD
2025-02-04 18:00:00,PUMP101.BEARING_TEMP,64.624,°C,GOOD
2025-02-04 19:00:00,PUMP101.BEARING_TEMP,64.553,°C,GOOD
2025-02-04 20:00:00,PUMP101.BEARING_TEMP,64.837,°C,GOOD
2025-02-04 21:00:00,PUMP101.BEARING_TEMP,65.714,°C,GOOD
2025-02-04 22:00:00,PUMP101.BEARING_TEMP,65.919,°C,GOOD
2025-02-04 23:00:00,PUMP101.BEARING_TEMP,64.832,°C,GOOD
2025-02-05 00:00:00,PUMP101.BEARING_TEMP,65.953,°C,GOOD
2025-02-05 01:00:00,PUMP101.BEARING_TEMP,65.018,°C,GOOD
2025-02-05 02:00:00,PUMP101.BEARING_TEMP,65.877,°C,GOOD
2025-02-05 03:00:00,PUMP101.BEARING_TEMP,64.953,°C,GOOD
2025-02-05 04:00:00,PUMP101.BEARING_TEMP,65.066,°C,GOOD
2025-02-05 05:00:00,PUMP101.BEARING_TEMP,65.183,°C,GOOD
2025-02-05 06:00:00,PUMP101.BEARING_TEMP,66.589,°C,GOOD
2025-02-05 07:00:00,PUMP101.BEARING_TEMP,65.426,°C,GOOD
2025-02-05 08:00:00,PUMP101.BEARING_TEMP,64.646,°C,GOOD
2025-02-05 09:00:00,PUMP101.BEARING_TEMP,65.484,°C,GOOD
2025-02-05 10:00:00,PUMP101.BEARING_TEMP,64.819,°C,GOOD
2025-02-05 11:00:00,PUMP101.BEARING_TEMP,64.755,°C,GOOD
2025-02-05 12:00:00,PUMP101.BEARING_TEMP,65.454,°C,GOOD
2025-02-05 13:00:00,PUMP101.BEARING_TEMP,65.016,°C,GOOD
2025-02-05 14:00:00,PUMP101.BEARING_TEMP,65.139,°C,GOOD
2025-02-05 15:00:00,PUMP101.BEARING_TEMP,65.007,°C,GOOD
2025-02-05 16:00:00,PUMP101.BEARING_TEMP,65.168,°C,GOOD
2025-02-05 17:00:00,PUMP101.BEARING_TEMP,65.212,°C,GOOD
2025-02-05 18:00:00,PUMP101.BEARING_TEMP,64.032,°C,GOOD
2025-02-05 19:00:00,PUMP101.BEARING_TEMP,65.333,°C,GOOD
2025-02-05 20:00:00,PUMP101.BEARING_TEMP,64.509,°C,GOOD
2025-02-05 21:00:00,PUMP101.BEARING_TEMP,64.279,°C,GOOD
2025-02-05 22:00:00,PUMP101.BEARING_TEMP,64.971,°C,GOOD
2025-02-05 23:00:00,PUMP101.BEARING_TEMP,65.042,°C,GOOD
2025-02-06 00:00:00,PUMP101.BEARING_TEMP,64.653,°C,GOOD
2025-02-06 01:00:00,PUMP101.BEARING_TEMP,65.416,°C,BAD
2025-02-06 02:00:00,PUMP101.BEARING_TEMP,64.329,°C,GOOD
2025-02-06 03:00:00,PUMP101.BEARING_TEMP,64.797,°C,GOOD
2025-02-06 04:00:00,PUMP101.BEARING_TEMP,64.708,°C,GOOD
2025-02-06 05:00:00,PUMP101.BEARING_TEMP,64.977,°C,GOOD
2025-02-06 06:00:00,PUMP101.BEARING_TEMP,65.139,°C,GOOD
2025-02-06 07:00:00,PUMP101.BEARING_TEMP,64.496,°C,GOOD
2025-02-06 08:00:00,PUMP101.BEARING_TEMP,65.362,°C,GOOD
2025-02-06 09:00:00,PUMP101.BEARING_TEMP,65.032,°C,GOOD
2025-02-06 10:00:00,PUMP101.BEARING_TEMP,64.054,°C,GOOD
2025-02-06 11:00:00,PUMP101.BEARING_TEMP,64.021,°C,GOOD
2025-02-06 12:00:00,PUMP101.BEARING_TEMP,64.994,°C,GOOD
2025-02-06 13:00:00,PUMP101.BEARING_TEMP,64.89,°C,GOOD
2025-02-06 14:00:00,PUMP101.BEARING_TEMP,64.948,°C,GOOD
2025-02-06 15:00:00,PUMP101.BEARING_TEMP,64.986,°C,GOOD
2025-02-06 16:00:00,PUMP101.BEARING_TEMP,65.113,°C,GOOD
2025-02-06 17:00:00,PUMP101.BEARING_TEMP,65.474,°C,GOOD
2025-02-06 18:00:00,PUMP101.BEARING_TEMP,64.444,°C,GOOD
2025-02-06 19:00:00,PUMP101.BEARING_TEMP,64.414,°C,GOOD
2025-02-06 20:00:00,PUMP101.BEARING_TEMP,64.453,°C,GOOD
2025-02-06 21:00:00,PUMP101.BEARING_TEMP,65.144,°C,GOOD
2025-02-06 22:00:00,PUMP101.BEARING_TEMP,65.622,°C,GOOD
2025-02-06 23:00:00,PUMP101.BEARING_TEMP,64.784,°C,GOOD
2025-02-07 00:00:00,PUMP101.BEARING_TEMP,63.749,°C,GOOD
2025-02-07 01:00:00,PUMP101.BEARING_TEMP,64.148,°C,GOOD
2025-02-07 02:00:00,PUMP101.BEARING_TEMP,64.583,°C,GOOD
2025-02-07 03:00:00,PUMP101.BEARING_TEMP,64.721,°C,GOOD
2025-02-07 04:00:00,PUMP101.BEARING_TEMP,64.796,°C,GOOD
2025-02-07 05:00:00,PUMP101.BEARING_TEMP,65.019,°C,GOOD
2025-02-07 06:00:00,PUMP101.BEARING_TEMP,64.844,°C,GOOD
2025-02-07 07:00:00,PUMP101.BEARING_TEMP,65.525,°C,GOOD
2025-02-07 08:00:00,PUMP101.BEARING_TEMP,64.662,°C,GOOD
2025-02-07 09:00:00,PUMP101.BEARING_TEMP,64.569,°C,GOOD
2025-02-07 10:00:00,PUMP101.BEARING_TEMP,65.239,°C,GOOD
2025-02-07 11:00:00,PUMP101.BEARING_TEMP,64.232,°C,GOOD
2025-02-07 12:00:00,PUMP101.BEARING_TEMP,65.195,°C,GOOD
2025-02-07 13:00:00,PUMP101.BEARING_TEMP,65.051,°C,GOOD
2025-02-07 14:00:00,PUMP101.BEARING_TEMP,64.926,°C,GOOD
2025-02-07 15:00:00,PUMP101.BEARING_TEMP,65.794,°C,GOOD
2025-02-07 16:00:00,PUMP101.BEARING_TEMP,64.689,°C,GOOD
2025-02-07 17:00:00,PUMP101.BEARING_TEMP,66.03,°C,GOOD
2025-02-07 18:00:00,PUMP101.BEARING_TEMP,64.887,°C,GOOD
2025-02-07 19:00:00,PUMP101.BEARING_TEMP,64.361,°C,GOOD
2025-02-07 20:00:00,PUMP101.BEARING_TEMP,65.035,°C,GOOD
2025-02-07 21:00:00,PUMP101.BEARING_TEMP,64.462,°C,GOOD
2025-02-07 22:00:00,PUMP101.BEARING_TEMP,64.624,°C,GOOD
2025-02-07 23:00:00,PUMP101.BEARING_TEMP,65.199,°C,GOOD
2025-02-08 00:00:00,PUMP101.BEARING_TEMP,65.278,°C,GOOD
2025-02-08 01:00:00,PUMP101.BEARING_TEMP,64.689,°C,GOOD
2025-02-08 02:00:00,PUMP101.BEARING_TEMP,65.494,°C,GOOD
2025-02-08 03:00:00,PUMP101.BEARING_TEMP,65.579,°C,GOOD
2025-02-08 04:00:00,PUMP101.BEARING_TEMP,65.718,°C,GOOD
2025-02-08 05:00:00,PUMP101.BEARING_TEMP,65.265,°C,GOOD
2025-02-08 06:00:00,PUMP101.BEARING_TEMP,65.682,°C,GOOD
2025-02-08 07:00:00,PUMP101.BEARING_TEMP,64.06,°C,GOOD
2025-02-08 08:00:00,PUMP101.BEARING_TEMP,64.841,°C,GOOD
2025-02-08 09:00:00,PUMP101.BEARING_TEMP,64.566,°C,GOOD
2025-02-08 10:00:00,PUMP101.BEARING_TEMP,65.06,°C,GOOD
2025-02-08 11:00:00,PUMP101.BEARING_TEMP,64.714,°C,GOOD
2025-02-08 12:00:00,PUMP101.BEARING_TEMP,64.917,°C,GOOD
2025-02-08 13:00:00,PUMP101.BEARING_TEMP,65.941,°C,GOOD
2025-02-08 14:00:00,PUMP101.BEARING_TEMP,64.915,°C,GOOD
2025-02-08 15:00:00,PUMP101.BEARING_TEMP,65.207,°C,GOOD
2025-02-08 16:00:00,PUMP101.BEARING_TEMP,64.884,°C,GOOD
2025-02-08 17:00:00,PUMP101.BEARING_TEMP,65.038,°C,GOOD
2025-02-08 18:00:00,PUMP101.BEARING_TEMP,65.003,°C,GOOD
2025-02-08 19:00:00,PUMP101.BEARING_TEMP,65.224,°C,GOOD
2025-02-08 20:00:00,PUMP101.BEARING_TEMP,65.583,°C,GOOD
2025-02-08 21:00:00,PUMP101.BEARING_TEMP,65.824,°C,GOOD
2025-02-08 22:00:00,PUMP101.BEARING_TEMP,65.155,°C,GOOD
2025-02-08 23:00:00,PUMP101.BEARING_TEMP,65.295,°C,GOOD
2025-02-09 00:00:00,PUMP101.BEARING_TEMP,64.425,°C,GOOD
2025-02-09 01:00:00,PUMP101.BEARING_TEMP,64.956,°C,GOOD
2025-02-09 02:00:00,PUMP101.BEARING_TEMP,65.47,°C,GOOD
2025-02-09 03:00:00,PUMP101.BEARING_TEMP,65.433,°C,GOOD
2025-02-09 04:00:00,PUMP101.BEARING_TEMP,65.106,°C,GOOD
2025-02-09 05:00:00,PUMP101.BEARING_TEMP,65.443,°C,GOOD
2025-02-09 06:00:00,PUMP101.BEARING_TEMP,65.245,°C,GOOD
2025-02-09 07:00:00,PUMP101.BEARING_TEMP,65.6,°C,GOOD
2025-02-09 08:00:00,PUMP101.BEARING_TEMP,65.145,°C,GOOD
2025-02-09 09:00:00,PUMP101.BEARING_TEMP,64.822,°C,GOOD
2025-02-09 10:00:00,PUMP101.BEARING_TEMP,65.168,°C,GOOD
2025-02-09 11:00:00,PUMP101.BEARING_TEMP,63.535,°C,GOOD
2025-02-09 12:00:00,PUMP101.BEARING_TEMP,65.191,°C,GOOD
2025-02-09 13:00:00,PUMP101.BEARING_TEMP,63.176,°C,GOOD
2025-02-09 14:00:00,PUMP101.BEARING_TEMP,64.138,°C,BAD
2025-02-09 15:00:00,PUMP101.BEARING_TEMP,65.226,°C,GOOD
2025-02-09 16:00:00,PUMP101.BEARING_TEMP,65.239,°C,GOOD
2025-02-09 17:00:00,PUMP101.BEARING_TEMP,64.419,°C,GOOD
2025-02-09 18:00:00,PUMP101.BEARING_TEMP,64.644,°C,GOOD
2025-02-09 19:00:00,PUMP101.BEARING_TEMP,65.685,°C,GOOD
2025-02-09 20:00:00,PUMP101.BEARING_TEMP,64.758,°C,GOOD
2025-02-09 21:00:00,PUMP101.BEARING_TEMP,66.121,°C,GOOD
2025-02-09 22:00:00,PUMP101.BEARING_TEMP,64.999,°C,GOOD
2025-02-09 23:00:00,PUMP101.BEARING_TEMP,65.204,°C,GOOD
2025-02-10 00:00:00,PUMP101.BEARING_TEMP,65.808,°C,BAD
2025-02-10 01:00:00,PUMP101.BEARING_TEMP,65.066,°C,GOOD
2025-02-10 02:00:00,PUMP101.BEARING_TEMP,64.499,°C,GOOD
2025-02-10 03:00:00,PUMP101.BEARING_TEMP,64.945,°C,GOOD
2025-02-10 04:00:00,PUMP101.BEARING_TEMP,64.982,°C,GOOD
2025-02-10 05:00:00,PUMP101.BEARING_TEMP,64.318,°C,GOOD
2025-02-10 06:00:00,PUMP101.BEARING_TEMP,64.872,°C,GOOD
2025-02-10 07:00:00,PUMP101.BEARING_TEMP,64.629,°C,GOOD
2025-02-10 08:00:00,PUMP101.BEARING_TEMP,65.462,°C,GOOD
2025-02-10 09:00:00,PUMP101.BEARING_TEMP,65.017,°C,GOOD
2025-02-10 10:00:00,PUMP101.BEARING_TEMP,64.859,°C,GOOD
2025-02-10 11:00:00,PUMP101.BEARING_TEMP,64.947,°C,GOOD
2025-02-10 12:00:00,PUMP101.BEARING_TEMP,65.112,°C,GOOD
2025-02-10 13:00:00,PUMP101.BEARING_TEMP,65.308,°C,GOOD
2025-02-10 14:00:00,PUMP101.BEARING_TEMP,64.5,°C,GOOD
2025-02-10 15:00:00,PUMP101.BEARING_TEMP,64.479,°C,GOOD
2025-02-10 16:00:00,PUMP101.BEARING_TEMP,65.552,°C,GOOD
2025-02-10 17:00:00,PUMP101.BEARING_TEMP,64.794,°C,GOOD
2025-02-10 18:00:00,PUMP101.BEARING_TEMP,64.292,°C,GOOD
2025-02-10 19:00:00,PUMP101.BEARING_TEMP,65.222,°C,GOOD
2025-02-10 20:00:00,PUMP101.BEARING_TEMP,65.232,°C,GOOD
2025-02-10 21:00:00,PUMP101.BEARING_TEMP,64.235,°C,GOOD
2025-02-10 22:00:00,PUMP101.BEARING_TEMP,65.115,°C,GOOD
2025-02-10 23:00:00,PUMP101.BEARING_TEMP,65.368,°C,GOOD
2025-02-11 00:00:00,PUMP101.BEARING_TEMP,65.187,°C,GOOD
2025-02-11 01:00:00,PUMP101.BEARING_TEMP,65.316,°C,GOOD
2025-02-11 02:00:00,PUMP101.BEARING_TEMP,64.298,°C,GOOD
2025-02-11 03:00:00,PUMP101.BEARING_TEMP,65.166,°C,GOOD
2025-02-11 04:00:00,PUMP101.BEARING_TEMP,64.849,°C,GOOD
2025-02-11 05:00:00,PUMP101.BEARING_TEMP,64.759,°C,GOOD
2025-02-11 06:00:00,PUMP101.BEARING_TEMP,65.435,°C,GOOD
2025-02-11 07:00:00,PUMP101.BEARING_TEMP,65.74,°C,GOOD
2025-02-11 08:00:00,PUMP101.BEARING_TEMP,65.897,°C,GOOD
2025-02-11 09:00:00,PUMP101.BEARING_TEMP,65.657,°C,GOOD
2025-02-11 10:00:00,PUMP101.BEARING_TEMP,64.945,°C,GOOD
2025-02-11 11:00:00,PUMP101.BEARING_TEMP,65.176,°C,GOOD
2025-02-11 12:00:00,PUMP101.BEARING_TEMP,65.383,°C,GOOD
2025-02-11 13:00:00,PUMP101.BEARING_TEMP,65.061,°C,GOOD
2025-02-11 14:00:00,PUMP101.BEARING_TEMP,65.065,°C,GOOD
2025-02-11 15:00:00,PUMP101.BEARING_TEMP,65.412,°C,GOOD
2025-02-11 16:00:00,PUMP101.BEARING_TEMP,64.97,°C,GOOD
2025-02-11 17:00:00,PUMP101.BEARING_TEMP,64.635,°C,GOOD
2025-02-11 18:00:00,PUMP101.BEARING_TEMP,64.793,°C,GOOD
2025-02-11 19:00:00,PUMP101.BEARING_TEMP,65.317,°C,GOOD
2025-02-11 20:00:00,PUMP101.BEARING_TEMP,65.001,°C,GOOD
2025-02-11 21:00:00,PUMP101.BEARING_TEMP,65.17,°C,GOOD
2025-02-11 22:00:00,PUMP101.BEARING_TEMP,65.335,°C,GOOD
2025-02-11 23:00:00,PUMP101.BEARING_TEMP,64.813,°C,GOOD
2025-02-12 00:00:00,PUMP101.BEARING_TEMP,65.378,°C,GOOD
2025-02-12 01:00:00,PUMP101.BEARING_TEMP,65.189,°C,GOOD
2025-02-12 02:00:00,PUMP101.BEARING_TEMP,64.383,°C,GOOD
2025-02-12 03:00:00,PUMP101.BEARING_TEMP,65.721,°C,GOOD
2025-02-12 04:00:00,PUMP101.BEARING_TEMP,64.75,°C,GOOD
2025-02-12 05:00:00,PUMP101.BEARING_TEMP,64.172,°C,GOOD
2025-02-12 06:00:00,PUMP101.BEARING_TEMP,64.477,°C,GOOD
2025-02-12 07:00:00,PUMP101.BEARING_TEMP,64.489,°C,GOOD
2025-02-12 08:00:00,PUMP101.BEARING_TEMP,65.026,°C,GOOD
2025-02-12 09:00:00,PUMP101.BEARING_TEMP,64.863,°C,GOOD
2025-02-12 10:00:00,PUMP101.BEARING_TEMP,64.832,°C,GOOD
2025-02-12 11:00:00,PUMP101.BEARING_TEMP,65.31,°C,GOOD
2025-02-12 12:00:00,PUMP101.BEARING_TEMP,65.17,°C,GOOD
2025-02-12 13:00:00,PUMP101.BEARING_TEMP,65.158,°C,GOOD
2025-02-12 14:00:00,PUMP101.BEARING_TEMP,65.205,°C,GOOD
2025-02-12 15:00:00,PUMP101.BEARING_TEMP,65.308,°C,GOOD
2025-02-12 16:00:00,PUMP101.BEARING_TEMP,63.946,°C,GOOD
2025-02-12 17:00:00,PUMP101.BEARING_TEMP,64.818,°C,GOOD
2025-02-12 18:00:00,PUMP101.BEARING_TEMP,63.91,°C,GOOD
2025-02-12 19:00:00,PUMP101.BEARING_TEMP,65.018,°C,GOOD
2025-02-12 20:00:00,PUMP101.BEARING_TEMP,64.998,°C,GOOD
2025-02-12 21:00:00,PUMP101.BEARING_TEMP,65.523,°C,GOOD
2025-02-12 22:00:00,PUMP101.BEARING_TEMP,65.594,°C,GOOD
2025-02-12 23:00:00,PUMP101.BEARING_TEMP,65.101,°C,GOOD
2025-02-13 00:00:00,PUMP101.BEARING_TEMP,64.75,°C,GOOD
2025-02-13 01:00:00,PUMP101.BEARING_TEMP,65.243,°C,GOOD
2025-02-13 02:00:00,PUMP101.BEARING_TEMP,64.736,°C,GOOD
2025-02-13 03:00:00,PUMP101.BEARING_TEMP,64.999,°C,GOOD
2025-02-13 04:00:00,PUMP101.BEARING_TEMP,65.493,°C,GOOD
2025-02-13 05:00:00,PUMP101.BEARING_TEMP,64.721,°C,GOOD
2025-02-13 06:00:00,PUMP101.BEARING_TEMP,65.403,°C,GOOD
2025-02-13 07:00:00,PUMP101.BEARING_TEMP,65.339,°C,GOOD
2025-02-13 08:00:00,PUMP101.BEARING_TEMP,64.523,°C,GOOD
2025-02-13 09:00:00,PUMP101.BEARING_TEMP,65.487,°C,GOOD
2025-02-13 10:00:00,PUMP101.BEARING_TEMP,65.349,°C,GOOD
2025-02-13 11:00:00,PUMP101.BEARING_TEMP,65.051,°C,GOOD
2025-02-13 12:00:00,PUMP101.BEARING_TEMP,64.619,°C,GOOD
2025-02-13 13:00:00,PUMP101.BEARING_TEMP,64.57,°C,GOOD
2025-02-13 14:00:00,PUMP101.BEARING_TEMP,64.731,°C,GOOD
2025-02-13 15:00:00,PUMP101.BEARING_TEMP,65.271,°C,GOOD
2025-02-13 16:00:00,PUMP101.BEARING_TEMP,64.522,°C,GOOD
2025-02-13 17:00:00,PUMP101.BEARING_TEMP,65.219,°C,GOOD
2025-02-13 18:00:00,PUMP101.BEARING_TEMP,64.379,°C,GOOD
2025-02-13 19:00:00,PUMP101.BEARING_TEMP,64.898,°C,GOOD
2025-02-13 20:00:00,PUMP101.BEARING_TEMP,65.055,°C,GOOD
2025-02-13 21:00:00,PUMP101.BEARING_TEMP,66.223,°C,GOOD
2025-02-13 22:00:00,PUMP101.BEARING_TEMP,64.311,°C,GOOD
2025-02-13 23:00:00,PUMP101.BEARING_TEMP,65.736,°C,GOOD
2025-02-14 00:00:00,PUMP101.BEARING_TEMP,65.075,°C,GOOD
2025-02-14 01:00:00,PUMP101.BEARING_TEMP,65.206,°C,GOOD
2025-02-14 02:00:00,PUMP101.BEARING_TEMP,65.059,°C,GOOD
2025-02-14 03:00:00,PUMP101.BEARING_TEMP,65.222,°C,GOOD
2025-02-14 04:00:00,PUMP101.BEARING_TEMP,64.923,°C,GOOD
2025-02-14 05:00:00,PUMP101.BEARING_TEMP,65.727,°C,GOOD
2025-02-14 06:00:00,PUMP101.BEARING_TEMP,64.772,°C,GOOD
2025-02-14 07:00:00,PUMP101.BEARING_TEMP,65.566,°C,GOOD
2025-02-14 08:00:00,PUMP101.BEARING_TEMP,64.678,°C,GOOD
2025-02-14 09:00:00,PUMP101.BEARING_TEMP,64.97,°C,GOOD
2025-02-14 10:00:00,PUMP101.BEARING_TEMP,64.464,°C,GOOD
2025-02-14 11:00:00,PUMP101.BEARING_TEMP,65.228,°C,GOOD
2025-02-14 12:00:00,PUMP101.BEARING_TEMP,65.723,°C,GOOD
2025-02-14 13:00:00,PUMP101.BEARING_TEMP,64.961,°C,GOOD
2025-02-14 14:00:00,PUMP101.BEARING_TEMP,64.902,°C,GOOD
2025-02-14 15:00:00,PUMP101.BEARING_TEMP,64.443,°C,GOOD
2025-02-14 16:00:00,PUMP101.BEARING_TEMP,64.885,°C,GOOD
2025-02-14 17:00:00,PUMP101.BEARING_TEMP,64.204,°C,GOOD
2025-02-14 18:00:00,PUMP101.BEARING_TEMP,64.544,°C,GOOD
2025-02-14 19:00:00,PUMP101.BEARING_TEMP,65.113,°C,GOOD
2025-02-14 20:00:00,PUMP101.BEARING_TEMP,65.66,°C,GOOD
2025-02-14 21:00:00,PUMP101.BEARING_TEMP,66.405,°C,GOOD
2025-02-14 22:00:00,PUMP101.BEARING_TEMP,64.707,°C,GOOD
2025-02-14 23:00:00,PUMP101.BEARING_TEMP,65.718,°C,GOOD
2025-02-15 00:00:00,PUMP101.BEARING_TEMP,65.122,°C,GOOD
2025-02-15 01:00:00,PUMP101.BEARING_TEMP,64.924,°C,GOOD
2025-02-15 02:00:00,PUMP101.BEARING_TEMP,65.216,°C,GOOD
2025-02-15 03:00:00,PUMP101.BEARING_TEMP,65.031,°C,GOOD
2025-02-15 04:00:00,PUMP101.BEARING_TEMP,65.055,°C,GOOD
2025-02-15 05:00:00,PUMP101.BEARING_TEMP,64.796,°C,GOOD
2025-02-15 06:00:00,PUMP101.BEARING_TEMP,64.301,°C,GOOD
2025-02-15 07:00:00,PUMP101.BEARING_TEMP,64.228,°C,GOOD
2025-02-15 08:00:00,PUMP101.BEARING_TEMP,65.327,°C,GOOD
2025-02-15 09:00:00,PUMP101.BEARING_TEMP,64.862,°C,GOOD
2025-02-15 10:00:00,PUMP101.BEARING_TEMP,64.702,°C,GOOD
2025-02-15 11:00:00,PUMP101.BEARING_TEMP,65.004,°C,GOOD
2025-02-15 12:00:00,PUMP101.BEARING_TEMP,65.397,°C,GOOD
2025-02-15 13:00:00,PUMP101.BEARING_TEMP,65.09,°C,GOOD
2025-02-15 14:00:00,PUMP101.BEARING_TEMP,64.672,°C,GOOD
2025-02-15 15:00:00,PUMP101.BEARING_TEMP,65.613,°C,GOOD
2025-02-15 16:00:00,PUMP101.BEARING_TEMP,65.79,°C,GOOD
2025-02-15 17:00:00,PUMP101.BEARING_TEMP,65.247,°C,GOOD
2025-02-15 18:00:00,PUMP101.BEARING_TEMP,65.487,°C,GOOD
2025-02-15 19:00:00,PUMP101.BEARING_TEMP,65.621,°C,GOOD
2025-02-15 20:00:00,PUMP101.BEARING_TEMP,65.565,°C,BAD
2025-02-15 21:00:00,PUMP101.BEARING_TEMP,65.307,°C,GOOD
2025-02-15 22:00:00,PUMP101.BEARING_TEMP,65.299,°C,GOOD
2025-02-15 23:00:00,PUMP101.BEARING_TEMP,65.26,°C,GOOD
2025-02-16 00:00:00,PUMP101.BEARING_TEMP,64.451,°C,GOOD
2025-02-16 01:00:00,PUMP101.BEARING_TEMP,65.35,°C,BAD
2025-02-16 02:00:00,PUMP101.BEARING_TEMP,64.322,°C,GOOD
2025-02-16 03:00:00,PUMP101.BEARING_TEMP,64.603,°C,GOOD
2025-02-16 04:00:00,PUMP101.BEARING_TEMP,65.652,°C,GOOD
2025-02-16 05:00:00,PUMP101.BEARING_TEMP,65.42,°C,GOOD
2025-02-16 06:00:00,PUMP101.BEARING_TEMP,65.744,°C,GOOD
2025-02-16 07:00:00,PUMP101.BEARING_TEMP,64.864,°C,GOOD
2025-02-16 08:00:00,PUMP101.BEARING_TEMP,64.424,°C,GOOD
2025-02-16 09:00:00,PUMP101.BEARING_TEMP,64.88,°C,GOOD
2025-02-16 10:00:00,PUMP101.BEARING_TEMP,65.051,°C,GOOD
2025-02-16 11:00:00,PUMP101.BEARING_TEMP,65.039,°C,GOOD
2025-02-16 12:00:00,PUMP101.BEARING_TEMP,65.567,°C,GOOD
2025-02-16 13:00:00,PUMP101.BEARING_TEMP,64.819,°C,GOOD
2025-02-16 14:00:00,PUMP101.BEARING_TEMP,65.176,°C,GOOD
2025-02-16 15:00:00,PUMP101.BEARING_TEMP,64.506,°C,GOOD
2025-02-16 16:00:00,PUMP101.BEARING_TEMP,65.225,°C,GOOD
2025-02-16 17:00:00,PUMP101.BEARING_TEMP,65.002,°C,GOOD
2025-02-16 18:00:00,PUMP101.BEARING_TEMP,64.625,°C,GOOD
2025-02-16 19:00:00,PUMP101.BEARING_TEMP,64.882,°C,GOOD
2025-02-16 20:00:00,PUMP101.BEARING_TEMP,64.908,°C,GOOD
2025-02-16 21:00:00,PUMP101.BEARING_TEMP,64.865,°C,GOOD
2025-02-16 22:00:00,PUMP101.BEARING_TEMP,65.886,°C,GOOD
2025-02-16 23:00:00,PUMP101.BEARING_TEMP,64.951,°C,GOOD
2025-02-17 00:00:00,PUMP101.BEARING_TEMP,64.878,°C,GOOD
2025-02-17 01:00:00,PUMP101.BEARING_TEMP,63.951,°C,GOOD
2025-02-17 02:00:00,PUMP101.BEARING_TEMP,64.553,°C,GOOD
2025-02-17 03:00:00,PUMP101.BEARING_TEMP,64.868,°C,GOOD
2025-02-17 04:00:00,PUMP101.BEARING_TEMP,64.657,°C,GOOD
2025-02-17 05:00:00,PUMP101.BEARING_TEMP,65.691,°C,GOOD
2025-02-17 06:00:00,PUMP101.BEARING_TEMP,64.918,°C,GOOD
2025-02-17 07:00:00,PUMP101.BEARING_TEMP,65.644,°C,GOOD
2025-02-17 08:00:00,PUMP101.BEARING_TEMP,65.031,°C,GOOD
2025-02-17 09:00:00,PUMP101.BEARING_TEMP,65.019,°C,BAD
2025-02-17 10:00:00,PUMP101.BEARING_TEMP,64.956,°C,GOOD
2025-02-17 11:00:00,PUMP101.BEARING_TEMP,65.002,°C,GOOD
2025-02-17 12:00:00,PUMP101.BEARING_TEMP,65.859,°C,GOOD
2025-02-17 13:00:00,PUMP101.BEARING_TEMP,63.84,°C,GOOD
2025-02-17 14:00:00,PUMP101.BEARING_TEMP,63.999,°C,GOOD
2025-02-17 15:00:00,PUMP101.BEARING_TEMP,64.728,°C,GOOD
2025-02-17 16:00:00,PUMP101.BEARING_TEMP,65.007,°C,GOOD
2025-02-17 17:00:00,PUMP101.BEARING_TEMP,65.345,°C,GOOD
2025-02-17 18:00:00,PUMP101.BEARING_TEMP,65.237,°C,GOOD
2025-02-17 19:00:00,PUMP101.BEARING_TEMP,64.808,°C,GOOD
2025-02-17 20:00:00,PUMP101.BEARING_TEMP,65.51,°C,GOOD
2025-02-17 21:00:00,PUMP101.BEARING_TEMP,65.515,°C,GOOD
2025-02-17 22:00:00,PUMP101.BEARING_TEMP,65.092,°C,GOOD
2025-02-17 23:00:00,PUMP101.BEARING_TEMP,65.481,°C,BAD
2025-02-18 00:00:00,PUMP101.BEARING_TEMP,65.136,°C,GOOD
2025-02-18 01:00:00,PUMP101.BEARING_TEMP,64.719,°C,GOOD
2025-02-18 02:00:00,PUMP101.BEARING_TEMP,65.349,°C,GOOD
2025-02-18 03:00:00,PUMP101.BEARING_TEMP,65.055,°C,GOOD
2025-02-18 04:00:00,PUMP101.BEARING_TEMP,65.001,°C,GOOD
2025-02-18 05:00:00,PUMP101.BEARING_TEMP,65.736,°C,GOOD
2025-02-18 06:00:00,PUMP101.BEARING_TEMP,63.775,°C,GOOD
2025-02-18 07:00:00,PUMP101.BEARING_TEMP,64.291,°C,GOOD
2025-02-18 08:00:00,PUMP101.BEARING_TEMP,64.406,°C,GOOD
2025-02-18 09:00:00,PUMP101.BEARING_TEMP,64.818,°C,GOOD
2025-02-18 10:00:00,PUMP101.BEARING_TEMP,64.873,°C,GOOD
2025-02-18 11:00:00,PUMP101.BEARING_TEMP,64.246,°C,GOOD
2025-02-18 12:00:00,PUMP101.BEARING_TEMP,64.507,°C,GOOD
2025-02-18 13:00:00,PUMP101.BEARING_TEMP,64.57,°C,GOOD
2025-02-18 14:00:00,PUMP101.BEARING_TEMP,66.229,°C,GOOD
2025-02-18 15:00:00,PUMP101.BEARING_TEMP,65.901,°C,GOOD
2025-02-18 16:00:00,PUMP101.BEARING_TEMP,64.794,°C,GOOD
2025-02-18 17:00:00,PUMP101.BEARING_TEMP,64.818,°C,GOOD
2025-02-18 18:00:00,PUMP101.BEARING_TEMP,64.425,°C,GOOD
2025-02-18 19:00:00,PUMP101.BEARING_TEMP,64.046,°C,GOOD
2025-02-18 20:00:00,PUMP101.BEARING_TEMP,64.942,°C,GOOD
2025-02-18 21:00:00,PUMP101.BEARING_TEMP,64.501,°C,GOOD
2025-02-18 22:00:00,PUMP101.BEARING_TEMP,64.958,°C,GOOD
2025-02-18 23:00:00,PUMP101.BEARING_TEMP,64.2,°C,GOOD
2025-02-19 00:00:00,PUMP101.BEARING_TEMP,64.619,°C,GOOD
2025-02-19 01:00:00,PUMP101.BEARING_TEMP,65.074,°C,GOOD
2025-02-19 02:00:00,PUMP101.BEARING_TEMP,65.183,°C,GOOD
2025-02-19 03:00:00,PUMP101.BEARING_TEMP,65.209,°C,GOOD
2025-02-19 04:00:00,PUMP101.BEARING_TEMP,64.34,°C,GOOD
2025-02-19 05:00:00,PUMP101.BEARING_TEMP,65.427,°C,GOOD
2025-02-19 06:00:00,PUMP101.BEARING_TEMP,64.6,°C,GOOD
2025-02-19 07:00:00,PUMP101.BEARING_TEMP,65.316,°C,GOOD
2025-02-19 08:00:00,PUMP101.BEARING_TEMP,64.995,°C,GOOD
2025-02-19 09:00:00,PUMP101.BEARING_TEMP,64.312,°C,GOOD
2025-02-19 10:00:00,PUMP101.BEARING_TEMP,64.842,°C,GOOD
2025-02-19 11:00:00,PUMP101.BEARING_TEMP,65.183,°C,GOOD
2025-02-19 12:00:00,PUMP101.BEARING_TEMP,65.306,°C,GOOD
2025-02-19 13:00:00,PUMP101.BEARING_TEMP,64.93,°C,GOOD
2025-02-19 14:00:00,PUMP101.BEARING_TEMP,65.766,°C,GOOD
2025-02-19 15:00:00,PUMP101.BEARING_TEMP,65.504,°C,GOOD
2025-02-19 16:00:00,PUMP101.BEARING_TEMP,64.872,°C,GOOD
2025-02-19 17:00:00,PUMP101.BEARING_TEMP,65.375,°C,GOOD
2025-02-19 18:00:00,PUMP101.BEARING_TEMP,65.967,°C,GOOD
2025-02-19 19:00:00,PUMP101.BEARING_TEMP,65.98,°C,GOOD
2025-02-19 20:00:00,PUMP101.BEARING_TEMP,64.386,°C,GOOD
2025-02-19 21:00:00,PUMP101.BEARING_TEMP,64.537,°C,GOOD
2025-02-19 22:00:00,PUMP101.BEARING_TEMP,65.742,°C,GOOD
2025-02-19 23:00:00,PUMP101.BEARING_TEMP,64.471,°C,GOOD
2025-02-20 00:00:00,PUMP101.BEARING_TEMP,64.339,°C,GOOD
2025-02-20 01:00:00,PUMP101.BEARING_TEMP,64.757,°C,GOOD
2025-02-20 02:00:00,PUMP101.BEARING_TEMP,65.21,°C,GOOD
2025-02-20 03:00:00,PUMP101.BEARING_TEMP,64.949,°C,GOOD
2025-02-20 04:00:00,PUMP101.BEARING_TEMP,64.675,°C,GOOD
2025-02-20 05:00:00,PUMP101.BEARING_TEMP,64.663,°C,GOOD
2025-02-20 06:00:00,PUMP101.BEARING_TEMP,64.644,°C,GOOD
2025-02-20 07:00:00,PUMP101.BEARING_TEMP,64.56,°C,GOOD
2025-02-20 08:00:00,PUMP101.BEARING_TEMP,66.141,°C,GOOD
2025-02-20 09:00:00,PUMP101.BEARING_TEMP,65.149,°C,GOOD
2025-02-20 10:00:00,PUMP101.BEARING_TEMP,65.443,°C,GOOD
2025-02-20 11:00:00,PUMP101.BEARING_TEMP,64.755,°C,GOOD
2025-02-20 12:00:00,PUMP101.BEARING_TEMP,64.907,°C,GOOD
2025-02-20 13:00:00,PUMP101.BEARING_TEMP,64.643,°C,GOOD
2025-02-20 14:00:00,PUMP101.BEARING_TEMP,63.674,°C,GOOD
2025-02-20 15:00:00,PUMP101.BEARING_TEMP,64.311,°C,GOOD
2025-02-20 16:00:00,PUMP101.BEARING_TEMP,64.095,°C,GOOD
2025-02-20 17:00:00,PUMP101.BEARING_TEMP,63.875,°C,GOOD
2025-02-20 18:00:00,PUMP101.BEARING_TEMP,64.402,°C,GOOD
2025-02-20 19:00:00,PUMP101.BEARING_TEMP,65.662,°C,GOOD
2025-02-20 20:00:00,PUMP101.BEARING_TEMP,64.978,°C,GOOD
2025-02-20 21:00:00,PUMP101.BEARING_TEMP,65.645,°C,GOOD
2025-02-20 22:00:00,PUMP101.BEARING_TEMP,65.205,°C,GOOD
2025-02-20 23:00:00,PUMP101.BEARING_TEMP,65.391,°C,GOOD
2025-02-21 00:00:00,PUMP101.BEARING_TEMP,64.55,°C,GOOD
2025-02-21 01:00:00,PUMP101.BEARING_TEMP,65.262,°C,GOOD
2025-02-21 02:00:00,PUMP101.BEARING_TEMP,65.364,°C,GOOD
2025-02-21 03:00:00,PUMP101.BEARING_TEMP,64.712,°C,GOOD
2025-02-21 04:00:00,PUMP101.BEARING_TEMP,65.28,°C,GOOD
2025-02-21 05:00:00,PUMP101.BEARING_TEMP,65.283,°C,GOOD
2025-02-21 06:00:00,PUMP101.BEARING_TEMP,64.725,°C,GOOD
2025-02-21 07:00:00,PUMP101.BEARING_TEMP,64.439,°C,GOOD
2025-02-21 08:00:00,PUMP101.BEARING_TEMP,64.408,°C,GOOD
2025-02-21 09:00:00,PUMP101.BEARING_TEMP,65.043,°C,GOOD
2025-02-21 10:00:00,PUMP101.BEARING_TEMP,65.164,°C,GOOD
2025-02-21 11:00:00,PUMP101.BEARING_TEMP,64.604,°C,GOOD
2025-02-21 12:00:00,PUMP101.BEARING_TEMP,65.013,°C,GOOD
2025-02-21 13:00:00,PUMP101.BEARING_TEMP,65.285,°C,GOOD
2025-02-21 14:00:00,PUMP101.BEARING_TEMP,65.309,°C,GOOD
2025-02-21 15:00:00,PUMP101.BEARING_TEMP,65.776,°C,GOOD
2025-02-21 16:00:00,PUMP101.BEARING_TEMP,65.638,°C,GOOD
2025-02-21 17:00:00,PUMP101.BEARING_TEMP,64.499,°C,GOOD
2025-02-21 18:00:00,PUMP101.BEARING_TEMP,65.842,°C,GOOD
2025-02-21 19:00:00,PUMP101.BEARING_TEMP,64.735,°C,GOOD
2025-02-21 20:00:00,PUMP101.BEARING_TEMP,65.522,°C,GOOD
2025-02-21 21:00:00,PUMP101.BEARING_TEMP,65.034,°C,GOOD
2025-02-21 22:00:00,PUMP101.BEARING_TEMP,64.794,°C,GOOD
2025-02-21 23:00:00,PUMP101.BEARING_TEMP,64.096,°C,GOOD
2025-02-22 00:00:00,PUMP101.BEARING_TEMP,64.914,°C,GOOD
2025-02-22 01:00:00,PUMP101.BEARING_TEMP,64.22,°C,GOOD
2025-02-22 02:00:00,PUMP101.BEARING_TEMP,65.484,°C,GOOD
2025-02-22 03:00:00,PUMP101.BEARING_TEMP,65.758,°C,GOOD
2025-02-22 04:00:00,PUMP101.BEARING_TEMP,64.602,°C,GOOD
2025-02-22 05:00:00,PUMP101.BEARING_TEMP,65.151,°C,GOOD
2025-02-22 06:00:00,PUMP101.BEARING_TEMP,64.637,°C,GOOD
2025-02-22 07:00:00,PUMP101.BEARING_TEMP,64.686,°C,GOOD
2025-02-22 08:00:00,PUMP101.BEARING_TEMP,65.387,°C,GOOD
2025-02-22 09:00:00,PUMP101.BEARING_TEMP,64.981,°C,GOOD
2025-02-22 10:00:00,PUMP101.BEARING_TEMP,65.87,°C,GOOD
2025-02-22 11:00:00,PUMP101.BEARING_TEMP,64.759,°C,GOOD
2025-02-22 12:00:00,PUMP101.BEARING_TEMP,65.5,°C,GOOD
2025-02-22 13:00:00,PUMP101.BEARING_TEMP,65.049,°C,GOOD
2025-02-22 14:00:00,PUMP101.BEARING_TEMP,65.398,°C,GOOD
2025-02-22 15:00:00,PUMP101.BEARING_TEMP,64.776,°C,GOOD
2025-02-22 16:00:00,PUMP101.BEARING_TEMP,64.975,°C,GOOD
2025-02-22 17:00:00,PUMP101.BEARING_TEMP,64.942,°C,GOOD
2025-02-22 18:00:00,PUMP101.BEARING_TEMP,64.582,°C,GOOD
2025-02-22 19:00:00,PUMP101.BEARING_TEMP,65.331,°C,GOOD
2025-02-22 20:00:00,PUMP101.BEARING_TEMP,65.325,°C,GOOD
2025-02-22 21:00:00,PUMP101.BEARING_TEMP,65.297,°C,GOOD
2025-02-22 22:00:00,PUMP101.BEARING_TEMP,65.768,°C,GOOD
2025-02-22 23:00:00,PUMP101.BEARING_TEMP,65.725,°C,GOOD
2025-02-23 00:00:00,PUMP101.BEARING_TEMP,64.813,°C,GOOD
2025-02-23 01:00:00,PUMP101.BEARING_TEMP,65.187,°C,GOOD
2025-02-23 02:00:00,PUMP101.BEARING_TEMP,64.688,°C,GOOD
2025-02-23 03:00:00,PUMP101.BEARING_TEMP,65.012,°C,GOOD
2025-02-23 04:00:00,PUMP101.BEARING_TEMP,64.7,°C,GOOD
2025-02-23 05:00:00,PUMP101.BEARING_TEMP,65.81,°C,GOOD
2025-02-23 06:00:00,PUMP101.BEARING_TEMP,65.182,°C,GOOD
2025-02-23 07:00:00,PUMP101.BEARING_TEMP,64.891,°C,GOOD
2025-02-23 08:00:00,PUMP101.BEARING_TEMP,65.597,°C,GOOD
2025-02-23 09:00:00,PUMP101.BEARING_TEMP,63.915,°C,GOOD
2025-02-23 10:00:00,PUMP101.BEARING_TEMP,63.993,°C,GOOD
2025-02-23 11:00:00,PUMP101.BEARING_TEMP,65.398,°C,GOOD
2025-02-23 12:00:00,PUMP101.BEARING_TEMP,65.03,°C,GOOD
2025-02-23 13:00:00,PUMP101.BEARING_TEMP,65.125,°C,BAD
2025-02-23 14:00:00,PUMP101.BEARING_TEMP,64.337,°C,GOOD
2025-02-23 15:00:00,PUMP101.BEARING_TEMP,64.988,°C,GOOD
2025-02-23 16:00:00,PUMP101.BEARING_TEMP,66.002,°C,GOOD
2025-02-23 17:00:00,PUMP101.BEARING_TEMP,65.412,°C,GOOD
2025-02-23 18:00:00,PUMP101.BEARING_TEMP,65.085,°C,GOOD
2025-02-23 19:00:00,PUMP101.BEARING_TEMP,64.78,°C,GOOD
2025-02-23 20:00:00,PUMP101.BEARING_TEMP,64.803,°C,GOOD
2025-02-23 21:00:00,PUMP101.BEARING_TEMP,63.935,°C,GOOD
2025-02-23 22:00:00,PUMP101.BEARING_TEMP,65.129,°C,GOOD
2025-02-23 23:00:00,PUMP101.BEARING_TEMP,65.423,°C,GOOD
2025-02-24 00:00:00,PUMP101.BEARING_TEMP,64.212,°C,GOOD
2025-02-24 01:00:00,PUMP101.BEARING_TEMP,64.669,°C,BAD
2025-02-24 02:00:00,PUMP101.BEARING_TEMP,64.421,°C,GOOD
2025-02-24 03:00:00,PUMP101.BEARING_TEMP,64.517,°C,GOOD
2025-02-24 04:00:00,PUMP101.BEARING_TEMP,65.027,°C,GOOD
2025-02-24 05:00:00,PUMP101.BEARING_TEMP,63.958,°C,GOOD
2025-02-24 06:00:00,PUMP101.BEARING_TEMP,65.307,°C,GOOD
2025-02-24 07:00:00,PUMP101.BEARING_TEMP,65.377,°C,GOOD
2025-02-24 08:00:00,PUMP101.BEARING_TEMP,64.874,°C,GOOD
2025-02-24 09:00:00,PUMP101.BEARING_TEMP,63.76,°C,GOOD
2025-02-24 10:00:00,PUMP101.BEARING_TEMP,64.502,°C,GOOD
2025-02-24 11:00:00,PUMP101.BEARING_TEMP,65.616,°C,GOOD
2025-02-24 12:00:00,PUMP101.BEARING_TEMP,63.611,°C,GOOD
2025-02-24 13:00:00,PUMP101.BEARING_TEMP,64.826,°C,GOOD
2025-02-24 14:00:00,PUMP101.BEARING_TEMP,64.41,°C,GOOD
2025-02-24 15:00:00,PUMP101.BEARING_TEMP,65.402,°C,GOOD
2025-02-24 16:00:00,PUMP101.BEARING_TEMP,64.662,°C,GOOD
2025-02-24 17:00:00,PUMP101.BEARING_TEMP,65.202,°C,GOOD
2025-02-24 18:00:00,PUMP101.BEARING_TEMP,65.283,°C,GOOD
2025-02-24 19:00:00,PUMP101.BEARING_TEMP,65.918,°C,GOOD
2025-02-24 20:00:00,PUMP101.BEARING_TEMP,64.899,°C,GOOD
2025-02-24 21:00:00,PUMP101.BEARING_TEMP,65.188,°C,GOOD
2025-02-24 22:00:00,PUMP101.BEARING_TEMP,64.257,°C,GOOD
2025-02-24 23:00:00,PUMP101.BEARING_TEMP,65.595,°C,GOOD
2025-02-25 00:00:00,PUMP101.BEARING_TEMP,64.62,°C,GOOD
2025-02-25 01:00:00,PUMP101.BEARING_TEMP,64.72,°C,GOOD
2025-02-25 02:00:00,PUMP101.BEARING_TEMP,64.989,°C,GOOD
2025-02-25 03:00:00,PUMP101.BEARING_TEMP,64.219,°C,GOOD
2025-02-25 04:00:00,PUMP101.BEARING_TEMP,65.114,°C,GOOD
2025-02-25 05:00:00,PUMP101.BEARING_TEMP,65.484,°C,GOOD
2025-02-25 06:00:00,PUMP101.BEARING_TEMP,65.146,°C,GOOD
2025-02-25 07:00:00,PUMP101.BEARING_TEMP,64.206,°C,GOOD
2025-02-25 08:00:00,PUMP101.BEARING_TEMP,64.938,°C,GOOD
2025-02-25 09:00:00,PUMP101.BEARING_TEMP,65.371,°C,GOOD
2025-02-25 10:00:00,PUMP101.BEARING_TEMP,64.061,°C,GOOD
2025-02-25 11:00:00,PUMP101.BEARING_TEMP,64.463,°C,GOOD
2025-02-25 12:00:00,PUMP101.BEARING_TEMP,65.438,°C,GOOD
2025-02-25 13:00:00,PUMP101.BEARING_TEMP,65.135,°C,GOOD
2025-02-25 14:00:00,PUMP101.BEARING_TEMP,65.206,°C,GOOD
2025-02-25 15:00:00,PUMP101.BEARING_TEMP,65.93,°C,GOOD
2025-02-25 16:00:00,PUMP101.BEARING_TEMP,65.234,°C,GOOD
2025-02-25 17:00:00,PUMP101.BEARING_TEMP,65.329,°C,GOOD
2025-02-25 18:00:00,PUMP101.BEARING_TEMP,66.355,°C,GOOD
2025-02-25 19:00:00,PUMP101.BEARING_TEMP,64.893,°C,GOOD
2025-02-25 20:00:00,PUMP101.BEARING_TEMP,64.601,°C,GOOD
2025-02-25 21:00:00,PUMP101.BEARING_TEMP,65.214,°C,GOOD
2025-02-25 22:00:00,PUMP101.BEARING_TEMP,65.219,°C,GOOD
2025-02-25 23:00:00,PUMP101.BEARING_TEMP,64.737,°C,GOOD
2025-02-26 00:00:00,PUMP101.BEARING_TEMP,64.484,°C,GOOD
2025-02-26 01:00:00,PUMP101.BEARING_TEMP,66.155,°C,GOOD
2025-02-26 02:00:00,PUMP101.BEARING_TEMP,65.163,°C,GOOD
2025-02-26 03:00:00,PUMP101.BEARING_TEMP,64.634,°C,GOOD
2025-02-26 04:00:00,PUMP101.BEARING_TEMP,65.458,°C,GOOD
2025-02-26 05:00:00,PUMP101.BEARING_TEMP,64.945,°C,GOOD
2025-02-26 06:00:00,PUMP101.BEARING_TEMP,64.874,°C,GOOD
2025-02-26 07:00:00,PUMP101.BEARING_TEMP,65.281,°C,GOOD
2025-02-26 08:00:00,PUMP101.BEARING_TEMP,64.354,°C,GOOD
2025-02-26 09:00:00,PUMP101.BEARING_TEMP,65.176,°C,GOOD
2025-02-26 10:00:00,PUMP101.BEARING_TEMP,65.956,°C,GOOD
2025-02-26 11:00:00,PUMP101.BEARING_TEMP,65.233,°C,GOOD
2025-02-26 12:00:00,PUMP101.BEARING_TEMP,64.812,°C,GOOD
2025-02-26 13:00:00,PUMP101.BEARING_TEMP,64.746,°C,GOOD
2025-02-26 14:00:00,PUMP101.BEARING_TEMP,64.795,°C,GOOD
2025-02-26 15:00:00,PUMP101.BEARING_TEMP,64.873,°C,GOOD
2025-02-26 16:00:00,PUMP101.BEARING_TEMP,64.811,°C,GOOD
2025-02-26 17:00:00,PUMP101.BEARING_TEMP,65.458,°C,GOOD
2025-02-26 18:00:00,PUMP101.BEARING_TEMP,64.133,°C,GOOD
2025-02-26 19:00:00,PUMP101.BEARING_TEMP,65.431,°C,GOOD
2025-02-26 20:00:00,PUMP101.BEARING_TEMP,64.81,°C,GOOD
2025-02-26 21:00:00,PUMP101.BEARING_TEMP,65.188,°C,GOOD
2025-02-26 22:00:00,PUMP101.BEARING_TEMP,64.437,°C,GOOD
2025-02-26 23:00:00,PUMP101.BEARING_TEMP,65.664,°C,GOOD
2025-02-27 00:00:00,PUMP101.BEARING_TEMP,65.623,°C,GOOD
2025-02-27 01:00:00,PUMP101.BEARING_TEMP,65.48,°C,GOOD
2025-02-27 02:00:00,PUMP101.BEARING_TEMP,64.243,°C,GOOD
2025-02-27 03:00:00,PUMP101.BEARING_TEMP,65.415,°C,GOOD
2025-02-27 04:00:00,PUMP101.BEARING_TEMP,65.202,°C,GOOD
2025-02-27 05:00:00,PUMP101.BEARING_TEMP,64.197,°C,GOOD
2025-02-27 06:00:00,PUMP101.BEARING_TEMP,64.988,°C,GOOD
2025-02-27 07:00:00,PUMP101.BEARING_TEMP,65.182,°C,GOOD
2025-02-27 08:00:00,PUMP101.BEARING_TEMP,65.278,°C,GOOD
2025-02-27 09:00:00,PUMP101.BEARING_TEMP,65.089,°C,GOOD
2025-02-27 10:00:00,PUMP101.BEARING_TEMP,65.146,°C,GOOD
2025-02-27 11:00:00,PUMP101.BEARING_TEMP,65.737,°C,GOOD
2025-02-27 12:00:00,PUMP101.BEARING_TEMP,65.613,°C,GOOD
2025-02-27 13:00:00,PUMP101.BEARING_TEMP,63.566,°C,GOOD
2025-02-27 14:00:00,PUMP101.BEARING_TEMP,64.841,°C,GOOD
2025-02-27 15:00:00,PUMP101.BEARING_TEMP,64.918,°C,GOOD
2025-02-27 16:00:00,PUMP101.BEARING_TEMP,64.124,°C,GOOD
2025-02-27 17:00:00,PUMP101.BEARING_TEMP,65.047,°C,GOOD
2025-02-27 18:00:00,PUMP101.BEARING_TEMP,65.624,°C,GOOD
2025-02-27 19:00:00,PUMP101.BEARING_TEMP,64.457,°C,GOOD
2025-02-27 20:00:00,PUMP101.BEARING_TEMP,65.168,°C,GOOD
2025-02-27 21:00:00,PUMP101.BEARING_TEMP,64.542,°C,GOOD
2025-02-27 22:00:00,PUMP101.BEARING_TEMP,64.664,°C,GOOD
2025-02-27 23:00:00,PUMP101.BEARING_TEMP,65.739,°C,GOOD
2025-02-28 00:00:00,PUMP101.BEARING_TEMP,64.729,°C,GOOD
2025-01-01 00:00:00,PUMP101.VIBRATION_RMS,2.945,mm/s,GOOD
2025-01-01 01:00:00,PUMP101.VIBRATION_RMS,2.229,mm/s,GOOD
2025-01-01 02:00:00,PUMP101.VIBRATION_RMS,2.153,mm/s,GOOD
2025-01-01 03:00:00,PUMP101.VIBRATION_RMS,1.589,mm/s,GOOD
2025-01-01 04:00:00,PUMP101.VIBRATION_RMS,3.376,mm/s,GOOD
2025-01-01 05:00:00,PUMP101.VIBRATION_RMS,2.913,mm/s,GOOD
2025-01-01 06:00:00,PUMP101.VIBRATION_RMS,2.885,mm/s,GOOD
2025-01-01 07:00:00,PUMP101.VIBRATION_RMS,2.984,mm/s,GOOD
2025-01-01 08:00:00,PUMP101.VIBRATION_RMS,2.788,mm/s,GOOD
2025-01-01 09:00:00,PUMP101.VIBRATION_RMS,2.378,mm/s,GOOD
2025-01-01 10:00:00,PUMP101.VIBRATION_RMS,2.418,mm/s,GOOD
2025-01-01 11:00:00,PUMP101.VIBRATION_RMS,2.286,mm/s,GOOD
2025-01-01 12:00:00,PUMP101.VIBRATION_RMS,3.817,mm/s,GOOD
2025-01-01 13:00:00,PUMP101.VIBRATION_RMS,2.778,mm/s,GOOD
2025-01-01 14:00:00,PUMP101.VIBRATION_RMS,2.268,mm/s,GOOD
2025-01-01 15:00:00,PUMP101.VIBRATION_RMS,2.733,mm/s,GOOD
2025-01-01 16:00:00,PUMP101.VIBRATION_RMS,1.995,mm/s,GOOD
2025-01-01 17:00:00,PUMP101.VIBRATION_RMS,3.252,mm/s,GOOD
2025-01-01 18:00:00,PUMP101.VIBRATION_RMS,2.169,mm/s,GOOD
2025-01-01 19:00:00,PUMP101.VIBRATION_RMS,2.751,mm/s,GOOD
2025-01-01 20:00:00,PUMP101.VIBRATION_RMS,3.033,mm/s,GOOD
2025-01-01 21:00:00,PUMP101.VIBRATION_RMS,2.692,mm/s,GOOD
2025-01-01 22:00:00,PUMP101.VIBRATION_RMS,2.547,mm/s,GOOD
2025-01-01 23:00:00,PUMP101.VIBRATION_RMS,2.505,mm/s,GOOD
2025-01-02 00:00:00,PUMP101.VIBRATION_RMS,2.472,mm/s,GOOD
2025-01-02 01:00:00,PUMP101.VIBRATION_RMS,2.212,mm/s,GOOD
2025-01-02 02:00:00,PUMP101.VIBRATION_RMS,2.275,mm/s,GOOD
2025-01-02 03:00:00,PUMP101.VIBRATION_RMS,3.24,mm/s,BAD
2025-01-02 04:00:00,PUMP101.VIBRATION_RMS,2.446,mm/s,GOOD
2025-01-02 05:00:00,PUMP101.VIBRATION_RMS,2.107,mm/s,GOOD
2025-01-02 06:00:00,PUMP101.VIBRATION_RMS,2.242,mm/s,GOOD
2025-01-02 07:00:00,PUMP101.VIBRATION_RMS,3.05,mm/s,GOOD
2025-01-02 08:00:00,PUMP101.VIBRATION_RMS,2.838,mm/s,GOOD
2025-01-02 09:00:00,PUMP101.VIBRATION_RMS,2.78,mm/s,GOOD
2025-01-02 10:00:00,PUMP101.VIBRATION_RMS,2.371,mm/s,GOOD
2025-01-02 11:00:00,PUMP101.VIBRATION_RMS,2.787,mm/s,GOOD
2025-01-02 12:00:00,PUMP101.VIBRATION_RMS,2.178,mm/s,GOOD
2025-01-02 13:00:00,PUMP101.VIBRATION_RMS,2.37,mm/s,GOOD
2025-01-02 14:00:00,PUMP101.VIBRATION_RMS,2.985,mm/s,GOOD
2025-01-02 15:00:00,PUMP101.VIBRATION_RMS,2.937,mm/s,GOOD
2025-01-02 16:00:00,PUMP101.VIBRATION_RMS,2.009,mm/s,GOOD
2025-01-02 17:00:00,PUMP101.VIBRATION_RMS,2.072,mm/s,GOOD
2025-01-02 18:00:00,PUMP101.VIBRATION_RMS,2.554,mm/s,GOOD
2025-01-02 19:00:00,PUMP101.VIBRATION_RMS,3.363,mm/s,GOOD
2025-01-02 20:00:00,PUMP101.VIBRATION_RMS,1.542,mm/s,GOOD
2025-01-02 21:00:00,PUMP101.VIBRATION_RMS,2.639,mm/s,GOOD
2025-01-02 22:00:00,PUMP101.VIBRATION_RMS,1.812,mm/s,GOOD
2025-01-02 23:00:00,PUMP101.VIBRATION_RMS,2.183,mm/s,GOOD
2025-01-03 00:00:00,PUMP101.VIBRATION_RMS,2.318,mm/s,GOOD
2025-01-03 01:00:00,PUMP101.VIBRATION_RMS,2.29,mm/s,GOOD
2025-01-03 02:00:00,PUMP101.VIBRATION_RMS,2.233,mm/s,GOOD
2025-01-03 03:00:00,PUMP101.VIBRATION_RMS,2.504,mm/s,BAD
2025-01-03 04:00:00,PUMP101.VIBRATION_RMS,2.232,mm/s,GOOD
2025-01-03 05:00:00,PUMP101.VIBRATION_RMS,1.769,mm/s,GOOD
2025-01-03 06:00:00,PUMP101.VIBRATION_RMS,2.89,mm/s,GOOD
2025-01-03 07:00:00,PUMP101.VIBRATION_RMS,2.876,mm/s,GOOD
2025-01-03 08:00:00,PUMP101.VIBRATION_RMS,2.922,mm/s,GOOD
2025-01-03 09:00:00,PUMP101.VIBRATION_RMS,1.73,mm/s,GOOD
2025-01-03 10:00:00,PUMP101.VIBRATION_RMS,2.649,mm/s,GOOD
2025-01-03 11:00:00,PUMP101.VIBRATION_RMS,2.838,mm/s,GOOD
2025-01-03 12:00:00,PUMP101.VIBRATION_RMS,1.984,mm/s,GOOD
2025-01-03 13:00:00,PUMP101.VIBRATION_RMS,2.505,mm/s,BAD
2025-01-03 14:00:00,PUMP101.VIBRATION_RMS,2.442,mm/s,GOOD
2025-01-03 15:00:00,PUMP101.VIBRATION_RMS,3.421,mm/s,GOOD
2025-01-03 16:00:00,PUMP101.VIBRATION_RMS,3.462,mm/s,GOOD
2025-01-03 17:00:00,PUMP101.VIBRATION_RMS,1.668,mm/s,GOOD
2025-01-03 18:00:00,PUMP101.VIBRATION_RMS,3.747,mm/s,GOOD
2025-01-03 19:00:00,PUMP101.VIBRATION_RMS,2.042,mm/s,GOOD
2025-01-03 20:00:00,PUMP101.VIBRATION_RMS,2.99,mm/s,GOOD
2025-01-03 21:00:00,PUMP101.VIBRATION_RMS,2.985,mm/s,GOOD
2025-01-03 22:00:00,PUMP101.VIBRATION_RMS,2.002,mm/s,GOOD
2025-01-03 23:00:00,PUMP101.VIBRATION_RMS,2.747,mm/s,GOOD
2025-01-04 00:00:00,PUMP101.VIBRATION_RMS,2.446,mm/s,GOOD
2025-01-04 01:00:00,PUMP101.VIBRATION_RMS,2.777,mm/s,GOOD
2025-01-04 02:00:00,PUMP101.VIBRATION_RMS,2.615,mm/s,GOOD
2025-01-04 03:00:00,PUMP101.VIBRATION_RMS,3.098,mm/s,GOOD
2025-01-04 04:00:00,PUMP101.VIBRATION_RMS,2.538,mm/s,GOOD
2025-01-04 05:00:00,PUMP101.VIBRATION_RMS,2.416,mm/s,GOOD
2025-01-04 06:00:00,PUMP101.VIBRATION_RMS,3.048,mm/s,GOOD
2025-01-04 07:00:00,PUMP101.VIBRATION_RMS,2.79,mm/s,GOOD
2025-01-04 08:00:00,PUMP101.VIBRATION_RMS,2.866,mm/s,GOOD
2025-01-04 09:00:00,PUMP101.VIBRATION_RMS,2.168,mm/s,GOOD
2025-01-04 10:00:00,PUMP101.VIBRATION_RMS,1.977,mm/s,GOOD
2025-01-04 11:00:00,PUMP101.VIBRATION_RMS,2.216,mm/s,BAD
2025-01-04 12:00:00,PUMP101.VIBRATION_RMS,2.19,mm/s,GOOD
2025-01-04 13:00:00,PUMP101.VIBRATION_RMS,2.893,mm/s,GOOD
2025-01-04 14:00:00,PUMP101.VIBRATION_RMS,2.988,mm/s,GOOD
2025-01-04 15:00:00,PUMP101.VIBRATION_RMS,2.422,mm/s,GOOD
2025-01-04 16:00:00,PUMP101.VIBRATION_RMS,3.215,mm/s,GOOD
2025-01-04 17:00:00,PUMP101.VIBRATION_RMS,3.184,mm/s,GOOD
2025-01-04 18:00:00,PUMP101.VIBRATION_RMS,2.622,mm/s,GOOD
2025-01-04 19:00:00,PUMP101.VIBRATION_RMS,2.089,mm/s,GOOD
2025-01-04 20:00:00,PUMP101.VIBRATION_RMS,3.288,mm/s,GOOD
2025-01-04 21:00:00,PUMP101.VIBRATION_RMS,2.469,mm/s,GOOD
2025-01-04 22:00:00,PUMP101.VIBRATION_RMS,2.563,mm/s,GOOD
2025-01-04 23:00:00,PUMP101.VIBRATION_RMS,2.33,mm/s,GOOD
2025-01-05 00:00:00,PUMP101.VIBRATION_RMS,2.055,mm/s,GOOD
2025-01-05 01:00:00,PUMP101.VIBRATION_RMS,1.766,mm/s,GOOD
2025-01-05 02:00:00,PUMP101.VIBRATION_RMS,2.816,mm/s,GOOD
2025-01-05 03:00:00,PUMP101.VIBRATION_RMS,2.108,mm/s,GOOD
2025-01-05 04:00:00,PUMP101.VIBRATION_RMS,4.03,mm/s,GOOD
2025-01-05 05:00:00,PUMP101.VIBRATION_RMS,1.957,mm/s,GOOD
2025-01-05 06:00:00,PUMP101.VIBRATION_RMS,1.871,mm/s,GOOD
2025-01-05 07:00:00,PUMP101.VIBRATION_RMS,2.755,mm/s,GOOD
2025-01-05 08:00:00,PUMP101.VIBRATION_RMS,3.265,mm/s,GOOD
2025-01-05 09:00:00,PUMP101.VIBRATION_RMS,2.532,mm/s,GOOD
2025-01-05 10:00:00,PUMP101.VIBRATION_RMS,2.786,mm/s,GOOD
2025-01-05 11:00:00,PUMP101.VIBRATION_RMS,1.578,mm/s,GOOD
2025-01-05 12:00:00,PUMP101.VIBRATION_RMS,2.161,mm/s,GOOD
2025-01-05 13:00:00,PUMP101.VIBRATION_RMS,1.963,mm/s,GOOD
2025-01-05 14:00:00,PUMP101.VIBRATION_RMS,1.552,mm/s,GOOD
2025-01-05 15:00:00,PUMP101.VIBRATION_RMS,2.558,mm/s,GOOD
2025-01-05 16:00:00,PUMP101.VIBRATION_RMS,1.379,mm/s,GOOD
2025-01-05 17:00:00,PUMP101.VIBRATION_RMS,1.839,mm/s,GOOD
2025-01-05 18:00:00,PUMP101.VIBRATION_RMS,2.231,mm/s,GOOD
2025-01-05 19:00:00,PUMP101.VIBRATION_RMS,2.084,mm/s,GOOD
2025-01-05 20:00:00,PUMP101.VIBRATION_RMS,2.698,mm/s,GOOD
2025-01-05 21:00:00,PUMP101.VIBRATION_RMS,2.653,mm/s,GOOD
2025-01-05 22:00:00,PUMP101.VIBRATION_RMS,2.947,mm/s,GOOD
2025-01-05 23:00:00,PUMP101.VIBRATION_RMS,2.876,mm/s,GOOD
2025-01-06 00:00:00,PUMP101.VIBRATION_RMS,3.07,mm/s,GOOD
2025-01-06 01:00:00,PUMP101.VIBRATION_RMS,2.499,mm/s,GOOD
2025-01-06 02:00:00,PUMP101.VIBRATION_RMS,2.652,mm/s,GOOD
2025-01-06 03:00:00,PUMP101.VIBRATION_RMS,2.756,mm/s,GOOD
2025-01-06 04:00:00,PUMP101.VIBRATION_RMS,2.571,mm/s,GOOD
2025-01-06 05:00:00,PUMP101.VIBRATION_RMS,2.301,mm/s,GOOD
2025-01-06 06:00:00,PUMP101.VIBRATION_RMS,2.334,mm/s,GOOD
2025-01-06 07:00:00,PUMP101.VIBRATION_RMS,2.091,mm/s,GOOD
2025-01-06 08:00:00,PUMP101.VIBRATION_RMS,2.711,mm/s,GOOD
2025-01-06 09:00:00,PUMP101.VIBRATION_RMS,2.453,mm/s,GOOD
2025-01-06 10:00:00,PUMP101.VIBRATION_RMS,2.168,mm/s,GOOD
2025-01-06 11:00:00,PUMP101.VIBRATION_RMS,2.169,mm/s,GOOD
2025-01-06 12:00:00,PUMP101.VIBRATION_RMS,1.895,mm/s,GOOD
2025-01-06 13:00:00,PUMP101.VIBRATION_RMS,2.989,mm/s,GOOD
2025-01-06 14:00:00,PUMP101.VIBRATION_RMS,2.539,mm/s,GOOD
2025-01-06 15:00:00,PUMP101.VIBRATION_RMS,2.069,mm/s,GOOD
2025-01-06 16:00:00,PUMP101.VIBRATION_RMS,2.904,mm/s,GOOD
2025-01-06 17:00:00,PUMP101.VIBRATION_RMS,2.22,mm/s,GOOD
2025-01-06 18:00:00,PUMP101.VIBRATION_RMS,1.797,mm/s,GOOD
2025-01-06 19:00:00,PUMP101.VIBRATION_RMS,3.011,mm/s,GOOD
2025-01-06 20:00:00,PUMP101.VIBRATION_RMS,2.231,mm/s,GOOD
2025-01-06 21:00:00,PUMP101.VIBRATION_RMS,2.296,mm/s,GOOD
2025-01-06 22:00:00,PUMP101.VIBRATION_RMS,2.521,mm/s,GOOD
2025-01-06 23:00:00,PUMP101.VIBRATION_RMS,3.071,mm/s,GOOD
2025-01-07 00:00:00,PUMP101.VIBRATION_RMS,2.51,mm/s,GOOD
2025-01-07 01:00:00,PUMP101.VIBRATION_RMS,1.9,mm/s,GOOD
2025-01-07 02:00:00,PUMP101.VIBRATION_RMS,2.772,mm/s,GOOD
2025-01-07 03:00:00,PUMP101.VIBRATION_RMS,2.258,mm/s,GOOD
2025-01-07 04:00:00,PUMP101.VIBRATION_RMS,3.444,mm/s,GOOD
2025-01-07 05:00:00,PUMP101.VIBRATION_RMS,2.499,mm/s,BAD
2025-01-07 06:00:00,PUMP101.VIBRATION_RMS,1.382,mm/s,GOOD
2025-01-07 07:00:00,PUMP101.VIBRATION_RMS,2.679,mm/s,GOOD
2025-01-07 08:00:00,PUMP101.VIBRATION_RMS,3.472,mm/s,GOOD
2025-01-07 09:00:00,PUMP101.VIBRATION_RMS,3.288,mm/s,GOOD
2025-01-07 10:00:00,PUMP101.VIBRATION_RMS,3.415,mm/s,GOOD
2025-01-07 11:00:00,PUMP101.VIBRATION_RMS,1.99,mm/s,GOOD
2025-01-07 12:00:00,PUMP101.VIBRATION_RMS,2.956,mm/s,GOOD
2025-01-07 13:00:00,PUMP101.VIBRATION_RMS,2.139,mm/s,GOOD
2025-01-07 14:00:00,PUMP101.VIBRATION_RMS,2.612,mm/s,GOOD
2025-01-07 15:00:00,PUMP101.VIBRATION_RMS,1.864,mm/s,GOOD
2025-01-07 16:00:00,PUMP101.VIBRATION_RMS,2.178,mm/s,GOOD
2025-01-07 17:00:00,PUMP101.VIBRATION_RMS,2.162,mm/s,GOOD
2025-01-07 18:00:00,PUMP101.VIBRATION_RMS,2.949,mm/s,GOOD
2025-01-07 19:00:00,PUMP101.VIBRATION_RMS,2.9,mm/s,GOOD
2025-01-07 20:00:00,PUMP101.VIBRATION_RMS,2.638,mm/s,BAD
2025-01-07 21:00:00,PUMP101.VIBRATION_RMS,1.825,mm/s,BAD
2025-01-07 22:00:00,PUMP101.VIBRATION_RMS,2.344,mm/s,GOOD
2025-01-07 23:00:00,PUMP101.VIBRATION_RMS,2.127,mm/s,GOOD
2025-01-08 00:00:00,PUMP101.VIBRATION_RMS,2.935,mm/s,GOOD
2025-01-08 01:00:00,PUMP101.VIBRATION_RMS,3.089,mm/s,GOOD
2025-01-08 02:00:00,PUMP101.VIBRATION_RMS,3.028,mm/s,GOOD
2025-01-08 03:00:00,PUMP101.VIBRATION_RMS,2.122,mm/s,GOOD
2025-01-08 04:00:00,PUMP101.VIBRATION_RMS,1.13,mm/s,GOOD
2025-01-08 05:00:00,PUMP101.VIBRATION_RMS,1.617,mm/s,GOOD
2025-01-08 06:00:00,PUMP101.VIBRATION_RMS,3.211,mm/s,GOOD
2025-01-08 07:00:00,PUMP101.VIBRATION_RMS,2.299,mm/s,GOOD
2025-01-08 08:00:00,PUMP101.VIBRATION_RMS,2.125,mm/s,GOOD
2025-01-08 09:00:00,PUMP101.VIBRATION_RMS,3.321,mm/s,GOOD
2025-01-08 10:00:00,PUMP101.VIBRATION_RMS,3.133,mm/s,GOOD
2025-01-08 11:00:00,PUMP101.VIBRATION_RMS,2.512,mm/s,GOOD
2025-01-08 12:00:00,PUMP101.VIBRATION_RMS,2.353,mm/s,GOOD
2025-01-08 13:00:00,PUMP101.VIBRATION_RMS,2.434,mm/s,GOOD
2025-01-08 14:00:00,PUMP101.VIBRATION_RMS,2.614,mm/s,GOOD
2025-01-08 15:00:00,PUMP101.VIBRATION_RMS,3.3,mm/s,GOOD
2025-01-08 16:00:00,PUMP101.VIBRATION_RMS,2.711,mm/s,GOOD
2025-01-08 17:00:00,PUMP101.VIBRATION_RMS,2.863,mm/s,GOOD
2025-01-08 18:00:00,PUMP101.VIBRATION_RMS,3.085,mm/s,GOOD
2025-01-08 19:00:00,PUMP101.VIBRATION_RMS,1.915,mm/s,GOOD
2025-01-08 20:00:00,PUMP101.VIBRATION_RMS,2.877,mm/s,GOOD
2025-01-08 21:00:00,PUMP101.VIBRATION_RMS,2.353,mm/s,GOOD
2025-01-08 22:00:00,PUMP101.VIBRATION_RMS,1.242,mm/s,GOOD
2025-01-08 23:00:00,PUMP101.VIBRATION_RMS,1.436,mm/s,GOOD
2025-01-09 00:00:00,PUMP101.VIBRATION_RMS,1.991,mm/s,GOOD
2025-01-09 01:00:00,PUMP101.VIBRATION_RMS,2.766,mm/s,GOOD
2025-01-09 02:00:00,PUMP101.VIBRATION_RMS,2.557,mm/s,GOOD
2025-01-09 03:00:00,PUMP101.VIBRATION_RMS,2.592,mm/s,GOOD
2025-01-09 04:00:00,PUMP101.VIBRATION_RMS,3.475,mm/s,GOOD
2025-01-09 05:00:00,PUMP101.VIBRATION_RMS,1.865,mm/s,GOOD
2025-01-09 06:00:00,PUMP101.VIBRATION_RMS,2.486,mm/s,GOOD
2025-01-09 07:00:00,PUMP101.VIBRATION_RMS,2.652,mm/s,GOOD
2025-01-09 08:00:00,PUMP101.VIBRATION_RMS,2.132,mm/s,GOOD
2025-01-09 09:00:00,PUMP101.VIBRATION_RMS,2.514,mm/s,GOOD
2025-01-09 10:00:00,PUMP101.VIBRATION_RMS,1.7,mm/s,GOOD
2025-01-09 11:00:00,PUMP101.VIBRATION_RMS,3.205,mm/s,GOOD
2025-01-09 12:00:00,PUMP101.VIBRATION_RMS,2.159,mm/s,GOOD
2025-01-09 13:00:00,PUMP101.VIBRATION_RMS,3.516,mm/s,GOOD
2025-01-09 14:00:00,PUMP101.VIBRATION_RMS,2.484,mm/s,GOOD
2025-01-09 15:00:00,PUMP101.VIBRATION_RMS,3.014,mm/s,GOOD
2025-01-09 16:00:00,PUMP101.VIBRATION_RMS,2.473,mm/s,GOOD
2025-01-09 17:00:00,PUMP101.VIBRATION_RMS,2.485,mm/s,GOOD
2025-01-09 18:00:00,PUMP101.VIBRATION_RMS,2.208,mm/s,GOOD
2025-01-09 19:00:00,PUMP101.VIBRATION_RMS,2.56,mm/s,GOOD
2025-01-09 20:00:00,PUMP101.VIBRATION_RMS,2.659,mm/s,GOOD
2025-01-09 21:00:00,PUMP101.VIBRATION_RMS,2.108,mm/s,GOOD
2025-01-09 22:00:00,PUMP101.VIBRATION_RMS,2.437,mm/s,GOOD
2025-01-09 23:00:00,PUMP101.VIBRATION_RMS,2.195,mm/s,GOOD
2025-01-10 00:00:00,PUMP101.VIBRATION_RMS,3.65,mm/s,GOOD
2025-01-10 01:00:00,PUMP101.VIBRATION_RMS,2.455,mm/s,GOOD
2025-01-10 02:00:00,PUMP101.VIBRATION_RMS,3.273,mm/s,GOOD
2025-01-10 03:00:00,PUMP101.VIBRATION_RMS,2.402,mm/s,GOOD
2025-01-10 04:00:00,PUMP101.VIBRATION_RMS,2.63,mm/s,GOOD
2025-01-10 05:00:00,PUMP101.VIBRATION_RMS,1.839,mm/s,GOOD
2025-01-10 06:00:00,PUMP101.VIBRATION_RMS,2.276,mm/s,GOOD
2025-01-10 07:00:00,PUMP101.VIBRATION_RMS,2.605,mm/s,GOOD
2025-01-10 08:00:00,PUMP101.VIBRATION_RMS,3.293,mm/s,GOOD
2025-01-10 09:00:00,PUMP101.VIBRATION_RMS,2.611,mm/s,GOOD
2025-01-10 10:00:00,PUMP101.VIBRATION_RMS,3.192,mm/s,GOOD
2025-01-10 11:00:00,PUMP101.VIBRATION_RMS,2.82,mm/s,GOOD
2025-01-10 12:00:00,PUMP101.VIBRATION_RMS,3.314,mm/s,GOOD
2025-01-10 13:00:00,PUMP101.VIBRATION_RMS,2.47,mm/s,GOOD
2025-01-10 14:00:00,PUMP101.VIBRATION_RMS,3.695,mm/s,GOOD
2025-01-10 15:00:00,PUMP101.VIBRATION_RMS,2.257,mm/s,GOOD
2025-01-10 16:00:00,PUMP101.VIBRATION_RMS,2.117,mm/s,GOOD
2025-01-10 17:00:00,PUMP101.VIBRATION_RMS,1.895,mm/s,GOOD
2025-01-10 18:00:00,PUMP101.VIBRATION_RMS,3.666,mm/s,GOOD
2025-01-10 19:00:00,PUMP101.VIBRATION_RMS,2.91,mm/s,GOOD
2025-01-10 20:00:00,PUMP101.VIBRATION_RMS,2.333,mm/s,GOOD
2025-01-10 21:00:00,PUMP101.VIBRATION_RMS,3.125,mm/s,GOOD
2025-01-10 22:00:00,PUMP101.VIBRATION_RMS,2.844,mm/s,GOOD
2025-01-10 23:00:00,PUMP101.VIBRATION_RMS,3.483,mm/s,GOOD
2025-01-11 00:00:00,PUMP101.VIBRATION_RMS,1.726,mm/s,GOOD
2025-01-11 01:00:00,PUMP101.VIBRATION_RMS,2.367,mm/s,GOOD
2025-01-11 02:00:00,PUMP101.VIBRATION_RMS,2.269,mm/s,GOOD
2025-01-11 03:00:00,PUMP101.VIBRATION_RMS,1.513,mm/s,GOOD
2025-01-11 04:00:00,PUMP101.VIBRATION_RMS,3.03,mm/s,GOOD
2025-01-11 05:00:00,PUMP101.VIBRATION_RMS,2.365,mm/s,GOOD
2025-01-11 06:00:00,PUMP101.VIBRATION_RMS,2.87,mm/s,GOOD
2025-01-11 07:00:00,PUMP101.VIBRATION_RMS,3.68,mm/s,BAD
2025-01-11 08:00:00,PUMP101.VIBRATION_RMS,2.323,mm/s,GOOD
2025-01-11 09:00:00,PUMP101.VIBRATION_RMS,2.289,mm/s,GOOD
2025-01-11 10:00:00,PUMP101.VIBRATION_RMS,2.559,mm/s,GOOD
2025-01-11 11:00:00,PUMP101.VIBRATION_RMS,2.994,mm/s,GOOD
2025-01-11 12:00:00,PUMP101.VIBRATION_RMS,2.217,mm/s,GOOD
2025-01-11 13:00:00,PUMP101.VIBRATION_RMS,2.185,mm/s,GOOD
2025-01-11 14:00:00,PUMP101.VIBRATION_RMS,3.029,mm/s,GOOD
2025-01-11 15:00:00,PUMP101.VIBRATION_RMS,2.689,mm/s,GOOD
2025-01-11 16:00:00,PUMP101.VIBRATION_RMS,1.478,mm/s,GOOD
2025-01-11 17:00:00,PUMP101.VIBRATION_RMS,1.887,mm/s,GOOD
2025-01-11 18:00:00,PUMP101.VIBRATION_RMS,3.251,mm/s,GOOD
2025-01-11 19:00:00,PUMP101.VIBRATION_RMS,2.701,mm/s,GOOD
2025-01-11 20:00:00,PUMP101.VIBRATION_RMS,2.119,mm/s,GOOD
2025-01-11 21:00:00,PUMP101.VIBRATION_RMS,2.415,mm/s,GOOD
2025-01-11 22:00:00,PUMP101.VIBRATION_RMS,2.507,mm/s,GOOD
2025-01-11 23:00:00,PUMP101.VIBRATION_RMS,2.868,mm/s,GOOD
2025-01-12 00:00:00,PUMP101.VIBRATION_RMS,1.821,mm/s,GOOD
2025-01-12 01:00:00,PUMP101.VIBRATION_RMS,2.08,mm/s,GOOD
2025-01-12 02:00:00,PUMP101.VIBRATION_RMS,2.636,mm/s,GOOD
2025-01-12 03:00:00,PUMP101.VIBRATION_RMS,2.45,mm/s,GOOD
2025-01-12 04:00:00,PUMP101.VIBRATION_RMS,2.786,mm/s,GOOD
2025-01-12 05:00:00,PUMP101.VIBRATION_RMS,1.885,mm/s,GOOD
2025-01-12 06:00:00,PUMP101.VIBRATION_RMS,2.679,mm/s,GOOD
2025-01-12 07:00:00,PUMP101.VIBRATION_RMS,3.046,mm/s,GOOD
2025-01-12 08:00:00,PUMP101.VIBRATION_RMS,2.743,mm/s,GOOD
2025-01-12 09:00:00,PUMP101.VIBRATION_RMS,2.57,mm/s,GOOD
2025-01-12 10:00:00,PUMP101.VIBRATION_RMS,2.452,mm/s,GOOD
2025-01-12 11:00:00,PUMP101.VIBRATION_RMS,2.083,mm/s,GOOD
2025-01-12 12:00:00,PUMP101.VIBRATION_RMS,2.464,mm/s,GOOD
2025-01-12 13:00:00,PUMP101.VIBRATION_RMS,3.13,mm/s,GOOD
2025-01-12 14:00:00,PUMP101.VIBRATION_RMS,2.44,mm/s,GOOD
2025-01-12 15:00:00,PUMP101.VIBRATION_RMS,2.055,mm/s,GOOD
2025-01-12 16:00:00,PUMP101.VIBRATION_RMS,2.254,mm/s,GOOD
2025-01-12 17:00:00,PUMP101.VIBRATION_RMS,2.6,mm/s,GOOD
2025-01-12 18:00:00,PUMP101.VIBRATION_RMS,2.313,mm/s,GOOD
2025-01-12 19:00:00,PUMP101.VIBRATION_RMS,2.743,mm/s,GOOD
2025-01-12 20:00:00,PUMP101.VIBRATION_RMS,2.761,mm/s,GOOD
2025-01-12 21:00:00,PUMP101.VIBRATION_RMS,2.944,mm/s,GOOD
2025-01-12 22:00:00,PUMP101.VIBRATION_RMS,3.212,mm/s,GOOD
2025-01-12 23:00:00,PUMP101.VIBRATION_RMS,2.998,mm/s,GOOD
2025-01-13 00:00:00,PUMP101.VIBRATION_RMS,2.033,mm/s,GOOD
2025-01-13 01:00:00,PUMP101.VIBRATION_RMS,2.048,mm/s,GOOD
2025-01-13 02:00:00,PUMP101.VIBRATION_RMS,2.462,mm/s,GOOD
2025-01-13 03:00:00,PUMP101.VIBRATION_RMS,2.274,mm/s,GOOD
2025-01-13 04:00:00,PUMP101.VIBRATION_RMS,1.931,mm/s,GOOD
2025-01-13 05:00:00,PUMP101.VIBRATION_RMS,2.279,mm/s,GOOD
2025-01-13 06:00:00,PUMP101.VIBRATION_RMS,2.263,mm/s,GOOD
2025-01-13 07:00:00,PUMP101.VIBRATION_RMS,2.164,mm/s,GOOD
2025-01-13 08:00:00,PUMP101.VIBRATION_RMS,2.342,mm/s,GOOD
2025-01-13 09:00:00,PUMP101.VIBRATION_RMS,3.089,mm/s,GOOD
2025-01-13 10:00:00,PUMP101.VIBRATION_RMS,2.6,mm/s,GOOD
2025-01-13 11:00:00,PUMP101.VIBRATION_RMS,3.736,mm/s,BAD
2025-01-13 12:00:00,PUMP101.VIBRATION_RMS,2.585,mm/s,GOOD
2025-01-13 13:00:00,PUMP101.VIBRATION_RMS,2.355,mm/s,GOOD
2025-01-13 14:00:00,PUMP101.VIBRATION_RMS,2.502,mm/s,GOOD
2025-01-13 15:00:00,PUMP101.VIBRATION_RMS,2.628,mm/s,GOOD
2025-01-13 16:00:00,PUMP101.VIBRATION_RMS,2.718,mm/s,GOOD
2025-01-13 17:00:00,PUMP101.VIBRATION_RMS,3.538,mm/s,GOOD
2025-01-13 18:00:00,PUMP101.VIBRATION_RMS,2.077,mm/s,GOOD
2025-01-13 19:00:00,PUMP101.VIBRATION_RMS,2.93,mm/s,GOOD
2025-01-13 20:00:00,PUMP101.VIBRATION_RMS,2.604,mm/s,GOOD
2025-01-13 21:00:00,PUMP101.VIBRATION_RMS,1.714,mm/s,GOOD
2025-01-13 22:00:00,PUMP101.VIBRATION_RMS,2.885,mm/s,GOOD
2025-01-13 23:00:00,PUMP101.VIBRATION_RMS,3.134,mm/s,GOOD
2025-01-14 00:00:00,PUMP101.VIBRATION_RMS,2.071,mm/s,GOOD
2025-01-14 01:00:00,PUMP101.VIBRATION_RMS,2.496,mm/s,GOOD
2025-01-14 02:00:00,PUMP101.VIBRATION_RMS,1.637,mm/s,GOOD
2025-01-14 03:00:00,PUMP101.VIBRATION_RMS,1.871,mm/s,GOOD
2025-01-14 04:00:00,PUMP101.VIBRATION_RMS,3.024,mm/s,GOOD
2025-01-14 05:00:00,PUMP101.VIBRATION_RMS,2.267,mm/s,GOOD
2025-01-14 06:00:00,PUMP101.VIBRATION_RMS,1.946,mm/s,GOOD
2025-01-14 07:00:00,PUMP101.VIBRATION_RMS,2.615,mm/s,GOOD
2025-01-14 08:00:00,PUMP101.VIBRATION_RMS,2.239,mm/s,GOOD
2025-01-14 09:00:00,PUMP101.VIBRATION_RMS,2.265,mm/s,GOOD
2025-01-14 10:00:00,PUMP101.VIBRATION_RMS,2.87,mm/s,GOOD
2025-01-14 11:00:00,PUMP101.VIBRATION_RMS,1.919,mm/s,GOOD
2025-01-14 12:00:00,PUMP101.VIBRATION_RMS,2.047,mm/s,GOOD
2025-01-14 13:00:00,PUMP101.VIBRATION_RMS,2.577,mm/s,GOOD
2025-01-14 14:00:00,PUMP101.VIBRATION_RMS,2.985,mm/s,GOOD
2025-01-14 15:00:00,PUMP101.VIBRATION_RMS,3.119,mm/s,GOOD
2025-01-14 16:00:00,PUMP101.VIBRATION_RMS,2.167,mm/s,GOOD
2025-01-14 17:00:00,PUMP101.VIBRATION_RMS,2.969,mm/s,GOOD
2025-01-14 18:00:00,PUMP101.VIBRATION_RMS,2.108,mm/s,GOOD
2025-01-14 19:00:00,PUMP101.VIBRATION_RMS,3.413,mm/s,GOOD
2025-01-14 20:00:00,PUMP101.VIBRATION_RMS,1.933,mm/s,GOOD
2025-01-14 21:00:00,PUMP101.VIBRATION_RMS,3.164,mm/s,GOOD
2025-01-14 22:00:00,PUMP101.VIBRATION_RMS,2.172,mm/s,GOOD
2025-01-14 23:00:00,PUMP101.VIBRATION_RMS,3.507,mm/s,GOOD
2025-01-15 00:00:00,PUMP101.VIBRATION_RMS,2.796,mm/s,GOOD
2025-01-15 01:00:00,PUMP101.VIBRATION_RMS,1.992,mm/s,GOOD
2025-01-15 02:00:00,PUMP101.VIBRATION_RMS,2.239,mm/s,GOOD
2025-01-15 03:00:00,PUMP101.VIBRATION_RMS,2.891,mm/s,GOOD
2025-01-15 04:00:00,PUMP101.VIBRATION_RMS,3.026,mm/s,GOOD
2025-01-15 05:00:00,PUMP101.VIBRATION_RMS,2.465,mm/s,GOOD
2025-01-15 06:00:00,PUMP101.VIBRATION_RMS,2.522,mm/s,GOOD
2025-01-15 07:00:00,PUMP101.VIBRATION_RMS,2.879,mm/s,GOOD
2025-01-15 08:00:00,PUMP101.VIBRATION_RMS,2.566,mm/s,GOOD
2025-01-15 09:00:00,PUMP101.VIBRATION_RMS,1.853,mm/s,GOOD
2025-01-15 10:00:00,PUMP101.VIBRATION_RMS,2.094,mm/s,GOOD
2025-01-15 11:00:00,PUMP101.VIBRATION_RMS,2.618,mm/s,GOOD
2025-01-15 12:00:00,PUMP101.VIBRATION_RMS,3.108,mm/s,GOOD
2025-01-15 13:00:00,PUMP101.VIBRATION_RMS,3.308,mm/s,GOOD
2025-01-15 14:00:00,PUMP101.VIBRATION_RMS,2.89,mm/s,GOOD
2025-01-15 15:00:00,PUMP101.VIBRATION_RMS,2.644,mm/s,GOOD
2025-01-15 16:00:00,PUMP101.VIBRATION_RMS,2.874,mm/s,GOOD
2025-01-15 17:00:00,PUMP101.VIBRATION_RMS,2.167,mm/s,GOOD
2025-01-15 18:00:00,PUMP101.VIBRATION_RMS,2.423,mm/s,GOOD
2025-01-15 19:00:00,PUMP101.VIBRATION_RMS,2.088,mm/s,GOOD
2025-01-15 20:00:00,PUMP101.VIBRATION_RMS,1.876,mm/s,GOOD
2025-01-15 21:00:00,PUMP101.VIBRATION_RMS,2.667,mm/s,GOOD
2025-01-15 22:00:00,PUMP101.VIBRATION_RMS,2.593,mm/s,GOOD
2025-01-15 23:00:00,PUMP101.VIBRATION_RMS,2.844,mm/s,GOOD
2025-01-16 00:00:00,PUMP101.VIBRATION_RMS,2.773,mm/s,GOOD
2025-01-16 01:00:00,PUMP101.VIBRATION_RMS,2.621,mm/s,GOOD
2025-01-16 02:00:00,PUMP101.VIBRATION_RMS,2.778,mm/s,GOOD
2025-01-16 03:00:00,PUMP101.VIBRATION_RMS,2.479,mm/s,GOOD
2025-01-16 04:00:00,PUMP101.VIBRATION_RMS,2.706,mm/s,GOOD
2025-01-16 05:00:00,PUMP101.VIBRATION_RMS,2.137,mm/s,GOOD
2025-01-16 06:00:00,PUMP101.VIBRATION_RMS,2.685,mm/s,GOOD
2025-01-16 07:00:00,PUMP101.VIBRATION_RMS,2.834,mm/s,GOOD
2025-01-16 08:00:00,PUMP101.VIBRATION_RMS,2.165,mm/s,GOOD
2025-01-16 09:00:00,PUMP101.VIBRATION_RMS,2.526,mm/s,GOOD
2025-01-16 10:00:00,PUMP101.VIBRATION_RMS,2.188,mm/s,GOOD
2025-01-16 11:00:00,PUMP101.VIBRATION_RMS,2.237,mm/s,GOOD
2025-01-16 12:00:00,PUMP101.VIBRATION_RMS,1.938,mm/s,GOOD
2025-01-16 13:00:00,PUMP101.VIBRATION_RMS,3.133,mm/s,GOOD
2025-01-16 14:00:00,PUMP101.VIBRATION_RMS,3.033,mm/s,GOOD
2025-01-16 15:00:00,PUMP101.VIBRATION_RMS,2.769,mm/s,GOOD
2025-01-16 16:00:00,PUMP101.VIBRATION_RMS,3.486,mm/s,GOOD
2025-01-16 17:00:00,PUMP101.VIBRATION_RMS,2.405,mm/s,GOOD
2025-01-16 18:00:00,PUMP101.VIBRATION_RMS,4.016,mm/s,GOOD
2025-01-16 19:00:00,PUMP101.VIBRATION_RMS,2.386,mm/s,GOOD
2025-01-16 20:00:00,PUMP101.VIBRATION_RMS,2.628,mm/s,GOOD
2025-01-16 21:00:00,PUMP101.VIBRATION_RMS,2.301,mm/s,GOOD
2025-01-16 22:00:00,PUMP101.VIBRATION_RMS,2.686,mm/s,GOOD
2025-01-16 23:00:00,PUMP101.VIBRATION_RMS,2.918,mm/s,GOOD
2025-01-17 00:00:00,PUMP101.VIBRATION_RMS,2.443,mm/s,GOOD
2025-01-17 01:00:00,PUMP101.VIBRATION_RMS,3.388,mm/s,GOOD
2025-01-17 02:00:00,PUMP101.VIBRATION_RMS,2.62,mm/s,GOOD
2025-01-17 03:00:00,PUMP101.VIBRATION_RMS,2.635,mm/s,GOOD
2025-01-17 04:00:00,PUMP101.VIBRATION_RMS,2.046,mm/s,BAD
2025-01-17 05:00:00,PUMP101.VIBRATION_RMS,2.709,mm/s,GOOD
2025-01-17 06:00:00,PUMP101.VIBRATION_RMS,2.433,mm/s,GOOD
2025-01-17 07:00:00,PUMP101.VIBRATION_RMS,2.196,mm/s,GOOD
2025-01-17 08:00:00,PUMP101.VIBRATION_RMS,2.112,mm/s,GOOD
2025-01-17 09:00:00,PUMP101.VIBRATION_RMS,3.836,mm/s,GOOD
2025-01-17 10:00:00,PUMP101.VIBRATION_RMS,2.368,mm/s,GOOD
2025-01-17 11:00:00,PUMP101.VIBRATION_RMS,1.772,mm/s,GOOD
2025-01-17 12:00:00,PUMP101.VIBRATION_RMS,2.151,mm/s,GOOD
2025-01-17 13:00:00,PUMP101.VIBRATION_RMS,2.474,mm/s,GOOD
2025-01-17 14:00:00,PUMP101.VIBRATION_RMS,2.773,mm/s,GOOD
2025-01-17 15:00:00,PUMP101.VIBRATION_RMS,2.777,mm/s,GOOD
2025-01-17 16:00:00,PUMP101.VIBRATION_RMS,2.838,mm/s,GOOD
2025-01-17 17:00:00,PUMP101.VIBRATION_RMS,2.178,mm/s,GOOD
2025-01-17 18:00:00,PUMP101.VIBRATION_RMS,2.67,mm/s,GOOD
2025-01-17 19:00:00,PUMP101.VIBRATION_RMS,2.062,mm/s,GOOD
2025-01-17 20:00:00,PUMP101.VIBRATION_RMS,2.19,mm/s,GOOD
2025-01-17 21:00:00,PUMP101.VIBRATION_RMS,2.041,mm/s,GOOD
2025-01-17 22:00:00,PUMP101.VIBRATION_RMS,1.906,mm/s,GOOD
2025-01-17 23:00:00,PUMP101.VIBRATION_RMS,3.032,mm/s,GOOD
2025-01-18 00:00:00,PUMP101.VIBRATION_RMS,2.844,mm/s,GOOD
2025-01-18 01:00:00,PUMP101.VIBRATION_RMS,2.988,mm/s,GOOD
2025-01-18 02:00:00,PUMP101.VIBRATION_RMS,2.52,mm/s,GOOD
2025-01-18 03:00:00,PUMP101.VIBRATION_RMS,2.888,mm/s,GOOD
2025-01-18 04:00:00,PUMP101.VIBRATION_RMS,1.619,mm/s,GOOD
2025-01-18 05:00:00,PUMP101.VIBRATION_RMS,2.932,mm/s,GOOD
2025-01-18 06:00:00,PUMP101.VIBRATION_RMS,2.589,mm/s,GOOD
2025-01-18 07:00:00,PUMP101.VIBRATION_RMS,2.814,mm/s,GOOD
2025-01-18 08:00:00,PUMP101.VIBRATION_RMS,2.69,mm/s,GOOD
2025-01-18 09:00:00,PUMP101.VIBRATION_RMS,2.006,mm/s,GOOD
2025-01-18 10:00:00,PUMP101.VIBRATION_RMS,1.751,mm/s,GOOD
2025-01-18 11:00:00,PUMP101.VIBRATION_RMS,2.144,mm/s,GOOD
2025-01-18 12:00:00,PUMP101.VIBRATION_RMS,2.782,mm/s,GOOD
2025-01-18 13:00:00,PUMP101.VIBRATION_RMS,2.845,mm/s,GOOD
2025-01-18 14:00:00,PUMP101.VIBRATION_RMS,1.816,mm/s,GOOD
2025-01-18 15:00:00,PUMP101.VIBRATION_RMS,2.009,mm/s,GOOD
2025-01-18 16:00:00,PUMP101.VIBRATION_RMS,2.138,mm/s,GOOD
2025-01-18 17:00:00,PUMP101.VIBRATION_RMS,2.321,mm/s,GOOD
2025-01-18 18:00:00,PUMP101.VIBRATION_RMS,1.819,mm/s,GOOD
2025-01-18 19:00:00,PUMP101.VIBRATION_RMS,1.789,mm/s,GOOD
2025-01-18 20:00:00,PUMP101.VIBRATION_RMS,2.089,mm/s,GOOD
2025-01-18 21:00:00,PUMP101.VIBRATION_RMS,2.543,mm/s,GOOD
2025-01-18 22:00:00,PUMP101.VIBRATION_RMS,1.91,mm/s,GOOD
2025-01-18 23:00:00,PUMP101.VIBRATION_RMS,2.442,mm/s,GOOD
2025-01-19 00:00:00,PUMP101.VIBRATION_RMS,3.029,mm/s,GOOD
2025-01-19 01:00:00,PUMP101.VIBRATION_RMS,1.849,mm/s,GOOD
2025-01-19 02:00:00,PUMP101.VIBRATION_RMS,2.397,mm/s,GOOD
2025-01-19 03:00:00,PUMP101.VIBRATION_RMS,3.012,mm/s,GOOD
2025-01-19 04:00:00,PUMP101.VIBRATION_RMS,2.291,mm/s,GOOD
2025-01-19 05:00:00,PUMP101.VIBRATION_RMS,2.213,mm/s,GOOD
2025-01-19 06:00:00,PUMP101.VIBRATION_RMS,3.082,mm/s,GOOD
2025-01-19 07:00:00,PUMP101.VIBRATION_RMS,2.347,mm/s,GOOD
2025-01-19 08:00:00,PUMP101.VIBRATION_RMS,3.052,mm/s,GOOD
2025-01-19 09:00:00,PUMP101.VIBRATION_RMS,2.714,mm/s,GOOD
2025-01-19 10:00:00,PUMP101.VIBRATION_RMS,2.329,mm/s,GOOD
2025-01-19 11:00:00,PUMP101.VIBRATION_RMS,2.74,mm/s,GOOD
2025-01-19 12:00:00,PUMP101.VIBRATION_RMS,2.66,mm/s,GOOD
2025-01-19 13:00:00,PUMP101.VIBRATION_RMS,3.01,mm/s,GOOD
2025-01-19 14:00:00,PUMP101.VIBRATION_RMS,2.226,mm/s,GOOD
2025-01-19 15:00:00,PUMP101.VIBRATION_RMS,2.521,mm/s,GOOD
2025-01-19 16:00:00,PUMP101.VIBRATION_RMS,2.469,mm/s,GOOD
2025-01-19 17:00:00,PUMP101.VIBRATION_RMS,2.852,mm/s,GOOD
2025-01-19 18:00:00,PUMP101.VIBRATION_RMS,1.987,mm/s,GOOD
2025-01-19 19:00:00,PUMP101.VIBRATION_RMS,3.008,mm/s,GOOD
2025-01-19 20:00:00,PUMP101.VIBRATION_RMS,2.733,mm/s,GOOD
2025-01-19 21:00:00,PUMP101.VIBRATION_RMS,1.842,mm/s,GOOD
2025-01-19 22:00:00,PUMP101.VIBRATION_RMS,3.104,mm/s,GOOD
2025-01-19 23:00:00,PUMP101.VIBRATION_RMS,3.617,mm/s,GOOD
2025-01-20 00:00:00,PUMP101.VIBRATION_RMS,3.001,mm/s,GOOD
2025-01-20 01:00:00,PUMP101.VIBRATION_RMS,3.213,mm/s,GOOD
2025-01-20 02:00:00,PUMP101.VIBRATION_RMS,2.543,mm/s,GOOD
2025-01-20 03:00:00,PUMP101.VIBRATION_RMS,1.669,mm/s,GOOD
2025-01-20 04:00:00,PUMP101.VIBRATION_RMS,1.578,mm/s,GOOD
2025-01-20 05:00:00,PUMP101.VIBRATION_RMS,2.628,mm/s,GOOD
2025-01-20 06:00:00,PUMP101.VIBRATION_RMS,2.204,mm/s,GOOD
2025-01-20 07:00:00,PUMP101.VIBRATION_RMS,2.043,mm/s,GOOD
2025-01-20 08:00:00,PUMP101.VIBRATION_RMS,2.469,mm/s,GOOD
2025-01-20 09:00:00,PUMP101.VIBRATION_RMS,2.808,mm/s,GOOD
2025-01-20 10:00:00,PUMP101.VIBRATION_RMS,1.774,mm/s,GOOD
2025-01-20 11:00:00,PUMP101.VIBRATION_RMS,2.276,mm/s,GOOD
2025-01-20 12:00:00,PUMP101.VIBRATION_RMS,3.255,mm/s,GOOD
2025-01-20 13:00:00,PUMP101.VIBRATION_RMS,1.962,mm/s,GOOD
2025-01-20 14:00:00,PUMP101.VIBRATION_RMS,2.935,mm/s,GOOD
2025-01-20 15:00:00,PUMP101.VIBRATION_RMS,2.258,mm/s,GOOD
2025-01-20 16:00:00,PUMP101.VIBRATION_RMS,2.773,mm/s,GOOD
2025-01-20 17:00:00,PUMP101.VIBRATION_RMS,3.049,mm/s,GOOD
2025-01-20 18:00:00,PUMP101.VIBRATION_RMS,2.871,mm/s,GOOD
2025-01-20 19:00:00,PUMP101.VIBRATION_RMS,2.955,mm/s,GOOD
2025-01-20 20:00:00,PUMP101.VIBRATION_RMS,1.924,mm/s,GOOD
2025-01-20 21:00:00,PUMP101.VIBRATION_RMS,3.057,mm/s,GOOD
2025-01-20 22:00:00,PUMP101.VIBRATION_RMS,2.074,mm/s,GOOD
2025-01-20 23:00:00,PUMP101.VIBRATION_RMS,2.63,mm/s,GOOD
2025-01-21 00:00:00,PUMP101.VIBRATION_RMS,2.629,mm/s,GOOD
2025-01-21 01:00:00,PUMP101.VIBRATION_RMS,2.743,mm/s,GOOD
2025-01-21 02:00:00,PUMP101.VIBRATION_RMS,2.668,mm/s,GOOD
2025-01-21 03:00:00,PUMP101.VIBRATION_RMS,2.078,mm/s,GOOD
2025-01-21 04:00:00,PUMP101.VIBRATION_RMS,1.825,mm/s,GOOD
2025-01-21 05:00:00,PUMP101.VIBRATION_RMS,2.936,mm/s,GOOD
2025-01-21 06:00:00,PUMP101.VIBRATION_RMS,2.593,mm/s,GOOD
2025-01-21 07:00:00,PUMP101.VIBRATION_RMS,3.075,mm/s,GOOD
2025-01-21 08:00:00,PUMP101.VIBRATION_RMS,2.478,mm/s,GOOD
2025-01-21 09:00:00,PUMP101.VIBRATION_RMS,1.797,mm/s,GOOD
2025-01-21 10:00:00,PUMP101.VIBRATION_RMS,2.983,mm/s,GOOD
2025-01-21 11:00:00,PUMP101.VIBRATION_RMS,2.315,mm/s,GOOD
2025-01-21 12:00:00,PUMP101.VIBRATION_RMS,2.671,mm/s,GOOD
2025-01-21 13:00:00,PUMP101.VIBRATION_RMS,2.176,mm/s,GOOD
2025-01-21 14:00:00,PUMP101.VIBRATION_RMS,3.322,mm/s,GOOD
2025-01-21 15:00:00,PUMP101.VIBRATION_RMS,2.062,mm/s,GOOD
2025-01-21 16:00:00,PUMP101.VIBRATION_RMS,2.331,mm/s,GOOD
2025-01-21 17:00:00,PUMP101.VIBRATION_RMS,2.554,mm/s,GOOD
2025-01-21 18:00:00,PUMP101.VIBRATION_RMS,1.954,mm/s,GOOD
2025-01-21 19:00:00,PUMP101.VIBRATION_RMS,2.665,mm/s,GOOD
2025-01-21 20:00:00,PUMP101.VIBRATION_RMS,3.306,mm/s,GOOD
2025-01-21 21:00:00,PUMP101.VIBRATION_RMS,2.255,mm/s,GOOD
2025-01-21 22:00:00,PUMP101.VIBRATION_RMS,2.698,mm/s,GOOD
2025-01-21 23:00:00,PUMP101.VIBRATION_RMS,1.125,mm/s,GOOD
2025-01-22 00:00:00,PUMP101.VIBRATION_RMS,2.481,mm/s,GOOD
2025-01-22 01:00:00,PUMP101.VIBRATION_RMS,2.343,mm/s,GOOD
2025-01-22 02:00:00,PUMP101.VIBRATION_RMS,2.091,mm/s,GOOD
2025-01-22 03:00:00,PUMP101.VIBRATION_RMS,3.041,mm/s,GOOD
2025-01-22 04:00:00,PUMP101.VIBRATION_RMS,2.337,mm/s,GOOD
2025-01-22 05:00:00,PUMP101.VIBRATION_RMS,2.411,mm/s,GOOD
2025-01-22 06:00:00,PUMP101.VIBRATION_RMS,2.311,mm/s,GOOD
2025-01-22 07:00:00,PUMP101.VIBRATION_RMS,1.542,mm/s,GOOD
2025-01-22 08:00:00,PUMP101.VIBRATION_RMS,1.934,mm/s,GOOD
2025-01-22 09:00:00,PUMP101.VIBRATION_RMS,2.981,mm/s,GOOD
2025-01-22 10:00:00,PUMP101.VIBRATION_RMS,1.445,mm/s,GOOD
2025-01-22 11:00:00,PUMP101.VIBRATION_RMS,2.117,mm/s,GOOD
2025-01-22 12:00:00,PUMP101.VIBRATION_RMS,2.3,mm/s,GOOD
2025-01-22 13:00:00,PUMP101.VIBRATION_RMS,3.372,mm/s,GOOD
2025-01-22 14:00:00,PUMP101.VIBRATION_RMS,2.884,mm/s,GOOD
2025-01-22 15:00:00,PUMP101.VIBRATION_RMS,2.221,mm/s,BAD
2025-01-22 16:00:00,PUMP101.VIBRATION_RMS,3.152,mm/s,GOOD
2025-01-22 17:00:00,PUMP101.VIBRATION_RMS,2.13,mm/s,BAD
2025-01-22 18:00:00,PUMP101.VIBRATION_RMS,3.005,mm/s,GOOD
2025-01-22 19:00:00,PUMP101.VIBRATION_RMS,1.821,mm/s,GOOD
2025-01-22 20:00:00,PUMP101.VIBRATION_RMS,3.037,mm/s,GOOD
2025-01-22 21:00:00,PUMP101.VIBRATION_RMS,2.297,mm/s,GOOD
2025-01-22 22:00:00,PUMP101.VIBRATION_RMS,1.986,mm/s,GOOD
2025-01-22 23:00:00,PUMP101.VIBRATION_RMS,2.391,mm/s,GOOD
2025-01-23 00:00:00,PUMP101.VIBRATION_RMS,2.639,mm/s,GOOD
2025-01-23 01:00:00,PUMP101.VIBRATION_RMS,2.253,mm/s,GOOD
2025-01-23 02:00:00,PUMP101.VIBRATION_RMS,2.777,mm/s,GOOD
2025-01-23 03:00:00,PUMP101.VIBRATION_RMS,2.209,mm/s,GOOD
2025-01-23 04:00:00,PUMP101.VIBRATION_RMS,2.81,mm/s,GOOD
2025-01-23 05:00:00,PUMP101.VIBRATION_RMS,2.721,mm/s,GOOD
2025-01-23 06:00:00,PUMP101.VIBRATION_RMS,2.47,mm/s,GOOD
2025-01-23 07:00:00,PUMP101.VIBRATION_RMS,2.279,mm/s,GOOD
2025-01-23 08:00:00,PUMP101.VIBRATION_RMS,2.576,mm/s,GOOD
2025-01-23 09:00:00,PUMP101.VIBRATION_RMS,2.775,mm/s,GOOD
2025-01-23 10:00:00,PUMP101.VIBRATION_RMS,3.531,mm/s,BAD
2025-01-23 11:00:00,PUMP101.VIBRATION_RMS,2.97,mm/s,GOOD
2025-01-23 12:00:00,PUMP101.VIBRATION_RMS,2.988,mm/s,GOOD
2025-01-23 13:00:00,PUMP101.VIBRATION_RMS,4.044,mm/s,GOOD
2025-01-23 14:00:00,PUMP101.VIBRATION_RMS,2.758,mm/s,GOOD
2025-01-23 15:00:00,PUMP101.VIBRATION_RMS,2.742,mm/s,GOOD
2025-01-23 16:00:00,PUMP101.VIBRATION_RMS,2.852,mm/s,GOOD
2025-01-23 17:00:00,PUMP101.VIBRATION_RMS,1.996,mm/s,GOOD
2025-01-23 18:00:00,PUMP101.VIBRATION_RMS,2.278,mm/s,GOOD
2025-01-23 19:00:00,PUMP101.VIBRATION_RMS,2.247,mm/s,GOOD
2025-01-23 20:00:00,PUMP101.VIBRATION_RMS,2.824,mm/s,GOOD
2025-01-23 21:00:00,PUMP101.VIBRATION_RMS,2.413,mm/s,GOOD
2025-01-23 22:00:00,PUMP101.VIBRATION_RMS,2.569,mm/s,GOOD
2025-01-23 23:00:00,PUMP101.VIBRATION_RMS,3.044,mm/s,GOOD
2025-01-24 00:00:00,PUMP101.VIBRATION_RMS,2.932,mm/s,GOOD
2025-01-24 01:00:00,PUMP101.VIBRATION_RMS,2.419,mm/s,GOOD
2025-01-24 02:00:00,PUMP101.VIBRATION_RMS,2.165,mm/s,GOOD
2025-01-24 03:00:00,PUMP101.VIBRATION_RMS,3.068,mm/s,GOOD
2025-01-24 04:00:00,PUMP101.VIBRATION_RMS,2.887,mm/s,GOOD
2025-01-24 05:00:00,PUMP101.VIBRATION_RMS,1.697,mm/s,GOOD
2025-01-24 06:00:00,PUMP101.VIBRATION_RMS,2.343,mm/s,GOOD
2025-01-24 07:00:00,PUMP101.VIBRATION_RMS,2.583,mm/s,GOOD
2025-01-24 08:00:00,PUMP101.VIBRATION_RMS,2.889,mm/s,GOOD
2025-01-24 09:00:00,PUMP101.VIBRATION_RMS,2.955,mm/s,GOOD
2025-01-24 10:00:00,PUMP101.VIBRATION_RMS,2.642,mm/s,BAD
2025-01-24 11:00:00,PUMP101.VIBRATION_RMS,2.793,mm/s,GOOD
2025-01-24 12:00:00,PUMP101.VIBRATION_RMS,2.532,mm/s,GOOD
2025-01-24 13:00:00,PUMP101.VIBRATION_RMS,2.163,mm/s,GOOD
2025-01-24 14:00:00,PUMP101.VIBRATION_RMS,2.369,mm/s,GOOD
2025-01-24 15:00:00,PUMP101.VIBRATION_RMS,2.509,mm/s,GOOD
2025-01-24 16:00:00,PUMP101.VIBRATION_RMS,2.483,mm/s,GOOD
2025-01-24 17:00:00,PUMP101.VIBRATION_RMS,1.557,mm/s,GOOD
2025-01-24 18:00:00,PUMP101.VIBRATION_RMS,2.301,mm/s,GOOD
2025-01-24 19:00:00,PUMP101.VIBRATION_RMS,2.528,mm/s,GOOD
2025-01-24 20:00:00,PUMP101.VIBRATION_RMS,2.359,mm/s,GOOD
2025-01-24 21:00:00,PUMP101.VIBRATION_RMS,2.377,mm/s,GOOD
2025-01-24 22:00:00,PUMP101.VIBRATION_RMS,2.744,mm/s,GOOD
2025-01-24 23:00:00,PUMP101.VIBRATION_RMS,1.961,mm/s,GOOD
2025-01-25 00:00:00,PUMP101.VIBRATION_RMS,1.686,mm/s,GOOD
2025-01-25 01:00:00,PUMP101.VIBRATION_RMS,2.326,mm/s,GOOD
2025-01-25 02:00:00,PUMP101.VIBRATION_RMS,2.882,mm/s,GOOD
2025-01-25 03:00:00,PUMP101.VIBRATION_RMS,3.344,mm/s,GOOD
2025-01-25 04:00:00,PUMP101.VIBRATION_RMS,2.891,mm/s,GOOD
2025-01-25 05:00:00,PUMP101.VIBRATION_RMS,1.766,mm/s,GOOD
2025-01-25 06:00:00,PUMP101.VIBRATION_RMS,2.384,mm/s,GOOD
2025-01-25 07:00:00,PUMP101.VIBRATION_RMS,2.628,mm/s,GOOD
2025-01-25 08:00:00,PUMP101.VIBRATION_RMS,2.589,mm/s,BAD
2025-01-25 09:00:00,PUMP101.VIBRATION_RMS,2.77,mm/s,GOOD
2025-01-25 10:00:00,PUMP101.VIBRATION_RMS,2.041,mm/s,GOOD
2025-01-25 11:00:00,PUMP101.VIBRATION_RMS,2.532,mm/s,GOOD
2025-01-25 12:00:00,PUMP101.VIBRATION_RMS,2.71,mm/s,GOOD
2025-01-25 13:00:00,PUMP101.VIBRATION_RMS,2.913,mm/s,GOOD
2025-01-25 14:00:00,PUMP101.VIBRATION_RMS,2.097,mm/s,GOOD
2025-01-25 15:00:00,PUMP101.VIBRATION_RMS,2.327,mm/s,GOOD
2025-01-25 16:00:00,PUMP101.VIBRATION_RMS,1.148,mm/s,GOOD
2025-01-25 17:00:00,PUMP101.VIBRATION_RMS,2.189,mm/s,GOOD
2025-01-25 18:00:00,PUMP101.VIBRATION_RMS,2.238,mm/s,GOOD
2025-01-25 19:00:00,PUMP101.VIBRATION_RMS,1.99,mm/s,GOOD
2025-01-25 20:00:00,PUMP101.VIBRATION_RMS,2.583,mm/s,GOOD
2025-01-25 21:00:00,PUMP101.VIBRATION_RMS,2.472,mm/s,GOOD
2025-01-25 22:00:00,PUMP101.VIBRATION_RMS,1.37,mm/s,GOOD
2025-01-25 23:00:00,PUMP101.VIBRATION_RMS,2.608,mm/s,GOOD
2025-01-26 00:00:00,PUMP101.VIBRATION_RMS,2.036,mm/s,GOOD
2025-01-26 01:00:00,PUMP101.VIBRATION_RMS,2.743,mm/s,GOOD
2025-01-26 02:00:00,PUMP101.VIBRATION_RMS,1.859,mm/s,GOOD
2025-01-26 03:00:00,PUMP101.VIBRATION_RMS,2.515,mm/s,GOOD
2025-01-26 04:00:00,PUMP101.VIBRATION_RMS,2.358,mm/s,GOOD
2025-01-26 05:00:00,PUMP101.VIBRATION_RMS,2.652,mm/s,GOOD
2025-01-26 06:00:00,PUMP101.VIBRATION_RMS,2.562,mm/s,GOOD
2025-01-26 07:00:00,PUMP101.VIBRATION_RMS,2.372,mm/s,GOOD
2025-01-26 08:00:00,PUMP101.VIBRATION_RMS,1.732,mm/s,GOOD
2025-01-26 09:00:00,PUMP101.VIBRATION_RMS,1.761,mm/s,GOOD
2025-01-26 10:00:00,PUMP101.VIBRATION_RMS,2.208,mm/s,GOOD
2025-01-26 11:00:00,PUMP101.VIBRATION_RMS,2.496,mm/s,GOOD
2025-01-26 12:00:00,PUMP101.VIBRATION_RMS,2.196,mm/s,GOOD
2025-01-26 13:00:00,PUMP101.VIBRATION_RMS,2.813,mm/s,GOOD
2025-01-26 14:00:00,PUMP101.VIBRATION_RMS,2.36,mm/s,GOOD
2025-01-26 15:00:00,PUMP101.VIBRATION_RMS,2.017,mm/s,GOOD
2025-01-26 16:00:00,PUMP101.VIBRATION_RMS,2.361,mm/s,GOOD
2025-01-26 17:00:00,PUMP101.VIBRATION_RMS,2.613,mm/s,GOOD
2025-01-26 18:00:00,PUMP101.VIBRATION_RMS,2.662,mm/s,GOOD
2025-01-26 19:00:00,PUMP101.VIBRATION_RMS,3.439,mm/s,GOOD
2025-01-26 20:00:00,PUMP101.VIBRATION_RMS,2.166,mm/s,GOOD
2025-01-26 21:00:00,PUMP101.VIBRATION_RMS,2.463,mm/s,GOOD
2025-01-26 22:00:00,PUMP101.VIBRATION_RMS,2.713,mm/s,GOOD
2025-01-26 23:00:00,PUMP101.VIBRATION_RMS,2.488,mm/s,GOOD
2025-01-27 00:00:00,PUMP101.VIBRATION_RMS,2.25,mm/s,GOOD
2025-01-27 01:00:00,PUMP101.VIBRATION_RMS,1.725,mm/s,GOOD
2025-01-27 02:00:00,PUMP101.VIBRATION_RMS,2.245,mm/s,GOOD
2025-01-27 03:00:00,PUMP101.VIBRATION_RMS,1.963,mm/s,GOOD
2025-01-27 04:00:00,PUMP101.VIBRATION_RMS,1.637,mm/s,GOOD
2025-01-27 05:00:00,PUMP101.VIBRATION_RMS,2.102,mm/s,GOOD
2025-01-27 06:00:00,PUMP101.VIBRATION_RMS,1.976,mm/s,GOOD
2025-01-27 07:00:00,PUMP101.VIBRATION_RMS,2.792,mm/s,GOOD
2025-01-27 08:00:00,PUMP101.VIBRATION_RMS,2.801,mm/s,GOOD
2025-01-27 09:00:00,PUMP101.VIBRATION_RMS,2.048,mm/s,GOOD
2025-01-27 10:00:00,PUMP101.VIBRATION_RMS,2.37,mm/s,GOOD
2025-01-27 11:00:00,PUMP101.VIBRATION_RMS,1.571,mm/s,GOOD
2025-01-27 12:00:00,PUMP101.VIBRATION_RMS,2.253,mm/s,GOOD
2025-01-27 13:00:00,PUMP101.VIBRATION_RMS,2.699,mm/s,GOOD
2025-01-27 14:00:00,PUMP101.VIBRATION_RMS,2.912,mm/s,GOOD
2025-01-27 15:00:00,PUMP101.VIBRATION_RMS,2.143,mm/s,GOOD
2025-01-27 16:00:00,PUMP101.VIBRATION_RMS,3.026,mm/s,GOOD
2025-01-27 17:00:00,PUMP101.VIBRATION_RMS,1.742,mm/s,GOOD
2025-01-27 18:00:00,PUMP101.VIBRATION_RMS,1.876,mm/s,GOOD
2025-01-27 19:00:00,PUMP101.VIBRATION_RMS,2.855,mm/s,GOOD
2025-01-27 20:00:00,PUMP101.VIBRATION_RMS,3.336,mm/s,GOOD
2025-01-27 21:00:00,PUMP101.VIBRATION_RMS,2.747,mm/s,GOOD
2025-01-27 22:00:00,PUMP101.VIBRATION_RMS,2.48,mm/s,GOOD
2025-01-27 23:00:00,PUMP101.VIBRATION_RMS,1.402,mm/s,GOOD
2025-01-28 00:00:00,PUMP101.VIBRATION_RMS,1.489,mm/s,GOOD
2025-01-28 01:00:00,PUMP101.VIBRATION_RMS,2.565,mm/s,GOOD
2025-01-28 02:00:00,PUMP101.VIBRATION_RMS,2.321,mm/s,GOOD
2025-01-28 03:00:00,PUMP101.VIBRATION_RMS,1.947,mm/s,GOOD
2025-01-28 04:00:00,PUMP101.VIBRATION_RMS,2.533,mm/s,GOOD
2025-01-28 05:00:00,PUMP101.VIBRATION_RMS,2.558,mm/s,GOOD
2025-01-28 06:00:00,PUMP101.VIBRATION_RMS,2.972,mm/s,GOOD
2025-01-28 07:00:00,PUMP101.VIBRATION_RMS,2.568,mm/s,GOOD
2025-01-28 08:00:00,PUMP101.VIBRATION_RMS,3.114,mm/s,GOOD
2025-01-28 09:00:00,PUMP101.VIBRATION_RMS,2.504,mm/s,GOOD
2025-01-28 10:00:00,PUMP101.VIBRATION_RMS,2.442,mm/s,GOOD
2025-01-28 11:00:00,PUMP101.VIBRATION_RMS,3.032,mm/s,GOOD
2025-01-28 12:00:00,PUMP101.VIBRATION_RMS,2.011,mm/s,GOOD
2025-01-28 13:00:00,PUMP101.VIBRATION_RMS,3.907,mm/s,GOOD
2025-01-28 14:00:00,PUMP101.VIBRATION_RMS,2.688,mm/s,GOOD
2025-01-28 15:00:00,PUMP101.VIBRATION_RMS,2.69,mm/s,GOOD
2025-01-28 16:00:00,PUMP101.VIBRATION_RMS,2.763,mm/s,GOOD
2025-01-28 17:00:00,PUMP101.VIBRATION_RMS,3.439,mm/s,GOOD
2025-01-28 18:00:00,PUMP101.VIBRATION_RMS,2.896,mm/s,GOOD
2025-01-28 19:00:00,PUMP101.VIBRATION_RMS,1.697,mm/s,GOOD
2025-01-28 20:00:00,PUMP101.VIBRATION_RMS,3.202,mm/s,GOOD
2025-01-28 21:00:00,PUMP101.VIBRATION_RMS,2.33,mm/s,GOOD
2025-01-28 22:00:00,PUMP101.VIBRATION_RMS,2.554,mm/s,GOOD
2025-01-28 23:00:00,PUMP101.VIBRATION_RMS,1.86,mm/s,GOOD
2025-01-29 00:00:00,PUMP101.VIBRATION_RMS,2.763,mm/s,GOOD
2025-01-29 01:00:00,PUMP101.VIBRATION_RMS,2.174,mm/s,GOOD
2025-01-29 02:00:00,PUMP101.VIBRATION_RMS,2.55,mm/s,GOOD
2025-01-29 03:00:00,PUMP101.VIBRATION_RMS,2.358,mm/s,GOOD
2025-01-29 04:00:00,PUMP101.VIBRATION_RMS,3.463,mm/s,GOOD
2025-01-29 05:00:00,PUMP101.VIBRATION_RMS,3.491,mm/s,GOOD
2025-01-29 06:00:00,PUMP101.VIBRATION_RMS,2.523,mm/s,GOOD
2025-01-29 07:00:00,PUMP101.VIBRATION_RMS,2.532,mm/s,GOOD
2025-01-29 08:00:00,PUMP101.VIBRATION_RMS,2.313,mm/s,GOOD
2025-01-29 09:00:00,PUMP101.VIBRATION_RMS,3.053,mm/s,GOOD
2025-01-29 10:00:00,PUMP101.VIBRATION_RMS,2.336,mm/s,GOOD
2025-01-29 11:00:00,PUMP101.VIBRATION_RMS,2.289,mm/s,GOOD
2025-01-29 12:00:00,PUMP101.VIBRATION_RMS,2.989,mm/s,GOOD
2025-01-29 13:00:00,PUMP101.VIBRATION_RMS,2.231,mm/s,GOOD
2025-01-29 14:00:00,PUMP101.VIBRATION_RMS,2.481,mm/s,GOOD
2025-01-29 15:00:00,PUMP101.VIBRATION_RMS,1.709,mm/s,GOOD
2025-01-29 16:00:00,PUMP101.VIBRATION_RMS,2.852,mm/s,GOOD
2025-01-29 17:00:00,PUMP101.VIBRATION_RMS,3.47,mm/s,GOOD
2025-01-29 18:00:00,PUMP101.VIBRATION_RMS,2.861,mm/s,GOOD
2025-01-29 19:00:00,PUMP101.VIBRATION_RMS,3.231,mm/s,GOOD
2025-01-29 20:00:00,PUMP101.VIBRATION_RMS,2.077,mm/s,GOOD
2025-01-29 21:00:00,PUMP101.VIBRATION_RMS,2.618,mm/s,GOOD
2025-01-29 22:00:00,PUMP101.VIBRATION_RMS,2.028,mm/s,GOOD
2025-01-29 23:00:00,PUMP101.VIBRATION_RMS,2.386,mm/s,GOOD
2025-01-30 00:00:00,PUMP101.VIBRATION_RMS,2.886,mm/s,GOOD
2025-01-30 01:00:00,PUMP101.VIBRATION_RMS,2.551,mm/s,GOOD
2025-01-30 02:00:00,PUMP101.VIBRATION_RMS,1.794,mm/s,GOOD
2025-01-30 03:00:00,PUMP101.VIBRATION_RMS,1.842,mm/s,GOOD
2025-01-30 04:00:00,PUMP101.VIBRATION_RMS,1.809,mm/s,GOOD
2025-01-30 05:00:00,PUMP101.VIBRATION_RMS,2.746,mm/s,GOOD
2025-01-30 06:00:00,PUMP101.VIBRATION_RMS,3.532,mm/s,GOOD
2025-01-30 07:00:00,PUMP101.VIBRATION_RMS,3.181,mm/s,GOOD
2025-01-30 08:00:00,PUMP101.VIBRATION_RMS,1.552,mm/s,GOOD
2025-01-30 09:00:00,PUMP101.VIBRATION_RMS,3.211,mm/s,GOOD
2025-01-30 10:00:00,PUMP101.VIBRATION_RMS,2.968,mm/s,GOOD
2025-01-30 11:00:00,PUMP101.VIBRATION_RMS,1.727,mm/s,GOOD
2025-01-30 12:00:00,PUMP101.VIBRATION_RMS,2.348,mm/s,GOOD
2025-01-30 13:00:00,PUMP101.VIBRATION_RMS,3.048,mm/s,GOOD
2025-01-30 14:00:00,PUMP101.VIBRATION_RMS,2.775,mm/s,GOOD
2025-01-30 15:00:00,PUMP101.VIBRATION_RMS,1.845,mm/s,GOOD
2025-01-30 16:00:00,PUMP101.VIBRATION_RMS,2.805,mm/s,BAD
2025-01-30 17:00:00,PUMP101.VIBRATION_RMS,1.431,mm/s,GOOD
2025-01-30 18:00:00,PUMP101.VIBRATION_RMS,2.389,mm/s,GOOD
2025-01-30 19:00:00,PUMP101.VIBRATION_RMS,3.069,mm/s,GOOD
2025-01-30 20:00:00,PUMP101.VIBRATION_RMS,2.509,mm/s,GOOD
2025-01-30 21:00:00,PUMP101.VIBRATION_RMS,2.251,mm/s,GOOD
2025-01-30 22:00:00,PUMP101.VIBRATION_RMS,2.945,mm/s,GOOD
2025-01-30 23:00:00,PUMP101.VIBRATION_RMS,2.987,mm/s,GOOD
2025-01-31 00:00:00,PUMP101.VIBRATION_RMS,3.155,mm/s,GOOD
2025-01-31 01:00:00,PUMP101.VIBRATION_RMS,2.937,mm/s,GOOD
2025-01-31 02:00:00,PUMP101.VIBRATION_RMS,3.041,mm/s,GOOD
2025-01-31 03:00:00,PUMP101.VIBRATION_RMS,2.866,mm/s,GOOD
2025-01-31 04:00:00,PUMP101.VIBRATION_RMS,2.633,mm/s,GOOD
2025-01-31 05:00:00,PUMP101.VIBRATION_RMS,2.545,mm/s,GOOD
2025-01-31 06:00:00,PUMP101.VIBRATION_RMS,2.381,mm/s,GOOD
2025-01-31 07:00:00,PUMP101.VIBRATION_RMS,1.894,mm/s,GOOD
2025-01-31 08:00:00,PUMP101.VIBRATION_RMS,2.022,mm/s,GOOD
2025-01-31 09:00:00,PUMP101.VIBRATION_RMS,2.359,mm/s,GOOD
2025-01-31 10:00:00,PUMP101.VIBRATION_RMS,2.621,mm/s,GOOD
2025-01-31 11:00:00,PUMP101.VIBRATION_RMS,3.22,mm/s,GOOD
2025-01-31 12:00:00,PUMP101.VIBRATION_RMS,2.479,mm/s,GOOD
2025-01-31 13:00:00,PUMP101.VIBRATION_RMS,3.002,mm/s,GOOD
2025-01-31 14:00:00,PUMP101.VIBRATION_RMS,3.04,mm/s,GOOD
2025-01-31 15:00:00,PUMP101.VIBRATION_RMS,2.384,mm/s,GOOD
2025-01-31 16:00:00,PUMP101.VIBRATION_RMS,2.797,mm/s,GOOD
2025-01-31 17:00:00,PUMP101.VIBRATION_RMS,2.378,mm/s,BAD
2025-01-31 18:00:00,PUMP101.VIBRATION_RMS,3.161,mm/s,GOOD
2025-01-31 19:00:00,PUMP101.VIBRATION_RMS,2.818,mm/s,GOOD
2025-01-31 20:00:00,PUMP101.VIBRATION_RMS,1.905,mm/s,GOOD
2025-01-31 21:00:00,PUMP101.VIBRATION_RMS,2.581,mm/s,GOOD
2025-01-31 22:00:00,PUMP101.VIBRATION_RMS,3.324,mm/s,GOOD
2025-01-31 23:00:00,PUMP101.VIBRATION_RMS,2.409,mm/s,GOOD
2025-02-01 00:00:00,PUMP101.VIBRATION_RMS,2.724,mm/s,GOOD
2025-02-01 01:00:00,PUMP101.VIBRATION_RMS,2.773,mm/s,GOOD
2025-02-01 02:00:00,PUMP101.VIBRATION_RMS,1.982,mm/s,GOOD
2025-02-01 03:00:00,PUMP101.VIBRATION_RMS,2.755,mm/s,GOOD
2025-02-01 04:00:00,PUMP101.VIBRATION_RMS,1.803,mm/s,GOOD
2025-02-01 05:00:00,PUMP101.VIBRATION_RMS,2.187,mm/s,GOOD
2025-02-01 06:00:00,PUMP101.VIBRATION_RMS,3.038,mm/s,GOOD
2025-02-01 07:00:00,PUMP101.VIBRATION_RMS,2.678,mm/s,GOOD
2025-02-01 08:00:00,PUMP101.VIBRATION_RMS,2.348,mm/s,GOOD
2025-02-01 09:00:00,PUMP101.VIBRATION_RMS,2.723,mm/s,GOOD
2025-02-01 10:00:00,PUMP101.VIBRATION_RMS,2.47,mm/s,GOOD
2025-02-01 11:00:00,PUMP101.VIBRATION_RMS,2.506,mm/s,GOOD
2025-02-01 12:00:00,PUMP101.VIBRATION_RMS,2.828,mm/s,GOOD
2025-02-01 13:00:00,PUMP101.VIBRATION_RMS,2.136,mm/s,GOOD
2025-02-01 14:00:00,PUMP101.VIBRATION_RMS,2.52,mm/s,GOOD
2025-02-01 15:00:00,PUMP101.VIBRATION_RMS,2.344,mm/s,GOOD
2025-02-01 16:00:00,PUMP101.VIBRATION_RMS,1.707,mm/s,GOOD
2025-02-01 17:00:00,PUMP101.VIBRATION_RMS,2.04,mm/s,GOOD
2025-02-01 18:00:00,PUMP101.VIBRATION_RMS,3.284,mm/s,GOOD
2025-02-01 19:00:00,PUMP101.VIBRATION_RMS,2.692,mm/s,GOOD
2025-02-01 20:00:00,PUMP101.VIBRATION_RMS,1.838,mm/s,GOOD
2025-02-01 21:00:00,PUMP101.VIBRATION_RMS,1.73,mm/s,GOOD
2025-02-01 22:00:00,PUMP101.VIBRATION_RMS,2.444,mm/s,GOOD
2025-02-01 23:00:00,PUMP101.VIBRATION_RMS,3.281,mm/s,GOOD
2025-02-02 00:00:00,PUMP101.VIBRATION_RMS,2.407,mm/s,GOOD
2025-02-02 01:00:00,PUMP101.VIBRATION_RMS,3.153,mm/s,GOOD
2025-02-02 02:00:00,PUMP101.VIBRATION_RMS,2.676,mm/s,GOOD
2025-02-02 03:00:00,PUMP101.VIBRATION_RMS,2.736,mm/s,GOOD
2025-02-02 04:00:00,PUMP101.VIBRATION_RMS,1.832,mm/s,GOOD
2025-02-02 05:00:00,PUMP101.VIBRATION_RMS,2.969,mm/s,GOOD
2025-02-02 06:00:00,PUMP101.VIBRATION_RMS,2.333,mm/s,GOOD
2025-02-02 07:00:00,PUMP101.VIBRATION_RMS,2.932,mm/s,GOOD
2025-02-02 08:00:00,PUMP101.VIBRATION_RMS,2.093,mm/s,GOOD
2025-02-02 09:00:00,PUMP101.VIBRATION_RMS,2.589,mm/s,BAD
2025-02-02 10:00:00,PUMP101.VIBRATION_RMS,2.676,mm/s,GOOD
2025-02-02 11:00:00,PUMP101.VIBRATION_RMS,2.423,mm/s,GOOD
2025-02-02 12:00:00,PUMP101.VIBRATION_RMS,2.702,mm/s,GOOD
2025-02-02 13:00:00,PUMP101.VIBRATION_RMS,2.367,mm/s,GOOD
2025-02-02 14:00:00,PUMP101.VIBRATION_RMS,2.175,mm/s,GOOD
2025-02-02 15:00:00,PUMP101.VIBRATION_RMS,3.303,mm/s,GOOD
2025-02-02 16:00:00,PUMP101.VIBRATION_RMS,3.024,mm/s,GOOD
2025-02-02 17:00:00,PUMP101.VIBRATION_RMS,2.12,mm/s,GOOD
2025-02-02 18:00:00,PUMP101.VIBRATION_RMS,2.784,mm/s,GOOD
2025-02-02 19:00:00,PUMP101.VIBRATION_RMS,2.129,mm/s,GOOD
2025-02-02 20:00:00,PUMP101.VIBRATION_RMS,1.908,mm/s,GOOD
2025-02-02 21:00:00,PUMP101.VIBRATION_RMS,3.017,mm/s,GOOD
2025-02-02 22:00:00,PUMP101.VIBRATION_RMS,1.648,mm/s,GOOD
2025-02-02 23:00:00,PUMP101.VIBRATION_RMS,2.963,mm/s,GOOD
2025-02-03 00:00:00,PUMP101.VIBRATION_RMS,2.374,mm/s,GOOD
2025-02-03 01:00:00,PUMP101.VIBRATION_RMS,2.394,mm/s,GOOD
2025-02-03 02:00:00,PUMP101.VIBRATION_RMS,2.705,mm/s,GOOD
2025-02-03 03:00:00,PUMP101.VIBRATION_RMS,2.791,mm/s,GOOD
2025-02-03 04:00:00,PUMP101.VIBRATION_RMS,2.087,mm/s,GOOD
2025-02-03 05:00:00,PUMP101.VIBRATION_RMS,2.859,mm/s,GOOD
2025-02-03 06:00:00,PUMP101.VIBRATION_RMS,2.557,mm/s,GOOD
2025-02-03 07:00:00,PUMP101.VIBRATION_RMS,1.872,mm/s,GOOD
2025-02-03 08:00:00,PUMP101.VIBRATION_RMS,2.415,mm/s,GOOD
2025-02-03 09:00:00,PUMP101.VIBRATION_RMS,3.191,mm/s,GOOD
2025-02-03 10:00:00,PUMP101.VIBRATION_RMS,3.338,mm/s,GOOD
2025-02-03 11:00:00,PUMP101.VIBRATION_RMS,2.859,mm/s,GOOD
2025-02-03 12:00:00,PUMP101.VIBRATION_RMS,1.905,mm/s,GOOD
2025-02-03 13:00:00,PUMP101.VIBRATION_RMS,2.745,mm/s,GOOD
2025-02-03 14:00:00,PUMP101.VIBRATION_RMS,2.925,mm/s,GOOD
2025-02-03 15:00:00,PUMP101.VIBRATION_RMS,2.863,mm/s,GOOD
2025-02-03 16:00:00,PUMP101.VIBRATION_RMS,2.892,mm/s,GOOD
2025-02-03 17:00:00,PUMP101.VIBRATION_RMS,2.682,mm/s,GOOD
2025-02-03 18:00:00,PUMP101.VIBRATION_RMS,2.464,mm/s,GOOD
2025-02-03 19:00:00,PUMP101.VIBRATION_RMS,2.196,mm/s,GOOD
2025-02-03 20:00:00,PUMP101.VIBRATION_RMS,1.551,mm/s,GOOD
2025-02-03 21:00:00,PUMP101.VIBRATION_RMS,2.67,mm/s,GOOD
2025-02-03 22:00:00,PUMP101.VIBRATION_RMS,2.593,mm/s,GOOD
2025-02-03 23:00:00,PUMP101.VIBRATION_RMS,2.779,mm/s,GOOD
2025-02-04 00:00:00,PUMP101.VIBRATION_RMS,1.831,mm/s,GOOD
2025-02-04 01:00:00,PUMP101.VIBRATION_RMS,2.823,mm/s,GOOD
2025-02-04 02:00:00,PUMP101.VIBRATION_RMS,3.527,mm/s,GOOD
2025-02-04 03:00:00,PUMP101.VIBRATION_RMS,2.539,mm/s,GOOD
2025-02-04 04:00:00,PUMP101.VIBRATION_RMS,2.469,mm/s,GOOD
2025-02-04 05:00:00,PUMP101.VIBRATION_RMS,2.655,mm/s,GOOD
2025-02-04 06:00:00,PUMP101.VIBRATION_RMS,3.516,mm/s,GOOD
2025-02-04 07:00:00,PUMP101.VIBRATION_RMS,1.988,mm/s,GOOD
2025-02-04 08:00:00,PUMP101.VIBRATION_RMS,2.602,mm/s,GOOD
2025-02-04 09:00:00,PUMP101.VIBRATION_RMS,2.1,mm/s,GOOD
2025-02-04 10:00:00,PUMP101.VIBRATION_RMS,2.226,mm/s,GOOD
2025-02-04 11:00:00,PUMP101.VIBRATION_RMS,2.475,mm/s,GOOD
2025-02-04 12:00:00,PUMP101.VIBRATION_RMS,3.174,mm/s,GOOD
2025-02-04 13:00:00,PUMP101.VIBRATION_RMS,3.4,mm/s,GOOD
2025-02-04 14:00:00,PUMP101.VIBRATION_RMS,2.724,mm/s,GOOD
2025-02-04 15:00:00,PUMP101.VIBRATION_RMS,2.312,mm/s,GOOD
2025-02-04 16:00:00,PUMP101.VIBRATION_RMS,3.746,mm/s,GOOD
2025-02-04 17:00:00,PUMP101.VIBRATION_RMS,2.286,mm/s,GOOD
2025-02-04 18:00:00,PUMP101.VIBRATION_RMS,2.214,mm/s,GOOD
2025-02-04 19:00:00,PUMP101.VIBRATION_RMS,1.613,mm/s,GOOD
2025-02-04 20:00:00,PUMP101.VIBRATION_RMS,3.198,mm/s,GOOD
2025-02-04 21:00:00,PUMP101.VIBRATION_RMS,2.984,mm/s,GOOD
2025-02-04 22:00:00,PUMP101.VIBRATION_RMS,3.709,mm/s,GOOD
2025-02-04 23:00:00,PUMP101.VIBRATION_RMS,1.805,mm/s,GOOD
2025-02-05 00:00:00,PUMP101.VIBRATION_RMS,3.229,mm/s,GOOD
2025-02-05 01:00:00,PUMP101.VIBRATION_RMS,2.535,mm/s,GOOD
2025-02-05 02:00:00,PUMP101.VIBRATION_RMS,2.903,mm/s,GOOD
2025-02-05 03:00:00,PUMP101.VIBRATION_RMS,1.676,mm/s,GOOD
2025-02-05 04:00:00,PUMP101.VIBRATION_RMS,3.234,mm/s,GOOD
2025-02-05 05:00:00,PUMP101.VIBRATION_RMS,2.893,mm/s,GOOD
2025-02-05 06:00:00,PUMP101.VIBRATION_RMS,2.481,mm/s,GOOD
2025-02-05 07:00:00,PUMP101.VIBRATION_RMS,2.823,mm/s,GOOD
2025-02-05 08:00:00,PUMP101.VIBRATION_RMS,2.117,mm/s,GOOD
2025-02-05 09:00:00,PUMP101.VIBRATION_RMS,2.21,mm/s,GOOD
2025-02-05 10:00:00,PUMP101.VIBRATION_RMS,2.268,mm/s,GOOD
2025-02-05 11:00:00,PUMP101.VIBRATION_RMS,1.574,mm/s,GOOD
2025-02-05 12:00:00,PUMP101.VIBRATION_RMS,2.931,mm/s,GOOD
2025-02-05 13:00:00,PUMP101.VIBRATION_RMS,3.096,mm/s,GOOD
2025-02-05 14:00:00,PUMP101.VIBRATION_RMS,2.149,mm/s,GOOD
2025-02-05 15:00:00,PUMP101.VIBRATION_RMS,2.674,mm/s,GOOD
2025-02-05 16:00:00,PUMP101.VIBRATION_RMS,2.367,mm/s,GOOD
2025-02-05 17:00:00,PUMP101.VIBRATION_RMS,2.664,mm/s,GOOD
2025-02-05 18:00:00,PUMP101.VIBRATION_RMS,2.186,mm/s,GOOD
2025-02-05 19:00:00,PUMP101.VIBRATION_RMS,2.058,mm/s,GOOD
2025-02-05 20:00:00,PUMP101.VIBRATION_RMS,3.026,mm/s,GOOD
2025-02-05 21:00:00,PUMP101.VIBRATION_RMS,2.468,mm/s,GOOD
2025-02-05 22:00:00,PUMP101.VIBRATION_RMS,3.511,mm/s,GOOD
2025-02-05 23:00:00,PUMP101.VIBRATION_RMS,2.523,mm/s,GOOD
2025-02-06 00:00:00,PUMP101.VIBRATION_RMS,2.037,mm/s,GOOD
2025-02-06 01:00:00,PUMP101.VIBRATION_RMS,3.113,mm/s,GOOD
2025-02-06 02:00:00,PUMP101.VIBRATION_RMS,2.815,mm/s,GOOD
2025-02-06 03:00:00,PUMP101.VIBRATION_RMS,2.863,mm/s,GOOD
2025-02-06 04:00:00,PUMP101.VIBRATION_RMS,3.095,mm/s,GOOD
2025-02-06 05:00:00,PUMP101.VIBRATION_RMS,2.174,mm/s,GOOD
2025-02-06 06:00:00,PUMP101.VIBRATION_RMS,2.436,mm/s,GOOD
2025-02-06 07:00:00,PUMP101.VIBRATION_RMS,2.414,mm/s,GOOD
2025-02-06 08:00:00,PUMP101.VIBRATION_RMS,1.855,mm/s,GOOD
2025-02-06 09:00:00,PUMP101.VIBRATION_RMS,2.368,mm/s,GOOD
2025-02-06 10:00:00,PUMP101.VIBRATION_RMS,3.168,mm/s,GOOD
2025-02-06 11:00:00,PUMP101.VIBRATION_RMS,2.619,mm/s,GOOD
2025-02-06 12:00:00,PUMP101.VIBRATION_RMS,1.827,mm/s,GOOD
2025-02-06 13:00:00,PUMP101.VIBRATION_RMS,1.722,mm/s,GOOD
2025-02-06 14:00:00,PUMP101.VIBRATION_RMS,3.332,mm/s,GOOD
2025-02-06 15:00:00,PUMP101.VIBRATION_RMS,2.455,mm/s,GOOD
2025-02-06 16:00:00,PUMP101.VIBRATION_RMS,2.176,mm/s,GOOD
2025-02-06 17:00:00,PUMP101.VIBRATION_RMS,2.363,mm/s,GOOD
2025-02-06 18:00:00,PUMP101.VIBRATION_RMS,1.761,mm/s,GOOD
2025-02-06 19:00:00,PUMP101.VIBRATION_RMS,3.212,mm/s,GOOD
2025-02-06 20:00:00,PUMP101.VIBRATION_RMS,2.303,mm/s,GOOD
2025-02-06 21:00:00,PUMP101.VIBRATION_RMS,3.184,mm/s,GOOD
2025-02-06 22:00:00,PUMP101.VIBRATION_RMS,2.526,mm/s,GOOD
2025-02-06 23:00:00,PUMP101.VIBRATION_RMS,3.215,mm/s,GOOD
2025-02-07 00:00:00,PUMP101.VIBRATION_RMS,2.628,mm/s,GOOD
2025-02-07 01:00:00,PUMP101.VIBRATION_RMS,2.927,mm/s,GOOD
2025-02-07 02:00:00,PUMP101.VIBRATION_RMS,2.86,mm/s,GOOD
2025-02-07 03:00:00,PUMP101.VIBRATION_RMS,2.812,mm/s,GOOD
2025-02-07 04:00:00,PUMP101.VIBRATION_RMS,2.674,mm/s,GOOD
2025-02-07 05:00:00,PUMP101.VIBRATION_RMS,2.384,mm/s,GOOD
2025-02-07 06:00:00,PUMP101.VIBRATION_RMS,3.458,mm/s,GOOD
2025-02-07 07:00:00,PUMP101.VIBRATION_RMS,2.047,mm/s,GOOD
2025-02-07 08:00:00,PUMP101.VIBRATION_RMS,2.502,mm/s,GOOD
2025-02-07 09:00:00,PUMP101.VIBRATION_RMS,2.507,mm/s,GOOD
2025-02-07 10:00:00,PUMP101.VIBRATION_RMS,2.701,mm/s,GOOD
2025-02-07 11:00:00,PUMP101.VIBRATION_RMS,2.285,mm/s,GOOD
2025-02-07 12:00:00,PUMP101.VIBRATION_RMS,2.657,mm/s,GOOD
2025-02-07 13:00:00,PUMP101.VIBRATION_RMS,2.416,mm/s,GOOD
2025-02-07 14:00:00,PUMP101.VIBRATION_RMS,1.709,mm/s,BAD
2025-02-07 15:00:00,PUMP101.VIBRATION_RMS,2.505,mm/s,GOOD
2025-02-07 16:00:00,PUMP101.VIBRATION_RMS,1.95,mm/s,GOOD
2025-02-07 17:00:00,PUMP101.VIBRATION_RMS,1.633,mm/s,GOOD
2025-02-07 18:00:00,PUMP101.VIBRATION_RMS,2.568,mm/s,GOOD
2025-02-07 19:00:00,PUMP101.VIBRATION_RMS,2.744,mm/s,GOOD
2025-02-07 20:00:00,PUMP101.VIBRATION_RMS,2.763,mm/s,GOOD
2025-02-07 21:00:00,PUMP101.VIBRATION_RMS,2.784,mm/s,GOOD
2025-02-07 22:00:00,PUMP101.VIBRATION_RMS,1.534,mm/s,GOOD
2025-02-07 23:00:00,PUMP101.VIBRATION_RMS,1.819,mm/s,GOOD
2025-02-08 00:00:00,PUMP101.VIBRATION_RMS,3.487,mm/s,GOOD
2025-02-08 01:00:00,PUMP101.VIBRATION_RMS,1.976,mm/s,GOOD
2025-02-08 02:00:00,PUMP101.VIBRATION_RMS,2.805,mm/s,GOOD
2025-02-08 03:00:00,PUMP101.VIBRATION_RMS,2.157,mm/s,GOOD
2025-02-08 04:00:00,PUMP101.VIBRATION_RMS,2.54,mm/s,GOOD
2025-02-08 05:00:00,PUMP101.VIBRATION_RMS,2.183,mm/s,GOOD
2025-02-08 06:00:00,PUMP101.VIBRATION_RMS,2.781,mm/s,GOOD
2025-02-08 07:00:00,PUMP101.VIBRATION_RMS,2.568,mm/s,GOOD
2025-02-08 08:00:00,PUMP101.VIBRATION_RMS,2.276,mm/s,GOOD
2025-02-08 09:00:00,PUMP101.VIBRATION_RMS,1.975,mm/s,GOOD
2025-02-08 10:00:00,PUMP101.VIBRATION_RMS,2.634,mm/s,GOOD
2025-02-08 11:00:00,PUMP101.VIBRATION_RMS,1.894,mm/s,GOOD
2025-02-08 12:00:00,PUMP101.VIBRATION_RMS,2.714,mm/s,BAD
2025-02-08 13:00:00,PUMP101.VIBRATION_RMS,3.813,mm/s,GOOD
2025-02-08 14:00:00,PUMP101.VIBRATION_RMS,3.175,mm/s,GOOD
2025-02-08 15:00:00,PUMP101.VIBRATION_RMS,2.859,mm/s,GOOD
2025-02-08 16:00:00,PUMP101.VIBRATION_RMS,2.457,mm/s,GOOD
2025-02-08 17:00:00,PUMP101.VIBRATION_RMS,1.531,mm/s,BAD
2025-02-08 18:00:00,PUMP101.VIBRATION_RMS,1.839,mm/s,GOOD
2025-02-08 19:00:00,PUMP101.VIBRATION_RMS,3.141,mm/s,GOOD
2025-02-08 20:00:00,PUMP101.VIBRATION_RMS,2.105,mm/s,GOOD
2025-02-08 21:00:00,PUMP101.VIBRATION_RMS,2.15,mm/s,GOOD
2025-02-08 22:00:00,PUMP101.VIBRATION_RMS,2.417,mm/s,GOOD
2025-02-08 23:00:00,PUMP101.VIBRATION_RMS,1.969,mm/s,GOOD
2025-02-09 00:00:00,PUMP101.VIBRATION_RMS,1.887,mm/s,GOOD
2025-02-09 01:00:00,PUMP101.VIBRATION_RMS,2.475,mm/s,GOOD
2025-02-09 02:00:00,PUMP101.VIBRATION_RMS,2.054,mm/s,GOOD
2025-02-09 03:00:00,PUMP101.VIBRATION_RMS,2.129,mm/s,GOOD
2025-02-09 04:00:00,PUMP101.VIBRATION_RMS,2.109,mm/s,GOOD
2025-02-09 05:00:00,PUMP101.VIBRATION_RMS,2.761,mm/s,GOOD
2025-02-09 06:00:00,PUMP101.VIBRATION_RMS,2.384,mm/s,GOOD
2025-02-09 07:00:00,PUMP101.VIBRATION_RMS,2.411,mm/s,GOOD
2025-02-09 08:00:00,PUMP101.VIBRATION_RMS,2.798,mm/s,GOOD
2025-02-09 09:00:00,PUMP101.VIBRATION_RMS,2.429,mm/s,GOOD
2025-02-09 10:00:00,PUMP101.VIBRATION_RMS,2.361,mm/s,GOOD
2025-02-09 11:00:00,PUMP101.VIBRATION_RMS,2.735,mm/s,GOOD
2025-02-09 12:00:00,PUMP101.VIBRATION_RMS,2.834,mm/s,GOOD
2025-02-09 13:00:00,PUMP101.VIBRATION_RMS,2.426,mm/s,GOOD
2025-02-09 14:00:00,PUMP101.VIBRATION_RMS,2.54,mm/s,GOOD
2025-02-09 15:00:00,PUMP101.VIBRATION_RMS,2.109,mm/s,GOOD
2025-02-09 16:00:00,PUMP101.VIBRATION_RMS,2.07,mm/s,BAD
2025-02-09 17:00:00,PUMP101.VIBRATION_RMS,2.885,mm/s,GOOD
2025-02-09 18:00:00,PUMP101.VIBRATION_RMS,2.722,mm/s,GOOD
2025-02-09 19:00:00,PUMP101.VIBRATION_RMS,2.728,mm/s,GOOD
2025-02-09 20:00:00,PUMP101.VIBRATION_RMS,2.64,mm/s,GOOD
2025-02-09 21:00:00,PUMP101.VIBRATION_RMS,2.523,mm/s,GOOD
2025-02-09 22:00:00,PUMP101.VIBRATION_RMS,2.848,mm/s,GOOD
2025-02-09 23:00:00,PUMP101.VIBRATION_RMS,2.968,mm/s,GOOD
2025-02-10 00:00:00,PUMP101.VIBRATION_RMS,2.956,mm/s,GOOD
2025-02-10 01:00:00,PUMP101.VIBRATION_RMS,2.45,mm/s,GOOD
2025-02-10 02:00:00,PUMP101.VIBRATION_RMS,3.193,mm/s,GOOD
2025-02-10 03:00:00,PUMP101.VIBRATION_RMS,2.614,mm/s,GOOD
2025-02-10 04:00:00,PUMP101.VIBRATION_RMS,2.816,mm/s,GOOD
2025-02-10 05:00:00,PUMP101.VIBRATION_RMS,2.641,mm/s,GOOD
2025-02-10 06:00:00,PUMP101.VIBRATION_RMS,2.624,mm/s,GOOD
2025-02-10 07:00:00,PUMP101.VIBRATION_RMS,2.132,mm/s,GOOD
2025-02-10 08:00:00,PUMP101.VIBRATION_RMS,2.851,mm/s,GOOD
2025-02-10 09:00:00,PUMP101.VIBRATION_RMS,3.923,mm/s,GOOD
2025-02-10 10:00:00,PUMP101.VIBRATION_RMS,2.313,mm/s,GOOD
2025-02-10 11:00:00,PUMP101.VIBRATION_RMS,2.535,mm/s,GOOD
2025-02-10 12:00:00,PUMP101.VIBRATION_RMS,2.277,mm/s,GOOD
2025-02-10 13:00:00,PUMP101.VIBRATION_RMS,2.256,mm/s,GOOD
2025-02-10 14:00:00,PUMP101.VIBRATION_RMS,3.272,mm/s,BAD
2025-02-10 15:00:00,PUMP101.VIBRATION_RMS,2.164,mm/s,GOOD
2025-02-10 16:00:00,PUMP101.VIBRATION_RMS,2.263,mm/s,GOOD
2025-02-10 17:00:00,PUMP101.VIBRATION_RMS,1.706,mm/s,GOOD
2025-02-10 18:00:00,PUMP101.VIBRATION_RMS,2.121,mm/s,GOOD
2025-02-10 19:00:00,PUMP101.VIBRATION_RMS,1.646,mm/s,GOOD
2025-02-10 20:00:00,PUMP101.VIBRATION_RMS,2.816,mm/s,GOOD
2025-02-10 21:00:00,PUMP101.VIBRATION_RMS,3.9,mm/s,GOOD
2025-02-10 22:00:00,PUMP101.VIBRATION_RMS,2.317,mm/s,GOOD
2025-02-10 23:00:00,PUMP101.VIBRATION_RMS,1.667,mm/s,GOOD
2025-02-11 00:00:00,PUMP101.VIBRATION_RMS,2.95,mm/s,GOOD
2025-02-11 01:00:00,PUMP101.VIBRATION_RMS,2.137,mm/s,GOOD
2025-02-11 02:00:00,PUMP101.VIBRATION_RMS,3.15,mm/s,GOOD
2025-02-11 03:00:00,PUMP101.VIBRATION_RMS,2.359,mm/s,GOOD
2025-02-11 04:00:00,PUMP101.VIBRATION_RMS,2.184,mm/s,GOOD
2025-02-11 05:00:00,PUMP101.VIBRATION_RMS,2.411,mm/s,GOOD
2025-02-11 06:00:00,PUMP101.VIBRATION_RMS,2.879,mm/s,GOOD
2025-02-11 07:00:00,PUMP101.VIBRATION_RMS,2.386,mm/s,GOOD
2025-02-11 08:00:00,PUMP101.VIBRATION_RMS,2.252,mm/s,GOOD
2025-02-11 09:00:00,PUMP101.VIBRATION_RMS,2.401,mm/s,GOOD
2025-02-11 10:00:00,PUMP101.VIBRATION_RMS,1.864,mm/s,GOOD
2025-02-11 11:00:00,PUMP101.VIBRATION_RMS,2.699,mm/s,GOOD
2025-02-11 12:00:00,PUMP101.VIBRATION_RMS,1.607,mm/s,GOOD
2025-02-11 13:00:00,PUMP101.VIBRATION_RMS,2.278,mm/s,GOOD
2025-02-11 14:00:00,PUMP101.VIBRATION_RMS,2.88,mm/s,GOOD
2025-02-11 15:00:00,PUMP101.VIBRATION_RMS,2.652,mm/s,GOOD
2025-02-11 16:00:00,PUMP101.VIBRATION_RMS,2.795,mm/s,GOOD
2025-02-11 17:00:00,PUMP101.VIBRATION_RMS,2.467,mm/s,GOOD
2025-02-11 18:00:00,PUMP101.VIBRATION_RMS,3.085,mm/s,GOOD
2025-02-11 19:00:00,PUMP101.VIBRATION_RMS,2.962,mm/s,GOOD
2025-02-11 20:00:00,PUMP101.VIBRATION_RMS,2.723,mm/s,GOOD
2025-02-11 21:00:00,PUMP101.VIBRATION_RMS,2.964,mm/s,GOOD
2025-02-11 22:00:00,PUMP101.VIBRATION_RMS,2.875,mm/s,GOOD
2025-02-11 23:00:00,PUMP101.VIBRATION_RMS,2.28,mm/s,GOOD
2025-02-12 00:00:00,PUMP101.VIBRATION_RMS,1.828,mm/s,GOOD
2025-02-12 01:00:00,PUMP101.VIBRATION_RMS,2.71,mm/s,GOOD
2025-02-12 02:00:00,PUMP101.VIBRATION_RMS,2.773,mm/s,GOOD
2025-02-12 03:00:00,PUMP101.VIBRATION_RMS,3.045,mm/s,GOOD
2025-02-12 04:00:00,PUMP101.VIBRATION_RMS,2.032,mm/s,GOOD
2025-02-12 05:00:00,PUMP101.VIBRATION_RMS,2.047,mm/s,GOOD
2025-02-12 06:00:00,PUMP101.VIBRATION_RMS,2.73,mm/s,GOOD
2025-02-12 07:00:00,PUMP101.VIBRATION_RMS,2.464,mm/s,GOOD
2025-02-12 08:00:00,PUMP101.VIBRATION_RMS,1.557,mm/s,GOOD
2025-02-12 09:00:00,PUMP101.VIBRATION_RMS,2.688,mm/s,GOOD
2025-02-12 10:00:00,PUMP101.VIBRATION_RMS,1.574,mm/s,GOOD
2025-02-12 11:00:00,PUMP101.VIBRATION_RMS,2.027,mm/s,GOOD
2025-02-12 12:00:00,PUMP101.VIBRATION_RMS,3.176,mm/s,GOOD
2025-02-12 13:00:00,PUMP101.VIBRATION_RMS,3.412,mm/s,GOOD
2025-02-12 14:00:00,PUMP101.VIBRATION_RMS,1.892,mm/s,GOOD
2025-02-12 15:00:00,PUMP101.VIBRATION_RMS,2.335,mm/s,GOOD
2025-02-12 16:00:00,PUMP101.VIBRATION_RMS,2.521,mm/s,GOOD
2025-02-12 17:00:00,PUMP101.VIBRATION_RMS,3.391,mm/s,GOOD
2025-02-12 18:00:00,PUMP101.VIBRATION_RMS,2.254,mm/s,GOOD
2025-02-12 19:00:00,PUMP101.VIBRATION_RMS,2.262,mm/s,GOOD
2025-02-12 20:00:00,PUMP101.VIBRATION_RMS,3.274,mm/s,GOOD
2025-02-12 21:00:00,PUMP101.VIBRATION_RMS,2.313,mm/s,GOOD
2025-02-12 22:00:00,PUMP101.VIBRATION_RMS,2.861,mm/s,GOOD
2025-02-12 23:00:00,PUMP101.VIBRATION_RMS,1.761,mm/s,GOOD
2025-02-13 00:00:00,PUMP101.VIBRATION_RMS,2.414,mm/s,GOOD
2025-02-13 01:00:00,PUMP101.VIBRATION_RMS,1.67,mm/s,GOOD
2025-02-13 02:00:00,PUMP101.VIBRATION_RMS,1.972,mm/s,GOOD
2025-02-13 03:00:00,PUMP101.VIBRATION_RMS,2.92,mm/s,GOOD
2025-02-13 04:00:00,PUMP101.VIBRATION_RMS,2.475,mm/s,GOOD
2025-02-13 05:00:00,PUMP101.VIBRATION_RMS,2.34,mm/s,GOOD
2025-02-13 06:00:00,PUMP101.VIBRATION_RMS,2.126,mm/s,GOOD
2025-02-13 07:00:00,PUMP101.VIBRATION_RMS,2.39,mm/s,GOOD
2025-02-13 08:00:00,PUMP101.VIBRATION_RMS,2.651,mm/s,GOOD
2025-02-13 09:00:00,PUMP101.VIBRATION_RMS,2.991,mm/s,GOOD
2025-02-13 10:00:00,PUMP101.VIBRATION_RMS,1.187,mm/s,GOOD
2025-02-13 11:00:00,PUMP101.VIBRATION_RMS,2.084,mm/s,GOOD
2025-02-13 12:00:00,PUMP101.VIBRATION_RMS,2.58,mm/s,GOOD
2025-02-13 13:00:00,PUMP101.VIBRATION_RMS,2.451,mm/s,GOOD
2025-02-13 14:00:00,PUMP101.VIBRATION_RMS,2.702,mm/s,GOOD
2025-02-13 15:00:00,PUMP101.VIBRATION_RMS,2.634,mm/s,GOOD
2025-02-13 16:00:00,PUMP101.VIBRATION_RMS,2.348,mm/s,GOOD
2025-02-13 17:00:00,PUMP101.VIBRATION_RMS,2.237,mm/s,GOOD
2025-02-13 18:00:00,PUMP101.VIBRATION_RMS,2.377,mm/s,GOOD
2025-02-13 19:00:00,PUMP101.VIBRATION_RMS,3.074,mm/s,BAD
2025-02-13 20:00:00,PUMP101.VIBRATION_RMS,2.134,mm/s,GOOD
2025-02-13 21:00:00,PUMP101.VIBRATION_RMS,2.469,mm/s,GOOD
2025-02-13 22:00:00,PUMP101.VIBRATION_RMS,2.592,mm/s,GOOD
2025-02-13 23:00:00,PUMP101.VIBRATION_RMS,3.28,mm/s,GOOD
2025-02-14 00:00:00,PUMP101.VIBRATION_RMS,2.35,mm/s,GOOD
2025-02-14 01:00:00,PUMP101.VIBRATION_RMS,2.979,mm/s,GOOD
2025-02-14 02:00:00,PUMP101.VIBRATION_RMS,3.116,mm/s,GOOD
2025-02-14 03:00:00,PUMP101.VIBRATION_RMS,2.468,mm/s,GOOD
2025-02-14 04:00:00,PUMP101.VIBRATION_RMS,2.395,mm/s,GOOD
2025-02-14 05:00:00,PUMP101.VIBRATION_RMS,2.335,mm/s,GOOD
2025-02-14 06:00:00,PUMP101.VIBRATION_RMS,2.372,mm/s,GOOD
2025-02-14 07:00:00,PUMP101.VIBRATION_RMS,2.927,mm/s,GOOD
2025-02-14 08:00:00,PUMP101.VIBRATION_RMS,2.616,mm/s,GOOD
2025-02-14 09:00:00,PUMP101.VIBRATION_RMS,2.618,mm/s,GOOD
2025-02-14 10:00:00,PUMP101.VIBRATION_RMS,1.937,mm/s,GOOD
2025-02-14 11:00:00,PUMP101.VIBRATION_RMS,2.016,mm/s,GOOD
2025-02-14 12:00:00,PUMP101.VIBRATION_RMS,3.572,mm/s,GOOD
2025-02-14 13:00:00,PUMP101.VIBRATION_RMS,2.411,mm/s,GOOD
2025-02-14 14:00:00,PUMP101.VIBRATION_RMS,2.113,mm/s,GOOD
2025-02-14 15:00:00,PUMP101.VIBRATION_RMS,3.216,mm/s,GOOD
2025-02-14 16:00:00,PUMP101.VIBRATION_RMS,2.641,mm/s,GOOD
2025-02-14 17:00:00,PUMP101.VIBRATION_RMS,2.789,mm/s,GOOD
2025-02-14 18:00:00,PUMP101.VIBRATION_RMS,2.431,mm/s,GOOD
2025-02-14 19:00:00,PUMP101.VIBRATION_RMS,2.341,mm/s,GOOD
2025-02-14 20:00:00,PUMP101.VIBRATION_RMS,2.415,mm/s,GOOD
2025-02-14 21:00:00,PUMP101.VIBRATION_RMS,1.809,mm/s,GOOD
2025-02-14 22:00:00,PUMP101.VIBRATION_RMS,2.456,mm/s,GOOD
2025-02-14 23:00:00,PUMP101.VIBRATION_RMS,2.648,mm/s,GOOD
2025-02-15 00:00:00,PUMP101.VIBRATION_RMS,3.425,mm/s,GOOD
2025-02-15 01:00:00,PUMP101.VIBRATION_RMS,2.543,mm/s,GOOD
2025-02-15 02:00:00,PUMP101.VIBRATION_RMS,1.333,mm/s,GOOD
2025-02-15 03:00:00,PUMP101.VIBRATION_RMS,2.453,mm/s,GOOD
2025-02-15 04:00:00,PUMP101.VIBRATION_RMS,3.87,mm/s,GOOD
2025-02-15 05:00:00,PUMP101.VIBRATION_RMS,2.933,mm/s,GOOD
2025-02-15 06:00:00,PUMP101.VIBRATION_RMS,2.095,mm/s,GOOD
2025-02-15 07:00:00,PUMP101.VIBRATION_RMS,2.796,mm/s,GOOD
2025-02-15 08:00:00,PUMP101.VIBRATION_RMS,2.129,mm/s,GOOD
2025-02-15 09:00:00,PUMP101.VIBRATION_RMS,1.823,mm/s,GOOD
2025-02-15 10:00:00,PUMP101.VIBRATION_RMS,2.326,mm/s,GOOD
2025-02-15 11:00:00,PUMP101.VIBRATION_RMS,2.546,mm/s,GOOD
2025-02-15 12:00:00,PUMP101.VIBRATION_RMS,1.564,mm/s,GOOD
2025-02-15 13:00:00,PUMP101.VIBRATION_RMS,1.925,mm/s,GOOD
2025-02-15 14:00:00,PUMP101.VIBRATION_RMS,2.505,mm/s,GOOD
2025-02-15 15:00:00,PUMP101.VIBRATION_RMS,2.296,mm/s,GOOD
2025-02-15 16:00:00,PUMP101.VIBRATION_RMS,2.697,mm/s,GOOD
2025-02-15 17:00:00,PUMP101.VIBRATION_RMS,1.893,mm/s,GOOD
2025-02-15 18:00:00,PUMP101.VIBRATION_RMS,2.857,mm/s,GOOD
2025-02-15 19:00:00,PUMP101.VIBRATION_RMS,1.908,mm/s,GOOD
2025-02-15 20:00:00,PUMP101.VIBRATION_RMS,3.321,mm/s,GOOD
2025-02-15 21:00:00,PUMP101.VIBRATION_RMS,1.642,mm/s,GOOD
2025-02-15 22:00:00,PUMP101.VIBRATION_RMS,1.954,mm/s,GOOD
2025-02-15 23:00:00,PUMP101.VIBRATION_RMS,2.709,mm/s,GOOD
2025-02-16 00:00:00,PUMP101.VIBRATION_RMS,3.332,mm/s,GOOD
2025-02-16 01:00:00,PUMP101.VIBRATION_RMS,2.658,mm/s,GOOD
2025-02-16 02:00:00,PUMP101.VIBRATION_RMS,2.781,mm/s,GOOD
2025-02-16 03:00:00,PUMP101.VIBRATION_RMS,2.509,mm/s,GOOD
2025-02-16 04:00:00,PUMP101.VIBRATION_RMS,1.987,mm/s,GOOD
2025-02-16 05:00:00,PUMP101.VIBRATION_RMS,2.255,mm/s,GOOD
2025-02-16 06:00:00,PUMP101.VIBRATION_RMS,1.894,mm/s,GOOD
2025-02-16 07:00:00,PUMP101.VIBRATION_RMS,1.861,mm/s,GOOD
2025-02-16 08:00:00,PUMP101.VIBRATION_RMS,2.701,mm/s,GOOD
2025-02-16 09:00:00,PUMP101.VIBRATION_RMS,1.938,mm/s,GOOD
2025-02-16 10:00:00,PUMP101.VIBRATION_RMS,2.66,mm/s,GOOD
2025-02-16 11:00:00,PUMP101.VIBRATION_RMS,1.849,mm/s,GOOD
2025-02-16 12:00:00,PUMP101.VIBRATION_RMS,2.648,mm/s,GOOD
2025-02-16 13:00:00,PUMP101.VIBRATION_RMS,2.256,mm/s,GOOD
2025-02-16 14:00:00,PUMP101.VIBRATION_RMS,3.203,mm/s,GOOD
2025-02-16 15:00:00,PUMP101.VIBRATION_RMS,2.662,mm/s,GOOD
2025-02-16 16:00:00,PUMP101.VIBRATION_RMS,3.118,mm/s,GOOD
2025-02-16 17:00:00,PUMP101.VIBRATION_RMS,2.122,mm/s,GOOD
2025-02-16 18:00:00,PUMP101.VIBRATION_RMS,2.528,mm/s,GOOD
2025-02-16 19:00:00,PUMP101.VIBRATION_RMS,2.009,mm/s,GOOD
2025-02-16 20:00:00,PUMP101.VIBRATION_RMS,2.293,mm/s,GOOD
2025-02-16 21:00:00,PUMP101.VIBRATION_RMS,2.369,mm/s,GOOD
2025-02-16 22:00:00,PUMP101.VIBRATION_RMS,2.137,mm/s,GOOD
2025-02-16 23:00:00,PUMP101.VIBRATION_RMS,1.892,mm/s,GOOD
2025-02-17 00:00:00,PUMP101.VIBRATION_RMS,1.793,mm/s,GOOD
2025-02-17 01:00:00,PUMP101.VIBRATION_RMS,1.33,mm/s,GOOD
2025-02-17 02:00:00,PUMP101.VIBRATION_RMS,1.972,mm/s,GOOD
2025-02-17 03:00:00,PUMP101.VIBRATION_RMS,2.814,mm/s,GOOD
2025-02-17 04:00:00,PUMP101.VIBRATION_RMS,1.701,mm/s,GOOD
2025-02-17 05:00:00,PUMP101.VIBRATION_RMS,1.816,mm/s,GOOD
2025-02-17 06:00:00,PUMP101.VIBRATION_RMS,3.395,mm/s,GOOD
2025-02-17 07:00:00,PUMP101.VIBRATION_RMS,2.182,mm/s,GOOD
2025-02-17 08:00:00,PUMP101.VIBRATION_RMS,2.661,mm/s,GOOD
2025-02-17 09:00:00,PUMP101.VIBRATION_RMS,2.821,mm/s,GOOD
2025-02-17 10:00:00,PUMP101.VIBRATION_RMS,2.831,mm/s,GOOD
2025-02-17 11:00:00,PUMP101.VIBRATION_RMS,1.739,mm/s,GOOD
2025-02-17 12:00:00,PUMP101.VIBRATION_RMS,2.384,mm/s,GOOD
2025-02-17 13:00:00,PUMP101.VIBRATION_RMS,1.691,mm/s,GOOD
2025-02-17 14:00:00,PUMP101.VIBRATION_RMS,3.723,mm/s,GOOD
2025-02-17 15:00:00,PUMP101.VIBRATION_RMS,1.703,mm/s,GOOD
2025-02-17 16:00:00,PUMP101.VIBRATION_RMS,1.976,mm/s,GOOD
2025-02-17 17:00:00,PUMP101.VIBRATION_RMS,1.98,mm/s,GOOD
2025-02-17 18:00:00,PUMP101.VIBRATION_RMS,1.752,mm/s,GOOD
2025-02-17 19:00:00,PUMP101.VIBRATION_RMS,3.176,mm/s,GOOD
2025-02-17 20:00:00,PUMP101.VIBRATION_RMS,3.711,mm/s,GOOD
2025-02-17 21:00:00,PUMP101.VIBRATION_RMS,2.262,mm/s,GOOD
2025-02-17 22:00:00,PUMP101.VIBRATION_RMS,1.84,mm/s,GOOD
2025-02-17 23:00:00,PUMP101.VIBRATION_RMS,1.382,mm/s,GOOD
2025-02-18 00:00:00,PUMP101.VIBRATION_RMS,2.378,mm/s,GOOD
2025-02-18 01:00:00,PUMP101.VIBRATION_RMS,2.342,mm/s,GOOD
2025-02-18 02:00:00,PUMP101.VIBRATION_RMS,2.174,mm/s,GOOD
2025-02-18 03:00:00,PUMP101.VIBRATION_RMS,2.611,mm/s,GOOD
2025-02-18 04:00:00,PUMP101.VIBRATION_RMS,2.698,mm/s,GOOD
2025-02-18 05:00:00,PUMP101.VIBRATION_RMS,2.662,mm/s,GOOD
2025-02-18 06:00:00,PUMP101.VIBRATION_RMS,2.342,mm/s,GOOD
2025-02-18 07:00:00,PUMP101.VIBRATION_RMS,1.949,mm/s,GOOD
2025-02-18 08:00:00,PUMP101.VIBRATION_RMS,2.833,mm/s,GOOD
2025-02-18 09:00:00,PUMP101.VIBRATION_RMS,2.506,mm/s,GOOD
2025-02-18 10:00:00,PUMP101.VIBRATION_RMS,2.944,mm/s,GOOD
2025-02-18 11:00:00,PUMP101.VIBRATION_RMS,2.895,mm/s,GOOD
2025-02-18 12:00:00,PUMP101.VIBRATION_RMS,1.789,mm/s,GOOD
2025-02-18 13:00:00,PUMP101.VIBRATION_RMS,1.783,mm/s,GOOD
2025-02-18 14:00:00,PUMP101.VIBRATION_RMS,2.122,mm/s,GOOD
2025-02-18 15:00:00,PUMP101.VIBRATION_RMS,1.972,mm/s,GOOD
2025-02-18 16:00:00,PUMP101.VIBRATION_RMS,2.878,mm/s,GOOD
2025-02-18 17:00:00,PUMP101.VIBRATION_RMS,2.676,mm/s,GOOD
2025-02-18 18:00:00,PUMP101.VIBRATION_RMS,3.05,mm/s,BAD
2025-02-18 19:00:00,PUMP101.VIBRATION_RMS,2.698,mm/s,GOOD
2025-02-18 20:00:00,PUMP101.VIBRATION_RMS,2.604,mm/s,GOOD
2025-02-18 21:00:00,PUMP101.VIBRATION_RMS,3.1,mm/s,GOOD
2025-02-18 22:00:00,PUMP101.VIBRATION_RMS,2.735,mm/s,GOOD
2025-02-18 23:00:00,PUMP101.VIBRATION_RMS,2.534,mm/s,GOOD
2025-02-19 00:00:00,PUMP101.VIBRATION_RMS,3.24,mm/s,GOOD
2025-02-19 01:00:00,PUMP101.VIBRATION_RMS,2.558,mm/s,GOOD
2025-02-19 02:00:00,PUMP101.VIBRATION_RMS,2.348,mm/s,GOOD
2025-02-19 03:00:00,PUMP101.VIBRATION_RMS,2.081,mm/s,GOOD
2025-02-19 04:00:00,PUMP101.VIBRATION_RMS,2.852,mm/s,GOOD
2025-02-19 05:00:00,PUMP101.VIBRATION_RMS,3.119,mm/s,GOOD
2025-02-19 06:00:00,PUMP101.VIBRATION_RMS,2.475,mm/s,GOOD
2025-02-19 07:00:00,PUMP101.VIBRATION_RMS,3.154,mm/s,GOOD
2025-02-19 08:00:00,PUMP101.VIBRATION_RMS,1.515,mm/s,GOOD
2025-02-19 09:00:00,PUMP101.VIBRATION_RMS,2.472,mm/s,GOOD
2025-02-19 10:00:00,PUMP101.VIBRATION_RMS,2.48,mm/s,GOOD
2025-02-19 11:00:00,PUMP101.VIBRATION_RMS,2.137,mm/s,GOOD
2025-02-19 12:00:00,PUMP101.VIBRATION_RMS,3.692,mm/s,GOOD
2025-02-19 13:00:00,PUMP101.VIBRATION_RMS,2.467,mm/s,GOOD
2025-02-19 14:00:00,PUMP101.VIBRATION_RMS,2.296,mm/s,GOOD
2025-02-19 15:00:00,PUMP101.VIBRATION_RMS,2.513,mm/s,GOOD
2025-02-19 16:00:00,PUMP101.VIBRATION_RMS,1.499,mm/s,GOOD
2025-02-19 17:00:00,PUMP101.VIBRATION_RMS,2.12,mm/s,GOOD
2025-02-19 18:00:00,PUMP101.VIBRATION_RMS,2.992,mm/s,GOOD
2025-02-19 19:00:00,PUMP101.VIBRATION_RMS,2.186,mm/s,GOOD
2025-02-19 20:00:00,PUMP101.VIBRATION_RMS,2.086,mm/s,GOOD
2025-02-19 21:00:00,PUMP101.VIBRATION_RMS,3.155,mm/s,BAD
2025-02-19 22:00:00,PUMP101.VIBRATION_RMS,3.17,mm/s,GOOD
2025-02-19 23:00:00,PUMP101.VIBRATION_RMS,2.758,mm/s,GOOD
2025-02-20 00:00:00,PUMP101.VIBRATION_RMS,2.272,mm/s,GOOD
2025-02-20 01:00:00,PUMP101.VIBRATION_RMS,2.38,mm/s,GOOD
2025-02-20 02:00:00,PUMP101.VIBRATION_RMS,2.098,mm/s,GOOD
2025-02-20 03:00:00,PUMP101.VIBRATION_RMS,2.003,mm/s,GOOD
2025-02-20 04:00:00,PUMP101.VIBRATION_RMS,1.978,mm/s,GOOD
2025-02-20 05:00:00,PUMP101.VIBRATION_RMS,2.191,mm/s,GOOD
2025-02-20 06:00:00,PUMP101.VIBRATION_RMS,1.983,mm/s,GOOD
2025-02-20 07:00:00,PUMP101.VIBRATION_RMS,1.718,mm/s,GOOD
2025-02-20 08:00:00,PUMP101.VIBRATION_RMS,2.61,mm/s,GOOD
2025-02-20 09:00:00,PUMP101.VIBRATION_RMS,2.617,mm/s,GOOD
2025-02-20 10:00:00,PUMP101.VIBRATION_RMS,3.35,mm/s,GOOD
2025-02-20 11:00:00,PUMP101.VIBRATION_RMS,2.166,mm/s,GOOD
2025-02-20 12:00:00,PUMP101.VIBRATION_RMS,2.648,mm/s,GOOD
2025-02-20 13:00:00,PUMP101.VIBRATION_RMS,2.656,mm/s,GOOD
2025-02-20 14:00:00,PUMP101.VIBRATION_RMS,2.373,mm/s,GOOD
2025-02-20 15:00:00,PUMP101.VIBRATION_RMS,2.872,mm/s,GOOD
2025-02-20 16:00:00,PUMP101.VIBRATION_RMS,2.888,mm/s,GOOD
2025-02-20 17:00:00,PUMP101.VIBRATION_RMS,2.664,mm/s,GOOD
2025-02-20 18:00:00,PUMP101.VIBRATION_RMS,2.372,mm/s,GOOD
2025-02-20 19:00:00,PUMP101.VIBRATION_RMS,2.321,mm/s,GOOD
2025-02-20 20:00:00,PUMP101.VIBRATION_RMS,1.816,mm/s,GOOD
2025-02-20 21:00:00,PUMP101.VIBRATION_RMS,2.097,mm/s,GOOD
2025-02-20 22:00:00,PUMP101.VIBRATION_RMS,2.189,mm/s,GOOD
2025-02-20 23:00:00,PUMP101.VIBRATION_RMS,1.938,mm/s,GOOD
2025-02-21 00:00:00,PUMP101.VIBRATION_RMS,2.72,mm/s,GOOD
2025-02-21 01:00:00,PUMP101.VIBRATION_RMS,3.098,mm/s,GOOD
2025-02-21 02:00:00,PUMP101.VIBRATION_RMS,2.046,mm/s,GOOD
2025-02-21 03:00:00,PUMP101.VIBRATION_RMS,2.642,mm/s,GOOD
2025-02-21 04:00:00,PUMP101.VIBRATION_RMS,1.983,mm/s,BAD
2025-02-21 05:00:00,PUMP101.VIBRATION_RMS,2.348,mm/s,GOOD
2025-02-21 06:00:00,PUMP101.VIBRATION_RMS,2.155,mm/s,GOOD
2025-02-21 07:00:00,PUMP101.VIBRATION_RMS,2.801,mm/s,GOOD
2025-02-21 08:00:00,PUMP101.VIBRATION_RMS,2.161,mm/s,GOOD
2025-02-21 09:00:00,PUMP101.VIBRATION_RMS,3.006,mm/s,GOOD
2025-02-21 10:00:00,PUMP101.VIBRATION_RMS,2.377,mm/s,GOOD
2025-02-21 11:00:00,PUMP101.VIBRATION_RMS,2.175,mm/s,GOOD
2025-02-21 12:00:00,PUMP101.VIBRATION_RMS,1.873,mm/s,GOOD
2025-02-21 13:00:00,PUMP101.VIBRATION_RMS,2.627,mm/s,GOOD
2025-02-21 14:00:00,PUMP101.VIBRATION_RMS,2.948,mm/s,GOOD
2025-02-21 15:00:00,PUMP101.VIBRATION_RMS,2.637,mm/s,GOOD
2025-02-21 16:00:00,PUMP101.VIBRATION_RMS,3.619,mm/s,GOOD
2025-02-21 17:00:00,PUMP101.VIBRATION_RMS,3.215,mm/s,GOOD
2025-02-21 18:00:00,PUMP101.VIBRATION_RMS,2.346,mm/s,GOOD
2025-02-21 19:00:00,PUMP101.VIBRATION_RMS,2.341,mm/s,GOOD
2025-02-21 20:00:00,PUMP101.VIBRATION_RMS,2.735,mm/s,GOOD
2025-02-21 21:00:00,PUMP101.VIBRATION_RMS,2.081,mm/s,GOOD
2025-02-21 22:00:00,PUMP101.VIBRATION_RMS,3.083,mm/s,GOOD
2025-02-21 23:00:00,PUMP101.VIBRATION_RMS,2.681,mm/s,GOOD
2025-02-22 00:00:00,PUMP101.VIBRATION_RMS,2.628,mm/s,GOOD
2025-02-22 01:00:00,PUMP101.VIBRATION_RMS,2.843,mm/s,GOOD
2025-02-22 02:00:00,PUMP101.VIBRATION_RMS,3.361,mm/s,GOOD
2025-02-22 03:00:00,PUMP101.VIBRATION_RMS,2.585,mm/s,GOOD
2025-02-22 04:00:00,PUMP101.VIBRATION_RMS,2.443,mm/s,GOOD
2025-02-22 05:00:00,PUMP101.VIBRATION_RMS,3.254,mm/s,GOOD
2025-02-22 06:00:00,PUMP101.VIBRATION_RMS,2.984,mm/s,GOOD
2025-02-22 07:00:00,PUMP101.VIBRATION_RMS,2.34,mm/s,GOOD
2025-02-22 08:00:00,PUMP101.VIBRATION_RMS,2.503,mm/s,GOOD
2025-02-22 09:00:00,PUMP101.VIBRATION_RMS,2.598,mm/s,GOOD
2025-02-22 10:00:00,PUMP101.VIBRATION_RMS,2.681,mm/s,GOOD
2025-02-22 11:00:00,PUMP101.VIBRATION_RMS,1.822,mm/s,GOOD
2025-02-22 12:00:00,PUMP101.VIBRATION_RMS,1.729,mm/s,GOOD
2025-02-22 13:00:00,PUMP101.VIBRATION_RMS,2.056,mm/s,GOOD
2025-02-22 14:00:00,PUMP101.VIBRATION_RMS,2.018,mm/s,GOOD
2025-02-22 15:00:00,PUMP101.VIBRATION_RMS,2.178,mm/s,GOOD
2025-02-22 16:00:00,PUMP101.VIBRATION_RMS,2.817,mm/s,GOOD
2025-02-22 17:00:00,PUMP101.VIBRATION_RMS,2.416,mm/s,GOOD
2025-02-22 18:00:00,PUMP101.VIBRATION_RMS,2.598,mm/s,GOOD
2025-02-22 19:00:00,PUMP101.VIBRATION_RMS,1.888,mm/s,GOOD
2025-02-22 20:00:00,PUMP101.VIBRATION_RMS,2.269,mm/s,GOOD
2025-02-22 21:00:00,PUMP101.VIBRATION_RMS,2.794,mm/s,GOOD
2025-02-22 22:00:00,PUMP101.VIBRATION_RMS,2.797,mm/s,GOOD
2025-02-22 23:00:00,PUMP101.VIBRATION_RMS,2.138,mm/s,GOOD
2025-02-23 00:00:00,PUMP101.VIBRATION_RMS,2.581,mm/s,GOOD
2025-02-23 01:00:00,PUMP101.VIBRATION_RMS,3.599,mm/s,GOOD
2025-02-23 02:00:00,PUMP101.VIBRATION_RMS,2.491,mm/s,GOOD
2025-02-23 03:00:00,PUMP101.VIBRATION_RMS,2.153,mm/s,GOOD
2025-02-23 04:00:00,PUMP101.VIBRATION_RMS,2.413,mm/s,GOOD
2025-02-23 05:00:00,PUMP101.VIBRATION_RMS,2.546,mm/s,GOOD
2025-02-23 06:00:00,PUMP101.VIBRATION_RMS,2.424,mm/s,GOOD
2025-02-23 07:00:00,PUMP101.VIBRATION_RMS,2.484,mm/s,GOOD
2025-02-23 08:00:00,PUMP101.VIBRATION_RMS,1.778,mm/s,GOOD
2025-02-23 09:00:00,PUMP101.VIBRATION_RMS,2.019,mm/s,GOOD
2025-02-23 10:00:00,PUMP101.VIBRATION_RMS,2.425,mm/s,GOOD
2025-02-23 11:00:00,PUMP101.VIBRATION_RMS,2.417,mm/s,GOOD
2025-02-23 12:00:00,PUMP101.VIBRATION_RMS,2.217,mm/s,GOOD
2025-02-23 13:00:00,PUMP101.VIBRATION_RMS,2.411,mm/s,GOOD
2025-02-23 14:00:00,PUMP101.VIBRATION_RMS,2.531,mm/s,BAD
2025-02-23 15:00:00,PUMP101.VIBRATION_RMS,2.945,mm/s,GOOD
2025-02-23 16:00:00,PUMP101.VIBRATION_RMS,2.45,mm/s,GOOD
2025-02-23 17:00:00,PUMP101.VIBRATION_RMS,2.7,mm/s,GOOD
2025-02-23 18:00:00,PUMP101.VIBRATION_RMS,2.229,mm/s,GOOD
2025-02-23 19:00:00,PUMP101.VIBRATION_RMS,2.786,mm/s,GOOD
2025-02-23 20:00:00,PUMP101.VIBRATION_RMS,2.688,mm/s,GOOD
2025-02-23 21:00:00,PUMP101.VIBRATION_RMS,2.933,mm/s,GOOD
2025-02-23 22:00:00,PUMP101.VIBRATION_RMS,2.857,mm/s,GOOD
2025-02-23 23:00:00,PUMP101.VIBRATION_RMS,2.794,mm/s,GOOD
2025-02-24 00:00:00,PUMP101.VIBRATION_RMS,2.451,mm/s,GOOD
2025-02-24 01:00:00,PUMP101.VIBRATION_RMS,2.622,mm/s,GOOD
2025-02-24 02:00:00,PUMP101.VIBRATION_RMS,3.032,mm/s,GOOD
2025-02-24 03:00:00,PUMP101.VIBRATION_RMS,2.174,mm/s,GOOD
2025-02-24 04:00:00,PUMP101.VIBRATION_RMS,2.186,mm/s,GOOD
2025-02-24 05:00:00,PUMP101.VIBRATION_RMS,2.591,mm/s,GOOD
2025-02-24 06:00:00,PUMP101.VIBRATION_RMS,2.708,mm/s,GOOD
2025-02-24 07:00:00,PUMP101.VIBRATION_RMS,2.088,mm/s,GOOD
2025-02-24 08:00:00,PUMP101.VIBRATION_RMS,2.463,mm/s,GOOD
2025-02-24 09:00:00,PUMP101.VIBRATION_RMS,2.453,mm/s,GOOD
2025-02-24 10:00:00,PUMP101.VIBRATION_RMS,1.392,mm/s,GOOD
2025-02-24 11:00:00,PUMP101.VIBRATION_RMS,2.39,mm/s,GOOD
2025-02-24 12:00:00,PUMP101.VIBRATION_RMS,2.421,mm/s,GOOD
2025-02-24 13:00:00,PUMP101.VIBRATION_RMS,2.42,mm/s,GOOD
2025-02-24 14:00:00,PUMP101.VIBRATION_RMS,3.208,mm/s,GOOD
2025-02-24 15:00:00,PUMP101.VIBRATION_RMS,1.892,mm/s,GOOD
2025-02-24 16:00:00,PUMP101.VIBRATION_RMS,2.088,mm/s,GOOD
2025-02-24 17:00:00,PUMP101.VIBRATION_RMS,1.194,mm/s,GOOD
2025-02-24 18:00:00,PUMP101.VIBRATION_RMS,2.26,mm/s,GOOD
2025-02-24 19:00:00,PUMP101.VIBRATION_RMS,2.302,mm/s,GOOD
2025-02-24 20:00:00,PUMP101.VIBRATION_RMS,2.245,mm/s,GOOD
2025-02-24 21:00:00,PUMP101.VIBRATION_RMS,3.054,mm/s,GOOD
2025-02-24 22:00:00,PUMP101.VIBRATION_RMS,2.93,mm/s,BAD
2025-02-24 23:00:00,PUMP101.VIBRATION_RMS,2.539,mm/s,GOOD
2025-02-25 00:00:00,PUMP101.VIBRATION_RMS,2.315,mm/s,GOOD
2025-02-25 01:00:00,PUMP101.VIBRATION_RMS,3.013,mm/s,GOOD
2025-02-25 02:00:00,PUMP101.VIBRATION_RMS,2.49,mm/s,GOOD
2025-02-25 03:00:00,PUMP101.VIBRATION_RMS,2.091,mm/s,GOOD
2025-02-25 04:00:00,PUMP101.VIBRATION_RMS,1.642,mm/s,GOOD
2025-02-25 05:00:00,PUMP101.VIBRATION_RMS,2.279,mm/s,GOOD
2025-02-25 06:00:00,PUMP101.VIBRATION_RMS,2.877,mm/s,GOOD
2025-02-25 07:00:00,PUMP101.VIBRATION_RMS,3.638,mm/s,GOOD
2025-02-25 08:00:00,PUMP101.VIBRATION_RMS,2.531,mm/s,GOOD
2025-02-25 09:00:00,PUMP101.VIBRATION_RMS,2.117,mm/s,GOOD
2025-02-25 10:00:00,PUMP101.VIBRATION_RMS,1.908,mm/s,GOOD
2025-02-25 11:00:00,PUMP101.VIBRATION_RMS,2.776,mm/s,GOOD
2025-02-25 12:00:00,PUMP101.VIBRATION_RMS,1.618,mm/s,GOOD
2025-02-25 13:00:00,PUMP101.VIBRATION_RMS,2.775,mm/s,GOOD
2025-02-25 14:00:00,PUMP101.VIBRATION_RMS,2.909,mm/s,GOOD
2025-02-25 15:00:00,PUMP101.VIBRATION_RMS,2.718,mm/s,GOOD
2025-02-25 16:00:00,PUMP101.VIBRATION_RMS,2.39,mm/s,GOOD
2025-02-25 17:00:00,PUMP101.VIBRATION_RMS,2.782,mm/s,GOOD
2025-02-25 18:00:00,PUMP101.VIBRATION_RMS,2.585,mm/s,GOOD
2025-02-25 19:00:00,PUMP101.VIBRATION_RMS,2.111,mm/s,GOOD
2025-02-25 20:00:00,PUMP101.VIBRATION_RMS,3.425,mm/s,BAD
2025-02-25 21:00:00,PUMP101.VIBRATION_RMS,2.324,mm/s,GOOD
2025-02-25 22:00:00,PUMP101.VIBRATION_RMS,2.888,mm/s,GOOD
2025-02-25 23:00:00,PUMP101.VIBRATION_RMS,1.291,mm/s,GOOD
2025-02-26 00:00:00,PUMP101.VIBRATION_RMS,3.138,mm/s,GOOD
2025-02-26 01:00:00,PUMP101.VIBRATION_RMS,3.234,mm/s,GOOD
2025-02-26 02:00:00,PUMP101.VIBRATION_RMS,2.515,mm/s,GOOD
2025-02-26 03:00:00,PUMP101.VIBRATION_RMS,2.779,mm/s,GOOD
2025-02-26 04:00:00,PUMP101.VIBRATION_RMS,2.779,mm/s,GOOD
2025-02-26 05:00:00,PUMP101.VIBRATION_RMS,2.179,mm/s,GOOD
2025-02-26 06:00:00,PUMP101.VIBRATION_RMS,2.774,mm/s,GOOD
2025-02-26 07:00:00,PUMP101.VIBRATION_RMS,2.096,mm/s,GOOD
2025-02-26 08:00:00,PUMP101.VIBRATION_RMS,2.196,mm/s,GOOD
2025-02-26 09:00:00,PUMP101.VIBRATION_RMS,3.063,mm/s,GOOD
2025-02-26 10:00:00,PUMP101.VIBRATION_RMS,2.987,mm/s,GOOD
2025-02-26 11:00:00,PUMP101.VIBRATION_RMS,2.147,mm/s,GOOD
2025-02-26 12:00:00,PUMP101.VIBRATION_RMS,2.133,mm/s,GOOD
2025-02-26 13:00:00,PUMP101.VIBRATION_RMS,2.177,mm/s,GOOD
2025-02-26 14:00:00,PUMP101.VIBRATION_RMS,2.866,mm/s,GOOD
2025-02-26 15:00:00,PUMP101.VIBRATION_RMS,2.0,mm/s,GOOD
2025-02-26 16:00:00,PUMP101.VIBRATION_RMS,2.678,mm/s,GOOD
2025-02-26 17:00:00,PUMP101.VIBRATION_RMS,2.873,mm/s,GOOD
2025-02-26 18:00:00,PUMP101.VIBRATION_RMS,2.456,mm/s,GOOD
2025-02-26 19:00:00,PUMP101.VIBRATION_RMS,3.005,mm/s,GOOD
2025-02-26 20:00:00,PUMP101.VIBRATION_RMS,2.348,mm/s,GOOD
2025-02-26 21:00:00,PUMP101.VIBRATION_RMS,2.393,mm/s,GOOD
2025-02-26 22:00:00,PUMP101.VIBRATION_RMS,2.011,mm/s,GOOD
2025-02-26 23:00:00,PUMP101.VIBRATION_RMS,3.009,mm/s,GOOD
2025-02-27 00:00:00,PUMP101.VIBRATION_RMS,2.117,mm/s,GOOD
2025-02-27 01:00:00,PUMP101.VIBRATION_RMS,2.675,mm/s,GOOD
2025-02-27 02:00:00,PUMP101.VIBRATION_RMS,2.464,mm/s,GOOD
2025-02-27 03:00:00,PUMP101.VIBRATION_RMS,1.974,mm/s,BAD
2025-02-27 04:00:00,PUMP101.VIBRATION_RMS,2.195,mm/s,GOOD
2025-02-27 05:00:00,PUMP101.VIBRATION_RMS,3.191,mm/s,GOOD
2025-02-27 06:00:00,PUMP101.VIBRATION_RMS,2.601,mm/s,GOOD
2025-02-27 07:00:00,PUMP101.VIBRATION_RMS,1.995,mm/s,GOOD
2025-02-27 08:00:00,PUMP101.VIBRATION_RMS,2.653,mm/s,GOOD
2025-02-27 09:00:00,PUMP101.VIBRATION_RMS,2.427,mm/s,GOOD
2025-02-27 10:00:00,PUMP101.VIBRATION_RMS,4.227,mm/s,GOOD
2025-02-27 11:00:00,PUMP101.VIBRATION_RMS,2.643,mm/s,GOOD
2025-02-27 12:00:00,PUMP101.VIBRATION_RMS,2.31,mm/s,GOOD
2025-02-27 13:00:00,PUMP101.VIBRATION_RMS,3.21,mm/s,GOOD
2025-02-27 14:00:00,PUMP101.VIBRATION_RMS,1.579,mm/s,GOOD
2025-02-27 15:00:00,PUMP101.VIBRATION_RMS,2.547,mm/s,GOOD
2025-02-27 16:00:00,PUMP101.VIBRATION_RMS,3.497,mm/s,GOOD
2025-02-27 17:00:00,PUMP101.VIBRATION_RMS,2.442,mm/s,GOOD
2025-02-27 18:00:00,PUMP101.VIBRATION_RMS,1.633,mm/s,GOOD
2025-02-27 19:00:00,PUMP101.VIBRATION_RMS,2.302,mm/s,GOOD
2025-02-27 20:00:00,PUMP101.VIBRATION_RMS,3.227,mm/s,GOOD
2025-02-27 21:00:00,PUMP101.VIBRATION_RMS,2.688,mm/s,GOOD
2025-02-27 22:00:00,PUMP101.VIBRATION_RMS,2.081,mm/s,GOOD
2025-02-27 23:00:00,PUMP101.VIBRATION_RMS,2.157,mm/s,GOOD
2025-02-28 00:00:00,PUMP101.VIBRATION_RMS,2.22,mm/s,GOOD
2025-01-01 00:00:00,PUMP101.DISCHARGE_PRESS,11.229,bar,GOOD
2025-01-01 01:00:00,PUMP101.DISCHARGE_PRESS,11.69,bar,GOOD
2025-01-01 02:00:00,PUMP101.DISCHARGE_PRESS,11.796,bar,GOOD
2025-01-01 03:00:00,PUMP101.DISCHARGE_PRESS,11.798,bar,GOOD
2025-01-01 04:00:00,PUMP101.DISCHARGE_PRESS,12.037,bar,GOOD
2025-01-01 05:00:00,PUMP101.DISCHARGE_PRESS,12.713,bar,GOOD
2025-01-01 06:00:00,PUMP101.DISCHARGE_PRESS,12.406,bar,GOOD
2025-01-01 07:00:00,PUMP101.DISCHARGE_PRESS,11.506,bar,GOOD
2025-01-01 08:00:00,PUMP101.DISCHARGE_PRESS,12.339,bar,GOOD
2025-01-01 09:00:00,PUMP101.DISCHARGE_PRESS,12.32,bar,GOOD
2025-01-01 10:00:00,PUMP101.DISCHARGE_PRESS,11.597,bar,GOOD
2025-01-01 11:00:00,PUMP101.DISCHARGE_PRESS,12.424,bar,GOOD
2025-01-01 12:00:00,PUMP101.DISCHARGE_PRESS,11.92,bar,GOOD
2025-01-01 13:00:00,PUMP101.DISCHARGE_PRESS,11.295,bar,GOOD
2025-01-01 14:00:00,PUMP101.DISCHARGE_PRESS,12.228,bar,GOOD
2025-01-01 15:00:00,PUMP101.DISCHARGE_PRESS,12.108,bar,GOOD
2025-01-01 16:00:00,PUMP101.DISCHARGE_PRESS,11.886,bar,GOOD
2025-01-01 17:00:00,PUMP101.DISCHARGE_PRESS,11.981,bar,BAD
2025-01-01 18:00:00,PUMP101.DISCHARGE_PRESS,11.64,bar,GOOD
2025-01-01 19:00:00,PUMP101.DISCHARGE_PRESS,12.305,bar,GOOD
2025-01-01 20:00:00,PUMP101.DISCHARGE_PRESS,11.978,bar,GOOD
2025-01-01 21:00:00,PUMP101.DISCHARGE_PRESS,12.083,bar,GOOD
2025-01-01 22:00:00,PUMP101.DISCHARGE_PRESS,12.179,bar,GOOD
2025-01-01 23:00:00,PUMP101.DISCHARGE_PRESS,11.423,bar,GOOD
2025-01-02 00:00:00,PUMP101.DISCHARGE_PRESS,11.553,bar,GOOD
2025-01-02 01:00:00,PUMP101.DISCHARGE_PRESS,10.895,bar,GOOD
2025-01-02 02:00:00,PUMP101.DISCHARGE_PRESS,12.282,bar,GOOD
2025-01-02 03:00:00,PUMP101.DISCHARGE_PRESS,11.394,bar,GOOD
2025-01-02 04:00:00,PUMP101.DISCHARGE_PRESS,12.066,bar,GOOD
2025-01-02 05:00:00,PUMP101.DISCHARGE_PRESS,12.185,bar,GOOD
2025-01-02 06:00:00,PUMP101.DISCHARGE_PRESS,12.301,bar,GOOD
2025-01-02 07:00:00,PUMP101.DISCHARGE_PRESS,11.398,bar,GOOD
2025-01-02 08:00:00,PUMP101.DISCHARGE_PRESS,11.967,bar,GOOD
2025-01-02 09:00:00,PUMP101.DISCHARGE_PRESS,12.835,bar,GOOD
2025-01-02 10:00:00,PUMP101.DISCHARGE_PRESS,12.857,bar,GOOD
2025-01-02 11:00:00,PUMP101.DISCHARGE_PRESS,12.494,bar,GOOD
2025-01-02 12:00:00,PUMP101.DISCHARGE_PRESS,12.169,bar,GOOD
2025-01-02 13:00:00,PUMP101.DISCHARGE_PRESS,11.497,bar,GOOD
2025-01-02 14:00:00,PUMP101.DISCHARGE_PRESS,12.359,bar,GOOD
2025-01-02 15:00:00,PUMP101.DISCHARGE_PRESS,11.921,bar,BAD
2025-01-02 16:00:00,PUMP101.DISCHARGE_PRESS,12.28,bar,GOOD
2025-01-02 17:00:00,PUMP101.DISCHARGE_PRESS,11.684,bar,GOOD
2025-01-02 18:00:00,PUMP101.DISCHARGE_PRESS,11.914,bar,GOOD
2025-01-02 19:00:00,PUMP101.DISCHARGE_PRESS,12.082,bar,GOOD
2025-01-02 20:00:00,PUMP101.DISCHARGE_PRESS,12.123,bar,GOOD
2025-01-02 21:00:00,PUMP101.DISCHARGE_PRESS,12.247,bar,GOOD
2025-01-02 22:00:00,PUMP101.DISCHARGE_PRESS,11.71,bar,GOOD
2025-01-02 23:00:00,PUMP101.DISCHARGE_PRESS,11.328,bar,GOOD
2025-01-03 00:00:00,PUMP101.DISCHARGE_PRESS,12.812,bar,GOOD
2025-01-03 01:00:00,PUMP101.DISCHARGE_PRESS,13.245,bar,GOOD
2025-01-03 02:00:00,PUMP101.DISCHARGE_PRESS,12.224,bar,GOOD
2025-01-03 03:00:00,PUMP101.DISCHARGE_PRESS,11.338,bar,GOOD
2025-01-03 04:00:00,PUMP101.DISCHARGE_PRESS,11.613,bar,GOOD
2025-01-03 05:00:00,PUMP101.DISCHARGE_PRESS,12.255,bar,GOOD
2025-01-03 06:00:00,PUMP101.DISCHARGE_PRESS,12.671,bar,GOOD
2025-01-03 07:00:00,PUMP101.DISCHARGE_PRESS,11.394,bar,GOOD
2025-01-03 08:00:00,PUMP101.DISCHARGE_PRESS,11.938,bar,GOOD
2025-01-03 09:00:00,PUMP101.DISCHARGE_PRESS,12.098,bar,GOOD
2025-01-03 10:00:00,PUMP101.DISCHARGE_PRESS,12.432,bar,GOOD
2025-01-03 11:00:00,PUMP101.DISCHARGE_PRESS,11.828,bar,GOOD
2025-01-03 12:00:00,PUMP101.DISCHARGE_PRESS,11.218,bar,GOOD
2025-01-03 13:00:00,PUMP101.DISCHARGE_PRESS,12.311,bar,GOOD
2025-01-03 14:00:00,PUMP101.DISCHARGE_PRESS,12.562,bar,GOOD
2025-01-03 15:00:00,PUMP101.DISCHARGE_PRESS,11.959,bar,GOOD
2025-01-03 16:00:00,PUMP101.DISCHARGE_PRESS,12.203,bar,GOOD
2025-01-03 17:00:00,PUMP101.DISCHARGE_PRESS,11.763,bar,GOOD
2025-01-03 18:00:00,PUMP101.DISCHARGE_PRESS,11.577,bar,GOOD
2025-01-03 19:00:00,PUMP101.DISCHARGE_PRESS,12.513,bar,GOOD
2025-01-03 20:00:00,PUMP101.DISCHARGE_PRESS,12.194,bar,GOOD
2025-01-03 21:00:00,PUMP101.DISCHARGE_PRESS,12.245,bar,GOOD
2025-01-03 22:00:00,PUMP101.DISCHARGE_PRESS,12.751,bar,GOOD
2025-01-03 23:00:00,PUMP101.DISCHARGE_PRESS,11.473,bar,GOOD
2025-01-04 00:00:00,PUMP101.DISCHARGE_PRESS,11.724,bar,GOOD
2025-01-04 01:00:00,PUMP101.DISCHARGE_PRESS,12.079,bar,GOOD
2025-01-04 02:00:00,PUMP101.DISCHARGE_PRESS,11.718,bar,GOOD
2025-01-04 03:00:00,PUMP101.DISCHARGE_PRESS,12.392,bar,GOOD
2025-01-04 04:00:00,PUMP101.DISCHARGE_PRESS,11.906,bar,GOOD
2025-01-04 05:00:00,PUMP101.DISCHARGE_PRESS,11.504,bar,GOOD
2025-01-04 06:00:00,PUMP101.DISCHARGE_PRESS,12.033,bar,GOOD
2025-01-04 07:00:00,PUMP101.DISCHARGE_PRESS,12.085,bar,GOOD
2025-01-04 08:00:00,PUMP101.DISCHARGE_PRESS,12.467,bar,GOOD
2025-01-04 09:00:00,PUMP101.DISCHARGE_PRESS,12.197,bar,GOOD
2025-01-04 10:00:00,PUMP101.DISCHARGE_PRESS,12.231,bar,GOOD
2025-01-04 11:00:00,PUMP101.DISCHARGE_PRESS,12.16,bar,GOOD
2025-01-04 12:00:00,PUMP101.DISCHARGE_PRESS,11.906,bar,GOOD
2025-01-04 13:00:00,PUMP101.DISCHARGE_PRESS,11.642,bar,GOOD
2025-01-04 14:00:00,PUMP101.DISCHARGE_PRESS,12.144,bar,GOOD
2025-01-04 15:00:00,PUMP101.DISCHARGE_PRESS,11.833,bar,GOOD
2025-01-04 16:00:00,PUMP101.DISCHARGE_PRESS,12.845,bar,GOOD
2025-01-04 17:00:00,PUMP101.DISCHARGE_PRESS,12.671,bar,GOOD
2025-01-04 18:00:00,PUMP101.DISCHARGE_PRESS,12.316,bar,GOOD
2025-01-04 19:00:00,PUMP101.DISCHARGE_PRESS,12.189,bar,GOOD
2025-01-04 20:00:00,PUMP101.DISCHARGE_PRESS,11.956,bar,GOOD
2025-01-04 21:00:00,PUMP101.DISCHARGE_PRESS,11.369,bar,BAD
2025-01-04 22:00:00,PUMP101.DISCHARGE_PRESS,11.892,bar,GOOD
2025-01-04 23:00:00,PUMP101.DISCHARGE_PRESS,12.051,bar,GOOD
2025-01-05 00:00:00,PUMP101.DISCHARGE_PRESS,12.115,bar,GOOD
2025-01-05 01:00:00,PUMP101.DISCHARGE_PRESS,12.235,bar,GOOD
2025-01-05 02:00:00,PUMP101.DISCHARGE_PRESS,12.461,bar,GOOD
2025-01-05 03:00:00,PUMP101.DISCHARGE_PRESS,11.654,bar,GOOD
2025-01-05 04:00:00,PUMP101.DISCHARGE_PRESS,11.658,bar,GOOD
2025-01-05 05:00:00,PUMP101.DISCHARGE_PRESS,12.725,bar,GOOD
2025-01-05 06:00:00,PUMP101.DISCHARGE_PRESS,12.385,bar,GOOD
2025-01-05 07:00:00,PUMP101.DISCHARGE_PRESS,11.805,bar,GOOD
2025-01-05 08:00:00,PUMP101.DISCHARGE_PRESS,11.946,bar,GOOD
2025-01-05 09:00:00,PUMP101.DISCHARGE_PRESS,11.949,bar,GOOD
2025-01-05 10:00:00,PUMP101.DISCHARGE_PRESS,12.016,bar,GOOD
2025-01-05 11:00:00,PUMP101.DISCHARGE_PRESS,12.236,bar,GOOD
2025-01-05 12:00:00,PUMP101.DISCHARGE_PRESS,13.267,bar,GOOD
2025-01-05 13:00:00,PUMP101.DISCHARGE_PRESS,12.095,bar,GOOD
2025-01-05 14:00:00,PUMP101.DISCHARGE_PRESS,12.331,bar,GOOD
2025-01-05 15:00:00,PUMP101.DISCHARGE_PRESS,11.157,bar,GOOD
2025-01-05 16:00:00,PUMP101.DISCHARGE_PRESS,11.758,bar,GOOD
2025-01-05 17:00:00,PUMP101.DISCHARGE_PRESS,12.614,bar,GOOD
2025-01-05 18:00:00,PUMP101.DISCHARGE_PRESS,12.201,bar,GOOD
2025-01-05 19:00:00,PUMP101.DISCHARGE_PRESS,9.805,bar,GOOD
2025-01-05 20:00:00,PUMP101.DISCHARGE_PRESS,12.337,bar,GOOD
2025-01-05 21:00:00,PUMP101.DISCHARGE_PRESS,12.959,bar,GOOD
2025-01-05 22:00:00,PUMP101.DISCHARGE_PRESS,11.002,bar,GOOD
2025-01-05 23:00:00,PUMP101.DISCHARGE_PRESS,12.76,bar,GOOD
2025-01-06 00:00:00,PUMP101.DISCHARGE_PRESS,10.614,bar,BAD
2025-01-06 01:00:00,PUMP101.DISCHARGE_PRESS,12.469,bar,GOOD
2025-01-06 02:00:00,PUMP101.DISCHARGE_PRESS,11.996,bar,GOOD
2025-01-06 03:00:00,PUMP101.DISCHARGE_PRESS,10.825,bar,GOOD
2025-01-06 04:00:00,PUMP101.DISCHARGE_PRESS,12.223,bar,GOOD
2025-01-06 05:00:00,PUMP101.DISCHARGE_PRESS,12.575,bar,GOOD
2025-01-06 06:00:00,PUMP101.DISCHARGE_PRESS,12.182,bar,GOOD
2025-01-06 07:00:00,PUMP101.DISCHARGE_PRESS,12.292,bar,GOOD
2025-01-06 08:00:00,PUMP101.DISCHARGE_PRESS,11.794,bar,GOOD
2025-01-06 09:00:00,PUMP101.DISCHARGE_PRESS,11.069,bar,GOOD
2025-01-06 10:00:00,PUMP101.DISCHARGE_PRESS,12.346,bar,GOOD
2025-01-06 11:00:00,PUMP101.DISCHARGE_PRESS,12.875,bar,GOOD
2025-01-06 12:00:00,PUMP101.DISCHARGE_PRESS,12.565,bar,GOOD
2025-01-06 13:00:00,PUMP101.DISCHARGE_PRESS,11.006,bar,GOOD
2025-01-06 14:00:00,PUMP101.DISCHARGE_PRESS,11.243,bar,GOOD
2025-01-06 15:00:00,PUMP101.DISCHARGE_PRESS,11.577,bar,GOOD
2025-01-06 16:00:00,PUMP101.DISCHARGE_PRESS,11.204,bar,GOOD
2025-01-06 17:00:00,PUMP101.DISCHARGE_PRESS,12.022,bar,GOOD
2025-01-06 18:00:00,PUMP101.DISCHARGE_PRESS,12.197,bar,GOOD
2025-01-06 19:00:00,PUMP101.DISCHARGE_PRESS,11.285,bar,GOOD
2025-01-06 20:00:00,PUMP101.DISCHARGE_PRESS,12.389,bar,GOOD
2025-01-06 21:00:00,PUMP101.DISCHARGE_PRESS,12.301,bar,GOOD
2025-01-06 22:00:00,PUMP101.DISCHARGE_PRESS,11.726,bar,GOOD
2025-01-06 23:00:00,PUMP101.DISCHARGE_PRESS,11.914,bar,GOOD
2025-01-07 00:00:00,PUMP101.DISCHARGE_PRESS,11.025,bar,GOOD
2025-01-07 01:00:00,PUMP101.DISCHARGE_PRESS,11.834,bar,GOOD
2025-01-07 02:00:00,PUMP101.DISCHARGE_PRESS,12.004,bar,GOOD
2025-01-07 03:00:00,PUMP101.DISCHARGE_PRESS,12.084,bar,GOOD
2025-01-07 04:00:00,PUMP101.DISCHARGE_PRESS,12.189,bar,GOOD
2025-01-07 05:00:00,PUMP101.DISCHARGE_PRESS,12.122,bar,GOOD
2025-01-07 06:00:00,PUMP101.DISCHARGE_PRESS,11.868,bar,GOOD
2025-01-07 07:00:00,PUMP101.DISCHARGE_PRESS,12.143,bar,GOOD
2025-01-07 08:00:00,PUMP101.DISCHARGE_PRESS,12.501,bar,GOOD
2025-01-07 09:00:00,PUMP101.DISCHARGE_PRESS,11.952,bar,GOOD
2025-01-07 10:00:00,PUMP101.DISCHARGE_PRESS,12.159,bar,GOOD
2025-01-07 11:00:00,PUMP101.DISCHARGE_PRESS,11.907,bar,GOOD
2025-01-07 12:00:00,PUMP101.DISCHARGE_PRESS,11.677,bar,GOOD
2025-01-07 13:00:00,PUMP101.DISCHARGE_PRESS,12.261,bar,GOOD
2025-01-07 14:00:00,PUMP101.DISCHARGE_PRESS,11.722,bar,GOOD
2025-01-07 15:00:00,PUMP101.DISCHARGE_PRESS,12.193,bar,GOOD
2025-01-07 16:00:00,PUMP101.DISCHARGE_PRESS,12.014,bar,GOOD
2025-01-07 17:00:00,PUMP101.DISCHARGE_PRESS,11.848,bar,GOOD
2025-01-07 18:00:00,PUMP101.DISCHARGE_PRESS,11.836,bar,GOOD
2025-01-07 19:00:00,PUMP101.DISCHARGE_PRESS,11.746,bar,GOOD
2025-01-07 20:00:00,PUMP101.DISCHARGE_PRESS,11.177,bar,GOOD
2025-01-07 21:00:00,PUMP101.DISCHARGE_PRESS,12.191,bar,GOOD
2025-01-07 22:00:00,PUMP101.DISCHARGE_PRESS,12.116,bar,GOOD
2025-01-07 23:00:00,PUMP101.DISCHARGE_PRESS,12.425,bar,GOOD
2025-01-08 00:00:00,PUMP101.DISCHARGE_PRESS,11.734,bar,GOOD
2025-01-08 01:00:00,PUMP101.DISCHARGE_PRESS,12.948,bar,GOOD
2025-01-08 02:00:00,PUMP101.DISCHARGE_PRESS,11.81,bar,GOOD
2025-01-08 03:00:00,PUMP101.DISCHARGE_PRESS,11.562,bar,GOOD
2025-01-08 04:00:00,PUMP101.DISCHARGE_PRESS,11.503,bar,GOOD
2025-01-08 05:00:00,PUMP101.DISCHARGE_PRESS,11.133,bar,GOOD
2025-01-08 06:00:00,PUMP101.DISCHARGE_PRESS,12.766,bar,GOOD
2025-01-08 07:00:00,PUMP101.DISCHARGE_PRESS,12.686,bar,GOOD
2025-01-08 08:00:00,PUMP101.DISCHARGE_PRESS,12.3,bar,GOOD
2025-01-08 09:00:00,PUMP101.DISCHARGE_PRESS,11.552,bar,GOOD
2025-01-08 10:00:00,PUMP101.DISCHARGE_PRESS,12.906,bar,GOOD
2025-01-08 11:00:00,PUMP101.DISCHARGE_PRESS,11.824,bar,GOOD
2025-01-08 12:00:00,PUMP101.DISCHARGE_PRESS,11.865,bar,GOOD
2025-01-08 13:00:00,PUMP101.DISCHARGE_PRESS,12.719,bar,GOOD
2025-01-08 14:00:00,PUMP101.DISCHARGE_PRESS,12.329,bar,GOOD
2025-01-08 15:00:00,PUMP101.DISCHARGE_PRESS,13.101,bar,GOOD
2025-01-08 16:00:00,PUMP101.DISCHARGE_PRESS,12.124,bar,GOOD
2025-01-08 17:00:00,PUMP101.DISCHARGE_PRESS,11.801,bar,GOOD
2025-01-08 18:00:00,PUMP101.DISCHARGE_PRESS,11.694,bar,GOOD
2025-01-08 19:00:00,PUMP101.DISCHARGE_PRESS,11.077,bar,GOOD
2025-01-08 20:00:00,PUMP101.DISCHARGE_PRESS,11.861,bar,GOOD
2025-01-08 21:00:00,PUMP101.DISCHARGE_PRESS,12.572,bar,GOOD
2025-01-08 22:00:00,PUMP101.DISCHARGE_PRESS,12.299,bar,GOOD
2025-01-08 23:00:00,PUMP101.DISCHARGE_PRESS,12.01,bar,GOOD
2025-01-09 00:00:00,PUMP101.DISCHARGE_PRESS,11.503,bar,GOOD
2025-01-09 01:00:00,PUMP101.DISCHARGE_PRESS,12.113,bar,GOOD
2025-01-09 02:00:00,PUMP101.DISCHARGE_PRESS,12.506,bar,GOOD
2025-01-09 03:00:00,PUMP101.DISCHARGE_PRESS,12.215,bar,GOOD
2025-01-09 04:00:00,PUMP101.DISCHARGE_PRESS,12.083,bar,GOOD
2025-01-09 05:00:00,PUMP101.DISCHARGE_PRESS,11.602,bar,GOOD
2025-01-09 06:00:00,PUMP101.DISCHARGE_PRESS,12.434,bar,GOOD
2025-01-09 07:00:00,PUMP101.DISCHARGE_PRESS,10.434,bar,GOOD
2025-01-09 08:00:00,PUMP101.DISCHARGE_PRESS,12.191,bar,GOOD
2025-01-09 09:00:00,PUMP101.DISCHARGE_PRESS,13.285,bar,GOOD
2025-01-09 10:00:00,PUMP101.DISCHARGE_PRESS,11.246,bar,GOOD
2025-01-09 11:00:00,PUMP101.DISCHARGE_PRESS,11.879,bar,GOOD
2025-01-09 12:00:00,PUMP101.DISCHARGE_PRESS,11.996,bar,GOOD
2025-01-09 13:00:00,PUMP101.DISCHARGE_PRESS,11.769,bar,GOOD
2025-01-09 14:00:00,PUMP101.DISCHARGE_PRESS,12.518,bar,GOOD
2025-01-09 15:00:00,PUMP101.DISCHARGE_PRESS,12.236,bar,GOOD
2025-01-09 16:00:00,PUMP101.DISCHARGE_PRESS,12.076,bar,GOOD
2025-01-09 17:00:00,PUMP101.DISCHARGE_PRESS,12.399,bar,GOOD
2025-01-09 18:00:00,PUMP101.DISCHARGE_PRESS,12.008,bar,GOOD
2025-01-09 19:00:00,PUMP101.DISCHARGE_PRESS,13.59,bar,GOOD
2025-01-09 20:00:00,PUMP101.DISCHARGE_PRESS,12.076,bar,GOOD
2025-01-09 21:00:00,PUMP101.DISCHARGE_PRESS,12.098,bar,GOOD
2025-01-09 22:00:00,PUMP101.DISCHARGE_PRESS,11.145,bar,GOOD
2025-01-09 23:00:00,PUMP101.DISCHARGE_PRESS,11.728,bar,GOOD
2025-01-10 00:00:00,PUMP101.DISCHARGE_PRESS,12.574,bar,GOOD
2025-01-10 01:00:00,PUMP101.DISCHARGE_PRESS,11.332,bar,GOOD
2025-01-10 02:00:00,PUMP101.DISCHARGE_PRESS,10.921,bar,GOOD
2025-01-10 03:00:00,PUMP101.DISCHARGE_PRESS,12.016,bar,GOOD
2025-01-10 04:00:00,PUMP101.DISCHARGE_PRESS,12.685,bar,GOOD
2025-01-10 05:00:00,PUMP101.DISCHARGE_PRESS,12.021,bar,GOOD
2025-01-10 06:00:00,PUMP101.DISCHARGE_PRESS,11.832,bar,GOOD
2025-01-10 07:00:00,PUMP101.DISCHARGE_PRESS,11.071,bar,GOOD
2025-01-10 08:00:00,PUMP101.DISCHARGE_PRESS,12.226,bar,GOOD
2025-01-10 09:00:00,PUMP101.DISCHARGE_PRESS,12.331,bar,GOOD
2025-01-10 10:00:00,PUMP101.DISCHARGE_PRESS,11.109,bar,GOOD
2025-01-10 11:00:00,PUMP101.DISCHARGE_PRESS,12.567,bar,GOOD
2025-01-10 12:00:00,PUMP101.DISCHARGE_PRESS,12.383,bar,GOOD
2025-01-10 13:00:00,PUMP101.DISCHARGE_PRESS,12.566,bar,GOOD
2025-01-10 14:00:00,PUMP101.DISCHARGE_PRESS,12.292,bar,GOOD
2025-01-10 15:00:00,PUMP101.DISCHARGE_PRESS,12.327,bar,GOOD
2025-01-10 16:00:00,PUMP101.DISCHARGE_PRESS,12.26,bar,GOOD
2025-01-10 17:00:00,PUMP101.DISCHARGE_PRESS,12.434,bar,GOOD
2025-01-10 18:00:00,PUMP101.DISCHARGE_PRESS,11.091,bar,GOOD
2025-01-10 19:00:00,PUMP101.DISCHARGE_PRESS,11.249,bar,GOOD
2025-01-10 20:00:00,PUMP101.DISCHARGE_PRESS,11.632,bar,GOOD
2025-01-10 21:00:00,PUMP101.DISCHARGE_PRESS,11.935,bar,GOOD
2025-01-10 22:00:00,PUMP101.DISCHARGE_PRESS,12.194,bar,GOOD
2025-01-10 23:00:00,PUMP101.DISCHARGE_PRESS,12.162,bar,GOOD
2025-01-11 00:00:00,PUMP101.DISCHARGE_PRESS,12.559,bar,GOOD
2025-01-11 01:00:00,PUMP101.DISCHARGE_PRESS,12.574,bar,GOOD
2025-01-11 02:00:00,PUMP101.DISCHARGE_PRESS,11.564,bar,GOOD
2025-01-11 03:00:00,PUMP101.DISCHARGE_PRESS,12.119,bar,GOOD
2025-01-11 04:00:00,PUMP101.DISCHARGE_PRESS,11.576,bar,GOOD
2025-01-11 05:00:00,PUMP101.DISCHARGE_PRESS,11.906,bar,GOOD
2025-01-11 06:00:00,PUMP101.DISCHARGE_PRESS,12.161,bar,GOOD
2025-01-11 07:00:00,PUMP101.DISCHARGE_PRESS,10.296,bar,GOOD
2025-01-11 08:00:00,PUMP101.DISCHARGE_PRESS,13.206,bar,GOOD
2025-01-11 09:00:00,PUMP101.DISCHARGE_PRESS,12.283,bar,GOOD
2025-01-11 10:00:00,PUMP101.DISCHARGE_PRESS,11.702,bar,GOOD
2025-01-11 11:00:00,PUMP101.DISCHARGE_PRESS,12.964,bar,GOOD
2025-01-11 12:00:00,PUMP101.DISCHARGE_PRESS,11.826,bar,GOOD
2025-01-11 13:00:00,PUMP101.DISCHARGE_PRESS,12.066,bar,GOOD
2025-01-11 14:00:00,PUMP101.DISCHARGE_PRESS,11.756,bar,GOOD
2025-01-11 15:00:00,PUMP101.DISCHARGE_PRESS,12.826,bar,GOOD
2025-01-11 16:00:00,PUMP101.DISCHARGE_PRESS,11.948,bar,GOOD
2025-01-11 17:00:00,PUMP101.DISCHARGE_PRESS,12.075,bar,GOOD
2025-01-11 18:00:00,PUMP101.DISCHARGE_PRESS,12.602,bar,GOOD
2025-01-11 19:00:00,PUMP101.DISCHARGE_PRESS,12.293,bar,GOOD
2025-01-11 20:00:00,PUMP101.DISCHARGE_PRESS,11.973,bar,GOOD
2025-01-11 21:00:00,PUMP101.DISCHARGE_PRESS,12.555,bar,GOOD
2025-01-11 22:00:00,PUMP101.DISCHARGE_PRESS,13.269,bar,GOOD
2025-01-11 23:00:00,PUMP101.DISCHARGE_PRESS,12.159,bar,GOOD
2025-01-12 00:00:00,PUMP101.DISCHARGE_PRESS,12.058,bar,GOOD
2025-01-12 01:00:00,PUMP101.DISCHARGE_PRESS,12.085,bar,GOOD
2025-01-12 02:00:00,PUMP101.DISCHARGE_PRESS,12.655,bar,GOOD
2025-01-12 03:00:00,PUMP101.DISCHARGE_PRESS,11.7,bar,GOOD
2025-01-12 04:00:00,PUMP101.DISCHARGE_PRESS,11.861,bar,GOOD
2025-01-12 05:00:00,PUMP101.DISCHARGE_PRESS,11.231,bar,GOOD
2025-01-12 06:00:00,PUMP101.DISCHARGE_PRESS,11.408,bar,GOOD
2025-01-12 07:00:00,PUMP101.DISCHARGE_PRESS,11.741,bar,GOOD
2025-01-12 08:00:00,PUMP101.DISCHARGE_PRESS,11.972,bar,GOOD
2025-01-12 09:00:00,PUMP101.DISCHARGE_PRESS,12.885,bar,GOOD
2025-01-12 10:00:00,PUMP101.DISCHARGE_PRESS,12.268,bar,GOOD
2025-01-12 11:00:00,PUMP101.DISCHARGE_PRESS,11.544,bar,GOOD
2025-01-12 12:00:00,PUMP101.DISCHARGE_PRESS,11.636,bar,GOOD
2025-01-12 13:00:00,PUMP101.DISCHARGE_PRESS,12.687,bar,GOOD
2025-01-12 14:00:00,PUMP101.DISCHARGE_PRESS,12.563,bar,GOOD
2025-01-12 15:00:00,PUMP101.DISCHARGE_PRESS,12.014,bar,GOOD
2025-01-12 16:00:00,PUMP101.DISCHARGE_PRESS,11.779,bar,GOOD
2025-01-12 17:00:00,PUMP101.DISCHARGE_PRESS,12.562,bar,GOOD
2025-01-12 18:00:00,PUMP101.DISCHARGE_PRESS,11.503,bar,GOOD
2025-01-12 19:00:00,PUMP101.DISCHARGE_PRESS,12.196,bar,GOOD
2025-01-12 20:00:00,PUMP101.DISCHARGE_PRESS,13.136,bar,GOOD
2025-01-12 21:00:00,PUMP101.DISCHARGE_PRESS,12.103,bar,GOOD
2025-01-12 22:00:00,PUMP101.DISCHARGE_PRESS,11.612,bar,GOOD
2025-01-12 23:00:00,PUMP101.DISCHARGE_PRESS,12.205,bar,GOOD
2025-01-13 00:00:00,PUMP101.DISCHARGE_PRESS,11.765,bar,GOOD
2025-01-13 01:00:00,PUMP101.DISCHARGE_PRESS,11.303,bar,GOOD
2025-01-13 02:00:00,PUMP101.DISCHARGE_PRESS,12.351,bar,GOOD
2025-01-13 03:00:00,PUMP101.DISCHARGE_PRESS,12.559,bar,GOOD
2025-01-13 04:00:00,PUMP101.DISCHARGE_PRESS,11.845,bar,GOOD
2025-01-13 05:00:00,PUMP101.DISCHARGE_PRESS,11.811,bar,GOOD
2025-01-13 06:00:00,PUMP101.DISCHARGE_PRESS,11.519,bar,GOOD
2025-01-13 07:00:00,PUMP101.DISCHARGE_PRESS,11.925,bar,GOOD
2025-01-13 08:00:00,PUMP101.DISCHARGE_PRESS,11.719,bar,GOOD
2025-01-13 09:00:00,PUMP101.DISCHARGE_PRESS,11.494,bar,GOOD
2025-01-13 10:00:00,PUMP101.DISCHARGE_PRESS,12.946,bar,GOOD
2025-01-13 11:00:00,PUMP101.DISCHARGE_PRESS,12.233,bar,GOOD
2025-01-13 12:00:00,PUMP101.DISCHARGE_PRESS,12.286,bar,GOOD
2025-01-13 13:00:00,PUMP101.DISCHARGE_PRESS,12.442,bar,GOOD
2025-01-13 14:00:00,PUMP101.DISCHARGE_PRESS,12.386,bar,GOOD
2025-01-13 15:00:00,PUMP101.DISCHARGE_PRESS,11.793,bar,GOOD
2025-01-13 16:00:00,PUMP101.DISCHARGE_PRESS,12.136,bar,GOOD
2025-01-13 17:00:00,PUMP101.DISCHARGE_PRESS,11.865,bar,GOOD
2025-01-13 18:00:00,PUMP101.DISCHARGE_PRESS,12.219,bar,GOOD
2025-01-13 19:00:00,PUMP101.DISCHARGE_PRESS,12.171,bar,GOOD
2025-01-13 20:00:00,PUMP101.DISCHARGE_PRESS,11.809,bar,GOOD
2025-01-13 21:00:00,PUMP101.DISCHARGE_PRESS,11.335,bar,BAD
2025-01-13 22:00:00,PUMP101.DISCHARGE_PRESS,12.073,bar,GOOD
2025-01-13 23:00:00,PUMP101.DISCHARGE_PRESS,11.898,bar,GOOD
2025-01-14 00:00:00,PUMP101.DISCHARGE_PRESS,11.055,bar,GOOD
2025-01-14 01:00:00,PUMP101.DISCHARGE_PRESS,12.254,bar,GOOD
2025-01-14 02:00:00,PUMP101.DISCHARGE_PRESS,12.483,bar,GOOD
2025-01-14 03:00:00,PUMP101.DISCHARGE_PRESS,13.264,bar,GOOD
2025-01-14 04:00:00,PUMP101.DISCHARGE_PRESS,11.804,bar,GOOD
2025-01-14 05:00:00,PUMP101.DISCHARGE_PRESS,11.731,bar,GOOD
2025-01-14 06:00:00,PUMP101.DISCHARGE_PRESS,11.445,bar,GOOD
2025-01-14 07:00:00,PUMP101.DISCHARGE_PRESS,12.104,bar,GOOD
2025-01-14 08:00:00,PUMP101.DISCHARGE_PRESS,12.101,bar,GOOD
2025-01-14 09:00:00,PUMP101.DISCHARGE_PRESS,11.594,bar,GOOD
2025-01-14 10:00:00,PUMP101.DISCHARGE_PRESS,11.913,bar,GOOD
2025-01-14 11:00:00,PUMP101.DISCHARGE_PRESS,11.011,bar,BAD
2025-01-14 12:00:00,PUMP101.DISCHARGE_PRESS,12.463,bar,GOOD
2025-01-14 13:00:00,PUMP101.DISCHARGE_PRESS,11.615,bar,GOOD
2025-01-14 14:00:00,PUMP101.DISCHARGE_PRESS,11.983,bar,GOOD
2025-01-14 15:00:00,PUMP101.DISCHARGE_PRESS,11.287,bar,GOOD
2025-01-14 16:00:00,PUMP101.DISCHARGE_PRESS,11.709,bar,GOOD
2025-01-14 17:00:00,PUMP101.DISCHARGE_PRESS,11.86,bar,GOOD
2025-01-14 18:00:00,PUMP101.DISCHARGE_PRESS,11.994,bar,GOOD
2025-01-14 19:00:00,PUMP101.DISCHARGE_PRESS,12.24,bar,GOOD
2025-01-14 20:00:00,PUMP101.DISCHARGE_PRESS,12.72,bar,GOOD
2025-01-14 21:00:00,PUMP101.DISCHARGE_PRESS,12.366,bar,GOOD
2025-01-14 22:00:00,PUMP101.DISCHARGE_PRESS,12.481,bar,GOOD
2025-01-14 23:00:00,PUMP101.DISCHARGE_PRESS,12.723,bar,GOOD
2025-01-15 00:00:00,PUMP101.DISCHARGE_PRESS,12.285,bar,GOOD
2025-01-15 01:00:00,PUMP101.DISCHARGE_PRESS,11.982,bar,GOOD
2025-01-15 02:00:00,PUMP101.DISCHARGE_PRESS,12.505,bar,GOOD
2025-01-15 03:00:00,PUMP101.DISCHARGE_PRESS,12.537,bar,GOOD
2025-01-15 04:00:00,PUMP101.DISCHARGE_PRESS,12.324,bar,GOOD
2025-01-15 05:00:00,PUMP101.DISCHARGE_PRESS,11.273,bar,GOOD
2025-01-15 06:00:00,PUMP101.DISCHARGE_PRESS,11.579,bar,GOOD
2025-01-15 07:00:00,PUMP101.DISCHARGE_PRESS,11.863,bar,GOOD
2025-01-15 08:00:00,PUMP101.DISCHARGE_PRESS,12.39,bar,GOOD
2025-01-15 09:00:00,PUMP101.DISCHARGE_PRESS,11.989,bar,GOOD
2025-01-15 10:00:00,PUMP101.DISCHARGE_PRESS,12.568,bar,GOOD
2025-01-15 11:00:00,PUMP101.DISCHARGE_PRESS,12.658,bar,GOOD
2025-01-15 12:00:00,PUMP101.DISCHARGE_PRESS,12.6,bar,GOOD
2025-01-15 13:00:00,PUMP101.DISCHARGE_PRESS,12.603,bar,GOOD
2025-01-15 14:00:00,PUMP101.DISCHARGE_PRESS,11.482,bar,GOOD
2025-01-15 15:00:00,PUMP101.DISCHARGE_PRESS,12.241,bar,GOOD
2025-01-15 16:00:00,PUMP101.DISCHARGE_PRESS,11.696,bar,BAD
2025-01-15 17:00:00,PUMP101.DISCHARGE_PRESS,11.175,bar,GOOD
2025-01-15 18:00:00,PUMP101.DISCHARGE_PRESS,11.856,bar,GOOD
2025-01-15 19:00:00,PUMP101.DISCHARGE_PRESS,12.662,bar,GOOD
2025-01-15 20:00:00,PUMP101.DISCHARGE_PRESS,12.23,bar,GOOD
2025-01-15 21:00:00,PUMP101.DISCHARGE_PRESS,13.009,bar,GOOD
2025-01-15 22:00:00,PUMP101.DISCHARGE_PRESS,12.089,bar,GOOD
2025-01-15 23:00:00,PUMP101.DISCHARGE_PRESS,13.224,bar,GOOD
2025-01-16 00:00:00,PUMP101.DISCHARGE_PRESS,12.089,bar,GOOD
2025-01-16 01:00:00,PUMP101.DISCHARGE_PRESS,12.011,bar,GOOD
2025-01-16 02:00:00,PUMP101.DISCHARGE_PRESS,11.36,bar,GOOD
2025-01-16 03:00:00,PUMP101.DISCHARGE_PRESS,12.555,bar,GOOD
2025-01-16 04:00:00,PUMP101.DISCHARGE_PRESS,11.749,bar,GOOD
2025-01-16 05:00:00,PUMP101.DISCHARGE_PRESS,11.676,bar,GOOD
2025-01-16 06:00:00,PUMP101.DISCHARGE_PRESS,12.641,bar,GOOD
2025-01-16 07:00:00,PUMP101.DISCHARGE_PRESS,12.579,bar,GOOD
2025-01-16 08:00:00,PUMP101.DISCHARGE_PRESS,12.566,bar,GOOD
2025-01-16 09:00:00,PUMP101.DISCHARGE_PRESS,11.819,bar,GOOD
2025-01-16 10:00:00,PUMP101.DISCHARGE_PRESS,11.975,bar,GOOD
2025-01-16 11:00:00,PUMP101.DISCHARGE_PRESS,11.97,bar,GOOD
2025-01-16 12:00:00,PUMP101.DISCHARGE_PRESS,12.391,bar,GOOD
2025-01-16 13:00:00,PUMP101.DISCHARGE_PRESS,12.777,bar,GOOD
2025-01-16 14:00:00,PUMP101.DISCHARGE_PRESS,12.184,bar,GOOD
2025-01-16 15:00:00,PUMP101.DISCHARGE_PRESS,12.987,bar,GOOD
2025-01-16 16:00:00,PUMP101.DISCHARGE_PRESS,12.449,bar,GOOD
2025-01-16 17:00:00,PUMP101.DISCHARGE_PRESS,11.883,bar,GOOD
2025-01-16 18:00:00,PUMP101.DISCHARGE_PRESS,12.414,bar,GOOD
2025-01-16 19:00:00,PUMP101.DISCHARGE_PRESS,12.853,bar,GOOD
2025-01-16 20:00:00,PUMP101.DISCHARGE_PRESS,12.999,bar,GOOD
2025-01-16 21:00:00,PUMP101.DISCHARGE_PRESS,12.593,bar,GOOD
2025-01-16 22:00:00,PUMP101.DISCHARGE_PRESS,12.013,bar,GOOD
2025-01-16 23:00:00,PUMP101.DISCHARGE_PRESS,11.892,bar,BAD
2025-01-17 00:00:00,PUMP101.DISCHARGE_PRESS,12.288,bar,GOOD
2025-01-17 01:00:00,PUMP101.DISCHARGE_PRESS,12.837,bar,GOOD
2025-01-17 02:00:00,PUMP101.DISCHARGE_PRESS,12.217,bar,GOOD
2025-01-17 03:00:00,PUMP101.DISCHARGE_PRESS,12.227,bar,GOOD
2025-01-17 04:00:00,PUMP101.DISCHARGE_PRESS,12.026,bar,GOOD
2025-01-17 05:00:00,PUMP101.DISCHARGE_PRESS,11.836,bar,GOOD
2025-01-17 06:00:00,PUMP101.DISCHARGE_PRESS,11.919,bar,GOOD
2025-01-17 07:00:00,PUMP101.DISCHARGE_PRESS,12.068,bar,GOOD
2025-01-17 08:00:00,PUMP101.DISCHARGE_PRESS,12.859,bar,GOOD
2025-01-17 09:00:00,PUMP101.DISCHARGE_PRESS,11.88,bar,GOOD
2025-01-17 10:00:00,PUMP101.DISCHARGE_PRESS,12.026,bar,GOOD
2025-01-17 11:00:00,PUMP101.DISCHARGE_PRESS,11.567,bar,GOOD
2025-01-17 12:00:00,PUMP101.DISCHARGE_PRESS,12.358,bar,GOOD
2025-01-17 13:00:00,PUMP101.DISCHARGE_PRESS,12.683,bar,GOOD
2025-01-17 14:00:00,PUMP101.DISCHARGE_PRESS,12.812,bar,GOOD
2025-01-17 15:00:00,PUMP101.DISCHARGE_PRESS,12.102,bar,GOOD
2025-01-17 16:00:00,PUMP101.DISCHARGE_PRESS,12.287,bar,GOOD
2025-01-17 17:00:00,PUMP101.DISCHARGE_PRESS,11.923,bar,GOOD
2025-01-17 18:00:00,PUMP101.DISCHARGE_PRESS,12.264,bar,GOOD
2025-01-17 19:00:00,PUMP101.DISCHARGE_PRESS,12.157,bar,GOOD
2025-01-17 20:00:00,PUMP101.DISCHARGE_PRESS,12.029,bar,GOOD
2025-01-17 21:00:00,PUMP101.DISCHARGE_PRESS,12.069,bar,BAD
2025-01-17 22:00:00,PUMP101.DISCHARGE_PRESS,12.226,bar,GOOD
2025-01-17 23:00:00,PUMP101.DISCHARGE_PRESS,11.853,bar,GOOD
2025-01-18 00:00:00,PUMP101.DISCHARGE_PRESS,11.879,bar,GOOD
2025-01-18 01:00:00,PUMP101.DISCHARGE_PRESS,12.854,bar,GOOD
2025-01-18 02:00:00,PUMP101.DISCHARGE_PRESS,13.355,bar,GOOD
2025-01-18 03:00:00,PUMP101.DISCHARGE_PRESS,11.398,bar,GOOD
2025-01-18 04:00:00,PUMP101.DISCHARGE_PRESS,11.37,bar,GOOD
2025-01-18 05:00:00,PUMP101.DISCHARGE_PRESS,11.521,bar,GOOD
2025-01-18 06:00:00,PUMP101.DISCHARGE_PRESS,11.948,bar,GOOD
2025-01-18 07:00:00,PUMP101.DISCHARGE_PRESS,12.448,bar,GOOD
2025-01-18 08:00:00,PUMP101.DISCHARGE_PRESS,12.296,bar,GOOD
2025-01-18 09:00:00,PUMP101.DISCHARGE_PRESS,12.086,bar,GOOD
2025-01-18 10:00:00,PUMP101.DISCHARGE_PRESS,12.264,bar,GOOD
2025-01-18 11:00:00,PUMP101.DISCHARGE_PRESS,11.654,bar,GOOD
2025-01-18 12:00:00,PUMP101.DISCHARGE_PRESS,11.878,bar,GOOD
2025-01-18 13:00:00,PUMP101.DISCHARGE_PRESS,11.99,bar,GOOD
2025-01-18 14:00:00,PUMP101.DISCHARGE_PRESS,11.208,bar,GOOD
2025-01-18 15:00:00,PUMP101.DISCHARGE_PRESS,11.419,bar,GOOD
2025-01-18 16:00:00,PUMP101.DISCHARGE_PRESS,11.439,bar,GOOD
2025-01-18 17:00:00,PUMP101.DISCHARGE_PRESS,12.382,bar,GOOD
2025-01-18 18:00:00,PUMP101.DISCHARGE_PRESS,12.123,bar,GOOD
2025-01-18 19:00:00,PUMP101.DISCHARGE_PRESS,12.306,bar,GOOD
2025-01-18 20:00:00,PUMP101.DISCHARGE_PRESS,11.08,bar,GOOD
2025-01-18 21:00:00,PUMP101.DISCHARGE_PRESS,11.258,bar,GOOD
2025-01-18 22:00:00,PUMP101.DISCHARGE_PRESS,12.332,bar,GOOD
2025-01-18 23:00:00,PUMP101.DISCHARGE_PRESS,10.611,bar,GOOD
2025-01-19 00:00:00,PUMP101.DISCHARGE_PRESS,12.612,bar,GOOD
2025-01-19 01:00:00,PUMP101.DISCHARGE_PRESS,11.088,bar,GOOD
2025-01-19 02:00:00,PUMP101.DISCHARGE_PRESS,12.422,bar,GOOD
2025-01-19 03:00:00,PUMP101.DISCHARGE_PRESS,11.556,bar,GOOD
2025-01-19 04:00:00,PUMP101.DISCHARGE_PRESS,12.524,bar,GOOD
2025-01-19 05:00:00,PUMP101.DISCHARGE_PRESS,13.604,bar,BAD
2025-01-19 06:00:00,PUMP101.DISCHARGE_PRESS,10.863,bar,GOOD
2025-01-19 07:00:00,PUMP101.DISCHARGE_PRESS,12.348,bar,GOOD
2025-01-19 08:00:00,PUMP101.DISCHARGE_PRESS,11.096,bar,GOOD
2025-01-19 09:00:00,PUMP101.DISCHARGE_PRESS,12.213,bar,GOOD
2025-01-19 10:00:00,PUMP101.DISCHARGE_PRESS,11.897,bar,GOOD
2025-01-19 11:00:00,PUMP101.DISCHARGE_PRESS,12.065,bar,GOOD
2025-01-19 12:00:00,PUMP101.DISCHARGE_PRESS,11.544,bar,GOOD
2025-01-19 13:00:00,PUMP101.DISCHARGE_PRESS,12.39,bar,GOOD
2025-01-19 14:00:00,PUMP101.DISCHARGE_PRESS,11.276,bar,GOOD
2025-01-19 15:00:00,PUMP101.DISCHARGE_PRESS,12.621,bar,GOOD
2025-01-19 16:00:00,PUMP101.DISCHARGE_PRESS,11.795,bar,GOOD
2025-01-19 17:00:00,PUMP101.DISCHARGE_PRESS,11.299,bar,GOOD
2025-01-19 18:00:00,PUMP101.DISCHARGE_PRESS,12.797,bar,GOOD
2025-01-19 19:00:00,PUMP101.DISCHARGE_PRESS,11.966,bar,GOOD
2025-01-19 20:00:00,PUMP101.DISCHARGE_PRESS,12.954,bar,GOOD
2025-01-19 21:00:00,PUMP101.DISCHARGE_PRESS,12.611,bar,GOOD
2025-01-19 22:00:00,PUMP101.DISCHARGE_PRESS,11.601,bar,GOOD
2025-01-19 23:00:00,PUMP101.DISCHARGE_PRESS,11.958,bar,GOOD
2025-01-20 00:00:00,PUMP101.DISCHARGE_PRESS,12.061,bar,GOOD
2025-01-20 01:00:00,PUMP101.DISCHARGE_PRESS,12.763,bar,GOOD
2025-01-20 02:00:00,PUMP101.DISCHARGE_PRESS,12.219,bar,GOOD
2025-01-20 03:00:00,PUMP101.DISCHARGE_PRESS,12.088,bar,GOOD
2025-01-20 04:00:00,PUMP101.DISCHARGE_PRESS,11.9,bar,GOOD
2025-01-20 05:00:00,PUMP101.DISCHARGE_PRESS,11.975,bar,GOOD
2025-01-20 06:00:00,PUMP101.DISCHARGE_PRESS,12.652,bar,GOOD
2025-01-20 07:00:00,PUMP101.DISCHARGE_PRESS,12.002,bar,GOOD
2025-01-20 08:00:00,PUMP101.DISCHARGE_PRESS,11.803,bar,GOOD
2025-01-20 09:00:00,PUMP101.DISCHARGE_PRESS,11.718,bar,GOOD
2025-01-20 10:00:00,PUMP101.DISCHARGE_PRESS,11.723,bar,GOOD
2025-01-20 11:00:00,PUMP101.DISCHARGE_PRESS,11.299,bar,BAD
2025-01-20 12:00:00,PUMP101.DISCHARGE_PRESS,11.625,bar,GOOD
2025-01-20 13:00:00,PUMP101.DISCHARGE_PRESS,12.749,bar,GOOD
2025-01-20 14:00:00,PUMP101.DISCHARGE_PRESS,11.897,bar,GOOD
2025-01-20 15:00:00,PUMP101.DISCHARGE_PRESS,12.352,bar,GOOD
2025-01-20 16:00:00,PUMP101.DISCHARGE_PRESS,10.761,bar,GOOD
2025-01-20 17:00:00,PUMP101.DISCHARGE_PRESS,12.284,bar,GOOD
2025-01-20 18:00:00,PUMP101.DISCHARGE_PRESS,11.919,bar,GOOD
2025-01-20 19:00:00,PUMP101.DISCHARGE_PRESS,11.759,bar,GOOD
2025-01-20 20:00:00,PUMP101.DISCHARGE_PRESS,12.09,bar,GOOD
2025-01-20 21:00:00,PUMP101.DISCHARGE_PRESS,11.752,bar,GOOD
2025-01-20 22:00:00,PUMP101.DISCHARGE_PRESS,10.938,bar,GOOD
2025-01-20 23:00:00,PUMP101.DISCHARGE_PRESS,12.461,bar,GOOD
2025-01-21 00:00:00,PUMP101.DISCHARGE_PRESS,12.122,bar,GOOD
2025-01-21 01:00:00,PUMP101.DISCHARGE_PRESS,11.843,bar,GOOD
2025-01-21 02:00:00,PUMP101.DISCHARGE_PRESS,11.517,bar,GOOD
2025-01-21 03:00:00,PUMP101.DISCHARGE_PRESS,11.265,bar,GOOD
2025-01-21 04:00:00,PUMP101.DISCHARGE_PRESS,12.112,bar,GOOD
2025-01-21 05:00:00,PUMP101.DISCHARGE_PRESS,12.807,bar,GOOD
2025-01-21 06:00:00,PUMP101.DISCHARGE_PRESS,12.102,bar,GOOD
2025-01-21 07:00:00,PUMP101.DISCHARGE_PRESS,11.309,bar,GOOD
2025-01-21 08:00:00,PUMP101.DISCHARGE_PRESS,12.113,bar,GOOD
2025-01-21 09:00:00,PUMP101.DISCHARGE_PRESS,11.973,bar,GOOD
2025-01-21 10:00:00,PUMP101.DISCHARGE_PRESS,12.432,bar,GOOD
2025-01-21 11:00:00,PUMP101.DISCHARGE_PRESS,12.303,bar,GOOD
2025-01-21 12:00:00,PUMP101.DISCHARGE_PRESS,10.507,bar,BAD
2025-01-21 13:00:00,PUMP101.DISCHARGE_PRESS,12.273,bar,GOOD
2025-01-21 14:00:00,PUMP101.DISCHARGE_PRESS,11.498,bar,GOOD
2025-01-21 15:00:00,PUMP101.DISCHARGE_PRESS,11.289,bar,GOOD
2025-01-21 16:00:00,PUMP101.DISCHARGE_PRESS,11.906,bar,BAD
2025-01-21 17:00:00,PUMP101.DISCHARGE_PRESS,12.205,bar,GOOD
2025-01-21 18:00:00,PUMP101.DISCHARGE_PRESS,11.18,bar,GOOD
2025-01-21 19:00:00,PUMP101.DISCHARGE_PRESS,12.352,bar,GOOD
2025-01-21 20:00:00,PUMP101.DISCHARGE_PRESS,12.382,bar,GOOD
2025-01-21 21:00:00,PUMP101.DISCHARGE_PRESS,12.023,bar,GOOD
2025-01-21 22:00:00,PUMP101.DISCHARGE_PRESS,11.566,bar,GOOD
2025-01-21 23:00:00,PUMP101.DISCHARGE_PRESS,11.51,bar,GOOD
2025-01-22 00:00:00,PUMP101.DISCHARGE_PRESS,12.513,bar,GOOD
2025-01-22 01:00:00,PUMP101.DISCHARGE_PRESS,11.244,bar,GOOD
2025-01-22 02:00:00,PUMP101.DISCHARGE_PRESS,12.532,bar,GOOD
2025-01-22 03:00:00,PUMP101.DISCHARGE_PRESS,11.917,bar,GOOD
2025-01-22 04:00:00,PUMP101.DISCHARGE_PRESS,11.952,bar,GOOD
2025-01-22 05:00:00,PUMP101.DISCHARGE_PRESS,11.146,bar,GOOD
2025-01-22 06:00:00,PUMP101.DISCHARGE_PRESS,11.927,bar,GOOD
2025-01-22 07:00:00,PUMP101.DISCHARGE_PRESS,12.307,bar,GOOD
2025-01-22 08:00:00,PUMP101.DISCHARGE_PRESS,11.332,bar,GOOD
2025-01-22 09:00:00,PUMP101.DISCHARGE_PRESS,12.249,bar,GOOD
2025-01-22 10:00:00,PUMP101.DISCHARGE_PRESS,12.045,bar,GOOD
2025-01-22 11:00:00,PUMP101.DISCHARGE_PRESS,11.678,bar,GOOD
2025-01-22 12:00:00,PUMP101.DISCHARGE_PRESS,12.427,bar,GOOD
2025-01-22 13:00:00,PUMP101.DISCHARGE_PRESS,10.899,bar,GOOD
2025-01-22 14:00:00,PUMP101.DISCHARGE_PRESS,12.173,bar,GOOD
2025-01-22 15:00:00,PUMP101.DISCHARGE_PRESS,12.81,bar,GOOD
2025-01-22 16:00:00,PUMP101.DISCHARGE_PRESS,12.72,bar,GOOD
2025-01-22 17:00:00,PUMP101.DISCHARGE_PRESS,12.195,bar,GOOD
2025-01-22 18:00:00,PUMP101.DISCHARGE_PRESS,11.849,bar,GOOD
2025-01-22 19:00:00,PUMP101.DISCHARGE_PRESS,11.682,bar,GOOD
2025-01-22 20:00:00,PUMP101.DISCHARGE_PRESS,11.849,bar,GOOD
2025-01-22 21:00:00,PUMP101.DISCHARGE_PRESS,12.272,bar,GOOD
2025-01-22 22:00:00,PUMP101.DISCHARGE_PRESS,11.596,bar,GOOD
2025-01-22 23:00:00,PUMP101.DISCHARGE_PRESS,12.379,bar,GOOD
2025-01-23 00:00:00,PUMP101.DISCHARGE_PRESS,13.067,bar,GOOD
2025-01-23 01:00:00,PUMP101.DISCHARGE_PRESS,11.969,bar,GOOD
2025-01-23 02:00:00,PUMP101.DISCHARGE_PRESS,11.328,bar,GOOD
2025-01-23 03:00:00,PUMP101.DISCHARGE_PRESS,11.328,bar,GOOD
2025-01-23 04:00:00,PUMP101.DISCHARGE_PRESS,12.388,bar,GOOD
2025-01-23 05:00:00,PUMP101.DISCHARGE_PRESS,11.97,bar,GOOD
2025-01-23 06:00:00,PUMP101.DISCHARGE_PRESS,12.438,bar,GOOD
2025-01-23 07:00:00,PUMP101.DISCHARGE_PRESS,11.733,bar,GOOD
2025-01-23 08:00:00,PUMP101.DISCHARGE_PRESS,12.415,bar,GOOD
2025-01-23 09:00:00,PUMP101.DISCHARGE_PRESS,11.921,bar,GOOD
2025-01-23 10:00:00,PUMP101.DISCHARGE_PRESS,11.634,bar,GOOD
2025-01-23 11:00:00,PUMP101.DISCHARGE_PRESS,11.8,bar,GOOD
2025-01-23 12:00:00,PUMP101.DISCHARGE_PRESS,11.401,bar,GOOD
2025-01-23 13:00:00,PUMP101.DISCHARGE_PRESS,12.995,bar,GOOD
2025-01-23 14:00:00,PUMP101.DISCHARGE_PRESS,11.952,bar,GOOD
2025-01-23 15:00:00,PUMP101.DISCHARGE_PRESS,12.322,bar,GOOD
2025-01-23 16:00:00,PUMP101.DISCHARGE_PRESS,11.732,bar,GOOD
2025-01-23 17:00:00,PUMP101.DISCHARGE_PRESS,11.474,bar,GOOD
2025-01-23 18:00:00,PUMP101.DISCHARGE_PRESS,11.883,bar,GOOD
2025-01-23 19:00:00,PUMP101.DISCHARGE_PRESS,12.551,bar,GOOD
2025-01-23 20:00:00,PUMP101.DISCHARGE_PRESS,11.74,bar,GOOD
2025-01-23 21:00:00,PUMP101.DISCHARGE_PRESS,11.565,bar,GOOD
2025-01-23 22:00:00,PUMP101.DISCHARGE_PRESS,12.078,bar,GOOD
2025-01-23 23:00:00,PUMP101.DISCHARGE_PRESS,12.25,bar,GOOD
2025-01-24 00:00:00,PUMP101.DISCHARGE_PRESS,12.821,bar,GOOD
2025-01-24 01:00:00,PUMP101.DISCHARGE_PRESS,12.177,bar,BAD
2025-01-24 02:00:00,PUMP101.DISCHARGE_PRESS,12.322,bar,GOOD
2025-01-24 03:00:00,PUMP101.DISCHARGE_PRESS,12.36,bar,GOOD
2025-01-24 04:00:00,PUMP101.DISCHARGE_PRESS,11.423,bar,GOOD
2025-01-24 05:00:00,PUMP101.DISCHARGE_PRESS,11.518,bar,GOOD
2025-01-24 06:00:00,PUMP101.DISCHARGE_PRESS,11.458,bar,GOOD
2025-01-24 07:00:00,PUMP101.DISCHARGE_PRESS,11.334,bar,GOOD
2025-01-24 08:00:00,PUMP101.DISCHARGE_PRESS,12.398,bar,GOOD
2025-01-24 09:00:00,PUMP101.DISCHARGE_PRESS,12.145,bar,GOOD
2025-01-24 10:00:00,PUMP101.DISCHARGE_PRESS,12.04,bar,GOOD
2025-01-24 11:00:00,PUMP101.DISCHARGE_PRESS,10.704,bar,GOOD
2025-01-24 12:00:00,PUMP101.DISCHARGE_PRESS,13.028,bar,GOOD
2025-01-24 13:00:00,PUMP101.DISCHARGE_PRESS,11.553,bar,GOOD
2025-01-24 14:00:00,PUMP101.DISCHARGE_PRESS,13.026,bar,GOOD
2025-01-24 15:00:00,PUMP101.DISCHARGE_PRESS,11.275,bar,GOOD
2025-01-24 16:00:00,PUMP101.DISCHARGE_PRESS,11.594,bar,GOOD
2025-01-24 17:00:00,PUMP101.DISCHARGE_PRESS,10.899,bar,GOOD
2025-01-24 18:00:00,PUMP101.DISCHARGE_PRESS,12.181,bar,GOOD
2025-01-24 19:00:00,PUMP101.DISCHARGE_PRESS,11.449,bar,GOOD
2025-01-24 20:00:00,PUMP101.DISCHARGE_PRESS,11.463,bar,GOOD
2025-01-24 21:00:00,PUMP101.DISCHARGE_PRESS,11.314,bar,GOOD
2025-01-24 22:00:00,PUMP101.DISCHARGE_PRESS,12.389,bar,GOOD
2025-01-24 23:00:00,PUMP101.DISCHARGE_PRESS,12.356,bar,GOOD
2025-01-25 00:00:00,PUMP101.DISCHARGE_PRESS,12.906,bar,GOOD
2025-01-25 01:00:00,PUMP101.DISCHARGE_PRESS,11.657,bar,GOOD
2025-01-25 02:00:00,PUMP101.DISCHARGE_PRESS,12.109,bar,GOOD
2025-01-25 03:00:00,PUMP101.DISCHARGE_PRESS,11.355,bar,GOOD
2025-01-25 04:00:00,PUMP101.DISCHARGE_PRESS,11.832,bar,GOOD
2025-01-25 05:00:00,PUMP101.DISCHARGE_PRESS,11.741,bar,GOOD
2025-01-25 06:00:00,PUMP101.DISCHARGE_PRESS,12.232,bar,GOOD
2025-01-25 07:00:00,PUMP101.DISCHARGE_PRESS,12.509,bar,GOOD
2025-01-25 08:00:00,PUMP101.DISCHARGE_PRESS,12.496,bar,GOOD
2025-01-25 09:00:00,PUMP101.DISCHARGE_PRESS,11.579,bar,GOOD
2025-01-25 10:00:00,PUMP101.DISCHARGE_PRESS,12.499,bar,GOOD
2025-01-25 11:00:00,PUMP101.DISCHARGE_PRESS,11.978,bar,GOOD
2025-01-25 12:00:00,PUMP101.DISCHARGE_PRESS,11.838,bar,GOOD
2025-01-25 13:00:00,PUMP101.DISCHARGE_PRESS,11.646,bar,GOOD
2025-01-25 14:00:00,PUMP101.DISCHARGE_PRESS,11.72,bar,GOOD
2025-01-25 15:00:00,PUMP101.DISCHARGE_PRESS,12.871,bar,GOOD
2025-01-25 16:00:00,PUMP101.DISCHARGE_PRESS,12.154,bar,GOOD
2025-01-25 17:00:00,PUMP101.DISCHARGE_PRESS,12.087,bar,GOOD
2025-01-25 18:00:00,PUMP101.DISCHARGE_PRESS,11.869,bar,GOOD
2025-01-25 19:00:00,PUMP101.DISCHARGE_PRESS,13.223,bar,GOOD
2025-01-25 20:00:00,PUMP101.DISCHARGE_PRESS,12.653,bar,GOOD
2025-01-25 21:00:00,PUMP101.DISCHARGE_PRESS,11.639,bar,GOOD
2025-01-25 22:00:00,PUMP101.DISCHARGE_PRESS,11.863,bar,GOOD
2025-01-25 23:00:00,PUMP101.DISCHARGE_PRESS,11.893,bar,GOOD
2025-01-26 00:00:00,PUMP101.DISCHARGE_PRESS,12.073,bar,GOOD
2025-01-26 01:00:00,PUMP101.DISCHARGE_PRESS,11.649,bar,GOOD
2025-01-26 02:00:00,PUMP101.DISCHARGE_PRESS,12.219,bar,GOOD
2025-01-26 03:00:00,PUMP101.DISCHARGE_PRESS,12.726,bar,GOOD
2025-01-26 04:00:00,PUMP101.DISCHARGE_PRESS,11.343,bar,GOOD
2025-01-26 05:00:00,PUMP101.DISCHARGE_PRESS,11.436,bar,GOOD
2025-01-26 06:00:00,PUMP101.DISCHARGE_PRESS,11.758,bar,GOOD
2025-01-26 07:00:00,PUMP101.DISCHARGE_PRESS,11.782,bar,GOOD
2025-01-26 08:00:00,PUMP101.DISCHARGE_PRESS,12.999,bar,GOOD
2025-01-26 09:00:00,PUMP101.DISCHARGE_PRESS,12.501,bar,GOOD
2025-01-26 10:00:00,PUMP101.DISCHARGE_PRESS,12.472,bar,GOOD
2025-01-26 11:00:00,PUMP101.DISCHARGE_PRESS,11.868,bar,GOOD
2025-01-26 12:00:00,PUMP101.DISCHARGE_PRESS,11.857,bar,GOOD
2025-01-26 13:00:00,PUMP101.DISCHARGE_PRESS,11.274,bar,GOOD
2025-01-26 14:00:00,PUMP101.DISCHARGE_PRESS,12.391,bar,GOOD
2025-01-26 15:00:00,PUMP101.DISCHARGE_PRESS,12.246,bar,GOOD
2025-01-26 16:00:00,PUMP101.DISCHARGE_PRESS,12.643,bar,GOOD
2025-01-26 17:00:00,PUMP101.DISCHARGE_PRESS,11.895,bar,GOOD
2025-01-26 18:00:00,PUMP101.DISCHARGE_PRESS,11.929,bar,GOOD
2025-01-26 19:00:00,PUMP101.DISCHARGE_PRESS,12.085,bar,GOOD
2025-01-26 20:00:00,PUMP101.DISCHARGE_PRESS,12.446,bar,GOOD
2025-01-26 21:00:00,PUMP101.DISCHARGE_PRESS,11.265,bar,GOOD
2025-01-26 22:00:00,PUMP101.DISCHARGE_PRESS,12.368,bar,GOOD
2025-01-26 23:00:00,PUMP101.DISCHARGE_PRESS,11.99,bar,GOOD
2025-01-27 00:00:00,PUMP101.DISCHARGE_PRESS,11.471,bar,GOOD
2025-01-27 01:00:00,PUMP101.DISCHARGE_PRESS,10.958,bar,GOOD
2025-01-27 02:00:00,PUMP101.DISCHARGE_PRESS,11.932,bar,GOOD
2025-01-27 03:00:00,PUMP101.DISCHARGE_PRESS,12.724,bar,GOOD
2025-01-27 04:00:00,PUMP101.DISCHARGE_PRESS,12.837,bar,GOOD
2025-01-27 05:00:00,PUMP101.DISCHARGE_PRESS,12.178,bar,GOOD
2025-01-27 06:00:00,PUMP101.DISCHARGE_PRESS,12.981,bar,GOOD
2025-01-27 07:00:00,PUMP101.DISCHARGE_PRESS,11.979,bar,GOOD
2025-01-27 08:00:00,PUMP101.DISCHARGE_PRESS,12.477,bar,GOOD
2025-01-27 09:00:00,PUMP101.DISCHARGE_PRESS,11.774,bar,GOOD
2025-01-27 10:00:00,PUMP101.DISCHARGE_PRESS,11.743,bar,GOOD
2025-01-27 11:00:00,PUMP101.DISCHARGE_PRESS,11.661,bar,GOOD
2025-01-27 12:00:00,PUMP101.DISCHARGE_PRESS,10.97,bar,GOOD
2025-01-27 13:00:00,PUMP101.DISCHARGE_PRESS,12.644,bar,GOOD
2025-01-27 14:00:00,PUMP101.DISCHARGE_PRESS,11.679,bar,GOOD
2025-01-27 15:00:00,PUMP101.DISCHARGE_PRESS,11.599,bar,GOOD
2025-01-27 16:00:00,PUMP101.DISCHARGE_PRESS,11.41,bar,GOOD
2025-01-27 17:00:00,PUMP101.DISCHARGE_PRESS,11.898,bar,GOOD
2025-01-27 18:00:00,PUMP101.DISCHARGE_PRESS,12.882,bar,GOOD
2025-01-27 19:00:00,PUMP101.DISCHARGE_PRESS,13.047,bar,GOOD
2025-01-27 20:00:00,PUMP101.DISCHARGE_PRESS,11.17,bar,GOOD
2025-01-27 21:00:00,PUMP101.DISCHARGE_PRESS,11.823,bar,GOOD
2025-01-27 22:00:00,PUMP101.DISCHARGE_PRESS,11.483,bar,GOOD
2025-01-27 23:00:00,PUMP101.DISCHARGE_PRESS,12.494,bar,GOOD
2025-01-28 00:00:00,PUMP101.DISCHARGE_PRESS,12.143,bar,GOOD
2025-01-28 01:00:00,PUMP101.DISCHARGE_PRESS,11.682,bar,GOOD
2025-01-28 02:00:00,PUMP101.DISCHARGE_PRESS,12.036,bar,GOOD
2025-01-28 03:00:00,PUMP101.DISCHARGE_PRESS,11.761,bar,GOOD
2025-01-28 04:00:00,PUMP101.DISCHARGE_PRESS,12.807,bar,GOOD
2025-01-28 05:00:00,PUMP101.DISCHARGE_PRESS,12.273,bar,GOOD
2025-01-28 06:00:00,PUMP101.DISCHARGE_PRESS,12.335,bar,GOOD
2025-01-28 07:00:00,PUMP101.DISCHARGE_PRESS,10.667,bar,GOOD
2025-01-28 08:00:00,PUMP101.DISCHARGE_PRESS,11.967,bar,GOOD
2025-01-28 09:00:00,PUMP101.DISCHARGE_PRESS,13.042,bar,GOOD
2025-01-28 10:00:00,PUMP101.DISCHARGE_PRESS,12.663,bar,GOOD
2025-01-28 11:00:00,PUMP101.DISCHARGE_PRESS,11.076,bar,GOOD
2025-01-28 12:00:00,PUMP101.DISCHARGE_PRESS,11.843,bar,GOOD
2025-01-28 13:00:00,PUMP101.DISCHARGE_PRESS,11.399,bar,GOOD
2025-01-28 14:00:00,PUMP101.DISCHARGE_PRESS,12.856,bar,GOOD
2025-01-28 15:00:00,PUMP101.DISCHARGE_PRESS,12.122,bar,GOOD
2025-01-28 16:00:00,PUMP101.DISCHARGE_PRESS,11.616,bar,GOOD
2025-01-28 17:00:00,PUMP101.DISCHARGE_PRESS,12.017,bar,GOOD
2025-01-28 18:00:00,PUMP101.DISCHARGE_PRESS,10.696,bar,GOOD
2025-01-28 19:00:00,PUMP101.DISCHARGE_PRESS,11.458,bar,GOOD
2025-01-28 20:00:00,PUMP101.DISCHARGE_PRESS,12.018,bar,GOOD
2025-01-28 21:00:00,PUMP101.DISCHARGE_PRESS,12.423,bar,GOOD
2025-01-28 22:00:00,PUMP101.DISCHARGE_PRESS,11.029,bar,GOOD
2025-01-28 23:00:00,PUMP101.DISCHARGE_PRESS,11.809,bar,GOOD
2025-01-29 00:00:00,PUMP101.DISCHARGE_PRESS,12.505,bar,GOOD
2025-01-29 01:00:00,PUMP101.DISCHARGE_PRESS,11.274,bar,GOOD
2025-01-29 02:00:00,PUMP101.DISCHARGE_PRESS,12.115,bar,GOOD
2025-01-29 03:00:00,PUMP101.DISCHARGE_PRESS,12.033,bar,GOOD
2025-01-29 04:00:00,PUMP101.DISCHARGE_PRESS,12.857,bar,GOOD
2025-01-29 05:00:00,PUMP101.DISCHARGE_PRESS,11.885,bar,GOOD
2025-01-29 06:00:00,PUMP101.DISCHARGE_PRESS,11.914,bar,GOOD
2025-01-29 07:00:00,PUMP101.DISCHARGE_PRESS,12.427,bar,GOOD
2025-01-29 08:00:00,PUMP101.DISCHARGE_PRESS,11.337,bar,GOOD
2025-01-29 09:00:00,PUMP101.DISCHARGE_PRESS,11.89,bar,GOOD
2025-01-29 10:00:00,PUMP101.DISCHARGE_PRESS,11.772,bar,GOOD
2025-01-29 11:00:00,PUMP101.DISCHARGE_PRESS,11.931,bar,BAD
2025-01-29 12:00:00,PUMP101.DISCHARGE_PRESS,12.424,bar,GOOD
2025-01-29 13:00:00,PUMP101.DISCHARGE_PRESS,12.277,bar,GOOD
2025-01-29 14:00:00,PUMP101.DISCHARGE_PRESS,11.626,bar,GOOD
2025-01-29 15:00:00,PUMP101.DISCHARGE_PRESS,12.068,bar,GOOD
2025-01-29 16:00:00,PUMP101.DISCHARGE_PRESS,12.745,bar,GOOD
2025-01-29 17:00:00,PUMP101.DISCHARGE_PRESS,11.584,bar,GOOD
2025-01-29 18:00:00,PUMP101.DISCHARGE_PRESS,12.073,bar,GOOD
2025-01-29 19:00:00,PUMP101.DISCHARGE_PRESS,11.903,bar,GOOD
2025-01-29 20:00:00,PUMP101.DISCHARGE_PRESS,11.968,bar,GOOD
2025-01-29 21:00:00,PUMP101.DISCHARGE_PRESS,11.185,bar,GOOD
2025-01-29 22:00:00,PUMP101.DISCHARGE_PRESS,12.705,bar,GOOD
2025-01-29 23:00:00,PUMP101.DISCHARGE_PRESS,11.613,bar,GOOD
2025-01-30 00:00:00,PUMP101.DISCHARGE_PRESS,12.513,bar,GOOD
2025-01-30 01:00:00,PUMP101.DISCHARGE_PRESS,11.689,bar,GOOD
2025-01-30 02:00:00,PUMP101.DISCHARGE_PRESS,11.687,bar,GOOD
2025-01-30 03:00:00,PUMP101.DISCHARGE_PRESS,12.607,bar,GOOD
2025-01-30 04:00:00,PUMP101.DISCHARGE_PRESS,12.497,bar,GOOD
2025-01-30 05:00:00,PUMP101.DISCHARGE_PRESS,12.104,bar,GOOD
2025-01-30 06:00:00,PUMP101.DISCHARGE_PRESS,12.381,bar,GOOD
2025-01-30 07:00:00,PUMP101.DISCHARGE_PRESS,11.856,bar,GOOD
2025-01-30 08:00:00,PUMP101.DISCHARGE_PRESS,11.996,bar,GOOD
2025-01-30 09:00:00,PUMP101.DISCHARGE_PRESS,11.669,bar,GOOD
2025-01-30 10:00:00,PUMP101.DISCHARGE_PRESS,12.452,bar,GOOD
2025-01-30 11:00:00,PUMP101.DISCHARGE_PRESS,11.653,bar,GOOD
2025-01-30 12:00:00,PUMP101.DISCHARGE_PRESS,12.743,bar,GOOD
2025-01-30 13:00:00,PUMP101.DISCHARGE_PRESS,11.842,bar,GOOD
2025-01-30 14:00:00,PUMP101.DISCHARGE_PRESS,12.01,bar,GOOD
2025-01-30 15:00:00,PUMP101.DISCHARGE_PRESS,12.379,bar,GOOD
2025-01-30 16:00:00,PUMP101.DISCHARGE_PRESS,12.012,bar,GOOD
2025-01-30 17:00:00,PUMP101.DISCHARGE_PRESS,11.851,bar,GOOD
2025-01-30 18:00:00,PUMP101.DISCHARGE_PRESS,11.985,bar,GOOD
2025-01-30 19:00:00,PUMP101.DISCHARGE_PRESS,12.447,bar,GOOD
2025-01-30 20:00:00,PUMP101.DISCHARGE_PRESS,11.669,bar,GOOD
2025-01-30 21:00:00,PUMP101.DISCHARGE_PRESS,11.937,bar,GOOD
2025-01-30 22:00:00,PUMP101.DISCHARGE_PRESS,12.005,bar,GOOD
2025-01-30 23:00:00,PUMP101.DISCHARGE_PRESS,12.432,bar,GOOD
2025-01-31 00:00:00,PUMP101.DISCHARGE_PRESS,11.95,bar,GOOD
2025-01-31 01:00:00,PUMP101.DISCHARGE_PRESS,12.904,bar,GOOD
2025-01-31 02:00:00,PUMP101.DISCHARGE_PRESS,11.922,bar,GOOD
2025-01-31 03:00:00,PUMP101.DISCHARGE_PRESS,11.881,bar,GOOD
2025-01-31 04:00:00,PUMP101.DISCHARGE_PRESS,11.914,bar,GOOD
2025-01-31 05:00:00,PUMP101.DISCHARGE_PRESS,11.342,bar,GOOD
2025-01-31 06:00:00,PUMP101.DISCHARGE_PRESS,11.482,bar,GOOD
2025-01-31 07:00:00,PUMP101.DISCHARGE_PRESS,11.735,bar,GOOD
2025-01-31 08:00:00,PUMP101.DISCHARGE_PRESS,12.568,bar,GOOD
2025-01-31 09:00:00,PUMP101.DISCHARGE_PRESS,11.983,bar,GOOD
2025-01-31 10:00:00,PUMP101.DISCHARGE_PRESS,11.758,bar,GOOD
2025-01-31 11:00:00,PUMP101.DISCHARGE_PRESS,12.613,bar,GOOD
2025-01-31 12:00:00,PUMP101.DISCHARGE_PRESS,12.776,bar,GOOD
2025-01-31 13:00:00,PUMP101.DISCHARGE_PRESS,12.628,bar,GOOD
2025-01-31 14:00:00,PUMP101.DISCHARGE_PRESS,11.573,bar,GOOD
2025-01-31 15:00:00,PUMP101.DISCHARGE_PRESS,11.752,bar,GOOD
2025-01-31 16:00:00,PUMP101.DISCHARGE_PRESS,12.907,bar,GOOD
2025-01-31 17:00:00,PUMP101.DISCHARGE_PRESS,12.121,bar,GOOD
2025-01-31 18:00:00,PUMP101.DISCHARGE_PRESS,11.866,bar,GOOD
2025-01-31 19:00:00,PUMP101.DISCHARGE_PRESS,12.359,bar,GOOD
2025-01-31 20:00:00,PUMP101.DISCHARGE_PRESS,12.504,bar,GOOD
2025-01-31 21:00:00,PUMP101.DISCHARGE_PRESS,11.714,bar,GOOD
2025-01-31 22:00:00,PUMP101.DISCHARGE_PRESS,12.11,bar,GOOD
2025-01-31 23:00:00,PUMP101.DISCHARGE_PRESS,12.463,bar,GOOD
2025-02-01 00:00:00,PUMP101.DISCHARGE_PRESS,11.42,bar,GOOD
2025-02-01 01:00:00,PUMP101.DISCHARGE_PRESS,12.006,bar,GOOD
2025-02-01 02:00:00,PUMP101.DISCHARGE_PRESS,11.443,bar,GOOD
2025-02-01 03:00:00,PUMP101.DISCHARGE_PRESS,11.508,bar,GOOD
2025-02-01 04:00:00,PUMP101.DISCHARGE_PRESS,11.718,bar,GOOD
2025-02-01 05:00:00,PUMP101.DISCHARGE_PRESS,12.239,bar,GOOD
2025-02-01 06:00:00,PUMP101.DISCHARGE_PRESS,11.839,bar,GOOD
2025-02-01 07:00:00,PUMP101.DISCHARGE_PRESS,11.676,bar,GOOD
2025-02-01 08:00:00,PUMP101.DISCHARGE_PRESS,12.026,bar,GOOD
2025-02-01 09:00:00,PUMP101.DISCHARGE_PRESS,11.427,bar,GOOD
2025-02-01 10:00:00,PUMP101.DISCHARGE_PRESS,12.214,bar,GOOD
2025-02-01 11:00:00,PUMP101.DISCHARGE_PRESS,12.566,bar,GOOD
2025-02-01 12:00:00,PUMP101.DISCHARGE_PRESS,11.96,bar,GOOD
2025-02-01 13:00:00,PUMP101.DISCHARGE_PRESS,11.899,bar,GOOD
2025-02-01 14:00:00,PUMP101.DISCHARGE_PRESS,12.187,bar,GOOD
2025-02-01 15:00:00,PUMP101.DISCHARGE_PRESS,10.986,bar,GOOD
2025-02-01 16:00:00,PUMP101.DISCHARGE_PRESS,12.268,bar,GOOD
2025-02-01 17:00:00,PUMP101.DISCHARGE_PRESS,13.551,bar,GOOD
2025-02-01 18:00:00,PUMP101.DISCHARGE_PRESS,11.939,bar,GOOD
2025-02-01 19:00:00,PUMP101.DISCHARGE_PRESS,11.94,bar,GOOD
2025-02-01 20:00:00,PUMP101.DISCHARGE_PRESS,12.372,bar,GOOD
2025-02-01 21:00:00,PUMP101.DISCHARGE_PRESS,12.823,bar,GOOD
2025-02-01 22:00:00,PUMP101.DISCHARGE_PRESS,12.487,bar,GOOD
2025-02-01 23:00:00,PUMP101.DISCHARGE_PRESS,10.922,bar,GOOD
2025-02-02 00:00:00,PUMP101.DISCHARGE_PRESS,12.282,bar,GOOD
2025-02-02 01:00:00,PUMP101.DISCHARGE_PRESS,13.286,bar,GOOD
2025-02-02 02:00:00,PUMP101.DISCHARGE_PRESS,12.311,bar,GOOD
2025-02-02 03:00:00,PUMP101.DISCHARGE_PRESS,11.423,bar,GOOD
2025-02-02 04:00:00,PUMP101.DISCHARGE_PRESS,12.141,bar,GOOD
2025-02-02 05:00:00,PUMP101.DISCHARGE_PRESS,11.36,bar,GOOD
2025-02-02 06:00:00,PUMP101.DISCHARGE_PRESS,12.616,bar,GOOD
2025-02-02 07:00:00,PUMP101.DISCHARGE_PRESS,11.522,bar,GOOD
2025-02-02 08:00:00,PUMP101.DISCHARGE_PRESS,12.037,bar,GOOD
2025-02-02 09:00:00,PUMP101.DISCHARGE_PRESS,11.571,bar,GOOD
2025-02-02 10:00:00,PUMP101.DISCHARGE_PRESS,11.727,bar,GOOD
2025-02-02 11:00:00,PUMP101.DISCHARGE_PRESS,12.743,bar,GOOD
2025-02-02 12:00:00,PUMP101.DISCHARGE_PRESS,12.052,bar,GOOD
2025-02-02 13:00:00,PUMP101.DISCHARGE_PRESS,11.72,bar,GOOD
2025-02-02 14:00:00,PUMP101.DISCHARGE_PRESS,11.427,bar,GOOD
2025-02-02 15:00:00,PUMP101.DISCHARGE_PRESS,11.064,bar,GOOD
2025-02-02 16:00:00,PUMP101.DISCHARGE_PRESS,11.374,bar,BAD
2025-02-02 17:00:00,PUMP101.DISCHARGE_PRESS,12.056,bar,GOOD
2025-02-02 18:00:00,PUMP101.DISCHARGE_PRESS,12.49,bar,GOOD
2025-02-02 19:00:00,PUMP101.DISCHARGE_PRESS,11.72,bar,GOOD
2025-02-02 20:00:00,PUMP101.DISCHARGE_PRESS,12.785,bar,GOOD
2025-02-02 21:00:00,PUMP101.DISCHARGE_PRESS,11.641,bar,GOOD
2025-02-02 22:00:00,PUMP101.DISCHARGE_PRESS,11.881,bar,GOOD
2025-02-02 23:00:00,PUMP101.DISCHARGE_PRESS,11.46,bar,GOOD
2025-02-03 00:00:00,PUMP101.DISCHARGE_PRESS,12.495,bar,GOOD
2025-02-03 01:00:00,PUMP101.DISCHARGE_PRESS,13.049,bar,GOOD
2025-02-03 02:00:00,PUMP101.DISCHARGE_PRESS,11.119,bar,GOOD
2025-02-03 03:00:00,PUMP101.DISCHARGE_PRESS,11.827,bar,GOOD
2025-02-03 04:00:00,PUMP101.DISCHARGE_PRESS,12.632,bar,GOOD
2025-02-03 05:00:00,PUMP101.DISCHARGE_PRESS,11.277,bar,GOOD
2025-02-03 06:00:00,PUMP101.DISCHARGE_PRESS,12.283,bar,GOOD
2025-02-03 07:00:00,PUMP101.DISCHARGE_PRESS,12.611,bar,GOOD
2025-02-03 08:00:00,PUMP101.DISCHARGE_PRESS,12.039,bar,GOOD
2025-02-03 09:00:00,PUMP101.DISCHARGE_PRESS,12.275,bar,GOOD
2025-02-03 10:00:00,PUMP101.DISCHARGE_PRESS,12.88,bar,GOOD
2025-02-03 11:00:00,PUMP101.DISCHARGE_PRESS,12.974,bar,GOOD
2025-02-03 12:00:00,PUMP101.DISCHARGE_PRESS,11.969,bar,GOOD
2025-02-03 13:00:00,PUMP101.DISCHARGE_PRESS,11.734,bar,GOOD
2025-02-03 14:00:00,PUMP101.DISCHARGE_PRESS,11.54,bar,GOOD
2025-02-03 15:00:00,PUMP101.DISCHARGE_PRESS,12.488,bar,GOOD
2025-02-03 16:00:00,PUMP101.DISCHARGE_PRESS,11.314,bar,GOOD
2025-02-03 17:00:00,PUMP101.DISCHARGE_PRESS,11.874,bar,GOOD
2025-02-03 18:00:00,PUMP101.DISCHARGE_PRESS,12.051,bar,GOOD
2025-02-03 19:00:00,PUMP101.DISCHARGE_PRESS,11.748,bar,GOOD
2025-02-03 20:00:00,PUMP101.DISCHARGE_PRESS,12.14,bar,GOOD
2025-02-03 21:00:00,PUMP101.DISCHARGE_PRESS,13.282,bar,GOOD
2025-02-03 22:00:00,PUMP101.DISCHARGE_PRESS,11.939,bar,GOOD
2025-02-03 23:00:00,PUMP101.DISCHARGE_PRESS,11.782,bar,GOOD
2025-02-04 00:00:00,PUMP101.DISCHARGE_PRESS,12.508,bar,GOOD
2025-02-04 01:00:00,PUMP101.DISCHARGE_PRESS,12.12,bar,GOOD
2025-02-04 02:00:00,PUMP101.DISCHARGE_PRESS,12.72,bar,GOOD
2025-02-04 03:00:00,PUMP101.DISCHARGE_PRESS,12.082,bar,GOOD
2025-02-04 04:00:00,PUMP101.DISCHARGE_PRESS,11.876,bar,GOOD
2025-02-04 05:00:00,PUMP101.DISCHARGE_PRESS,11.108,bar,GOOD
2025-02-04 06:00:00,PUMP101.DISCHARGE_PRESS,11.19,bar,GOOD
2025-02-04 07:00:00,PUMP101.DISCHARGE_PRESS,11.082,bar,GOOD
2025-02-04 08:00:00,PUMP101.DISCHARGE_PRESS,12.19,bar,GOOD
2025-02-04 09:00:00,PUMP101.DISCHARGE_PRESS,11.319,bar,GOOD
2025-02-04 10:00:00,PUMP101.DISCHARGE_PRESS,12.628,bar,GOOD
2025-02-04 11:00:00,PUMP101.DISCHARGE_PRESS,12.015,bar,GOOD
2025-02-04 12:00:00,PUMP101.DISCHARGE_PRESS,11.878,bar,GOOD
2025-02-04 13:00:00,PUMP101.DISCHARGE_PRESS,11.578,bar,GOOD
2025-02-04 14:00:00,PUMP101.DISCHARGE_PRESS,12.311,bar,GOOD
2025-02-04 15:00:00,PUMP101.DISCHARGE_PRESS,11.598,bar,GOOD
2025-02-04 16:00:00,PUMP101.DISCHARGE_PRESS,11.507,bar,GOOD
2025-02-04 17:00:00,PUMP101.DISCHARGE_PRESS,12.594,bar,GOOD
2025-02-04 18:00:00,PUMP101.DISCHARGE_PRESS,12.177,bar,GOOD
2025-02-04 19:00:00,PUMP101.DISCHARGE_PRESS,11.883,bar,GOOD
2025-02-04 20:00:00,PUMP101.DISCHARGE_PRESS,12.321,bar,GOOD
2025-02-04 21:00:00,PUMP101.DISCHARGE_PRESS,12.004,bar,GOOD
2025-02-04 22:00:00,PUMP101.DISCHARGE_PRESS,12.192,bar,GOOD
2025-02-04 23:00:00,PUMP101.DISCHARGE_PRESS,11.592,bar,GOOD
2025-02-05 00:00:00,PUMP101.DISCHARGE_PRESS,13.035,bar,GOOD
2025-02-05 01:00:00,PUMP101.DISCHARGE_PRESS,11.71,bar,GOOD
2025-02-05 02:00:00,PUMP101.DISCHARGE_PRESS,12.778,bar,GOOD
2025-02-05 03:00:00,PUMP101.DISCHARGE_PRESS,11.906,bar,GOOD
2025-02-05 04:00:00,PUMP101.DISCHARGE_PRESS,12.404,bar,GOOD
2025-02-05 05:00:00,PUMP101.DISCHARGE_PRESS,12.367,bar,GOOD
2025-02-05 06:00:00,PUMP101.DISCHARGE_PRESS,12.573,bar,BAD
2025-02-05 07:00:00,PUMP101.DISCHARGE_PRESS,11.58,bar,GOOD
2025-02-05 08:00:00,PUMP101.DISCHARGE_PRESS,12.538,bar,GOOD
2025-02-05 09:00:00,PUMP101.DISCHARGE_PRESS,12.923,bar,GOOD
2025-02-05 10:00:00,PUMP101.DISCHARGE_PRESS,11.871,bar,GOOD
2025-02-05 11:00:00,PUMP101.DISCHARGE_PRESS,12.017,bar,GOOD
2025-02-05 12:00:00,PUMP101.DISCHARGE_PRESS,11.738,bar,GOOD
2025-02-05 13:00:00,PUMP101.DISCHARGE_PRESS,11.827,bar,GOOD
2025-02-05 14:00:00,PUMP101.DISCHARGE_PRESS,12.856,bar,GOOD
2025-02-05 15:00:00,PUMP101.DISCHARGE_PRESS,11.498,bar,GOOD
2025-02-05 16:00:00,PUMP101.DISCHARGE_PRESS,11.529,bar,GOOD
2025-02-05 17:00:00,PUMP101.DISCHARGE_PRESS,12.805,bar,GOOD
2025-02-05 18:00:00,PUMP101.DISCHARGE_PRESS,12.312,bar,GOOD
2025-02-05 19:00:00,PUMP101.DISCHARGE_PRESS,13.06,bar,GOOD
2025-02-05 20:00:00,PUMP101.DISCHARGE_PRESS,11.775,bar,GOOD
2025-02-05 21:00:00,PUMP101.DISCHARGE_PRESS,12.063,bar,GOOD
2025-02-05 22:00:00,PUMP101.DISCHARGE_PRESS,11.67,bar,GOOD
2025-02-05 23:00:00,PUMP101.DISCHARGE_PRESS,12.072,bar,GOOD
2025-02-06 00:00:00,PUMP101.DISCHARGE_PRESS,11.113,bar,GOOD
2025-02-06 01:00:00,PUMP101.DISCHARGE_PRESS,12.342,bar,GOOD
2025-02-06 02:00:00,PUMP101.DISCHARGE_PRESS,12.162,bar,GOOD
2025-02-06 03:00:00,PUMP101.DISCHARGE_PRESS,11.971,bar,GOOD
2025-02-06 04:00:00,PUMP101.DISCHARGE_PRESS,11.805,bar,GOOD
2025-02-06 05:00:00,PUMP101.DISCHARGE_PRESS,11.553,bar,GOOD
2025-02-06 06:00:00,PUMP101.DISCHARGE_PRESS,12.364,bar,GOOD
2025-02-06 07:00:00,PUMP101.DISCHARGE_PRESS,11.414,bar,GOOD
2025-02-06 08:00:00,PUMP101.DISCHARGE_PRESS,12.256,bar,GOOD
2025-02-06 09:00:00,PUMP101.DISCHARGE_PRESS,13.037,bar,GOOD
2025-02-06 10:00:00,PUMP101.DISCHARGE_PRESS,12.743,bar,GOOD
2025-02-06 11:00:00,PUMP101.DISCHARGE_PRESS,11.247,bar,GOOD
2025-02-06 12:00:00,PUMP101.DISCHARGE_PRESS,11.732,bar,GOOD
2025-02-06 13:00:00,PUMP101.DISCHARGE_PRESS,12.211,bar,GOOD
2025-02-06 14:00:00,PUMP101.DISCHARGE_PRESS,11.965,bar,GOOD
2025-02-06 15:00:00,PUMP101.DISCHARGE_PRESS,11.3,bar,GOOD
2025-02-06 16:00:00,PUMP101.DISCHARGE_PRESS,12.193,bar,GOOD
2025-02-06 17:00:00,PUMP101.DISCHARGE_PRESS,11.995,bar,GOOD
2025-02-06 18:00:00,PUMP101.DISCHARGE_PRESS,12.957,bar,GOOD
2025-02-06 19:00:00,PUMP101.DISCHARGE_PRESS,11.873,bar,GOOD
2025-02-06 20:00:00,PUMP101.DISCHARGE_PRESS,12.584,bar,GOOD
2025-02-06 21:00:00,PUMP101.DISCHARGE_PRESS,11.366,bar,GOOD
2025-02-06 22:00:00,PUMP101.DISCHARGE_PRESS,11.486,bar,GOOD
2025-02-06 23:00:00,PUMP101.DISCHARGE_PRESS,12.361,bar,GOOD
2025-02-07 00:00:00,PUMP101.DISCHARGE_PRESS,12.542,bar,GOOD
2025-02-07 01:00:00,PUMP101.DISCHARGE_PRESS,11.521,bar,GOOD
2025-02-07 02:00:00,PUMP101.DISCHARGE_PRESS,12.012,bar,GOOD
2025-02-07 03:00:00,PUMP101.DISCHARGE_PRESS,11.309,bar,BAD
2025-02-07 04:00:00,PUMP101.DISCHARGE_PRESS,11.909,bar,GOOD
2025-02-07 05:00:00,PUMP101.DISCHARGE_PRESS,12.418,bar,GOOD
2025-02-07 06:00:00,PUMP101.DISCHARGE_PRESS,11.783,bar,GOOD
2025-02-07 07:00:00,PUMP101.DISCHARGE_PRESS,11.875,bar,GOOD
2025-02-07 08:00:00,PUMP101.DISCHARGE_PRESS,11.435,bar,GOOD
2025-02-07 09:00:00,PUMP101.DISCHARGE_PRESS,11.676,bar,GOOD
2025-02-07 10:00:00,PUMP101.DISCHARGE_PRESS,12.879,bar,GOOD
2025-02-07 11:00:00,PUMP101.DISCHARGE_PRESS,12.036,bar,GOOD
2025-02-07 12:00:00,PUMP101.DISCHARGE_PRESS,11.499,bar,GOOD
2025-02-07 13:00:00,PUMP101.DISCHARGE_PRESS,11.843,bar,GOOD
2025-02-07 14:00:00,PUMP101.DISCHARGE_PRESS,11.201,bar,GOOD
2025-02-07 15:00:00,PUMP101.DISCHARGE_PRESS,11.493,bar,GOOD
2025-02-07 16:00:00,PUMP101.DISCHARGE_PRESS,12.68,bar,GOOD
2025-02-07 17:00:00,PUMP101.DISCHARGE_PRESS,11.929,bar,GOOD
2025-02-07 18:00:00,PUMP101.DISCHARGE_PRESS,12.945,bar,GOOD
2025-02-07 19:00:00,PUMP101.DISCHARGE_PRESS,11.952,bar,GOOD
2025-02-07 20:00:00,PUMP101.DISCHARGE_PRESS,11.982,bar,GOOD
2025-02-07 21:00:00,PUMP101.DISCHARGE_PRESS,12.32,bar,GOOD
2025-02-07 22:00:00,PUMP101.DISCHARGE_PRESS,10.664,bar,GOOD
2025-02-07 23:00:00,PUMP101.DISCHARGE_PRESS,12.102,bar,GOOD
2025-02-08 00:00:00,PUMP101.DISCHARGE_PRESS,11.976,bar,GOOD
2025-02-08 01:00:00,PUMP101.DISCHARGE_PRESS,12.743,bar,GOOD
2025-02-08 02:00:00,PUMP101.DISCHARGE_PRESS,12.482,bar,GOOD
2025-02-08 03:00:00,PUMP101.DISCHARGE_PRESS,11.433,bar,GOOD
2025-02-08 04:00:00,PUMP101.DISCHARGE_PRESS,12.621,bar,GOOD
2025-02-08 05:00:00,PUMP101.DISCHARGE_PRESS,11.869,bar,GOOD
2025-02-08 06:00:00,PUMP101.DISCHARGE_PRESS,11.548,bar,GOOD
2025-02-08 07:00:00,PUMP101.DISCHARGE_PRESS,12.099,bar,GOOD
2025-02-08 08:00:00,PUMP101.DISCHARGE_PRESS,11.899,bar,GOOD
2025-02-08 09:00:00,PUMP101.DISCHARGE_PRESS,12.769,bar,GOOD
2025-02-08 10:00:00,PUMP101.DISCHARGE_PRESS,12.17,bar,GOOD
2025-02-08 11:00:00,PUMP101.DISCHARGE_PRESS,12.103,bar,GOOD
2025-02-08 12:00:00,PUMP101.DISCHARGE_PRESS,12.45,bar,GOOD
2025-02-08 13:00:00,PUMP101.DISCHARGE_PRESS,12.546,bar,GOOD
2025-02-08 14:00:00,PUMP101.DISCHARGE_PRESS,12.392,bar,GOOD
2025-02-08 15:00:00,PUMP101.DISCHARGE_PRESS,12.71,bar,GOOD
2025-02-08 16:00:00,PUMP101.DISCHARGE_PRESS,12.304,bar,GOOD
2025-02-08 17:00:00,PUMP101.DISCHARGE_PRESS,12.084,bar,GOOD
2025-02-08 18:00:00,PUMP101.DISCHARGE_PRESS,12.62,bar,GOOD
2025-02-08 19:00:00,PUMP101.DISCHARGE_PRESS,11.955,bar,GOOD
2025-02-08 20:00:00,PUMP101.DISCHARGE_PRESS,12.017,bar,BAD
2025-02-08 21:00:00,PUMP101.DISCHARGE_PRESS,12.861,bar,GOOD
2025-02-08 22:00:00,PUMP101.DISCHARGE_PRESS,12.811,bar,GOOD
2025-02-08 23:00:00,PUMP101.DISCHARGE_PRESS,11.996,bar,GOOD
2025-02-09 00:00:00,PUMP101.DISCHARGE_PRESS,11.773,bar,GOOD
2025-02-09 01:00:00,PUMP101.DISCHARGE_PRESS,12.732,bar,GOOD
2025-02-09 02:00:00,PUMP101.DISCHARGE_PRESS,12.4,bar,GOOD
2025-02-09 03:00:00,PUMP101.DISCHARGE_PRESS,12.158,bar,GOOD
2025-02-09 04:00:00,PUMP101.DISCHARGE_PRESS,11.839,bar,GOOD
2025-02-09 05:00:00,PUMP101.DISCHARGE_PRESS,12.166,bar,GOOD
2025-02-09 06:00:00,PUMP101.DISCHARGE_PRESS,11.989,bar,GOOD
2025-02-09 07:00:00,PUMP101.DISCHARGE_PRESS,11.668,bar,GOOD
2025-02-09 08:00:00,PUMP101.DISCHARGE_PRESS,12.065,bar,GOOD
2025-02-09 09:00:00,PUMP101.DISCHARGE_PRESS,12.133,bar,GOOD
2025-02-09 10:00:00,PUMP101.DISCHARGE_PRESS,11.812,bar,GOOD
2025-02-09 11:00:00,PUMP101.DISCHARGE_PRESS,12.452,bar,GOOD
2025-02-09 12:00:00,PUMP101.DISCHARGE_PRESS,12.644,bar,GOOD
2025-02-09 13:00:00,PUMP101.DISCHARGE_PRESS,12.485,bar,GOOD
2025-02-09 14:00:00,PUMP101.DISCHARGE_PRESS,11.862,bar,GOOD
2025-02-09 15:00:00,PUMP101.DISCHARGE_PRESS,12.378,bar,GOOD
2025-02-09 16:00:00,PUMP101.DISCHARGE_PRESS,12.039,bar,BAD
2025-02-09 17:00:00,PUMP101.DISCHARGE_PRESS,11.382,bar,GOOD
2025-02-09 18:00:00,PUMP101.DISCHARGE_PRESS,12.336,bar,GOOD
2025-02-09 19:00:00,PUMP101.DISCHARGE_PRESS,12.073,bar,GOOD
2025-02-09 20:00:00,PUMP101.DISCHARGE_PRESS,13.297,bar,GOOD
2025-02-09 21:00:00,PUMP101.DISCHARGE_PRESS,12.729,bar,GOOD
2025-02-09 22:00:00,PUMP101.DISCHARGE_PRESS,12.356,bar,GOOD
2025-02-09 23:00:00,PUMP101.DISCHARGE_PRESS,12.125,bar,GOOD
2025-02-10 00:00:00,PUMP101.DISCHARGE_PRESS,12.082,bar,GOOD
2025-02-10 01:00:00,PUMP101.DISCHARGE_PRESS,11.498,bar,GOOD
2025-02-10 02:00:00,PUMP101.DISCHARGE_PRESS,11.131,bar,GOOD
2025-02-10 03:00:00,PUMP101.DISCHARGE_PRESS,11.564,bar,GOOD
2025-02-10 04:00:00,PUMP101.DISCHARGE_PRESS,11.976,bar,GOOD
2025-02-10 05:00:00,PUMP101.DISCHARGE_PRESS,10.947,bar,GOOD
2025-02-10 06:00:00,PUMP101.DISCHARGE_PRESS,11.728,bar,GOOD
2025-02-10 07:00:00,PUMP101.DISCHARGE_PRESS,11.876,bar,GOOD
2025-02-10 08:00:00,PUMP101.DISCHARGE_PRESS,11.892,bar,GOOD
2025-02-10 09:00:00,PUMP101.DISCHARGE_PRESS,11.669,bar,GOOD
2025-02-10 10:00:00,PUMP101.DISCHARGE_PRESS,11.829,bar,GOOD
2025-02-10 11:00:00,PUMP101.DISCHARGE_PRESS,12.862,bar,GOOD
2025-02-10 12:00:00,PUMP101.DISCHARGE_PRESS,12.331,bar,GOOD
2025-02-10 13:00:00,PUMP101.DISCHARGE_PRESS,11.72,bar,GOOD
2025-02-10 14:00:00,PUMP101.DISCHARGE_PRESS,11.966,bar,GOOD
2025-02-10 15:00:00,PUMP101.DISCHARGE_PRESS,11.986,bar,GOOD
2025-02-10 16:00:00,PUMP101.DISCHARGE_PRESS,11.616,bar,GOOD
2025-02-10 17:00:00,PUMP101.DISCHARGE_PRESS,11.615,bar,GOOD
2025-02-10 18:00:00,PUMP101.DISCHARGE_PRESS,12.505,bar,GOOD
2025-02-10 19:00:00,PUMP101.DISCHARGE_PRESS,11.79,bar,GOOD
2025-02-10 20:00:00,PUMP101.DISCHARGE_PRESS,11.453,bar,GOOD
2025-02-10 21:00:00,PUMP101.DISCHARGE_PRESS,11.978,bar,GOOD
2025-02-10 22:00:00,PUMP101.DISCHARGE_PRESS,12.059,bar,GOOD
2025-02-10 23:00:00,PUMP101.DISCHARGE_PRESS,11.014,bar,GOOD
2025-02-11 00:00:00,PUMP101.DISCHARGE_PRESS,11.98,bar,GOOD
2025-02-11 01:00:00,PUMP101.DISCHARGE_PRESS,12.434,bar,GOOD
2025-02-11 02:00:00,PUMP101.DISCHARGE_PRESS,12.226,bar,GOOD
2025-02-11 03:00:00,PUMP101.DISCHARGE_PRESS,13.115,bar,GOOD
2025-02-11 04:00:00,PUMP101.DISCHARGE_PRESS,12.626,bar,GOOD
2025-02-11 05:00:00,PUMP101.DISCHARGE_PRESS,12.724,bar,GOOD
2025-02-11 06:00:00,PUMP101.DISCHARGE_PRESS,13.4,bar,GOOD
2025-02-11 07:00:00,PUMP101.DISCHARGE_PRESS,12.379,bar,GOOD
2025-02-11 08:00:00,PUMP101.DISCHARGE_PRESS,12.082,bar,GOOD
2025-02-11 09:00:00,PUMP101.DISCHARGE_PRESS,12.487,bar,GOOD
2025-02-11 10:00:00,PUMP101.DISCHARGE_PRESS,11.72,bar,BAD
2025-02-11 11:00:00,PUMP101.DISCHARGE_PRESS,12.054,bar,GOOD
2025-02-11 12:00:00,PUMP101.DISCHARGE_PRESS,11.676,bar,GOOD
2025-02-11 13:00:00,PUMP101.DISCHARGE_PRESS,12.199,bar,GOOD
2025-02-11 14:00:00,PUMP101.DISCHARGE_PRESS,11.674,bar,GOOD
2025-02-11 15:00:00,PUMP101.DISCHARGE_PRESS,11.657,bar,GOOD
2025-02-11 16:00:00,PUMP101.DISCHARGE_PRESS,12.207,bar,GOOD
2025-02-11 17:00:00,PUMP101.DISCHARGE_PRESS,11.931,bar,GOOD
2025-02-11 18:00:00,PUMP101.DISCHARGE_PRESS,11.036,bar,GOOD
2025-02-11 19:00:00,PUMP101.DISCHARGE_PRESS,11.272,bar,GOOD
2025-02-11 20:00:00,PUMP101.DISCHARGE_PRESS,11.426,bar,GOOD
2025-02-11 21:00:00,PUMP101.DISCHARGE_PRESS,11.559,bar,GOOD
2025-02-11 22:00:00,PUMP101.DISCHARGE_PRESS,12.207,bar,GOOD
2025-02-11 23:00:00,PUMP101.DISCHARGE_PRESS,12.109,bar,GOOD
2025-02-12 00:00:00,PUMP101.DISCHARGE_PRESS,12.533,bar,GOOD
2025-02-12 01:00:00,PUMP101.DISCHARGE_PRESS,12.376,bar,GOOD
2025-02-12 02:00:00,PUMP101.DISCHARGE_PRESS,12.536,bar,GOOD
2025-02-12 03:00:00,PUMP101.DISCHARGE_PRESS,12.304,bar,GOOD
2025-02-12 04:00:00,PUMP101.DISCHARGE_PRESS,12.105,bar,GOOD
2025-02-12 05:00:00,PUMP101.DISCHARGE_PRESS,12.55,bar,GOOD
2025-02-12 06:00:00,PUMP101.DISCHARGE_PRESS,12.46,bar,GOOD
2025-02-12 07:00:00,PUMP101.DISCHARGE_PRESS,12.188,bar,GOOD
2025-02-12 08:00:00,PUMP101.DISCHARGE_PRESS,12.636,bar,GOOD
2025-02-12 09:00:00,PUMP101.DISCHARGE_PRESS,10.827,bar,GOOD
2025-02-12 10:00:00,PUMP101.DISCHARGE_PRESS,11.855,bar,GOOD
2025-02-12 11:00:00,PUMP101.DISCHARGE_PRESS,11.847,bar,GOOD
2025-02-12 12:00:00,PUMP101.DISCHARGE_PRESS,12.576,bar,GOOD
2025-02-12 13:00:00,PUMP101.DISCHARGE_PRESS,12.786,bar,GOOD
2025-02-12 14:00:00,PUMP101.DISCHARGE_PRESS,11.275,bar,GOOD
2025-02-12 15:00:00,PUMP101.DISCHARGE_PRESS,12.706,bar,GOOD
2025-02-12 16:00:00,PUMP101.DISCHARGE_PRESS,11.414,bar,GOOD
2025-02-12 17:00:00,PUMP101.DISCHARGE_PRESS,11.429,bar,GOOD
2025-02-12 18:00:00,PUMP101.DISCHARGE_PRESS,11.883,bar,GOOD
2025-02-12 19:00:00,PUMP101.DISCHARGE_PRESS,11.841,bar,GOOD
2025-02-12 20:00:00,PUMP101.DISCHARGE_PRESS,11.221,bar,GOOD
2025-02-12 21:00:00,PUMP101.DISCHARGE_PRESS,12.325,bar,GOOD
2025-02-12 22:00:00,PUMP101.DISCHARGE_PRESS,12.34,bar,GOOD
2025-02-12 23:00:00,PUMP101.DISCHARGE_PRESS,12.527,bar,GOOD
2025-02-13 00:00:00,PUMP101.DISCHARGE_PRESS,11.783,bar,GOOD
2025-02-13 01:00:00,PUMP101.DISCHARGE_PRESS,11.98,bar,GOOD
2025-02-13 02:00:00,PUMP101.DISCHARGE_PRESS,11.985,bar,GOOD
2025-02-13 03:00:00,PUMP101.DISCHARGE_PRESS,12.844,bar,GOOD
2025-02-13 04:00:00,PUMP101.DISCHARGE_PRESS,10.583,bar,GOOD
2025-02-13 05:00:00,PUMP101.DISCHARGE_PRESS,11.522,bar,GOOD
2025-02-13 06:00:00,PUMP101.DISCHARGE_PRESS,12.003,bar,GOOD
2025-02-13 07:00:00,PUMP101.DISCHARGE_PRESS,11.457,bar,GOOD
2025-02-13 08:00:00,PUMP101.DISCHARGE_PRESS,11.871,bar,GOOD
2025-02-13 09:00:00,PUMP101.DISCHARGE_PRESS,11.937,bar,GOOD
2025-02-13 10:00:00,PUMP101.DISCHARGE_PRESS,11.671,bar,GOOD
2025-02-13 11:00:00,PUMP101.DISCHARGE_PRESS,12.032,bar,GOOD
2025-02-13 12:00:00,PUMP101.DISCHARGE_PRESS,12.314,bar,GOOD
2025-02-13 13:00:00,PUMP101.DISCHARGE_PRESS,11.882,bar,GOOD
2025-02-13 14:00:00,PUMP101.DISCHARGE_PRESS,11.773,bar,GOOD
2025-02-13 15:00:00,PUMP101.DISCHARGE_PRESS,11.917,bar,GOOD
2025-02-13 16:00:00,PUMP101.DISCHARGE_PRESS,11.996,bar,GOOD
2025-02-13 17:00:00,PUMP101.DISCHARGE_PRESS,11.13,bar,GOOD
2025-02-13 18:00:00,PUMP101.DISCHARGE_PRESS,12.231,bar,GOOD
2025-02-13 19:00:00,PUMP101.DISCHARGE_PRESS,11.774,bar,GOOD
2025-02-13 20:00:00,PUMP101.DISCHARGE_PRESS,12.631,bar,GOOD
2025-02-13 21:00:00,PUMP101.DISCHARGE_PRESS,12.296,bar,GOOD
2025-02-13 22:00:00,PUMP101.DISCHARGE_PRESS,12.585,bar,GOOD
2025-02-13 23:00:00,PUMP101.DISCHARGE_PRESS,11.494,bar,GOOD
2025-02-14 00:00:00,PUMP101.DISCHARGE_PRESS,11.814,bar,GOOD
2025-02-14 01:00:00,PUMP101.DISCHARGE_PRESS,11.379,bar,GOOD
2025-02-14 02:00:00,PUMP101.DISCHARGE_PRESS,11.647,bar,GOOD
2025-02-14 03:00:00,PUMP101.DISCHARGE_PRESS,12.626,bar,GOOD
2025-02-14 04:00:00,PUMP101.DISCHARGE_PRESS,12.744,bar,GOOD
2025-02-14 05:00:00,PUMP101.DISCHARGE_PRESS,11.426,bar,GOOD
2025-02-14 06:00:00,PUMP101.DISCHARGE_PRESS,11.771,bar,GOOD
2025-02-14 07:00:00,PUMP101.DISCHARGE_PRESS,11.962,bar,GOOD
2025-02-14 08:00:00,PUMP101.DISCHARGE_PRESS,12.293,bar,GOOD
2025-02-14 09:00:00,PUMP101.DISCHARGE_PRESS,11.12,bar,GOOD
2025-02-14 10:00:00,PUMP101.DISCHARGE_PRESS,11.198,bar,GOOD
2025-02-14 11:00:00,PUMP101.DISCHARGE_PRESS,12.245,bar,GOOD
2025-02-14 12:00:00,PUMP101.DISCHARGE_PRESS,11.025,bar,GOOD
2025-02-14 13:00:00,PUMP101.DISCHARGE_PRESS,11.777,bar,GOOD
2025-02-14 14:00:00,PUMP101.DISCHARGE_PRESS,12.081,bar,GOOD
2025-02-14 15:00:00,PUMP101.DISCHARGE_PRESS,12.208,bar,GOOD
2025-02-14 16:00:00,PUMP101.DISCHARGE_PRESS,11.929,bar,GOOD
2025-02-14 17:00:00,PUMP101.DISCHARGE_PRESS,11.817,bar,GOOD
2025-02-14 18:00:00,PUMP101.DISCHARGE_PRESS,12.422,bar,GOOD
2025-02-14 19:00:00,PUMP101.DISCHARGE_PRESS,12.143,bar,GOOD
2025-02-14 20:00:00,PUMP101.DISCHARGE_PRESS,11.676,bar,GOOD
2025-02-14 21:00:00,PUMP101.DISCHARGE_PRESS,12.019,bar,GOOD
2025-02-14 22:00:00,PUMP101.DISCHARGE_PRESS,12.192,bar,GOOD
2025-02-14 23:00:00,PUMP101.DISCHARGE_PRESS,12.859,bar,GOOD
2025-02-15 00:00:00,PUMP101.DISCHARGE_PRESS,12.393,bar,GOOD
2025-02-15 01:00:00,PUMP101.DISCHARGE_PRESS,12.607,bar,GOOD
2025-02-15 02:00:00,PUMP101.DISCHARGE_PRESS,11.695,bar,GOOD
2025-02-15 03:00:00,PUMP101.DISCHARGE_PRESS,11.738,bar,GOOD
2025-02-15 04:00:00,PUMP101.DISCHARGE_PRESS,11.882,bar,GOOD
2025-02-15 05:00:00,PUMP101.DISCHARGE_PRESS,11.928,bar,GOOD
2025-02-15 06:00:00,PUMP101.DISCHARGE_PRESS,11.496,bar,GOOD
2025-02-15 07:00:00,PUMP101.DISCHARGE_PRESS,12.633,bar,GOOD
2025-02-15 08:00:00,PUMP101.DISCHARGE_PRESS,12.442,bar,GOOD
2025-02-15 09:00:00,PUMP101.DISCHARGE_PRESS,11.847,bar,GOOD
2025-02-15 10:00:00,PUMP101.DISCHARGE_PRESS,12.321,bar,GOOD
2025-02-15 11:00:00,PUMP101.DISCHARGE_PRESS,12.111,bar,GOOD
2025-02-15 12:00:00,PUMP101.DISCHARGE_PRESS,12.36,bar,GOOD
2025-02-15 13:00:00,PUMP101.DISCHARGE_PRESS,11.328,bar,GOOD
2025-02-15 14:00:00,PUMP101.DISCHARGE_PRESS,11.927,bar,GOOD
2025-02-15 15:00:00,PUMP101.DISCHARGE_PRESS,11.971,bar,GOOD
2025-02-15 16:00:00,PUMP101.DISCHARGE_PRESS,12.312,bar,GOOD
2025-02-15 17:00:00,PUMP101.DISCHARGE_PRESS,11.686,bar,GOOD
2025-02-15 18:00:00,PUMP101.DISCHARGE_PRESS,10.75,bar,GOOD
2025-02-15 19:00:00,PUMP101.DISCHARGE_PRESS,11.459,bar,GOOD
2025-02-15 20:00:00,PUMP101.DISCHARGE_PRESS,11.969,bar,GOOD
2025-02-15 21:00:00,PUMP101.DISCHARGE_PRESS,12.032,bar,GOOD
2025-02-15 22:00:00,PUMP101.DISCHARGE_PRESS,12.842,bar,GOOD
2025-02-15 23:00:00,PUMP101.DISCHARGE_PRESS,12.291,bar,GOOD
2025-02-16 00:00:00,PUMP101.DISCHARGE_PRESS,12.041,bar,GOOD
2025-02-16 01:00:00,PUMP101.DISCHARGE_PRESS,11.984,bar,GOOD
2025-02-16 02:00:00,PUMP101.DISCHARGE_PRESS,12.552,bar,GOOD
2025-02-16 03:00:00,PUMP101.DISCHARGE_PRESS,11.705,bar,GOOD
2025-02-16 04:00:00,PUMP101.DISCHARGE_PRESS,11.93,bar,GOOD
2025-02-16 05:00:00,PUMP101.DISCHARGE_PRESS,11.455,bar,GOOD
2025-02-16 06:00:00,PUMP101.DISCHARGE_PRESS,12.709,bar,GOOD
2025-02-16 07:00:00,PUMP101.DISCHARGE_PRESS,12.196,bar,GOOD
2025-02-16 08:00:00,PUMP101.DISCHARGE_PRESS,11.646,bar,GOOD
2025-02-16 09:00:00,PUMP101.DISCHARGE_PRESS,11.943,bar,GOOD
2025-02-16 10:00:00,PUMP101.DISCHARGE_PRESS,12.255,bar,GOOD
2025-02-16 11:00:00,PUMP101.DISCHARGE_PRESS,11.875,bar,GOOD
2025-02-16 12:00:00,PUMP101.DISCHARGE_PRESS,11.733,bar,GOOD
2025-02-16 13:00:00,PUMP101.DISCHARGE_PRESS,11.673,bar,GOOD
2025-02-16 14:00:00,PUMP101.DISCHARGE_PRESS,12.169,bar,GOOD
2025-02-16 15:00:00,PUMP101.DISCHARGE_PRESS,11.821,bar,GOOD
2025-02-16 16:00:00,PUMP101.DISCHARGE_PRESS,11.773,bar,GOOD
2025-02-16 17:00:00,PUMP101.DISCHARGE_PRESS,11.332,bar,GOOD
2025-02-16 18:00:00,PUMP101.DISCHARGE_PRESS,12.039,bar,GOOD
2025-02-16 19:00:00,PUMP101.DISCHARGE_PRESS,11.909,bar,GOOD
2025-02-16 20:00:00,PUMP101.DISCHARGE_PRESS,11.839,bar,GOOD
2025-02-16 21:00:00,PUMP101.DISCHARGE_PRESS,12.099,bar,GOOD
2025-02-16 22:00:00,PUMP101.DISCHARGE_PRESS,12.374,bar,GOOD
2025-02-16 23:00:00,PUMP101.DISCHARGE_PRESS,12.351,bar,GOOD
2025-02-17 00:00:00,PUMP101.DISCHARGE_PRESS,12.276,bar,GOOD
2025-02-17 01:00:00,PUMP101.DISCHARGE_PRESS,11.88,bar,GOOD
2025-02-17 02:00:00,PUMP101.DISCHARGE_PRESS,11.717,bar,GOOD
2025-02-17 03:00:00,PUMP101.DISCHARGE_PRESS,11.478,bar,GOOD
2025-02-17 04:00:00,PUMP101.DISCHARGE_PRESS,11.703,bar,GOOD
2025-02-17 05:00:00,PUMP101.DISCHARGE_PRESS,12.01,bar,GOOD
2025-02-17 06:00:00,PUMP101.DISCHARGE_PRESS,11.607,bar,GOOD
2025-02-17 07:00:00,PUMP101.DISCHARGE_PRESS,12.048,bar,GOOD
2025-02-17 08:00:00,PUMP101.DISCHARGE_PRESS,11.517,bar,GOOD
2025-02-17 09:00:00,PUMP101.DISCHARGE_PRESS,11.17,bar,GOOD
2025-02-17 10:00:00,PUMP101.DISCHARGE_PRESS,12.41,bar,GOOD
2025-02-17 11:00:00,PUMP101.DISCHARGE_PRESS,11.763,bar,GOOD
2025-02-17 12:00:00,PUMP101.DISCHARGE_PRESS,11.581,bar,GOOD
2025-02-17 13:00:00,PUMP101.DISCHARGE_PRESS,11.453,bar,GOOD
2025-02-17 14:00:00,PUMP101.DISCHARGE_PRESS,12.212,bar,GOOD
2025-02-17 15:00:00,PUMP101.DISCHARGE_PRESS,12.687,bar,GOOD
2025-02-17 16:00:00,PUMP101.DISCHARGE_PRESS,11.798,bar,GOOD
2025-02-17 17:00:00,PUMP101.DISCHARGE_PRESS,11.892,bar,GOOD
2025-02-17 18:00:00,PUMP101.DISCHARGE_PRESS,12.536,bar,GOOD
2025-02-17 19:00:00,PUMP101.DISCHARGE_PRESS,11.095,bar,GOOD
2025-02-17 20:00:00,PUMP101.DISCHARGE_PRESS,12.983,bar,GOOD
2025-02-17 21:00:00,PUMP101.DISCHARGE_PRESS,13.222,bar,GOOD
2025-02-17 22:00:00,PUMP101.DISCHARGE_PRESS,10.647,bar,GOOD
2025-02-17 23:00:00,PUMP101.DISCHARGE_PRESS,11.951,bar,GOOD
2025-02-18 00:00:00,PUMP101.DISCHARGE_PRESS,11.641,bar,GOOD
2025-02-18 01:00:00,PUMP101.DISCHARGE_PRESS,11.868,bar,GOOD
2025-02-18 02:00:00,PUMP101.DISCHARGE_PRESS,11.791,bar,GOOD
2025-02-18 03:00:00,PUMP101.DISCHARGE_PRESS,12.406,bar,GOOD
2025-02-18 04:00:00,PUMP101.DISCHARGE_PRESS,11.944,bar,GOOD
2025-02-18 05:00:00,PUMP101.DISCHARGE_PRESS,11.545,bar,GOOD
2025-02-18 06:00:00,PUMP101.DISCHARGE_PRESS,11.914,bar,GOOD
2025-02-18 07:00:00,PUMP101.DISCHARGE_PRESS,12.257,bar,GOOD
2025-02-18 08:00:00,PUMP101.DISCHARGE_PRESS,11.408,bar,GOOD
2025-02-18 09:00:00,PUMP101.DISCHARGE_PRESS,11.177,bar,GOOD
2025-02-18 10:00:00,PUMP101.DISCHARGE_PRESS,12.996,bar,GOOD
2025-02-18 11:00:00,PUMP101.DISCHARGE_PRESS,11.679,bar,GOOD
2025-02-18 12:00:00,PUMP101.DISCHARGE_PRESS,11.931,bar,GOOD
2025-02-18 13:00:00,PUMP101.DISCHARGE_PRESS,11.801,bar,GOOD
2025-02-18 14:00:00,PUMP101.DISCHARGE_PRESS,12.274,bar,GOOD
2025-02-18 15:00:00,PUMP101.DISCHARGE_PRESS,12.886,bar,GOOD
2025-02-18 16:00:00,PUMP101.DISCHARGE_PRESS,12.29,bar,GOOD
2025-02-18 17:00:00,PUMP101.DISCHARGE_PRESS,11.241,bar,GOOD
2025-02-18 18:00:00,PUMP101.DISCHARGE_PRESS,11.308,bar,GOOD
2025-02-18 19:00:00,PUMP101.DISCHARGE_PRESS,11.801,bar,GOOD
2025-02-18 20:00:00,PUMP101.DISCHARGE_PRESS,11.866,bar,GOOD
2025-02-18 21:00:00,PUMP101.DISCHARGE_PRESS,11.139,bar,GOOD
2025-02-18 22:00:00,PUMP101.DISCHARGE_PRESS,12.41,bar,GOOD
2025-02-18 23:00:00,PUMP101.DISCHARGE_PRESS,11.457,bar,GOOD
2025-02-19 00:00:00,PUMP101.DISCHARGE_PRESS,12.747,bar,GOOD
2025-02-19 01:00:00,PUMP101.DISCHARGE_PRESS,12.91,bar,GOOD
2025-02-19 02:00:00,PUMP101.DISCHARGE_PRESS,11.876,bar,GOOD
2025-02-19 03:00:00,PUMP101.DISCHARGE_PRESS,12.219,bar,GOOD
2025-02-19 04:00:00,PUMP101.DISCHARGE_PRESS,11.384,bar,GOOD
2025-02-19 05:00:00,PUMP101.DISCHARGE_PRESS,12.312,bar,GOOD
2025-02-19 06:00:00,PUMP101.DISCHARGE_PRESS,11.751,bar,GOOD
2025-02-19 07:00:00,PUMP101.DISCHARGE_PRESS,11.456,bar,GOOD
2025-02-19 08:00:00,PUMP101.DISCHARGE_PRESS,11.855,bar,GOOD
2025-02-19 09:00:00,PUMP101.DISCHARGE_PRESS,11.767,bar,GOOD
2025-02-19 10:00:00,PUMP101.DISCHARGE_PRESS,11.837,bar,GOOD
2025-02-19 11:00:00,PUMP101.DISCHARGE_PRESS,12.475,bar,GOOD
2025-02-19 12:00:00,PUMP101.DISCHARGE_PRESS,11.607,bar,GOOD
2025-02-19 13:00:00,PUMP101.DISCHARGE_PRESS,12.868,bar,GOOD
2025-02-19 14:00:00,PUMP101.DISCHARGE_PRESS,11.337,bar,GOOD
2025-02-19 15:00:00,PUMP101.DISCHARGE_PRESS,12.808,bar,GOOD
2025-02-19 16:00:00,PUMP101.DISCHARGE_PRESS,11.492,bar,GOOD
2025-02-19 17:00:00,PUMP101.DISCHARGE_PRESS,11.999,bar,GOOD
2025-02-19 18:00:00,PUMP101.DISCHARGE_PRESS,11.755,bar,GOOD
2025-02-19 19:00:00,PUMP101.DISCHARGE_PRESS,11.828,bar,GOOD
2025-02-19 20:00:00,PUMP101.DISCHARGE_PRESS,12.401,bar,GOOD
2025-02-19 21:00:00,PUMP101.DISCHARGE_PRESS,12.75,bar,GOOD
2025-02-19 22:00:00,PUMP101.DISCHARGE_PRESS,12.595,bar,GOOD
2025-02-19 23:00:00,PUMP101.DISCHARGE_PRESS,11.798,bar,GOOD
2025-02-20 00:00:00,PUMP101.DISCHARGE_PRESS,12.092,bar,GOOD
2025-02-20 01:00:00,PUMP101.DISCHARGE_PRESS,11.609,bar,GOOD
2025-02-20 02:00:00,PUMP101.DISCHARGE_PRESS,11.504,bar,GOOD
2025-02-20 03:00:00,PUMP101.DISCHARGE_PRESS,11.427,bar,GOOD
2025-02-20 04:00:00,PUMP101.DISCHARGE_PRESS,11.781,bar,GOOD
2025-02-20 05:00:00,PUMP101.DISCHARGE_PRESS,12.125,bar,GOOD
2025-02-20 06:00:00,PUMP101.DISCHARGE_PRESS,11.044,bar,GOOD
2025-02-20 07:00:00,PUMP101.DISCHARGE_PRESS,11.977,bar,GOOD
2025-02-20 08:00:00,PUMP101.DISCHARGE_PRESS,12.758,bar,GOOD
2025-02-20 09:00:00,PUMP101.DISCHARGE_PRESS,12.561,bar,GOOD
2025-02-20 10:00:00,PUMP101.DISCHARGE_PRESS,11.707,bar,GOOD
2025-02-20 11:00:00,PUMP101.DISCHARGE_PRESS,11.302,bar,BAD
2025-02-20 12:00:00,PUMP101.DISCHARGE_PRESS,12.23,bar,GOOD
2025-02-20 13:00:00,PUMP101.DISCHARGE_PRESS,10.841,bar,GOOD
2025-02-20 14:00:00,PUMP101.DISCHARGE_PRESS,12.555,bar,GOOD
2025-02-20 15:00:00,PUMP101.DISCHARGE_PRESS,11.893,bar,GOOD
2025-02-20 16:00:00,PUMP101.DISCHARGE_PRESS,12.916,bar,BAD
2025-02-20 17:00:00,PUMP101.DISCHARGE_PRESS,11.137,bar,GOOD
2025-02-20 18:00:00,PUMP101.DISCHARGE_PRESS,12.459,bar,GOOD
2025-02-20 19:00:00,PUMP101.DISCHARGE_PRESS,11.95,bar,GOOD
2025-02-20 20:00:00,PUMP101.DISCHARGE_PRESS,11.834,bar,GOOD
2025-02-20 21:00:00,PUMP101.DISCHARGE_PRESS,11.315,bar,GOOD
2025-02-20 22:00:00,PUMP101.DISCHARGE_PRESS,12.298,bar,GOOD
2025-02-20 23:00:00,PUMP101.DISCHARGE_PRESS,12.338,bar,GOOD
2025-02-21 00:00:00,PUMP101.DISCHARGE_PRESS,12.893,bar,GOOD
2025-02-21 01:00:00,PUMP101.DISCHARGE_PRESS,12.504,bar,GOOD
2025-02-21 02:00:00,PUMP101.DISCHARGE_PRESS,11.703,bar,GOOD
2025-02-21 03:00:00,PUMP101.DISCHARGE_PRESS,11.498,bar,GOOD
2025-02-21 04:00:00,PUMP101.DISCHARGE_PRESS,11.316,bar,GOOD
2025-02-21 05:00:00,PUMP101.DISCHARGE_PRESS,12.737,bar,GOOD
2025-02-21 06:00:00,PUMP101.DISCHARGE_PRESS,11.611,bar,GOOD
2025-02-21 07:00:00,PUMP101.DISCHARGE_PRESS,12.74,bar,GOOD
2025-02-21 08:00:00,PUMP101.DISCHARGE_PRESS,12.263,bar,GOOD
2025-02-21 09:00:00,PUMP101.DISCHARGE_PRESS,12.165,bar,GOOD
2025-02-21 10:00:00,PUMP101.DISCHARGE_PRESS,11.847,bar,GOOD
2025-02-21 11:00:00,PUMP101.DISCHARGE_PRESS,12.33,bar,GOOD
2025-02-21 12:00:00,PUMP101.DISCHARGE_PRESS,11.992,bar,GOOD
2025-02-21 13:00:00,PUMP101.DISCHARGE_PRESS,11.815,bar,GOOD
2025-02-21 14:00:00,PUMP101.DISCHARGE_PRESS,12.348,bar,GOOD
2025-02-21 15:00:00,PUMP101.DISCHARGE_PRESS,11.928,bar,GOOD
2025-02-21 16:00:00,PUMP101.DISCHARGE_PRESS,11.601,bar,GOOD
2025-02-21 17:00:00,PUMP101.DISCHARGE_PRESS,12.3,bar,GOOD
2025-02-21 18:00:00,PUMP101.DISCHARGE_PRESS,11.968,bar,GOOD
2025-02-21 19:00:00,PUMP101.DISCHARGE_PRESS,12.244,bar,GOOD
2025-02-21 20:00:00,PUMP101.DISCHARGE_PRESS,11.773,bar,GOOD
2025-02-21 21:00:00,PUMP101.DISCHARGE_PRESS,11.395,bar,GOOD
2025-02-21 22:00:00,PUMP101.DISCHARGE_PRESS,12.868,bar,GOOD
2025-02-21 23:00:00,PUMP101.DISCHARGE_PRESS,12.773,bar,GOOD
2025-02-22 00:00:00,PUMP101.DISCHARGE_PRESS,12.442,bar,GOOD
2025-02-22 01:00:00,PUMP101.DISCHARGE_PRESS,11.806,bar,GOOD
2025-02-22 02:00:00,PUMP101.DISCHARGE_PRESS,11.85,bar,GOOD
2025-02-22 03:00:00,PUMP101.DISCHARGE_PRESS,12.691,bar,GOOD
2025-02-22 04:00:00,PUMP101.DISCHARGE_PRESS,11.823,bar,GOOD
2025-02-22 05:00:00,PUMP101.DISCHARGE_PRESS,11.684,bar,GOOD
2025-02-22 06:00:00,PUMP101.DISCHARGE_PRESS,12.936,bar,GOOD
2025-02-22 07:00:00,PUMP101.DISCHARGE_PRESS,11.976,bar,GOOD
2025-02-22 08:00:00,PUMP101.DISCHARGE_PRESS,12.884,bar,GOOD
2025-02-22 09:00:00,PUMP101.DISCHARGE_PRESS,11.301,bar,GOOD
2025-02-22 10:00:00,PUMP101.DISCHARGE_PRESS,12.259,bar,GOOD
2025-02-22 11:00:00,PUMP101.DISCHARGE_PRESS,13.036,bar,GOOD
2025-02-22 12:00:00,PUMP101.DISCHARGE_PRESS,12.015,bar,GOOD
2025-02-22 13:00:00,PUMP101.DISCHARGE_PRESS,11.868,bar,GOOD
2025-02-22 14:00:00,PUMP101.DISCHARGE_PRESS,11.416,bar,GOOD
2025-02-22 15:00:00,PUMP101.DISCHARGE_PRESS,12.541,bar,GOOD
2025-02-22 16:00:00,PUMP101.DISCHARGE_PRESS,11.615,bar,GOOD
2025-02-22 17:00:00,PUMP101.DISCHARGE_PRESS,11.953,bar,GOOD
2025-02-22 18:00:00,PUMP101.DISCHARGE_PRESS,11.383,bar,GOOD
2025-02-22 19:00:00,PUMP101.DISCHARGE_PRESS,12.778,bar,GOOD
2025-02-22 20:00:00,PUMP101.DISCHARGE_PRESS,12.577,bar,GOOD
2025-02-22 21:00:00,PUMP101.DISCHARGE_PRESS,11.984,bar,GOOD
2025-02-22 22:00:00,PUMP101.DISCHARGE_PRESS,11.423,bar,GOOD
2025-02-22 23:00:00,PUMP101.DISCHARGE_PRESS,12.768,bar,GOOD
2025-02-23 00:00:00,PUMP101.DISCHARGE_PRESS,11.817,bar,GOOD
2025-02-23 01:00:00,PUMP101.DISCHARGE_PRESS,11.447,bar,GOOD
2025-02-23 02:00:00,PUMP101.DISCHARGE_PRESS,11.119,bar,GOOD
2025-02-23 03:00:00,PUMP101.DISCHARGE_PRESS,11.677,bar,GOOD
2025-02-23 04:00:00,PUMP101.DISCHARGE_PRESS,11.273,bar,GOOD
2025-02-23 05:00:00,PUMP101.DISCHARGE_PRESS,11.689,bar,GOOD
2025-02-23 06:00:00,PUMP101.DISCHARGE_PRESS,12.372,bar,GOOD
2025-02-23 07:00:00,PUMP101.DISCHARGE_PRESS,11.812,bar,GOOD
2025-02-23 08:00:00,PUMP101.DISCHARGE_PRESS,12.178,bar,GOOD
2025-02-23 09:00:00,PUMP101.DISCHARGE_PRESS,11.638,bar,GOOD
2025-02-23 10:00:00,PUMP101.DISCHARGE_PRESS,12.033,bar,GOOD
2025-02-23 11:00:00,PUMP101.DISCHARGE_PRESS,12.96,bar,GOOD
2025-02-23 12:00:00,PUMP101.DISCHARGE_PRESS,11.826,bar,GOOD
2025-02-23 13:00:00,PUMP101.DISCHARGE_PRESS,12.192,bar,GOOD
2025-02-23 14:00:00,PUMP101.DISCHARGE_PRESS,11.217,bar,GOOD
2025-02-23 15:00:00,PUMP101.DISCHARGE_PRESS,12.76,bar,GOOD
2025-02-23 16:00:00,PUMP101.DISCHARGE_PRESS,11.761,bar,GOOD
2025-02-23 17:00:00,PUMP101.DISCHARGE_PRESS,12.525,bar,GOOD
2025-02-23 18:00:00,PUMP101.DISCHARGE_PRESS,11.938,bar,GOOD
2025-02-23 19:00:00,PUMP101.DISCHARGE_PRESS,12.306,bar,GOOD
2025-02-23 20:00:00,PUMP101.DISCHARGE_PRESS,12.336,bar,GOOD
2025-02-23 21:00:00,PUMP101.DISCHARGE_PRESS,11.774,bar,GOOD
2025-02-23 22:00:00,PUMP101.DISCHARGE_PRESS,12.546,bar,GOOD
2025-02-23 23:00:00,PUMP101.DISCHARGE_PRESS,11.621,bar,GOOD
2025-02-24 00:00:00,PUMP101.DISCHARGE_PRESS,12.389,bar,GOOD
2025-02-24 01:00:00,PUMP101.DISCHARGE_PRESS,11.805,bar,GOOD
2025-02-24 02:00:00,PUMP101.DISCHARGE_PRESS,12.175,bar,GOOD
2025-02-24 03:00:00,PUMP101.DISCHARGE_PRESS,11.769,bar,GOOD
2025-02-24 04:00:00,PUMP101.DISCHARGE_PRESS,12.025,bar,GOOD
2025-02-24 05:00:00,PUMP101.DISCHARGE_PRESS,11.463,bar,GOOD
2025-02-24 06:00:00,PUMP101.DISCHARGE_PRESS,12.124,bar,GOOD
2025-02-24 07:00:00,PUMP101.DISCHARGE_PRESS,12.022,bar,GOOD
2025-02-24 08:00:00,PUMP101.DISCHARGE_PRESS,11.73,bar,GOOD
2025-02-24 09:00:00,PUMP101.DISCHARGE_PRESS,11.972,bar,GOOD
2025-02-24 10:00:00,PUMP101.DISCHARGE_PRESS,12.067,bar,GOOD
2025-02-24 11:00:00,PUMP101.DISCHARGE_PRESS,11.692,bar,GOOD
2025-02-24 12:00:00,PUMP101.DISCHARGE_PRESS,11.936,bar,GOOD
2025-02-24 13:00:00,PUMP101.DISCHARGE_PRESS,11.497,bar,GOOD
2025-02-24 14:00:00,PUMP101.DISCHARGE_PRESS,13.173,bar,GOOD
2025-02-24 15:00:00,PUMP101.DISCHARGE_PRESS,12.53,bar,GOOD
2025-02-24 16:00:00,PUMP101.DISCHARGE_PRESS,12.137,bar,GOOD
2025-02-24 17:00:00,PUMP101.DISCHARGE_PRESS,12.586,bar,GOOD
2025-02-24 18:00:00,PUMP101.DISCHARGE_PRESS,11.01,bar,GOOD
2025-02-24 19:00:00,PUMP101.DISCHARGE_PRESS,10.721,bar,GOOD
2025-02-24 20:00:00,PUMP101.DISCHARGE_PRESS,11.8,bar,GOOD
2025-02-24 21:00:00,PUMP101.DISCHARGE_PRESS,11.311,bar,GOOD
2025-02-24 22:00:00,PUMP101.DISCHARGE_PRESS,11.882,bar,GOOD
2025-02-24 23:00:00,PUMP101.DISCHARGE_PRESS,12.103,bar,GOOD
2025-02-25 00:00:00,PUMP101.DISCHARGE_PRESS,12.46,bar,GOOD
2025-02-25 01:00:00,PUMP101.DISCHARGE_PRESS,11.431,bar,GOOD
2025-02-25 02:00:00,PUMP101.DISCHARGE_PRESS,12.2,bar,GOOD
2025-02-25 03:00:00,PUMP101.DISCHARGE_PRESS,12.007,bar,GOOD
2025-02-25 04:00:00,PUMP101.DISCHARGE_PRESS,12.174,bar,GOOD
2025-02-25 05:00:00,PUMP101.DISCHARGE_PRESS,11.74,bar,GOOD
2025-02-25 06:00:00,PUMP101.DISCHARGE_PRESS,12.692,bar,GOOD
2025-02-25 07:00:00,PUMP101.DISCHARGE_PRESS,11.948,bar,GOOD
2025-02-25 08:00:00,PUMP101.DISCHARGE_PRESS,12.887,bar,GOOD
2025-02-25 09:00:00,PUMP101.DISCHARGE_PRESS,11.605,bar,GOOD
2025-02-25 10:00:00,PUMP101.DISCHARGE_PRESS,12.371,bar,GOOD
2025-02-25 11:00:00,PUMP101.DISCHARGE_PRESS,11.97,bar,GOOD
2025-02-25 12:00:00,PUMP101.DISCHARGE_PRESS,11.836,bar,GOOD
2025-02-25 13:00:00,PUMP101.DISCHARGE_PRESS,12.316,bar,GOOD
2025-02-25 14:00:00,PUMP101.DISCHARGE_PRESS,11.85,bar,GOOD
2025-02-25 15:00:00,PUMP101.DISCHARGE_PRESS,10.669,bar,GOOD
2025-02-25 16:00:00,PUMP101.DISCHARGE_PRESS,10.469,bar,GOOD
2025-02-25 17:00:00,PUMP101.DISCHARGE_PRESS,12.636,bar,GOOD
2025-02-25 18:00:00,PUMP101.DISCHARGE_PRESS,12.615,bar,GOOD
2025-02-25 19:00:00,PUMP101.DISCHARGE_PRESS,12.944,bar,GOOD
2025-02-25 20:00:00,PUMP101.DISCHARGE_PRESS,11.991,bar,GOOD
2025-02-25 21:00:00,PUMP101.DISCHARGE_PRESS,11.354,bar,GOOD
2025-02-25 22:00:00,PUMP101.DISCHARGE_PRESS,11.79,bar,GOOD
2025-02-25 23:00:00,PUMP101.DISCHARGE_PRESS,12.006,bar,GOOD
2025-02-26 00:00:00,PUMP101.DISCHARGE_PRESS,11.496,bar,GOOD
2025-02-26 01:00:00,PUMP101.DISCHARGE_PRESS,12.824,bar,GOOD
2025-02-26 02:00:00,PUMP101.DISCHARGE_PRESS,13.12,bar,GOOD
2025-02-26 03:00:00,PUMP101.DISCHARGE_PRESS,12.239,bar,GOOD
2025-02-26 04:00:00,PUMP101.DISCHARGE_PRESS,11.995,bar,BAD
2025-02-26 05:00:00,PUMP101.DISCHARGE_PRESS,11.353,bar,GOOD
2025-02-26 06:00:00,PUMP101.DISCHARGE_PRESS,12.773,bar,GOOD
2025-02-26 07:00:00,PUMP101.DISCHARGE_PRESS,12.038,bar,GOOD
2025-02-26 08:00:00,PUMP101.DISCHARGE_PRESS,11.855,bar,GOOD
2025-02-26 09:00:00,PUMP101.DISCHARGE_PRESS,12.241,bar,GOOD
2025-02-26 10:00:00,PUMP101.DISCHARGE_PRESS,11.707,bar,GOOD
2025-02-26 11:00:00,PUMP101.DISCHARGE_PRESS,12.073,bar,GOOD
2025-02-26 12:00:00,PUMP101.DISCHARGE_PRESS,11.279,bar,GOOD
2025-02-26 13:00:00,PUMP101.DISCHARGE_PRESS,12.544,bar,GOOD
2025-02-26 14:00:00,PUMP101.DISCHARGE_PRESS,11.948,bar,GOOD
2025-02-26 15:00:00,PUMP101.DISCHARGE_PRESS,12.579,bar,GOOD
2025-02-26 16:00:00,PUMP101.DISCHARGE_PRESS,11.899,bar,GOOD
2025-02-26 17:00:00,PUMP101.DISCHARGE_PRESS,11.932,bar,GOOD
2025-02-26 18:00:00,PUMP101.DISCHARGE_PRESS,11.394,bar,GOOD
2025-02-26 19:00:00,PUMP101.DISCHARGE_PRESS,12.38,bar,GOOD
2025-02-26 20:00:00,PUMP101.DISCHARGE_PRESS,11.562,bar,GOOD
2025-02-26 21:00:00,PUMP101.DISCHARGE_PRESS,11.757,bar,GOOD
2025-02-26 22:00:00,PUMP101.DISCHARGE_PRESS,12.001,bar,GOOD
2025-02-26 23:00:00,PUMP101.DISCHARGE_PRESS,12.061,bar,GOOD
2025-02-27 00:00:00,PUMP101.DISCHARGE_PRESS,11.147,bar,GOOD
2025-02-27 01:00:00,PUMP101.DISCHARGE_PRESS,11.885,bar,GOOD
2025-02-27 02:00:00,PUMP101.DISCHARGE_PRESS,12.398,bar,GOOD
2025-02-27 03:00:00,PUMP101.DISCHARGE_PRESS,11.811,bar,GOOD
2025-02-27 04:00:00,PUMP101.DISCHARGE_PRESS,11.888,bar,GOOD
2025-02-27 05:00:00,PUMP101.DISCHARGE_PRESS,12.081,bar,GOOD
2025-02-27 06:00:00,PUMP101.DISCHARGE_PRESS,11.937,bar,GOOD
2025-02-27 07:00:00,PUMP101.DISCHARGE_PRESS,11.485,bar,GOOD
2025-02-27 08:00:00,PUMP101.DISCHARGE_PRESS,11.982,bar,GOOD
2025-02-27 09:00:00,PUMP101.DISCHARGE_PRESS,12.497,bar,GOOD
2025-02-27 10:00:00,PUMP101.DISCHARGE_PRESS,11.474,bar,GOOD
2025-02-27 11:00:00,PUMP101.DISCHARGE_PRESS,11.813,bar,GOOD
2025-02-27 12:00:00,PUMP101.DISCHARGE_PRESS,11.309,bar,GOOD
2025-02-27 13:00:00,PUMP101.DISCHARGE_PRESS,12.471,bar,GOOD
2025-02-27 14:00:00,PUMP101.DISCHARGE_PRESS,11.954,bar,GOOD
2025-02-27 15:00:00,PUMP101.DISCHARGE_PRESS,11.575,bar,GOOD
2025-02-27 16:00:00,PUMP101.DISCHARGE_PRESS,12.046,bar,GOOD
2025-02-27 17:00:00,PUMP101.DISCHARGE_PRESS,11.398,bar,GOOD
2025-02-27 18:00:00,PUMP101.DISCHARGE_PRESS,11.483,bar,GOOD
2025-02-27 19:00:00,PUMP101.DISCHARGE_PRESS,11.27,bar,GOOD
2025-02-27 20:00:00,PUMP101.DISCHARGE_PRESS,11.467,bar,GOOD
2025-02-27 21:00:00,PUMP101.DISCHARGE_PRESS,12.679,bar,GOOD
2025-02-27 22:00:00,PUMP101.DISCHARGE_PRESS,11.633,bar,GOOD
2025-02-27 23:00:00,PUMP101.DISCHARGE_PRESS,12.233,bar,GOOD
2025-02-28 00:00:00,PUMP101.DISCHARGE_PRESS,11.582,bar,GOOD
2025-01-01 00:00:00,PUMP101.MOTOR_CURRENT,46.377,A,GOOD
2025-01-01 01:00:00,PUMP101.MOTOR_CURRENT,45.307,A,GOOD
2025-01-01 02:00:00,PUMP101.MOTOR_CURRENT,45.565,A,GOOD
2025-01-01 03:00:00,PUMP101.MOTOR_CURRENT,44.846,A,GOOD
2025-01-01 04:00:00,PUMP101.MOTOR_CURRENT,44.504,A,GOOD
2025-01-01 05:00:00,PUMP101.MOTOR_CURRENT,44.843,A,GOOD
2025-01-01 06:00:00,PUMP101.MOTOR_CURRENT,45.356,A,GOOD
2025-01-01 07:00:00,PUMP101.MOTOR_CURRENT,45.203,A,GOOD
2025-01-01 08:00:00,PUMP101.MOTOR_CURRENT,45.202,A,GOOD
2025-01-01 09:00:00,PUMP101.MOTOR_CURRENT,44.893,A,GOOD
2025-01-01 10:00:00,PUMP101.MOTOR_CURRENT,44.813,A,GOOD
2025-01-01 11:00:00,PUMP101.MOTOR_CURRENT,44.91,A,GOOD
2025-01-01 12:00:00,PUMP101.MOTOR_CURRENT,45.362,A,GOOD
2025-01-01 13:00:00,PUMP101.MOTOR_CURRENT,45.42,A,GOOD
2025-01-01 14:00:00,PUMP101.MOTOR_CURRENT,44.497,A,GOOD
2025-01-01 15:00:00,PUMP101.MOTOR_CURRENT,45.381,A,GOOD
2025-01-01 16:00:00,PUMP101.MOTOR_CURRENT,44.675,A,GOOD
2025-01-01 17:00:00,PUMP101.MOTOR_CURRENT,45.234,A,GOOD
2025-01-01 18:00:00,PUMP101.MOTOR_CURRENT,44.904,A,GOOD
2025-01-01 19:00:00,PUMP101.MOTOR_CURRENT,45.783,A,GOOD
2025-01-01 20:00:00,PUMP101.MOTOR_CURRENT,44.791,A,GOOD
2025-01-01 21:00:00,PUMP101.MOTOR_CURRENT,45.089,A,GOOD
2025-01-01 22:00:00,PUMP101.MOTOR_CURRENT,45.303,A,GOOD
2025-01-01 23:00:00,PUMP101.MOTOR_CURRENT,44.563,A,GOOD
2025-01-02 00:00:00,PUMP101.MOTOR_CURRENT,44.964,A,GOOD
2025-01-02 01:00:00,PUMP101.MOTOR_CURRENT,44.867,A,GOOD
2025-01-02 02:00:00,PUMP101.MOTOR_CURRENT,44.743,A,GOOD
2025-01-02 03:00:00,PUMP101.MOTOR_CURRENT,44.78,A,GOOD
2025-01-02 04:00:00,PUMP101.MOTOR_CURRENT,45.556,A,GOOD
2025-01-02 05:00:00,PUMP101.MOTOR_CURRENT,44.701,A,GOOD
2025-01-02 06:00:00,PUMP101.MOTOR_CURRENT,45.283,A,GOOD
2025-01-02 07:00:00,PUMP101.MOTOR_CURRENT,45.157,A,GOOD
2025-01-02 08:00:00,PUMP101.MOTOR_CURRENT,44.302,A,GOOD
2025-01-02 09:00:00,PUMP101.MOTOR_CURRENT,45.26,A,GOOD
2025-01-02 10:00:00,PUMP101.MOTOR_CURRENT,44.293,A,GOOD
2025-01-02 11:00:00,PUMP101.MOTOR_CURRENT,45.314,A,GOOD
2025-01-02 12:00:00,PUMP101.MOTOR_CURRENT,44.746,A,GOOD
2025-01-02 13:00:00,PUMP101.MOTOR_CURRENT,45.004,A,GOOD
2025-01-02 14:00:00,PUMP101.MOTOR_CURRENT,44.353,A,GOOD
2025-01-02 15:00:00,PUMP101.MOTOR_CURRENT,45.061,A,GOOD
2025-01-02 16:00:00,PUMP101.MOTOR_CURRENT,45.463,A,GOOD
2025-01-02 17:00:00,PUMP101.MOTOR_CURRENT,44.597,A,GOOD
2025-01-02 18:00:00,PUMP101.MOTOR_CURRENT,44.696,A,GOOD
2025-01-02 19:00:00,PUMP101.MOTOR_CURRENT,45.227,A,GOOD
2025-01-02 20:00:00,PUMP101.MOTOR_CURRENT,45.24,A,GOOD
2025-01-02 21:00:00,PUMP101.MOTOR_CURRENT,43.783,A,GOOD
2025-01-02 22:00:00,PUMP101.MOTOR_CURRENT,46.008,A,GOOD
2025-01-02 23:00:00,PUMP101.MOTOR_CURRENT,45.264,A,GOOD
2025-01-03 00:00:00,PUMP101.MOTOR_CURRENT,45.348,A,GOOD
2025-01-03 01:00:00,PUMP101.MOTOR_CURRENT,44.928,A,GOOD
2025-01-03 02:00:00,PUMP101.MOTOR_CURRENT,44.072,A,GOOD
2025-01-03 03:00:00,PUMP101.MOTOR_CURRENT,45.337,A,GOOD
2025-01-03 04:00:00,PUMP101.MOTOR_CURRENT,44.717,A,GOOD
2025-01-03 05:00:00,PUMP101.MOTOR_CURRENT,45.272,A,GOOD
2025-01-03 06:00:00,PUMP101.MOTOR_CURRENT,44.891,A,BAD
2025-01-03 07:00:00,PUMP101.MOTOR_CURRENT,45.119,A,GOOD
2025-01-03 08:00:00,PUMP101.MOTOR_CURRENT,44.613,A,GOOD
2025-01-03 09:00:00,PUMP101.MOTOR_CURRENT,45.432,A,GOOD
2025-01-03 10:00:00,PUMP101.MOTOR_CURRENT,44.406,A,GOOD
2025-01-03 11:00:00,PUMP101.MOTOR_CURRENT,46.123,A,GOOD
2025-01-03 12:00:00,PUMP101.MOTOR_CURRENT,46.119,A,GOOD
2025-01-03 13:00:00,PUMP101.MOTOR_CURRENT,45.816,A,GOOD
2025-01-03 14:00:00,PUMP101.MOTOR_CURRENT,45.638,A,GOOD
2025-01-03 15:00:00,PUMP101.MOTOR_CURRENT,44.958,A,GOOD
2025-01-03 16:00:00,PUMP101.MOTOR_CURRENT,45.583,A,GOOD
2025-01-03 17:00:00,PUMP101.MOTOR_CURRENT,44.952,A,GOOD
2025-01-03 18:00:00,PUMP101.MOTOR_CURRENT,44.223,A,GOOD
2025-01-03 19:00:00,PUMP101.MOTOR_CURRENT,45.752,A,GOOD
2025-01-03 20:00:00,PUMP101.MOTOR_CURRENT,45.564,A,BAD
2025-01-03 21:00:00,PUMP101.MOTOR_CURRENT,44.984,A,BAD
2025-01-03 22:00:00,PUMP101.MOTOR_CURRENT,44.387,A,GOOD
2025-01-03 23:00:00,PUMP101.MOTOR_CURRENT,44.707,A,GOOD
2025-01-04 00:00:00,PUMP101.MOTOR_CURRENT,44.089,A,GOOD
2025-01-04 01:00:00,PUMP101.MOTOR_CURRENT,45.473,A,GOOD
2025-01-04 02:00:00,PUMP101.MOTOR_CURRENT,44.198,A,GOOD
2025-01-04 03:00:00,PUMP101.MOTOR_CURRENT,45.143,A,GOOD
2025-01-04 04:00:00,PUMP101.MOTOR_CURRENT,44.578,A,GOOD
2025-01-04 05:00:00,PUMP101.MOTOR_CURRENT,44.287,A,GOOD
2025-01-04 06:00:00,PUMP101.MOTOR_CURRENT,45.119,A,GOOD
2025-01-04 07:00:00,PUMP101.MOTOR_CURRENT,44.833,A,GOOD
2025-01-04 08:00:00,PUMP101.MOTOR_CURRENT,45.419,A,GOOD
2025-01-04 09:00:00,PUMP101.MOTOR_CURRENT,44.366,A,GOOD
2025-01-04 10:00:00,PUMP101.MOTOR_CURRENT,44.621,A,GOOD
2025-01-04 11:00:00,PUMP101.MOTOR_CURRENT,43.806,A,GOOD
2025-01-04 12:00:00,PUMP101.MOTOR_CURRENT,43.908,A,GOOD
2025-01-04 13:00:00,PUMP101.MOTOR_CURRENT,45.899,A,BAD
2025-01-04 14:00:00,PUMP101.MOTOR_CURRENT,46.042,A,GOOD
2025-01-04 15:00:00,PUMP101.MOTOR_CURRENT,45.046,A,GOOD
2025-01-04 16:00:00,PUMP101.MOTOR_CURRENT,44.588,A,GOOD
2025-01-04 17:00:00,PUMP101.MOTOR_CURRENT,44.851,A,GOOD
2025-01-04 18:00:00,PUMP101.MOTOR_CURRENT,45.437,A,GOOD
2025-01-04 19:00:00,PUMP101.MOTOR_CURRENT,44.743,A,GOOD
2025-01-04 20:00:00,PUMP101.MOTOR_CURRENT,45.119,A,GOOD
2025-01-04 21:00:00,PUMP101.MOTOR_CURRENT,44.994,A,GOOD
2025-01-04 22:00:00,PUMP101.MOTOR_CURRENT,44.716,A,GOOD
2025-01-04 23:00:00,PUMP101.MOTOR_CURRENT,44.737,A,GOOD
2025-01-05 00:00:00,PUMP101.MOTOR_CURRENT,45.147,A,GOOD
2025-01-05 01:00:00,PUMP101.MOTOR_CURRENT,44.512,A,GOOD
2025-01-05 02:00:00,PUMP101.MOTOR_CURRENT,45.226,A,GOOD
2025-01-05 03:00:00,PUMP101.MOTOR_CURRENT,44.764,A,GOOD
2025-01-05 04:00:00,PUMP101.MOTOR_CURRENT,45.064,A,GOOD
2025-01-05 05:00:00,PUMP101.MOTOR_CURRENT,45.692,A,GOOD
2025-01-05 06:00:00,PUMP101.MOTOR_CURRENT,44.916,A,GOOD
2025-01-05 07:00:00,PUMP101.MOTOR_CURRENT,45.46,A,GOOD
2025-01-05 08:00:00,PUMP101.MOTOR_CURRENT,44.104,A,GOOD
2025-01-05 09:00:00,PUMP101.MOTOR_CURRENT,44.765,A,GOOD
2025-01-05 10:00:00,PUMP101.MOTOR_CURRENT,45.014,A,GOOD
2025-01-05 11:00:00,PUMP101.MOTOR_CURRENT,45.962,A,GOOD
2025-01-05 12:00:00,PUMP101.MOTOR_CURRENT,44.02,A,GOOD
2025-01-05 13:00:00,PUMP101.MOTOR_CURRENT,44.952,A,GOOD
2025-01-05 14:00:00,PUMP101.MOTOR_CURRENT,45.728,A,GOOD
2025-01-05 15:00:00,PUMP101.MOTOR_CURRENT,44.607,A,GOOD
2025-01-05 16:00:00,PUMP101.MOTOR_CURRENT,44.894,A,GOOD
2025-01-05 17:00:00,PUMP101.MOTOR_CURRENT,45.166,A,GOOD
2025-01-05 18:00:00,PUMP101.MOTOR_CURRENT,45.092,A,GOOD
2025-01-05 19:00:00,PUMP101.MOTOR_CURRENT,45.783,A,GOOD
2025-01-05 20:00:00,PUMP101.MOTOR_CURRENT,45.224,A,GOOD
2025-01-05 21:00:00,PUMP101.MOTOR_CURRENT,45.664,A,GOOD
2025-01-05 22:00:00,PUMP101.MOTOR_CURRENT,44.82,A,GOOD
2025-01-05 23:00:00,PUMP101.MOTOR_CURRENT,44.63,A,GOOD
2025-01-06 00:00:00,PUMP101.MOTOR_CURRENT,44.887,A,GOOD
2025-01-06 01:00:00,PUMP101.MOTOR_CURRENT,44.42,A,GOOD
2025-01-06 02:00:00,PUMP101.MOTOR_CURRENT,45.242,A,GOOD
2025-01-06 03:00:00,PUMP101.MOTOR_CURRENT,44.807,A,GOOD
2025-01-06 04:00:00,PUMP101.MOTOR_CURRENT,44.664,A,GOOD
2025-01-06 05:00:00,PUMP101.MOTOR_CURRENT,45.249,A,GOOD
2025-01-06 06:00:00,PUMP101.MOTOR_CURRENT,44.428,A,GOOD
2025-01-06 07:00:00,PUMP101.MOTOR_CURRENT,45.385,A,GOOD
2025-01-06 08:00:00,PUMP101.MOTOR_CURRENT,44.761,A,GOOD
2025-01-06 09:00:00,PUMP101.MOTOR_CURRENT,45.58,A,GOOD
2025-01-06 10:00:00,PUMP101.MOTOR_CURRENT,44.804,A,GOOD
2025-01-06 11:00:00,PUMP101.MOTOR_CURRENT,45.316,A,GOOD
2025-01-06 12:00:00,PUMP101.MOTOR_CURRENT,45.09,A,GOOD
2025-01-06 13:00:00,PUMP101.MOTOR_CURRENT,45.372,A,GOOD
2025-01-06 14:00:00,PUMP101.MOTOR_CURRENT,45.055,A,GOOD
2025-01-06 15:00:00,PUMP101.MOTOR_CURRENT,44.168,A,GOOD
2025-01-06 16:00:00,PUMP101.MOTOR_CURRENT,45.504,A,GOOD
2025-01-06 17:00:00,PUMP101.MOTOR_CURRENT,44.956,A,GOOD
2025-01-06 18:00:00,PUMP101.MOTOR_CURRENT,45.395,A,GOOD
2025-01-06 19:00:00,PUMP101.MOTOR_CURRENT,45.345,A,GOOD
2025-01-06 20:00:00,PUMP101.MOTOR_CURRENT,44.613,A,GOOD
2025-01-06 21:00:00,PUMP101.MOTOR_CURRENT,44.543,A,GOOD
2025-01-06 22:00:00,PUMP101.MOTOR_CURRENT,45.328,A,GOOD
2025-01-06 23:00:00,PUMP101.MOTOR_CURRENT,44.848,A,GOOD
2025-01-07 00:00:00,PUMP101.MOTOR_CURRENT,45.468,A,BAD
2025-01-07 01:00:00,PUMP101.MOTOR_CURRENT,44.911,A,GOOD
2025-01-07 02:00:00,PUMP101.MOTOR_CURRENT,45.512,A,GOOD
2025-01-07 03:00:00,PUMP101.MOTOR_CURRENT,45.212,A,GOOD
2025-01-07 04:00:00,PUMP101.MOTOR_CURRENT,45.144,A,GOOD
2025-01-07 05:00:00,PUMP101.MOTOR_CURRENT,44.813,A,GOOD
2025-01-07 06:00:00,PUMP101.MOTOR_CURRENT,45.116,A,GOOD
2025-01-07 07:00:00,PUMP101.MOTOR_CURRENT,45.596,A,GOOD
2025-01-07 08:00:00,PUMP101.MOTOR_CURRENT,44.973,A,GOOD
2025-01-07 09:00:00,PUMP101.MOTOR_CURRENT,45.266,A,GOOD
2025-01-07 10:00:00,PUMP101.MOTOR_CURRENT,45.023,A,BAD
2025-01-07 11:00:00,PUMP101.MOTOR_CURRENT,45.062,A,GOOD
2025-01-07 12:00:00,PUMP101.MOTOR_CURRENT,45.862,A,GOOD
2025-01-07 13:00:00,PUMP101.MOTOR_CURRENT,45.601,A,GOOD
2025-01-07 14:00:00,PUMP101.MOTOR_CURRENT,45.04,A,GOOD
2025-01-07 15:00:00,PUMP101.MOTOR_CURRENT,45.107,A,GOOD
2025-01-07 16:00:00,PUMP101.MOTOR_CURRENT,44.649,A,BAD
2025-01-07 17:00:00,PUMP101.MOTOR_CURRENT,44.914,A,GOOD
2025-01-07 18:00:00,PUMP101.MOTOR_CURRENT,45.155,A,GOOD
2025-01-07 19:00:00,PUMP101.MOTOR_CURRENT,45.425,A,GOOD
2025-01-07 20:00:00,PUMP101.MOTOR_CURRENT,45.375,A,GOOD
2025-01-07 21:00:00,PUMP101.MOTOR_CURRENT,44.445,A,GOOD
2025-01-07 22:00:00,PUMP101.MOTOR_CURRENT,45.488,A,GOOD
2025-01-07 23:00:00,PUMP101.MOTOR_CURRENT,44.956,A,GOOD
2025-01-08 00:00:00,PUMP101.MOTOR_CURRENT,44.507,A,GOOD
2025-01-08 01:00:00,PUMP101.MOTOR_CURRENT,45.668,A,GOOD
2025-01-08 02:00:00,PUMP101.MOTOR_CURRENT,45.732,A,GOOD
2025-01-08 03:00:00,PUMP101.MOTOR_CURRENT,45.132,A,GOOD
2025-01-08 04:00:00,PUMP101.MOTOR_CURRENT,45.354,A,GOOD
2025-01-08 05:00:00,PUMP101.MOTOR_CURRENT,45.384,A,GOOD
2025-01-08 06:00:00,PUMP101.MOTOR_CURRENT,45.698,A,GOOD
2025-01-08 07:00:00,PUMP101.MOTOR_CURRENT,45.364,A,GOOD
2025-01-08 08:00:00,PUMP101.MOTOR_CURRENT,44.336,A,GOOD
2025-01-08 09:00:00,PUMP101.MOTOR_CURRENT,46.005,A,GOOD
2025-01-08 10:00:00,PUMP101.MOTOR_CURRENT,45.533,A,GOOD
2025-01-08 11:00:00,PUMP101.MOTOR_CURRENT,44.745,A,GOOD
2025-01-08 12:00:00,PUMP101.MOTOR_CURRENT,44.485,A,GOOD
2025-01-08 13:00:00,PUMP101.MOTOR_CURRENT,45.252,A,GOOD
2025-01-08 14:00:00,PUMP101.MOTOR_CURRENT,44.861,A,GOOD
2025-01-08 15:00:00,PUMP101.MOTOR_CURRENT,45.165,A,GOOD
2025-01-08 16:00:00,PUMP101.MOTOR_CURRENT,45.372,A,GOOD
2025-01-08 17:00:00,PUMP101.MOTOR_CURRENT,44.717,A,GOOD
2025-01-08 18:00:00,PUMP101.MOTOR_CURRENT,44.442,A,GOOD
2025-01-08 19:00:00,PUMP101.MOTOR_CURRENT,45.193,A,GOOD
2025-01-08 20:00:00,PUMP101.MOTOR_CURRENT,44.733,A,GOOD
2025-01-08 21:00:00,PUMP101.MOTOR_CURRENT,45.073,A,GOOD
2025-01-08 22:00:00,PUMP101.MOTOR_CURRENT,44.328,A,GOOD
2025-01-08 23:00:00,PUMP101.MOTOR_CURRENT,44.874,A,GOOD
2025-01-09 00:00:00,PUMP101.MOTOR_CURRENT,45.357,A,GOOD
2025-01-09 01:00:00,PUMP101.MOTOR_CURRENT,45.303,A,GOOD
2025-01-09 02:00:00,PUMP101.MOTOR_CURRENT,44.606,A,GOOD
2025-01-09 03:00:00,PUMP101.MOTOR_CURRENT,44.416,A,GOOD
2025-01-09 04:00:00,PUMP101.MOTOR_CURRENT,45.008,A,GOOD
2025-01-09 05:00:00,PUMP101.MOTOR_CURRENT,45.281,A,GOOD
2025-01-09 06:00:00,PUMP101.MOTOR_CURRENT,45.203,A,GOOD
2025-01-09 07:00:00,PUMP101.MOTOR_CURRENT,44.744,A,GOOD
2025-01-09 08:00:00,PUMP101.MOTOR_CURRENT,45.149,A,GOOD
2025-01-09 09:00:00,PUMP101.MOTOR_CURRENT,45.751,A,GOOD
2025-01-09 10:00:00,PUMP101.MOTOR_CURRENT,45.103,A,GOOD
2025-01-09 11:00:00,PUMP101.MOTOR_CURRENT,44.183,A,GOOD
2025-01-09 12:00:00,PUMP101.MOTOR_CURRENT,45.102,A,GOOD
2025-01-09 13:00:00,PUMP101.MOTOR_CURRENT,46.022,A,GOOD
2025-01-09 14:00:00,PUMP101.MOTOR_CURRENT,44.356,A,GOOD
2025-01-09 15:00:00,PUMP101.MOTOR_CURRENT,45.015,A,GOOD
2025-01-09 16:00:00,PUMP101.MOTOR_CURRENT,44.887,A,GOOD
2025-01-09 17:00:00,PUMP101.MOTOR_CURRENT,45.048,A,GOOD
2025-01-09 18:00:00,PUMP101.MOTOR_CURRENT,45.097,A,GOOD
2025-01-09 19:00:00,PUMP101.MOTOR_CURRENT,45.57,A,GOOD
2025-01-09 20:00:00,PUMP101.MOTOR_CURRENT,45.042,A,GOOD
2025-01-09 21:00:00,PUMP101.MOTOR_CURRENT,45.639,A,GOOD
2025-01-09 22:00:00,PUMP101.MOTOR_CURRENT,44.941,A,GOOD
2025-01-09 23:00:00,PUMP101.MOTOR_CURRENT,44.825,A,GOOD
2025-01-10 00:00:00,PUMP101.MOTOR_CURRENT,44.665,A,GOOD
2025-01-10 01:00:00,PUMP101.MOTOR_CURRENT,44.091,A,GOOD
2025-01-10 02:00:00,PUMP101.MOTOR_CURRENT,45.138,A,BAD
2025-01-10 03:00:00,PUMP101.MOTOR_CURRENT,46.027,A,GOOD
2025-01-10 04:00:00,PUMP101.MOTOR_CURRENT,45.229,A,GOOD
2025-01-10 05:00:00,PUMP101.MOTOR_CURRENT,45.343,A,GOOD
2025-01-10 06:00:00,PUMP101.MOTOR_CURRENT,44.793,A,GOOD
2025-01-10 07:00:00,PUMP101.MOTOR_CURRENT,44.878,A,GOOD
2025-01-10 08:00:00,PUMP101.MOTOR_CURRENT,45.492,A,GOOD
2025-01-10 09:00:00,PUMP101.MOTOR_CURRENT,46.004,A,GOOD
2025-01-10 10:00:00,PUMP101.MOTOR_CURRENT,45.744,A,GOOD
2025-01-10 11:00:00,PUMP101.MOTOR_CURRENT,45.403,A,GOOD
2025-01-10 12:00:00,PUMP101.MOTOR_CURRENT,45.018,A,GOOD
2025-01-10 13:00:00,PUMP101.MOTOR_CURRENT,45.105,A,GOOD
2025-01-10 14:00:00,PUMP101.MOTOR_CURRENT,44.623,A,BAD
2025-01-10 15:00:00,PUMP101.MOTOR_CURRENT,44.276,A,GOOD
2025-01-10 16:00:00,PUMP101.MOTOR_CURRENT,44.437,A,GOOD
2025-01-10 17:00:00,PUMP101.MOTOR_CURRENT,45.025,A,GOOD
2025-01-10 18:00:00,PUMP101.MOTOR_CURRENT,44.854,A,GOOD
2025-01-10 19:00:00,PUMP101.MOTOR_CURRENT,44.265,A,GOOD
2025-01-10 20:00:00,PUMP101.MOTOR_CURRENT,44.981,A,GOOD
2025-01-10 21:00:00,PUMP101.MOTOR_CURRENT,44.841,A,GOOD
2025-01-10 22:00:00,PUMP101.MOTOR_CURRENT,44.414,A,GOOD
2025-01-10 23:00:00,PUMP101.MOTOR_CURRENT,44.815,A,GOOD
2025-01-11 00:00:00,PUMP101.MOTOR_CURRENT,44.84,A,GOOD
2025-01-11 01:00:00,PUMP101.MOTOR_CURRENT,44.692,A,GOOD
2025-01-11 02:00:00,PUMP101.MOTOR_CURRENT,45.463,A,GOOD
2025-01-11 03:00:00,PUMP101.MOTOR_CURRENT,44.049,A,GOOD
2025-01-11 04:00:00,PUMP101.MOTOR_CURRENT,44.007,A,BAD
2025-01-11 05:00:00,PUMP101.MOTOR_CURRENT,45.002,A,GOOD
2025-01-11 06:00:00,PUMP101.MOTOR_CURRENT,45.048,A,GOOD
2025-01-11 07:00:00,PUMP101.MOTOR_CURRENT,45.202,A,GOOD
2025-01-11 08:00:00,PUMP101.MOTOR_CURRENT,44.731,A,GOOD
2025-01-11 09:00:00,PUMP101.MOTOR_CURRENT,44.541,A,GOOD
2025-01-11 10:00:00,PUMP101.MOTOR_CURRENT,44.996,A,BAD
2025-01-11 11:00:00,PUMP101.MOTOR_CURRENT,44.779,A,GOOD
2025-01-11 12:00:00,PUMP101.MOTOR_CURRENT,45.776,A,GOOD
2025-01-11 13:00:00,PUMP101.MOTOR_CURRENT,44.838,A,GOOD
2025-01-11 14:00:00,PUMP101.MOTOR_CURRENT,44.973,A,GOOD
2025-01-11 15:00:00,PUMP101.MOTOR_CURRENT,46.238,A,GOOD
2025-01-11 16:00:00,PUMP101.MOTOR_CURRENT,44.903,A,GOOD
2025-01-11 17:00:00,PUMP101.MOTOR_CURRENT,45.278,A,GOOD
2025-01-11 18:00:00,PUMP101.MOTOR_CURRENT,45.323,A,GOOD
2025-01-11 19:00:00,PUMP101.MOTOR_CURRENT,45.366,A,GOOD
2025-01-11 20:00:00,PUMP101.MOTOR_CURRENT,45.145,A,GOOD
2025-01-11 21:00:00,PUMP101.MOTOR_CURRENT,45.097,A,GOOD
2025-01-11 22:00:00,PUMP101.MOTOR_CURRENT,45.05,A,GOOD
2025-01-11 23:00:00,PUMP101.MOTOR_CURRENT,44.712,A,GOOD
2025-01-12 00:00:00,PUMP101.MOTOR_CURRENT,45.163,A,GOOD
2025-01-12 01:00:00,PUMP101.MOTOR_CURRENT,46.014,A,GOOD
2025-01-12 02:00:00,PUMP101.MOTOR_CURRENT,45.605,A,GOOD
2025-01-12 03:00:00,PUMP101.MOTOR_CURRENT,45.152,A,GOOD
2025-01-12 04:00:00,PUMP101.MOTOR_CURRENT,45.428,A,GOOD
2025-01-12 05:00:00,PUMP101.MOTOR_CURRENT,44.565,A,GOOD
2025-01-12 06:00:00,PUMP101.MOTOR_CURRENT,44.87,A,GOOD
2025-01-12 07:00:00,PUMP101.MOTOR_CURRENT,45.474,A,GOOD
2025-01-12 08:00:00,PUMP101.MOTOR_CURRENT,45.744,A,GOOD
2025-01-12 09:00:00,PUMP101.MOTOR_CURRENT,44.615,A,GOOD
2025-01-12 10:00:00,PUMP101.MOTOR_CURRENT,44.758,A,GOOD
2025-01-12 11:00:00,PUMP101.MOTOR_CURRENT,46.091,A,GOOD
2025-01-12 12:00:00,PUMP101.MOTOR_CURRENT,45.048,A,GOOD
2025-01-12 13:00:00,PUMP101.MOTOR_CURRENT,45.912,A,GOOD
2025-01-12 14:00:00,PUMP101.MOTOR_CURRENT,45.103,A,GOOD
2025-01-12 15:00:00,PUMP101.MOTOR_CURRENT,45.123,A,GOOD
2025-01-12 16:00:00,PUMP101.MOTOR_CURRENT,44.847,A,GOOD
2025-01-12 17:00:00,PUMP101.MOTOR_CURRENT,45.471,A,GOOD
2025-01-12 18:00:00,PUMP101.MOTOR_CURRENT,45.679,A,GOOD
2025-01-12 19:00:00,PUMP101.MOTOR_CURRENT,44.482,A,GOOD
2025-01-12 20:00:00,PUMP101.MOTOR_CURRENT,44.824,A,GOOD
2025-01-12 21:00:00,PUMP101.MOTOR_CURRENT,45.458,A,GOOD
2025-01-12 22:00:00,PUMP101.MOTOR_CURRENT,44.935,A,GOOD
2025-01-12 23:00:00,PUMP101.MOTOR_CURRENT,44.753,A,GOOD
2025-01-13 00:00:00,PUMP101.MOTOR_CURRENT,45.505,A,GOOD
2025-01-13 01:00:00,PUMP101.MOTOR_CURRENT,45.552,A,GOOD
2025-01-13 02:00:00,PUMP101.MOTOR_CURRENT,44.775,A,GOOD
2025-01-13 03:00:00,PUMP101.MOTOR_CURRENT,45.106,A,GOOD
2025-01-13 04:00:00,PUMP101.MOTOR_CURRENT,44.396,A,GOOD
2025-01-13 05:00:00,PUMP101.MOTOR_CURRENT,44.552,A,GOOD
2025-01-13 06:00:00,PUMP101.MOTOR_CURRENT,45.062,A,GOOD
2025-01-13 07:00:00,PUMP101.MOTOR_CURRENT,45.016,A,GOOD
2025-01-13 08:00:00,PUMP101.MOTOR_CURRENT,44.517,A,GOOD
2025-01-13 09:00:00,PUMP101.MOTOR_CURRENT,44.642,A,GOOD
2025-01-13 10:00:00,PUMP101.MOTOR_CURRENT,44.467,A,BAD
2025-01-13 11:00:00,PUMP101.MOTOR_CURRENT,45.228,A,GOOD
2025-01-13 12:00:00,PUMP101.MOTOR_CURRENT,44.016,A,GOOD
2025-01-13 13:00:00,PUMP101.MOTOR_CURRENT,44.494,A,GOOD
2025-01-13 14:00:00,PUMP101.MOTOR_CURRENT,44.069,A,GOOD
2025-01-13 15:00:00,PUMP101.MOTOR_CURRENT,45.21,A,GOOD
2025-01-13 16:00:00,PUMP101.MOTOR_CURRENT,44.099,A,GOOD
2025-01-13 17:00:00,PUMP101.MOTOR_CURRENT,45.016,A,GOOD
2025-01-13 18:00:00,PUMP101.MOTOR_CURRENT,45.82,A,GOOD
2025-01-13 19:00:00,PUMP101.MOTOR_CURRENT,45.837,A,GOOD
2025-01-13 20:00:00,PUMP101.MOTOR_CURRENT,44.097,A,GOOD
2025-01-13 21:00:00,PUMP101.MOTOR_CURRENT,45.149,A,GOOD
2025-01-13 22:00:00,PUMP101.MOTOR_CURRENT,44.506,A,GOOD
2025-01-13 23:00:00,PUMP101.MOTOR_CURRENT,44.403,A,GOOD
2025-01-14 00:00:00,PUMP101.MOTOR_CURRENT,44.943,A,GOOD
2025-01-14 01:00:00,PUMP101.MOTOR_CURRENT,45.614,A,GOOD
2025-01-14 02:00:00,PUMP101.MOTOR_CURRENT,45.3,A,BAD
2025-01-14 03:00:00,PUMP101.MOTOR_CURRENT,44.642,A,GOOD
2025-01-14 04:00:00,PUMP101.MOTOR_CURRENT,45.353,A,BAD
2025-01-14 05:00:00,PUMP101.MOTOR_CURRENT,43.878,A,GOOD
2025-01-14 06:00:00,PUMP101.MOTOR_CURRENT,44.624,A,GOOD
2025-01-14 07:00:00,PUMP101.MOTOR_CURRENT,44.588,A,GOOD
2025-01-14 08:00:00,PUMP101.MOTOR_CURRENT,45.039,A,GOOD
2025-01-14 09:00:00,PUMP101.MOTOR_CURRENT,44.899,A,BAD
2025-01-14 10:00:00,PUMP101.MOTOR_CURRENT,44.929,A,GOOD
2025-01-14 11:00:00,PUMP101.MOTOR_CURRENT,44.913,A,GOOD
2025-01-14 12:00:00,PUMP101.MOTOR_CURRENT,45.011,A,GOOD
2025-01-14 13:00:00,PUMP101.MOTOR_CURRENT,45.27,A,GOOD
2025-01-14 14:00:00,PUMP101.MOTOR_CURRENT,45.075,A,GOOD
2025-01-14 15:00:00,PUMP101.MOTOR_CURRENT,44.858,A,GOOD
2025-01-14 16:00:00,PUMP101.MOTOR_CURRENT,45.201,A,GOOD
2025-01-14 17:00:00,PUMP101.MOTOR_CURRENT,45.413,A,GOOD
2025-01-14 18:00:00,PUMP101.MOTOR_CURRENT,44.722,A,GOOD
2025-01-14 19:00:00,PUMP101.MOTOR_CURRENT,44.97,A,GOOD
2025-01-14 20:00:00,PUMP101.MOTOR_CURRENT,45.581,A,GOOD
2025-01-14 21:00:00,PUMP101.MOTOR_CURRENT,44.449,A,GOOD
2025-01-14 22:00:00,PUMP101.MOTOR_CURRENT,45.902,A,GOOD
2025-01-14 23:00:00,PUMP101.MOTOR_CURRENT,44.33,A,GOOD
2025-01-15 00:00:00,PUMP101.MOTOR_CURRENT,44.827,A,GOOD
2025-01-15 01:00:00,PUMP101.MOTOR_CURRENT,44.525,A,GOOD
2025-01-15 02:00:00,PUMP101.MOTOR_CURRENT,46.094,A,GOOD
2025-01-15 03:00:00,PUMP101.MOTOR_CURRENT,44.748,A,GOOD
2025-01-15 04:00:00,PUMP101.MOTOR_CURRENT,44.75,A,GOOD
2025-01-15 05:00:00,PUMP101.MOTOR_CURRENT,44.815,A,GOOD
2025-01-15 06:00:00,PUMP101.MOTOR_CURRENT,45.048,A,GOOD
2025-01-15 07:00:00,PUMP101.MOTOR_CURRENT,44.836,A,GOOD
2025-01-15 08:00:00,PUMP101.MOTOR_CURRENT,44.934,A,GOOD
2025-01-15 09:00:00,PUMP101.MOTOR_CURRENT,43.235,A,BAD
2025-01-15 10:00:00,PUMP101.MOTOR_CURRENT,45.029,A,GOOD
2025-01-15 11:00:00,PUMP101.MOTOR_CURRENT,45.009,A,GOOD
2025-01-15 12:00:00,PUMP101.MOTOR_CURRENT,45.519,A,GOOD
2025-01-15 13:00:00,PUMP101.MOTOR_CURRENT,45.655,A,GOOD
2025-01-15 14:00:00,PUMP101.MOTOR_CURRENT,44.906,A,GOOD
2025-01-15 15:00:00,PUMP101.MOTOR_CURRENT,45.408,A,GOOD
2025-01-15 16:00:00,PUMP101.MOTOR_CURRENT,44.449,A,GOOD
2025-01-15 17:00:00,PUMP101.MOTOR_CURRENT,45.384,A,GOOD
2025-01-15 18:00:00,PUMP101.MOTOR_CURRENT,44.714,A,GOOD
2025-01-15 19:00:00,PUMP101.MOTOR_CURRENT,44.408,A,GOOD
2025-01-15 20:00:00,PUMP101.MOTOR_CURRENT,44.907,A,GOOD
2025-01-15 21:00:00,PUMP101.MOTOR_CURRENT,45.7,A,GOOD
2025-01-15 22:00:00,PUMP101.MOTOR_CURRENT,45.091,A,GOOD
2025-01-15 23:00:00,PUMP101.MOTOR_CURRENT,45.748,A,GOOD
2025-01-16 00:00:00,PUMP101.MOTOR_CURRENT,44.626,A,GOOD
2025-01-16 01:00:00,PUMP101.MOTOR_CURRENT,45.524,A,GOOD
2025-01-16 02:00:00,PUMP101.MOTOR_CURRENT,44.674,A,GOOD
2025-01-16 03:00:00,PUMP101.MOTOR_CURRENT,45.113,A,GOOD
2025-01-16 04:00:00,PUMP101.MOTOR_CURRENT,45.108,A,GOOD
2025-01-16 05:00:00,PUMP101.MOTOR_CURRENT,45.331,A,GOOD
2025-01-16 06:00:00,PUMP101.MOTOR_CURRENT,45.125,A,GOOD
2025-01-16 07:00:00,PUMP101.MOTOR_CURRENT,44.63,A,GOOD
2025-01-16 08:00:00,PUMP101.MOTOR_CURRENT,45.44,A,GOOD
2025-01-16 09:00:00,PUMP101.MOTOR_CURRENT,45.866,A,GOOD
2025-01-16 10:00:00,PUMP101.MOTOR_CURRENT,44.708,A,GOOD
2025-01-16 11:00:00,PUMP101.MOTOR_CURRENT,44.082,A,GOOD
2025-01-16 12:00:00,PUMP101.MOTOR_CURRENT,45.25,A,GOOD
2025-01-16 13:00:00,PUMP101.MOTOR_CURRENT,44.834,A,GOOD
2025-01-16 14:00:00,PUMP101.MOTOR_CURRENT,44.934,A,GOOD
2025-01-16 15:00:00,PUMP101.MOTOR_CURRENT,45.278,A,GOOD
2025-01-16 16:00:00,PUMP101.MOTOR_CURRENT,44.772,A,GOOD
2025-01-16 17:00:00,PUMP101.MOTOR_CURRENT,44.866,A,GOOD
2025-01-16 18:00:00,PUMP101.MOTOR_CURRENT,44.95,A,GOOD
2025-01-16 19:00:00,PUMP101.MOTOR_CURRENT,45.735,A,GOOD
2025-01-16 20:00:00,PUMP101.MOTOR_CURRENT,45.015,A,GOOD
2025-01-16 21:00:00,PUMP101.MOTOR_CURRENT,44.382,A,GOOD
2025-01-16 22:00:00,PUMP101.MOTOR_CURRENT,44.402,A,GOOD
2025-01-16 23:00:00,PUMP101.MOTOR_CURRENT,45.07,A,GOOD
2025-01-17 00:00:00,PUMP101.MOTOR_CURRENT,44.435,A,GOOD
2025-01-17 01:00:00,PUMP101.MOTOR_CURRENT,44.219,A,GOOD
2025-01-17 02:00:00,PUMP101.MOTOR_CURRENT,45.318,A,GOOD
2025-01-17 03:00:00,PUMP101.MOTOR_CURRENT,45.342,A,GOOD
2025-01-17 04:00:00,PUMP101.MOTOR_CURRENT,44.816,A,GOOD
2025-01-17 05:00:00,PUMP101.MOTOR_CURRENT,45.147,A,GOOD
2025-01-17 06:00:00,PUMP101.MOTOR_CURRENT,45.094,A,GOOD
2025-01-17 07:00:00,PUMP101.MOTOR_CURRENT,45.301,A,GOOD
2025-01-17 08:00:00,PUMP101.MOTOR_CURRENT,45.302,A,GOOD
2025-01-17 09:00:00,PUMP101.MOTOR_CURRENT,43.697,A,GOOD
2025-01-17 10:00:00,PUMP101.MOTOR_CURRENT,44.88,A,GOOD
2025-01-17 11:00:00,PUMP101.MOTOR_CURRENT,45.259,A,GOOD
2025-01-17 12:00:00,PUMP101.MOTOR_CURRENT,44.795,A,GOOD
2025-01-17 13:00:00,PUMP101.MOTOR_CURRENT,45.018,A,GOOD
2025-01-17 14:00:00,PUMP101.MOTOR_CURRENT,45.375,A,GOOD
2025-01-17 15:00:00,PUMP101.MOTOR_CURRENT,45.04,A,GOOD
2025-01-17 16:00:00,PUMP101.MOTOR_CURRENT,45.754,A,GOOD
2025-01-17 17:00:00,PUMP101.MOTOR_CURRENT,45.563,A,GOOD
2025-01-17 18:00:00,PUMP101.MOTOR_CURRENT,44.941,A,GOOD
2025-01-17 19:00:00,PUMP101.MOTOR_CURRENT,44.901,A,GOOD
2025-01-17 20:00:00,PUMP101.MOTOR_CURRENT,43.575,A,GOOD
2025-01-17 21:00:00,PUMP101.MOTOR_CURRENT,44.837,A,GOOD
2025-01-17 22:00:00,PUMP101.MOTOR_CURRENT,44.323,A,GOOD
2025-01-17 23:00:00,PUMP101.MOTOR_CURRENT,45.111,A,GOOD
2025-01-18 00:00:00,PUMP101.MOTOR_CURRENT,45.076,A,GOOD
2025-01-18 01:00:00,PUMP101.MOTOR_CURRENT,45.348,A,GOOD
2025-01-18 02:00:00,PUMP101.MOTOR_CURRENT,45.698,A,GOOD
2025-01-18 03:00:00,PUMP101.MOTOR_CURRENT,44.987,A,GOOD
2025-01-18 04:00:00,PUMP101.MOTOR_CURRENT,46.14,A,GOOD
2025-01-18 05:00:00,PUMP101.MOTOR_CURRENT,45.116,A,GOOD
2025-01-18 06:00:00,PUMP101.MOTOR_CURRENT,44.345,A,GOOD
2025-01-18 07:00:00,PUMP101.MOTOR_CURRENT,44.719,A,GOOD
2025-01-18 08:00:00,PUMP101.MOTOR_CURRENT,44.814,A,GOOD
2025-01-18 09:00:00,PUMP101.MOTOR_CURRENT,45.296,A,GOOD
2025-01-18 10:00:00,PUMP101.MOTOR_CURRENT,44.526,A,GOOD
2025-01-18 11:00:00,PUMP101.MOTOR_CURRENT,44.851,A,GOOD
2025-01-18 12:00:00,PUMP101.MOTOR_CURRENT,44.919,A,GOOD
2025-01-18 13:00:00,PUMP101.MOTOR_CURRENT,44.776,A,GOOD
2025-01-18 14:00:00,PUMP101.MOTOR_CURRENT,45.406,A,GOOD
2025-01-18 15:00:00,PUMP101.MOTOR_CURRENT,45.321,A,GOOD
2025-01-18 16:00:00,PUMP101.MOTOR_CURRENT,45.583,A,GOOD
2025-01-18 17:00:00,PUMP101.MOTOR_CURRENT,44.834,A,GOOD
2025-01-18 18:00:00,PUMP101.MOTOR_CURRENT,45.601,A,GOOD
2025-01-18 19:00:00,PUMP101.MOTOR_CURRENT,44.318,A,GOOD
2025-01-18 20:00:00,PUMP101.MOTOR_CURRENT,44.306,A,GOOD
2025-01-18 21:00:00,PUMP101.MOTOR_CURRENT,44.393,A,BAD
2025-01-18 22:00:00,PUMP101.MOTOR_CURRENT,45.005,A,GOOD
2025-01-18 23:00:00,PUMP101.MOTOR_CURRENT,45.601,A,GOOD
2025-01-19 00:00:00,PUMP101.MOTOR_CURRENT,44.699,A,GOOD
2025-01-19 01:00:00,PUMP101.MOTOR_CURRENT,44.762,A,GOOD
2025-01-19 02:00:00,PUMP101.MOTOR_CURRENT,44.892,A,GOOD
2025-01-19 03:00:00,PUMP101.MOTOR_CURRENT,45.286,A,GOOD
2025-01-19 04:00:00,PUMP101.MOTOR_CURRENT,44.761,A,GOOD
2025-01-19 05:00:00,PUMP101.MOTOR_CURRENT,44.733,A,BAD
2025-01-19 06:00:00,PUMP101.MOTOR_CURRENT,44.327,A,GOOD
2025-01-19 07:00:00,PUMP101.MOTOR_CURRENT,44.714,A,GOOD
2025-01-19 08:00:00,PUMP101.MOTOR_CURRENT,45.589,A,GOOD
2025-01-19 09:00:00,PUMP101.MOTOR_CURRENT,45.045,A,GOOD
2025-01-19 10:00:00,PUMP101.MOTOR_CURRENT,44.63,A,GOOD
2025-01-19 11:00:00,PUMP101.MOTOR_CURRENT,45.618,A,GOOD
2025-01-19 12:00:00,PUMP101.MOTOR_CURRENT,44.707,A,GOOD
2025-01-19 13:00:00,PUMP101.MOTOR_CURRENT,45.71,A,GOOD
2025-01-19 14:00:00,PUMP101.MOTOR_CURRENT,45.702,A,BAD
2025-01-19 15:00:00,PUMP101.MOTOR_CURRENT,45.028,A,GOOD
2025-01-19 16:00:00,PUMP101.MOTOR_CURRENT,44.251,A,GOOD
2025-01-19 17:00:00,PUMP101.MOTOR_CURRENT,46.145,A,GOOD
2025-01-19 18:00:00,PUMP101.MOTOR_CURRENT,45.194,A,GOOD
2025-01-19 19:00:00,PUMP101.MOTOR_CURRENT,44.838,A,GOOD
2025-01-19 20:00:00,PUMP101.MOTOR_CURRENT,45.478,A,GOOD
2025-01-19 21:00:00,PUMP101.MOTOR_CURRENT,45.351,A,GOOD
2025-01-19 22:00:00,PUMP101.MOTOR_CURRENT,45.655,A,GOOD
2025-01-19 23:00:00,PUMP101.MOTOR_CURRENT,44.669,A,GOOD
2025-01-20 00:00:00,PUMP101.MOTOR_CURRENT,45.159,A,GOOD
2025-01-20 01:00:00,PUMP101.MOTOR_CURRENT,44.407,A,GOOD
2025-01-20 02:00:00,PUMP101.MOTOR_CURRENT,45.333,A,GOOD
2025-01-20 03:00:00,PUMP101.MOTOR_CURRENT,44.989,A,GOOD
2025-01-20 04:00:00,PUMP101.MOTOR_CURRENT,45.141,A,GOOD
2025-01-20 05:00:00,PUMP101.MOTOR_CURRENT,44.927,A,GOOD
2025-01-20 06:00:00,PUMP101.MOTOR_CURRENT,44.875,A,GOOD
2025-01-20 07:00:00,PUMP101.MOTOR_CURRENT,44.566,A,GOOD
2025-01-20 08:00:00,PUMP101.MOTOR_CURRENT,45.395,A,GOOD
2025-01-20 09:00:00,PUMP101.MOTOR_CURRENT,45.745,A,GOOD
2025-01-20 10:00:00,PUMP101.MOTOR_CURRENT,44.722,A,GOOD
2025-01-20 11:00:00,PUMP101.MOTOR_CURRENT,45.277,A,GOOD
2025-01-20 12:00:00,PUMP101.MOTOR_CURRENT,45.216,A,GOOD
2025-01-20 13:00:00,PUMP101.MOTOR_CURRENT,45.004,A,GOOD
2025-01-20 14:00:00,PUMP101.MOTOR_CURRENT,44.237,A,GOOD
2025-01-20 15:00:00,PUMP101.MOTOR_CURRENT,44.349,A,GOOD
2025-01-20 16:00:00,PUMP101.MOTOR_CURRENT,44.61,A,GOOD
2025-01-20 17:00:00,PUMP101.MOTOR_CURRENT,43.93,A,GOOD
2025-01-20 18:00:00,PUMP101.MOTOR_CURRENT,45.704,A,GOOD
2025-01-20 19:00:00,PUMP101.MOTOR_CURRENT,45.184,A,BAD
2025-01-20 20:00:00,PUMP101.MOTOR_CURRENT,44.985,A,GOOD
2025-01-20 21:00:00,PUMP101.MOTOR_CURRENT,43.905,A,GOOD
2025-01-20 22:00:00,PUMP101.MOTOR_CURRENT,44.088,A,GOOD
2025-01-20 23:00:00,PUMP101.MOTOR_CURRENT,44.999,A,GOOD
2025-01-21 00:00:00,PUMP101.MOTOR_CURRENT,45.985,A,GOOD
2025-01-21 01:00:00,PUMP101.MOTOR_CURRENT,44.651,A,GOOD
2025-01-21 02:00:00,PUMP101.MOTOR_CURRENT,45.432,A,GOOD
2025-01-21 03:00:00,PUMP101.MOTOR_CURRENT,44.76,A,BAD
2025-01-21 04:00:00,PUMP101.MOTOR_CURRENT,45.028,A,GOOD
2025-01-21 05:00:00,PUMP101.MOTOR_CURRENT,45.607,A,GOOD
2025-01-21 06:00:00,PUMP101.MOTOR_CURRENT,44.827,A,GOOD
2025-01-21 07:00:00,PUMP101.MOTOR_CURRENT,44.655,A,GOOD
2025-01-21 08:00:00,PUMP101.MOTOR_CURRENT,45.709,A,GOOD
2025-01-21 09:00:00,PUMP101.MOTOR_CURRENT,45.023,A,GOOD
2025-01-21 10:00:00,PUMP101.MOTOR_CURRENT,45.546,A,GOOD
2025-01-21 11:00:00,PUMP101.MOTOR_CURRENT,44.657,A,GOOD
2025-01-21 12:00:00,PUMP101.MOTOR_CURRENT,45.703,A,GOOD
2025-01-21 13:00:00,PUMP101.MOTOR_CURRENT,45.137,A,GOOD
2025-01-21 14:00:00,PUMP101.MOTOR_CURRENT,45.217,A,GOOD
2025-01-21 15:00:00,PUMP101.MOTOR_CURRENT,45.066,A,GOOD
2025-01-21 16:00:00,PUMP101.MOTOR_CURRENT,44.747,A,GOOD
2025-01-21 17:00:00,PUMP101.MOTOR_CURRENT,44.999,A,GOOD
2025-01-21 18:00:00,PUMP101.MOTOR_CURRENT,44.779,A,GOOD
2025-01-21 19:00:00,PUMP101.MOTOR_CURRENT,45.48,A,GOOD
2025-01-21 20:00:00,PUMP101.MOTOR_CURRENT,44.898,A,GOOD
2025-01-21 21:00:00,PUMP101.MOTOR_CURRENT,44.252,A,GOOD
2025-01-21 22:00:00,PUMP101.MOTOR_CURRENT,44.16,A,GOOD
2025-01-21 23:00:00,PUMP101.MOTOR_CURRENT,44.137,A,GOOD
2025-01-22 00:00:00,PUMP101.MOTOR_CURRENT,45.309,A,GOOD
2025-01-22 01:00:00,PUMP101.MOTOR_CURRENT,44.424,A,GOOD
2025-01-22 02:00:00,PUMP101.MOTOR_CURRENT,45.15,A,GOOD
2025-01-22 03:00:00,PUMP101.MOTOR_CURRENT,45.068,A,GOOD
2025-01-22 04:00:00,PUMP101.MOTOR_CURRENT,44.968,A,GOOD
2025-01-22 05:00:00,PUMP101.MOTOR_CURRENT,45.219,A,GOOD
2025-01-22 06:00:00,PUMP101.MOTOR_CURRENT,45.079,A,GOOD
2025-01-22 07:00:00,PUMP101.MOTOR_CURRENT,43.645,A,GOOD
2025-01-22 08:00:00,PUMP101.MOTOR_CURRENT,44.838,A,GOOD
2025-01-22 09:00:00,PUMP101.MOTOR_CURRENT,45.213,A,GOOD
2025-01-22 10:00:00,PUMP101.MOTOR_CURRENT,45.82,A,GOOD
2025-01-22 11:00:00,PUMP101.MOTOR_CURRENT,45.843,A,GOOD
2025-01-22 12:00:00,PUMP101.MOTOR_CURRENT,44.318,A,GOOD
2025-01-22 13:00:00,PUMP101.MOTOR_CURRENT,44.825,A,GOOD
2025-01-22 14:00:00,PUMP101.MOTOR_CURRENT,44.217,A,GOOD
2025-01-22 15:00:00,PUMP101.MOTOR_CURRENT,45.76,A,GOOD
2025-01-22 16:00:00,PUMP101.MOTOR_CURRENT,45.506,A,GOOD
2025-01-22 17:00:00,PUMP101.MOTOR_CURRENT,45.175,A,GOOD
2025-01-22 18:00:00,PUMP101.MOTOR_CURRENT,45.083,A,BAD
2025-01-22 19:00:00,PUMP101.MOTOR_CURRENT,45.69,A,GOOD
2025-01-22 20:00:00,PUMP101.MOTOR_CURRENT,45.606,A,GOOD
2025-01-22 21:00:00,PUMP101.MOTOR_CURRENT,45.579,A,GOOD
2025-01-22 22:00:00,PUMP101.MOTOR_CURRENT,45.228,A,GOOD
2025-01-22 23:00:00,PUMP101.MOTOR_CURRENT,44.825,A,GOOD
2025-01-23 00:00:00,PUMP101.MOTOR_CURRENT,45.384,A,GOOD
2025-01-23 01:00:00,PUMP101.MOTOR_CURRENT,45.408,A,GOOD
2025-01-23 02:00:00,PUMP101.MOTOR_CURRENT,44.905,A,GOOD
2025-01-23 03:00:00,PUMP101.MOTOR_CURRENT,44.824,A,GOOD
2025-01-23 04:00:00,PUMP101.MOTOR_CURRENT,45.567,A,GOOD
2025-01-23 05:00:00,PUMP101.MOTOR_CURRENT,45.832,A,GOOD
2025-01-23 06:00:00,PUMP101.MOTOR_CURRENT,44.625,A,BAD
2025-01-23 07:00:00,PUMP101.MOTOR_CURRENT,44.868,A,GOOD
2025-01-23 08:00:00,PUMP101.MOTOR_CURRENT,45.175,A,GOOD
2025-01-23 09:00:00,PUMP101.MOTOR_CURRENT,45.243,A,GOOD
2025-01-23 10:00:00,PUMP101.MOTOR_CURRENT,44.739,A,GOOD
2025-01-23 11:00:00,PUMP101.MOTOR_CURRENT,45.942,A,GOOD
2025-01-23 12:00:00,PUMP101.MOTOR_CURRENT,45.211,A,GOOD
2025-01-23 13:00:00,PUMP101.MOTOR_CURRENT,45.266,A,GOOD
2025-01-23 14:00:00,PUMP101.MOTOR_CURRENT,45.879,A,GOOD
2025-01-23 15:00:00,PUMP101.MOTOR_CURRENT,44.775,A,GOOD
2025-01-23 16:00:00,PUMP101.MOTOR_CURRENT,44.956,A,GOOD
2025-01-23 17:00:00,PUMP101.MOTOR_CURRENT,44.373,A,GOOD
2025-01-23 18:00:00,PUMP101.MOTOR_CURRENT,44.914,A,GOOD
2025-01-23 19:00:00,PUMP101.MOTOR_CURRENT,44.256,A,GOOD
2025-01-23 20:00:00,PUMP101.MOTOR_CURRENT,45.374,A,GOOD
2025-01-23 21:00:00,PUMP101.MOTOR_CURRENT,45.21,A,GOOD
2025-01-23 22:00:00,PUMP101.MOTOR_CURRENT,44.861,A,GOOD
2025-01-23 23:00:00,PUMP101.MOTOR_CURRENT,44.95,A,GOOD
2025-01-24 00:00:00,PUMP101.MOTOR_CURRENT,45.381,A,GOOD
2025-01-24 01:00:00,PUMP101.MOTOR_CURRENT,44.432,A,GOOD
2025-01-24 02:00:00,PUMP101.MOTOR_CURRENT,45.102,A,GOOD
2025-01-24 03:00:00,PUMP101.MOTOR_CURRENT,45.35,A,GOOD
2025-01-24 04:00:00,PUMP101.MOTOR_CURRENT,44.109,A,GOOD
2025-01-24 05:00:00,PUMP101.MOTOR_CURRENT,45.342,A,GOOD
2025-01-24 06:00:00,PUMP101.MOTOR_CURRENT,44.163,A,GOOD
2025-01-24 07:00:00,PUMP101.MOTOR_CURRENT,44.941,A,GOOD
2025-01-24 08:00:00,PUMP101.MOTOR_CURRENT,44.418,A,GOOD
2025-01-24 09:00:00,PUMP101.MOTOR_CURRENT,45.716,A,GOOD
2025-01-24 10:00:00,PUMP101.MOTOR_CURRENT,44.421,A,GOOD
2025-01-24 11:00:00,PUMP101.MOTOR_CURRENT,44.175,A,GOOD
2025-01-24 12:00:00,PUMP101.MOTOR_CURRENT,45.067,A,GOOD
2025-01-24 13:00:00,PUMP101.MOTOR_CURRENT,44.793,A,GOOD
2025-01-24 14:00:00,PUMP101.MOTOR_CURRENT,44.248,A,BAD
2025-01-24 15:00:00,PUMP101.MOTOR_CURRENT,45.263,A,GOOD
2025-01-24 16:00:00,PUMP101.MOTOR_CURRENT,44.004,A,GOOD
2025-01-24 17:00:00,PUMP101.MOTOR_CURRENT,44.482,A,GOOD
2025-01-24 18:00:00,PUMP101.MOTOR_CURRENT,44.712,A,GOOD
2025-01-24 19:00:00,PUMP101.MOTOR_CURRENT,45.401,A,GOOD
2025-01-24 20:00:00,PUMP101.MOTOR_CURRENT,45.648,A,GOOD
2025-01-24 21:00:00,PUMP101.MOTOR_CURRENT,45.551,A,GOOD
2025-01-24 22:00:00,PUMP101.MOTOR_CURRENT,44.923,A,GOOD
2025-01-24 23:00:00,PUMP101.MOTOR_CURRENT,43.786,A,GOOD
2025-01-25 00:00:00,PUMP101.MOTOR_CURRENT,45.195,A,GOOD
2025-01-25 01:00:00,PUMP101.MOTOR_CURRENT,45.735,A,GOOD
2025-01-25 02:00:00,PUMP101.MOTOR_CURRENT,45.617,A,GOOD
2025-01-25 03:00:00,PUMP101.MOTOR_CURRENT,45.231,A,GOOD
2025-01-25 04:00:00,PUMP101.MOTOR_CURRENT,44.405,A,GOOD
2025-01-25 05:00:00,PUMP101.MOTOR_CURRENT,44.737,A,GOOD
2025-01-25 06:00:00,PUMP101.MOTOR_CURRENT,45.967,A,GOOD
2025-01-25 07:00:00,PUMP101.MOTOR_CURRENT,44.292,A,GOOD
2025-01-25 08:00:00,PUMP101.MOTOR_CURRENT,44.426,A,GOOD
2025-01-25 09:00:00,PUMP101.MOTOR_CURRENT,45.471,A,GOOD
2025-01-25 10:00:00,PUMP101.MOTOR_CURRENT,44.784,A,GOOD
2025-01-25 11:00:00,PUMP101.MOTOR_CURRENT,44.409,A,GOOD
2025-01-25 12:00:00,PUMP101.MOTOR_CURRENT,45.764,A,GOOD
2025-01-25 13:00:00,PUMP101.MOTOR_CURRENT,45.231,A,GOOD
2025-01-25 14:00:00,PUMP101.MOTOR_CURRENT,44.809,A,GOOD
2025-01-25 15:00:00,PUMP101.MOTOR_CURRENT,44.427,A,GOOD
2025-01-25 16:00:00,PUMP101.MOTOR_CURRENT,46.024,A,GOOD
2025-01-25 17:00:00,PUMP101.MOTOR_CURRENT,44.988,A,GOOD
2025-01-25 18:00:00,PUMP101.MOTOR_CURRENT,45.699,A,GOOD
2025-01-25 19:00:00,PUMP101.MOTOR_CURRENT,45.447,A,GOOD
2025-01-25 20:00:00,PUMP101.MOTOR_CURRENT,44.74,A,GOOD
2025-01-25 21:00:00,PUMP101.MOTOR_CURRENT,44.744,A,GOOD
2025-01-25 22:00:00,PUMP101.MOTOR_CURRENT,45.723,A,GOOD
2025-01-25 23:00:00,PUMP101.MOTOR_CURRENT,45.731,A,GOOD
2025-01-26 00:00:00,PUMP101.MOTOR_CURRENT,44.062,A,GOOD
2025-01-26 01:00:00,PUMP101.MOTOR_CURRENT,45.275,A,GOOD
2025-01-26 02:00:00,PUMP101.MOTOR_CURRENT,44.939,A,GOOD
2025-01-26 03:00:00,PUMP101.MOTOR_CURRENT,44.483,A,GOOD
2025-01-26 04:00:00,PUMP101.MOTOR_CURRENT,45.131,A,GOOD
2025-01-26 05:00:00,PUMP101.MOTOR_CURRENT,44.325,A,GOOD
2025-01-26 06:00:00,PUMP101.MOTOR_CURRENT,44.767,A,GOOD
2025-01-26 07:00:00,PUMP101.MOTOR_CURRENT,44.601,A,GOOD
2025-01-26 08:00:00,PUMP101.MOTOR_CURRENT,44.75,A,GOOD
2025-01-26 09:00:00,PUMP101.MOTOR_CURRENT,44.964,A,GOOD
2025-01-26 10:00:00,PUMP101.MOTOR_CURRENT,44.492,A,GOOD
2025-01-26 11:00:00,PUMP101.MOTOR_CURRENT,45.787,A,GOOD
2025-01-26 12:00:00,PUMP101.MOTOR_CURRENT,45.247,A,BAD
2025-01-26 13:00:00,PUMP101.MOTOR_CURRENT,45.897,A,GOOD
2025-01-26 14:00:00,PUMP101.MOTOR_CURRENT,44.92,A,GOOD
2025-01-26 15:00:00,PUMP101.MOTOR_CURRENT,44.726,A,GOOD
2025-01-26 16:00:00,PUMP101.MOTOR_CURRENT,45.879,A,GOOD
2025-01-26 17:00:00,PUMP101.MOTOR_CURRENT,44.711,A,GOOD
2025-01-26 18:00:00,PUMP101.MOTOR_CURRENT,44.911,A,GOOD
2025-01-26 19:00:00,PUMP101.MOTOR_CURRENT,45.36,A,GOOD
2025-01-26 20:00:00,PUMP101.MOTOR_CURRENT,44.381,A,GOOD
2025-01-26 21:00:00,PUMP101.MOTOR_CURRENT,45.356,A,GOOD
2025-01-26 22:00:00,PUMP101.MOTOR_CURRENT,45.292,A,GOOD
2025-01-26 23:00:00,PUMP101.MOTOR_CURRENT,45.635,A,GOOD
2025-01-27 00:00:00,PUMP101.MOTOR_CURRENT,45.445,A,GOOD
2025-01-27 01:00:00,PUMP101.MOTOR_CURRENT,45.65,A,GOOD
2025-01-27 02:00:00,PUMP101.MOTOR_CURRENT,44.945,A,BAD
2025-01-27 03:00:00,PUMP101.MOTOR_CURRENT,44.569,A,GOOD
2025-01-27 04:00:00,PUMP101.MOTOR_CURRENT,46.055,A,GOOD
2025-01-27 05:00:00,PUMP101.MOTOR_CURRENT,44.237,A,GOOD
2025-01-27 06:00:00,PUMP101.MOTOR_CURRENT,44.287,A,GOOD
2025-01-27 07:00:00,PUMP101.MOTOR_CURRENT,45.283,A,GOOD
2025-01-27 08:00:00,PUMP101.MOTOR_CURRENT,45.812,A,GOOD
2025-01-27 09:00:00,PUMP101.MOTOR_CURRENT,45.095,A,GOOD
2025-01-27 10:00:00,PUMP101.MOTOR_CURRENT,45.5,A,GOOD
2025-01-27 11:00:00,PUMP101.MOTOR_CURRENT,44.002,A,GOOD
2025-01-27 12:00:00,PUMP101.MOTOR_CURRENT,44.75,A,GOOD
2025-01-27 13:00:00,PUMP101.MOTOR_CURRENT,44.063,A,GOOD
2025-01-27 14:00:00,PUMP101.MOTOR_CURRENT,45.39,A,GOOD
2025-01-27 15:00:00,PUMP101.MOTOR_CURRENT,44.226,A,GOOD
2025-01-27 16:00:00,PUMP101.MOTOR_CURRENT,44.361,A,GOOD
2025-01-27 17:00:00,PUMP101.MOTOR_CURRENT,45.257,A,GOOD
2025-01-27 18:00:00,PUMP101.MOTOR_CURRENT,45.531,A,GOOD
2025-01-27 19:00:00,PUMP101.MOTOR_CURRENT,44.921,A,GOOD
2025-01-27 20:00:00,PUMP101.MOTOR_CURRENT,45.285,A,GOOD
2025-01-27 21:00:00,PUMP101.MOTOR_CURRENT,45.269,A,GOOD
2025-01-27 22:00:00,PUMP101.MOTOR_CURRENT,44.892,A,GOOD
2025-01-27 23:00:00,PUMP101.MOTOR_CURRENT,44.453,A,GOOD
2025-01-28 00:00:00,PUMP101.MOTOR_CURRENT,45.282,A,GOOD
2025-01-28 01:00:00,PUMP101.MOTOR_CURRENT,45.307,A,GOOD
2025-01-28 02:00:00,PUMP101.MOTOR_CURRENT,45.447,A,GOOD
2025-01-28 03:00:00,PUMP101.MOTOR_CURRENT,45.156,A,GOOD
2025-01-28 04:00:00,PUMP101.MOTOR_CURRENT,44.416,A,GOOD
2025-01-28 05:00:00,PUMP101.MOTOR_CURRENT,45.345,A,GOOD
2025-01-28 06:00:00,PUMP101.MOTOR_CURRENT,44.999,A,GOOD
2025-01-28 07:00:00,PUMP101.MOTOR_CURRENT,44.759,A,GOOD
2025-01-28 08:00:00,PUMP101.MOTOR_CURRENT,44.853,A,GOOD
2025-01-28 09:00:00,PUMP101.MOTOR_CURRENT,44.655,A,GOOD
2025-01-28 10:00:00,PUMP101.MOTOR_CURRENT,45.444,A,GOOD
2025-01-28 11:00:00,PUMP101.MOTOR_CURRENT,44.291,A,GOOD
2025-01-28 12:00:00,PUMP101.MOTOR_CURRENT,44.503,A,GOOD
2025-01-28 13:00:00,PUMP101.MOTOR_CURRENT,44.836,A,GOOD
2025-01-28 14:00:00,PUMP101.MOTOR_CURRENT,45.807,A,GOOD
2025-01-28 15:00:00,PUMP101.MOTOR_CURRENT,45.527,A,GOOD
2025-01-28 16:00:00,PUMP101.MOTOR_CURRENT,44.18,A,GOOD
2025-01-28 17:00:00,PUMP101.MOTOR_CURRENT,45.676,A,GOOD
2025-01-28 18:00:00,PUMP101.MOTOR_CURRENT,45.675,A,GOOD
2025-01-28 19:00:00,PUMP101.MOTOR_CURRENT,44.413,A,GOOD
2025-01-28 20:00:00,PUMP101.MOTOR_CURRENT,43.739,A,GOOD
2025-01-28 21:00:00,PUMP101.MOTOR_CURRENT,44.964,A,GOOD
2025-01-28 22:00:00,PUMP101.MOTOR_CURRENT,45.561,A,GOOD
2025-01-28 23:00:00,PUMP101.MOTOR_CURRENT,45.796,A,GOOD
2025-01-29 00:00:00,PUMP101.MOTOR_CURRENT,44.565,A,GOOD
2025-01-29 01:00:00,PUMP101.MOTOR_CURRENT,45.876,A,GOOD
2025-01-29 02:00:00,PUMP101.MOTOR_CURRENT,43.886,A,GOOD
2025-01-29 03:00:00,PUMP101.MOTOR_CURRENT,44.816,A,GOOD
2025-01-29 04:00:00,PUMP101.MOTOR_CURRENT,44.791,A,GOOD
2025-01-29 05:00:00,PUMP101.MOTOR_CURRENT,45.576,A,GOOD
2025-01-29 06:00:00,PUMP101.MOTOR_CURRENT,45.649,A,GOOD
2025-01-29 07:00:00,PUMP101.MOTOR_CURRENT,45.477,A,GOOD
2025-01-29 08:00:00,PUMP101.MOTOR_CURRENT,44.325,A,GOOD
2025-01-29 09:00:00,PUMP101.MOTOR_CURRENT,45.431,A,GOOD
2025-01-29 10:00:00,PUMP101.MOTOR_CURRENT,45.255,A,GOOD
2025-01-29 11:00:00,PUMP101.MOTOR_CURRENT,44.164,A,GOOD
2025-01-29 12:00:00,PUMP101.MOTOR_CURRENT,43.966,A,GOOD
2025-01-29 13:00:00,PUMP101.MOTOR_CURRENT,45.519,A,GOOD
2025-01-29 14:00:00,PUMP101.MOTOR_CURRENT,44.91,A,GOOD
2025-01-29 15:00:00,PUMP101.MOTOR_CURRENT,44.357,A,GOOD
2025-01-29 16:00:00,PUMP101.MOTOR_CURRENT,44.896,A,GOOD
2025-01-29 17:00:00,PUMP101.MOTOR_CURRENT,45.182,A,GOOD
2025-01-29 18:00:00,PUMP101.MOTOR_CURRENT,44.959,A,GOOD
2025-01-29 19:00:00,PUMP101.MOTOR_CURRENT,44.224,A,GOOD
2025-01-29 20:00:00,PUMP101.MOTOR_CURRENT,45.943,A,GOOD
2025-01-29 21:00:00,PUMP101.MOTOR_CURRENT,45.502,A,GOOD
2025-01-29 22:00:00,PUMP101.MOTOR_CURRENT,44.832,A,GOOD
2025-01-29 23:00:00,PUMP101.MOTOR_CURRENT,44.852,A,GOOD
2025-01-30 00:00:00,PUMP101.MOTOR_CURRENT,45.18,A,GOOD
2025-01-30 01:00:00,PUMP101.MOTOR_CURRENT,44.435,A,GOOD
2025-01-30 02:00:00,PUMP101.MOTOR_CURRENT,45.161,A,GOOD
2025-01-30 03:00:00,PUMP101.MOTOR_CURRENT,44.335,A,GOOD
2025-01-30 04:00:00,PUMP101.MOTOR_CURRENT,44.965,A,GOOD
2025-01-30 05:00:00,PUMP101.MOTOR_CURRENT,44.416,A,GOOD
2025-01-30 06:00:00,PUMP101.MOTOR_CURRENT,44.441,A,GOOD
2025-01-30 07:00:00,PUMP101.MOTOR_CURRENT,45.823,A,GOOD
2025-01-30 08:00:00,PUMP101.MOTOR_CURRENT,45.03,A,GOOD
2025-01-30 09:00:00,PUMP101.MOTOR_CURRENT,45.104,A,GOOD
2025-01-30 10:00:00,PUMP101.MOTOR_CURRENT,43.994,A,GOOD
2025-01-30 11:00:00,PUMP101.MOTOR_CURRENT,44.701,A,GOOD
2025-01-30 12:00:00,PUMP101.MOTOR_CURRENT,45.231,A,GOOD
2025-01-30 13:00:00,PUMP101.MOTOR_CURRENT,45.097,A,GOOD
2025-01-30 14:00:00,PUMP101.MOTOR_CURRENT,43.923,A,GOOD
2025-01-30 15:00:00,PUMP101.MOTOR_CURRENT,45.104,A,GOOD
2025-01-30 16:00:00,PUMP101.MOTOR_CURRENT,45.183,A,GOOD
2025-01-30 17:00:00,PUMP101.MOTOR_CURRENT,45.642,A,GOOD
2025-01-30 18:00:00,PUMP101.MOTOR_CURRENT,44.672,A,GOOD
2025-01-30 19:00:00,PUMP101.MOTOR_CURRENT,43.879,A,GOOD
2025-01-30 20:00:00,PUMP101.MOTOR_CURRENT,44.502,A,GOOD
2025-01-30 21:00:00,PUMP101.MOTOR_CURRENT,44.451,A,GOOD
2025-01-30 22:00:00,PUMP101.MOTOR_CURRENT,45.368,A,GOOD
2025-01-30 23:00:00,PUMP101.MOTOR_CURRENT,43.642,A,GOOD
2025-01-31 00:00:00,PUMP101.MOTOR_CURRENT,44.776,A,GOOD
2025-01-31 01:00:00,PUMP101.MOTOR_CURRENT,45.713,A,GOOD
2025-01-31 02:00:00,PUMP101.MOTOR_CURRENT,45.004,A,GOOD
2025-01-31 03:00:00,PUMP101.MOTOR_CURRENT,45.448,A,GOOD
2025-01-31 04:00:00,PUMP101.MOTOR_CURRENT,44.179,A,GOOD
2025-01-31 05:00:00,PUMP101.MOTOR_CURRENT,44.199,A,GOOD
2025-01-31 06:00:00,PUMP101.MOTOR_CURRENT,45.719,A,GOOD
2025-01-31 07:00:00,PUMP101.MOTOR_CURRENT,45.051,A,GOOD
2025-01-31 08:00:00,PUMP101.MOTOR_CURRENT,45.052,A,GOOD
2025-01-31 09:00:00,PUMP101.MOTOR_CURRENT,44.441,A,GOOD
2025-01-31 10:00:00,PUMP101.MOTOR_CURRENT,45.05,A,GOOD
2025-01-31 11:00:00,PUMP101.MOTOR_CURRENT,44.427,A,GOOD
2025-01-31 12:00:00,PUMP101.MOTOR_CURRENT,45.593,A,GOOD
2025-01-31 13:00:00,PUMP101.MOTOR_CURRENT,46.364,A,GOOD
2025-01-31 14:00:00,PUMP101.MOTOR_CURRENT,45.242,A,GOOD
2025-01-31 15:00:00,PUMP101.MOTOR_CURRENT,44.683,A,GOOD
2025-01-31 16:00:00,PUMP101.MOTOR_CURRENT,43.733,A,GOOD
2025-01-31 17:00:00,PUMP101.MOTOR_CURRENT,44.158,A,GOOD
2025-01-31 18:00:00,PUMP101.MOTOR_CURRENT,45.777,A,GOOD
2025-01-31 19:00:00,PUMP101.MOTOR_CURRENT,44.485,A,GOOD
2025-01-31 20:00:00,PUMP101.MOTOR_CURRENT,44.815,A,GOOD
2025-01-31 21:00:00,PUMP101.MOTOR_CURRENT,45.328,A,GOOD
2025-01-31 22:00:00,PUMP101.MOTOR_CURRENT,45.741,A,GOOD
2025-01-31 23:00:00,PUMP101.MOTOR_CURRENT,44.9,A,GOOD
2025-02-01 00:00:00,PUMP101.MOTOR_CURRENT,44.798,A,GOOD
2025-02-01 01:00:00,PUMP101.MOTOR_CURRENT,45.036,A,GOOD
2025-02-01 02:00:00,PUMP101.MOTOR_CURRENT,44.686,A,GOOD
2025-02-01 03:00:00,PUMP101.MOTOR_CURRENT,44.713,A,GOOD
2025-02-01 04:00:00,PUMP101.MOTOR_CURRENT,45.206,A,GOOD
2025-02-01 05:00:00,PUMP101.MOTOR_CURRENT,45.093,A,GOOD
2025-02-01 06:00:00,PUMP101.MOTOR_CURRENT,46.066,A,GOOD
2025-02-01 07:00:00,PUMP101.MOTOR_CURRENT,45.219,A,GOOD
2025-02-01 08:00:00,PUMP101.MOTOR_CURRENT,45.576,A,GOOD
2025-02-01 09:00:00,PUMP101.MOTOR_CURRENT,44.464,A,GOOD
2025-02-01 10:00:00,PUMP101.MOTOR_CURRENT,45.263,A,GOOD
2025-02-01 11:00:00,PUMP101.MOTOR_CURRENT,44.639,A,GOOD
2025-02-01 12:00:00,PUMP101.MOTOR_CURRENT,45.198,A,GOOD
2025-02-01 13:00:00,PUMP101.MOTOR_CURRENT,45.344,A,GOOD
2025-02-01 14:00:00,PUMP101.MOTOR_CURRENT,45.025,A,GOOD
2025-02-01 15:00:00,PUMP101.MOTOR_CURRENT,46.204,A,GOOD
2025-02-01 16:00:00,PUMP101.MOTOR_CURRENT,45.714,A,GOOD
2025-02-01 17:00:00,PUMP101.MOTOR_CURRENT,45.589,A,GOOD
2025-02-01 18:00:00,PUMP101.MOTOR_CURRENT,45.382,A,GOOD
2025-02-01 19:00:00,PUMP101.MOTOR_CURRENT,45.882,A,GOOD
2025-02-01 20:00:00,PUMP101.MOTOR_CURRENT,44.282,A,GOOD
2025-02-01 21:00:00,PUMP101.MOTOR_CURRENT,45.685,A,GOOD
2025-02-01 22:00:00,PUMP101.MOTOR_CURRENT,44.504,A,GOOD
2025-02-01 23:00:00,PUMP101.MOTOR_CURRENT,44.718,A,GOOD
2025-02-02 00:00:00,PUMP101.MOTOR_CURRENT,45.281,A,GOOD
2025-02-02 01:00:00,PUMP101.MOTOR_CURRENT,45.617,A,GOOD
2025-02-02 02:00:00,PUMP101.MOTOR_CURRENT,44.423,A,GOOD
2025-02-02 03:00:00,PUMP101.MOTOR_CURRENT,44.744,A,GOOD
2025-02-02 04:00:00,PUMP101.MOTOR_CURRENT,45.049,A,GOOD
2025-02-02 05:00:00,PUMP101.MOTOR_CURRENT,44.907,A,GOOD
2025-02-02 06:00:00,PUMP101.MOTOR_CURRENT,45.427,A,GOOD
2025-02-02 07:00:00,PUMP101.MOTOR_CURRENT,46.718,A,GOOD
2025-02-02 08:00:00,PUMP101.MOTOR_CURRENT,45.21,A,GOOD
2025-02-02 09:00:00,PUMP101.MOTOR_CURRENT,44.632,A,GOOD
2025-02-02 10:00:00,PUMP101.MOTOR_CURRENT,44.352,A,GOOD
2025-02-02 11:00:00,PUMP101.MOTOR_CURRENT,44.837,A,GOOD
2025-02-02 12:00:00,PUMP101.MOTOR_CURRENT,44.53,A,GOOD
2025-02-02 13:00:00,PUMP101.MOTOR_CURRENT,45.234,A,GOOD
2025-02-02 14:00:00,PUMP101.MOTOR_CURRENT,45.226,A,GOOD
2025-02-02 15:00:00,PUMP101.MOTOR_CURRENT,44.768,A,GOOD
2025-02-02 16:00:00,PUMP101.MOTOR_CURRENT,45.992,A,GOOD
2025-02-02 17:00:00,PUMP101.MOTOR_CURRENT,44.632,A,GOOD
2025-02-02 18:00:00,PUMP101.MOTOR_CURRENT,44.94,A,GOOD
2025-02-02 19:00:00,PUMP101.MOTOR_CURRENT,45.32,A,GOOD
2025-02-02 20:00:00,PUMP101.MOTOR_CURRENT,45.446,A,GOOD
2025-02-02 21:00:00,PUMP101.MOTOR_CURRENT,45.639,A,GOOD
2025-02-02 22:00:00,PUMP101.MOTOR_CURRENT,45.214,A,GOOD
2025-02-02 23:00:00,PUMP101.MOTOR_CURRENT,45.525,A,GOOD
2025-02-03 00:00:00,PUMP101.MOTOR_CURRENT,44.667,A,GOOD
2025-02-03 01:00:00,PUMP101.MOTOR_CURRENT,45.459,A,GOOD
2025-02-03 02:00:00,PUMP101.MOTOR_CURRENT,45.452,A,GOOD
2025-02-03 03:00:00,PUMP101.MOTOR_CURRENT,45.756,A,GOOD
2025-02-03 04:00:00,PUMP101.MOTOR_CURRENT,44.166,A,GOOD
2025-02-03 05:00:00,PUMP101.MOTOR_CURRENT,44.546,A,GOOD
2025-02-03 06:00:00,PUMP101.MOTOR_CURRENT,45.412,A,GOOD
2025-02-03 07:00:00,PUMP101.MOTOR_CURRENT,43.674,A,GOOD
2025-02-03 08:00:00,PUMP101.MOTOR_CURRENT,45.246,A,GOOD
2025-02-03 09:00:00,PUMP101.MOTOR_CURRENT,45.53,A,GOOD
2025-02-03 10:00:00,PUMP101.MOTOR_CURRENT,44.712,A,GOOD
2025-02-03 11:00:00,PUMP101.MOTOR_CURRENT,44.785,A,GOOD
2025-02-03 12:00:00,PUMP101.MOTOR_CURRENT,44.463,A,GOOD
2025-02-03 13:00:00,PUMP101.MOTOR_CURRENT,44.739,A,GOOD
2025-02-03 14:00:00,PUMP101.MOTOR_CURRENT,44.754,A,GOOD
2025-02-03 15:00:00,PUMP101.MOTOR_CURRENT,44.659,A,GOOD
2025-02-03 16:00:00,PUMP101.MOTOR_CURRENT,44.631,A,GOOD
2025-02-03 17:00:00,PUMP101.MOTOR_CURRENT,44.864,A,GOOD
2025-02-03 18:00:00,PUMP101.MOTOR_CURRENT,44.858,A,GOOD
2025-02-03 19:00:00,PUMP101.MOTOR_CURRENT,45.937,A,GOOD
2025-02-03 20:00:00,PUMP101.MOTOR_CURRENT,44.803,A,GOOD
2025-02-03 21:00:00,PUMP101.MOTOR_CURRENT,45.172,A,GOOD
2025-02-03 22:00:00,PUMP101.MOTOR_CURRENT,44.712,A,GOOD
2025-02-03 23:00:00,PUMP101.MOTOR_CURRENT,44.705,A,GOOD
2025-02-04 00:00:00,PUMP101.MOTOR_CURRENT,44.148,A,GOOD
2025-02-04 01:00:00,PUMP101.MOTOR_CURRENT,44.214,A,GOOD
2025-02-04 02:00:00,PUMP101.MOTOR_CURRENT,44.397,A,GOOD
2025-02-04 03:00:00,PUMP101.MOTOR_CURRENT,45.092,A,GOOD
2025-02-04 04:00:00,PUMP101.MOTOR_CURRENT,45.538,A,GOOD
2025-02-04 05:00:00,PUMP101.MOTOR_CURRENT,44.107,A,GOOD
2025-02-04 06:00:00,PUMP101.MOTOR_CURRENT,44.725,A,BAD
2025-02-04 07:00:00,PUMP101.MOTOR_CURRENT,44.317,A,GOOD
2025-02-04 08:00:00,PUMP101.MOTOR_CURRENT,44.868,A,GOOD
2025-02-04 09:00:00,PUMP101.MOTOR_CURRENT,45.538,A,GOOD
2025-02-04 10:00:00,PUMP101.MOTOR_CURRENT,44.777,A,GOOD
2025-02-04 11:00:00,PUMP101.MOTOR_CURRENT,44.976,A,GOOD
2025-02-04 12:00:00,PUMP101.MOTOR_CURRENT,45.728,A,GOOD
2025-02-04 13:00:00,PUMP101.MOTOR_CURRENT,45.229,A,GOOD
2025-02-04 14:00:00,PUMP101.MOTOR_CURRENT,44.62,A,GOOD
2025-02-04 15:00:00,PUMP101.MOTOR_CURRENT,45.079,A,GOOD
2025-02-04 16:00:00,PUMP101.MOTOR_CURRENT,44.586,A,GOOD
2025-02-04 17:00:00,PUMP101.MOTOR_CURRENT,45.21,A,GOOD
2025-02-04 18:00:00,PUMP101.MOTOR_CURRENT,45.258,A,GOOD
2025-02-04 19:00:00,PUMP101.MOTOR_CURRENT,44.316,A,GOOD
2025-02-04 20:00:00,PUMP101.MOTOR_CURRENT,45.088,A,GOOD
2025-02-04 21:00:00,PUMP101.MOTOR_CURRENT,44.941,A,GOOD
2025-02-04 22:00:00,PUMP101.MOTOR_CURRENT,45.272,A,GOOD
2025-02-04 23:00:00,PUMP101.MOTOR_CURRENT,45.416,A,GOOD
2025-02-05 00:00:00,PUMP101.MOTOR_CURRENT,45.239,A,GOOD
2025-02-05 01:00:00,PUMP101.MOTOR_CURRENT,44.848,A,GOOD
2025-02-05 02:00:00,PUMP101.MOTOR_CURRENT,45.467,A,GOOD
2025-02-05 03:00:00,PUMP101.MOTOR_CURRENT,44.563,A,GOOD
2025-02-05 04:00:00,PUMP101.MOTOR_CURRENT,44.34,A,GOOD
2025-02-05 05:00:00,PUMP101.MOTOR_CURRENT,43.402,A,GOOD
2025-02-05 06:00:00,PUMP101.MOTOR_CURRENT,44.965,A,GOOD
2025-02-05 07:00:00,PUMP101.MOTOR_CURRENT,44.589,A,GOOD
2025-02-05 08:00:00,PUMP101.MOTOR_CURRENT,45.199,A,GOOD
2025-02-05 09:00:00,PUMP101.MOTOR_CURRENT,44.014,A,GOOD
2025-02-05 10:00:00,PUMP101.MOTOR_CURRENT,44.676,A,GOOD
2025-02-05 11:00:00,PUMP101.MOTOR_CURRENT,45.235,A,GOOD
2025-02-05 12:00:00,PUMP101.MOTOR_CURRENT,44.485,A,GOOD
2025-02-05 13:00:00,PUMP101.MOTOR_CURRENT,45.205,A,GOOD
2025-02-05 14:00:00,PUMP101.MOTOR_CURRENT,44.721,A,GOOD
2025-02-05 15:00:00,PUMP101.MOTOR_CURRENT,44.984,A,GOOD
2025-02-05 16:00:00,PUMP101.MOTOR_CURRENT,45.298,A,GOOD
2025-02-05 17:00:00,PUMP101.MOTOR_CURRENT,45.476,A,GOOD
2025-02-05 18:00:00,PUMP101.MOTOR_CURRENT,45.046,A,GOOD
2025-02-05 19:00:00,PUMP101.MOTOR_CURRENT,44.593,A,GOOD
2025-02-05 20:00:00,PUMP101.MOTOR_CURRENT,44.771,A,GOOD
2025-02-05 21:00:00,PUMP101.MOTOR_CURRENT,45.318,A,GOOD
2025-02-05 22:00:00,PUMP101.MOTOR_CURRENT,44.489,A,GOOD
2025-02-05 23:00:00,PUMP101.MOTOR_CURRENT,44.911,A,GOOD
2025-02-06 00:00:00,PUMP101.MOTOR_CURRENT,44.807,A,GOOD
2025-02-06 01:00:00,PUMP101.MOTOR_CURRENT,44.948,A,GOOD
2025-02-06 02:00:00,PUMP101.MOTOR_CURRENT,44.495,A,GOOD
2025-02-06 03:00:00,PUMP101.MOTOR_CURRENT,44.074,A,GOOD
2025-02-06 04:00:00,PUMP101.MOTOR_CURRENT,45.26,A,GOOD
2025-02-06 05:00:00,PUMP101.MOTOR_CURRENT,45.482,A,GOOD
2025-02-06 06:00:00,PUMP101.MOTOR_CURRENT,44.104,A,GOOD
2025-02-06 07:00:00,PUMP101.MOTOR_CURRENT,45.184,A,GOOD
2025-02-06 08:00:00,PUMP101.MOTOR_CURRENT,45.542,A,GOOD
2025-02-06 09:00:00,PUMP101.MOTOR_CURRENT,45.298,A,GOOD
2025-02-06 10:00:00,PUMP101.MOTOR_CURRENT,44.792,A,GOOD
2025-02-06 11:00:00,PUMP101.MOTOR_CURRENT,44.528,A,GOOD
2025-02-06 12:00:00,PUMP101.MOTOR_CURRENT,45.04,A,GOOD
2025-02-06 13:00:00,PUMP101.MOTOR_CURRENT,45.124,A,GOOD
2025-02-06 14:00:00,PUMP101.MOTOR_CURRENT,45.048,A,GOOD
2025-02-06 15:00:00,PUMP101.MOTOR_CURRENT,44.91,A,GOOD
2025-02-06 16:00:00,PUMP101.MOTOR_CURRENT,44.459,A,GOOD
2025-02-06 17:00:00,PUMP101.MOTOR_CURRENT,45.211,A,GOOD
2025-02-06 18:00:00,PUMP101.MOTOR_CURRENT,45.235,A,GOOD
2025-02-06 19:00:00,PUMP101.MOTOR_CURRENT,45.1,A,GOOD
2025-02-06 20:00:00,PUMP101.MOTOR_CURRENT,45.055,A,GOOD
2025-02-06 21:00:00,PUMP101.MOTOR_CURRENT,45.84,A,GOOD
2025-02-06 22:00:00,PUMP101.MOTOR_CURRENT,44.688,A,GOOD
2025-02-06 23:00:00,PUMP101.MOTOR_CURRENT,45.641,A,GOOD
2025-02-07 00:00:00,PUMP101.MOTOR_CURRENT,44.633,A,GOOD
2025-02-07 01:00:00,PUMP101.MOTOR_CURRENT,45.554,A,GOOD
2025-02-07 02:00:00,PUMP101.MOTOR_CURRENT,45.617,A,GOOD
2025-02-07 03:00:00,PUMP101.MOTOR_CURRENT,44.853,A,GOOD
2025-02-07 04:00:00,PUMP101.MOTOR_CURRENT,45.83,A,GOOD
2025-02-07 05:00:00,PUMP101.MOTOR_CURRENT,45.235,A,GOOD
2025-02-07 06:00:00,PUMP101.MOTOR_CURRENT,44.561,A,GOOD
2025-02-07 07:00:00,PUMP101.MOTOR_CURRENT,44.813,A,GOOD
2025-02-07 08:00:00,PUMP101.MOTOR_CURRENT,45.566,A,GOOD
2025-02-07 09:00:00,PUMP101.MOTOR_CURRENT,45.462,A,GOOD
2025-02-07 10:00:00,PUMP101.MOTOR_CURRENT,44.471,A,GOOD
2025-02-07 11:00:00,PUMP101.MOTOR_CURRENT,44.93,A,GOOD
2025-02-07 12:00:00,PUMP101.MOTOR_CURRENT,45.102,A,GOOD
2025-02-07 13:00:00,PUMP101.MOTOR_CURRENT,44.746,A,GOOD
2025-02-07 14:00:00,PUMP101.MOTOR_CURRENT,46.179,A,GOOD
2025-02-07 15:00:00,PUMP101.MOTOR_CURRENT,45.117,A,GOOD
2025-02-07 16:00:00,PUMP101.MOTOR_CURRENT,44.969,A,GOOD
2025-02-07 17:00:00,PUMP101.MOTOR_CURRENT,45.595,A,GOOD
2025-02-07 18:00:00,PUMP101.MOTOR_CURRENT,44.817,A,GOOD
2025-02-07 19:00:00,PUMP101.MOTOR_CURRENT,45.504,A,GOOD
2025-02-07 20:00:00,PUMP101.MOTOR_CURRENT,44.166,A,GOOD
2025-02-07 21:00:00,PUMP101.MOTOR_CURRENT,44.773,A,GOOD
2025-02-07 22:00:00,PUMP101.MOTOR_CURRENT,45.525,A,GOOD
2025-02-07 23:00:00,PUMP101.MOTOR_CURRENT,45.785,A,GOOD
2025-02-08 00:00:00,PUMP101.MOTOR_CURRENT,44.613,A,GOOD
2025-02-08 01:00:00,PUMP101.MOTOR_CURRENT,44.555,A,GOOD
2025-02-08 02:00:00,PUMP101.MOTOR_CURRENT,45.284,A,GOOD
2025-02-08 03:00:00,PUMP101.MOTOR_CURRENT,44.688,A,GOOD
2025-02-08 04:00:00,PUMP101.MOTOR_CURRENT,44.866,A,GOOD
2025-02-08 05:00:00,PUMP101.MOTOR_CURRENT,45.438,A,GOOD
2025-02-08 06:00:00,PUMP101.MOTOR_CURRENT,44.728,A,GOOD
2025-02-08 07:00:00,PUMP101.MOTOR_CURRENT,44.017,A,GOOD
2025-02-08 08:00:00,PUMP101.MOTOR_CURRENT,44.349,A,GOOD
2025-02-08 09:00:00,PUMP101.MOTOR_CURRENT,45.005,A,GOOD
2025-02-08 10:00:00,PUMP101.MOTOR_CURRENT,44.068,A,GOOD
2025-02-08 11:00:00,PUMP101.MOTOR_CURRENT,44.851,A,GOOD
2025-02-08 12:00:00,PUMP101.MOTOR_CURRENT,44.304,A,GOOD
2025-02-08 13:00:00,PUMP101.MOTOR_CURRENT,45.82,A,GOOD
2025-02-08 14:00:00,PUMP101.MOTOR_CURRENT,46.083,A,GOOD
2025-02-08 15:00:00,PUMP101.MOTOR_CURRENT,44.471,A,GOOD
2025-02-08 16:00:00,PUMP101.MOTOR_CURRENT,45.128,A,GOOD
2025-02-08 17:00:00,PUMP101.MOTOR_CURRENT,44.52,A,GOOD
2025-02-08 18:00:00,PUMP101.MOTOR_CURRENT,44.845,A,GOOD
2025-02-08 19:00:00,PUMP101.MOTOR_CURRENT,45.902,A,GOOD
2025-02-08 20:00:00,PUMP101.MOTOR_CURRENT,44.767,A,GOOD
2025-02-08 21:00:00,PUMP101.MOTOR_CURRENT,44.857,A,GOOD
2025-02-08 22:00:00,PUMP101.MOTOR_CURRENT,44.529,A,GOOD
2025-02-08 23:00:00,PUMP101.MOTOR_CURRENT,45.573,A,GOOD
2025-02-09 00:00:00,PUMP101.MOTOR_CURRENT,43.368,A,GOOD
2025-02-09 01:00:00,PUMP101.MOTOR_CURRENT,44.779,A,GOOD
2025-02-09 02:00:00,PUMP101.MOTOR_CURRENT,44.977,A,GOOD
2025-02-09 03:00:00,PUMP101.MOTOR_CURRENT,44.669,A,GOOD
2025-02-09 04:00:00,PUMP101.MOTOR_CURRENT,45.432,A,GOOD
2025-02-09 05:00:00,PUMP101.MOTOR_CURRENT,45.601,A,GOOD
2025-02-09 06:00:00,PUMP101.MOTOR_CURRENT,44.294,A,GOOD
2025-02-09 07:00:00,PUMP101.MOTOR_CURRENT,46.047,A,GOOD
2025-02-09 08:00:00,PUMP101.MOTOR_CURRENT,44.288,A,GOOD
2025-02-09 09:00:00,PUMP101.MOTOR_CURRENT,45.644,A,GOOD
2025-02-09 10:00:00,PUMP101.MOTOR_CURRENT,45.075,A,GOOD
2025-02-09 11:00:00,PUMP101.MOTOR_CURRENT,44.748,A,GOOD
2025-02-09 12:00:00,PUMP101.MOTOR_CURRENT,44.795,A,GOOD
2025-02-09 13:00:00,PUMP101.MOTOR_CURRENT,44.983,A,GOOD
2025-02-09 14:00:00,PUMP101.MOTOR_CURRENT,45.104,A,GOOD
2025-02-09 15:00:00,PUMP101.MOTOR_CURRENT,44.54,A,GOOD
2025-02-09 16:00:00,PUMP101.MOTOR_CURRENT,44.883,A,GOOD
2025-02-09 17:00:00,PUMP101.MOTOR_CURRENT,44.615,A,GOOD
2025-02-09 18:00:00,PUMP101.MOTOR_CURRENT,44.392,A,GOOD
2025-02-09 19:00:00,PUMP101.MOTOR_CURRENT,44.591,A,GOOD
2025-02-09 20:00:00,PUMP101.MOTOR_CURRENT,44.425,A,GOOD
2025-02-09 21:00:00,PUMP101.MOTOR_CURRENT,44.79,A,GOOD
2025-02-09 22:00:00,PUMP101.MOTOR_CURRENT,45.216,A,GOOD
2025-02-09 23:00:00,PUMP101.MOTOR_CURRENT,45.06,A,GOOD
2025-02-10 00:00:00,PUMP101.MOTOR_CURRENT,45.987,A,GOOD
2025-02-10 01:00:00,PUMP101.MOTOR_CURRENT,43.895,A,GOOD
2025-02-10 02:00:00,PUMP101.MOTOR_CURRENT,45.235,A,GOOD
2025-02-10 03:00:00,PUMP101.MOTOR_CURRENT,45.003,A,GOOD
2025-02-10 04:00:00,PUMP101.MOTOR_CURRENT,45.408,A,GOOD
2025-02-10 05:00:00,PUMP101.MOTOR_CURRENT,45.358,A,GOOD
2025-02-10 06:00:00,PUMP101.MOTOR_CURRENT,44.918,A,GOOD
2025-02-10 07:00:00,PUMP101.MOTOR_CURRENT,45.086,A,GOOD
2025-02-10 08:00:00,PUMP101.MOTOR_CURRENT,44.628,A,GOOD
2025-02-10 09:00:00,PUMP101.MOTOR_CURRENT,45.307,A,GOOD
2025-02-10 10:00:00,PUMP101.MOTOR_CURRENT,44.061,A,GOOD
2025-02-10 11:00:00,PUMP101.MOTOR_CURRENT,45.388,A,GOOD
2025-02-10 12:00:00,PUMP101.MOTOR_CURRENT,44.988,A,GOOD
2025-02-10 13:00:00,PUMP101.MOTOR_CURRENT,44.756,A,GOOD
2025-02-10 14:00:00,PUMP101.MOTOR_CURRENT,44.884,A,GOOD
2025-02-10 15:00:00,PUMP101.MOTOR_CURRENT,44.92,A,GOOD
2025-02-10 16:00:00,PUMP101.MOTOR_CURRENT,45.649,A,GOOD
2025-02-10 17:00:00,PUMP101.MOTOR_CURRENT,46.617,A,GOOD
2025-02-10 18:00:00,PUMP101.MOTOR_CURRENT,45.61,A,GOOD
2025-02-10 19:00:00,PUMP101.MOTOR_CURRENT,44.717,A,GOOD
2025-02-10 20:00:00,PUMP101.MOTOR_CURRENT,45.315,A,GOOD
2025-02-10 21:00:00,PUMP101.MOTOR_CURRENT,45.337,A,GOOD
2025-02-10 22:00:00,PUMP101.MOTOR_CURRENT,44.537,A,GOOD
2025-02-10 23:00:00,PUMP101.MOTOR_CURRENT,44.37,A,GOOD
2025-02-11 00:00:00,PUMP101.MOTOR_CURRENT,44.968,A,GOOD
2025-02-11 01:00:00,PUMP101.MOTOR_CURRENT,45.404,A,GOOD
2025-02-11 02:00:00,PUMP101.MOTOR_CURRENT,44.194,A,GOOD
2025-02-11 03:00:00,PUMP101.MOTOR_CURRENT,44.64,A,GOOD
2025-02-11 04:00:00,PUMP101.MOTOR_CURRENT,45.286,A,GOOD
2025-02-11 05:00:00,PUMP101.MOTOR_CURRENT,45.021,A,GOOD
2025-02-11 06:00:00,PUMP101.MOTOR_CURRENT,45.708,A,GOOD
2025-02-11 07:00:00,PUMP101.MOTOR_CURRENT,44.294,A,GOOD
2025-02-11 08:00:00,PUMP101.MOTOR_CURRENT,46.176,A,GOOD
2025-02-11 09:00:00,PUMP101.MOTOR_CURRENT,44.231,A,GOOD
2025-02-11 10:00:00,PUMP101.MOTOR_CURRENT,43.985,A,GOOD
2025-02-11 11:00:00,PUMP101.MOTOR_CURRENT,44.971,A,GOOD
2025-02-11 12:00:00,PUMP101.MOTOR_CURRENT,44.433,A,GOOD
2025-02-11 13:00:00,PUMP101.MOTOR_CURRENT,44.981,A,GOOD
2025-02-11 14:00:00,PUMP101.MOTOR_CURRENT,44.963,A,GOOD
2025-02-11 15:00:00,PUMP101.MOTOR_CURRENT,44.902,A,GOOD
2025-02-11 16:00:00,PUMP101.MOTOR_CURRENT,44.579,A,GOOD
2025-02-11 17:00:00,PUMP101.MOTOR_CURRENT,45.216,A,GOOD
2025-02-11 18:00:00,PUMP101.MOTOR_CURRENT,44.841,A,GOOD
2025-02-11 19:00:00,PUMP101.MOTOR_CURRENT,45.552,A,GOOD
2025-02-11 20:00:00,PUMP101.MOTOR_CURRENT,44.91,A,GOOD
2025-02-11 21:00:00,PUMP101.MOTOR_CURRENT,44.518,A,GOOD
2025-02-11 22:00:00,PUMP101.MOTOR_CURRENT,44.156,A,GOOD
2025-02-11 23:00:00,PUMP101.MOTOR_CURRENT,44.914,A,GOOD
2025-02-12 00:00:00,PUMP101.MOTOR_CURRENT,44.365,A,GOOD
2025-02-12 01:00:00,PUMP101.MOTOR_CURRENT,44.325,A,GOOD
2025-02-12 02:00:00,PUMP101.MOTOR_CURRENT,45.264,A,GOOD
2025-02-12 03:00:00,PUMP101.MOTOR_CURRENT,44.111,A,GOOD
2025-02-12 04:00:00,PUMP101.MOTOR_CURRENT,45.706,A,GOOD
2025-02-12 05:00:00,PUMP101.MOTOR_CURRENT,45.08,A,GOOD
2025-02-12 06:00:00,PUMP101.MOTOR_CURRENT,44.978,A,GOOD
2025-02-12 07:00:00,PUMP101.MOTOR_CURRENT,44.483,A,GOOD
2025-02-12 08:00:00,PUMP101.MOTOR_CURRENT,45.382,A,GOOD
2025-02-12 09:00:00,PUMP101.MOTOR_CURRENT,44.999,A,GOOD
2025-02-12 10:00:00,PUMP101.MOTOR_CURRENT,44.657,A,GOOD
2025-02-12 11:00:00,PUMP101.MOTOR_CURRENT,45.1,A,GOOD
2025-02-12 12:00:00,PUMP101.MOTOR_CURRENT,44.159,A,GOOD
2025-02-12 13:00:00,PUMP101.MOTOR_CURRENT,44.182,A,GOOD
2025-02-12 14:00:00,PUMP101.MOTOR_CURRENT,44.44,A,GOOD
2025-02-12 15:00:00,PUMP101.MOTOR_CURRENT,45.175,A,BAD
2025-02-12 16:00:00,PUMP101.MOTOR_CURRENT,44.998,A,GOOD
2025-02-12 17:00:00,PUMP101.MOTOR_CURRENT,45.524,A,GOOD
2025-02-12 18:00:00,PUMP101.MOTOR_CURRENT,44.54,A,GOOD
2025-02-12 19:00:00,PUMP101.MOTOR_CURRENT,45.287,A,GOOD
2025-02-12 20:00:00,PUMP101.MOTOR_CURRENT,44.943,A,GOOD
2025-02-12 21:00:00,PUMP101.MOTOR_CURRENT,44.528,A,GOOD
2025-02-12 22:00:00,PUMP101.MOTOR_CURRENT,45.193,A,GOOD
2025-02-12 23:00:00,PUMP101.MOTOR_CURRENT,44.967,A,GOOD
2025-02-13 00:00:00,PUMP101.MOTOR_CURRENT,44.685,A,GOOD
2025-02-13 01:00:00,PUMP101.MOTOR_CURRENT,45.021,A,GOOD
2025-02-13 02:00:00,PUMP101.MOTOR_CURRENT,44.935,A,GOOD
2025-02-13 03:00:00,PUMP101.MOTOR_CURRENT,44.923,A,GOOD
2025-02-13 04:00:00,PUMP101.MOTOR_CURRENT,44.794,A,GOOD
2025-02-13 05:00:00,PUMP101.MOTOR_CURRENT,44.348,A,GOOD
2025-02-13 06:00:00,PUMP101.MOTOR_CURRENT,45.037,A,GOOD
2025-02-13 07:00:00,PUMP101.MOTOR_CURRENT,44.599,A,GOOD
2025-02-13 08:00:00,PUMP101.MOTOR_CURRENT,44.49,A,GOOD
2025-02-13 09:00:00,PUMP101.MOTOR_CURRENT,44.88,A,GOOD
2025-02-13 10:00:00,PUMP101.MOTOR_CURRENT,45.367,A,GOOD
2025-02-13 11:00:00,PUMP101.MOTOR_CURRENT,45.093,A,GOOD
2025-02-13 12:00:00,PUMP101.MOTOR_CURRENT,44.734,A,GOOD
2025-02-13 13:00:00,PUMP101.MOTOR_CURRENT,44.714,A,GOOD
2025-02-13 14:00:00,PUMP101.MOTOR_CURRENT,45.318,A,GOOD
2025-02-13 15:00:00,PUMP101.MOTOR_CURRENT,43.802,A,GOOD
2025-02-13 16:00:00,PUMP101.MOTOR_CURRENT,45.399,A,GOOD
2025-02-13 17:00:00,PUMP101.MOTOR_CURRENT,44.063,A,GOOD
2025-02-13 18:00:00,PUMP101.MOTOR_CURRENT,44.292,A,GOOD
2025-02-13 19:00:00,PUMP101.MOTOR_CURRENT,44.743,A,GOOD
2025-02-13 20:00:00,PUMP101.MOTOR_CURRENT,46.085,A,GOOD
2025-02-13 21:00:00,PUMP101.MOTOR_CURRENT,45.839,A,GOOD
2025-02-13 22:00:00,PUMP101.MOTOR_CURRENT,45.353,A,GOOD
2025-02-13 23:00:00,PUMP101.MOTOR_CURRENT,45.178,A,GOOD
2025-02-14 00:00:00,PUMP101.MOTOR_CURRENT,44.069,A,GOOD
2025-02-14 01:00:00,PUMP101.MOTOR_CURRENT,45.078,A,GOOD
2025-02-14 02:00:00,PUMP101.MOTOR_CURRENT,44.725,A,GOOD
2025-02-14 03:00:00,PUMP101.MOTOR_CURRENT,44.592,A,GOOD
2025-02-14 04:00:00,PUMP101.MOTOR_CURRENT,45.077,A,GOOD
2025-02-14 05:00:00,PUMP101.MOTOR_CURRENT,44.764,A,GOOD
2025-02-14 06:00:00,PUMP101.MOTOR_CURRENT,45.435,A,GOOD
2025-02-14 07:00:00,PUMP101.MOTOR_CURRENT,44.032,A,GOOD
2025-02-14 08:00:00,PUMP101.MOTOR_CURRENT,45.038,A,GOOD
2025-02-14 09:00:00,PUMP101.MOTOR_CURRENT,44.56,A,GOOD
2025-02-14 10:00:00,PUMP101.MOTOR_CURRENT,44.795,A,GOOD
2025-02-14 11:00:00,PUMP101.MOTOR_CURRENT,45.152,A,GOOD
2025-02-14 12:00:00,PUMP101.MOTOR_CURRENT,44.441,A,GOOD
2025-02-14 13:00:00,PUMP101.MOTOR_CURRENT,45.082,A,GOOD
2025-02-14 14:00:00,PUMP101.MOTOR_CURRENT,44.894,A,GOOD
2025-02-14 15:00:00,PUMP101.MOTOR_CURRENT,44.67,A,GOOD
2025-02-14 16:00:00,PUMP101.MOTOR_CURRENT,44.765,A,GOOD
2025-02-14 17:00:00,PUMP101.MOTOR_CURRENT,44.923,A,GOOD
2025-02-14 18:00:00,PUMP101.MOTOR_CURRENT,44.616,A,GOOD
2025-02-14 19:00:00,PUMP101.MOTOR_CURRENT,45.004,A,GOOD
2025-02-14 20:00:00,PUMP101.MOTOR_CURRENT,44.861,A,GOOD
2025-02-14 21:00:00,PUMP101.MOTOR_CURRENT,44.694,A,GOOD
2025-02-14 22:00:00,PUMP101.MOTOR_CURRENT,45.795,A,GOOD
2025-02-14 23:00:00,PUMP101.MOTOR_CURRENT,45.208,A,GOOD
2025-02-15 00:00:00,PUMP101.MOTOR_CURRENT,44.809,A,GOOD
2025-02-15 01:00:00,PUMP101.MOTOR_CURRENT,45.073,A,GOOD
2025-02-15 02:00:00,PUMP101.MOTOR_CURRENT,44.487,A,GOOD
2025-02-15 03:00:00,PUMP101.MOTOR_CURRENT,44.782,A,GOOD
2025-02-15 04:00:00,PUMP101.MOTOR_CURRENT,44.84,A,GOOD
2025-02-15 05:00:00,PUMP101.MOTOR_CURRENT,44.377,A,GOOD
2025-02-15 06:00:00,PUMP101.MOTOR_CURRENT,45.194,A,GOOD
2025-02-15 07:00:00,PUMP101.MOTOR_CURRENT,44.747,A,GOOD
2025-02-15 08:00:00,PUMP101.MOTOR_CURRENT,44.822,A,GOOD
2025-02-15 09:00:00,PUMP101.MOTOR_CURRENT,44.716,A,GOOD
2025-02-15 10:00:00,PUMP101.MOTOR_CURRENT,46.48,A,GOOD
2025-02-15 11:00:00,PUMP101.MOTOR_CURRENT,44.669,A,GOOD
2025-02-15 12:00:00,PUMP101.MOTOR_CURRENT,43.966,A,GOOD
2025-02-15 13:00:00,PUMP101.MOTOR_CURRENT,44.2,A,GOOD
2025-02-15 14:00:00,PUMP101.MOTOR_CURRENT,45.38,A,GOOD
2025-02-15 15:00:00,PUMP101.MOTOR_CURRENT,45.668,A,GOOD
2025-02-15 16:00:00,PUMP101.MOTOR_CURRENT,44.659,A,GOOD
2025-02-15 17:00:00,PUMP101.MOTOR_CURRENT,45.639,A,GOOD
2025-02-15 18:00:00,PUMP101.MOTOR_CURRENT,45.371,A,GOOD
2025-02-15 19:00:00,PUMP101.MOTOR_CURRENT,44.905,A,GOOD
2025-02-15 20:00:00,PUMP101.MOTOR_CURRENT,44.87,A,GOOD
2025-02-15 21:00:00,PUMP101.MOTOR_CURRENT,45.09,A,GOOD
2025-02-15 22:00:00,PUMP101.MOTOR_CURRENT,45.439,A,GOOD
2025-02-15 23:00:00,PUMP101.MOTOR_CURRENT,45.199,A,GOOD
2025-02-16 00:00:00,PUMP101.MOTOR_CURRENT,44.662,A,GOOD
2025-02-16 01:00:00,PUMP101.MOTOR_CURRENT,44.913,A,GOOD
2025-02-16 02:00:00,PUMP101.MOTOR_CURRENT,45.991,A,GOOD
2025-02-16 03:00:00,PUMP101.MOTOR_CURRENT,45.126,A,GOOD
2025-02-16 04:00:00,PUMP101.MOTOR_CURRENT,45.435,A,GOOD
2025-02-16 05:00:00,PUMP101.MOTOR_CURRENT,45.27,A,GOOD
2025-02-16 06:00:00,PUMP101.MOTOR_CURRENT,45.137,A,GOOD
2025-02-16 07:00:00,PUMP101.MOTOR_CURRENT,45.054,A,GOOD
2025-02-16 08:00:00,PUMP101.MOTOR_CURRENT,45.449,A,GOOD
2025-02-16 09:00:00,PUMP101.MOTOR_CURRENT,45.359,A,GOOD
2025-02-16 10:00:00,PUMP101.MOTOR_CURRENT,45.132,A,GOOD
2025-02-16 11:00:00,PUMP101.MOTOR_CURRENT,44.653,A,GOOD
2025-02-16 12:00:00,PUMP101.MOTOR_CURRENT,45.193,A,GOOD
2025-02-16 13:00:00,PUMP101.MOTOR_CURRENT,44.966,A,GOOD
2025-02-16 14:00:00,PUMP101.MOTOR_CURRENT,44.846,A,GOOD
2025-02-16 15:00:00,PUMP101.MOTOR_CURRENT,46.339,A,GOOD
2025-02-16 16:00:00,PUMP101.MOTOR_CURRENT,44.23,A,GOOD
2025-02-16 17:00:00,PUMP101.MOTOR_CURRENT,45.479,A,GOOD
2025-02-16 18:00:00,PUMP101.MOTOR_CURRENT,44.569,A,GOOD
2025-02-16 19:00:00,PUMP101.MOTOR_CURRENT,45.066,A,GOOD
2025-02-16 20:00:00,PUMP101.MOTOR_CURRENT,46.284,A,GOOD
2025-02-16 21:00:00,PUMP101.MOTOR_CURRENT,44.519,A,GOOD
2025-02-16 22:00:00,PUMP101.MOTOR_CURRENT,44.638,A,GOOD
2025-02-16 23:00:00,PUMP101.MOTOR_CURRENT,44.991,A,GOOD
2025-02-17 00:00:00,PUMP101.MOTOR_CURRENT,44.576,A,GOOD
2025-02-17 01:00:00,PUMP101.MOTOR_CURRENT,45.442,A,GOOD
2025-02-17 02:00:00,PUMP101.MOTOR_CURRENT,44.733,A,GOOD
2025-02-17 03:00:00,PUMP101.MOTOR_CURRENT,45.327,A,GOOD
2025-02-17 04:00:00,PUMP101.MOTOR_CURRENT,44.335,A,GOOD
2025-02-17 05:00:00,PUMP101.MOTOR_CURRENT,44.097,A,GOOD
2025-02-17 06:00:00,PUMP101.MOTOR_CURRENT,44.886,A,GOOD
2025-02-17 07:00:00,PUMP101.MOTOR_CURRENT,44.216,A,GOOD
2025-02-17 08:00:00,PUMP101.MOTOR_CURRENT,45.759,A,GOOD
2025-02-17 09:00:00,PUMP101.MOTOR_CURRENT,44.235,A,GOOD
2025-02-17 10:00:00,PUMP101.MOTOR_CURRENT,44.481,A,GOOD
2025-02-17 11:00:00,PUMP101.MOTOR_CURRENT,45.207,A,GOOD
2025-02-17 12:00:00,PUMP101.MOTOR_CURRENT,44.707,A,GOOD
2025-02-17 13:00:00,PUMP101.MOTOR_CURRENT,44.241,A,GOOD
2025-02-17 14:00:00,PUMP101.MOTOR_CURRENT,46.02,A,GOOD
2025-02-17 15:00:00,PUMP101.MOTOR_CURRENT,44.499,A,GOOD
2025-02-17 16:00:00,PUMP101.MOTOR_CURRENT,44.902,A,GOOD
2025-02-17 17:00:00,PUMP101.MOTOR_CURRENT,44.895,A,GOOD
2025-02-17 18:00:00,PUMP101.MOTOR_CURRENT,45.355,A,GOOD
2025-02-17 19:00:00,PUMP101.MOTOR_CURRENT,45.231,A,GOOD
2025-02-17 20:00:00,PUMP101.MOTOR_CURRENT,44.587,A,GOOD
2025-02-17 21:00:00,PUMP101.MOTOR_CURRENT,44.837,A,GOOD
2025-02-17 22:00:00,PUMP101.MOTOR_CURRENT,44.887,A,GOOD
2025-02-17 23:00:00,PUMP101.MOTOR_CURRENT,45.374,A,GOOD
2025-02-18 00:00:00,PUMP101.MOTOR_CURRENT,44.416,A,GOOD
2025-02-18 01:00:00,PUMP101.MOTOR_CURRENT,46.009,A,GOOD
2025-02-18 02:00:00,PUMP101.MOTOR_CURRENT,44.62,A,GOOD
2025-02-18 03:00:00,PUMP101.MOTOR_CURRENT,44.996,A,GOOD
2025-02-18 04:00:00,PUMP101.MOTOR_CURRENT,44.42,A,GOOD
2025-02-18 05:00:00,PUMP101.MOTOR_CURRENT,44.351,A,GOOD
2025-02-18 06:00:00,PUMP101.MOTOR_CURRENT,44.563,A,GOOD
2025-02-18 07:00:00,PUMP101.MOTOR_CURRENT,44.515,A,GOOD
2025-02-18 08:00:00,PUMP101.MOTOR_CURRENT,44.793,A,GOOD
2025-02-18 09:00:00,PUMP101.MOTOR_CURRENT,44.511,A,GOOD
2025-02-18 10:00:00,PUMP101.MOTOR_CURRENT,45.348,A,GOOD
2025-02-18 11:00:00,PUMP101.MOTOR_CURRENT,44.609,A,GOOD
2025-02-18 12:00:00,PUMP101.MOTOR_CURRENT,44.553,A,GOOD
2025-02-18 13:00:00,PUMP101.MOTOR_CURRENT,44.804,A,GOOD
2025-02-18 14:00:00,PUMP101.MOTOR_CURRENT,45.496,A,GOOD
2025-02-18 15:00:00,PUMP101.MOTOR_CURRENT,45.107,A,GOOD
2025-02-18 16:00:00,PUMP101.MOTOR_CURRENT,44.95,A,GOOD
2025-02-18 17:00:00,PUMP101.MOTOR_CURRENT,44.283,A,GOOD
2025-02-18 18:00:00,PUMP101.MOTOR_CURRENT,44.429,A,GOOD
2025-02-18 19:00:00,PUMP101.MOTOR_CURRENT,44.361,A,GOOD
2025-02-18 20:00:00,PUMP101.MOTOR_CURRENT,45.653,A,GOOD
2025-02-18 21:00:00,PUMP101.MOTOR_CURRENT,45.265,A,GOOD
2025-02-18 22:00:00,PUMP101.MOTOR_CURRENT,44.569,A,GOOD
2025-02-18 23:00:00,PUMP101.MOTOR_CURRENT,44.718,A,GOOD
2025-02-19 00:00:00,PUMP101.MOTOR_CURRENT,44.587,A,GOOD
2025-02-19 01:00:00,PUMP101.MOTOR_CURRENT,44.557,A,GOOD
2025-02-19 02:00:00,PUMP101.MOTOR_CURRENT,45.23,A,GOOD
2025-02-19 03:00:00,PUMP101.MOTOR_CURRENT,44.856,A,GOOD
2025-02-19 04:00:00,PUMP101.MOTOR_CURRENT,46.041,A,GOOD
2025-02-19 05:00:00,PUMP101.MOTOR_CURRENT,45.625,A,GOOD
2025-02-19 06:00:00,PUMP101.MOTOR_CURRENT,45.655,A,GOOD
2025-02-19 07:00:00,PUMP101.MOTOR_CURRENT,45.336,A,GOOD
2025-02-19 08:00:00,PUMP101.MOTOR_CURRENT,44.789,A,GOOD
2025-02-19 09:00:00,PUMP101.MOTOR_CURRENT,45.299,A,GOOD
2025-02-19 10:00:00,PUMP101.MOTOR_CURRENT,44.826,A,GOOD
2025-02-19 11:00:00,PUMP101.MOTOR_CURRENT,45.815,A,GOOD
2025-02-19 12:00:00,PUMP101.MOTOR_CURRENT,45.202,A,GOOD
2025-02-19 13:00:00,PUMP101.MOTOR_CURRENT,45.131,A,GOOD
2025-02-19 14:00:00,PUMP101.MOTOR_CURRENT,45.064,A,GOOD
2025-02-19 15:00:00,PUMP101.MOTOR_CURRENT,45.87,A,GOOD
2025-02-19 16:00:00,PUMP101.MOTOR_CURRENT,44.283,A,GOOD
2025-02-19 17:00:00,PUMP101.MOTOR_CURRENT,45.919,A,GOOD
2025-02-19 18:00:00,PUMP101.MOTOR_CURRENT,44.907,A,GOOD
2025-02-19 19:00:00,PUMP101.MOTOR_CURRENT,44.297,A,GOOD
2025-02-19 20:00:00,PUMP101.MOTOR_CURRENT,44.624,A,GOOD
2025-02-19 21:00:00,PUMP101.MOTOR_CURRENT,44.175,A,GOOD
2025-02-19 22:00:00,PUMP101.MOTOR_CURRENT,45.327,A,GOOD
2025-02-19 23:00:00,PUMP101.MOTOR_CURRENT,44.481,A,GOOD
2025-02-20 00:00:00,PUMP101.MOTOR_CURRENT,45.084,A,GOOD
2025-02-20 01:00:00,PUMP101.MOTOR_CURRENT,45.567,A,GOOD
2025-02-20 02:00:00,PUMP101.MOTOR_CURRENT,44.664,A,GOOD
2025-02-20 03:00:00,PUMP101.MOTOR_CURRENT,44.866,A,GOOD
2025-02-20 04:00:00,PUMP101.MOTOR_CURRENT,44.348,A,GOOD
2025-02-20 05:00:00,PUMP101.MOTOR_CURRENT,44.806,A,GOOD
2025-02-20 06:00:00,PUMP101.MOTOR_CURRENT,46.287,A,GOOD
2025-02-20 07:00:00,PUMP101.MOTOR_CURRENT,45.389,A,GOOD
2025-02-20 08:00:00,PUMP101.MOTOR_CURRENT,44.868,A,GOOD
2025-02-20 09:00:00,PUMP101.MOTOR_CURRENT,44.694,A,GOOD
2025-02-20 10:00:00,PUMP101.MOTOR_CURRENT,44.979,A,GOOD
2025-02-20 11:00:00,PUMP101.MOTOR_CURRENT,45.065,A,GOOD
2025-02-20 12:00:00,PUMP101.MOTOR_CURRENT,44.79,A,GOOD
2025-02-20 13:00:00,PUMP101.MOTOR_CURRENT,45.265,A,GOOD
2025-02-20 14:00:00,PUMP101.MOTOR_CURRENT,44.523,A,GOOD
2025-02-20 15:00:00,PUMP101.MOTOR_CURRENT,44.521,A,GOOD
2025-02-20 16:00:00,PUMP101.MOTOR_CURRENT,45.185,A,GOOD
2025-02-20 17:00:00,PUMP101.MOTOR_CURRENT,44.416,A,GOOD
2025-02-20 18:00:00,PUMP101.MOTOR_CURRENT,45.365,A,GOOD
2025-02-20 19:00:00,PUMP101.MOTOR_CURRENT,44.993,A,GOOD
2025-02-20 20:00:00,PUMP101.MOTOR_CURRENT,44.086,A,GOOD
2025-02-20 21:00:00,PUMP101.MOTOR_CURRENT,45.055,A,GOOD
2025-02-20 22:00:00,PUMP101.MOTOR_CURRENT,44.157,A,GOOD
2025-02-20 23:00:00,PUMP101.MOTOR_CURRENT,45.347,A,GOOD
2025-02-21 00:00:00,PUMP101.MOTOR_CURRENT,44.876,A,GOOD
2025-02-21 01:00:00,PUMP101.MOTOR_CURRENT,45.926,A,GOOD
2025-02-21 02:00:00,PUMP101.MOTOR_CURRENT,45.536,A,GOOD
2025-02-21 03:00:00,PUMP101.MOTOR_CURRENT,44.47,A,GOOD
2025-02-21 04:00:00,PUMP101.MOTOR_CURRENT,43.99,A,GOOD
2025-02-21 05:00:00,PUMP101.MOTOR_CURRENT,44.622,A,GOOD
2025-02-21 06:00:00,PUMP101.MOTOR_CURRENT,44.389,A,GOOD
2025-02-21 07:00:00,PUMP101.MOTOR_CURRENT,45.913,A,GOOD
2025-02-21 08:00:00,PUMP101.MOTOR_CURRENT,44.995,A,GOOD
2025-02-21 09:00:00,PUMP101.MOTOR_CURRENT,45.467,A,GOOD
2025-02-21 10:00:00,PUMP101.MOTOR_CURRENT,44.857,A,GOOD
2025-02-21 11:00:00,PUMP101.MOTOR_CURRENT,44.91,A,GOOD
2025-02-21 12:00:00,PUMP101.MOTOR_CURRENT,44.984,A,GOOD
2025-02-21 13:00:00,PUMP101.MOTOR_CURRENT,45.553,A,GOOD
2025-02-21 14:00:00,PUMP101.MOTOR_CURRENT,45.156,A,GOOD
2025-02-21 15:00:00,PUMP101.MOTOR_CURRENT,44.471,A,GOOD
2025-02-21 16:00:00,PUMP101.MOTOR_CURRENT,45.811,A,GOOD
2025-02-21 17:00:00,PUMP101.MOTOR_CURRENT,44.854,A,GOOD
2025-02-21 18:00:00,PUMP101.MOTOR_CURRENT,44.772,A,GOOD
2025-02-21 19:00:00,PUMP101.MOTOR_CURRENT,43.585,A,GOOD
2025-02-21 20:00:00,PUMP101.MOTOR_CURRENT,45.317,A,GOOD
2025-02-21 21:00:00,PUMP101.MOTOR_CURRENT,45.051,A,GOOD
2025-02-21 22:00:00,PUMP101.MOTOR_CURRENT,45.05,A,GOOD
2025-02-21 23:00:00,PUMP101.MOTOR_CURRENT,44.799,A,GOOD
2025-02-22 00:00:00,PUMP101.MOTOR_CURRENT,44.712,A,GOOD
2025-02-22 01:00:00,PUMP101.MOTOR_CURRENT,44.815,A,GOOD
2025-02-22 02:00:00,PUMP101.MOTOR_CURRENT,45.232,A,GOOD
2025-02-22 03:00:00,PUMP101.MOTOR_CURRENT,45.32,A,GOOD
2025-02-22 04:00:00,PUMP101.MOTOR_CURRENT,44.884,A,GOOD
2025-02-22 05:00:00,PUMP101.MOTOR_CURRENT,45.474,A,GOOD
2025-02-22 06:00:00,PUMP101.MOTOR_CURRENT,44.961,A,GOOD
2025-02-22 07:00:00,PUMP101.MOTOR_CURRENT,44.748,A,GOOD
2025-02-22 08:00:00,PUMP101.MOTOR_CURRENT,45.099,A,GOOD
2025-02-22 09:00:00,PUMP101.MOTOR_CURRENT,44.32,A,GOOD
2025-02-22 10:00:00,PUMP101.MOTOR_CURRENT,45.116,A,GOOD
2025-02-22 11:00:00,PUMP101.MOTOR_CURRENT,44.229,A,GOOD
2025-02-22 12:00:00,PUMP101.MOTOR_CURRENT,44.486,A,GOOD
2025-02-22 13:00:00,PUMP101.MOTOR_CURRENT,43.991,A,GOOD
2025-02-22 14:00:00,PUMP101.MOTOR_CURRENT,44.912,A,GOOD
2025-02-22 15:00:00,PUMP101.MOTOR_CURRENT,45.805,A,GOOD
2025-02-22 16:00:00,PUMP101.MOTOR_CURRENT,44.941,A,GOOD
2025-02-22 17:00:00,PUMP101.MOTOR_CURRENT,45.322,A,GOOD
2025-02-22 18:00:00,PUMP101.MOTOR_CURRENT,46.176,A,GOOD
2025-02-22 19:00:00,PUMP101.MOTOR_CURRENT,45.202,A,GOOD
2025-02-22 20:00:00,PUMP101.MOTOR_CURRENT,44.617,A,GOOD
2025-02-22 21:00:00,PUMP101.MOTOR_CURRENT,44.686,A,GOOD
2025-02-22 22:00:00,PUMP101.MOTOR_CURRENT,45.0,A,BAD
2025-02-22 23:00:00,PUMP101.MOTOR_CURRENT,44.684,A,GOOD
2025-02-23 00:00:00,PUMP101.MOTOR_CURRENT,44.721,A,GOOD
2025-02-23 01:00:00,PUMP101.MOTOR_CURRENT,45.493,A,GOOD
2025-02-23 02:00:00,PUMP101.MOTOR_CURRENT,45.513,A,GOOD
2025-02-23 03:00:00,PUMP101.MOTOR_CURRENT,44.177,A,GOOD
2025-02-23 04:00:00,PUMP101.MOTOR_CURRENT,44.591,A,GOOD
2025-02-23 05:00:00,PUMP101.MOTOR_CURRENT,44.768,A,GOOD
2025-02-23 06:00:00,PUMP101.MOTOR_CURRENT,45.3,A,GOOD
2025-02-23 07:00:00,PUMP101.MOTOR_CURRENT,45.572,A,GOOD
2025-02-23 08:00:00,PUMP101.MOTOR_CURRENT,46.351,A,GOOD
2025-02-23 09:00:00,PUMP101.MOTOR_CURRENT,44.767,A,GOOD
2025-02-23 10:00:00,PUMP101.MOTOR_CURRENT,44.792,A,GOOD
2025-02-23 11:00:00,PUMP101.MOTOR_CURRENT,45.294,A,GOOD
2025-02-23 12:00:00,PUMP101.MOTOR_CURRENT,44.659,A,GOOD
2025-02-23 13:00:00,PUMP101.MOTOR_CURRENT,44.93,A,BAD
2025-02-23 14:00:00,PUMP101.MOTOR_CURRENT,44.792,A,GOOD
2025-02-23 15:00:00,PUMP101.MOTOR_CURRENT,43.689,A,GOOD
2025-02-23 16:00:00,PUMP101.MOTOR_CURRENT,45.062,A,GOOD
2025-02-23 17:00:00,PUMP101.MOTOR_CURRENT,44.909,A,GOOD
2025-02-23 18:00:00,PUMP101.MOTOR_CURRENT,45.636,A,GOOD
2025-02-23 19:00:00,PUMP101.MOTOR_CURRENT,45.003,A,GOOD
2025-02-23 20:00:00,PUMP101.MOTOR_CURRENT,44.373,A,GOOD
2025-02-23 21:00:00,PUMP101.MOTOR_CURRENT,44.871,A,GOOD
2025-02-23 22:00:00,PUMP101.MOTOR_CURRENT,43.954,A,GOOD
2025-02-23 23:00:00,PUMP101.MOTOR_CURRENT,44.395,A,GOOD
2025-02-24 00:00:00,PUMP101.MOTOR_CURRENT,45.318,A,GOOD
2025-02-24 01:00:00,PUMP101.MOTOR_CURRENT,44.876,A,GOOD
2025-02-24 02:00:00,PUMP101.MOTOR_CURRENT,45.461,A,GOOD
2025-02-24 03:00:00,PUMP101.MOTOR_CURRENT,44.017,A,GOOD
2025-02-24 04:00:00,PUMP101.MOTOR_CURRENT,44.879,A,BAD
2025-02-24 05:00:00,PUMP101.MOTOR_CURRENT,44.762,A,GOOD
2025-02-24 06:00:00,PUMP101.MOTOR_CURRENT,45.478,A,GOOD
2025-02-24 07:00:00,PUMP101.MOTOR_CURRENT,45.336,A,GOOD
2025-02-24 08:00:00,PUMP101.MOTOR_CURRENT,45.321,A,GOOD
2025-02-24 09:00:00,PUMP101.MOTOR_CURRENT,45.771,A,GOOD
2025-02-24 10:00:00,PUMP101.MOTOR_CURRENT,44.816,A,GOOD
2025-02-24 11:00:00,PUMP101.MOTOR_CURRENT,45.668,A,GOOD
2025-02-24 12:00:00,PUMP101.MOTOR_CURRENT,44.478,A,GOOD
2025-02-24 13:00:00,PUMP101.MOTOR_CURRENT,44.46,A,GOOD
2025-02-24 14:00:00,PUMP101.MOTOR_CURRENT,45.376,A,GOOD
2025-02-24 15:00:00,PUMP101.MOTOR_CURRENT,44.248,A,GOOD
2025-02-24 16:00:00,PUMP101.MOTOR_CURRENT,45.286,A,GOOD
2025-02-24 17:00:00,PUMP101.MOTOR_CURRENT,45.051,A,GOOD
2025-02-24 18:00:00,PUMP101.MOTOR_CURRENT,45.536,A,GOOD
2025-02-24 19:00:00,PUMP101.MOTOR_CURRENT,44.97,A,GOOD
2025-02-24 20:00:00,PUMP101.MOTOR_CURRENT,45.028,A,GOOD
2025-02-24 21:00:00,PUMP101.MOTOR_CURRENT,45.255,A,GOOD
2025-02-24 22:00:00,PUMP101.MOTOR_CURRENT,44.669,A,GOOD
2025-02-24 23:00:00,PUMP101.MOTOR_CURRENT,44.647,A,GOOD
2025-02-25 00:00:00,PUMP101.MOTOR_CURRENT,45.237,A,GOOD
2025-02-25 01:00:00,PUMP101.MOTOR_CURRENT,44.985,A,GOOD
2025-02-25 02:00:00,PUMP101.MOTOR_CURRENT,44.796,A,GOOD
2025-02-25 03:00:00,PUMP101.MOTOR_CURRENT,44.959,A,GOOD
2025-02-25 04:00:00,PUMP101.MOTOR_CURRENT,45.797,A,GOOD
2025-02-25 05:00:00,PUMP101.MOTOR_CURRENT,44.778,A,GOOD
2025-02-25 06:00:00,PUMP101.MOTOR_CURRENT,44.764,A,GOOD
2025-02-25 07:00:00,PUMP101.MOTOR_CURRENT,44.146,A,GOOD
2025-02-25 08:00:00,PUMP101.MOTOR_CURRENT,44.979,A,GOOD
2025-02-25 09:00:00,PUMP101.MOTOR_CURRENT,45.328,A,GOOD
2025-02-25 10:00:00,PUMP101.MOTOR_CURRENT,45.418,A,GOOD
2025-02-25 11:00:00,PUMP101.MOTOR_CURRENT,45.054,A,GOOD
2025-02-25 12:00:00,PUMP101.MOTOR_CURRENT,45.478,A,GOOD
2025-02-25 13:00:00,PUMP101.MOTOR_CURRENT,45.366,A,GOOD
2025-02-25 14:00:00,PUMP101.MOTOR_CURRENT,45.556,A,GOOD
2025-02-25 15:00:00,PUMP101.MOTOR_CURRENT,45.492,A,GOOD
2025-02-25 16:00:00,PUMP101.MOTOR_CURRENT,45.785,A,GOOD
2025-02-25 17:00:00,PUMP101.MOTOR_CURRENT,44.915,A,GOOD
2025-02-25 18:00:00,PUMP101.MOTOR_CURRENT,44.336,A,GOOD
2025-02-25 19:00:00,PUMP101.MOTOR_CURRENT,45.332,A,GOOD
2025-02-25 20:00:00,PUMP101.MOTOR_CURRENT,45.39,A,GOOD
2025-02-25 21:00:00,PUMP101.MOTOR_CURRENT,45.785,A,GOOD
2025-02-25 22:00:00,PUMP101.MOTOR_CURRENT,45.641,A,GOOD
2025-02-25 23:00:00,PUMP101.MOTOR_CURRENT,45.973,A,GOOD
2025-02-26 00:00:00,PUMP101.MOTOR_CURRENT,45.31,A,GOOD
2025-02-26 01:00:00,PUMP101.MOTOR_CURRENT,45.114,A,GOOD
2025-02-26 02:00:00,PUMP101.MOTOR_CURRENT,44.308,A,GOOD
2025-02-26 03:00:00,PUMP101.MOTOR_CURRENT,45.154,A,GOOD
2025-02-26 04:00:00,PUMP101.MOTOR_CURRENT,44.724,A,GOOD
2025-02-26 05:00:00,PUMP101.MOTOR_CURRENT,45.106,A,GOOD
2025-02-26 06:00:00,PUMP101.MOTOR_CURRENT,45.027,A,GOOD
2025-02-26 07:00:00,PUMP101.MOTOR_CURRENT,45.236,A,GOOD
2025-02-26 08:00:00,PUMP101.MOTOR_CURRENT,44.951,A,GOOD
2025-02-26 09:00:00,PUMP101.MOTOR_CURRENT,45.468,A,GOOD
2025-02-26 10:00:00,PUMP101.MOTOR_CURRENT,43.638,A,GOOD
2025-02-26 11:00:00,PUMP101.MOTOR_CURRENT,45.095,A,GOOD
2025-02-26 12:00:00,PUMP101.MOTOR_CURRENT,45.601,A,GOOD
2025-02-26 13:00:00,PUMP101.MOTOR_CURRENT,45.935,A,GOOD
2025-02-26 14:00:00,PUMP101.MOTOR_CURRENT,45.366,A,GOOD
2025-02-26 15:00:00,PUMP101.MOTOR_CURRENT,45.842,A,GOOD
2025-02-26 16:00:00,PUMP101.MOTOR_CURRENT,45.084,A,GOOD
2025-02-26 17:00:00,PUMP101.MOTOR_CURRENT,45.001,A,GOOD
2025-02-26 18:00:00,PUMP101.MOTOR_CURRENT,45.265,A,GOOD
2025-02-26 19:00:00,PUMP101.MOTOR_CURRENT,44.998,A,GOOD
2025-02-26 20:00:00,PUMP101.MOTOR_CURRENT,44.609,A,GOOD
2025-02-26 21:00:00,PUMP101.MOTOR_CURRENT,44.742,A,GOOD
2025-02-26 22:00:00,PUMP101.MOTOR_CURRENT,44.444,A,GOOD
2025-02-26 23:00:00,PUMP101.MOTOR_CURRENT,45.264,A,GOOD
2025-02-27 00:00:00,PUMP101.MOTOR_CURRENT,45.006,A,GOOD
2025-02-27 01:00:00,PUMP101.MOTOR_CURRENT,44.82,A,GOOD
2025-02-27 02:00:00,PUMP101.MOTOR_CURRENT,44.717,A,GOOD
2025-02-27 03:00:00,PUMP101.MOTOR_CURRENT,45.253,A,GOOD
2025-02-27 04:00:00,PUMP101.MOTOR_CURRENT,45.39,A,GOOD
2025-02-27 05:00:00,PUMP101.MOTOR_CURRENT,44.435,A,GOOD
2025-02-27 06:00:00,PUMP101.MOTOR_CURRENT,44.356,A,GOOD
2025-02-27 07:00:00,PUMP101.MOTOR_CURRENT,45.477,A,GOOD
2025-02-27 08:00:00,PUMP101.MOTOR_CURRENT,44.312,A,GOOD
2025-02-27 09:00:00,PUMP101.MOTOR_CURRENT,45.274,A,GOOD
2025-02-27 10:00:00,PUMP101.MOTOR_CURRENT,45.808,A,GOOD
2025-02-27 11:00:00,PUMP101.MOTOR_CURRENT,45.81,A,GOOD
2025-02-27 12:00:00,PUMP101.MOTOR_CURRENT,45.369,A,GOOD
2025-02-27 13:00:00,PUMP101.MOTOR_CURRENT,45.354,A,GOOD
2025-02-27 14:00:00,PUMP101.MOTOR_CURRENT,46.126,A,GOOD
2025-02-27 15:00:00,PUMP101.MOTOR_CURRENT,43.833,A,GOOD
2025-02-27 16:00:00,PUMP101.MOTOR_CURRENT,44.768,A,GOOD
2025-02-27 17:00:00,PUMP101.MOTOR_CURRENT,45.424,A,GOOD
2025-02-27 18:00:00,PUMP101.MOTOR_CURRENT,44.831,A,GOOD
2025-02-27 19:00:00,PUMP101.MOTOR_CURRENT,45.62,A,GOOD
2025-02-27 20:00:00,PUMP101.MOTOR_CURRENT,44.98,A,GOOD
2025-02-27 21:00:00,PUMP101.MOTOR_CURRENT,45.066,A,GOOD
2025-02-27 22:00:00,PUMP101.MOTOR_CURRENT,44.863,A,GOOD
2025-02-27 23:00:00,PUMP101.MOTOR_CURRENT,44.739,A,GOOD
2025-02-28 00:00:00,PUMP101.MOTOR_CURRENT,44.726,A,GOOD
