Timestamp,Tag,Value,Unit,Quality
2025-01-01 00:00:00,PUMP101.VIBRATION_RMS,2.546,mm/s,GOOD
2025-01-01 01:00:00,PUMP101.VIBRATION_RMS,2.344,mm/s,GOOD
2025-01-01 02:00:00,PUMP101.VIBRATION_RMS,2.613,mm/s,GOOD
2025-01-01 03:00:00,PUMP101.VIBRATION_RMS,2.641,mm/s,GOOD
2025-01-01 04:00:00,PUMP101.VIBRATION_RMS,2.207,mm/s,GOOD
2025-01-01 05:00:00,PUMP101.VIBRATION_RMS,2.305,mm/s,GOOD
2025-01-01 06:00:00,PUMP101.VIBRATION_RMS,2.519,mm/s,GOOD
2025-01-01 07:00:00,PUMP101.VIBRATION_RMS,2.453,mm/s,GOOD
2025-01-01 08:00:00,PUMP101.VIBRATION_RMS,2.497,mm/s,GOOD
2025-01-01 09:00:00,PUMP101.VIBRATION_RMS,2.372,mm/s,GOOD
2025-01-01 10:00:00,PUMP101.VIBRATION_RMS,2.632,mm/s,GOOD
2025-01-01 11:00:00,PUMP101.VIBRATION_RMS,2.617,mm/s,GOOD
2025-01-01 12:00:00,PUMP101.VIBRATION_RMS,2.51,mm/s,GOOD
2025-01-01 13:00:00,PUMP101.VIBRATION_RMS,2.669,mm/s,GOOD
2025-01-01 14:00:00,PUMP101.VIBRATION_RMS,2.57,mm/s,GOOD
2025-01-01 15:00:00,PUMP101.VIBRATION_RMS,2.371,mm/s,GOOD
2025-01-01 16:00:00,PUMP101.VIBRATION_RMS,2.555,mm/s,GOOD
2025-01-01 17:00:00,PUMP101.VIBRATION_RMS,2.356,mm/s,BAD
2025-01-01 18:00:00,PUMP101.VIBRATION_RMS,2.632,mm/s,GOOD
2025-01-01 19:00:00,PUMP101.VIBRATION_RMS,2.493,mm/s,GOOD
2025-01-01 20:00:00,PUMP101.VIBRATION_RMS,2.472,mm/s,GOOD
2025-01-01 21:00:00,PUMP101.VIBRATION_RMS,2.398,mm/s,GOOD
2025-01-01 22:00:00,PUMP101.VIBRATION_RMS,2.683,mm/s,GOOD
2025-01-01 23:00:00,PUMP101.VIBRATION_RMS,2.477,mm/s,GOOD
2025-01-02 00:00:00,PUMP101.VIBRATION_RMS,2.436,mm/s,GOOD
2025-01-02 01:00:00,PUMP101.VIBRATION_RMS,2.447,mm/s,GOOD
2025-01-02 02:00:00,PUMP101.VIBRATION_RMS,2.58,mm/s,GOOD
2025-01-02 03:00:00,PUMP101.VIBRATION_RMS,2.555,mm/s,GOOD
2025-01-02 04:00:00,PUMP101.VIBRATION_RMS,2.562,mm/s,GOOD
2025-01-02 05:00:00,PUMP101.VIBRATION_RMS,2.565,mm/s,GOOD
2025-01-02 06:00:00,PUMP101.VIBRATION_RMS,2.821,mm/s,GOOD
2025-01-02 07:00:00,PUMP101.VIBRATION_RMS,2.439,mm/s,GOOD
2025-01-02 08:00:00,PUMP101.VIBRATION_RMS,2.423,mm/s,GOOD
2025-01-02 09:00:00,PUMP101.VIBRATION_RMS,2.378,mm/s,GOOD
2025-01-02 10:00:00,PUMP101.VIBRATION_RMS,2.592,mm/s,GOOD
2025-01-02 11:00:00,PUMP101.VIBRATION_RMS,2.669,mm/s,BAD
2025-01-02 12:00:00,PUMP101.VIBRATION_RMS,2.483,mm/s,GOOD
2025-01-02 13:00:00,PUMP101.VIBRATION_RMS,2.374,mm/s,GOOD
2025-01-02 14:00:00,PUMP101.VIBRATION_RMS,2.376,mm/s,GOOD
2025-01-02 15:00:00,PUMP101.VIBRATION_RMS,2.598,mm/s,GOOD
2025-01-02 16:00:00,PUMP101.VIBRATION_RMS,2.611,mm/s,GOOD
2025-01-02 17:00:00,PUMP101.VIBRATION_RMS,2.581,mm/s,GOOD
2025-01-02 18:00:00,PUMP101.VIBRATION_RMS,2.4,mm/s,GOOD
2025-01-02 19:00:00,PUMP101.VIBRATION_RMS,2.535,mm/s,GOOD
2025-01-02 20:00:00,PUMP101.VIBRATION_RMS,2.518,mm/s,GOOD
2025-01-02 21:00:00,PUMP101.VIBRATION_RMS,2.533,mm/s,GOOD
2025-01-02 22:00:00,PUMP101.VIBRATION_RMS,2.631,mm/s,GOOD
2025-01-02 23:00:00,PUMP101.VIBRATION_RMS,2.534,mm/s,GOOD
2025-01-03 00:00:00,PUMP101.VIBRATION_RMS,2.602,mm/s,GOOD
2025-01-03 01:00:00,PUMP101.VIBRATION_RMS,2.51,mm/s,GOOD
2025-01-03 02:00:00,PUMP101.VIBRATION_RMS,2.543,mm/s,GOOD
2025-01-03 03:00:00,PUMP101.VIBRATION_RMS,2.595,mm/s,GOOD
2025-01-03 04:00:00,PUMP101.VIBRATION_RMS,2.281,mm/s,GOOD
2025-01-03 05:00:00,PUMP101.VIBRATION_RMS,2.452,mm/s,GOOD
2025-01-03 06:00:00,PUMP101.VIBRATION_RMS,2.429,mm/s,GOOD
2025-01-03 07:00:00,PUMP101.VIBRATION_RMS,2.404,mm/s,GOOD
2025-01-03 08:00:00,PUMP101.VIBRATION_RMS,2.459,mm/s,GOOD
2025-01-03 09:00:00,PUMP101.VIBRATION_RMS,2.724,mm/s,GOOD
2025-01-03 10:00:00,PUMP101.VIBRATION_RMS,2.37,mm/s,GOOD
2025-01-03 11:00:00,PUMP101.VIBRATION_RMS,2.645,mm/s,GOOD
2025-01-03 12:00:00,PUMP101.VIBRATION_RMS,2.248,mm/s,GOOD
2025-01-03 13:00:00,PUMP101.VIBRATION_RMS,2.45,mm/s,GOOD
2025-01-03 14:00:00,PUMP101.VIBRATION_RMS,2.524,mm/s,GOOD
2025-01-03 15:00:00,PUMP101.VIBRATION_RMS,2.588,mm/s,GOOD
2025-01-03 16:00:00,PUMP101.VIBRATION_RMS,2.607,mm/s,GOOD
2025-01-03 17:00:00,PUMP101.VIBRATION_RMS,2.619,mm/s,GOOD
2025-01-03 18:00:00,PUMP101.VIBRATION_RMS,2.448,mm/s,GOOD
2025-01-03 19:00:00,PUMP101.VIBRATION_RMS,2.431,mm/s,GOOD
2025-01-03 20:00:00,PUMP101.VIBRATION_RMS,2.629,mm/s,GOOD
2025-01-03 21:00:00,PUMP101.VIBRATION_RMS,2.471,mm/s,GOOD
2025-01-03 22:00:00,PUMP101.VIBRATION_RMS,2.309,mm/s,GOOD
2025-01-03 23:00:00,PUMP101.VIBRATION_RMS,2.33,mm/s,GOOD
2025-01-04 00:00:00,PUMP101.VIBRATION_RMS,2.362,mm/s,GOOD
2025-01-04 01:00:00,PUMP101.VIBRATION_RMS,2.575,mm/s,GOOD
2025-01-04 02:00:00,PUMP101.VIBRATION_RMS,2.521,mm/s,GOOD
2025-01-04 03:00:00,PUMP101.VIBRATION_RMS,2.604,mm/s,GOOD
2025-01-04 04:00:00,PUMP101.VIBRATION_RMS,2.436,mm/s,GOOD
2025-01-04 05:00:00,PUMP101.VIBRATION_RMS,2.524,mm/s,GOOD
2025-01-04 06:00:00,PUMP101.VIBRATION_RMS,2.594,mm/s,GOOD
2025-01-04 07:00:00,PUMP101.VIBRATION_RMS,2.454,mm/s,GOOD
2025-01-04 08:00:00,PUMP101.VIBRATION_RMS,2.569,mm/s,GOOD
2025-01-04 09:00:00,PUMP101.VIBRATION_RMS,2.401,mm/s,GOOD
2025-01-04 10:00:00,PUMP101.VIBRATION_RMS,2.446,mm/s,GOOD
2025-01-04 11:00:00,PUMP101.VIBRATION_RMS,2.443,mm/s,GOOD
2025-01-04 12:00:00,PUMP101.VIBRATION_RMS,2.321,mm/s,GOOD
2025-01-04 13:00:00,PUMP101.VIBRATION_RMS,2.573,mm/s,GOOD
2025-01-04 14:00:00,PUMP101.VIBRATION_RMS,2.43,mm/s,GOOD
2025-01-04 15:00:00,PUMP101.VIBRATION_RMS,2.502,mm/s,GOOD
2025-01-04 16:00:00,PUMP101.VIBRATION_RMS,2.572,mm/s,GOOD
2025-01-04 17:00:00,PUMP101.VIBRATION_RMS,2.567,mm/s,GOOD
2025-01-04 18:00:00,PUMP101.VIBRATION_RMS,2.6,mm/s,GOOD
2025-01-04 19:00:00,PUMP101.VIBRATION_RMS,2.485,mm/s,GOOD
2025-01-04 20:00:00,PUMP101.VIBRATION_RMS,2.437,mm/s,GOOD
2025-01-04 21:00:00,PUMP101.VIBRATION_RMS,2.488,mm/s,GOOD
2025-01-04 22:00:00,PUMP101.VIBRATION_RMS,2.247,mm/s,GOOD
2025-01-04 23:00:00,PUMP101.VIBRATION_RMS,2.283,mm/s,GOOD
2025-01-05 00:00:00,PUMP101.VIBRATION_RMS,2.302,mm/s,GOOD
2025-01-05 01:00:00,PUMP101.VIBRATION_RMS,2.35,mm/s,GOOD
2025-01-05 02:00:00,PUMP101.VIBRATION_RMS,2.56,mm/s,GOOD
2025-01-05 03:00:00,PUMP101.VIBRATION_RMS,2.364,mm/s,GOOD
2025-01-05 04:00:00,PUMP101.VIBRATION_RMS,2.443,mm/s,GOOD
2025-01-05 05:00:00,PUMP101.VIBRATION_RMS,2.695,mm/s,GOOD
2025-01-05 06:00:00,PUMP101.VIBRATION_RMS,2.447,mm/s,GOOD
2025-01-05 07:00:00,PUMP101.VIBRATION_RMS,2.611,mm/s,GOOD
2025-01-05 08:00:00,PUMP101.VIBRATION_RMS,2.36,mm/s,GOOD
2025-01-05 09:00:00,PUMP101.VIBRATION_RMS,2.469,mm/s,GOOD
2025-01-05 10:00:00,PUMP101.VIBRATION_RMS,2.357,mm/s,GOOD
2025-01-05 11:00:00,PUMP101.VIBRATION_RMS,2.449,mm/s,GOOD
2025-01-05 12:00:00,PUMP101.VIBRATION_RMS,2.626,mm/s,GOOD
2025-01-05 13:00:00,PUMP101.VIBRATION_RMS,2.241,mm/s,GOOD
2025-01-05 14:00:00,PUMP101.VIBRATION_RMS,2.565,mm/s,GOOD
2025-01-05 15:00:00,PUMP101.VIBRATION_RMS,2.536,mm/s,GOOD
2025-01-05 16:00:00,PUMP101.VIBRATION_RMS,2.411,mm/s,GOOD
2025-01-05 17:00:00,PUMP101.VIBRATION_RMS,2.283,mm/s,GOOD
2025-01-05 18:00:00,PUMP101.VIBRATION_RMS,2.511,mm/s,GOOD
2025-01-05 19:00:00,PUMP101.VIBRATION_RMS,2.421,mm/s,BAD
2025-01-05 20:00:00,PUMP101.VIBRATION_RMS,2.535,mm/s,GOOD
2025-01-05 21:00:00,PUMP101.VIBRATION_RMS,2.503,mm/s,GOOD
2025-01-05 22:00:00,PUMP101.VIBRATION_RMS,2.74,mm/s,GOOD
2025-01-05 23:00:00,PUMP101.VIBRATION_RMS,2.464,mm/s,GOOD
2025-01-06 00:00:00,PUMP101.VIBRATION_RMS,2.346,mm/s,GOOD
2025-01-06 01:00:00,PUMP101.VIBRATION_RMS,2.527,mm/s,GOOD
2025-01-06 02:00:00,PUMP101.VIBRATION_RMS,2.533,mm/s,GOOD
2025-01-06 03:00:00,PUMP101.VIBRATION_RMS,2.704,mm/s,GOOD
2025-01-06 04:00:00,PUMP101.VIBRATION_RMS,2.625,mm/s,GOOD
2025-01-06 05:00:00,PUMP101.VIBRATION_RMS,2.554,mm/s,GOOD
2025-01-06 06:00:00,PUMP101.VIBRATION_RMS,2.719,mm/s,GOOD
2025-01-06 07:00:00,PUMP101.VIBRATION_RMS,2.322,mm/s,GOOD
2025-01-06 08:00:00,PUMP101.VIBRATION_RMS,2.404,mm/s,GOOD
2025-01-06 09:00:00,PUMP101.VIBRATION_RMS,2.361,mm/s,GOOD
2025-01-06 10:00:00,PUMP101.VIBRATION_RMS,2.442,mm/s,GOOD
2025-01-06 11:00:00,PUMP101.VIBRATION_RMS,2.293,mm/s,GOOD
2025-01-06 12:00:00,PUMP101.VIBRATION_RMS,2.595,mm/s,GOOD
2025-01-06 13:00:00,PUMP101.VIBRATION_RMS,2.467,mm/s,GOOD
2025-01-06 14:00:00,PUMP101.VIBRATION_RMS,2.279,mm/s,GOOD
2025-01-06 15:00:00,PUMP101.VIBRATION_RMS,2.348,mm/s,GOOD
2025-01-06 16:00:00,PUMP101.VIBRATION_RMS,2.547,mm/s,GOOD
2025-01-06 17:00:00,PUMP101.VIBRATION_RMS,2.626,mm/s,GOOD
2025-01-06 18:00:00,PUMP101.VIBRATION_RMS,2.8,mm/s,GOOD
2025-01-06 19:00:00,PUMP101.VIBRATION_RMS,2.937,mm/s,GOOD
2025-01-06 20:00:00,PUMP101.VIBRATION_RMS,2.562,mm/s,GOOD
2025-01-06 21:00:00,PUMP101.VIBRATION_RMS,2.352,mm/s,GOOD
2025-01-06 22:00:00,PUMP101.VIBRATION_RMS,2.18,mm/s,GOOD
2025-01-06 23:00:00,PUMP101.VIBRATION_RMS,2.54,mm/s,GOOD
2025-01-07 00:00:00,PUMP101.VIBRATION_RMS,2.378,mm/s,GOOD
2025-01-07 01:00:00,PUMP101.VIBRATION_RMS,2.438,mm/s,GOOD
2025-01-07 02:00:00,PUMP101.VIBRATION_RMS,2.408,mm/s,GOOD
2025-01-07 03:00:00,PUMP101.VIBRATION_RMS,2.479,mm/s,GOOD
2025-01-07 04:00:00,PUMP101.VIBRATION_RMS,2.66,mm/s,BAD
2025-01-07 05:00:00,PUMP101.VIBRATION_RMS,2.524,mm/s,GOOD
2025-01-07 06:00:00,PUMP101.VIBRATION_RMS,2.476,mm/s,GOOD
2025-01-07 07:00:00,PUMP101.VIBRATION_RMS,2.345,mm/s,GOOD
2025-01-07 08:00:00,PUMP101.VIBRATION_RMS,2.249,mm/s,GOOD
2025-01-07 09:00:00,PUMP101.VIBRATION_RMS,2.427,mm/s,GOOD
2025-01-07 10:00:00,PUMP101.VIBRATION_RMS,2.492,mm/s,GOOD
2025-01-07 11:00:00,PUMP101.VIBRATION_RMS,2.765,mm/s,GOOD
2025-01-07 12:00:00,PUMP101.VIBRATION_RMS,2.52,mm/s,GOOD
2025-01-07 13:00:00,PUMP101.VIBRATION_RMS,2.647,mm/s,GOOD
2025-01-07 14:00:00,PUMP101.VIBRATION_RMS,2.425,mm/s,GOOD
2025-01-07 15:00:00,PUMP101.VIBRATION_RMS,2.322,mm/s,GOOD
2025-01-07 16:00:00,PUMP101.VIBRATION_RMS,2.355,mm/s,GOOD
2025-01-07 17:00:00,PUMP101.VIBRATION_RMS,2.391,mm/s,GOOD
2025-01-07 18:00:00,PUMP101.VIBRATION_RMS,2.819,mm/s,GOOD
2025-01-07 19:00:00,PUMP101.VIBRATION_RMS,2.377,mm/s,GOOD
2025-01-07 20:00:00,PUMP101.VIBRATION_RMS,2.626,mm/s,GOOD
2025-01-07 21:00:00,PUMP101.VIBRATION_RMS,2.365,mm/s,GOOD
2025-01-07 22:00:00,PUMP101.VIBRATION_RMS,2.64,mm/s,GOOD
2025-01-07 23:00:00,PUMP101.VIBRATION_RMS,2.558,mm/s,GOOD
2025-01-08 00:00:00,PUMP101.VIBRATION_RMS,2.477,mm/s,GOOD
2025-01-08 01:00:00,PUMP101.VIBRATION_RMS,2.494,mm/s,GOOD
2025-01-08 02:00:00,PUMP101.VIBRATION_RMS,2.402,mm/s,GOOD
2025-01-08 03:00:00,PUMP101.VIBRATION_RMS,2.567,mm/s,GOOD
2025-01-08 04:00:00,PUMP101.VIBRATION_RMS,2.432,mm/s,GOOD
2025-01-08 05:00:00,PUMP101.VIBRATION_RMS,2.316,mm/s,GOOD
2025-01-08 06:00:00,PUMP101.VIBRATION_RMS,2.308,mm/s,GOOD
2025-01-08 07:00:00,PUMP101.VIBRATION_RMS,2.526,mm/s,GOOD
2025-01-08 08:00:00,PUMP101.VIBRATION_RMS,2.737,mm/s,GOOD
2025-01-08 09:00:00,PUMP101.VIBRATION_RMS,2.524,mm/s,GOOD
2025-01-08 10:00:00,PUMP101.VIBRATION_RMS,2.482,mm/s,GOOD
2025-01-08 11:00:00,PUMP101.VIBRATION_RMS,2.543,mm/s,GOOD
2025-01-08 12:00:00,PUMP101.VIBRATION_RMS,2.696,mm/s,GOOD
2025-01-08 13:00:00,PUMP101.VIBRATION_RMS,2.533,mm/s,GOOD
2025-01-08 14:00:00,PUMP101.VIBRATION_RMS,2.438,mm/s,GOOD
2025-01-08 15:00:00,PUMP101.VIBRATION_RMS,2.666,mm/s,GOOD
2025-01-08 16:00:00,PUMP101.VIBRATION_RMS,2.564,mm/s,GOOD
2025-01-08 17:00:00,PUMP101.VIBRATION_RMS,2.73,mm/s,GOOD
2025-01-08 18:00:00,PUMP101.VIBRATION_RMS,2.527,mm/s,GOOD
2025-01-08 19:00:00,PUMP101.VIBRATION_RMS,2.316,mm/s,GOOD
2025-01-08 20:00:00,PUMP101.VIBRATION_RMS,2.295,mm/s,GOOD
2025-01-08 21:00:00,PUMP101.VIBRATION_RMS,2.748,mm/s,GOOD
2025-01-08 22:00:00,PUMP101.VIBRATION_RMS,2.759,mm/s,GOOD
2025-01-08 23:00:00,PUMP101.VIBRATION_RMS,2.473,mm/s,GOOD
2025-01-09 00:00:00,PUMP101.VIBRATION_RMS,2.443,mm/s,GOOD
2025-01-09 01:00:00,PUMP101.VIBRATION_RMS,2.719,mm/s,GOOD
2025-01-09 02:00:00,PUMP101.VIBRATION_RMS,2.334,mm/s,GOOD
2025-01-09 03:00:00,PUMP101.VIBRATION_RMS,2.366,mm/s,GOOD
2025-01-09 04:00:00,PUMP101.VIBRATION_RMS,2.596,mm/s,GOOD
2025-01-09 05:00:00,PUMP101.VIBRATION_RMS,2.441,mm/s,GOOD
2025-01-09 06:00:00,PUMP101.VIBRATION_RMS,2.499,mm/s,GOOD
2025-01-09 07:00:00,PUMP101.VIBRATION_RMS,2.475,mm/s,GOOD
2025-01-09 08:00:00,PUMP101.VIBRATION_RMS,2.551,mm/s,GOOD
2025-01-09 09:00:00,PUMP101.VIBRATION_RMS,2.711,mm/s,GOOD
2025-01-09 10:00:00,PUMP101.VIBRATION_RMS,2.514,mm/s,GOOD
2025-01-09 11:00:00,PUMP101.VIBRATION_RMS,2.597,mm/s,GOOD
2025-01-09 12:00:00,PUMP101.VIBRATION_RMS,2.192,mm/s,GOOD
2025-01-09 13:00:00,PUMP101.VIBRATION_RMS,2.493,mm/s,GOOD
2025-01-09 14:00:00,PUMP101.VIBRATION_RMS,2.374,mm/s,GOOD
2025-01-09 15:00:00,PUMP101.VIBRATION_RMS,2.317,mm/s,GOOD
2025-01-09 16:00:00,PUMP101.VIBRATION_RMS,2.368,mm/s,GOOD
2025-01-09 17:00:00,PUMP101.VIBRATION_RMS,2.45,mm/s,GOOD
2025-01-09 18:00:00,PUMP101.VIBRATION_RMS,2.637,mm/s,GOOD
2025-01-09 19:00:00,PUMP101.VIBRATION_RMS,2.301,mm/s,GOOD
2025-01-09 20:00:00,PUMP101.VIBRATION_RMS,2.505,mm/s,GOOD
2025-01-09 21:00:00,PUMP101.VIBRATION_RMS,2.427,mm/s,GOOD
2025-01-09 22:00:00,PUMP101.VIBRATION_RMS,2.451,mm/s,GOOD
2025-01-09 23:00:00,PUMP101.VIBRATION_RMS,2.65,mm/s,GOOD
2025-01-10 00:00:00,PUMP101.VIBRATION_RMS,2.581,mm/s,GOOD
2025-01-10 01:00:00,PUMP101.VIBRATION_RMS,2.701,mm/s,GOOD
2025-01-10 02:00:00,PUMP101.VIBRATION_RMS,2.477,mm/s,GOOD
2025-01-10 03:00:00,PUMP101.VIBRATION_RMS,2.396,mm/s,GOOD
2025-01-10 04:00:00,PUMP101.VIBRATION_RMS,2.466,mm/s,GOOD
2025-01-10 05:00:00,PUMP101.VIBRATION_RMS,2.536,mm/s,GOOD
2025-01-10 06:00:00,PUMP101.VIBRATION_RMS,2.526,mm/s,GOOD
2025-01-10 07:00:00,PUMP101.VIBRATION_RMS,2.337,mm/s,GOOD
2025-01-10 08:00:00,PUMP101.VIBRATION_RMS,2.514,mm/s,GOOD
2025-01-10 09:00:00,PUMP101.VIBRATION_RMS,2.534,mm/s,GOOD
2025-01-10 10:00:00,PUMP101.VIBRATION_RMS,2.878,mm/s,GOOD
2025-01-10 11:00:00,PUMP101.VIBRATION_RMS,2.782,mm/s,GOOD
2025-01-10 12:00:00,PUMP101.VIBRATION_RMS,2.372,mm/s,BAD
2025-01-10 13:00:00,PUMP101.VIBRATION_RMS,2.457,mm/s,GOOD
2025-01-10 14:00:00,PUMP101.VIBRATION_RMS,2.28,mm/s,GOOD
2025-01-10 15:00:00,PUMP101.VIBRATION_RMS,2.411,mm/s,GOOD
2025-01-10 16:00:00,PUMP101.VIBRATION_RMS,2.547,mm/s,GOOD
2025-01-10 17:00:00,PUMP101.VIBRATION_RMS,2.681,mm/s,GOOD
2025-01-10 18:00:00,PUMP101.VIBRATION_RMS,2.391,mm/s,GOOD
2025-01-10 19:00:00,PUMP101.VIBRATION_RMS,2.402,mm/s,GOOD
2025-01-10 20:00:00,PUMP101.VIBRATION_RMS,2.178,mm/s,GOOD
2025-01-10 21:00:00,PUMP101.VIBRATION_RMS,2.476,mm/s,GOOD
2025-01-10 22:00:00,PUMP101.VIBRATION_RMS,2.341,mm/s,GOOD
2025-01-10 23:00:00,PUMP101.VIBRATION_RMS,2.421,mm/s,GOOD
2025-01-11 00:00:00,PUMP101.VIBRATION_RMS,2.368,mm/s,GOOD
2025-01-11 01:00:00,PUMP101.VIBRATION_RMS,2.486,mm/s,GOOD
2025-01-11 02:00:00,PUMP101.VIBRATION_RMS,2.236,mm/s,GOOD
2025-01-11 03:00:00,PUMP101.VIBRATION_RMS,2.28,mm/s,GOOD
2025-01-11 04:00:00,PUMP101.VIBRATION_RMS,2.819,mm/s,GOOD
2025-01-11 05:00:00,PUMP101.VIBRATION_RMS,2.307,mm/s,GOOD
2025-01-11 06:00:00,PUMP101.VIBRATION_RMS,2.335,mm/s,GOOD
2025-01-11 07:00:00,PUMP101.VIBRATION_RMS,2.776,mm/s,GOOD
2025-01-11 08:00:00,PUMP101.VIBRATION_RMS,2.936,mm/s,GOOD
2025-01-11 09:00:00,PUMP101.VIBRATION_RMS,2.324,mm/s,GOOD
2025-01-11 10:00:00,PUMP101.VIBRATION_RMS,2.445,mm/s,GOOD
2025-01-11 11:00:00,PUMP101.VIBRATION_RMS,2.551,mm/s,GOOD
2025-01-11 12:00:00,PUMP101.VIBRATION_RMS,2.759,mm/s,GOOD
2025-01-11 13:00:00,PUMP101.VIBRATION_RMS,2.352,mm/s,GOOD
2025-01-11 14:00:00,PUMP101.VIBRATION_RMS,2.463,mm/s,GOOD
2025-01-11 15:00:00,PUMP101.VIBRATION_RMS,2.617,mm/s,GOOD
2025-01-11 16:00:00,PUMP101.VIBRATION_RMS,2.565,mm/s,BAD
2025-01-11 17:00:00,PUMP101.VIBRATION_RMS,2.444,mm/s,GOOD
2025-01-11 18:00:00,PUMP101.VIBRATION_RMS,2.48,mm/s,GOOD
2025-01-11 19:00:00,PUMP101.VIBRATION_RMS,2.294,mm/s,GOOD
2025-01-11 20:00:00,PUMP101.VIBRATION_RMS,2.464,mm/s,GOOD
2025-01-11 21:00:00,PUMP101.VIBRATION_RMS,2.46,mm/s,GOOD
2025-01-11 22:00:00,PUMP101.VIBRATION_RMS,2.535,mm/s,GOOD
2025-01-11 23:00:00,PUMP101.VIBRATION_RMS,2.417,mm/s,GOOD
2025-01-12 00:00:00,PUMP101.VIBRATION_RMS,2.571,mm/s,GOOD
2025-01-12 01:00:00,PUMP101.VIBRATION_RMS,2.652,mm/s,GOOD
2025-01-12 02:00:00,PUMP101.VIBRATION_RMS,2.523,mm/s,GOOD
2025-01-12 03:00:00,PUMP101.VIBRATION_RMS,2.553,mm/s,GOOD
2025-01-12 04:00:00,PUMP101.VIBRATION_RMS,2.508,mm/s,GOOD
2025-01-12 05:00:00,PUMP101.VIBRATION_RMS,2.5,mm/s,GOOD
2025-01-12 06:00:00,PUMP101.VIBRATION_RMS,2.392,mm/s,GOOD
2025-01-12 07:00:00,PUMP101.VIBRATION_RMS,2.547,mm/s,GOOD
2025-01-12 08:00:00,PUMP101.VIBRATION_RMS,2.485,mm/s,GOOD
2025-01-12 09:00:00,PUMP101.VIBRATION_RMS,2.814,mm/s,GOOD
2025-01-12 10:00:00,PUMP101.VIBRATION_RMS,2.736,mm/s,GOOD
2025-01-12 11:00:00,PUMP101.VIBRATION_RMS,2.558,mm/s,GOOD
2025-01-12 12:00:00,PUMP101.VIBRATION_RMS,2.386,mm/s,GOOD
2025-01-12 13:00:00,PUMP101.VIBRATION_RMS,2.333,mm/s,GOOD
2025-01-12 14:00:00,PUMP101.VIBRATION_RMS,2.679,mm/s,GOOD
2025-01-12 15:00:00,PUMP101.VIBRATION_RMS,2.539,mm/s,GOOD
2025-01-12 16:00:00,PUMP101.VIBRATION_RMS,2.572,mm/s,GOOD
2025-01-12 17:00:00,PUMP101.VIBRATION_RMS,2.238,mm/s,GOOD
2025-01-12 18:00:00,PUMP101.VIBRATION_RMS,2.639,mm/s,GOOD
2025-01-12 19:00:00,PUMP101.VIBRATION_RMS,2.568,mm/s,GOOD
2025-01-12 20:00:00,PUMP101.VIBRATION_RMS,2.333,mm/s,BAD
2025-01-12 21:00:00,PUMP101.VIBRATION_RMS,2.429,mm/s,GOOD
2025-01-12 22:00:00,PUMP101.VIBRATION_RMS,2.54,mm/s,GOOD
2025-01-12 23:00:00,PUMP101.VIBRATION_RMS,2.508,mm/s,GOOD
2025-01-13 00:00:00,PUMP101.VIBRATION_RMS,2.456,mm/s,GOOD
2025-01-13 01:00:00,PUMP101.VIBRATION_RMS,2.484,mm/s,GOOD
2025-01-13 02:00:00,PUMP101.VIBRATION_RMS,2.462,mm/s,GOOD
2025-01-13 03:00:00,PUMP101.VIBRATION_RMS,2.523,mm/s,GOOD
2025-01-13 04:00:00,PUMP101.VIBRATION_RMS,2.721,mm/s,GOOD
2025-01-13 05:00:00,PUMP101.VIBRATION_RMS,2.115,mm/s,GOOD
2025-01-13 06:00:00,PUMP101.VIBRATION_RMS,2.464,mm/s,GOOD
2025-01-13 07:00:00,PUMP101.VIBRATION_RMS,2.526,mm/s,BAD
2025-01-13 08:00:00,PUMP101.VIBRATION_RMS,2.544,mm/s,GOOD
2025-01-13 09:00:00,PUMP101.VIBRATION_RMS,2.444,mm/s,GOOD
2025-01-13 10:00:00,PUMP101.VIBRATION_RMS,2.236,mm/s,GOOD
2025-01-13 11:00:00,PUMP101.VIBRATION_RMS,2.549,mm/s,GOOD
2025-01-13 12:00:00,PUMP101.VIBRATION_RMS,2.759,mm/s,GOOD
2025-01-13 13:00:00,PUMP101.VIBRATION_RMS,2.27,mm/s,GOOD
2025-01-13 14:00:00,PUMP101.VIBRATION_RMS,2.63,mm/s,GOOD
2025-01-13 15:00:00,PUMP101.VIBRATION_RMS,2.451,mm/s,GOOD
2025-01-13 16:00:00,PUMP101.VIBRATION_RMS,2.491,mm/s,GOOD
2025-01-13 17:00:00,PUMP101.VIBRATION_RMS,2.342,mm/s,GOOD
2025-01-13 18:00:00,PUMP101.VIBRATION_RMS,2.45,mm/s,GOOD
2025-01-13 19:00:00,PUMP101.VIBRATION_RMS,2.695,mm/s,GOOD
2025-01-13 20:00:00,PUMP101.VIBRATION_RMS,2.587,mm/s,GOOD
2025-01-13 21:00:00,PUMP101.VIBRATION_RMS,2.76,mm/s,GOOD
2025-01-13 22:00:00,PUMP101.VIBRATION_RMS,2.677,mm/s,GOOD
2025-01-13 23:00:00,PUMP101.VIBRATION_RMS,2.566,mm/s,GOOD
2025-01-14 00:00:00,PUMP101.VIBRATION_RMS,2.762,mm/s,GOOD
2025-01-14 01:00:00,PUMP101.VIBRATION_RMS,2.566,mm/s,GOOD
2025-01-14 02:00:00,PUMP101.VIBRATION_RMS,2.624,mm/s,GOOD
2025-01-14 03:00:00,PUMP101.VIBRATION_RMS,2.456,mm/s,GOOD
2025-01-14 04:00:00,PUMP101.VIBRATION_RMS,2.51,mm/s,GOOD
2025-01-14 05:00:00,PUMP101.VIBRATION_RMS,2.395,mm/s,GOOD
2025-01-14 06:00:00,PUMP101.VIBRATION_RMS,2.648,mm/s,GOOD
2025-01-14 07:00:00,PUMP101.VIBRATION_RMS,2.323,mm/s,GOOD
2025-01-14 08:00:00,PUMP101.VIBRATION_RMS,2.617,mm/s,GOOD
2025-01-14 09:00:00,PUMP101.VIBRATION_RMS,2.471,mm/s,GOOD
2025-01-14 10:00:00,PUMP101.VIBRATION_RMS,2.676,mm/s,GOOD
2025-01-14 11:00:00,PUMP101.VIBRATION_RMS,2.613,mm/s,GOOD
2025-01-14 12:00:00,PUMP101.VIBRATION_RMS,2.773,mm/s,GOOD
2025-01-14 13:00:00,PUMP101.VIBRATION_RMS,2.61,mm/s,GOOD
2025-01-14 14:00:00,PUMP101.VIBRATION_RMS,2.264,mm/s,GOOD
2025-01-14 15:00:00,PUMP101.VIBRATION_RMS,2.49,mm/s,GOOD
2025-01-14 16:00:00,PUMP101.VIBRATION_RMS,2.324,mm/s,GOOD
2025-01-14 17:00:00,PUMP101.VIBRATION_RMS,2.422,mm/s,GOOD
2025-01-14 18:00:00,PUMP101.VIBRATION_RMS,2.727,mm/s,GOOD
2025-01-14 19:00:00,PUMP101.VIBRATION_RMS,2.596,mm/s,GOOD
2025-01-14 20:00:00,PUMP101.VIBRATION_RMS,2.395,mm/s,GOOD
2025-01-14 21:00:00,PUMP101.VIBRATION_RMS,2.348,mm/s,GOOD
2025-01-14 22:00:00,PUMP101.VIBRATION_RMS,2.505,mm/s,GOOD
2025-01-14 23:00:00,PUMP101.VIBRATION_RMS,2.318,mm/s,GOOD
2025-01-15 00:00:00,PUMP101.VIBRATION_RMS,2.399,mm/s,GOOD
2025-01-15 01:00:00,PUMP101.VIBRATION_RMS,2.547,mm/s,GOOD
2025-01-15 02:00:00,PUMP101.VIBRATION_RMS,2.673,mm/s,GOOD
2025-01-15 03:00:00,PUMP101.VIBRATION_RMS,2.591,mm/s,GOOD
2025-01-15 04:00:00,PUMP101.VIBRATION_RMS,2.156,mm/s,GOOD
2025-01-15 05:00:00,PUMP101.VIBRATION_RMS,2.546,mm/s,GOOD
2025-01-15 06:00:00,PUMP101.VIBRATION_RMS,2.511,mm/s,GOOD
2025-01-15 07:00:00,PUMP101.VIBRATION_RMS,2.562,mm/s,GOOD
2025-01-15 08:00:00,PUMP101.VIBRATION_RMS,2.742,mm/s,GOOD
2025-01-15 09:00:00,PUMP101.VIBRATION_RMS,2.191,mm/s,GOOD
2025-01-15 10:00:00,PUMP101.VIBRATION_RMS,2.411,mm/s,GOOD
2025-01-15 11:00:00,PUMP101.VIBRATION_RMS,2.589,mm/s,GOOD
2025-01-15 12:00:00,PUMP101.VIBRATION_RMS,2.263,mm/s,GOOD
2025-01-15 13:00:00,PUMP101.VIBRATION_RMS,2.721,mm/s,GOOD
2025-01-15 14:00:00,PUMP101.VIBRATION_RMS,2.555,mm/s,GOOD
2025-01-15 15:00:00,PUMP101.VIBRATION_RMS,2.627,mm/s,GOOD
2025-01-15 16:00:00,PUMP101.VIBRATION_RMS,2.414,mm/s,GOOD
2025-01-15 17:00:00,PUMP101.VIBRATION_RMS,2.622,mm/s,GOOD
2025-01-15 18:00:00,PUMP101.VIBRATION_RMS,2.66,mm/s,GOOD
2025-01-15 19:00:00,PUMP101.VIBRATION_RMS,2.535,mm/s,GOOD
2025-01-15 20:00:00,PUMP101.VIBRATION_RMS,2.535,mm/s,GOOD
2025-01-15 21:00:00,PUMP101.VIBRATION_RMS,2.541,mm/s,GOOD
2025-01-15 22:00:00,PUMP101.VIBRATION_RMS,2.37,mm/s,GOOD
2025-01-15 23:00:00,PUMP101.VIBRATION_RMS,2.478,mm/s,GOOD
2025-01-16 00:00:00,PUMP101.VIBRATION_RMS,2.477,mm/s,GOOD
2025-01-16 01:00:00,PUMP101.VIBRATION_RMS,2.558,mm/s,GOOD
2025-01-16 02:00:00,PUMP101.VIBRATION_RMS,2.65,mm/s,GOOD
2025-01-16 03:00:00,PUMP101.VIBRATION_RMS,2.341,mm/s,GOOD
2025-01-16 04:00:00,PUMP101.VIBRATION_RMS,2.481,mm/s,GOOD
2025-01-16 05:00:00,PUMP101.VIBRATION_RMS,2.722,mm/s,GOOD
2025-01-16 06:00:00,PUMP101.VIBRATION_RMS,2.388,mm/s,GOOD
2025-01-16 07:00:00,PUMP101.VIBRATION_RMS,2.377,mm/s,GOOD
2025-01-16 08:00:00,PUMP101.VIBRATION_RMS,2.53,mm/s,GOOD
2025-01-16 09:00:00,PUMP101.VIBRATION_RMS,2.627,mm/s,GOOD
2025-01-16 10:00:00,PUMP101.VIBRATION_RMS,2.502,mm/s,GOOD
2025-01-16 11:00:00,PUMP101.VIBRATION_RMS,2.699,mm/s,GOOD
2025-01-16 12:00:00,PUMP101.VIBRATION_RMS,2.629,mm/s,GOOD
2025-01-16 13:00:00,PUMP101.VIBRATION_RMS,2.626,mm/s,GOOD
2025-01-16 14:00:00,PUMP101.VIBRATION_RMS,2.583,mm/s,GOOD
2025-01-16 15:00:00,PUMP101.VIBRATION_RMS,2.849,mm/s,GOOD
2025-01-16 16:00:00,PUMP101.VIBRATION_RMS,2.469,mm/s,GOOD
2025-01-16 17:00:00,PUMP101.VIBRATION_RMS,2.199,mm/s,GOOD
2025-01-16 18:00:00,PUMP101.VIBRATION_RMS,2.741,mm/s,GOOD
2025-01-16 19:00:00,PUMP101.VIBRATION_RMS,2.431,mm/s,GOOD
2025-01-16 20:00:00,PUMP101.VIBRATION_RMS,2.516,mm/s,GOOD
2025-01-16 21:00:00,PUMP101.VIBRATION_RMS,2.696,mm/s,GOOD
2025-01-16 22:00:00,PUMP101.VIBRATION_RMS,2.26,mm/s,GOOD
2025-01-16 23:00:00,PUMP101.VIBRATION_RMS,2.312,mm/s,GOOD
2025-01-17 00:00:00,PUMP101.VIBRATION_RMS,2.26,mm/s,GOOD
2025-01-17 01:00:00,PUMP101.VIBRATION_RMS,2.381,mm/s,GOOD
2025-01-17 02:00:00,PUMP101.VIBRATION_RMS,2.566,mm/s,GOOD
2025-01-17 03:00:00,PUMP101.VIBRATION_RMS,2.579,mm/s,GOOD
2025-01-17 04:00:00,PUMP101.VIBRATION_RMS,2.541,mm/s,GOOD
2025-01-17 05:00:00,PUMP101.VIBRATION_RMS,2.288,mm/s,GOOD
2025-01-17 06:00:00,PUMP101.VIBRATION_RMS,2.153,mm/s,GOOD
2025-01-17 07:00:00,PUMP101.VIBRATION_RMS,2.508,mm/s,GOOD
2025-01-17 08:00:00,PUMP101.VIBRATION_RMS,2.429,mm/s,GOOD
2025-01-17 09:00:00,PUMP101.VIBRATION_RMS,2.569,mm/s,GOOD
2025-01-17 10:00:00,PUMP101.VIBRATION_RMS,2.605,mm/s,GOOD
2025-01-17 11:00:00,PUMP101.VIBRATION_RMS,2.521,mm/s,GOOD
2025-01-17 12:00:00,PUMP101.VIBRATION_RMS,2.614,mm/s,GOOD
2025-01-17 13:00:00,PUMP101.VIBRATION_RMS,2.534,mm/s,GOOD
2025-01-17 14:00:00,PUMP101.VIBRATION_RMS,2.58,mm/s,BAD
2025-01-17 15:00:00,PUMP101.VIBRATION_RMS,2.394,mm/s,GOOD
2025-01-17 16:00:00,PUMP101.VIBRATION_RMS,2.473,mm/s,GOOD
2025-01-17 17:00:00,PUMP101.VIBRATION_RMS,2.53,mm/s,GOOD
2025-01-17 18:00:00,PUMP101.VIBRATION_RMS,2.623,mm/s,GOOD
2025-01-17 19:00:00,PUMP101.VIBRATION_RMS,2.441,mm/s,GOOD
2025-01-17 20:00:00,PUMP101.VIBRATION_RMS,2.578,mm/s,GOOD
2025-01-17 21:00:00,PUMP101.VIBRATION_RMS,2.46,mm/s,GOOD
2025-01-17 22:00:00,PUMP101.VIBRATION_RMS,2.482,mm/s,GOOD
2025-01-17 23:00:00,PUMP101.VIBRATION_RMS,2.624,mm/s,GOOD
2025-01-18 00:00:00,PUMP101.VIBRATION_RMS,2.201,mm/s,GOOD
2025-01-18 01:00:00,PUMP101.VIBRATION_RMS,2.306,mm/s,GOOD
2025-01-18 02:00:00,PUMP101.VIBRATION_RMS,2.278,mm/s,GOOD
2025-01-18 03:00:00,PUMP101.VIBRATION_RMS,2.15,mm/s,GOOD
2025-01-18 04:00:00,PUMP101.VIBRATION_RMS,2.398,mm/s,GOOD
2025-01-18 05:00:00,PUMP101.VIBRATION_RMS,2.612,mm/s,GOOD
2025-01-18 06:00:00,PUMP101.VIBRATION_RMS,2.457,mm/s,GOOD
2025-01-18 07:00:00,PUMP101.VIBRATION_RMS,2.53,mm/s,GOOD
2025-01-18 08:00:00,PUMP101.VIBRATION_RMS,2.663,mm/s,GOOD
2025-01-18 09:00:00,PUMP101.VIBRATION_RMS,2.699,mm/s,GOOD
2025-01-18 10:00:00,PUMP101.VIBRATION_RMS,2.49,mm/s,GOOD
2025-01-18 11:00:00,PUMP101.VIBRATION_RMS,2.703,mm/s,GOOD
2025-01-18 12:00:00,PUMP101.VIBRATION_RMS,2.514,mm/s,GOOD
2025-01-18 13:00:00,PUMP101.VIBRATION_RMS,2.374,mm/s,GOOD
2025-01-18 14:00:00,PUMP101.VIBRATION_RMS,2.411,mm/s,GOOD
2025-01-18 15:00:00,PUMP101.VIBRATION_RMS,2.278,mm/s,GOOD
2025-01-18 16:00:00,PUMP101.VIBRATION_RMS,2.367,mm/s,GOOD
2025-01-18 17:00:00,PUMP101.VIBRATION_RMS,2.446,mm/s,GOOD
2025-01-18 18:00:00,PUMP101.VIBRATION_RMS,2.621,mm/s,GOOD
2025-01-18 19:00:00,PUMP101.VIBRATION_RMS,2.758,mm/s,GOOD
2025-01-18 20:00:00,PUMP101.VIBRATION_RMS,2.293,mm/s,GOOD
2025-01-18 21:00:00,PUMP101.VIBRATION_RMS,2.559,mm/s,GOOD
2025-01-18 22:00:00,PUMP101.VIBRATION_RMS,2.344,mm/s,GOOD
2025-01-18 23:00:00,PUMP101.VIBRATION_RMS,2.571,mm/s,GOOD
2025-01-19 00:00:00,PUMP101.VIBRATION_RMS,2.48,mm/s,GOOD
2025-01-19 01:00:00,PUMP101.VIBRATION_RMS,2.225,mm/s,GOOD
2025-01-19 02:00:00,PUMP101.VIBRATION_RMS,2.639,mm/s,GOOD
2025-01-19 03:00:00,PUMP101.VIBRATION_RMS,2.409,mm/s,GOOD
2025-01-19 04:00:00,PUMP101.VIBRATION_RMS,2.42,mm/s,GOOD
2025-01-19 05:00:00,PUMP101.VIBRATION_RMS,2.34,mm/s,GOOD
2025-01-19 06:00:00,PUMP101.VIBRATION_RMS,2.402,mm/s,GOOD
2025-01-19 07:00:00,PUMP101.VIBRATION_RMS,2.564,mm/s,GOOD
2025-01-19 08:00:00,PUMP101.VIBRATION_RMS,2.472,mm/s,GOOD
2025-01-19 09:00:00,PUMP101.VIBRATION_RMS,2.549,mm/s,GOOD
2025-01-19 10:00:00,PUMP101.VIBRATION_RMS,2.554,mm/s,GOOD
2025-01-19 11:00:00,PUMP101.VIBRATION_RMS,2.698,mm/s,GOOD
2025-01-19 12:00:00,PUMP101.VIBRATION_RMS,2.449,mm/s,GOOD
2025-01-19 13:00:00,PUMP101.VIBRATION_RMS,2.278,mm/s,GOOD
2025-01-19 14:00:00,PUMP101.VIBRATION_RMS,2.66,mm/s,GOOD
2025-01-19 15:00:00,PUMP101.VIBRATION_RMS,2.45,mm/s,GOOD
2025-01-19 16:00:00,PUMP101.VIBRATION_RMS,2.667,mm/s,GOOD
2025-01-19 17:00:00,PUMP101.VIBRATION_RMS,2.558,mm/s,GOOD
2025-01-19 18:00:00,PUMP101.VIBRATION_RMS,2.48,mm/s,GOOD
2025-01-19 19:00:00,PUMP101.VIBRATION_RMS,2.552,mm/s,GOOD
2025-01-19 20:00:00,PUMP101.VIBRATION_RMS,2.793,mm/s,GOOD
2025-01-19 21:00:00,PUMP101.VIBRATION_RMS,2.812,mm/s,GOOD
2025-01-19 22:00:00,PUMP101.VIBRATION_RMS,2.51,mm/s,BAD
2025-01-19 23:00:00,PUMP101.VIBRATION_RMS,2.524,mm/s,GOOD
2025-01-20 00:00:00,PUMP101.VIBRATION_RMS,2.661,mm/s,GOOD
2025-01-20 01:00:00,PUMP101.VIBRATION_RMS,2.373,mm/s,GOOD
2025-01-20 02:00:00,PUMP101.VIBRATION_RMS,2.55,mm/s,GOOD
2025-01-20 03:00:00,PUMP101.VIBRATION_RMS,2.496,mm/s,GOOD
2025-01-20 04:00:00,PUMP101.VIBRATION_RMS,2.547,mm/s,GOOD
2025-01-20 05:00:00,PUMP101.VIBRATION_RMS,2.375,mm/s,GOOD
2025-01-20 06:00:00,PUMP101.VIBRATION_RMS,2.262,mm/s,GOOD
2025-01-20 07:00:00,PUMP101.VIBRATION_RMS,2.189,mm/s,GOOD
2025-01-20 08:00:00,PUMP101.VIBRATION_RMS,2.332,mm/s,GOOD
2025-01-20 09:00:00,PUMP101.VIBRATION_RMS,2.431,mm/s,GOOD
2025-01-20 10:00:00,PUMP101.VIBRATION_RMS,2.456,mm/s,GOOD
2025-01-20 11:00:00,PUMP101.VIBRATION_RMS,2.791,mm/s,GOOD
2025-01-20 12:00:00,PUMP101.VIBRATION_RMS,2.666,mm/s,GOOD
2025-01-20 13:00:00,PUMP101.VIBRATION_RMS,2.356,mm/s,GOOD
2025-01-20 14:00:00,PUMP101.VIBRATION_RMS,2.552,mm/s,GOOD
2025-01-20 15:00:00,PUMP101.VIBRATION_RMS,2.439,mm/s,GOOD
2025-01-20 16:00:00,PUMP101.VIBRATION_RMS,2.457,mm/s,GOOD
2025-01-20 17:00:00,PUMP101.VIBRATION_RMS,2.528,mm/s,GOOD
2025-01-20 18:00:00,PUMP101.VIBRATION_RMS,2.593,mm/s,GOOD
2025-01-20 19:00:00,PUMP101.VIBRATION_RMS,2.449,mm/s,GOOD
2025-01-20 20:00:00,PUMP101.VIBRATION_RMS,2.66,mm/s,GOOD
2025-01-20 21:00:00,PUMP101.VIBRATION_RMS,2.329,mm/s,GOOD
2025-01-20 22:00:00,PUMP101.VIBRATION_RMS,2.501,mm/s,GOOD
2025-01-20 23:00:00,PUMP101.VIBRATION_RMS,2.89,mm/s,GOOD
2025-01-21 00:00:00,PUMP101.VIBRATION_RMS,2.533,mm/s,GOOD
2025-01-21 01:00:00,PUMP101.VIBRATION_RMS,2.715,mm/s,GOOD
2025-01-21 02:00:00,PUMP101.VIBRATION_RMS,2.514,mm/s,GOOD
2025-01-21 03:00:00,PUMP101.VIBRATION_RMS,2.587,mm/s,GOOD
2025-01-21 04:00:00,PUMP101.VIBRATION_RMS,2.491,mm/s,GOOD
2025-01-21 05:00:00,PUMP101.VIBRATION_RMS,2.474,mm/s,GOOD
2025-01-21 06:00:00,PUMP101.VIBRATION_RMS,2.383,mm/s,GOOD
2025-01-21 07:00:00,PUMP101.VIBRATION_RMS,2.565,mm/s,GOOD
2025-01-21 08:00:00,PUMP101.VIBRATION_RMS,2.372,mm/s,GOOD
2025-01-21 09:00:00,PUMP101.VIBRATION_RMS,2.6,mm/s,GOOD
2025-01-21 10:00:00,PUMP101.VIBRATION_RMS,2.663,mm/s,GOOD
2025-01-21 11:00:00,PUMP101.VIBRATION_RMS,2.555,mm/s,GOOD
2025-01-21 12:00:00,PUMP101.VIBRATION_RMS,2.457,mm/s,GOOD
2025-01-21 13:00:00,PUMP101.VIBRATION_RMS,2.568,mm/s,GOOD
2025-01-21 14:00:00,PUMP101.VIBRATION_RMS,2.454,mm/s,GOOD
2025-01-21 15:00:00,PUMP101.VIBRATION_RMS,2.64,mm/s,GOOD
2025-01-21 16:00:00,PUMP101.VIBRATION_RMS,2.225,mm/s,GOOD
2025-01-21 17:00:00,PUMP101.VIBRATION_RMS,2.45,mm/s,GOOD
2025-01-21 18:00:00,PUMP101.VIBRATION_RMS,2.201,mm/s,GOOD
2025-01-21 19:00:00,PUMP101.VIBRATION_RMS,2.276,mm/s,GOOD
2025-01-21 20:00:00,PUMP101.VIBRATION_RMS,2.705,mm/s,GOOD
2025-01-21 21:00:00,PUMP101.VIBRATION_RMS,2.634,mm/s,GOOD
2025-01-21 22:00:00,PUMP101.VIBRATION_RMS,2.392,mm/s,GOOD
2025-01-21 23:00:00,PUMP101.VIBRATION_RMS,2.275,mm/s,GOOD
2025-01-22 00:00:00,PUMP101.VIBRATION_RMS,2.055,mm/s,GOOD
2025-01-22 01:00:00,PUMP101.VIBRATION_RMS,2.418,mm/s,GOOD
2025-01-22 02:00:00,PUMP101.VIBRATION_RMS,2.863,mm/s,GOOD
2025-01-22 03:00:00,PUMP101.VIBRATION_RMS,2.565,mm/s,GOOD
2025-01-22 04:00:00,PUMP101.VIBRATION_RMS,2.416,mm/s,GOOD
2025-01-22 05:00:00,PUMP101.VIBRATION_RMS,2.57,mm/s,GOOD
2025-01-22 06:00:00,PUMP101.VIBRATION_RMS,2.266,mm/s,GOOD
2025-01-22 07:00:00,PUMP101.VIBRATION_RMS,2.455,mm/s,GOOD
2025-01-22 08:00:00,PUMP101.VIBRATION_RMS,2.515,mm/s,GOOD
2025-01-22 09:00:00,PUMP101.VIBRATION_RMS,2.487,mm/s,GOOD
2025-01-22 10:00:00,PUMP101.VIBRATION_RMS,2.619,mm/s,GOOD
2025-01-22 11:00:00,PUMP101.VIBRATION_RMS,2.552,mm/s,GOOD
2025-01-22 12:00:00,PUMP101.VIBRATION_RMS,2.6,mm/s,BAD
2025-01-22 13:00:00,PUMP101.VIBRATION_RMS,2.397,mm/s,GOOD
2025-01-22 14:00:00,PUMP101.VIBRATION_RMS,2.635,mm/s,GOOD
2025-01-22 15:00:00,PUMP101.VIBRATION_RMS,2.744,mm/s,GOOD
2025-01-22 16:00:00,PUMP101.VIBRATION_RMS,2.354,mm/s,GOOD
2025-01-22 17:00:00,PUMP101.VIBRATION_RMS,2.367,mm/s,GOOD
2025-01-22 18:00:00,PUMP101.VIBRATION_RMS,2.7,mm/s,GOOD
2025-01-22 19:00:00,PUMP101.VIBRATION_RMS,2.471,mm/s,GOOD
2025-01-22 20:00:00,PUMP101.VIBRATION_RMS,2.711,mm/s,GOOD
2025-01-22 21:00:00,PUMP101.VIBRATION_RMS,2.434,mm/s,GOOD
2025-01-22 22:00:00,PUMP101.VIBRATION_RMS,2.718,mm/s,GOOD
2025-01-22 23:00:00,PUMP101.VIBRATION_RMS,2.52,mm/s,GOOD
2025-01-23 00:00:00,PUMP101.VIBRATION_RMS,2.539,mm/s,GOOD
2025-01-23 01:00:00,PUMP101.VIBRATION_RMS,2.735,mm/s,GOOD
2025-01-23 02:00:00,PUMP101.VIBRATION_RMS,2.446,mm/s,BAD
2025-01-23 03:00:00,PUMP101.VIBRATION_RMS,2.359,mm/s,GOOD
2025-01-23 04:00:00,PUMP101.VIBRATION_RMS,2.433,mm/s,GOOD
2025-01-23 05:00:00,PUMP101.VIBRATION_RMS,2.568,mm/s,GOOD
2025-01-23 06:00:00,PUMP101.VIBRATION_RMS,2.265,mm/s,GOOD
2025-01-23 07:00:00,PUMP101.VIBRATION_RMS,2.596,mm/s,GOOD
2025-01-23 08:00:00,PUMP101.VIBRATION_RMS,2.419,mm/s,GOOD
2025-01-23 09:00:00,PUMP101.VIBRATION_RMS,2.672,mm/s,GOOD
2025-01-23 10:00:00,PUMP101.VIBRATION_RMS,2.141,mm/s,GOOD
2025-01-23 11:00:00,PUMP101.VIBRATION_RMS,2.382,mm/s,GOOD
2025-01-23 12:00:00,PUMP101.VIBRATION_RMS,2.247,mm/s,BAD
2025-01-23 13:00:00,PUMP101.VIBRATION_RMS,2.376,mm/s,GOOD
2025-01-23 14:00:00,PUMP101.VIBRATION_RMS,2.537,mm/s,GOOD
2025-01-23 15:00:00,PUMP101.VIBRATION_RMS,2.473,mm/s,GOOD
2025-01-23 16:00:00,PUMP101.VIBRATION_RMS,2.462,mm/s,GOOD
2025-01-23 17:00:00,PUMP101.VIBRATION_RMS,2.476,mm/s,GOOD
2025-01-23 18:00:00,PUMP101.VIBRATION_RMS,2.531,mm/s,GOOD
2025-01-23 19:00:00,PUMP101.VIBRATION_RMS,2.349,mm/s,GOOD
2025-01-23 20:00:00,PUMP101.VIBRATION_RMS,2.606,mm/s,GOOD
2025-01-23 21:00:00,PUMP101.VIBRATION_RMS,2.599,mm/s,GOOD
2025-01-23 22:00:00,PUMP101.VIBRATION_RMS,2.558,mm/s,GOOD
2025-01-23 23:00:00,PUMP101.VIBRATION_RMS,2.583,mm/s,GOOD
2025-01-24 00:00:00,PUMP101.VIBRATION_RMS,2.544,mm/s,GOOD
2025-01-24 01:00:00,PUMP101.VIBRATION_RMS,2.805,mm/s,GOOD
2025-01-24 02:00:00,PUMP101.VIBRATION_RMS,2.487,mm/s,GOOD
2025-01-24 03:00:00,PUMP101.VIBRATION_RMS,2.454,mm/s,GOOD
2025-01-24 04:00:00,PUMP101.VIBRATION_RMS,2.387,mm/s,GOOD
2025-01-24 05:00:00,PUMP101.VIBRATION_RMS,2.345,mm/s,GOOD
2025-01-24 06:00:00,PUMP101.VIBRATION_RMS,2.313,mm/s,GOOD
2025-01-24 07:00:00,PUMP101.VIBRATION_RMS,2.367,mm/s,GOOD
2025-01-24 08:00:00,PUMP101.VIBRATION_RMS,2.489,mm/s,GOOD
2025-01-24 09:00:00,PUMP101.VIBRATION_RMS,2.55,mm/s,GOOD
2025-01-24 10:00:00,PUMP101.VIBRATION_RMS,2.508,mm/s,GOOD
2025-01-24 11:00:00,PUMP101.VIBRATION_RMS,2.385,mm/s,GOOD
2025-01-24 12:00:00,PUMP101.VIBRATION_RMS,2.635,mm/s,GOOD
2025-01-24 13:00:00,PUMP101.VIBRATION_RMS,2.611,mm/s,GOOD
2025-01-24 14:00:00,PUMP101.VIBRATION_RMS,2.476,mm/s,GOOD
2025-01-24 15:00:00,PUMP101.VIBRATION_RMS,2.402,mm/s,GOOD
2025-01-24 16:00:00,PUMP101.VIBRATION_RMS,2.582,mm/s,GOOD
2025-01-24 17:00:00,PUMP101.VIBRATION_RMS,2.528,mm/s,BAD
2025-01-24 18:00:00,PUMP101.VIBRATION_RMS,2.283,mm/s,GOOD
2025-01-24 19:00:00,PUMP101.VIBRATION_RMS,2.49,mm/s,GOOD
2025-01-24 20:00:00,PUMP101.VIBRATION_RMS,2.539,mm/s,GOOD
2025-01-24 21:00:00,PUMP101.VIBRATION_RMS,2.365,mm/s,GOOD
2025-01-24 22:00:00,PUMP101.VIBRATION_RMS,2.528,mm/s,GOOD
2025-01-24 23:00:00,PUMP101.VIBRATION_RMS,2.282,mm/s,GOOD
2025-01-25 00:00:00,PUMP101.VIBRATION_RMS,2.7,mm/s,GOOD
2025-01-25 01:00:00,PUMP101.VIBRATION_RMS,2.687,mm/s,GOOD
2025-01-25 02:00:00,PUMP101.VIBRATION_RMS,2.462,mm/s,GOOD
2025-01-25 03:00:00,PUMP101.VIBRATION_RMS,2.555,mm/s,GOOD
2025-01-25 04:00:00,PUMP101.VIBRATION_RMS,2.139,mm/s,BAD
2025-01-25 05:00:00,PUMP101.VIBRATION_RMS,2.327,mm/s,GOOD
2025-01-25 06:00:00,PUMP101.VIBRATION_RMS,2.456,mm/s,GOOD
2025-01-25 07:00:00,PUMP101.VIBRATION_RMS,2.339,mm/s,GOOD
2025-01-25 08:00:00,PUMP101.VIBRATION_RMS,2.607,mm/s,GOOD
2025-01-25 09:00:00,PUMP101.VIBRATION_RMS,2.8,mm/s,GOOD
2025-01-25 10:00:00,PUMP101.VIBRATION_RMS,2.324,mm/s,GOOD
2025-01-25 11:00:00,PUMP101.VIBRATION_RMS,2.374,mm/s,GOOD
2025-01-25 12:00:00,PUMP101.VIBRATION_RMS,2.535,mm/s,GOOD
2025-01-25 13:00:00,PUMP101.VIBRATION_RMS,2.742,mm/s,GOOD
2025-01-25 14:00:00,PUMP101.VIBRATION_RMS,2.317,mm/s,GOOD
2025-01-25 15:00:00,PUMP101.VIBRATION_RMS,2.537,mm/s,GOOD
2025-01-25 16:00:00,PUMP101.VIBRATION_RMS,2.773,mm/s,GOOD
2025-01-25 17:00:00,PUMP101.VIBRATION_RMS,2.252,mm/s,GOOD
2025-01-25 18:00:00,PUMP101.VIBRATION_RMS,2.308,mm/s,GOOD
2025-01-25 19:00:00,PUMP101.VIBRATION_RMS,2.436,mm/s,GOOD
2025-01-25 20:00:00,PUMP101.VIBRATION_RMS,2.422,mm/s,GOOD
2025-01-25 21:00:00,PUMP101.VIBRATION_RMS,2.622,mm/s,GOOD
2025-01-25 22:00:00,PUMP101.VIBRATION_RMS,2.536,mm/s,GOOD
2025-01-25 23:00:00,PUMP101.VIBRATION_RMS,2.234,mm/s,GOOD
2025-01-26 00:00:00,PUMP101.VIBRATION_RMS,2.577,mm/s,GOOD
2025-01-26 01:00:00,PUMP101.VIBRATION_RMS,2.413,mm/s,GOOD
2025-01-26 02:00:00,PUMP101.VIBRATION_RMS,2.691,mm/s,GOOD
2025-01-26 03:00:00,PUMP101.VIBRATION_RMS,2.406,mm/s,GOOD
2025-01-26 04:00:00,PUMP101.VIBRATION_RMS,2.405,mm/s,GOOD
2025-01-26 05:00:00,PUMP101.VIBRATION_RMS,2.581,mm/s,GOOD
2025-01-26 06:00:00,PUMP101.VIBRATION_RMS,2.614,mm/s,GOOD
2025-01-26 07:00:00,PUMP101.VIBRATION_RMS,2.567,mm/s,GOOD
2025-01-26 08:00:00,PUMP101.VIBRATION_RMS,2.247,mm/s,GOOD
2025-01-26 09:00:00,PUMP101.VIBRATION_RMS,2.581,mm/s,BAD
2025-01-26 10:00:00,PUMP101.VIBRATION_RMS,2.345,mm/s,GOOD
2025-01-26 11:00:00,PUMP101.VIBRATION_RMS,2.535,mm/s,GOOD
2025-01-26 12:00:00,PUMP101.VIBRATION_RMS,2.286,mm/s,GOOD
2025-01-26 13:00:00,PUMP101.VIBRATION_RMS,2.567,mm/s,GOOD
2025-01-26 14:00:00,PUMP101.VIBRATION_RMS,2.379,mm/s,GOOD
2025-01-26 15:00:00,PUMP101.VIBRATION_RMS,2.308,mm/s,GOOD
2025-01-26 16:00:00,PUMP101.VIBRATION_RMS,2.607,mm/s,GOOD
2025-01-26 17:00:00,PUMP101.VIBRATION_RMS,2.536,mm/s,GOOD
2025-01-26 18:00:00,PUMP101.VIBRATION_RMS,2.408,mm/s,GOOD
2025-01-26 19:00:00,PUMP101.VIBRATION_RMS,2.718,mm/s,GOOD
2025-01-26 20:00:00,PUMP101.VIBRATION_RMS,2.434,mm/s,GOOD
2025-01-26 21:00:00,PUMP101.VIBRATION_RMS,2.505,mm/s,GOOD
2025-01-26 22:00:00,PUMP101.VIBRATION_RMS,2.54,mm/s,GOOD
2025-01-26 23:00:00,PUMP101.VIBRATION_RMS,2.407,mm/s,GOOD
2025-01-27 00:00:00,PUMP101.VIBRATION_RMS,2.571,mm/s,GOOD
2025-01-27 01:00:00,PUMP101.VIBRATION_RMS,2.42,mm/s,GOOD
2025-01-27 02:00:00,PUMP101.VIBRATION_RMS,2.438,mm/s,GOOD
2025-01-27 03:00:00,PUMP101.VIBRATION_RMS,2.704,mm/s,GOOD
2025-01-27 04:00:00,PUMP101.VIBRATION_RMS,2.344,mm/s,GOOD
2025-01-27 05:00:00,PUMP101.VIBRATION_RMS,2.138,mm/s,GOOD
2025-01-27 06:00:00,PUMP101.VIBRATION_RMS,2.742,mm/s,GOOD
2025-01-27 07:00:00,PUMP101.VIBRATION_RMS,2.882,mm/s,GOOD
2025-01-27 08:00:00,PUMP101.VIBRATION_RMS,2.439,mm/s,GOOD
2025-01-27 09:00:00,PUMP101.VIBRATION_RMS,2.209,mm/s,GOOD
2025-01-27 10:00:00,PUMP101.VIBRATION_RMS,2.453,mm/s,GOOD
2025-01-27 11:00:00,PUMP101.VIBRATION_RMS,2.457,mm/s,GOOD
2025-01-27 12:00:00,PUMP101.VIBRATION_RMS,2.472,mm/s,GOOD
2025-01-27 13:00:00,PUMP101.VIBRATION_RMS,2.333,mm/s,GOOD
2025-01-27 14:00:00,PUMP101.VIBRATION_RMS,2.587,mm/s,GOOD
2025-01-27 15:00:00,PUMP101.VIBRATION_RMS,2.579,mm/s,GOOD
2025-01-27 16:00:00,PUMP101.VIBRATION_RMS,2.276,mm/s,GOOD
2025-01-27 17:00:00,PUMP101.VIBRATION_RMS,2.605,mm/s,GOOD
2025-01-27 18:00:00,PUMP101.VIBRATION_RMS,2.808,mm/s,GOOD
2025-01-27 19:00:00,PUMP101.VIBRATION_RMS,2.526,mm/s,GOOD
2025-01-27 20:00:00,PUMP101.VIBRATION_RMS,2.449,mm/s,GOOD
2025-01-27 21:00:00,PUMP101.VIBRATION_RMS,2.479,mm/s,GOOD
2025-01-27 22:00:00,PUMP101.VIBRATION_RMS,2.592,mm/s,GOOD
2025-01-27 23:00:00,PUMP101.VIBRATION_RMS,2.24,mm/s,GOOD
2025-01-28 00:00:00,PUMP101.VIBRATION_RMS,2.525,mm/s,GOOD
2025-01-28 01:00:00,PUMP101.VIBRATION_RMS,2.441,mm/s,GOOD
2025-01-28 02:00:00,PUMP101.VIBRATION_RMS,2.777,mm/s,GOOD
2025-01-28 03:00:00,PUMP101.VIBRATION_RMS,2.474,mm/s,GOOD
2025-01-28 04:00:00,PUMP101.VIBRATION_RMS,2.75,mm/s,GOOD
2025-01-28 05:00:00,PUMP101.VIBRATION_RMS,2.334,mm/s,GOOD
2025-01-28 06:00:00,PUMP101.VIBRATION_RMS,2.588,mm/s,GOOD
2025-01-28 07:00:00,PUMP101.VIBRATION_RMS,2.548,mm/s,GOOD
2025-01-28 08:00:00,PUMP101.VIBRATION_RMS,2.37,mm/s,GOOD
2025-01-28 09:00:00,PUMP101.VIBRATION_RMS,2.527,mm/s,GOOD
2025-01-28 10:00:00,PUMP101.VIBRATION_RMS,2.682,mm/s,GOOD
2025-01-28 11:00:00,PUMP101.VIBRATION_RMS,2.451,mm/s,GOOD
2025-01-28 12:00:00,PUMP101.VIBRATION_RMS,2.246,mm/s,GOOD
2025-01-28 13:00:00,PUMP101.VIBRATION_RMS,2.497,mm/s,GOOD
2025-01-28 14:00:00,PUMP101.VIBRATION_RMS,2.365,mm/s,GOOD
2025-01-28 15:00:00,PUMP101.VIBRATION_RMS,2.449,mm/s,GOOD
2025-01-28 16:00:00,PUMP101.VIBRATION_RMS,2.488,mm/s,GOOD
2025-01-28 17:00:00,PUMP101.VIBRATION_RMS,2.244,mm/s,GOOD
2025-01-28 18:00:00,PUMP101.VIBRATION_RMS,2.258,mm/s,GOOD
2025-01-28 19:00:00,PUMP101.VIBRATION_RMS,2.572,mm/s,GOOD
2025-01-28 20:00:00,PUMP101.VIBRATION_RMS,2.422,mm/s,GOOD
2025-01-28 21:00:00,PUMP101.VIBRATION_RMS,2.115,mm/s,GOOD
2025-01-28 22:00:00,PUMP101.VIBRATION_RMS,2.618,mm/s,GOOD
2025-01-28 23:00:00,PUMP101.VIBRATION_RMS,2.541,mm/s,GOOD
2025-01-29 00:00:00,PUMP101.VIBRATION_RMS,2.393,mm/s,GOOD
2025-01-29 01:00:00,PUMP101.VIBRATION_RMS,2.302,mm/s,GOOD
2025-01-29 02:00:00,PUMP101.VIBRATION_RMS,2.625,mm/s,GOOD
2025-01-29 03:00:00,PUMP101.VIBRATION_RMS,2.552,mm/s,GOOD
2025-01-29 04:00:00,PUMP101.VIBRATION_RMS,2.857,mm/s,GOOD
2025-01-29 05:00:00,PUMP101.VIBRATION_RMS,2.563,mm/s,GOOD
2025-01-29 06:00:00,PUMP101.VIBRATION_RMS,2.558,mm/s,GOOD
2025-01-29 07:00:00,PUMP101.VIBRATION_RMS,2.475,mm/s,GOOD
2025-01-29 08:00:00,PUMP101.VIBRATION_RMS,2.623,mm/s,GOOD
2025-01-29 09:00:00,PUMP101.VIBRATION_RMS,2.594,mm/s,GOOD
2025-01-29 10:00:00,PUMP101.VIBRATION_RMS,2.688,mm/s,GOOD
2025-01-29 11:00:00,PUMP101.VIBRATION_RMS,2.422,mm/s,BAD
2025-01-29 12:00:00,PUMP101.VIBRATION_RMS,2.435,mm/s,GOOD
2025-01-29 13:00:00,PUMP101.VIBRATION_RMS,2.428,mm/s,GOOD
2025-01-29 14:00:00,PUMP101.VIBRATION_RMS,2.619,mm/s,GOOD
2025-01-29 15:00:00,PUMP101.VIBRATION_RMS,2.725,mm/s,GOOD
2025-01-29 16:00:00,PUMP101.VIBRATION_RMS,2.431,mm/s,GOOD
2025-01-29 17:00:00,PUMP101.VIBRATION_RMS,2.436,mm/s,GOOD
2025-01-29 18:00:00,PUMP101.VIBRATION_RMS,2.547,mm/s,GOOD
2025-01-29 19:00:00,PUMP101.VIBRATION_RMS,2.463,mm/s,GOOD
2025-01-29 20:00:00,PUMP101.VIBRATION_RMS,2.643,mm/s,GOOD
2025-01-29 21:00:00,PUMP101.VIBRATION_RMS,2.162,mm/s,GOOD
2025-01-29 22:00:00,PUMP101.VIBRATION_RMS,2.376,mm/s,GOOD
2025-01-29 23:00:00,PUMP101.VIBRATION_RMS,2.383,mm/s,GOOD
2025-01-30 00:00:00,PUMP101.VIBRATION_RMS,2.152,mm/s,GOOD
2025-01-30 01:00:00,PUMP101.VIBRATION_RMS,2.355,mm/s,GOOD
2025-01-30 02:00:00,PUMP101.VIBRATION_RMS,2.363,mm/s,GOOD
2025-01-30 03:00:00,PUMP101.VIBRATION_RMS,2.47,mm/s,GOOD
2025-01-30 04:00:00,PUMP101.VIBRATION_RMS,2.667,mm/s,GOOD
2025-01-30 05:00:00,PUMP101.VIBRATION_RMS,2.463,mm/s,GOOD
2025-01-30 06:00:00,PUMP101.VIBRATION_RMS,2.345,mm/s,GOOD
2025-01-30 07:00:00,PUMP101.VIBRATION_RMS,2.491,mm/s,GOOD
2025-01-30 08:00:00,PUMP101.VIBRATION_RMS,2.657,mm/s,GOOD
2025-01-30 09:00:00,PUMP101.VIBRATION_RMS,2.354,mm/s,GOOD
2025-01-30 10:00:00,PUMP101.VIBRATION_RMS,2.363,mm/s,GOOD
2025-01-30 11:00:00,PUMP101.VIBRATION_RMS,2.584,mm/s,GOOD
2025-01-30 12:00:00,PUMP101.VIBRATION_RMS,2.467,mm/s,GOOD
2025-01-30 13:00:00,PUMP101.VIBRATION_RMS,2.597,mm/s,GOOD
2025-01-30 14:00:00,PUMP101.VIBRATION_RMS,2.498,mm/s,GOOD
2025-01-30 15:00:00,PUMP101.VIBRATION_RMS,2.605,mm/s,GOOD
2025-01-30 16:00:00,PUMP101.VIBRATION_RMS,2.345,mm/s,GOOD
2025-01-30 17:00:00,PUMP101.VIBRATION_RMS,2.498,mm/s,GOOD
2025-01-30 18:00:00,PUMP101.VIBRATION_RMS,2.468,mm/s,GOOD
2025-01-30 19:00:00,PUMP101.VIBRATION_RMS,2.323,mm/s,GOOD
2025-01-30 20:00:00,PUMP101.VIBRATION_RMS,2.275,mm/s,GOOD
2025-01-30 21:00:00,PUMP101.VIBRATION_RMS,2.6180000000000003,mm/s,GOOD
2025-01-30 22:00:00,PUMP101.VIBRATION_RMS,2.467,mm/s,GOOD
2025-01-30 23:00:00,PUMP101.VIBRATION_RMS,2.372,mm/s,GOOD
2025-01-31 00:00:00,PUMP101.VIBRATION_RMS,2.516,mm/s,GOOD
2025-01-31 01:00:00,PUMP101.VIBRATION_RMS,2.704,mm/s,GOOD
2025-01-31 02:00:00,PUMP101.VIBRATION_RMS,2.198,mm/s,GOOD
2025-01-31 03:00:00,PUMP101.VIBRATION_RMS,2.3209999999999997,mm/s,GOOD
2025-01-31 04:00:00,PUMP101.VIBRATION_RMS,2.412,mm/s,GOOD
2025-01-31 05:00:00,PUMP101.VIBRATION_RMS,2.774,mm/s,GOOD
2025-01-31 06:00:00,PUMP101.VIBRATION_RMS,2.602,mm/s,GOOD
2025-01-31 07:00:00,PUMP101.VIBRATION_RMS,2.68,mm/s,GOOD
2025-01-31 08:00:00,PUMP101.VIBRATION_RMS,2.399,mm/s,GOOD
2025-01-31 09:00:00,PUMP101.VIBRATION_RMS,2.407,mm/s,GOOD
2025-01-31 10:00:00,PUMP101.VIBRATION_RMS,2.6470000000000002,mm/s,GOOD
2025-01-31 11:00:00,PUMP101.VIBRATION_RMS,2.594,mm/s,GOOD
2025-01-31 12:00:00,PUMP101.VIBRATION_RMS,2.6719999999999997,mm/s,GOOD
2025-01-31 13:00:00,PUMP101.VIBRATION_RMS,2.567,mm/s,GOOD
2025-01-31 14:00:00,PUMP101.VIBRATION_RMS,2.642,mm/s,GOOD
2025-01-31 15:00:00,PUMP101.VIBRATION_RMS,2.629,mm/s,GOOD
2025-01-31 16:00:00,PUMP101.VIBRATION_RMS,2.727,mm/s,GOOD
2025-01-31 17:00:00,PUMP101.VIBRATION_RMS,2.736,mm/s,GOOD
2025-01-31 18:00:00,PUMP101.VIBRATION_RMS,2.3770000000000002,mm/s,GOOD
2025-01-31 19:00:00,PUMP101.VIBRATION_RMS,2.288,mm/s,GOOD
2025-01-31 20:00:00,PUMP101.VIBRATION_RMS,2.78,mm/s,GOOD
2025-01-31 21:00:00,PUMP101.VIBRATION_RMS,2.8129999999999997,mm/s,GOOD
2025-01-31 22:00:00,PUMP101.VIBRATION_RMS,2.487,mm/s,GOOD
2025-01-31 23:00:00,PUMP101.VIBRATION_RMS,2.366,mm/s,GOOD
2025-02-01 00:00:00,PUMP101.VIBRATION_RMS,2.665,mm/s,GOOD
2025-02-01 01:00:00,PUMP101.VIBRATION_RMS,2.795,mm/s,GOOD
2025-02-01 02:00:00,PUMP101.VIBRATION_RMS,2.93,mm/s,GOOD
2025-02-01 03:00:00,PUMP101.VIBRATION_RMS,2.742,mm/s,GOOD
2025-02-01 04:00:00,PUMP101.VIBRATION_RMS,2.614,mm/s,GOOD
2025-02-01 05:00:00,PUMP101.VIBRATION_RMS,2.541,mm/s,GOOD
2025-02-01 06:00:00,PUMP101.VIBRATION_RMS,2.682,mm/s,GOOD
2025-02-01 07:00:00,PUMP101.VIBRATION_RMS,2.64,mm/s,GOOD
2025-02-01 08:00:00,PUMP101.VIBRATION_RMS,2.538,mm/s,GOOD
2025-02-01 09:00:00,PUMP101.VIBRATION_RMS,3.002,mm/s,GOOD
2025-02-01 10:00:00,PUMP101.VIBRATION_RMS,2.968,mm/s,GOOD
2025-02-01 11:00:00,PUMP101.VIBRATION_RMS,2.875,mm/s,GOOD
2025-02-01 12:00:00,PUMP101.VIBRATION_RMS,2.572,mm/s,GOOD
2025-02-01 13:00:00,PUMP101.VIBRATION_RMS,2.843,mm/s,GOOD
2025-02-01 14:00:00,PUMP101.VIBRATION_RMS,2.816,mm/s,GOOD
2025-02-01 15:00:00,PUMP101.VIBRATION_RMS,2.791,mm/s,GOOD
2025-02-01 16:00:00,PUMP101.VIBRATION_RMS,2.917,mm/s,GOOD
2025-02-01 17:00:00,PUMP101.VIBRATION_RMS,2.83,mm/s,GOOD
2025-02-01 18:00:00,PUMP101.VIBRATION_RMS,2.851,mm/s,GOOD
2025-02-01 19:00:00,PUMP101.VIBRATION_RMS,2.841,mm/s,GOOD
2025-02-01 20:00:00,PUMP101.VIBRATION_RMS,2.801,mm/s,GOOD
2025-02-01 21:00:00,PUMP101.VIBRATION_RMS,2.487,mm/s,GOOD
2025-02-01 22:00:00,PUMP101.VIBRATION_RMS,2.7729999999999997,mm/s,GOOD
2025-02-01 23:00:00,PUMP101.VIBRATION_RMS,2.682,mm/s,GOOD
2025-02-02 00:00:00,PUMP101.VIBRATION_RMS,2.578,mm/s,GOOD
2025-02-02 01:00:00,PUMP101.VIBRATION_RMS,3.0269999999999997,mm/s,GOOD
2025-02-02 02:00:00,PUMP101.VIBRATION_RMS,3.0389999999999997,mm/s,GOOD
2025-02-02 03:00:00,PUMP101.VIBRATION_RMS,2.9890000000000003,mm/s,GOOD
2025-02-02 04:00:00,PUMP101.VIBRATION_RMS,2.828,mm/s,GOOD
2025-02-02 05:00:00,PUMP101.VIBRATION_RMS,2.9979999999999998,mm/s,GOOD
2025-02-02 06:00:00,PUMP101.VIBRATION_RMS,2.8019999999999996,mm/s,GOOD
2025-02-02 07:00:00,PUMP101.VIBRATION_RMS,2.835,mm/s,GOOD
2025-02-02 08:00:00,PUMP101.VIBRATION_RMS,2.646,mm/s,GOOD
2025-02-02 09:00:00,PUMP101.VIBRATION_RMS,2.875,mm/s,GOOD
2025-02-02 10:00:00,PUMP101.VIBRATION_RMS,2.8289999999999997,mm/s,GOOD
2025-02-02 11:00:00,PUMP101.VIBRATION_RMS,2.6300000000000003,mm/s,GOOD
2025-02-02 12:00:00,PUMP101.VIBRATION_RMS,2.822,mm/s,GOOD
2025-02-02 13:00:00,PUMP101.VIBRATION_RMS,2.823,mm/s,GOOD
2025-02-02 14:00:00,PUMP101.VIBRATION_RMS,3.11,mm/s,GOOD
2025-02-02 15:00:00,PUMP101.VIBRATION_RMS,2.979,mm/s,GOOD
2025-02-02 16:00:00,PUMP101.VIBRATION_RMS,2.852,mm/s,GOOD
2025-02-02 17:00:00,PUMP101.VIBRATION_RMS,2.892,mm/s,GOOD
2025-02-02 18:00:00,PUMP101.VIBRATION_RMS,2.867,mm/s,GOOD
2025-02-02 19:00:00,PUMP101.VIBRATION_RMS,2.835,mm/s,GOOD
2025-02-02 20:00:00,PUMP101.VIBRATION_RMS,2.708,mm/s,GOOD
2025-02-02 21:00:00,PUMP101.VIBRATION_RMS,2.852,mm/s,GOOD
2025-02-02 22:00:00,PUMP101.VIBRATION_RMS,2.768,mm/s,GOOD
2025-02-02 23:00:00,PUMP101.VIBRATION_RMS,2.697,mm/s,GOOD
2025-02-03 00:00:00,PUMP101.VIBRATION_RMS,2.967,mm/s,GOOD
2025-02-03 01:00:00,PUMP101.VIBRATION_RMS,2.954,mm/s,GOOD
2025-02-03 02:00:00,PUMP101.VIBRATION_RMS,2.632,mm/s,GOOD
2025-02-03 03:00:00,PUMP101.VIBRATION_RMS,2.887,mm/s,GOOD
2025-02-03 04:00:00,PUMP101.VIBRATION_RMS,3.059,mm/s,GOOD
2025-02-03 05:00:00,PUMP101.VIBRATION_RMS,3.074,mm/s,GOOD
2025-02-03 06:00:00,PUMP101.VIBRATION_RMS,3.074,mm/s,GOOD
2025-02-03 07:00:00,PUMP101.VIBRATION_RMS,2.9309999999999996,mm/s,GOOD
2025-02-03 08:00:00,PUMP101.VIBRATION_RMS,2.8030000000000004,mm/s,GOOD
2025-02-03 09:00:00,PUMP101.VIBRATION_RMS,2.7720000000000002,mm/s,GOOD
2025-02-03 10:00:00,PUMP101.VIBRATION_RMS,2.992,mm/s,GOOD
2025-02-03 11:00:00,PUMP101.VIBRATION_RMS,3.002,mm/s,GOOD
2025-02-03 12:00:00,PUMP101.VIBRATION_RMS,3.143,mm/s,GOOD
2025-02-03 13:00:00,PUMP101.VIBRATION_RMS,3.12,mm/s,GOOD
2025-02-03 14:00:00,PUMP101.VIBRATION_RMS,2.94,mm/s,GOOD
2025-02-03 15:00:00,PUMP101.VIBRATION_RMS,2.778,mm/s,GOOD
2025-02-03 16:00:00,PUMP101.VIBRATION_RMS,2.9219999999999997,mm/s,GOOD
2025-02-03 17:00:00,PUMP101.VIBRATION_RMS,3.008,mm/s,GOOD
2025-02-03 18:00:00,PUMP101.VIBRATION_RMS,2.95,mm/s,GOOD
2025-02-03 19:00:00,PUMP101.VIBRATION_RMS,2.8979999999999997,mm/s,GOOD
2025-02-03 20:00:00,PUMP101.VIBRATION_RMS,3.0279999999999996,mm/s,GOOD
2025-02-03 21:00:00,PUMP101.VIBRATION_RMS,2.919,mm/s,GOOD
2025-02-03 22:00:00,PUMP101.VIBRATION_RMS,2.906,mm/s,GOOD
2025-02-03 23:00:00,PUMP101.VIBRATION_RMS,3.052,mm/s,GOOD
2025-02-04 00:00:00,PUMP101.VIBRATION_RMS,2.95,mm/s,GOOD
2025-02-04 01:00:00,PUMP101.VIBRATION_RMS,3.052,mm/s,GOOD
2025-02-04 02:00:00,PUMP101.VIBRATION_RMS,3.061,mm/s,GOOD
2025-02-04 03:00:00,PUMP101.VIBRATION_RMS,2.854,mm/s,GOOD
2025-02-04 04:00:00,PUMP101.VIBRATION_RMS,2.958,mm/s,GOOD
2025-02-04 05:00:00,PUMP101.VIBRATION_RMS,3.2510000000000003,mm/s,GOOD
2025-02-04 06:00:00,PUMP101.VIBRATION_RMS,2.866,mm/s,GOOD
2025-02-04 07:00:00,PUMP101.VIBRATION_RMS,2.7279999999999998,mm/s,GOOD
2025-02-04 08:00:00,PUMP101.VIBRATION_RMS,2.771,mm/s,GOOD
2025-02-04 09:00:00,PUMP101.VIBRATION_RMS,3.059,mm/s,GOOD
2025-02-04 10:00:00,PUMP101.VIBRATION_RMS,3.065,mm/s,GOOD
2025-02-04 11:00:00,PUMP101.VIBRATION_RMS,3.047,mm/s,GOOD
2025-02-04 12:00:00,PUMP101.VIBRATION_RMS,3.252,mm/s,GOOD
2025-02-04 13:00:00,PUMP101.VIBRATION_RMS,2.6740000000000004,mm/s,GOOD
2025-02-04 14:00:00,PUMP101.VIBRATION_RMS,3.1390000000000002,mm/s,GOOD
2025-02-04 15:00:00,PUMP101.VIBRATION_RMS,3.319,mm/s,GOOD
2025-02-04 16:00:00,PUMP101.VIBRATION_RMS,2.921,mm/s,GOOD
2025-02-04 17:00:00,PUMP101.VIBRATION_RMS,3.0380000000000003,mm/s,GOOD
2025-02-04 18:00:00,PUMP101.VIBRATION_RMS,2.987,mm/s,GOOD
2025-02-04 19:00:00,PUMP101.VIBRATION_RMS,2.971,mm/s,GOOD
2025-02-04 20:00:00,PUMP101.VIBRATION_RMS,3.061,mm/s,GOOD
2025-02-04 21:00:00,PUMP101.VIBRATION_RMS,3.3289999999999997,mm/s,GOOD
2025-02-04 22:00:00,PUMP101.VIBRATION_RMS,3.396,mm/s,GOOD
2025-02-04 23:00:00,PUMP101.VIBRATION_RMS,3.075,mm/s,GOOD
2025-02-05 00:00:00,PUMP101.VIBRATION_RMS,3.416,mm/s,GOOD
2025-02-05 01:00:00,PUMP101.VIBRATION_RMS,3.1399999999999997,mm/s,GOOD
2025-02-05 02:00:00,PUMP101.VIBRATION_RMS,3.4029999999999996,mm/s,GOOD
2025-02-05 03:00:00,PUMP101.VIBRATION_RMS,3.1310000000000002,mm/s,GOOD
2025-02-05 04:00:00,PUMP101.VIBRATION_RMS,3.17,mm/s,GOOD
2025-02-05 05:00:00,PUMP101.VIBRATION_RMS,3.21,mm/s,GOOD
2025-02-05 06:00:00,PUMP101.VIBRATION_RMS,3.6369999999999996,mm/s,GOOD
2025-02-05 07:00:00,PUMP101.VIBRATION_RMS,3.293,mm/s,GOOD
2025-02-05 08:00:00,PUMP101.VIBRATION_RMS,3.064,mm/s,GOOD
2025-02-05 09:00:00,PUMP101.VIBRATION_RMS,3.32,mm/s,GOOD
2025-02-05 10:00:00,PUMP101.VIBRATION_RMS,3.1260000000000003,mm/s,GOOD
2025-02-05 11:00:00,PUMP101.VIBRATION_RMS,3.112,mm/s,GOOD
2025-02-05 12:00:00,PUMP101.VIBRATION_RMS,3.326,mm/s,GOOD
2025-02-05 13:00:00,PUMP101.VIBRATION_RMS,3.2,mm/s,GOOD
2025-02-05 14:00:00,PUMP101.VIBRATION_RMS,3.242,mm/s,GOOD
2025-02-05 15:00:00,PUMP101.VIBRATION_RMS,3.207,mm/s,GOOD
2025-02-05 16:00:00,PUMP101.VIBRATION_RMS,3.26,mm/s,GOOD
2025-02-05 17:00:00,PUMP101.VIBRATION_RMS,3.279,mm/s,GOOD
2025-02-05 18:00:00,PUMP101.VIBRATION_RMS,2.9290000000000003,mm/s,GOOD
2025-02-05 19:00:00,PUMP101.VIBRATION_RMS,3.325,mm/s,GOOD
2025-02-05 20:00:00,PUMP101.VIBRATION_RMS,3.083,mm/s,GOOD
2025-02-05 21:00:00,PUMP101.VIBRATION_RMS,3.0189999999999997,mm/s,GOOD
2025-02-05 22:00:00,PUMP101.VIBRATION_RMS,3.231,mm/s,GOOD
2025-02-05 23:00:00,PUMP101.VIBRATION_RMS,3.258,mm/s,GOOD
2025-02-06 00:00:00,PUMP101.VIBRATION_RMS,3.146,mm/s,GOOD
2025-02-06 01:00:00,PUMP101.VIBRATION_RMS,3.38,mm/s,GOOD
2025-02-06 02:00:00,PUMP101.VIBRATION_RMS,3.0589999999999997,mm/s,GOOD
2025-02-06 03:00:00,PUMP101.VIBRATION_RMS,3.204,mm/s,GOOD
2025-02-06 04:00:00,PUMP101.VIBRATION_RMS,3.182,mm/s,GOOD
2025-02-06 05:00:00,PUMP101.VIBRATION_RMS,3.268,mm/s,GOOD
2025-02-06 06:00:00,PUMP101.VIBRATION_RMS,3.322,mm/s,GOOD
2025-02-06 07:00:00,PUMP101.VIBRATION_RMS,3.1340000000000003,mm/s,GOOD
2025-02-06 08:00:00,PUMP101.VIBRATION_RMS,3.399,mm/s,GOOD
2025-02-06 09:00:00,PUMP101.VIBRATION_RMS,3.304,mm/s,GOOD
2025-02-06 10:00:00,PUMP101.VIBRATION_RMS,3.016,mm/s,GOOD
2025-02-06 11:00:00,PUMP101.VIBRATION_RMS,3.011,mm/s,GOOD
2025-02-06 12:00:00,PUMP101.VIBRATION_RMS,3.3080000000000003,mm/s,GOOD
2025-02-06 13:00:00,PUMP101.VIBRATION_RMS,3.282,mm/s,GOOD
2025-02-06 14:00:00,PUMP101.VIBRATION_RMS,3.304,mm/s,BAD
2025-02-06 15:00:00,PUMP101.VIBRATION_RMS,3.3209999999999997,mm/s,GOOD
2025-02-06 16:00:00,PUMP101.VIBRATION_RMS,3.364,mm/s,GOOD
2025-02-06 17:00:00,PUMP101.VIBRATION_RMS,3.477,mm/s,GOOD
2025-02-06 18:00:00,PUMP101.VIBRATION_RMS,3.173,mm/s,GOOD
2025-02-06 19:00:00,PUMP101.VIBRATION_RMS,3.1689999999999996,mm/s,GOOD
2025-02-06 20:00:00,PUMP101.VIBRATION_RMS,3.186,mm/s,GOOD
2025-02-06 21:00:00,PUMP101.VIBRATION_RMS,3.398,mm/s,GOOD
2025-02-06 22:00:00,PUMP101.VIBRATION_RMS,3.5469999999999997,mm/s,GOOD
2025-02-06 23:00:00,PUMP101.VIBRATION_RMS,3.3,mm/s,GOOD
2025-02-07 00:00:00,PUMP101.VIBRATION_RMS,2.995,mm/s,GOOD
2025-02-07 01:00:00,PUMP101.VIBRATION_RMS,3.119,mm/s,GOOD
2025-02-07 02:00:00,PUMP101.VIBRATION_RMS,3.255,mm/s,GOOD
2025-02-07 03:00:00,PUMP101.VIBRATION_RMS,3.301,mm/s,GOOD
2025-02-07 04:00:00,PUMP101.VIBRATION_RMS,3.329,mm/s,GOOD
2025-02-07 05:00:00,PUMP101.VIBRATION_RMS,3.401,mm/s,GOOD
2025-02-07 06:00:00,PUMP101.VIBRATION_RMS,3.3529999999999998,mm/s,GOOD
2025-02-07 07:00:00,PUMP101.VIBRATION_RMS,3.5620000000000003,mm/s,GOOD
2025-02-07 08:00:00,PUMP101.VIBRATION_RMS,3.309,mm/s,GOOD
2025-02-07 09:00:00,PUMP101.VIBRATION_RMS,3.286,mm/s,GOOD
2025-02-07 10:00:00,PUMP101.VIBRATION_RMS,3.492,mm/s,GOOD
2025-02-07 11:00:00,PUMP101.VIBRATION_RMS,3.195,mm/s,GOOD
2025-02-07 12:00:00,PUMP101.VIBRATION_RMS,3.4879999999999995,mm/s,GOOD
2025-02-07 13:00:00,PUMP101.VIBRATION_RMS,3.45,mm/s,GOOD
2025-02-07 14:00:00,PUMP101.VIBRATION_RMS,3.418,mm/s,GOOD
2025-02-07 15:00:00,PUMP101.VIBRATION_RMS,3.683,mm/s,GOOD
2025-02-07 16:00:00,PUMP101.VIBRATION_RMS,3.357,mm/s,GOOD
2025-02-07 17:00:00,PUMP101.VIBRATION_RMS,3.7640000000000002,mm/s,GOOD
2025-02-07 18:00:00,PUMP101.VIBRATION_RMS,3.426,mm/s,GOOD
2025-02-07 19:00:00,PUMP101.VIBRATION_RMS,3.2729999999999997,mm/s,GOOD
2025-02-07 20:00:00,PUMP101.VIBRATION_RMS,3.48,mm/s,GOOD
2025-02-07 21:00:00,PUMP101.VIBRATION_RMS,3.314,mm/s,GOOD
2025-02-07 22:00:00,PUMP101.VIBRATION_RMS,3.367,mm/s,GOOD
2025-02-07 23:00:00,PUMP101.VIBRATION_RMS,3.545,mm/s,GOOD
2025-02-08 00:00:00,PUMP101.VIBRATION_RMS,3.5730000000000004,mm/s,GOOD
2025-02-08 01:00:00,PUMP101.VIBRATION_RMS,3.402,mm/s,GOOD
2025-02-08 02:00:00,PUMP101.VIBRATION_RMS,3.648,mm/s,GOOD
2025-02-08 03:00:00,PUMP101.VIBRATION_RMS,3.679,mm/s,GOOD
2025-02-08 04:00:00,PUMP101.VIBRATION_RMS,3.7249999999999996,mm/s,GOOD
2025-02-08 05:00:00,PUMP101.VIBRATION_RMS,3.5940000000000003,mm/s,GOOD
2025-02-08 06:00:00,PUMP101.VIBRATION_RMS,3.725,mm/s,GOOD
2025-02-08 07:00:00,PUMP101.VIBRATION_RMS,3.243,mm/s,GOOD
2025-02-08 08:00:00,PUMP101.VIBRATION_RMS,3.482,mm/s,GOOD
2025-02-08 09:00:00,PUMP101.VIBRATION_RMS,3.4050000000000002,mm/s,GOOD
2025-02-08 10:00:00,PUMP101.VIBRATION_RMS,3.558,mm/s,GOOD
2025-02-08 11:00:00,PUMP101.VIBRATION_RMS,3.459,mm/s,GOOD
2025-02-08 12:00:00,PUMP101.VIBRATION_RMS,3.5250000000000004,mm/s,GOOD
2025-02-08 13:00:00,PUMP101.VIBRATION_RMS,3.8369999999999997,mm/s,GOOD
2025-02-08 14:00:00,PUMP101.VIBRATION_RMS,3.535,mm/s,GOOD
2025-02-08 15:00:00,PUMP101.VIBRATION_RMS,3.627,mm/s,GOOD
2025-02-08 16:00:00,PUMP101.VIBRATION_RMS,3.5349999999999997,mm/s,GOOD
2025-02-08 17:00:00,PUMP101.VIBRATION_RMS,3.5860000000000003,mm/s,GOOD
2025-02-08 18:00:00,PUMP101.VIBRATION_RMS,3.581,mm/s,GOOD
2025-02-08 19:00:00,PUMP101.VIBRATION_RMS,3.652,mm/s,GOOD
2025-02-08 20:00:00,PUMP101.VIBRATION_RMS,3.7649999999999997,mm/s,GOOD
2025-02-08 21:00:00,PUMP101.VIBRATION_RMS,3.8419999999999996,mm/s,GOOD
2025-02-08 22:00:00,PUMP101.VIBRATION_RMS,3.646,mm/s,GOOD
2025-02-08 23:00:00,PUMP101.VIBRATION_RMS,3.693,mm/s,GOOD
2025-02-09 00:00:00,PUMP101.VIBRATION_RMS,3.437,mm/s,GOOD
2025-02-09 01:00:00,PUMP101.VIBRATION_RMS,3.6020000000000003,mm/s,GOOD
2025-02-09 02:00:00,PUMP101.VIBRATION_RMS,3.761,mm/s,GOOD
2025-02-09 03:00:00,PUMP101.VIBRATION_RMS,3.755,mm/s,GOOD
2025-02-09 04:00:00,PUMP101.VIBRATION_RMS,3.662,mm/s,GOOD
2025-02-09 05:00:00,PUMP101.VIBRATION_RMS,3.768,mm/s,GOOD
2025-02-09 06:00:00,PUMP101.VIBRATION_RMS,3.7139999999999995,mm/s,GOOD
2025-02-09 07:00:00,PUMP101.VIBRATION_RMS,3.825,mm/s,GOOD
2025-02-09 08:00:00,PUMP101.VIBRATION_RMS,3.6930000000000005,mm/s,GOOD
2025-02-09 09:00:00,PUMP101.VIBRATION_RMS,3.6020000000000003,mm/s,GOOD
2025-02-09 10:00:00,PUMP101.VIBRATION_RMS,3.71,mm/s,GOOD
2025-02-09 11:00:00,PUMP101.VIBRATION_RMS,3.225,mm/s,GOOD
2025-02-09 12:00:00,PUMP101.VIBRATION_RMS,3.727,mm/s,GOOD
2025-02-09 13:00:00,PUMP101.VIBRATION_RMS,3.128,mm/s,GOOD
2025-02-09 14:00:00,PUMP101.VIBRATION_RMS,3.4210000000000003,mm/s,GOOD
2025-02-09 15:00:00,PUMP101.VIBRATION_RMS,3.753,mm/s,GOOD
2025-02-09 16:00:00,PUMP101.VIBRATION_RMS,3.762,mm/s,GOOD
2025-02-09 17:00:00,PUMP101.VIBRATION_RMS,3.521,mm/s,GOOD
2025-02-09 18:00:00,PUMP101.VIBRATION_RMS,3.593,mm/s,BAD
2025-02-09 19:00:00,PUMP101.VIBRATION_RMS,3.9109999999999996,mm/s,GOOD
2025-02-09 20:00:00,PUMP101.VIBRATION_RMS,3.637,mm/s,BAD
2025-02-09 21:00:00,PUMP101.VIBRATION_RMS,4.051,mm/s,GOOD
2025-02-09 22:00:00,PUMP101.VIBRATION_RMS,3.7199999999999998,mm/s,GOOD
2025-02-09 23:00:00,PUMP101.VIBRATION_RMS,3.786,mm/s,GOOD
2025-02-10 00:00:00,PUMP101.VIBRATION_RMS,3.973,mm/s,GOOD
2025-02-10 01:00:00,PUMP101.VIBRATION_RMS,3.755,mm/s,GOOD
2025-02-10 02:00:00,PUMP101.VIBRATION_RMS,3.59,mm/s,GOOD
2025-02-10 03:00:00,PUMP101.VIBRATION_RMS,3.729,mm/s,GOOD
2025-02-10 04:00:00,PUMP101.VIBRATION_RMS,3.745,mm/s,GOOD
2025-02-10 05:00:00,PUMP101.VIBRATION_RMS,3.55,mm/s,GOOD
2025-02-10 06:00:00,PUMP101.VIBRATION_RMS,3.7220000000000004,mm/s,GOOD
2025-02-10 07:00:00,PUMP101.VIBRATION_RMS,3.654,mm/s,GOOD
2025-02-10 08:00:00,PUMP101.VIBRATION_RMS,3.909,mm/s,GOOD
2025-02-10 09:00:00,PUMP101.VIBRATION_RMS,3.78,mm/s,GOOD
2025-02-10 10:00:00,PUMP101.VIBRATION_RMS,3.738,mm/s,GOOD
2025-02-10 11:00:00,PUMP101.VIBRATION_RMS,3.769,mm/s,GOOD
2025-02-10 12:00:00,PUMP101.VIBRATION_RMS,3.823,mm/s,GOOD
2025-02-10 13:00:00,PUMP101.VIBRATION_RMS,3.888,mm/s,GOOD
2025-02-10 14:00:00,PUMP101.VIBRATION_RMS,3.6500000000000004,mm/s,GOOD
2025-02-10 15:00:00,PUMP101.VIBRATION_RMS,3.649,mm/s,GOOD
2025-02-10 16:00:00,PUMP101.VIBRATION_RMS,3.976,mm/s,GOOD
2025-02-10 17:00:00,PUMP101.VIBRATION_RMS,3.753,mm/s,GOOD
2025-02-10 18:00:00,PUMP101.VIBRATION_RMS,3.6069999999999998,mm/s,GOOD
2025-02-10 19:00:00,PUMP101.VIBRATION_RMS,3.8920000000000003,mm/s,GOOD
2025-02-10 20:00:00,PUMP101.VIBRATION_RMS,3.9,mm/s,GOOD
2025-02-10 21:00:00,PUMP101.VIBRATION_RMS,3.605,mm/s,GOOD
2025-02-10 22:00:00,PUMP101.VIBRATION_RMS,3.8739999999999997,mm/s,GOOD
2025-02-10 23:00:00,PUMP101.VIBRATION_RMS,3.955,mm/s,GOOD
2025-02-11 00:00:00,PUMP101.VIBRATION_RMS,3.9059999999999997,mm/s,GOOD
2025-02-11 01:00:00,PUMP101.VIBRATION_RMS,3.95,mm/s,GOOD
2025-02-11 02:00:00,PUMP101.VIBRATION_RMS,3.649,mm/s,GOOD
2025-02-11 03:00:00,PUMP101.VIBRATION_RMS,3.915,mm/s,GOOD
2025-02-11 04:00:00,PUMP101.VIBRATION_RMS,3.825,mm/s,GOOD
2025-02-11 05:00:00,PUMP101.VIBRATION_RMS,3.803,mm/s,GOOD
2025-02-11 06:00:00,PUMP101.VIBRATION_RMS,4.010999999999999,mm/s,GOOD
2025-02-11 07:00:00,PUMP101.VIBRATION_RMS,4.106999999999999,mm/s,GOOD
2025-02-11 08:00:00,PUMP101.VIBRATION_RMS,4.159000000000001,mm/s,GOOD
2025-02-11 09:00:00,PUMP101.VIBRATION_RMS,4.0920000000000005,mm/s,GOOD
2025-02-11 10:00:00,PUMP101.VIBRATION_RMS,3.884,mm/s,GOOD
2025-02-11 11:00:00,PUMP101.VIBRATION_RMS,3.958,mm/s,GOOD
2025-02-11 12:00:00,PUMP101.VIBRATION_RMS,4.025,mm/s,GOOD
2025-02-11 13:00:00,PUMP101.VIBRATION_RMS,3.933,mm/s,GOOD
2025-02-11 14:00:00,PUMP101.VIBRATION_RMS,3.94,mm/s,GOOD
2025-02-11 15:00:00,PUMP101.VIBRATION_RMS,4.049,mm/s,GOOD
2025-02-11 16:00:00,PUMP101.VIBRATION_RMS,3.9210000000000003,mm/s,GOOD
2025-02-11 17:00:00,PUMP101.VIBRATION_RMS,3.826,mm/s,GOOD
2025-02-11 18:00:00,PUMP101.VIBRATION_RMS,3.878,mm/s,GOOD
2025-02-11 19:00:00,PUMP101.VIBRATION_RMS,4.04,mm/s,GOOD
2025-02-11 20:00:00,PUMP101.VIBRATION_RMS,3.95,mm/s,GOOD
2025-02-11 21:00:00,PUMP101.VIBRATION_RMS,4.006,mm/s,GOOD
2025-02-11 22:00:00,PUMP101.VIBRATION_RMS,4.061,mm/s,GOOD
2025-02-11 23:00:00,PUMP101.VIBRATION_RMS,3.909,mm/s,GOOD
2025-02-12 00:00:00,PUMP101.VIBRATION_RMS,4.083,mm/s,GOOD
2025-02-12 01:00:00,PUMP101.VIBRATION_RMS,4.032,mm/s,GOOD
2025-02-12 02:00:00,PUMP101.VIBRATION_RMS,3.795,mm/s,GOOD
2025-02-12 03:00:00,PUMP101.VIBRATION_RMS,4.2010000000000005,mm/s,GOOD
2025-02-12 04:00:00,PUMP101.VIBRATION_RMS,3.9149999999999996,mm/s,GOOD
2025-02-12 05:00:00,PUMP101.VIBRATION_RMS,3.747,mm/s,GOOD
2025-02-12 06:00:00,PUMP101.VIBRATION_RMS,3.843,mm/s,GOOD
2025-02-12 07:00:00,PUMP101.VIBRATION_RMS,3.852,mm/s,GOOD
2025-02-12 08:00:00,PUMP101.VIBRATION_RMS,4.018,mm/s,GOOD
2025-02-12 09:00:00,PUMP101.VIBRATION_RMS,3.974,mm/s,GOOD
2025-02-12 10:00:00,PUMP101.VIBRATION_RMS,3.9689999999999994,mm/s,GOOD
2025-02-12 11:00:00,PUMP101.VIBRATION_RMS,4.118,mm/s,GOOD
2025-02-12 12:00:00,PUMP101.VIBRATION_RMS,4.081,mm/s,GOOD
2025-02-12 13:00:00,PUMP101.VIBRATION_RMS,4.082,mm/s,GOOD
2025-02-12 14:00:00,PUMP101.VIBRATION_RMS,4.101,mm/s,GOOD
2025-02-12 15:00:00,PUMP101.VIBRATION_RMS,4.1370000000000005,mm/s,GOOD
2025-02-12 16:00:00,PUMP101.VIBRATION_RMS,3.734,mm/s,GOOD
2025-02-12 17:00:00,PUMP101.VIBRATION_RMS,4.0,mm/s,GOOD
2025-02-12 18:00:00,PUMP101.VIBRATION_RMS,3.733,mm/s,GOOD
2025-02-12 19:00:00,PUMP101.VIBRATION_RMS,4.07,mm/s,GOOD
2025-02-12 20:00:00,PUMP101.VIBRATION_RMS,4.069,mm/s,GOOD
2025-02-12 21:00:00,PUMP101.VIBRATION_RMS,4.232,mm/s,GOOD
2025-02-12 22:00:00,PUMP101.VIBRATION_RMS,4.258,mm/s,GOOD
2025-02-12 23:00:00,PUMP101.VIBRATION_RMS,4.115,mm/s,GOOD
2025-02-13 00:00:00,PUMP101.VIBRATION_RMS,4.015,mm/s,GOOD
2025-02-13 01:00:00,PUMP101.VIBRATION_RMS,4.168,mm/s,GOOD
2025-02-13 02:00:00,PUMP101.VIBRATION_RMS,4.021,mm/s,GOOD
2025-02-13 03:00:00,PUMP101.VIBRATION_RMS,4.105,mm/s,GOOD
2025-02-13 04:00:00,PUMP101.VIBRATION_RMS,4.258,mm/s,GOOD
2025-02-13 05:00:00,PUMP101.VIBRATION_RMS,4.031,mm/s,GOOD
2025-02-13 06:00:00,PUMP101.VIBRATION_RMS,4.241,mm/s,GOOD
2025-02-13 07:00:00,PUMP101.VIBRATION_RMS,4.226999999999999,mm/s,GOOD
2025-02-13 08:00:00,PUMP101.VIBRATION_RMS,3.987,mm/s,GOOD
2025-02-13 09:00:00,PUMP101.VIBRATION_RMS,4.281,mm/s,GOOD
2025-02-13 10:00:00,PUMP101.VIBRATION_RMS,4.245,mm/s,GOOD
2025-02-13 11:00:00,PUMP101.VIBRATION_RMS,4.16,mm/s,GOOD
2025-02-13 12:00:00,PUMP101.VIBRATION_RMS,4.036,mm/s,GOOD
2025-02-13 13:00:00,PUMP101.VIBRATION_RMS,4.026,mm/s,GOOD
2025-02-13 14:00:00,PUMP101.VIBRATION_RMS,4.079,mm/s,GOOD
2025-02-13 15:00:00,PUMP101.VIBRATION_RMS,4.246,mm/s,GOOD
2025-02-13 16:00:00,PUMP101.VIBRATION_RMS,4.027,mm/s,GOOD
2025-02-13 17:00:00,PUMP101.VIBRATION_RMS,4.241,mm/s,GOOD
2025-02-13 18:00:00,PUMP101.VIBRATION_RMS,3.9939999999999998,mm/s,GOOD
2025-02-13 19:00:00,PUMP101.VIBRATION_RMS,4.154,mm/s,GOOD
2025-02-13 20:00:00,PUMP101.VIBRATION_RMS,4.2059999999999995,mm/s,GOOD
2025-02-13 21:00:00,PUMP101.VIBRATION_RMS,4.561999999999999,mm/s,GOOD
2025-02-13 22:00:00,PUMP101.VIBRATION_RMS,3.9930000000000003,mm/s,GOOD
2025-02-13 23:00:00,PUMP101.VIBRATION_RMS,4.426,mm/s,GOOD
2025-02-14 00:00:00,PUMP101.VIBRATION_RMS,4.231999999999999,mm/s,GOOD
2025-02-14 01:00:00,PUMP101.VIBRATION_RMS,4.276999999999999,mm/s,GOOD
2025-02-14 02:00:00,PUMP101.VIBRATION_RMS,4.2379999999999995,mm/s,GOOD
2025-02-14 03:00:00,PUMP101.VIBRATION_RMS,4.292,mm/s,GOOD
2025-02-14 04:00:00,PUMP101.VIBRATION_RMS,4.207,mm/s,GOOD
2025-02-14 05:00:00,PUMP101.VIBRATION_RMS,4.453,mm/s,GOOD
2025-02-14 06:00:00,PUMP101.VIBRATION_RMS,4.172,mm/s,GOOD
2025-02-14 07:00:00,PUMP101.VIBRATION_RMS,4.415,mm/s,GOOD
2025-02-14 08:00:00,PUMP101.VIBRATION_RMS,4.1530000000000005,mm/s,GOOD
2025-02-14 09:00:00,PUMP101.VIBRATION_RMS,4.246,mm/s,GOOD
2025-02-14 10:00:00,PUMP101.VIBRATION_RMS,4.099,mm/s,GOOD
2025-02-14 11:00:00,PUMP101.VIBRATION_RMS,4.333,mm/s,GOOD
2025-02-14 12:00:00,PUMP101.VIBRATION_RMS,4.487,mm/s,GOOD
2025-02-14 13:00:00,PUMP101.VIBRATION_RMS,4.263,mm/s,GOOD
2025-02-14 14:00:00,PUMP101.VIBRATION_RMS,4.25,mm/s,GOOD
2025-02-14 15:00:00,PUMP101.VIBRATION_RMS,4.118,mm/s,GOOD
2025-02-14 16:00:00,PUMP101.VIBRATION_RMS,4.256,mm/s,GOOD
2025-02-14 17:00:00,PUMP101.VIBRATION_RMS,4.056,mm/s,BAD
2025-02-14 18:00:00,PUMP101.VIBRATION_RMS,4.163,mm/s,GOOD
2025-02-14 19:00:00,PUMP101.VIBRATION_RMS,4.3389999999999995,mm/s,GOOD
2025-02-14 20:00:00,PUMP101.VIBRATION_RMS,4.508,mm/s,GOOD
2025-02-14 21:00:00,PUMP101.VIBRATION_RMS,4.736,mm/s,GOOD
2025-02-14 22:00:00,PUMP101.VIBRATION_RMS,4.231999999999999,mm/s,GOOD
2025-02-14 23:00:00,PUMP101.VIBRATION_RMS,4.54,mm/s,GOOD
2025-02-15 00:00:00,PUMP101.VIBRATION_RMS,4.367,mm/s,GOOD
2025-02-15 01:00:00,PUMP101.VIBRATION_RMS,4.311999999999999,mm/s,GOOD
2025-02-15 02:00:00,PUMP101.VIBRATION_RMS,4.405,mm/s,GOOD
2025-02-15 03:00:00,PUMP101.VIBRATION_RMS,4.354,mm/s,GOOD
2025-02-15 04:00:00,PUMP101.VIBRATION_RMS,4.367,mm/s,GOOD
2025-02-15 05:00:00,PUMP101.VIBRATION_RMS,4.2940000000000005,mm/s,GOOD
2025-02-15 06:00:00,PUMP101.VIBRATION_RMS,4.15,mm/s,GOOD
2025-02-15 07:00:00,PUMP101.VIBRATION_RMS,4.132999999999999,mm/s,GOOD
2025-02-15 08:00:00,PUMP101.VIBRATION_RMS,4.468,mm/s,GOOD
2025-02-15 09:00:00,PUMP101.VIBRATION_RMS,4.333,mm/s,GOOD
2025-02-15 10:00:00,PUMP101.VIBRATION_RMS,4.291,mm/s,GOOD
2025-02-15 11:00:00,PUMP101.VIBRATION_RMS,4.386,mm/s,GOOD
2025-02-15 12:00:00,PUMP101.VIBRATION_RMS,4.509,mm/s,GOOD
2025-02-15 13:00:00,PUMP101.VIBRATION_RMS,4.422,mm/s,GOOD
2025-02-15 14:00:00,PUMP101.VIBRATION_RMS,4.302,mm/s,GOOD
2025-02-15 15:00:00,PUMP101.VIBRATION_RMS,4.589,mm/s,GOOD
2025-02-15 16:00:00,PUMP101.VIBRATION_RMS,4.647,mm/s,GOOD
2025-02-15 17:00:00,PUMP101.VIBRATION_RMS,4.489,mm/s,GOOD
2025-02-15 18:00:00,PUMP101.VIBRATION_RMS,4.566,mm/s,GOOD
2025-02-15 19:00:00,PUMP101.VIBRATION_RMS,4.611,mm/s,GOOD
2025-02-15 20:00:00,PUMP101.VIBRATION_RMS,4.6,mm/s,GOOD
2025-02-15 21:00:00,PUMP101.VIBRATION_RMS,4.527,mm/s,GOOD
2025-02-15 22:00:00,PUMP101.VIBRATION_RMS,4.53,mm/s,GOOD
2025-02-15 23:00:00,PUMP101.VIBRATION_RMS,4.523,mm/s,GOOD
2025-02-16 00:00:00,PUMP101.VIBRATION_RMS,4.285,mm/s,GOOD
2025-02-16 01:00:00,PUMP101.VIBRATION_RMS,4.5600000000000005,mm/s,GOOD
2025-02-16 02:00:00,PUMP101.VIBRATION_RMS,4.257,mm/s,GOOD
2025-02-16 03:00:00,PUMP101.VIBRATION_RMS,4.346,mm/s,GOOD
2025-02-16 04:00:00,PUMP101.VIBRATION_RMS,4.666,mm/s,GOOD
2025-02-16 05:00:00,PUMP101.VIBRATION_RMS,4.601,mm/s,GOOD
2025-02-16 06:00:00,PUMP101.VIBRATION_RMS,4.702999999999999,mm/s,GOOD
2025-02-16 07:00:00,PUMP101.VIBRATION_RMS,4.444,mm/s,GOOD
2025-02-16 08:00:00,PUMP101.VIBRATION_RMS,4.317,mm/s,GOOD
2025-02-16 09:00:00,PUMP101.VIBRATION_RMS,4.459,mm/s,GOOD
2025-02-16 10:00:00,PUMP101.VIBRATION_RMS,4.515000000000001,mm/s,GOOD
2025-02-16 11:00:00,PUMP101.VIBRATION_RMS,4.5169999999999995,mm/s,GOOD
2025-02-16 12:00:00,PUMP101.VIBRATION_RMS,4.68,mm/s,GOOD
2025-02-16 13:00:00,PUMP101.VIBRATION_RMS,4.461,mm/s,GOOD
2025-02-16 14:00:00,PUMP101.VIBRATION_RMS,4.5729999999999995,mm/s,GOOD
2025-02-16 15:00:00,PUMP101.VIBRATION_RMS,4.377,mm/s,GOOD
2025-02-16 16:00:00,PUMP101.VIBRATION_RMS,4.598000000000001,mm/s,GOOD
2025-02-16 17:00:00,PUMP101.VIBRATION_RMS,4.535,mm/s,GOOD
2025-02-16 18:00:00,PUMP101.VIBRATION_RMS,4.428,mm/s,GOOD
2025-02-16 19:00:00,PUMP101.VIBRATION_RMS,4.51,mm/s,GOOD
2025-02-16 20:00:00,PUMP101.VIBRATION_RMS,4.522,mm/s,GOOD
2025-02-16 21:00:00,PUMP101.VIBRATION_RMS,4.513999999999999,mm/s,GOOD
2025-02-16 22:00:00,PUMP101.VIBRATION_RMS,4.8260000000000005,mm/s,GOOD
2025-02-16 23:00:00,PUMP101.VIBRATION_RMS,4.55,mm/s,GOOD
2025-02-17 00:00:00,PUMP101.VIBRATION_RMS,4.5329999999999995,mm/s,GOOD
2025-02-17 01:00:00,PUMP101.VIBRATION_RMS,4.26,mm/s,GOOD
2025-02-17 02:00:00,PUMP101.VIBRATION_RMS,4.446,mm/s,GOOD
2025-02-17 03:00:00,PUMP101.VIBRATION_RMS,4.545999999999999,mm/s,GOOD
2025-02-17 04:00:00,PUMP101.VIBRATION_RMS,4.487,mm/s,GOOD
2025-02-17 05:00:00,PUMP101.VIBRATION_RMS,4.802,mm/s,GOOD
2025-02-17 06:00:00,PUMP101.VIBRATION_RMS,4.575,mm/s,GOOD
2025-02-17 07:00:00,PUMP101.VIBRATION_RMS,4.798,mm/s,GOOD
2025-02-17 08:00:00,PUMP101.VIBRATION_RMS,4.619,mm/s,GOOD
2025-02-17 09:00:00,PUMP101.VIBRATION_RMS,4.6209999999999996,mm/s,GOOD
2025-02-17 10:00:00,PUMP101.VIBRATION_RMS,4.607,mm/s,GOOD
2025-02-17 11:00:00,PUMP101.VIBRATION_RMS,4.6259999999999994,mm/s,GOOD
2025-02-17 12:00:00,PUMP101.VIBRATION_RMS,4.888,mm/s,GOOD
2025-02-17 13:00:00,PUMP101.VIBRATION_RMS,4.287000000000001,mm/s,GOOD
2025-02-17 14:00:00,PUMP101.VIBRATION_RMS,4.34,mm/s,GOOD
2025-02-17 15:00:00,PUMP101.VIBRATION_RMS,4.564,mm/s,GOOD
2025-02-17 16:00:00,PUMP101.VIBRATION_RMS,4.651999999999999,mm/s,GOOD
2025-02-17 17:00:00,PUMP101.VIBRATION_RMS,4.759,mm/s,GOOD
2025-02-17 18:00:00,PUMP101.VIBRATION_RMS,4.731,mm/s,GOOD
2025-02-17 19:00:00,PUMP101.VIBRATION_RMS,4.607,mm/s,GOOD
2025-02-17 20:00:00,PUMP101.VIBRATION_RMS,4.823,mm/s,GOOD
2025-02-17 21:00:00,PUMP101.VIBRATION_RMS,4.83,mm/s,GOOD
2025-02-17 22:00:00,PUMP101.VIBRATION_RMS,4.708,mm/s,GOOD
2025-02-17 23:00:00,PUMP101.VIBRATION_RMS,4.829,mm/s,GOOD
2025-02-18 00:00:00,PUMP101.VIBRATION_RMS,4.731,mm/s,GOOD
2025-02-18 01:00:00,PUMP101.VIBRATION_RMS,4.611,mm/s,GOOD
2025-02-18 02:00:00,PUMP101.VIBRATION_RMS,4.805,mm/s,GOOD
2025-02-18 03:00:00,PUMP101.VIBRATION_RMS,4.7219999999999995,mm/s,GOOD
2025-02-18 04:00:00,PUMP101.VIBRATION_RMS,4.71,mm/s,GOOD
2025-02-18 05:00:00,PUMP101.VIBRATION_RMS,4.936,mm/s,GOOD
2025-02-18 06:00:00,PUMP101.VIBRATION_RMS,4.352,mm/s,GOOD
2025-02-18 07:00:00,PUMP101.VIBRATION_RMS,4.5120000000000005,mm/s,GOOD
2025-02-18 08:00:00,PUMP101.VIBRATION_RMS,4.552,mm/s,GOOD
2025-02-18 09:00:00,PUMP101.VIBRATION_RMS,4.681,mm/s,GOOD
2025-02-18 10:00:00,PUMP101.VIBRATION_RMS,4.702,mm/s,GOOD
2025-02-18 11:00:00,PUMP101.VIBRATION_RMS,4.519,mm/s,GOOD
2025-02-18 12:00:00,PUMP101.VIBRATION_RMS,4.602,mm/s,GOOD
2025-02-18 13:00:00,PUMP101.VIBRATION_RMS,4.6259999999999994,mm/s,GOOD
2025-02-18 14:00:00,PUMP101.VIBRATION_RMS,5.129,mm/s,GOOD
2025-02-18 15:00:00,PUMP101.VIBRATION_RMS,5.035,mm/s,GOOD
2025-02-18 16:00:00,PUMP101.VIBRATION_RMS,4.708,mm/s,GOOD
2025-02-18 17:00:00,PUMP101.VIBRATION_RMS,4.72,mm/s,GOOD
2025-02-18 18:00:00,PUMP101.VIBRATION_RMS,4.608,mm/s,GOOD
2025-02-18 19:00:00,PUMP101.VIBRATION_RMS,4.4990000000000006,mm/s,GOOD
2025-02-18 20:00:00,PUMP101.VIBRATION_RMS,4.772,mm/s,GOOD
2025-02-18 21:00:00,PUMP101.VIBRATION_RMS,4.645,mm/s,GOOD
2025-02-18 22:00:00,PUMP101.VIBRATION_RMS,4.787000000000001,mm/s,GOOD
2025-02-18 23:00:00,PUMP101.VIBRATION_RMS,4.5649999999999995,mm/s,GOOD
2025-02-19 00:00:00,PUMP101.VIBRATION_RMS,4.696,mm/s,GOOD
2025-02-19 01:00:00,PUMP101.VIBRATION_RMS,4.837,mm/s,GOOD
2025-02-19 02:00:00,PUMP101.VIBRATION_RMS,4.875,mm/s,GOOD
2025-02-19 03:00:00,PUMP101.VIBRATION_RMS,4.888,mm/s,GOOD
2025-02-19 04:00:00,PUMP101.VIBRATION_RMS,4.632,mm/s,GOOD
2025-02-19 05:00:00,PUMP101.VIBRATION_RMS,4.963,mm/s,GOOD
2025-02-19 06:00:00,PUMP101.VIBRATION_RMS,4.72,mm/s,GOOD
2025-02-19 07:00:00,PUMP101.VIBRATION_RMS,4.94,mm/s,GOOD
2025-02-19 08:00:00,PUMP101.VIBRATION_RMS,4.848,mm/s,GOOD
2025-02-19 09:00:00,PUMP101.VIBRATION_RMS,4.649,mm/s,GOOD
2025-02-19 10:00:00,PUMP101.VIBRATION_RMS,4.813,mm/s,GOOD
2025-02-19 11:00:00,PUMP101.VIBRATION_RMS,4.92,mm/s,GOOD
2025-02-19 12:00:00,PUMP101.VIBRATION_RMS,4.962,mm/s,GOOD
2025-02-19 13:00:00,PUMP101.VIBRATION_RMS,4.854,mm/s,GOOD
2025-02-19 14:00:00,PUMP101.VIBRATION_RMS,5.109999999999999,mm/s,GOOD
2025-02-19 15:00:00,PUMP101.VIBRATION_RMS,5.036,mm/s,GOOD
2025-02-19 16:00:00,PUMP101.VIBRATION_RMS,4.852,mm/s,GOOD
2025-02-19 17:00:00,PUMP101.VIBRATION_RMS,5.007999999999999,mm/s,GOOD
2025-02-19 18:00:00,PUMP101.VIBRATION_RMS,5.1899999999999995,mm/s,GOOD
2025-02-19 19:00:00,PUMP101.VIBRATION_RMS,5.199,mm/s,GOOD
2025-02-19 20:00:00,PUMP101.VIBRATION_RMS,4.725999999999999,mm/s,GOOD
2025-02-19 21:00:00,PUMP101.VIBRATION_RMS,4.776,mm/s,GOOD
2025-02-19 22:00:00,PUMP101.VIBRATION_RMS,5.143,mm/s,GOOD
2025-02-19 23:00:00,PUMP101.VIBRATION_RMS,4.766,mm/s,GOOD
2025-02-20 00:00:00,PUMP101.VIBRATION_RMS,4.731999999999999,mm/s,GOOD
2025-02-20 01:00:00,PUMP101.VIBRATION_RMS,4.862,mm/s,GOOD
2025-02-20 02:00:00,PUMP101.VIBRATION_RMS,5.003,mm/s,GOOD
2025-02-20 03:00:00,PUMP101.VIBRATION_RMS,4.93,mm/s,GOOD
2025-02-20 04:00:00,PUMP101.VIBRATION_RMS,4.852,mm/s,GOOD
2025-02-20 05:00:00,PUMP101.VIBRATION_RMS,4.853999999999999,mm/s,GOOD
2025-02-20 06:00:00,PUMP101.VIBRATION_RMS,4.853,mm/s,GOOD
2025-02-20 07:00:00,PUMP101.VIBRATION_RMS,4.833,mm/s,GOOD
2025-02-20 08:00:00,PUMP101.VIBRATION_RMS,5.311999999999999,mm/s,GOOD
2025-02-20 09:00:00,PUMP101.VIBRATION_RMS,5.02,mm/s,GOOD
2025-02-20 10:00:00,PUMP101.VIBRATION_RMS,5.1129999999999995,mm/s,GOOD
2025-02-20 11:00:00,PUMP101.VIBRATION_RMS,4.912,mm/s,GOOD
2025-02-20 12:00:00,PUMP101.VIBRATION_RMS,4.962,mm/s,GOOD
2025-02-20 13:00:00,PUMP101.VIBRATION_RMS,4.888,mm/s,GOOD
2025-02-20 14:00:00,PUMP101.VIBRATION_RMS,4.601999999999999,mm/s,GOOD
2025-02-20 15:00:00,PUMP101.VIBRATION_RMS,4.798,mm/s,GOOD
2025-02-20 16:00:00,PUMP101.VIBRATION_RMS,4.738,mm/s,GOOD
2025-02-20 17:00:00,PUMP101.VIBRATION_RMS,4.677999999999999,mm/s,GOOD
2025-02-20 18:00:00,PUMP101.VIBRATION_RMS,4.841,mm/s,GOOD
2025-02-20 19:00:00,PUMP101.VIBRATION_RMS,5.224,mm/s,GOOD
2025-02-20 20:00:00,PUMP101.VIBRATION_RMS,5.023,mm/s,GOOD
2025-02-20 21:00:00,PUMP101.VIBRATION_RMS,5.228999999999999,mm/s,GOOD
2025-02-20 22:00:00,PUMP101.VIBRATION_RMS,5.102,mm/s,GOOD
2025-02-20 23:00:00,PUMP101.VIBRATION_RMS,5.162,mm/s,GOOD
2025-02-21 00:00:00,PUMP101.VIBRATION_RMS,4.915,mm/s,GOOD
2025-02-21 01:00:00,PUMP101.VIBRATION_RMS,5.134,mm/s,GOOD
2025-02-21 02:00:00,PUMP101.VIBRATION_RMS,5.169,mm/s,GOOD
2025-02-21 03:00:00,PUMP101.VIBRATION_RMS,4.979,mm/s,GOOD
2025-02-21 04:00:00,PUMP101.VIBRATION_RMS,5.154,mm/s,GOOD
2025-02-21 05:00:00,PUMP101.VIBRATION_RMS,5.16,mm/s,GOOD
2025-02-21 06:00:00,PUMP101.VIBRATION_RMS,4.998,mm/s,GOOD
2025-02-21 07:00:00,PUMP101.VIBRATION_RMS,4.917,mm/s,GOOD
2025-02-21 08:00:00,PUMP101.VIBRATION_RMS,4.912,mm/s,GOOD
2025-02-21 09:00:00,PUMP101.VIBRATION_RMS,5.108,mm/s,BAD
2025-02-21 10:00:00,PUMP101.VIBRATION_RMS,5.149,mm/s,GOOD
2025-02-21 11:00:00,PUMP101.VIBRATION_RMS,4.986,mm/s,GOOD
2025-02-21 12:00:00,PUMP101.VIBRATION_RMS,5.114,mm/s,GOOD
2025-02-21 13:00:00,PUMP101.VIBRATION_RMS,5.2010000000000005,mm/s,GOOD
2025-02-21 14:00:00,PUMP101.VIBRATION_RMS,5.212999999999999,mm/s,GOOD
2025-02-21 15:00:00,PUMP101.VIBRATION_RMS,5.3580000000000005,mm/s,GOOD
2025-02-21 16:00:00,PUMP101.VIBRATION_RMS,5.322,mm/s,GOOD
2025-02-21 17:00:00,PUMP101.VIBRATION_RMS,4.984999999999999,mm/s,GOOD
2025-02-21 18:00:00,PUMP101.VIBRATION_RMS,5.393,mm/s,GOOD
2025-02-21 19:00:00,PUMP101.VIBRATION_RMS,5.0649999999999995,mm/s,GOOD
2025-02-21 20:00:00,PUMP101.VIBRATION_RMS,5.307,mm/s,BAD
2025-02-21 21:00:00,PUMP101.VIBRATION_RMS,5.164999999999999,mm/s,GOOD
2025-02-21 22:00:00,PUMP101.VIBRATION_RMS,5.098000000000001,mm/s,GOOD
2025-02-21 23:00:00,PUMP101.VIBRATION_RMS,4.894,mm/s,GOOD
2025-02-22 00:00:00,PUMP101.VIBRATION_RMS,5.144,mm/s,GOOD
2025-02-22 01:00:00,PUMP101.VIBRATION_RMS,4.941,mm/s,GOOD
2025-02-22 02:00:00,PUMP101.VIBRATION_RMS,5.324999999999999,mm/s,GOOD
2025-02-22 03:00:00,PUMP101.VIBRATION_RMS,5.413,mm/s,GOOD
2025-02-22 04:00:00,PUMP101.VIBRATION_RMS,5.07,mm/s,GOOD
2025-02-22 05:00:00,PUMP101.VIBRATION_RMS,5.24,mm/s,GOOD
2025-02-22 06:00:00,PUMP101.VIBRATION_RMS,5.090999999999999,mm/s,GOOD
2025-02-22 07:00:00,PUMP101.VIBRATION_RMS,5.111000000000001,mm/s,GOOD
2025-02-22 08:00:00,PUMP101.VIBRATION_RMS,5.3260000000000005,mm/s,GOOD
2025-02-22 09:00:00,PUMP101.VIBRATION_RMS,5.209,mm/s,GOOD
2025-02-22 10:00:00,PUMP101.VIBRATION_RMS,5.481,mm/s,GOOD
2025-02-22 11:00:00,PUMP101.VIBRATION_RMS,5.153,mm/s,GOOD
2025-02-22 12:00:00,PUMP101.VIBRATION_RMS,5.38,mm/s,GOOD
2025-02-22 13:00:00,PUMP101.VIBRATION_RMS,5.25,mm/s,GOOD
2025-02-22 14:00:00,PUMP101.VIBRATION_RMS,5.359,mm/s,GOOD
2025-02-22 15:00:00,PUMP101.VIBRATION_RMS,5.178,mm/s,GOOD
2025-02-22 16:00:00,PUMP101.VIBRATION_RMS,5.243,mm/s,GOOD
2025-02-22 17:00:00,PUMP101.VIBRATION_RMS,5.2379999999999995,mm/s,GOOD
2025-02-22 18:00:00,PUMP101.VIBRATION_RMS,5.135,mm/s,GOOD
2025-02-22 19:00:00,PUMP101.VIBRATION_RMS,5.364000000000001,mm/s,GOOD
2025-02-22 20:00:00,PUMP101.VIBRATION_RMS,5.367999999999999,mm/s,GOOD
2025-02-22 21:00:00,PUMP101.VIBRATION_RMS,5.364,mm/s,GOOD
2025-02-22 22:00:00,PUMP101.VIBRATION_RMS,5.511,mm/s,GOOD
2025-02-22 23:00:00,PUMP101.VIBRATION_RMS,5.502,mm/s,GOOD
2025-02-23 00:00:00,PUMP101.VIBRATION_RMS,5.234,mm/s,GOOD
2025-02-23 01:00:00,PUMP101.VIBRATION_RMS,5.351,mm/s,GOOD
2025-02-23 02:00:00,PUMP101.VIBRATION_RMS,5.2059999999999995,mm/s,GOOD
2025-02-23 03:00:00,PUMP101.VIBRATION_RMS,5.308999999999999,mm/s,GOOD
2025-02-23 04:00:00,PUMP101.VIBRATION_RMS,5.220000000000001,mm/s,GOOD
2025-02-23 05:00:00,PUMP101.VIBRATION_RMS,5.558,mm/s,GOOD
2025-02-23 06:00:00,PUMP101.VIBRATION_RMS,5.375,mm/s,GOOD
2025-02-23 07:00:00,PUMP101.VIBRATION_RMS,5.292,mm/s,GOOD
2025-02-23 08:00:00,PUMP101.VIBRATION_RMS,5.5089999999999995,mm/s,GOOD
2025-02-23 09:00:00,PUMP101.VIBRATION_RMS,5.009,mm/s,GOOD
2025-02-23 10:00:00,PUMP101.VIBRATION_RMS,5.038,mm/s,GOOD
2025-02-23 11:00:00,PUMP101.VIBRATION_RMS,5.464,mm/s,GOOD
2025-02-23 12:00:00,PUMP101.VIBRATION_RMS,5.359,mm/s,GOOD
2025-02-23 13:00:00,PUMP101.VIBRATION_RMS,5.393,mm/s,GOOD
2025-02-23 14:00:00,PUMP101.VIBRATION_RMS,5.161,mm/s,GOOD
2025-02-23 15:00:00,PUMP101.VIBRATION_RMS,5.362,mm/s,GOOD
2025-02-23 16:00:00,PUMP101.VIBRATION_RMS,5.671,mm/s,GOOD
2025-02-23 17:00:00,PUMP101.VIBRATION_RMS,5.499,mm/s,GOOD
2025-02-23 18:00:00,PUMP101.VIBRATION_RMS,5.404999999999999,mm/s,GOOD
2025-02-23 19:00:00,PUMP101.VIBRATION_RMS,5.319000000000001,mm/s,GOOD
2025-02-23 20:00:00,PUMP101.VIBRATION_RMS,5.3309999999999995,mm/s,GOOD
2025-02-23 21:00:00,PUMP101.VIBRATION_RMS,5.0760000000000005,mm/s,GOOD
2025-02-23 22:00:00,PUMP101.VIBRATION_RMS,5.439,mm/s,GOOD
2025-02-23 23:00:00,PUMP101.VIBRATION_RMS,5.532,mm/s,GOOD
2025-02-24 00:00:00,PUMP101.VIBRATION_RMS,5.1739999999999995,mm/s,GOOD
2025-02-24 01:00:00,PUMP101.VIBRATION_RMS,5.316,mm/s,GOOD
2025-02-24 02:00:00,PUMP101.VIBRATION_RMS,5.246,mm/s,GOOD
2025-02-24 03:00:00,PUMP101.VIBRATION_RMS,5.279999999999999,mm/s,BAD
2025-02-24 04:00:00,PUMP101.VIBRATION_RMS,5.438000000000001,mm/s,GOOD
2025-02-24 05:00:00,PUMP101.VIBRATION_RMS,5.122,mm/s,GOOD
2025-02-24 06:00:00,PUMP101.VIBRATION_RMS,5.532,mm/s,GOOD
2025-02-24 07:00:00,PUMP101.VIBRATION_RMS,5.558,mm/s,GOOD
2025-02-24 08:00:00,PUMP101.VIBRATION_RMS,5.412,mm/s,GOOD
2025-02-24 09:00:00,PUMP101.VIBRATION_RMS,5.083,mm/s,GOOD
2025-02-24 10:00:00,PUMP101.VIBRATION_RMS,5.311,mm/s,GOOD
2025-02-24 11:00:00,PUMP101.VIBRATION_RMS,5.65,mm/s,GOOD
2025-02-24 12:00:00,PUMP101.VIBRATION_RMS,5.053,mm/s,GOOD
2025-02-24 13:00:00,PUMP101.VIBRATION_RMS,5.423,mm/s,GOOD
2025-02-24 14:00:00,PUMP101.VIBRATION_RMS,5.302999999999999,mm/s,GOOD
2025-02-24 15:00:00,PUMP101.VIBRATION_RMS,5.606,mm/s,GOOD
2025-02-24 16:00:00,PUMP101.VIBRATION_RMS,5.389,mm/s,GOOD
2025-02-24 17:00:00,PUMP101.VIBRATION_RMS,5.555999999999999,mm/s,GOOD
2025-02-24 18:00:00,PUMP101.VIBRATION_RMS,5.585,mm/s,GOOD
2025-02-24 19:00:00,PUMP101.VIBRATION_RMS,5.779999999999999,mm/s,GOOD
2025-02-24 20:00:00,PUMP101.VIBRATION_RMS,5.48,mm/s,GOOD
2025-02-24 21:00:00,PUMP101.VIBRATION_RMS,5.571,mm/s,GOOD
2025-02-24 22:00:00,PUMP101.VIBRATION_RMS,5.297000000000001,mm/s,GOOD
2025-02-24 23:00:00,PUMP101.VIBRATION_RMS,5.704,mm/s,GOOD
2025-02-25 00:00:00,PUMP101.VIBRATION_RMS,5.416,mm/s,GOOD
2025-02-25 01:00:00,PUMP101.VIBRATION_RMS,5.4510000000000005,mm/s,GOOD
2025-02-25 02:00:00,PUMP101.VIBRATION_RMS,5.536999999999999,mm/s,GOOD
2025-02-25 03:00:00,PUMP101.VIBRATION_RMS,5.311,mm/s,GOOD
2025-02-25 04:00:00,PUMP101.VIBRATION_RMS,5.584,mm/s,GOOD
2025-02-25 05:00:00,PUMP101.VIBRATION_RMS,5.699999999999999,mm/s,GOOD
2025-02-25 06:00:00,PUMP101.VIBRATION_RMS,5.604,mm/s,GOOD
2025-02-25 07:00:00,PUMP101.VIBRATION_RMS,5.327,mm/s,GOOD
2025-02-25 08:00:00,PUMP101.VIBRATION_RMS,5.551,mm/s,GOOD
2025-02-25 09:00:00,PUMP101.VIBRATION_RMS,5.686,mm/s,GOOD
2025-02-25 10:00:00,PUMP101.VIBRATION_RMS,5.298,mm/s,GOOD
2025-02-25 11:00:00,PUMP101.VIBRATION_RMS,5.4239999999999995,mm/s,GOOD
2025-02-25 12:00:00,PUMP101.VIBRATION_RMS,5.721,mm/s,GOOD
2025-02-25 13:00:00,PUMP101.VIBRATION_RMS,5.636,mm/s,GOOD
2025-02-25 14:00:00,PUMP101.VIBRATION_RMS,5.661999999999999,mm/s,GOOD
2025-02-25 15:00:00,PUMP101.VIBRATION_RMS,5.884,mm/s,GOOD
2025-02-25 16:00:00,PUMP101.VIBRATION_RMS,5.68,mm/s,GOOD
2025-02-25 17:00:00,PUMP101.VIBRATION_RMS,5.714,mm/s,GOOD
2025-02-25 18:00:00,PUMP101.VIBRATION_RMS,6.027,mm/s,GOOD
2025-02-25 19:00:00,PUMP101.VIBRATION_RMS,5.593,mm/s,GOOD
2025-02-25 20:00:00,PUMP101.VIBRATION_RMS,5.51,mm/s,GOOD
2025-02-25 21:00:00,PUMP101.VIBRATION_RMS,5.699,mm/s,GOOD
2025-02-25 22:00:00,PUMP101.VIBRATION_RMS,5.7059999999999995,mm/s,GOOD
2025-02-25 23:00:00,PUMP101.VIBRATION_RMS,5.565999999999999,mm/s,GOOD
2025-02-26 00:00:00,PUMP101.VIBRATION_RMS,5.495,mm/s,GOOD
2025-02-26 01:00:00,PUMP101.VIBRATION_RMS,6.0009999999999994,mm/s,GOOD
2025-02-26 02:00:00,PUMP101.VIBRATION_RMS,5.709,mm/s,GOOD
2025-02-26 03:00:00,PUMP101.VIBRATION_RMS,5.555,mm/s,GOOD
2025-02-26 04:00:00,PUMP101.VIBRATION_RMS,5.807,mm/s,GOOD
2025-02-26 05:00:00,PUMP101.VIBRATION_RMS,5.659,mm/s,GOOD
2025-02-26 06:00:00,PUMP101.VIBRATION_RMS,5.6419999999999995,mm/s,GOOD
2025-02-26 07:00:00,PUMP101.VIBRATION_RMS,5.769,mm/s,GOOD
2025-02-26 08:00:00,PUMP101.VIBRATION_RMS,5.496,mm/s,GOOD
2025-02-26 09:00:00,PUMP101.VIBRATION_RMS,5.747999999999999,mm/s,GOOD
2025-02-26 10:00:00,PUMP101.VIBRATION_RMS,5.987,mm/s,GOOD
2025-02-26 11:00:00,PUMP101.VIBRATION_RMS,5.7749999999999995,mm/s,GOOD
2025-02-26 12:00:00,PUMP101.VIBRATION_RMS,5.654,mm/s,GOOD
2025-02-26 13:00:00,PUMP101.VIBRATION_RMS,5.638999999999999,mm/s,GOOD
2025-02-26 14:00:00,PUMP101.VIBRATION_RMS,5.6579999999999995,mm/s,BAD
2025-02-26 15:00:00,PUMP101.VIBRATION_RMS,5.687,mm/s,GOOD
2025-02-26 16:00:00,PUMP101.VIBRATION_RMS,5.673,mm/s,GOOD
2025-02-26 17:00:00,PUMP101.VIBRATION_RMS,5.872,mm/s,GOOD
2025-02-26 18:00:00,PUMP101.VIBRATION_RMS,5.48,mm/s,GOOD
2025-02-26 19:00:00,PUMP101.VIBRATION_RMS,5.8740000000000006,mm/s,GOOD
2025-02-26 20:00:00,PUMP101.VIBRATION_RMS,5.693,mm/s,GOOD
2025-02-26 21:00:00,PUMP101.VIBRATION_RMS,5.811999999999999,mm/s,GOOD
2025-02-26 22:00:00,PUMP101.VIBRATION_RMS,5.591,mm/s,GOOD
2025-02-26 23:00:00,PUMP101.VIBRATION_RMS,5.9639999999999995,mm/s,GOOD
2025-02-27 00:00:00,PUMP101.VIBRATION_RMS,5.957,mm/s,GOOD
2025-02-27 01:00:00,PUMP101.VIBRATION_RMS,5.9190000000000005,mm/s,GOOD
2025-02-27 02:00:00,PUMP101.VIBRATION_RMS,5.553,mm/s,GOOD
2025-02-27 03:00:00,PUMP101.VIBRATION_RMS,5.909,mm/s,GOOD
2025-02-27 04:00:00,PUMP101.VIBRATION_RMS,5.851,mm/s,GOOD
2025-02-27 05:00:00,PUMP101.VIBRATION_RMS,5.554,mm/s,GOOD
2025-02-27 06:00:00,PUMP101.VIBRATION_RMS,5.795999999999999,mm/s,GOOD
2025-02-27 07:00:00,PUMP101.VIBRATION_RMS,5.86,mm/s,GOOD
2025-02-27 08:00:00,PUMP101.VIBRATION_RMS,5.893,mm/s,GOOD
2025-02-27 09:00:00,PUMP101.VIBRATION_RMS,5.8420000000000005,mm/s,GOOD
2025-02-27 10:00:00,PUMP101.VIBRATION_RMS,5.864,mm/s,GOOD
2025-02-27 11:00:00,PUMP101.VIBRATION_RMS,6.045999999999999,mm/s,GOOD
2025-02-27 12:00:00,PUMP101.VIBRATION_RMS,6.014,mm/s,GOOD
2025-02-27 13:00:00,PUMP101.VIBRATION_RMS,5.404999999999999,mm/s,GOOD
2025-02-27 14:00:00,PUMP101.VIBRATION_RMS,5.792,mm/s,BAD
2025-02-27 15:00:00,PUMP101.VIBRATION_RMS,5.82,mm/s,GOOD
2025-02-27 16:00:00,PUMP101.VIBRATION_RMS,5.587,mm/s,GOOD
2025-02-27 17:00:00,PUMP101.VIBRATION_RMS,5.869,mm/s,GOOD
2025-02-27 18:00:00,PUMP101.VIBRATION_RMS,6.047,mm/s,GOOD
2025-02-27 19:00:00,PUMP101.VIBRATION_RMS,5.702,mm/s,GOOD
2025-02-27 20:00:00,PUMP101.VIBRATION_RMS,5.92,mm/s,GOOD
2025-02-27 21:00:00,PUMP101.VIBRATION_RMS,5.7379999999999995,mm/s,GOOD
2025-02-27 22:00:00,PUMP101.VIBRATION_RMS,5.779,mm/s,GOOD
2025-02-27 23:00:00,PUMP101.VIBRATION_RMS,6.106999999999999,mm/s,GOOD
2025-02-28 00:00:00,PUMP101.VIBRATION_RMS,5.808999999999999,mm/s,BAD
2025-02-28 01:00:00,PUMP101.VIBRATION_RMS,5.964,mm/s,GOOD
2025-02-28 02:00:00,PUMP101.VIBRATION_RMS,5.619,mm/s,GOOD
2025-02-28 03:00:00,PUMP101.VIBRATION_RMS,6.183999999999999,mm/s,GOOD
2025-02-28 04:00:00,PUMP101.VIBRATION_RMS,6.0,mm/s,GOOD
2025-02-28 05:00:00,PUMP101.VIBRATION_RMS,5.888,mm/s,GOOD
2025-02-28 06:00:00,PUMP101.VIBRATION_RMS,6.006,mm/s,GOOD
2025-02-28 07:00:00,PUMP101.VIBRATION_RMS,5.714,mm/s,GOOD
2025-02-28 08:00:00,PUMP101.VIBRATION_RMS,6.106999999999999,mm/s,GOOD
2025-02-28 09:00:00,PUMP101.VIBRATION_RMS,5.886,mm/s,GOOD
2025-02-28 10:00:00,PUMP101.VIBRATION_RMS,5.909,mm/s,GOOD
2025-02-28 11:00:00,PUMP101.VIBRATION_RMS,5.871,mm/s,GOOD
2025-02-28 12:00:00,PUMP101.VIBRATION_RMS,5.8629999999999995,mm/s,GOOD
2025-02-28 13:00:00,PUMP101.VIBRATION_RMS,6.059,mm/s,GOOD
2025-02-28 14:00:00,PUMP101.VIBRATION_RMS,5.997999999999999,mm/s,GOOD
2025-02-28 15:00:00,PUMP101.VIBRATION_RMS,6.063,mm/s,GOOD
2025-02-28 16:00:00,PUMP101.VIBRATION_RMS,5.969,mm/s,GOOD
2025-02-28 17:00:00,PUMP101.VIBRATION_RMS,6.052,mm/s,GOOD
2025-02-28 18:00:00,PUMP101.VIBRATION_RMS,5.917,mm/s,GOOD
2025-02-28 19:00:00,PUMP101.VIBRATION_RMS,6.319,mm/s,GOOD
2025-02-28 20:00:00,PUMP101.VIBRATION_RMS,5.755,mm/s,GOOD
2025-02-28 21:00:00,PUMP101.VIBRATION_RMS,6.183999999999999,mm/s,GOOD
2025-02-28 22:00:00,PUMP101.VIBRATION_RMS,6.205,mm/s,BAD
2025-02-28 23:00:00,PUMP101.VIBRATION_RMS,5.877,mm/s,GOOD
2025-03-01 00:00:00,PUMP101.VIBRATION_RMS,6.343999999999999,mm/s,GOOD
2025-03-01 01:00:00,PUMP101.VIBRATION_RMS,6.164,mm/s,GOOD
2025-03-01 02:00:00,PUMP101.VIBRATION_RMS,6.1659999999999995,mm/s,GOOD
2025-03-01 03:00:00,PUMP101.VIBRATION_RMS,6.029,mm/s,GOOD
2025-03-01 04:00:00,PUMP101.VIBRATION_RMS,5.997,mm/s,GOOD
2025-03-01 05:00:00,PUMP101.VIBRATION_RMS,6.004,mm/s,GOOD
2025-03-01 06:00:00,PUMP101.VIBRATION_RMS,6.099,mm/s,GOOD
2025-03-01 07:00:00,PUMP101.VIBRATION_RMS,6.255,mm/s,GOOD
2025-03-01 08:00:00,PUMP101.VIBRATION_RMS,6.077,mm/s,GOOD
2025-03-01 09:00:00,PUMP101.VIBRATION_RMS,5.917999999999999,mm/s,GOOD
2025-03-01 10:00:00,PUMP101.VIBRATION_RMS,6.184,mm/s,GOOD
2025-03-01 11:00:00,PUMP101.VIBRATION_RMS,6.202999999999999,mm/s,GOOD
2025-03-01 12:00:00,PUMP101.VIBRATION_RMS,6.167999999999999,mm/s,GOOD
2025-03-01 13:00:00,PUMP101.VIBRATION_RMS,6.187,mm/s,GOOD
2025-03-01 14:00:00,PUMP101.VIBRATION_RMS,6.039,mm/s,GOOD
2025-03-01 15:00:00,PUMP101.VIBRATION_RMS,5.946,mm/s,GOOD
2025-03-01 16:00:00,PUMP101.VIBRATION_RMS,5.96,mm/s,GOOD
2025-03-01 17:00:00,PUMP101.VIBRATION_RMS,5.85,mm/s,GOOD
2025-03-01 18:00:00,PUMP101.VIBRATION_RMS,6.135999999999999,mm/s,GOOD
2025-03-01 19:00:00,PUMP101.VIBRATION_RMS,6.0920000000000005,mm/s,GOOD
2025-03-01 20:00:00,PUMP101.VIBRATION_RMS,6.0440000000000005,mm/s,GOOD
2025-03-01 21:00:00,PUMP101.VIBRATION_RMS,5.672,mm/s,GOOD
2025-03-01 22:00:00,PUMP101.VIBRATION_RMS,5.933,mm/s,GOOD
2025-03-01 23:00:00,PUMP101.VIBRATION_RMS,6.292999999999999,mm/s,GOOD
2025-03-02 00:00:00,PUMP101.VIBRATION_RMS,6.029999999999999,mm/s,GOOD
2025-03-02 01:00:00,PUMP101.VIBRATION_RMS,6.189,mm/s,GOOD
2025-03-02 02:00:00,PUMP101.VIBRATION_RMS,5.930999999999999,mm/s,GOOD
2025-03-02 03:00:00,PUMP101.VIBRATION_RMS,6.361000000000001,mm/s,GOOD
2025-03-02 04:00:00,PUMP101.VIBRATION_RMS,6.128,mm/s,GOOD
2025-03-02 05:00:00,PUMP101.VIBRATION_RMS,6.199,mm/s,GOOD
2025-03-02 06:00:00,PUMP101.VIBRATION_RMS,6.509,mm/s,GOOD
2025-03-02 07:00:00,PUMP101.VIBRATION_RMS,6.3919999999999995,mm/s,GOOD
2025-03-02 08:00:00,PUMP101.VIBRATION_RMS,6.1240000000000006,mm/s,GOOD
2025-03-02 09:00:00,PUMP101.VIBRATION_RMS,6.086,mm/s,GOOD
2025-03-02 10:00:00,PUMP101.VIBRATION_RMS,6.131,mm/s,GOOD
2025-03-02 11:00:00,PUMP101.VIBRATION_RMS,6.260999999999999,mm/s,GOOD
2025-03-02 12:00:00,PUMP101.VIBRATION_RMS,6.1739999999999995,mm/s,GOOD
2025-03-02 13:00:00,PUMP101.VIBRATION_RMS,6.135999999999999,mm/s,GOOD
2025-03-02 14:00:00,PUMP101.VIBRATION_RMS,6.42,mm/s,GOOD
2025-03-02 15:00:00,PUMP101.VIBRATION_RMS,6.188000000000001,mm/s,GOOD
2025-03-02 16:00:00,PUMP101.VIBRATION_RMS,6.555,mm/s,GOOD
2025-03-02 17:00:00,PUMP101.VIBRATION_RMS,6.228999999999999,mm/s,GOOD
2025-03-02 18:00:00,PUMP101.VIBRATION_RMS,6.4879999999999995,mm/s,GOOD
2025-03-02 19:00:00,PUMP101.VIBRATION_RMS,6.279,mm/s,GOOD
2025-03-02 20:00:00,PUMP101.VIBRATION_RMS,6.374,mm/s,GOOD
2025-03-02 21:00:00,PUMP101.VIBRATION_RMS,6.1259999999999994,mm/s,GOOD
2025-03-02 22:00:00,PUMP101.VIBRATION_RMS,6.112,mm/s,GOOD
2025-03-02 23:00:00,PUMP101.VIBRATION_RMS,6.314,mm/s,GOOD
2025-03-03 00:00:00,PUMP101.VIBRATION_RMS,6.398,mm/s,GOOD
2025-03-03 01:00:00,PUMP101.VIBRATION_RMS,6.260999999999999,mm/s,GOOD
2025-03-03 02:00:00,PUMP101.VIBRATION_RMS,6.067,mm/s,GOOD
2025-03-03 03:00:00,PUMP101.VIBRATION_RMS,6.061,mm/s,GOOD
2025-03-03 04:00:00,PUMP101.VIBRATION_RMS,6.056,mm/s,GOOD
2025-03-03 05:00:00,PUMP101.VIBRATION_RMS,6.01,mm/s,GOOD
2025-03-03 06:00:00,PUMP101.VIBRATION_RMS,6.295999999999999,mm/s,GOOD
2025-03-03 07:00:00,PUMP101.VIBRATION_RMS,6.454000000000001,mm/s,GOOD
2025-03-03 08:00:00,PUMP101.VIBRATION_RMS,6.288,mm/s,GOOD
2025-03-03 09:00:00,PUMP101.VIBRATION_RMS,5.9559999999999995,mm/s,GOOD
2025-03-03 10:00:00,PUMP101.VIBRATION_RMS,6.271,mm/s,GOOD
2025-03-03 11:00:00,PUMP101.VIBRATION_RMS,6.281,mm/s,GOOD
2025-03-03 12:00:00,PUMP101.VIBRATION_RMS,6.6240000000000006,mm/s,GOOD
2025-03-03 13:00:00,PUMP101.VIBRATION_RMS,6.096,mm/s,GOOD
2025-03-03 14:00:00,PUMP101.VIBRATION_RMS,6.260999999999999,mm/s,GOOD
2025-03-03 15:00:00,PUMP101.VIBRATION_RMS,6.5809999999999995,mm/s,GOOD
2025-03-03 16:00:00,PUMP101.VIBRATION_RMS,6.397,mm/s,BAD
2025-03-03 17:00:00,PUMP101.VIBRATION_RMS,6.419,mm/s,GOOD
2025-03-03 18:00:00,PUMP101.VIBRATION_RMS,6.356999999999999,mm/s,GOOD
2025-03-03 19:00:00,PUMP101.VIBRATION_RMS,6.394,mm/s,GOOD
2025-03-03 20:00:00,PUMP101.VIBRATION_RMS,6.4670000000000005,mm/s,GOOD
2025-03-03 21:00:00,PUMP101.VIBRATION_RMS,6.234,mm/s,GOOD
2025-03-03 22:00:00,PUMP101.VIBRATION_RMS,6.491999999999999,mm/s,GOOD
2025-03-03 23:00:00,PUMP101.VIBRATION_RMS,6.159000000000001,mm/s,GOOD
2025-03-04 00:00:00,PUMP101.VIBRATION_RMS,6.419,mm/s,GOOD
2025-03-04 01:00:00,PUMP101.VIBRATION_RMS,6.401999999999999,mm/s,GOOD
2025-03-04 02:00:00,PUMP101.VIBRATION_RMS,6.288,mm/s,GOOD
2025-03-04 03:00:00,PUMP101.VIBRATION_RMS,6.382,mm/s,GOOD
2025-03-04 04:00:00,PUMP101.VIBRATION_RMS,6.297,mm/s,GOOD
2025-03-04 05:00:00,PUMP101.VIBRATION_RMS,6.234,mm/s,GOOD
2025-03-04 06:00:00,PUMP101.VIBRATION_RMS,6.3469999999999995,mm/s,GOOD
2025-03-04 07:00:00,PUMP101.VIBRATION_RMS,6.238999999999999,mm/s,BAD
2025-03-04 08:00:00,PUMP101.VIBRATION_RMS,6.458,mm/s,BAD
2025-03-04 09:00:00,PUMP101.VIBRATION_RMS,6.242,mm/s,GOOD
2025-03-04 10:00:00,PUMP101.VIBRATION_RMS,6.526999999999999,mm/s,GOOD
2025-03-04 11:00:00,PUMP101.VIBRATION_RMS,6.248,mm/s,GOOD
2025-03-04 12:00:00,PUMP101.VIBRATION_RMS,6.345,mm/s,GOOD
2025-03-04 13:00:00,PUMP101.VIBRATION_RMS,6.340999999999999,mm/s,GOOD
2025-03-04 14:00:00,PUMP101.VIBRATION_RMS,6.638999999999999,mm/s,GOOD
2025-03-04 15:00:00,PUMP101.VIBRATION_RMS,6.494999999999999,mm/s,GOOD
2025-03-04 16:00:00,PUMP101.VIBRATION_RMS,6.417999999999999,mm/s,GOOD
2025-03-04 17:00:00,PUMP101.VIBRATION_RMS,6.53,mm/s,GOOD
2025-03-04 18:00:00,PUMP101.VIBRATION_RMS,6.144,mm/s,GOOD
2025-03-04 19:00:00,PUMP101.VIBRATION_RMS,6.459,mm/s,GOOD
2025-03-04 20:00:00,PUMP101.VIBRATION_RMS,6.77,mm/s,GOOD
2025-03-04 21:00:00,PUMP101.VIBRATION_RMS,6.494999999999999,mm/s,GOOD
2025-03-04 22:00:00,PUMP101.VIBRATION_RMS,6.489999999999999,mm/s,GOOD
2025-03-04 23:00:00,PUMP101.VIBRATION_RMS,6.567,mm/s,GOOD
2025-03-05 00:00:00,PUMP101.VIBRATION_RMS,6.624,mm/s,GOOD
2025-03-05 01:00:00,PUMP101.VIBRATION_RMS,6.195,mm/s,GOOD
2025-03-05 02:00:00,PUMP101.VIBRATION_RMS,6.248,mm/s,GOOD
2025-03-05 03:00:00,PUMP101.VIBRATION_RMS,6.537,mm/s,GOOD
2025-03-05 04:00:00,PUMP101.VIBRATION_RMS,6.403,mm/s,GOOD
2025-03-05 05:00:00,PUMP101.VIBRATION_RMS,6.712000000000001,mm/s,GOOD
2025-03-05 06:00:00,PUMP101.VIBRATION_RMS,6.472999999999999,mm/s,GOOD
2025-03-05 07:00:00,PUMP101.VIBRATION_RMS,6.234999999999999,mm/s,GOOD
2025-03-05 08:00:00,PUMP101.VIBRATION_RMS,6.34,mm/s,GOOD
2025-03-05 09:00:00,PUMP101.VIBRATION_RMS,6.123,mm/s,GOOD
2025-03-05 10:00:00,PUMP101.VIBRATION_RMS,6.504999999999999,mm/s,GOOD
2025-03-05 11:00:00,PUMP101.VIBRATION_RMS,6.5169999999999995,mm/s,GOOD
2025-03-05 12:00:00,PUMP101.VIBRATION_RMS,6.486,mm/s,GOOD
2025-03-05 13:00:00,PUMP101.VIBRATION_RMS,6.717,mm/s,GOOD
2025-03-05 14:00:00,PUMP101.VIBRATION_RMS,6.74,mm/s,GOOD
2025-03-05 15:00:00,PUMP101.VIBRATION_RMS,6.539,mm/s,GOOD
2025-03-05 16:00:00,PUMP101.VIBRATION_RMS,6.25,mm/s,GOOD
2025-03-05 17:00:00,PUMP101.VIBRATION_RMS,6.668,mm/s,GOOD
2025-03-05 18:00:00,PUMP101.VIBRATION_RMS,6.663,mm/s,GOOD
2025-03-05 19:00:00,PUMP101.VIBRATION_RMS,6.631,mm/s,GOOD
2025-03-05 20:00:00,PUMP101.VIBRATION_RMS,6.737,mm/s,GOOD
2025-03-05 21:00:00,PUMP101.VIBRATION_RMS,6.42,mm/s,GOOD
2025-03-05 22:00:00,PUMP101.VIBRATION_RMS,6.901,mm/s,GOOD
2025-03-05 23:00:00,PUMP101.VIBRATION_RMS,6.461,mm/s,GOOD
2025-03-06 00:00:00,PUMP101.VIBRATION_RMS,6.7219999999999995,mm/s,GOOD
2025-03-06 01:00:00,PUMP101.VIBRATION_RMS,6.361999999999999,mm/s,GOOD
2025-03-06 02:00:00,PUMP101.VIBRATION_RMS,6.48,mm/s,GOOD
2025-03-06 03:00:00,PUMP101.VIBRATION_RMS,6.852,mm/s,GOOD
2025-03-06 04:00:00,PUMP101.VIBRATION_RMS,6.590999999999999,mm/s,GOOD
2025-03-06 05:00:00,PUMP101.VIBRATION_RMS,6.760999999999999,mm/s,GOOD
2025-03-06 06:00:00,PUMP101.VIBRATION_RMS,6.676,mm/s,GOOD
2025-03-06 07:00:00,PUMP101.VIBRATION_RMS,6.629,mm/s,GOOD
2025-03-06 08:00:00,PUMP101.VIBRATION_RMS,6.855,mm/s,GOOD
2025-03-06 09:00:00,PUMP101.VIBRATION_RMS,6.62,mm/s,GOOD
2025-03-06 10:00:00,PUMP101.VIBRATION_RMS,6.392999999999999,mm/s,GOOD
2025-03-06 11:00:00,PUMP101.VIBRATION_RMS,6.545,mm/s,GOOD
2025-03-06 12:00:00,PUMP101.VIBRATION_RMS,6.753,mm/s,GOOD
2025-03-06 13:00:00,PUMP101.VIBRATION_RMS,6.734,mm/s,GOOD
2025-03-06 14:00:00,PUMP101.VIBRATION_RMS,6.445,mm/s,GOOD
2025-03-06 15:00:00,PUMP101.VIBRATION_RMS,6.576,mm/s,GOOD
2025-03-06 16:00:00,PUMP101.VIBRATION_RMS,6.603,mm/s,GOOD
2025-03-06 17:00:00,PUMP101.VIBRATION_RMS,6.640000000000001,mm/s,GOOD
2025-03-06 18:00:00,PUMP101.VIBRATION_RMS,6.494,mm/s,GOOD
2025-03-06 19:00:00,PUMP101.VIBRATION_RMS,6.610999999999999,mm/s,GOOD
2025-03-06 20:00:00,PUMP101.VIBRATION_RMS,6.601,mm/s,GOOD
2025-03-06 21:00:00,PUMP101.VIBRATION_RMS,6.8309999999999995,mm/s,GOOD
2025-03-06 22:00:00,PUMP101.VIBRATION_RMS,6.840999999999999,mm/s,GOOD
2025-03-06 23:00:00,PUMP101.VIBRATION_RMS,6.703000000000001,mm/s,GOOD
2025-03-07 00:00:00,PUMP101.VIBRATION_RMS,6.670999999999999,mm/s,GOOD
2025-03-07 01:00:00,PUMP101.VIBRATION_RMS,6.755999999999999,mm/s,GOOD
2025-03-07 02:00:00,PUMP101.VIBRATION_RMS,6.618,mm/s,GOOD
2025-03-07 03:00:00,PUMP101.VIBRATION_RMS,6.573,mm/s,GOOD
2025-03-07 04:00:00,PUMP101.VIBRATION_RMS,6.609,mm/s,GOOD
2025-03-07 05:00:00,PUMP101.VIBRATION_RMS,6.66,mm/s,GOOD
2025-03-07 06:00:00,PUMP101.VIBRATION_RMS,6.585,mm/s,GOOD
2025-03-07 07:00:00,PUMP101.VIBRATION_RMS,6.789,mm/s,GOOD
2025-03-07 08:00:00,PUMP101.VIBRATION_RMS,6.8790000000000004,mm/s,GOOD
2025-03-07 09:00:00,PUMP101.VIBRATION_RMS,6.536999999999999,mm/s,GOOD
2025-03-07 10:00:00,PUMP101.VIBRATION_RMS,6.783999999999999,mm/s,GOOD
2025-03-07 11:00:00,PUMP101.VIBRATION_RMS,6.752000000000001,mm/s,GOOD
2025-03-07 12:00:00,PUMP101.VIBRATION_RMS,6.841,mm/s,GOOD
2025-03-07 13:00:00,PUMP101.VIBRATION_RMS,6.793,mm/s,GOOD
2025-03-07 14:00:00,PUMP101.VIBRATION_RMS,6.582,mm/s,GOOD
2025-03-07 15:00:00,PUMP101.VIBRATION_RMS,6.616,mm/s,GOOD
2025-03-07 16:00:00,PUMP101.VIBRATION_RMS,6.814,mm/s,GOOD
2025-03-07 17:00:00,PUMP101.VIBRATION_RMS,6.969,mm/s,GOOD
2025-03-07 18:00:00,PUMP101.VIBRATION_RMS,6.488,mm/s,BAD
2025-03-07 19:00:00,PUMP101.VIBRATION_RMS,6.876999999999999,mm/s,GOOD
2025-03-07 20:00:00,PUMP101.VIBRATION_RMS,7.008,mm/s,GOOD
2025-03-07 21:00:00,PUMP101.VIBRATION_RMS,6.811999999999999,mm/s,GOOD
2025-03-07 22:00:00,PUMP101.VIBRATION_RMS,6.923,mm/s,GOOD
2025-03-07 23:00:00,PUMP101.VIBRATION_RMS,6.74,mm/s,GOOD
2025-03-08 00:00:00,PUMP101.VIBRATION_RMS,6.832,mm/s,GOOD
2025-03-08 01:00:00,PUMP101.VIBRATION_RMS,6.612,mm/s,GOOD
2025-03-08 02:00:00,PUMP101.VIBRATION_RMS,6.508000000000001,mm/s,GOOD
2025-03-08 03:00:00,PUMP101.VIBRATION_RMS,7.006,mm/s,GOOD
2025-03-08 04:00:00,PUMP101.VIBRATION_RMS,6.7219999999999995,mm/s,GOOD
2025-03-08 05:00:00,PUMP101.VIBRATION_RMS,6.807,mm/s,GOOD
2025-03-08 06:00:00,PUMP101.VIBRATION_RMS,6.672,mm/s,GOOD
2025-03-08 07:00:00,PUMP101.VIBRATION_RMS,6.6739999999999995,mm/s,GOOD
2025-03-08 08:00:00,PUMP101.VIBRATION_RMS,6.864,mm/s,GOOD
2025-03-08 09:00:00,PUMP101.VIBRATION_RMS,6.786,mm/s,GOOD
2025-03-08 10:00:00,PUMP101.VIBRATION_RMS,6.956999999999999,mm/s,GOOD
2025-03-08 11:00:00,PUMP101.VIBRATION_RMS,6.973000000000001,mm/s,GOOD
2025-03-08 12:00:00,PUMP101.VIBRATION_RMS,6.958,mm/s,GOOD
2025-03-08 13:00:00,PUMP101.VIBRATION_RMS,6.950999999999999,mm/s,GOOD
2025-03-08 14:00:00,PUMP101.VIBRATION_RMS,7.157,mm/s,GOOD
2025-03-08 15:00:00,PUMP101.VIBRATION_RMS,6.765,mm/s,GOOD
2025-03-08 16:00:00,PUMP101.VIBRATION_RMS,6.922,mm/s,GOOD
2025-03-08 17:00:00,PUMP101.VIBRATION_RMS,7.105,mm/s,GOOD
2025-03-08 18:00:00,PUMP101.VIBRATION_RMS,7.129999999999999,mm/s,GOOD
2025-03-08 19:00:00,PUMP101.VIBRATION_RMS,6.731999999999999,mm/s,GOOD
2025-03-08 20:00:00,PUMP101.VIBRATION_RMS,6.9030000000000005,mm/s,GOOD
2025-03-08 21:00:00,PUMP101.VIBRATION_RMS,7.159000000000001,mm/s,GOOD
2025-03-08 22:00:00,PUMP101.VIBRATION_RMS,7.036,mm/s,GOOD
2025-03-08 23:00:00,PUMP101.VIBRATION_RMS,6.994,mm/s,GOOD
2025-03-09 00:00:00,PUMP101.VIBRATION_RMS,6.936999999999999,mm/s,GOOD
2025-03-09 01:00:00,PUMP101.VIBRATION_RMS,6.917,mm/s,GOOD
2025-03-09 02:00:00,PUMP101.VIBRATION_RMS,7.023000000000001,mm/s,GOOD
2025-03-09 03:00:00,PUMP101.VIBRATION_RMS,6.946999999999999,mm/s,GOOD
2025-03-09 04:00:00,PUMP101.VIBRATION_RMS,6.984,mm/s,GOOD
2025-03-09 05:00:00,PUMP101.VIBRATION_RMS,7.007,mm/s,GOOD
2025-03-09 06:00:00,PUMP101.VIBRATION_RMS,6.898,mm/s,GOOD
2025-03-09 07:00:00,PUMP101.VIBRATION_RMS,7.085,mm/s,GOOD
2025-03-09 08:00:00,PUMP101.VIBRATION_RMS,7.446999999999999,mm/s,GOOD
2025-03-09 09:00:00,PUMP101.VIBRATION_RMS,6.747999999999999,mm/s,GOOD
2025-03-09 10:00:00,PUMP101.VIBRATION_RMS,7.068999999999999,mm/s,GOOD
2025-03-09 11:00:00,PUMP101.VIBRATION_RMS,6.9110000000000005,mm/s,GOOD
2025-03-09 12:00:00,PUMP101.VIBRATION_RMS,7.117000000000001,mm/s,GOOD
2025-03-09 13:00:00,PUMP101.VIBRATION_RMS,7.042,mm/s,GOOD
2025-03-09 14:00:00,PUMP101.VIBRATION_RMS,7.154,mm/s,GOOD
2025-03-09 15:00:00,PUMP101.VIBRATION_RMS,7.221,mm/s,GOOD
2025-03-09 16:00:00,PUMP101.VIBRATION_RMS,7.079,mm/s,GOOD
2025-03-09 17:00:00,PUMP101.VIBRATION_RMS,7.225,mm/s,GOOD
2025-03-09 18:00:00,PUMP101.VIBRATION_RMS,6.708,mm/s,GOOD
2025-03-09 19:00:00,PUMP101.VIBRATION_RMS,7.303999999999999,mm/s,GOOD
2025-03-09 20:00:00,PUMP101.VIBRATION_RMS,7.126,mm/s,GOOD
2025-03-09 21:00:00,PUMP101.VIBRATION_RMS,7.237,mm/s,GOOD
2025-03-09 22:00:00,PUMP101.VIBRATION_RMS,6.896999999999999,mm/s,BAD
2025-03-09 23:00:00,PUMP101.VIBRATION_RMS,6.96,mm/s,GOOD
2025-03-10 00:00:00,PUMP101.VIBRATION_RMS,7.112,mm/s,GOOD
2025-03-10 01:00:00,PUMP101.VIBRATION_RMS,7.092,mm/s,GOOD
2025-03-10 02:00:00,PUMP101.VIBRATION_RMS,7.142,mm/s,GOOD
2025-03-10 03:00:00,PUMP101.VIBRATION_RMS,7.267999999999999,mm/s,GOOD
2025-03-10 04:00:00,PUMP101.VIBRATION_RMS,6.844999999999999,mm/s,GOOD
2025-03-10 05:00:00,PUMP101.VIBRATION_RMS,7.261,mm/s,GOOD
2025-03-10 06:00:00,PUMP101.VIBRATION_RMS,7.121,mm/s,GOOD
2025-03-10 07:00:00,PUMP101.VIBRATION_RMS,7.093999999999999,mm/s,GOOD
2025-03-10 08:00:00,PUMP101.VIBRATION_RMS,6.909,mm/s,GOOD
2025-03-10 09:00:00,PUMP101.VIBRATION_RMS,7.21,mm/s,GOOD
2025-03-10 10:00:00,PUMP101.VIBRATION_RMS,6.778,mm/s,GOOD
2025-03-10 11:00:00,PUMP101.VIBRATION_RMS,7.242000000000001,mm/s,GOOD
2025-03-10 12:00:00,PUMP101.VIBRATION_RMS,6.925999999999999,mm/s,GOOD
2025-03-10 13:00:00,PUMP101.VIBRATION_RMS,7.162999999999999,mm/s,GOOD
2025-03-10 14:00:00,PUMP101.VIBRATION_RMS,7.142,mm/s,GOOD
2025-03-10 15:00:00,PUMP101.VIBRATION_RMS,7.34,mm/s,GOOD
2025-03-10 16:00:00,PUMP101.VIBRATION_RMS,7.143,mm/s,GOOD
2025-03-10 17:00:00,PUMP101.VIBRATION_RMS,7.071,mm/s,GOOD
2025-03-10 18:00:00,PUMP101.VIBRATION_RMS,7.103999999999999,mm/s,GOOD
2025-03-10 19:00:00,PUMP101.VIBRATION_RMS,7.3759999999999994,mm/s,GOOD
2025-03-10 20:00:00,PUMP101.VIBRATION_RMS,7.2700000000000005,mm/s,GOOD
2025-03-10 21:00:00,PUMP101.VIBRATION_RMS,7.137,mm/s,GOOD
2025-03-10 22:00:00,PUMP101.VIBRATION_RMS,7.164999999999999,mm/s,GOOD
2025-03-10 23:00:00,PUMP101.VIBRATION_RMS,6.970000000000001,mm/s,GOOD
2025-03-11 00:00:00,PUMP101.VIBRATION_RMS,7.268,mm/s,GOOD
2025-03-11 01:00:00,PUMP101.VIBRATION_RMS,6.9510000000000005,mm/s,GOOD
2025-03-11 02:00:00,PUMP101.VIBRATION_RMS,7.333,mm/s,GOOD
2025-03-11 03:00:00,PUMP101.VIBRATION_RMS,7.244,mm/s,GOOD
2025-03-11 04:00:00,PUMP101.VIBRATION_RMS,7.587999999999999,mm/s,GOOD
2025-03-11 05:00:00,PUMP101.VIBRATION_RMS,7.07,mm/s,GOOD
2025-03-11 06:00:00,PUMP101.VIBRATION_RMS,7.225,mm/s,GOOD
2025-03-11 07:00:00,PUMP101.VIBRATION_RMS,7.514999999999999,mm/s,GOOD
2025-03-11 08:00:00,PUMP101.VIBRATION_RMS,7.429,mm/s,GOOD
2025-03-11 09:00:00,PUMP101.VIBRATION_RMS,7.151,mm/s,GOOD
2025-03-11 10:00:00,PUMP101.VIBRATION_RMS,7.294,mm/s,GOOD
2025-03-11 11:00:00,PUMP101.VIBRATION_RMS,7.265,mm/s,GOOD
2025-03-11 12:00:00,PUMP101.VIBRATION_RMS,7.311999999999999,mm/s,GOOD
2025-03-11 13:00:00,PUMP101.VIBRATION_RMS,7.17,mm/s,GOOD
2025-03-11 14:00:00,PUMP101.VIBRATION_RMS,7.267,mm/s,GOOD
2025-03-11 15:00:00,PUMP101.VIBRATION_RMS,7.045,mm/s,GOOD
2025-03-11 16:00:00,PUMP101.VIBRATION_RMS,7.309999999999999,mm/s,GOOD
2025-03-11 17:00:00,PUMP101.VIBRATION_RMS,7.3629999999999995,mm/s,GOOD
2025-03-11 18:00:00,PUMP101.VIBRATION_RMS,7.266,mm/s,GOOD
2025-03-11 19:00:00,PUMP101.VIBRATION_RMS,7.063,mm/s,GOOD
2025-03-11 20:00:00,PUMP101.VIBRATION_RMS,7.458,mm/s,GOOD
2025-03-11 21:00:00,PUMP101.VIBRATION_RMS,7.369999999999999,mm/s,GOOD
2025-03-11 22:00:00,PUMP101.VIBRATION_RMS,7.210999999999999,mm/s,GOOD
2025-03-11 23:00:00,PUMP101.VIBRATION_RMS,7.283,mm/s,GOOD
2025-03-12 00:00:00,PUMP101.VIBRATION_RMS,7.105,mm/s,GOOD
2025-03-12 01:00:00,PUMP101.VIBRATION_RMS,7.181,mm/s,GOOD
2025-03-12 02:00:00,PUMP101.VIBRATION_RMS,7.259,mm/s,GOOD
2025-03-12 03:00:00,PUMP101.VIBRATION_RMS,7.529,mm/s,GOOD
2025-03-12 04:00:00,PUMP101.VIBRATION_RMS,7.254,mm/s,GOOD
2025-03-12 05:00:00,PUMP101.VIBRATION_RMS,7.4510000000000005,mm/s,GOOD
2025-03-12 06:00:00,PUMP101.VIBRATION_RMS,7.279,mm/s,GOOD
2025-03-12 07:00:00,PUMP101.VIBRATION_RMS,7.401999999999999,mm/s,GOOD
2025-03-12 08:00:00,PUMP101.VIBRATION_RMS,7.349,mm/s,GOOD
2025-03-12 09:00:00,PUMP101.VIBRATION_RMS,7.506,mm/s,GOOD
2025-03-12 10:00:00,PUMP101.VIBRATION_RMS,7.3,mm/s,GOOD
2025-03-12 11:00:00,PUMP101.VIBRATION_RMS,7.148999999999999,mm/s,GOOD
2025-03-12 12:00:00,PUMP101.VIBRATION_RMS,7.183,mm/s,GOOD
2025-03-12 13:00:00,PUMP101.VIBRATION_RMS,7.3149999999999995,mm/s,GOOD
2025-03-12 14:00:00,PUMP101.VIBRATION_RMS,7.213000000000001,mm/s,GOOD
2025-03-12 15:00:00,PUMP101.VIBRATION_RMS,7.4670000000000005,mm/s,GOOD
2025-03-12 16:00:00,PUMP101.VIBRATION_RMS,7.34,mm/s,GOOD
2025-03-12 17:00:00,PUMP101.VIBRATION_RMS,7.771,mm/s,GOOD
2025-03-12 18:00:00,PUMP101.VIBRATION_RMS,7.159,mm/s,GOOD
2025-03-12 19:00:00,PUMP101.VIBRATION_RMS,7.4559999999999995,mm/s,GOOD
2025-03-12 20:00:00,PUMP101.VIBRATION_RMS,7.260999999999999,mm/s,GOOD
2025-03-12 21:00:00,PUMP101.VIBRATION_RMS,7.361,mm/s,GOOD
2025-03-12 22:00:00,PUMP101.VIBRATION_RMS,7.460999999999999,mm/s,GOOD
2025-03-12 23:00:00,PUMP101.VIBRATION_RMS,7.096,mm/s,GOOD
2025-03-13 00:00:00,PUMP101.VIBRATION_RMS,7.486000000000001,mm/s,GOOD
2025-03-13 01:00:00,PUMP101.VIBRATION_RMS,7.739999999999999,mm/s,GOOD
2025-03-13 02:00:00,PUMP101.VIBRATION_RMS,7.3919999999999995,mm/s,GOOD
2025-03-13 03:00:00,PUMP101.VIBRATION_RMS,7.504,mm/s,GOOD
2025-03-13 04:00:00,PUMP101.VIBRATION_RMS,7.624,mm/s,GOOD
2025-03-13 05:00:00,PUMP101.VIBRATION_RMS,7.450000000000001,mm/s,GOOD
2025-03-13 06:00:00,PUMP101.VIBRATION_RMS,7.392999999999999,mm/s,GOOD
2025-03-13 07:00:00,PUMP101.VIBRATION_RMS,7.143999999999999,mm/s,GOOD
2025-03-13 08:00:00,PUMP101.VIBRATION_RMS,7.586,mm/s,GOOD
2025-03-13 09:00:00,PUMP101.VIBRATION_RMS,7.478,mm/s,GOOD
2025-03-13 10:00:00,PUMP101.VIBRATION_RMS,7.347999999999999,mm/s,GOOD
2025-03-13 11:00:00,PUMP101.VIBRATION_RMS,7.524,mm/s,GOOD
2025-03-13 12:00:00,PUMP101.VIBRATION_RMS,7.422,mm/s,GOOD
2025-03-13 13:00:00,PUMP101.VIBRATION_RMS,7.436,mm/s,GOOD
2025-03-13 14:00:00,PUMP101.VIBRATION_RMS,7.611000000000001,mm/s,GOOD
2025-03-13 15:00:00,PUMP101.VIBRATION_RMS,7.324,mm/s,BAD
2025-03-13 16:00:00,PUMP101.VIBRATION_RMS,7.686999999999999,mm/s,GOOD
2025-03-13 17:00:00,PUMP101.VIBRATION_RMS,7.325,mm/s,GOOD
2025-03-13 18:00:00,PUMP101.VIBRATION_RMS,7.441,mm/s,GOOD
2025-03-13 19:00:00,PUMP101.VIBRATION_RMS,7.833,mm/s,GOOD
2025-03-13 20:00:00,PUMP101.VIBRATION_RMS,7.718999999999999,mm/s,GOOD
2025-03-13 21:00:00,PUMP101.VIBRATION_RMS,7.57,mm/s,GOOD
2025-03-13 22:00:00,PUMP101.VIBRATION_RMS,7.419,mm/s,GOOD
2025-03-13 23:00:00,PUMP101.VIBRATION_RMS,7.486000000000001,mm/s,GOOD
2025-03-14 00:00:00,PUMP101.VIBRATION_RMS,7.5809999999999995,mm/s,GOOD
2025-03-14 01:00:00,PUMP101.VIBRATION_RMS,7.5809999999999995,mm/s,GOOD
2025-03-14 02:00:00,PUMP101.VIBRATION_RMS,7.566000000000001,mm/s,GOOD
2025-03-14 03:00:00,PUMP101.VIBRATION_RMS,7.58,mm/s,GOOD
2025-03-14 04:00:00,PUMP101.VIBRATION_RMS,7.558,mm/s,GOOD
2025-03-14 05:00:00,PUMP101.VIBRATION_RMS,7.379,mm/s,GOOD
2025-03-14 06:00:00,PUMP101.VIBRATION_RMS,7.523,mm/s,GOOD
2025-03-14 07:00:00,PUMP101.VIBRATION_RMS,7.741999999999999,mm/s,GOOD
2025-03-14 08:00:00,PUMP101.VIBRATION_RMS,7.405,mm/s,GOOD
2025-03-14 09:00:00,PUMP101.VIBRATION_RMS,7.587,mm/s,GOOD
2025-03-14 10:00:00,PUMP101.VIBRATION_RMS,7.496999999999999,mm/s,GOOD
2025-03-14 11:00:00,PUMP101.VIBRATION_RMS,7.6419999999999995,mm/s,GOOD
2025-03-14 12:00:00,PUMP101.VIBRATION_RMS,7.572,mm/s,GOOD
2025-03-14 13:00:00,PUMP101.VIBRATION_RMS,7.856999999999999,mm/s,GOOD
2025-03-14 14:00:00,PUMP101.VIBRATION_RMS,7.715999999999999,mm/s,GOOD
2025-03-14 15:00:00,PUMP101.VIBRATION_RMS,7.4479999999999995,mm/s,GOOD
2025-03-14 16:00:00,PUMP101.VIBRATION_RMS,7.7509999999999994,mm/s,GOOD
2025-03-14 17:00:00,PUMP101.VIBRATION_RMS,7.539,mm/s,GOOD
2025-03-14 18:00:00,PUMP101.VIBRATION_RMS,7.573,mm/s,GOOD
2025-03-14 19:00:00,PUMP101.VIBRATION_RMS,7.712,mm/s,GOOD
2025-03-14 20:00:00,PUMP101.VIBRATION_RMS,7.596,mm/s,GOOD
2025-03-14 21:00:00,PUMP101.VIBRATION_RMS,7.808999999999999,mm/s,GOOD
2025-03-14 22:00:00,PUMP101.VIBRATION_RMS,7.564,mm/s,GOOD
2025-03-14 23:00:00,PUMP101.VIBRATION_RMS,7.5920000000000005,mm/s,GOOD
2025-03-15 00:00:00,PUMP101.VIBRATION_RMS,7.592,mm/s,GOOD
2025-03-15 01:00:00,PUMP101.VIBRATION_RMS,7.609999999999999,mm/s,GOOD
2025-03-15 02:00:00,PUMP101.VIBRATION_RMS,7.865,mm/s,GOOD
2025-03-15 03:00:00,PUMP101.VIBRATION_RMS,7.7989999999999995,mm/s,GOOD
2025-03-15 04:00:00,PUMP101.VIBRATION_RMS,7.965999999999999,mm/s,GOOD
2025-03-15 05:00:00,PUMP101.VIBRATION_RMS,8.055,mm/s,GOOD
2025-03-15 06:00:00,PUMP101.VIBRATION_RMS,7.5649999999999995,mm/s,GOOD
2025-03-15 07:00:00,PUMP101.VIBRATION_RMS,7.736,mm/s,GOOD
2025-03-15 08:00:00,PUMP101.VIBRATION_RMS,7.554,mm/s,GOOD
2025-03-15 09:00:00,PUMP101.VIBRATION_RMS,7.617999999999999,mm/s,GOOD
2025-03-15 10:00:00,PUMP101.VIBRATION_RMS,7.645,mm/s,GOOD
2025-03-15 11:00:00,PUMP101.VIBRATION_RMS,7.586,mm/s,GOOD
2025-03-15 12:00:00,PUMP101.VIBRATION_RMS,7.5920000000000005,mm/s,GOOD
2025-03-15 13:00:00,PUMP101.VIBRATION_RMS,7.7330000000000005,mm/s,GOOD
2025-03-15 14:00:00,PUMP101.VIBRATION_RMS,7.577,mm/s,GOOD
2025-03-15 15:00:00,PUMP101.VIBRATION_RMS,7.891,mm/s,GOOD
2025-03-15 16:00:00,PUMP101.VIBRATION_RMS,7.632,mm/s,GOOD
2025-03-15 17:00:00,PUMP101.VIBRATION_RMS,8.196,mm/s,GOOD
2025-03-15 18:00:00,PUMP101.VIBRATION_RMS,7.712,mm/s,GOOD
2025-03-15 19:00:00,PUMP101.VIBRATION_RMS,7.795999999999999,mm/s,GOOD
2025-03-15 20:00:00,PUMP101.VIBRATION_RMS,7.596,mm/s,GOOD
2025-03-15 21:00:00,PUMP101.VIBRATION_RMS,8.051,mm/s,GOOD
2025-03-15 22:00:00,PUMP101.VIBRATION_RMS,7.968,mm/s,GOOD
2025-03-15 23:00:00,PUMP101.VIBRATION_RMS,7.85,mm/s,GOOD
2025-03-16 00:00:00,PUMP101.VIBRATION_RMS,7.608,mm/s,GOOD
2025-03-16 01:00:00,PUMP101.VIBRATION_RMS,7.8469999999999995,mm/s,GOOD
2025-03-16 02:00:00,PUMP101.VIBRATION_RMS,7.652,mm/s,GOOD
2025-03-16 03:00:00,PUMP101.VIBRATION_RMS,8.044,mm/s,GOOD
2025-03-16 04:00:00,PUMP101.VIBRATION_RMS,7.950999999999999,mm/s,GOOD
2025-03-16 05:00:00,PUMP101.VIBRATION_RMS,7.849,mm/s,GOOD
2025-03-16 06:00:00,PUMP101.VIBRATION_RMS,7.475,mm/s,GOOD
2025-03-16 07:00:00,PUMP101.VIBRATION_RMS,7.696999999999999,mm/s,GOOD
2025-03-16 08:00:00,PUMP101.VIBRATION_RMS,7.952999999999999,mm/s,GOOD
2025-03-16 09:00:00,PUMP101.VIBRATION_RMS,8.036999999999999,mm/s,GOOD
2025-03-16 10:00:00,PUMP101.VIBRATION_RMS,8.026,mm/s,GOOD
2025-03-16 11:00:00,PUMP101.VIBRATION_RMS,7.626,mm/s,GOOD
2025-03-16 12:00:00,PUMP101.VIBRATION_RMS,7.915,mm/s,GOOD
2025-03-16 13:00:00,PUMP101.VIBRATION_RMS,8.027,mm/s,GOOD
2025-03-16 14:00:00,PUMP101.VIBRATION_RMS,7.631,mm/s,GOOD
2025-03-16 15:00:00,PUMP101.VIBRATION_RMS,7.884,mm/s,GOOD
2025-03-16 16:00:00,PUMP101.VIBRATION_RMS,7.930999999999999,mm/s,GOOD
2025-03-16 17:00:00,PUMP101.VIBRATION_RMS,7.8500000000000005,mm/s,GOOD
2025-03-16 18:00:00,PUMP101.VIBRATION_RMS,7.622,mm/s,GOOD
2025-03-16 19:00:00,PUMP101.VIBRATION_RMS,7.856,mm/s,GOOD
2025-03-16 20:00:00,PUMP101.VIBRATION_RMS,7.861000000000001,mm/s,GOOD
2025-03-16 21:00:00,PUMP101.VIBRATION_RMS,7.893000000000001,mm/s,GOOD
2025-03-16 22:00:00,PUMP101.VIBRATION_RMS,7.835,mm/s,GOOD
2025-03-16 23:00:00,PUMP101.VIBRATION_RMS,7.859,mm/s,GOOD
2025-03-17 00:00:00,PUMP101.VIBRATION_RMS,7.9239999999999995,mm/s,GOOD
2025-03-17 01:00:00,PUMP101.VIBRATION_RMS,8.001,mm/s,GOOD
2025-03-17 02:00:00,PUMP101.VIBRATION_RMS,7.894,mm/s,GOOD
2025-03-17 03:00:00,PUMP101.VIBRATION_RMS,7.8839999999999995,mm/s,GOOD
2025-03-17 04:00:00,PUMP101.VIBRATION_RMS,7.963999999999999,mm/s,GOOD
2025-03-17 05:00:00,PUMP101.VIBRATION_RMS,7.667,mm/s,GOOD
2025-03-17 06:00:00,PUMP101.VIBRATION_RMS,8.032,mm/s,GOOD
2025-03-17 07:00:00,PUMP101.VIBRATION_RMS,7.965,mm/s,GOOD
2025-03-17 08:00:00,PUMP101.VIBRATION_RMS,7.975999999999999,mm/s,GOOD
2025-03-17 09:00:00,PUMP101.VIBRATION_RMS,8.119,mm/s,GOOD
2025-03-17 10:00:00,PUMP101.VIBRATION_RMS,7.686999999999999,mm/s,GOOD
2025-03-17 11:00:00,PUMP101.VIBRATION_RMS,7.689,mm/s,GOOD
2025-03-17 12:00:00,PUMP101.VIBRATION_RMS,8.031,mm/s,GOOD
2025-03-17 13:00:00,PUMP101.VIBRATION_RMS,7.994,mm/s,GOOD
2025-03-17 14:00:00,PUMP101.VIBRATION_RMS,8.026,mm/s,GOOD
2025-03-17 15:00:00,PUMP101.VIBRATION_RMS,7.936,mm/s,GOOD
2025-03-17 16:00:00,PUMP101.VIBRATION_RMS,8.11,mm/s,GOOD
2025-03-17 17:00:00,PUMP101.VIBRATION_RMS,8.155,mm/s,GOOD
2025-03-17 18:00:00,PUMP101.VIBRATION_RMS,8.093,mm/s,GOOD
2025-03-17 19:00:00,PUMP101.VIBRATION_RMS,7.985999999999999,mm/s,GOOD
2025-03-17 20:00:00,PUMP101.VIBRATION_RMS,7.714,mm/s,GOOD
2025-03-17 21:00:00,PUMP101.VIBRATION_RMS,8.15,mm/s,GOOD
2025-03-17 22:00:00,PUMP101.VIBRATION_RMS,8.222999999999999,mm/s,GOOD
2025-03-17 23:00:00,PUMP101.VIBRATION_RMS,8.142,mm/s,GOOD
2025-03-18 00:00:00,PUMP101.VIBRATION_RMS,7.917999999999999,mm/s,GOOD
2025-03-18 01:00:00,PUMP101.VIBRATION_RMS,8.155999999999999,mm/s,GOOD
2025-03-18 02:00:00,PUMP101.VIBRATION_RMS,8.189,mm/s,GOOD
2025-03-18 03:00:00,PUMP101.VIBRATION_RMS,8.299,mm/s,GOOD
2025-03-18 04:00:00,PUMP101.VIBRATION_RMS,7.939,mm/s,GOOD
2025-03-18 05:00:00,PUMP101.VIBRATION_RMS,8.041,mm/s,GOOD
2025-03-18 06:00:00,PUMP101.VIBRATION_RMS,8.192,mm/s,GOOD
2025-03-18 07:00:00,PUMP101.VIBRATION_RMS,8.094,mm/s,GOOD
2025-03-18 08:00:00,PUMP101.VIBRATION_RMS,7.922,mm/s,GOOD
2025-03-18 09:00:00,PUMP101.VIBRATION_RMS,8.157,mm/s,GOOD
2025-03-18 10:00:00,PUMP101.VIBRATION_RMS,8.187,mm/s,GOOD
2025-03-18 11:00:00,PUMP101.VIBRATION_RMS,8.118,mm/s,GOOD
2025-03-18 12:00:00,PUMP101.VIBRATION_RMS,8.142999999999999,mm/s,GOOD
2025-03-18 13:00:00,PUMP101.VIBRATION_RMS,8.075999999999999,mm/s,GOOD
2025-03-18 14:00:00,PUMP101.VIBRATION_RMS,8.342,mm/s,GOOD
2025-03-18 15:00:00,PUMP101.VIBRATION_RMS,7.99,mm/s,GOOD
2025-03-18 16:00:00,PUMP101.VIBRATION_RMS,8.042,mm/s,GOOD
2025-03-18 17:00:00,PUMP101.VIBRATION_RMS,8.137,mm/s,GOOD
2025-03-18 18:00:00,PUMP101.VIBRATION_RMS,8.272,mm/s,GOOD
2025-03-18 19:00:00,PUMP101.VIBRATION_RMS,7.92,mm/s,GOOD
2025-03-18 20:00:00,PUMP101.VIBRATION_RMS,7.953,mm/s,GOOD
2025-03-18 21:00:00,PUMP101.VIBRATION_RMS,7.848999999999999,mm/s,GOOD
2025-03-18 22:00:00,PUMP101.VIBRATION_RMS,8.165,mm/s,GOOD
2025-03-18 23:00:00,PUMP101.VIBRATION_RMS,7.997,mm/s,GOOD
2025-03-19 00:00:00,PUMP101.VIBRATION_RMS,8.112,mm/s,GOOD
2025-03-19 01:00:00,PUMP101.VIBRATION_RMS,8.274000000000001,mm/s,GOOD
2025-03-19 02:00:00,PUMP101.VIBRATION_RMS,8.084,mm/s,BAD
2025-03-19 03:00:00,PUMP101.VIBRATION_RMS,8.219999999999999,mm/s,GOOD
2025-03-19 04:00:00,PUMP101.VIBRATION_RMS,8.145,mm/s,BAD
2025-03-19 05:00:00,PUMP101.VIBRATION_RMS,8.296,mm/s,GOOD
2025-03-19 06:00:00,PUMP101.VIBRATION_RMS,8.271,mm/s,GOOD
2025-03-19 07:00:00,PUMP101.VIBRATION_RMS,8.100999999999999,mm/s,GOOD
2025-03-19 08:00:00,PUMP101.VIBRATION_RMS,8.185,mm/s,GOOD
2025-03-19 09:00:00,PUMP101.VIBRATION_RMS,8.372,mm/s,GOOD
2025-03-19 10:00:00,PUMP101.VIBRATION_RMS,8.279,mm/s,GOOD
2025-03-19 11:00:00,PUMP101.VIBRATION_RMS,8.015,mm/s,GOOD
2025-03-19 12:00:00,PUMP101.VIBRATION_RMS,8.328,mm/s,GOOD
2025-03-19 13:00:00,PUMP101.VIBRATION_RMS,8.072,mm/s,GOOD
2025-03-19 14:00:00,PUMP101.VIBRATION_RMS,8.452,mm/s,GOOD
2025-03-19 15:00:00,PUMP101.VIBRATION_RMS,8.399000000000001,mm/s,GOOD
2025-03-19 16:00:00,PUMP101.VIBRATION_RMS,8.293,mm/s,GOOD
2025-03-19 17:00:00,PUMP101.VIBRATION_RMS,8.279,mm/s,GOOD
2025-03-19 18:00:00,PUMP101.VIBRATION_RMS,8.229,mm/s,GOOD
2025-03-19 19:00:00,PUMP101.VIBRATION_RMS,8.366999999999999,mm/s,GOOD
2025-03-19 20:00:00,PUMP101.VIBRATION_RMS,8.214,mm/s,GOOD
2025-03-19 21:00:00,PUMP101.VIBRATION_RMS,8.309999999999999,mm/s,BAD
2025-03-19 22:00:00,PUMP101.VIBRATION_RMS,8.411,mm/s,GOOD
2025-03-19 23:00:00,PUMP101.VIBRATION_RMS,8.201,mm/s,GOOD
2025-03-20 00:00:00,PUMP101.VIBRATION_RMS,8.198,mm/s,GOOD
2025-03-20 01:00:00,PUMP101.VIBRATION_RMS,8.116,mm/s,GOOD
2025-03-20 02:00:00,PUMP101.VIBRATION_RMS,8.14,mm/s,GOOD
2025-03-20 03:00:00,PUMP101.VIBRATION_RMS,8.030999999999999,mm/s,GOOD
2025-03-20 04:00:00,PUMP101.VIBRATION_RMS,8.419,mm/s,GOOD
2025-03-20 05:00:00,PUMP101.VIBRATION_RMS,8.586,mm/s,GOOD
2025-03-20 06:00:00,PUMP101.VIBRATION_RMS,8.533999999999999,mm/s,GOOD
2025-03-20 07:00:00,PUMP101.VIBRATION_RMS,8.081,mm/s,GOOD
2025-03-20 08:00:00,PUMP101.VIBRATION_RMS,8.439,mm/s,GOOD
2025-03-20 09:00:00,PUMP101.VIBRATION_RMS,8.548,mm/s,GOOD
2025-03-20 10:00:00,PUMP101.VIBRATION_RMS,8.271,mm/s,GOOD
2025-03-20 11:00:00,PUMP101.VIBRATION_RMS,8.36,mm/s,GOOD
2025-03-20 12:00:00,PUMP101.VIBRATION_RMS,8.049,mm/s,GOOD
2025-03-20 13:00:00,PUMP101.VIBRATION_RMS,8.395,mm/s,GOOD
2025-03-20 14:00:00,PUMP101.VIBRATION_RMS,8.2,mm/s,GOOD
2025-03-20 15:00:00,PUMP101.VIBRATION_RMS,8.395,mm/s,GOOD
2025-03-20 16:00:00,PUMP101.VIBRATION_RMS,8.136,mm/s,GOOD
2025-03-20 17:00:00,PUMP101.VIBRATION_RMS,8.456,mm/s,GOOD
2025-03-20 18:00:00,PUMP101.VIBRATION_RMS,8.533999999999999,mm/s,GOOD
2025-03-20 19:00:00,PUMP101.VIBRATION_RMS,8.268,mm/s,GOOD
2025-03-20 20:00:00,PUMP101.VIBRATION_RMS,8.219,mm/s,GOOD
2025-03-20 21:00:00,PUMP101.VIBRATION_RMS,8.072,mm/s,BAD
2025-03-20 22:00:00,PUMP101.VIBRATION_RMS,8.36,mm/s,GOOD
2025-03-20 23:00:00,PUMP101.VIBRATION_RMS,8.318,mm/s,GOOD
2025-03-21 00:00:00,PUMP101.VIBRATION_RMS,8.177,mm/s,GOOD
2025-03-21 01:00:00,PUMP101.VIBRATION_RMS,8.482999999999999,mm/s,GOOD
2025-03-21 02:00:00,PUMP101.VIBRATION_RMS,8.353,mm/s,GOOD
2025-03-21 03:00:00,PUMP101.VIBRATION_RMS,8.264,mm/s,GOOD
2025-03-21 04:00:00,PUMP101.VIBRATION_RMS,8.347,mm/s,GOOD
2025-03-21 05:00:00,PUMP101.VIBRATION_RMS,8.596,mm/s,GOOD
2025-03-21 06:00:00,PUMP101.VIBRATION_RMS,8.53,mm/s,GOOD
2025-03-21 07:00:00,PUMP101.VIBRATION_RMS,8.424999999999999,mm/s,GOOD
2025-03-21 08:00:00,PUMP101.VIBRATION_RMS,8.543,mm/s,GOOD
2025-03-21 09:00:00,PUMP101.VIBRATION_RMS,8.281,mm/s,GOOD
2025-03-21 10:00:00,PUMP101.VIBRATION_RMS,8.465,mm/s,GOOD
2025-03-21 11:00:00,PUMP101.VIBRATION_RMS,8.487,mm/s,GOOD
2025-03-21 12:00:00,PUMP101.VIBRATION_RMS,8.4,mm/s,GOOD
2025-03-21 13:00:00,PUMP101.VIBRATION_RMS,8.54,mm/s,GOOD
2025-03-21 14:00:00,PUMP101.VIBRATION_RMS,8.363,mm/s,GOOD
2025-03-21 15:00:00,PUMP101.VIBRATION_RMS,8.561,mm/s,GOOD
2025-03-21 16:00:00,PUMP101.VIBRATION_RMS,8.573,mm/s,GOOD
2025-03-21 17:00:00,PUMP101.VIBRATION_RMS,8.057,mm/s,GOOD
2025-03-21 18:00:00,PUMP101.VIBRATION_RMS,8.679,mm/s,GOOD
2025-03-21 19:00:00,PUMP101.VIBRATION_RMS,8.048,mm/s,BAD
2025-03-21 20:00:00,PUMP101.VIBRATION_RMS,8.418,mm/s,GOOD
2025-03-21 21:00:00,PUMP101.VIBRATION_RMS,8.669,mm/s,GOOD
2025-03-21 22:00:00,PUMP101.VIBRATION_RMS,8.472,mm/s,GOOD
2025-03-21 23:00:00,PUMP101.VIBRATION_RMS,8.305,mm/s,GOOD
2025-03-22 00:00:00,PUMP101.VIBRATION_RMS,8.366,mm/s,GOOD
2025-03-22 01:00:00,PUMP101.VIBRATION_RMS,8.689,mm/s,GOOD
2025-03-22 02:00:00,PUMP101.VIBRATION_RMS,8.252,mm/s,GOOD
2025-03-22 03:00:00,PUMP101.VIBRATION_RMS,8.714,mm/s,GOOD
2025-03-22 04:00:00,PUMP101.VIBRATION_RMS,8.542,mm/s,GOOD
2025-03-22 05:00:00,PUMP101.VIBRATION_RMS,8.376,mm/s,GOOD
2025-03-22 06:00:00,PUMP101.VIBRATION_RMS,8.472999999999999,mm/s,GOOD
2025-03-22 07:00:00,PUMP101.VIBRATION_RMS,8.411999999999999,mm/s,GOOD
2025-03-22 08:00:00,PUMP101.VIBRATION_RMS,8.7,mm/s,GOOD
2025-03-22 09:00:00,PUMP101.VIBRATION_RMS,8.685,mm/s,GOOD
2025-03-22 10:00:00,PUMP101.VIBRATION_RMS,8.322,mm/s,GOOD
2025-03-22 11:00:00,PUMP101.VIBRATION_RMS,8.524000000000001,mm/s,GOOD
2025-03-22 12:00:00,PUMP101.VIBRATION_RMS,8.461,mm/s,GOOD
2025-03-22 13:00:00,PUMP101.VIBRATION_RMS,8.789,mm/s,GOOD
2025-03-22 14:00:00,PUMP101.VIBRATION_RMS,8.397,mm/s,GOOD
2025-03-22 15:00:00,PUMP101.VIBRATION_RMS,8.846,mm/s,GOOD
2025-03-22 16:00:00,PUMP101.VIBRATION_RMS,8.605,mm/s,GOOD
2025-03-22 17:00:00,PUMP101.VIBRATION_RMS,8.441,mm/s,GOOD
2025-03-22 18:00:00,PUMP101.VIBRATION_RMS,8.518,mm/s,GOOD
2025-03-22 19:00:00,PUMP101.VIBRATION_RMS,8.504999999999999,mm/s,GOOD
2025-03-22 20:00:00,PUMP101.VIBRATION_RMS,8.439,mm/s,GOOD
2025-03-22 21:00:00,PUMP101.VIBRATION_RMS,8.649,mm/s,GOOD
2025-03-22 22:00:00,PUMP101.VIBRATION_RMS,8.456,mm/s,GOOD
2025-03-22 23:00:00,PUMP101.VIBRATION_RMS,8.318000000000001,mm/s,GOOD
2025-03-23 00:00:00,PUMP101.VIBRATION_RMS,8.593,mm/s,GOOD
2025-03-23 01:00:00,PUMP101.VIBRATION_RMS,8.385,mm/s,GOOD
2025-03-23 02:00:00,PUMP101.VIBRATION_RMS,8.547,mm/s,GOOD
2025-03-23 03:00:00,PUMP101.VIBRATION_RMS,8.529,mm/s,GOOD
2025-03-23 04:00:00,PUMP101.VIBRATION_RMS,8.539,mm/s,GOOD
2025-03-23 05:00:00,PUMP101.VIBRATION_RMS,8.975,mm/s,GOOD
2025-03-23 06:00:00,PUMP101.VIBRATION_RMS,8.687999999999999,mm/s,GOOD
2025-03-23 07:00:00,PUMP101.VIBRATION_RMS,8.722,mm/s,GOOD
2025-03-23 08:00:00,PUMP101.VIBRATION_RMS,8.424,mm/s,GOOD
2025-03-23 09:00:00,PUMP101.VIBRATION_RMS,8.597,mm/s,GOOD
2025-03-23 10:00:00,PUMP101.VIBRATION_RMS,8.732,mm/s,GOOD
2025-03-23 11:00:00,PUMP101.VIBRATION_RMS,8.551,mm/s,GOOD
2025-03-23 12:00:00,PUMP101.VIBRATION_RMS,8.846,mm/s,GOOD
2025-03-23 13:00:00,PUMP101.VIBRATION_RMS,8.535,mm/s,GOOD
2025-03-23 14:00:00,PUMP101.VIBRATION_RMS,8.677,mm/s,GOOD
2025-03-23 15:00:00,PUMP101.VIBRATION_RMS,8.637,mm/s,GOOD
2025-03-23 16:00:00,PUMP101.VIBRATION_RMS,8.754999999999999,mm/s,GOOD
2025-03-23 17:00:00,PUMP101.VIBRATION_RMS,8.639,mm/s,GOOD
2025-03-23 18:00:00,PUMP101.VIBRATION_RMS,8.699,mm/s,GOOD
2025-03-23 19:00:00,PUMP101.VIBRATION_RMS,8.709999999999999,mm/s,GOOD
2025-03-23 20:00:00,PUMP101.VIBRATION_RMS,8.64,mm/s,GOOD
2025-03-23 21:00:00,PUMP101.VIBRATION_RMS,8.828,mm/s,GOOD
2025-03-23 22:00:00,PUMP101.VIBRATION_RMS,8.796,mm/s,GOOD
2025-03-23 23:00:00,PUMP101.VIBRATION_RMS,8.751999999999999,mm/s,GOOD
2025-03-24 00:00:00,PUMP101.VIBRATION_RMS,8.705,mm/s,GOOD
2025-03-24 01:00:00,PUMP101.VIBRATION_RMS,8.894,mm/s,GOOD
2025-03-24 02:00:00,PUMP101.VIBRATION_RMS,8.745000000000001,mm/s,GOOD
2025-03-24 03:00:00,PUMP101.VIBRATION_RMS,8.739,mm/s,GOOD
2025-03-24 04:00:00,PUMP101.VIBRATION_RMS,8.806,mm/s,GOOD
2025-03-24 05:00:00,PUMP101.VIBRATION_RMS,9.049,mm/s,GOOD
2025-03-24 06:00:00,PUMP101.VIBRATION_RMS,8.599,mm/s,GOOD
2025-03-24 07:00:00,PUMP101.VIBRATION_RMS,8.92,mm/s,GOOD
2025-03-24 08:00:00,PUMP101.VIBRATION_RMS,8.526,mm/s,GOOD
2025-03-24 09:00:00,PUMP101.VIBRATION_RMS,8.847999999999999,mm/s,GOOD
2025-03-24 10:00:00,PUMP101.VIBRATION_RMS,9.056,mm/s,GOOD
2025-03-24 11:00:00,PUMP101.VIBRATION_RMS,8.898,mm/s,GOOD
2025-03-24 12:00:00,PUMP101.VIBRATION_RMS,8.856,mm/s,GOOD
2025-03-24 13:00:00,PUMP101.VIBRATION_RMS,8.751,mm/s,GOOD
2025-03-24 14:00:00,PUMP101.VIBRATION_RMS,8.844999999999999,mm/s,GOOD
2025-03-24 15:00:00,PUMP101.VIBRATION_RMS,8.807,mm/s,GOOD
2025-03-24 16:00:00,PUMP101.VIBRATION_RMS,8.732,mm/s,GOOD
2025-03-24 17:00:00,PUMP101.VIBRATION_RMS,8.812000000000001,mm/s,GOOD
2025-03-24 18:00:00,PUMP101.VIBRATION_RMS,8.889999999999999,mm/s,GOOD
2025-03-24 19:00:00,PUMP101.VIBRATION_RMS,8.75,mm/s,GOOD
2025-03-24 20:00:00,PUMP101.VIBRATION_RMS,8.749,mm/s,GOOD
2025-03-24 21:00:00,PUMP101.VIBRATION_RMS,8.671,mm/s,GOOD
2025-03-24 22:00:00,PUMP101.VIBRATION_RMS,8.939,mm/s,GOOD
2025-03-24 23:00:00,PUMP101.VIBRATION_RMS,8.966999999999999,mm/s,GOOD
2025-03-25 00:00:00,PUMP101.VIBRATION_RMS,8.925,mm/s,GOOD
2025-03-25 01:00:00,PUMP101.VIBRATION_RMS,9.04,mm/s,GOOD
2025-03-25 02:00:00,PUMP101.VIBRATION_RMS,8.913,mm/s,GOOD
2025-03-25 03:00:00,PUMP101.VIBRATION_RMS,8.963999999999999,mm/s,GOOD
2025-03-25 04:00:00,PUMP101.VIBRATION_RMS,8.956,mm/s,GOOD
2025-03-25 05:00:00,PUMP101.VIBRATION_RMS,8.901,mm/s,GOOD
2025-03-25 06:00:00,PUMP101.VIBRATION_RMS,8.84,mm/s,GOOD
2025-03-25 07:00:00,PUMP101.VIBRATION_RMS,9.257,mm/s,GOOD
2025-03-25 08:00:00,PUMP101.VIBRATION_RMS,8.862,mm/s,GOOD
2025-03-25 09:00:00,PUMP101.VIBRATION_RMS,8.834999999999999,mm/s,GOOD
2025-03-25 10:00:00,PUMP101.VIBRATION_RMS,9.004999999999999,mm/s,GOOD
2025-03-25 11:00:00,PUMP101.VIBRATION_RMS,8.983,mm/s,GOOD
2025-03-25 12:00:00,PUMP101.VIBRATION_RMS,8.739,mm/s,GOOD
2025-03-25 13:00:00,PUMP101.VIBRATION_RMS,9.123,mm/s,GOOD
2025-03-25 14:00:00,PUMP101.VIBRATION_RMS,8.946,mm/s,GOOD
2025-03-25 15:00:00,PUMP101.VIBRATION_RMS,8.798,mm/s,GOOD
2025-03-25 16:00:00,PUMP101.VIBRATION_RMS,9.148,mm/s,GOOD
2025-03-25 17:00:00,PUMP101.VIBRATION_RMS,9.068999999999999,mm/s,GOOD
2025-03-25 18:00:00,PUMP101.VIBRATION_RMS,8.79,mm/s,GOOD
2025-03-25 19:00:00,PUMP101.VIBRATION_RMS,9.251999999999999,mm/s,GOOD
2025-03-25 20:00:00,PUMP101.VIBRATION_RMS,9.089,mm/s,GOOD
2025-03-25 21:00:00,PUMP101.VIBRATION_RMS,8.993,mm/s,GOOD
2025-03-25 22:00:00,PUMP101.VIBRATION_RMS,9.238999999999999,mm/s,GOOD
2025-03-25 23:00:00,PUMP101.VIBRATION_RMS,9.029,mm/s,GOOD
2025-03-26 00:00:00,PUMP101.VIBRATION_RMS,9.006,mm/s,GOOD
2025-03-26 01:00:00,PUMP101.VIBRATION_RMS,8.916,mm/s,GOOD
2025-03-26 02:00:00,PUMP101.VIBRATION_RMS,9.107000000000001,mm/s,GOOD
2025-03-26 03:00:00,PUMP101.VIBRATION_RMS,9.096,mm/s,GOOD
2025-03-26 04:00:00,PUMP101.VIBRATION_RMS,9.032,mm/s,GOOD
2025-03-26 05:00:00,PUMP101.VIBRATION_RMS,8.917,mm/s,GOOD
2025-03-26 06:00:00,PUMP101.VIBRATION_RMS,9.059000000000001,mm/s,GOOD
2025-03-26 07:00:00,PUMP101.VIBRATION_RMS,9.035,mm/s,GOOD
2025-03-26 08:00:00,PUMP101.VIBRATION_RMS,8.85,mm/s,GOOD
2025-03-26 09:00:00,PUMP101.VIBRATION_RMS,8.834,mm/s,GOOD
2025-03-26 10:00:00,PUMP101.VIBRATION_RMS,9.145,mm/s,GOOD
2025-03-26 11:00:00,PUMP101.VIBRATION_RMS,8.675,mm/s,GOOD
2025-03-26 12:00:00,PUMP101.VIBRATION_RMS,9.100999999999999,mm/s,GOOD
2025-03-26 13:00:00,PUMP101.VIBRATION_RMS,9.003,mm/s,GOOD
2025-03-26 14:00:00,PUMP101.VIBRATION_RMS,9.276,mm/s,GOOD
2025-03-26 15:00:00,PUMP101.VIBRATION_RMS,9.011,mm/s,GOOD
2025-03-26 16:00:00,PUMP101.VIBRATION_RMS,9.189,mm/s,GOOD
2025-03-26 17:00:00,PUMP101.VIBRATION_RMS,9.035,mm/s,GOOD
2025-03-26 18:00:00,PUMP101.VIBRATION_RMS,9.116999999999999,mm/s,GOOD
2025-03-26 19:00:00,PUMP101.VIBRATION_RMS,9.216,mm/s,GOOD
2025-03-26 20:00:00,PUMP101.VIBRATION_RMS,9.041,mm/s,GOOD
2025-03-26 21:00:00,PUMP101.VIBRATION_RMS,9.264,mm/s,GOOD
2025-03-26 22:00:00,PUMP101.VIBRATION_RMS,8.971,mm/s,GOOD
2025-03-26 23:00:00,PUMP101.VIBRATION_RMS,9.169,mm/s,GOOD
2025-03-27 00:00:00,PUMP101.VIBRATION_RMS,9.268,mm/s,GOOD
2025-03-27 01:00:00,PUMP101.VIBRATION_RMS,9.234,mm/s,GOOD
2025-03-27 02:00:00,PUMP101.VIBRATION_RMS,9.427,mm/s,GOOD
2025-03-27 03:00:00,PUMP101.VIBRATION_RMS,9.03,mm/s,BAD
2025-03-27 04:00:00,PUMP101.VIBRATION_RMS,8.943,mm/s,GOOD
2025-03-27 05:00:00,PUMP101.VIBRATION_RMS,9.006,mm/s,GOOD
2025-03-27 06:00:00,PUMP101.VIBRATION_RMS,9.259,mm/s,GOOD
2025-03-27 07:00:00,PUMP101.VIBRATION_RMS,9.239999999999998,mm/s,GOOD
2025-03-27 08:00:00,PUMP101.VIBRATION_RMS,9.185,mm/s,GOOD
2025-03-27 09:00:00,PUMP101.VIBRATION_RMS,9.007,mm/s,GOOD
2025-03-27 10:00:00,PUMP101.VIBRATION_RMS,9.295,mm/s,GOOD
2025-03-27 11:00:00,PUMP101.VIBRATION_RMS,9.001,mm/s,GOOD
2025-03-27 12:00:00,PUMP101.VIBRATION_RMS,9.363999999999999,mm/s,GOOD
2025-03-27 13:00:00,PUMP101.VIBRATION_RMS,9.623999999999999,mm/s,GOOD
2025-03-27 14:00:00,PUMP101.VIBRATION_RMS,9.255,mm/s,GOOD
2025-03-27 15:00:00,PUMP101.VIBRATION_RMS,9.292,mm/s,GOOD
2025-03-27 16:00:00,PUMP101.VIBRATION_RMS,9.136,mm/s,GOOD
2025-03-27 17:00:00,PUMP101.VIBRATION_RMS,8.943,mm/s,GOOD
2025-03-27 18:00:00,PUMP101.VIBRATION_RMS,9.129999999999999,mm/s,GOOD
2025-03-27 19:00:00,PUMP101.VIBRATION_RMS,9.061,mm/s,GOOD
2025-03-27 20:00:00,PUMP101.VIBRATION_RMS,9.013,mm/s,GOOD
2025-03-27 21:00:00,PUMP101.VIBRATION_RMS,9.492999999999999,mm/s,GOOD
2025-03-27 22:00:00,PUMP101.VIBRATION_RMS,9.280999999999999,mm/s,GOOD
2025-03-27 23:00:00,PUMP101.VIBRATION_RMS,9.302,mm/s,GOOD
2025-03-28 00:00:00,PUMP101.VIBRATION_RMS,9.204,mm/s,GOOD
2025-03-28 01:00:00,PUMP101.VIBRATION_RMS,9.229,mm/s,GOOD
2025-03-28 02:00:00,PUMP101.VIBRATION_RMS,9.405,mm/s,GOOD
2025-03-28 03:00:00,PUMP101.VIBRATION_RMS,9.26,mm/s,GOOD
2025-03-28 04:00:00,PUMP101.VIBRATION_RMS,9.35,mm/s,BAD
2025-03-28 05:00:00,PUMP101.VIBRATION_RMS,9.246,mm/s,GOOD
2025-03-28 06:00:00,PUMP101.VIBRATION_RMS,9.229,mm/s,GOOD
2025-03-28 07:00:00,PUMP101.VIBRATION_RMS,9.074,mm/s,GOOD
2025-03-28 08:00:00,PUMP101.VIBRATION_RMS,8.993,mm/s,GOOD
2025-03-28 09:00:00,PUMP101.VIBRATION_RMS,9.256,mm/s,GOOD
2025-03-28 10:00:00,PUMP101.VIBRATION_RMS,9.308,mm/s,GOOD
2025-03-28 11:00:00,PUMP101.VIBRATION_RMS,9.112,mm/s,GOOD
2025-03-28 12:00:00,PUMP101.VIBRATION_RMS,9.305,mm/s,GOOD
2025-03-28 13:00:00,PUMP101.VIBRATION_RMS,9.323,mm/s,GOOD
2025-03-28 14:00:00,PUMP101.VIBRATION_RMS,8.997,mm/s,GOOD
2025-03-28 15:00:00,PUMP101.VIBRATION_RMS,9.188,mm/s,GOOD
2025-03-28 16:00:00,PUMP101.VIBRATION_RMS,9.390999999999998,mm/s,GOOD
2025-03-28 17:00:00,PUMP101.VIBRATION_RMS,9.393,mm/s,GOOD
2025-03-28 18:00:00,PUMP101.VIBRATION_RMS,9.167,mm/s,GOOD
2025-03-28 19:00:00,PUMP101.VIBRATION_RMS,9.369,mm/s,GOOD
2025-03-28 20:00:00,PUMP101.VIBRATION_RMS,9.503,mm/s,GOOD
2025-03-28 21:00:00,PUMP101.VIBRATION_RMS,9.472,mm/s,GOOD
2025-03-28 22:00:00,PUMP101.VIBRATION_RMS,9.346,mm/s,GOOD
2025-03-28 23:00:00,PUMP101.VIBRATION_RMS,9.295,mm/s,GOOD
2025-03-29 00:00:00,PUMP101.VIBRATION_RMS,9.276,mm/s,GOOD
2025-03-29 01:00:00,PUMP101.VIBRATION_RMS,9.444999999999999,mm/s,GOOD
2025-03-29 02:00:00,PUMP101.VIBRATION_RMS,9.408999999999999,mm/s,GOOD
2025-03-29 03:00:00,PUMP101.VIBRATION_RMS,9.479,mm/s,GOOD
2025-03-29 04:00:00,PUMP101.VIBRATION_RMS,9.41,mm/s,GOOD
2025-03-29 05:00:00,PUMP101.VIBRATION_RMS,9.518,mm/s,GOOD
2025-03-29 06:00:00,PUMP101.VIBRATION_RMS,9.414,mm/s,GOOD
2025-03-29 07:00:00,PUMP101.VIBRATION_RMS,9.523,mm/s,GOOD
2025-03-29 08:00:00,PUMP101.VIBRATION_RMS,9.541,mm/s,GOOD
2025-03-29 09:00:00,PUMP101.VIBRATION_RMS,9.294,mm/s,GOOD
2025-03-29 10:00:00,PUMP101.VIBRATION_RMS,9.149,mm/s,GOOD
2025-03-29 11:00:00,PUMP101.VIBRATION_RMS,9.657,mm/s,GOOD
2025-03-29 12:00:00,PUMP101.VIBRATION_RMS,9.468,mm/s,GOOD
2025-03-29 13:00:00,PUMP101.VIBRATION_RMS,9.177999999999999,mm/s,GOOD
2025-03-29 14:00:00,PUMP101.VIBRATION_RMS,9.333,mm/s,GOOD
2025-03-29 15:00:00,PUMP101.VIBRATION_RMS,9.561,mm/s,GOOD
2025-03-29 16:00:00,PUMP101.VIBRATION_RMS,9.408,mm/s,GOOD
2025-03-29 17:00:00,PUMP101.VIBRATION_RMS,9.378,mm/s,GOOD
2025-03-29 18:00:00,PUMP101.VIBRATION_RMS,9.67,mm/s,GOOD
2025-03-29 19:00:00,PUMP101.VIBRATION_RMS,9.308,mm/s,GOOD
2025-03-29 20:00:00,PUMP101.VIBRATION_RMS,9.35,mm/s,BAD
2025-03-29 21:00:00,PUMP101.VIBRATION_RMS,9.507,mm/s,GOOD
2025-03-29 22:00:00,PUMP101.VIBRATION_RMS,9.539,mm/s,GOOD
2025-03-29 23:00:00,PUMP101.VIBRATION_RMS,9.559000000000001,mm/s,GOOD
2025-03-30 00:00:00,PUMP101.VIBRATION_RMS,9.626999999999999,mm/s,GOOD
2025-03-30 01:00:00,PUMP101.VIBRATION_RMS,9.524999999999999,mm/s,GOOD
2025-03-30 02:00:00,PUMP101.VIBRATION_RMS,9.573,mm/s,GOOD
2025-03-30 03:00:00,PUMP101.VIBRATION_RMS,9.466,mm/s,GOOD
2025-03-30 04:00:00,PUMP101.VIBRATION_RMS,9.519,mm/s,GOOD
2025-03-30 05:00:00,PUMP101.VIBRATION_RMS,9.530999999999999,mm/s,GOOD
2025-03-30 06:00:00,PUMP101.VIBRATION_RMS,9.552,mm/s,GOOD
2025-03-30 07:00:00,PUMP101.VIBRATION_RMS,9.641,mm/s,GOOD
2025-03-30 08:00:00,PUMP101.VIBRATION_RMS,9.613,mm/s,GOOD
2025-03-30 09:00:00,PUMP101.VIBRATION_RMS,9.542,mm/s,GOOD
2025-03-30 10:00:00,PUMP101.VIBRATION_RMS,9.418999999999999,mm/s,GOOD
2025-03-30 11:00:00,PUMP101.VIBRATION_RMS,9.555,mm/s,GOOD
2025-03-30 12:00:00,PUMP101.VIBRATION_RMS,9.546,mm/s,GOOD
2025-03-30 13:00:00,PUMP101.VIBRATION_RMS,9.584,mm/s,GOOD
2025-03-30 14:00:00,PUMP101.VIBRATION_RMS,9.891,mm/s,GOOD
2025-03-30 15:00:00,PUMP101.VIBRATION_RMS,9.485999999999999,mm/s,GOOD
2025-03-30 16:00:00,PUMP101.VIBRATION_RMS,9.633,mm/s,GOOD
2025-03-30 17:00:00,PUMP101.VIBRATION_RMS,9.735,mm/s,GOOD
2025-03-30 18:00:00,PUMP101.VIBRATION_RMS,9.595,mm/s,GOOD
2025-03-30 19:00:00,PUMP101.VIBRATION_RMS,9.936,mm/s,GOOD
2025-03-30 20:00:00,PUMP101.VIBRATION_RMS,9.533,mm/s,GOOD
2025-03-30 21:00:00,PUMP101.VIBRATION_RMS,9.644,mm/s,GOOD
2025-03-30 22:00:00,PUMP101.VIBRATION_RMS,9.48,mm/s,GOOD
2025-03-30 23:00:00,PUMP101.VIBRATION_RMS,9.552,mm/s,GOOD
2025-03-31 00:00:00,PUMP101.VIBRATION_RMS,9.646999999999998,mm/s,GOOD
2025-03-31 01:00:00,PUMP101.VIBRATION_RMS,9.741999999999999,mm/s,GOOD
2025-03-31 02:00:00,PUMP101.VIBRATION_RMS,9.668,mm/s,GOOD
2025-03-31 03:00:00,PUMP101.VIBRATION_RMS,9.814,mm/s,GOOD
2025-03-31 04:00:00,PUMP101.VIBRATION_RMS,9.616,mm/s,GOOD
2025-03-31 05:00:00,PUMP101.VIBRATION_RMS,9.585,mm/s,GOOD
2025-03-31 06:00:00,PUMP101.VIBRATION_RMS,10.046,mm/s,GOOD
2025-03-31 07:00:00,PUMP101.VIBRATION_RMS,9.704,mm/s,GOOD
2025-03-31 08:00:00,PUMP101.VIBRATION_RMS,9.542,mm/s,GOOD
2025-03-31 09:00:00,PUMP101.VIBRATION_RMS,9.550999999999998,mm/s,GOOD
2025-03-31 10:00:00,PUMP101.VIBRATION_RMS,9.518999999999998,mm/s,GOOD
2025-03-31 11:00:00,PUMP101.VIBRATION_RMS,9.805,mm/s,GOOD
2025-03-31 12:00:00,PUMP101.VIBRATION_RMS,9.615,mm/s,GOOD
2025-03-31 13:00:00,PUMP101.VIBRATION_RMS,9.693999999999999,mm/s,GOOD
2025-03-31 14:00:00,PUMP101.VIBRATION_RMS,9.67,mm/s,GOOD
2025-03-31 15:00:00,PUMP101.VIBRATION_RMS,9.795,mm/s,GOOD
2025-03-31 16:00:00,PUMP101.VIBRATION_RMS,9.562999999999999,mm/s,GOOD
2025-03-31 17:00:00,PUMP101.VIBRATION_RMS,9.534,mm/s,GOOD
2025-03-31 18:00:00,PUMP101.VIBRATION_RMS,9.733999999999998,mm/s,GOOD
2025-03-31 19:00:00,PUMP101.VIBRATION_RMS,9.794999999999998,mm/s,GOOD
2025-03-31 20:00:00,PUMP101.VIBRATION_RMS,9.76,mm/s,GOOD
2025-03-31 21:00:00,PUMP101.VIBRATION_RMS,9.594,mm/s,GOOD
2025-03-31 22:00:00,PUMP101.VIBRATION_RMS,9.822,mm/s,GOOD
2025-03-31 23:00:00,PUMP101.VIBRATION_RMS,9.613,mm/s,GOOD
2025-04-01 00:00:00,PUMP101.VIBRATION_RMS,9.652,mm/s,GOOD
2025-04-01 01:00:00,PUMP101.VIBRATION_RMS,9.593,mm/s,GOOD
2025-04-01 02:00:00,PUMP101.VIBRATION_RMS,9.935,mm/s,GOOD
2025-04-01 03:00:00,PUMP101.VIBRATION_RMS,9.84,mm/s,GOOD
2025-04-01 04:00:00,PUMP101.VIBRATION_RMS,9.841,mm/s,GOOD
2025-04-01 05:00:00,PUMP101.VIBRATION_RMS,9.942,mm/s,GOOD
2025-04-01 06:00:00,PUMP101.VIBRATION_RMS,10.182,mm/s,GOOD
2025-04-01 07:00:00,PUMP101.VIBRATION_RMS,9.509,mm/s,GOOD
2025-04-01 08:00:00,PUMP101.VIBRATION_RMS,9.658999999999999,mm/s,GOOD
2025-04-01 09:00:00,PUMP101.VIBRATION_RMS,9.683,mm/s,GOOD
2025-04-01 10:00:00,PUMP101.VIBRATION_RMS,9.652,mm/s,GOOD
2025-04-01 11:00:00,PUMP101.VIBRATION_RMS,9.623000000000001,mm/s,GOOD
2025-04-01 12:00:00,PUMP101.VIBRATION_RMS,9.745000000000001,mm/s,GOOD
2025-04-01 13:00:00,PUMP101.VIBRATION_RMS,9.613,mm/s,GOOD
2025-04-01 14:00:00,PUMP101.VIBRATION_RMS,9.85,mm/s,GOOD
2025-04-01 15:00:00,PUMP101.VIBRATION_RMS,9.812999999999999,mm/s,GOOD
2025-04-01 16:00:00,PUMP101.VIBRATION_RMS,9.882,mm/s,GOOD
2025-04-01 17:00:00,PUMP101.VIBRATION_RMS,9.891,mm/s,GOOD
2025-04-01 18:00:00,PUMP101.VIBRATION_RMS,9.91,mm/s,GOOD
2025-04-01 19:00:00,PUMP101.VIBRATION_RMS,9.768999999999998,mm/s,GOOD
2025-04-01 20:00:00,PUMP101.VIBRATION_RMS,10.148,mm/s,GOOD
2025-04-01 21:00:00,PUMP101.VIBRATION_RMS,9.870000000000001,mm/s,GOOD
2025-04-01 22:00:00,PUMP101.VIBRATION_RMS,9.561,mm/s,GOOD
2025-04-01 23:00:00,PUMP101.VIBRATION_RMS,9.695,mm/s,GOOD
2025-04-02 00:00:00,PUMP101.VIBRATION_RMS,9.588999999999999,mm/s,GOOD
2025-04-02 01:00:00,PUMP101.VIBRATION_RMS,9.858,mm/s,GOOD
2025-04-02 02:00:00,PUMP101.VIBRATION_RMS,9.842,mm/s,GOOD
2025-04-02 03:00:00,PUMP101.VIBRATION_RMS,9.795,mm/s,GOOD
2025-04-02 04:00:00,PUMP101.VIBRATION_RMS,10.171999999999999,mm/s,GOOD
2025-04-02 05:00:00,PUMP101.VIBRATION_RMS,9.957,mm/s,GOOD
2025-04-02 06:00:00,PUMP101.VIBRATION_RMS,9.989,mm/s,GOOD
2025-04-02 07:00:00,PUMP101.VIBRATION_RMS,9.745,mm/s,GOOD
2025-04-02 08:00:00,PUMP101.VIBRATION_RMS,9.74,mm/s,GOOD
2025-04-02 09:00:00,PUMP101.VIBRATION_RMS,9.901,mm/s,GOOD
2025-04-02 10:00:00,PUMP101.VIBRATION_RMS,9.925999999999998,mm/s,GOOD
2025-04-02 11:00:00,PUMP101.VIBRATION_RMS,9.627,mm/s,GOOD
2025-04-02 12:00:00,PUMP101.VIBRATION_RMS,9.883,mm/s,GOOD
2025-04-02 13:00:00,PUMP101.VIBRATION_RMS,9.916999999999998,mm/s,GOOD
2025-04-02 14:00:00,PUMP101.VIBRATION_RMS,9.888,mm/s,GOOD
2025-04-02 15:00:00,PUMP101.VIBRATION_RMS,9.803,mm/s,GOOD
2025-04-02 16:00:00,PUMP101.VIBRATION_RMS,9.849,mm/s,GOOD
2025-04-02 17:00:00,PUMP101.VIBRATION_RMS,9.908,mm/s,GOOD
2025-04-02 18:00:00,PUMP101.VIBRATION_RMS,9.953999999999999,mm/s,GOOD
2025-04-02 19:00:00,PUMP101.VIBRATION_RMS,10.036,mm/s,GOOD
2025-04-02 20:00:00,PUMP101.VIBRATION_RMS,10.112,mm/s,GOOD
2025-04-02 21:00:00,PUMP101.VIBRATION_RMS,9.911,mm/s,GOOD
2025-04-02 22:00:00,PUMP101.VIBRATION_RMS,9.892,mm/s,GOOD
2025-04-02 23:00:00,PUMP101.VIBRATION_RMS,10.030999999999999,mm/s,GOOD
2025-04-03 00:00:00,PUMP101.VIBRATION_RMS,10.062,mm/s,GOOD
2025-04-03 01:00:00,PUMP101.VIBRATION_RMS,9.91,mm/s,GOOD
2025-04-03 02:00:00,PUMP101.VIBRATION_RMS,10.099,mm/s,GOOD
2025-04-03 03:00:00,PUMP101.VIBRATION_RMS,10.132,mm/s,GOOD
2025-04-03 04:00:00,PUMP101.VIBRATION_RMS,10.184,mm/s,GOOD
2025-04-03 05:00:00,PUMP101.VIBRATION_RMS,10.262,mm/s,GOOD
2025-04-03 06:00:00,PUMP101.VIBRATION_RMS,9.870000000000001,mm/s,GOOD
2025-04-03 07:00:00,PUMP101.VIBRATION_RMS,10.006999999999998,mm/s,GOOD
2025-04-03 08:00:00,PUMP101.VIBRATION_RMS,10.012,mm/s,GOOD
2025-04-03 09:00:00,PUMP101.VIBRATION_RMS,10.0,mm/s,GOOD
2025-04-03 10:00:00,PUMP101.VIBRATION_RMS,9.923,mm/s,GOOD
2025-04-03 11:00:00,PUMP101.VIBRATION_RMS,9.802,mm/s,GOOD
2025-04-03 12:00:00,PUMP101.VIBRATION_RMS,10.043999999999999,mm/s,GOOD
2025-04-03 13:00:00,PUMP101.VIBRATION_RMS,9.919999999999998,mm/s,GOOD
2025-04-03 14:00:00,PUMP101.VIBRATION_RMS,10.053,mm/s,GOOD
2025-04-03 15:00:00,PUMP101.VIBRATION_RMS,9.926,mm/s,GOOD
2025-04-03 16:00:00,PUMP101.VIBRATION_RMS,9.885,mm/s,GOOD
2025-04-03 17:00:00,PUMP101.VIBRATION_RMS,10.09,mm/s,GOOD
2025-04-03 18:00:00,PUMP101.VIBRATION_RMS,10.083,mm/s,GOOD
2025-04-03 19:00:00,PUMP101.VIBRATION_RMS,10.152,mm/s,GOOD
2025-04-03 20:00:00,PUMP101.VIBRATION_RMS,10.398,mm/s,GOOD
2025-04-03 21:00:00,PUMP101.VIBRATION_RMS,10.116999999999999,mm/s,GOOD
2025-04-03 22:00:00,PUMP101.VIBRATION_RMS,10.152999999999999,mm/s,GOOD
2025-04-03 23:00:00,PUMP101.VIBRATION_RMS,9.923,mm/s,GOOD
2025-04-04 00:00:00,PUMP101.VIBRATION_RMS,9.897,mm/s,GOOD
2025-04-04 01:00:00,PUMP101.VIBRATION_RMS,10.332,mm/s,BAD
2025-04-04 02:00:00,PUMP101.VIBRATION_RMS,9.961,mm/s,GOOD
2025-04-04 03:00:00,PUMP101.VIBRATION_RMS,9.948,mm/s,GOOD
2025-04-04 04:00:00,PUMP101.VIBRATION_RMS,10.104,mm/s,GOOD
2025-04-04 05:00:00,PUMP101.VIBRATION_RMS,10.101,mm/s,GOOD
2025-04-04 06:00:00,PUMP101.VIBRATION_RMS,9.985,mm/s,GOOD
2025-04-04 07:00:00,PUMP101.VIBRATION_RMS,10.078999999999999,mm/s,GOOD
2025-04-04 08:00:00,PUMP101.VIBRATION_RMS,10.314,mm/s,GOOD
2025-04-04 09:00:00,PUMP101.VIBRATION_RMS,10.014,mm/s,GOOD
2025-04-04 10:00:00,PUMP101.VIBRATION_RMS,9.931,mm/s,GOOD
2025-04-04 11:00:00,PUMP101.VIBRATION_RMS,10.286,mm/s,GOOD
2025-04-04 12:00:00,PUMP101.VIBRATION_RMS,10.224,mm/s,GOOD
2025-04-04 13:00:00,PUMP101.VIBRATION_RMS,10.062,mm/s,GOOD
2025-04-04 14:00:00,PUMP101.VIBRATION_RMS,9.923,mm/s,GOOD
2025-04-04 15:00:00,PUMP101.VIBRATION_RMS,10.053,mm/s,GOOD
2025-04-04 16:00:00,PUMP101.VIBRATION_RMS,10.161999999999999,mm/s,GOOD
2025-04-04 17:00:00,PUMP101.VIBRATION_RMS,10.35,mm/s,GOOD
2025-04-04 18:00:00,PUMP101.VIBRATION_RMS,10.025,mm/s,GOOD
2025-04-04 19:00:00,PUMP101.VIBRATION_RMS,10.172,mm/s,GOOD
2025-04-04 20:00:00,PUMP101.VIBRATION_RMS,10.291,mm/s,GOOD
2025-04-04 21:00:00,PUMP101.VIBRATION_RMS,9.838,mm/s,GOOD
2025-04-04 22:00:00,PUMP101.VIBRATION_RMS,10.355,mm/s,GOOD
2025-04-04 23:00:00,PUMP101.VIBRATION_RMS,10.027999999999999,mm/s,BAD
2025-04-05 00:00:00,PUMP101.VIBRATION_RMS,10.26,mm/s,GOOD
2025-04-05 01:00:00,PUMP101.VIBRATION_RMS,10.251999999999999,mm/s,GOOD
2025-04-05 02:00:00,PUMP101.VIBRATION_RMS,10.383,mm/s,GOOD
2025-04-05 03:00:00,PUMP101.VIBRATION_RMS,10.308,mm/s,GOOD
2025-04-05 04:00:00,PUMP101.VIBRATION_RMS,9.873000000000001,mm/s,BAD
2025-04-05 05:00:00,PUMP101.VIBRATION_RMS,10.116999999999999,mm/s,GOOD
2025-04-05 06:00:00,PUMP101.VIBRATION_RMS,10.261,mm/s,GOOD
2025-04-05 07:00:00,PUMP101.VIBRATION_RMS,10.216000000000001,mm/s,GOOD
2025-04-05 08:00:00,PUMP101.VIBRATION_RMS,10.322,mm/s,GOOD
2025-04-05 09:00:00,PUMP101.VIBRATION_RMS,10.373,mm/s,GOOD
2025-04-05 10:00:00,PUMP101.VIBRATION_RMS,10.351,mm/s,GOOD
2025-04-05 11:00:00,PUMP101.VIBRATION_RMS,10.232999999999999,mm/s,GOOD
2025-04-05 12:00:00,PUMP101.VIBRATION_RMS,9.992999999999999,mm/s,GOOD
2025-04-05 13:00:00,PUMP101.VIBRATION_RMS,10.207,mm/s,GOOD
2025-04-05 14:00:00,PUMP101.VIBRATION_RMS,10.341999999999999,mm/s,GOOD
2025-04-05 15:00:00,PUMP101.VIBRATION_RMS,10.121,mm/s,GOOD
2025-04-05 16:00:00,PUMP101.VIBRATION_RMS,10.385,mm/s,GOOD
2025-04-05 17:00:00,PUMP101.VIBRATION_RMS,10.431,mm/s,GOOD
2025-04-05 18:00:00,PUMP101.VIBRATION_RMS,10.318999999999999,mm/s,GOOD
2025-04-05 19:00:00,PUMP101.VIBRATION_RMS,9.845,mm/s,GOOD
2025-04-05 20:00:00,PUMP101.VIBRATION_RMS,10.117999999999999,mm/s,GOOD
2025-04-05 21:00:00,PUMP101.VIBRATION_RMS,10.597999999999999,mm/s,GOOD
2025-04-05 22:00:00,PUMP101.VIBRATION_RMS,10.238,mm/s,GOOD
2025-04-05 23:00:00,PUMP101.VIBRATION_RMS,10.027,mm/s,GOOD
2025-04-06 00:00:00,PUMP101.VIBRATION_RMS,10.515,mm/s,GOOD
2025-04-06 01:00:00,PUMP101.VIBRATION_RMS,10.337,mm/s,GOOD
2025-04-06 02:00:00,PUMP101.VIBRATION_RMS,10.505999999999998,mm/s,GOOD
2025-04-06 03:00:00,PUMP101.VIBRATION_RMS,10.387,mm/s,BAD
2025-04-06 04:00:00,PUMP101.VIBRATION_RMS,10.419,mm/s,GOOD
2025-04-06 05:00:00,PUMP101.VIBRATION_RMS,10.408999999999999,mm/s,GOOD
2025-04-06 06:00:00,PUMP101.VIBRATION_RMS,10.465,mm/s,GOOD
2025-04-06 07:00:00,PUMP101.VIBRATION_RMS,10.707,mm/s,GOOD
2025-04-06 08:00:00,PUMP101.VIBRATION_RMS,10.515999999999998,mm/s,GOOD
2025-04-06 09:00:00,PUMP101.VIBRATION_RMS,10.138,mm/s,GOOD
2025-04-06 10:00:00,PUMP101.VIBRATION_RMS,10.447,mm/s,GOOD
2025-04-06 11:00:00,PUMP101.VIBRATION_RMS,10.556,mm/s,GOOD
2025-04-06 12:00:00,PUMP101.VIBRATION_RMS,10.57,mm/s,GOOD
2025-04-06 13:00:00,PUMP101.VIBRATION_RMS,10.331,mm/s,GOOD
2025-04-06 14:00:00,PUMP101.VIBRATION_RMS,10.575,mm/s,GOOD
2025-04-06 15:00:00,PUMP101.VIBRATION_RMS,10.543999999999999,mm/s,GOOD
2025-04-06 16:00:00,PUMP101.VIBRATION_RMS,10.796,mm/s,GOOD
2025-04-06 17:00:00,PUMP101.VIBRATION_RMS,10.302,mm/s,GOOD
2025-04-06 18:00:00,PUMP101.VIBRATION_RMS,10.344,mm/s,GOOD
2025-04-06 19:00:00,PUMP101.VIBRATION_RMS,10.379000000000001,mm/s,GOOD
2025-04-06 20:00:00,PUMP101.VIBRATION_RMS,10.355999999999998,mm/s,GOOD
2025-04-06 21:00:00,PUMP101.VIBRATION_RMS,10.301,mm/s,GOOD
2025-04-06 22:00:00,PUMP101.VIBRATION_RMS,10.026,mm/s,GOOD
2025-04-06 23:00:00,PUMP101.VIBRATION_RMS,10.379999999999999,mm/s,GOOD
2025-04-07 00:00:00,PUMP101.VIBRATION_RMS,10.504999999999999,mm/s,GOOD
2025-04-07 01:00:00,PUMP101.VIBRATION_RMS,10.381,mm/s,BAD
2025-04-07 02:00:00,PUMP101.VIBRATION_RMS,10.75,mm/s,GOOD
2025-04-07 03:00:00,PUMP101.VIBRATION_RMS,10.466999999999999,mm/s,GOOD
2025-04-07 04:00:00,PUMP101.VIBRATION_RMS,10.664000000000001,mm/s,GOOD
2025-04-07 05:00:00,PUMP101.VIBRATION_RMS,10.514,mm/s,GOOD
2025-04-07 06:00:00,PUMP101.VIBRATION_RMS,10.604,mm/s,GOOD
2025-04-07 07:00:00,PUMP101.VIBRATION_RMS,10.527000000000001,mm/s,GOOD
2025-04-07 08:00:00,PUMP101.VIBRATION_RMS,10.695,mm/s,GOOD
2025-04-07 09:00:00,PUMP101.VIBRATION_RMS,10.503,mm/s,GOOD
2025-04-07 10:00:00,PUMP101.VIBRATION_RMS,10.574,mm/s,GOOD
2025-04-07 11:00:00,PUMP101.VIBRATION_RMS,10.559999999999999,mm/s,GOOD
2025-04-07 12:00:00,PUMP101.VIBRATION_RMS,10.466999999999999,mm/s,GOOD
2025-04-07 13:00:00,PUMP101.VIBRATION_RMS,10.576,mm/s,GOOD
2025-04-07 14:00:00,PUMP101.VIBRATION_RMS,10.855,mm/s,GOOD
2025-04-07 15:00:00,PUMP101.VIBRATION_RMS,10.484,mm/s,GOOD
2025-04-07 16:00:00,PUMP101.VIBRATION_RMS,10.593000000000002,mm/s,GOOD
2025-04-07 17:00:00,PUMP101.VIBRATION_RMS,10.723999999999998,mm/s,GOOD
2025-04-07 18:00:00,PUMP101.VIBRATION_RMS,10.710999999999999,mm/s,GOOD
2025-04-07 19:00:00,PUMP101.VIBRATION_RMS,10.547,mm/s,GOOD
2025-04-07 20:00:00,PUMP101.VIBRATION_RMS,10.191999999999998,mm/s,GOOD
2025-04-07 21:00:00,PUMP101.VIBRATION_RMS,10.633,mm/s,GOOD
2025-04-07 22:00:00,PUMP101.VIBRATION_RMS,10.227,mm/s,GOOD
2025-04-07 23:00:00,PUMP101.VIBRATION_RMS,10.785,mm/s,GOOD
2025-04-08 00:00:00,PUMP101.VIBRATION_RMS,10.595,mm/s,GOOD
2025-04-08 01:00:00,PUMP101.VIBRATION_RMS,10.725000000000001,mm/s,GOOD
2025-04-08 02:00:00,PUMP101.VIBRATION_RMS,10.444999999999999,mm/s,GOOD
2025-04-08 03:00:00,PUMP101.VIBRATION_RMS,10.351999999999999,mm/s,GOOD
2025-04-08 04:00:00,PUMP101.VIBRATION_RMS,10.629,mm/s,GOOD
2025-04-08 05:00:00,PUMP101.VIBRATION_RMS,10.59,mm/s,GOOD
2025-04-08 06:00:00,PUMP101.VIBRATION_RMS,10.526,mm/s,GOOD
2025-04-08 07:00:00,PUMP101.VIBRATION_RMS,10.618,mm/s,GOOD
2025-04-08 08:00:00,PUMP101.VIBRATION_RMS,11.024999999999999,mm/s,GOOD
2025-04-08 09:00:00,PUMP101.VIBRATION_RMS,10.74,mm/s,GOOD
2025-04-08 10:00:00,PUMP101.VIBRATION_RMS,10.777000000000001,mm/s,GOOD
2025-04-08 11:00:00,PUMP101.VIBRATION_RMS,10.751999999999999,mm/s,GOOD
2025-04-08 12:00:00,PUMP101.VIBRATION_RMS,10.851999999999999,mm/s,GOOD
2025-04-08 13:00:00,PUMP101.VIBRATION_RMS,10.606,mm/s,GOOD
2025-04-08 14:00:00,PUMP101.VIBRATION_RMS,10.331999999999999,mm/s,GOOD
2025-04-08 15:00:00,PUMP101.VIBRATION_RMS,10.616999999999999,mm/s,GOOD
2025-04-08 16:00:00,PUMP101.VIBRATION_RMS,10.772,mm/s,GOOD
2025-04-08 17:00:00,PUMP101.VIBRATION_RMS,10.51,mm/s,GOOD
2025-04-08 18:00:00,PUMP101.VIBRATION_RMS,10.634,mm/s,GOOD
2025-04-08 19:00:00,PUMP101.VIBRATION_RMS,10.561,mm/s,GOOD
2025-04-08 20:00:00,PUMP101.VIBRATION_RMS,10.895,mm/s,GOOD
2025-04-08 21:00:00,PUMP101.VIBRATION_RMS,10.786999999999999,mm/s,GOOD
2025-04-08 22:00:00,PUMP101.VIBRATION_RMS,10.777999999999999,mm/s,GOOD
2025-04-08 23:00:00,PUMP101.VIBRATION_RMS,10.777999999999999,mm/s,GOOD
2025-04-09 00:00:00,PUMP101.VIBRATION_RMS,10.684,mm/s,GOOD
2025-04-09 01:00:00,PUMP101.VIBRATION_RMS,10.725,mm/s,GOOD
2025-04-09 02:00:00,PUMP101.VIBRATION_RMS,10.521999999999998,mm/s,GOOD
2025-04-09 03:00:00,PUMP101.VIBRATION_RMS,10.377,mm/s,GOOD
2025-04-09 04:00:00,PUMP101.VIBRATION_RMS,10.733,mm/s,GOOD
2025-04-09 05:00:00,PUMP101.VIBRATION_RMS,10.764,mm/s,GOOD
2025-04-09 06:00:00,PUMP101.VIBRATION_RMS,10.901,mm/s,GOOD
2025-04-09 07:00:00,PUMP101.VIBRATION_RMS,10.961,mm/s,GOOD
2025-04-09 08:00:00,PUMP101.VIBRATION_RMS,10.964999999999998,mm/s,GOOD
2025-04-09 09:00:00,PUMP101.VIBRATION_RMS,10.584999999999999,mm/s,GOOD
2025-04-09 10:00:00,PUMP101.VIBRATION_RMS,10.687000000000001,mm/s,GOOD
2025-04-09 11:00:00,PUMP101.VIBRATION_RMS,10.817,mm/s,GOOD
2025-04-09 12:00:00,PUMP101.VIBRATION_RMS,11.129999999999999,mm/s,GOOD
2025-04-09 13:00:00,PUMP101.VIBRATION_RMS,10.977,mm/s,GOOD
2025-04-09 14:00:00,PUMP101.VIBRATION_RMS,10.928,mm/s,GOOD
2025-04-09 15:00:00,PUMP101.VIBRATION_RMS,10.707,mm/s,GOOD
2025-04-09 16:00:00,PUMP101.VIBRATION_RMS,10.638,mm/s,GOOD
2025-04-09 17:00:00,PUMP101.VIBRATION_RMS,10.892999999999999,mm/s,GOOD
2025-04-09 18:00:00,PUMP101.VIBRATION_RMS,10.614999999999998,mm/s,GOOD
2025-04-09 19:00:00,PUMP101.VIBRATION_RMS,10.749,mm/s,GOOD
2025-04-09 20:00:00,PUMP101.VIBRATION_RMS,10.773,mm/s,GOOD
2025-04-09 21:00:00,PUMP101.VIBRATION_RMS,11.033999999999999,mm/s,GOOD
2025-04-09 22:00:00,PUMP101.VIBRATION_RMS,10.747,mm/s,GOOD
2025-04-09 23:00:00,PUMP101.VIBRATION_RMS,10.439,mm/s,GOOD
2025-04-10 00:00:00,PUMP101.VIBRATION_RMS,10.886000000000001,mm/s,GOOD
2025-04-10 01:00:00,PUMP101.VIBRATION_RMS,10.709999999999999,mm/s,GOOD
2025-04-10 02:00:00,PUMP101.VIBRATION_RMS,10.825999999999999,mm/s,GOOD
2025-04-10 03:00:00,PUMP101.VIBRATION_RMS,10.812,mm/s,GOOD
2025-04-10 04:00:00,PUMP101.VIBRATION_RMS,10.789,mm/s,GOOD
2025-04-10 05:00:00,PUMP101.VIBRATION_RMS,10.953999999999999,mm/s,GOOD
2025-04-10 06:00:00,PUMP101.VIBRATION_RMS,10.61,mm/s,BAD
2025-04-10 07:00:00,PUMP101.VIBRATION_RMS,10.767000000000001,mm/s,GOOD
2025-04-10 08:00:00,PUMP101.VIBRATION_RMS,10.953,mm/s,GOOD
2025-04-10 09:00:00,PUMP101.VIBRATION_RMS,10.763,mm/s,GOOD
2025-04-10 10:00:00,PUMP101.VIBRATION_RMS,10.619,mm/s,GOOD
2025-04-10 11:00:00,PUMP101.VIBRATION_RMS,10.964999999999998,mm/s,GOOD
2025-04-10 12:00:00,PUMP101.VIBRATION_RMS,11.038,mm/s,GOOD
2025-04-10 13:00:00,PUMP101.VIBRATION_RMS,10.868,mm/s,GOOD
2025-04-10 14:00:00,PUMP101.VIBRATION_RMS,10.585999999999999,mm/s,GOOD
2025-04-10 15:00:00,PUMP101.VIBRATION_RMS,10.991,mm/s,GOOD
2025-04-10 16:00:00,PUMP101.VIBRATION_RMS,10.641,mm/s,GOOD
2025-04-10 17:00:00,PUMP101.VIBRATION_RMS,10.940999999999999,mm/s,GOOD
2025-04-10 18:00:00,PUMP101.VIBRATION_RMS,10.767,mm/s,GOOD
2025-04-10 19:00:00,PUMP101.VIBRATION_RMS,10.731000000000002,mm/s,GOOD
2025-04-10 20:00:00,PUMP101.VIBRATION_RMS,10.843999999999998,mm/s,GOOD
2025-04-10 21:00:00,PUMP101.VIBRATION_RMS,10.887999999999998,mm/s,GOOD
2025-04-10 22:00:00,PUMP101.VIBRATION_RMS,10.823,mm/s,GOOD
2025-04-10 23:00:00,PUMP101.VIBRATION_RMS,11.012999999999998,mm/s,GOOD
2025-04-11 00:00:00,PUMP101.VIBRATION_RMS,10.863,mm/s,GOOD
2025-04-11 01:00:00,PUMP101.VIBRATION_RMS,11.082,mm/s,GOOD
2025-04-11 02:00:00,PUMP101.VIBRATION_RMS,10.982,mm/s,GOOD
2025-04-11 03:00:00,PUMP101.VIBRATION_RMS,10.84,mm/s,GOOD
2025-04-11 04:00:00,PUMP101.VIBRATION_RMS,10.82,mm/s,GOOD
2025-04-11 05:00:00,PUMP101.VIBRATION_RMS,10.707999999999998,mm/s,GOOD
2025-04-11 06:00:00,PUMP101.VIBRATION_RMS,11.004,mm/s,GOOD
2025-04-11 07:00:00,PUMP101.VIBRATION_RMS,10.911999999999999,mm/s,GOOD
2025-04-11 08:00:00,PUMP101.VIBRATION_RMS,10.613999999999999,mm/s,GOOD
2025-04-11 09:00:00,PUMP101.VIBRATION_RMS,10.895,mm/s,GOOD
2025-04-11 10:00:00,PUMP101.VIBRATION_RMS,10.845,mm/s,GOOD
2025-04-11 11:00:00,PUMP101.VIBRATION_RMS,11.221,mm/s,GOOD
2025-04-11 12:00:00,PUMP101.VIBRATION_RMS,10.735,mm/s,GOOD
2025-04-11 13:00:00,PUMP101.VIBRATION_RMS,10.779,mm/s,GOOD
2025-04-11 14:00:00,PUMP101.VIBRATION_RMS,11.166,mm/s,GOOD
2025-04-11 15:00:00,PUMP101.VIBRATION_RMS,11.209,mm/s,GOOD
2025-04-11 16:00:00,PUMP101.VIBRATION_RMS,10.898,mm/s,GOOD
2025-04-11 17:00:00,PUMP101.VIBRATION_RMS,10.919999999999998,mm/s,GOOD
2025-04-11 18:00:00,PUMP101.VIBRATION_RMS,11.112,mm/s,GOOD
2025-04-11 19:00:00,PUMP101.VIBRATION_RMS,10.676,mm/s,GOOD
2025-04-11 20:00:00,PUMP101.VIBRATION_RMS,10.751,mm/s,GOOD
2025-04-11 21:00:00,PUMP101.VIBRATION_RMS,10.993,mm/s,GOOD
2025-04-11 22:00:00,PUMP101.VIBRATION_RMS,11.272000000000002,mm/s,GOOD
2025-04-11 23:00:00,PUMP101.VIBRATION_RMS,10.98,mm/s,GOOD
2025-04-12 00:00:00,PUMP101.VIBRATION_RMS,11.065,mm/s,GOOD
2025-04-12 01:00:00,PUMP101.VIBRATION_RMS,11.225,mm/s,GOOD
2025-04-12 02:00:00,PUMP101.VIBRATION_RMS,11.375999999999998,mm/s,GOOD
2025-04-12 03:00:00,PUMP101.VIBRATION_RMS,10.978,mm/s,GOOD
2025-04-12 04:00:00,PUMP101.VIBRATION_RMS,11.067,mm/s,GOOD
2025-04-12 05:00:00,PUMP101.VIBRATION_RMS,11.347999999999999,mm/s,GOOD
2025-04-12 06:00:00,PUMP101.VIBRATION_RMS,10.852,mm/s,GOOD
2025-04-12 07:00:00,PUMP101.VIBRATION_RMS,11.239,mm/s,GOOD
2025-04-12 08:00:00,PUMP101.VIBRATION_RMS,10.937,mm/s,GOOD
2025-04-12 09:00:00,PUMP101.VIBRATION_RMS,11.11,mm/s,GOOD
2025-04-12 10:00:00,PUMP101.VIBRATION_RMS,11.064,mm/s,GOOD
2025-04-12 11:00:00,PUMP101.VIBRATION_RMS,10.960999999999999,mm/s,GOOD
2025-04-12 12:00:00,PUMP101.VIBRATION_RMS,10.963,mm/s,GOOD
2025-04-12 13:00:00,PUMP101.VIBRATION_RMS,11.156,mm/s,GOOD
2025-04-12 14:00:00,PUMP101.VIBRATION_RMS,11.268999999999998,mm/s,GOOD
2025-04-12 15:00:00,PUMP101.VIBRATION_RMS,11.106,mm/s,GOOD
2025-04-12 16:00:00,PUMP101.VIBRATION_RMS,11.141000000000002,mm/s,GOOD
2025-04-12 17:00:00,PUMP101.VIBRATION_RMS,11.221,mm/s,GOOD
2025-04-12 18:00:00,PUMP101.VIBRATION_RMS,10.994,mm/s,GOOD
2025-04-12 19:00:00,PUMP101.VIBRATION_RMS,11.256,mm/s,GOOD
2025-04-12 20:00:00,PUMP101.VIBRATION_RMS,11.273,mm/s,GOOD
2025-04-12 21:00:00,PUMP101.VIBRATION_RMS,11.546,mm/s,GOOD
2025-04-12 22:00:00,PUMP101.VIBRATION_RMS,11.104,mm/s,GOOD
2025-04-12 23:00:00,PUMP101.VIBRATION_RMS,11.096,mm/s,GOOD
2025-04-13 00:00:00,PUMP101.VIBRATION_RMS,11.285,mm/s,GOOD
2025-04-13 01:00:00,PUMP101.VIBRATION_RMS,11.298000000000002,mm/s,GOOD
2025-04-13 02:00:00,PUMP101.VIBRATION_RMS,11.1,mm/s,GOOD
2025-04-13 03:00:00,PUMP101.VIBRATION_RMS,11.125,mm/s,GOOD
2025-04-13 04:00:00,PUMP101.VIBRATION_RMS,11.270999999999999,mm/s,GOOD
2025-04-13 05:00:00,PUMP101.VIBRATION_RMS,11.070999999999998,mm/s,GOOD
2025-04-13 06:00:00,PUMP101.VIBRATION_RMS,11.138,mm/s,GOOD
2025-04-13 07:00:00,PUMP101.VIBRATION_RMS,11.218,mm/s,GOOD
2025-04-13 08:00:00,PUMP101.VIBRATION_RMS,11.358999999999998,mm/s,GOOD
2025-04-13 09:00:00,PUMP101.VIBRATION_RMS,11.123999999999999,mm/s,GOOD
2025-04-13 10:00:00,PUMP101.VIBRATION_RMS,10.944,mm/s,GOOD
2025-04-13 11:00:00,PUMP101.VIBRATION_RMS,10.937999999999999,mm/s,GOOD
2025-04-13 12:00:00,PUMP101.VIBRATION_RMS,11.041,mm/s,GOOD
2025-04-13 13:00:00,PUMP101.VIBRATION_RMS,11.038,mm/s,GOOD
2025-04-13 14:00:00,PUMP101.VIBRATION_RMS,11.216999999999999,mm/s,GOOD
2025-04-13 15:00:00,PUMP101.VIBRATION_RMS,11.067,mm/s,GOOD
2025-04-13 16:00:00,PUMP101.VIBRATION_RMS,11.145,mm/s,GOOD
2025-04-13 17:00:00,PUMP101.VIBRATION_RMS,11.139,mm/s,GOOD
2025-04-13 18:00:00,PUMP101.VIBRATION_RMS,11.193999999999999,mm/s,GOOD
2025-04-13 19:00:00,PUMP101.VIBRATION_RMS,11.463000000000001,mm/s,GOOD
2025-04-13 20:00:00,PUMP101.VIBRATION_RMS,11.369,mm/s,GOOD
2025-04-13 21:00:00,PUMP101.VIBRATION_RMS,11.277000000000001,mm/s,GOOD
2025-04-13 22:00:00,PUMP101.VIBRATION_RMS,11.210999999999999,mm/s,GOOD
2025-04-13 23:00:00,PUMP101.VIBRATION_RMS,11.219999999999999,mm/s,GOOD
2025-04-14 00:00:00,PUMP101.VIBRATION_RMS,11.338999999999999,mm/s,GOOD
2025-04-14 01:00:00,PUMP101.VIBRATION_RMS,11.383,mm/s,GOOD
2025-04-14 02:00:00,PUMP101.VIBRATION_RMS,11.163999999999998,mm/s,GOOD
2025-04-14 03:00:00,PUMP101.VIBRATION_RMS,11.309999999999999,mm/s,GOOD
2025-04-14 04:00:00,PUMP101.VIBRATION_RMS,11.005,mm/s,GOOD
2025-04-14 05:00:00,PUMP101.VIBRATION_RMS,11.347,mm/s,GOOD
2025-04-14 06:00:00,PUMP101.VIBRATION_RMS,11.434000000000001,mm/s,GOOD
2025-04-14 07:00:00,PUMP101.VIBRATION_RMS,11.283000000000001,mm/s,GOOD
2025-04-14 08:00:00,PUMP101.VIBRATION_RMS,11.601999999999999,mm/s,GOOD
2025-04-14 09:00:00,PUMP101.VIBRATION_RMS,11.203,mm/s,GOOD
2025-04-14 10:00:00,PUMP101.VIBRATION_RMS,11.373,mm/s,GOOD
2025-04-14 11:00:00,PUMP101.VIBRATION_RMS,11.34,mm/s,GOOD
2025-04-14 12:00:00,PUMP101.VIBRATION_RMS,11.334999999999999,mm/s,GOOD
2025-04-14 13:00:00,PUMP101.VIBRATION_RMS,11.338000000000001,mm/s,GOOD
2025-04-14 14:00:00,PUMP101.VIBRATION_RMS,11.376,mm/s,GOOD
2025-04-14 15:00:00,PUMP101.VIBRATION_RMS,11.492,mm/s,GOOD
2025-04-14 16:00:00,PUMP101.VIBRATION_RMS,11.577000000000002,mm/s,GOOD
2025-04-14 17:00:00,PUMP101.VIBRATION_RMS,11.374999999999998,mm/s,GOOD
2025-04-14 18:00:00,PUMP101.VIBRATION_RMS,11.501999999999999,mm/s,GOOD
2025-04-14 19:00:00,PUMP101.VIBRATION_RMS,11.28,mm/s,GOOD
2025-04-14 20:00:00,PUMP101.VIBRATION_RMS,11.504999999999999,mm/s,GOOD
2025-04-14 21:00:00,PUMP101.VIBRATION_RMS,11.280999999999999,mm/s,GOOD
2025-04-14 22:00:00,PUMP101.VIBRATION_RMS,11.564,mm/s,GOOD
2025-04-14 23:00:00,PUMP101.VIBRATION_RMS,11.736999999999998,mm/s,GOOD
2025-04-15 00:00:00,PUMP101.VIBRATION_RMS,11.392,mm/s,GOOD
2025-04-15 01:00:00,PUMP101.VIBRATION_RMS,11.086,mm/s,GOOD
2025-04-15 02:00:00,PUMP101.VIBRATION_RMS,11.338000000000001,mm/s,GOOD
2025-04-15 03:00:00,PUMP101.VIBRATION_RMS,11.61,mm/s,GOOD
2025-04-15 04:00:00,PUMP101.VIBRATION_RMS,11.513,mm/s,GOOD
2025-04-15 05:00:00,PUMP101.VIBRATION_RMS,11.471999999999998,mm/s,BAD
2025-04-15 06:00:00,PUMP101.VIBRATION_RMS,11.591,mm/s,GOOD
2025-04-15 07:00:00,PUMP101.VIBRATION_RMS,11.518,mm/s,GOOD
2025-04-15 08:00:00,PUMP101.VIBRATION_RMS,11.633,mm/s,GOOD
2025-04-15 09:00:00,PUMP101.VIBRATION_RMS,11.593,mm/s,GOOD
2025-04-15 10:00:00,PUMP101.VIBRATION_RMS,11.688,mm/s,GOOD
2025-04-15 11:00:00,PUMP101.VIBRATION_RMS,11.519,mm/s,GOOD
2025-04-15 12:00:00,PUMP101.VIBRATION_RMS,11.605999999999998,mm/s,GOOD
2025-04-15 13:00:00,PUMP101.VIBRATION_RMS,11.429,mm/s,GOOD
2025-04-15 14:00:00,PUMP101.VIBRATION_RMS,11.389999999999999,mm/s,GOOD
2025-04-15 15:00:00,PUMP101.VIBRATION_RMS,11.741,mm/s,GOOD
2025-04-15 16:00:00,PUMP101.VIBRATION_RMS,11.522,mm/s,GOOD
2025-04-15 17:00:00,PUMP101.VIBRATION_RMS,11.616,mm/s,GOOD
2025-04-15 18:00:00,PUMP101.VIBRATION_RMS,11.519,mm/s,GOOD
2025-04-15 19:00:00,PUMP101.VIBRATION_RMS,11.417000000000002,mm/s,GOOD
2025-04-15 20:00:00,PUMP101.VIBRATION_RMS,11.512,mm/s,GOOD
2025-04-15 21:00:00,PUMP101.VIBRATION_RMS,11.729999999999999,mm/s,GOOD
2025-04-15 22:00:00,PUMP101.VIBRATION_RMS,11.603,mm/s,GOOD
2025-04-15 23:00:00,PUMP101.VIBRATION_RMS,11.267999999999999,mm/s,GOOD
2025-04-16 00:00:00,PUMP101.VIBRATION_RMS,11.498,mm/s,GOOD
2025-04-16 01:00:00,PUMP101.VIBRATION_RMS,11.802,mm/s,GOOD
2025-04-16 02:00:00,PUMP101.VIBRATION_RMS,11.508,mm/s,GOOD
2025-04-16 03:00:00,PUMP101.VIBRATION_RMS,11.275,mm/s,GOOD
2025-04-16 04:00:00,PUMP101.VIBRATION_RMS,11.834,mm/s,GOOD
2025-04-16 05:00:00,PUMP101.VIBRATION_RMS,11.657,mm/s,GOOD
2025-04-16 06:00:00,PUMP101.VIBRATION_RMS,11.549,mm/s,GOOD
2025-04-16 07:00:00,PUMP101.VIBRATION_RMS,11.509,mm/s,GOOD
2025-04-16 08:00:00,PUMP101.VIBRATION_RMS,11.732,mm/s,BAD
2025-04-16 09:00:00,PUMP101.VIBRATION_RMS,11.494,mm/s,GOOD
2025-04-16 10:00:00,PUMP101.VIBRATION_RMS,11.752,mm/s,GOOD
2025-04-16 11:00:00,PUMP101.VIBRATION_RMS,11.665999999999999,mm/s,GOOD
2025-04-16 12:00:00,PUMP101.VIBRATION_RMS,11.626999999999999,mm/s,GOOD
2025-04-16 13:00:00,PUMP101.VIBRATION_RMS,11.617,mm/s,GOOD
2025-04-16 14:00:00,PUMP101.VIBRATION_RMS,11.574,mm/s,GOOD
2025-04-16 15:00:00,PUMP101.VIBRATION_RMS,11.762,mm/s,GOOD
2025-04-16 16:00:00,PUMP101.VIBRATION_RMS,11.48,mm/s,GOOD
2025-04-16 17:00:00,PUMP101.VIBRATION_RMS,11.371999999999998,mm/s,GOOD
2025-04-16 18:00:00,PUMP101.VIBRATION_RMS,11.712,mm/s,GOOD
2025-04-16 19:00:00,PUMP101.VIBRATION_RMS,11.72,mm/s,GOOD
2025-04-16 20:00:00,PUMP101.VIBRATION_RMS,11.701999999999998,mm/s,GOOD
2025-04-16 21:00:00,PUMP101.VIBRATION_RMS,11.696,mm/s,GOOD
2025-04-16 22:00:00,PUMP101.VIBRATION_RMS,11.592,mm/s,GOOD
2025-04-16 23:00:00,PUMP101.VIBRATION_RMS,11.763,mm/s,GOOD
2025-04-17 00:00:00,PUMP101.VIBRATION_RMS,11.643,mm/s,GOOD
2025-04-17 01:00:00,PUMP101.VIBRATION_RMS,11.581999999999999,mm/s,GOOD
2025-04-17 02:00:00,PUMP101.VIBRATION_RMS,11.612999999999998,mm/s,GOOD
2025-04-17 03:00:00,PUMP101.VIBRATION_RMS,11.968,mm/s,GOOD
2025-04-17 04:00:00,PUMP101.VIBRATION_RMS,11.41,mm/s,GOOD
2025-04-17 05:00:00,PUMP101.VIBRATION_RMS,11.75,mm/s,GOOD
2025-04-17 06:00:00,PUMP101.VIBRATION_RMS,11.428,mm/s,GOOD
2025-04-17 07:00:00,PUMP101.VIBRATION_RMS,11.669,mm/s,GOOD
2025-04-17 08:00:00,PUMP101.VIBRATION_RMS,11.625,mm/s,GOOD
2025-04-17 09:00:00,PUMP101.VIBRATION_RMS,11.382,mm/s,GOOD
2025-04-17 10:00:00,PUMP101.VIBRATION_RMS,11.758000000000001,mm/s,GOOD
2025-04-17 11:00:00,PUMP101.VIBRATION_RMS,11.647999999999998,mm/s,GOOD
2025-04-17 12:00:00,PUMP101.VIBRATION_RMS,11.395,mm/s,GOOD
2025-04-17 13:00:00,PUMP101.VIBRATION_RMS,11.841,mm/s,GOOD
2025-04-17 14:00:00,PUMP101.VIBRATION_RMS,11.934999999999999,mm/s,GOOD
2025-04-17 15:00:00,PUMP101.VIBRATION_RMS,11.949,mm/s,BAD
2025-04-17 16:00:00,PUMP101.VIBRATION_RMS,11.784,mm/s,GOOD
2025-04-17 17:00:00,PUMP101.VIBRATION_RMS,11.741999999999999,mm/s,GOOD
2025-04-17 18:00:00,PUMP101.VIBRATION_RMS,11.939,mm/s,GOOD
2025-04-17 19:00:00,PUMP101.VIBRATION_RMS,11.997,mm/s,GOOD
2025-04-17 20:00:00,PUMP101.VIBRATION_RMS,11.919999999999998,mm/s,GOOD
2025-04-17 21:00:00,PUMP101.VIBRATION_RMS,11.613999999999999,mm/s,GOOD
2025-04-17 22:00:00,PUMP101.VIBRATION_RMS,11.79,mm/s,GOOD
2025-04-17 23:00:00,PUMP101.VIBRATION_RMS,11.831,mm/s,GOOD
2025-04-18 00:00:00,PUMP101.VIBRATION_RMS,11.498999999999999,mm/s,GOOD
2025-04-18 01:00:00,PUMP101.VIBRATION_RMS,11.845,mm/s,GOOD
2025-04-18 02:00:00,PUMP101.VIBRATION_RMS,12.120999999999999,mm/s,GOOD
2025-04-18 03:00:00,PUMP101.VIBRATION_RMS,11.881,mm/s,GOOD
2025-04-18 04:00:00,PUMP101.VIBRATION_RMS,12.011000000000001,mm/s,GOOD
2025-04-18 05:00:00,PUMP101.VIBRATION_RMS,11.822,mm/s,GOOD
2025-04-18 06:00:00,PUMP101.VIBRATION_RMS,11.788999999999998,mm/s,GOOD
2025-04-18 07:00:00,PUMP101.VIBRATION_RMS,11.862,mm/s,GOOD
2025-04-18 08:00:00,PUMP101.VIBRATION_RMS,11.687999999999999,mm/s,GOOD
2025-04-18 09:00:00,PUMP101.VIBRATION_RMS,11.67,mm/s,GOOD
2025-04-18 10:00:00,PUMP101.VIBRATION_RMS,12.01,mm/s,GOOD
2025-04-18 11:00:00,PUMP101.VIBRATION_RMS,12.030999999999999,mm/s,GOOD
2025-04-18 12:00:00,PUMP101.VIBRATION_RMS,11.681000000000001,mm/s,GOOD
2025-04-18 13:00:00,PUMP101.VIBRATION_RMS,11.98,mm/s,GOOD
2025-04-18 14:00:00,PUMP101.VIBRATION_RMS,11.827,mm/s,GOOD
2025-04-18 15:00:00,PUMP101.VIBRATION_RMS,11.895999999999999,mm/s,GOOD
2025-04-18 16:00:00,PUMP101.VIBRATION_RMS,11.919,mm/s,GOOD
2025-04-18 17:00:00,PUMP101.VIBRATION_RMS,12.003999999999998,mm/s,GOOD
2025-04-18 18:00:00,PUMP101.VIBRATION_RMS,11.872,mm/s,GOOD
2025-04-18 19:00:00,PUMP101.VIBRATION_RMS,12.077,mm/s,GOOD
2025-04-18 20:00:00,PUMP101.VIBRATION_RMS,11.915999999999999,mm/s,GOOD
2025-04-18 21:00:00,PUMP101.VIBRATION_RMS,11.969,mm/s,GOOD
2025-04-18 22:00:00,PUMP101.VIBRATION_RMS,11.755,mm/s,GOOD
2025-04-18 23:00:00,PUMP101.VIBRATION_RMS,12.209,mm/s,GOOD
2025-04-19 00:00:00,PUMP101.VIBRATION_RMS,11.959999999999999,mm/s,GOOD
2025-04-19 01:00:00,PUMP101.VIBRATION_RMS,12.001999999999999,mm/s,GOOD
2025-04-19 02:00:00,PUMP101.VIBRATION_RMS,11.658999999999999,mm/s,GOOD
2025-04-19 03:00:00,PUMP101.VIBRATION_RMS,11.782,mm/s,GOOD
2025-04-19 04:00:00,PUMP101.VIBRATION_RMS,12.096,mm/s,GOOD
2025-04-19 05:00:00,PUMP101.VIBRATION_RMS,11.957999999999998,mm/s,GOOD
2025-04-19 06:00:00,PUMP101.VIBRATION_RMS,11.633,mm/s,GOOD
2025-04-19 07:00:00,PUMP101.VIBRATION_RMS,12.081000000000001,mm/s,GOOD
2025-04-19 08:00:00,PUMP101.VIBRATION_RMS,11.847999999999999,mm/s,GOOD
2025-04-19 09:00:00,PUMP101.VIBRATION_RMS,12.147,mm/s,GOOD
2025-04-19 10:00:00,PUMP101.VIBRATION_RMS,11.927,mm/s,GOOD
2025-04-19 11:00:00,PUMP101.VIBRATION_RMS,11.975999999999999,mm/s,GOOD
2025-04-19 12:00:00,PUMP101.VIBRATION_RMS,12.126999999999999,mm/s,GOOD
2025-04-19 13:00:00,PUMP101.VIBRATION_RMS,11.82,mm/s,GOOD
2025-04-19 14:00:00,PUMP101.VIBRATION_RMS,11.811,mm/s,GOOD
2025-04-19 15:00:00,PUMP101.VIBRATION_RMS,11.936,mm/s,GOOD
2025-04-19 16:00:00,PUMP101.VIBRATION_RMS,12.094000000000001,mm/s,GOOD
2025-04-19 17:00:00,PUMP101.VIBRATION_RMS,11.774999999999999,mm/s,GOOD
2025-04-19 18:00:00,PUMP101.VIBRATION_RMS,11.73,mm/s,GOOD
2025-04-19 19:00:00,PUMP101.VIBRATION_RMS,12.109,mm/s,GOOD
2025-04-19 20:00:00,PUMP101.VIBRATION_RMS,11.899999999999999,mm/s,GOOD
2025-04-19 21:00:00,PUMP101.VIBRATION_RMS,11.936,mm/s,GOOD
2025-04-19 22:00:00,PUMP101.VIBRATION_RMS,11.721,mm/s,GOOD
2025-04-19 23:00:00,PUMP101.VIBRATION_RMS,11.902999999999999,mm/s,GOOD
2025-04-20 00:00:00,PUMP101.VIBRATION_RMS,12.009,mm/s,GOOD
2025-04-20 01:00:00,PUMP101.VIBRATION_RMS,12.155000000000001,mm/s,BAD
2025-04-20 02:00:00,PUMP101.VIBRATION_RMS,11.904,mm/s,GOOD
2025-04-20 03:00:00,PUMP101.VIBRATION_RMS,12.274000000000001,mm/s,GOOD
2025-04-20 04:00:00,PUMP101.VIBRATION_RMS,11.927,mm/s,GOOD
2025-04-20 05:00:00,PUMP101.VIBRATION_RMS,11.932999999999998,mm/s,GOOD
2025-04-20 06:00:00,PUMP101.VIBRATION_RMS,12.270999999999999,mm/s,GOOD
2025-04-20 07:00:00,PUMP101.VIBRATION_RMS,12.077,mm/s,GOOD
2025-04-20 08:00:00,PUMP101.VIBRATION_RMS,11.966999999999999,mm/s,GOOD
2025-04-20 09:00:00,PUMP101.VIBRATION_RMS,12.032,mm/s,GOOD
2025-04-20 10:00:00,PUMP101.VIBRATION_RMS,12.263,mm/s,GOOD
2025-04-20 11:00:00,PUMP101.VIBRATION_RMS,12.285,mm/s,GOOD
2025-04-20 12:00:00,PUMP101.VIBRATION_RMS,11.947,mm/s,GOOD
2025-04-20 13:00:00,PUMP101.VIBRATION_RMS,12.069,mm/s,GOOD
2025-04-20 14:00:00,PUMP101.VIBRATION_RMS,12.093999999999998,mm/s,GOOD
2025-04-20 15:00:00,PUMP101.VIBRATION_RMS,11.937,mm/s,GOOD
2025-04-20 16:00:00,PUMP101.VIBRATION_RMS,12.082,mm/s,GOOD
2025-04-20 17:00:00,PUMP101.VIBRATION_RMS,12.095999999999998,mm/s,GOOD
2025-04-20 18:00:00,PUMP101.VIBRATION_RMS,12.270999999999999,mm/s,GOOD
2025-04-20 19:00:00,PUMP101.VIBRATION_RMS,12.286000000000001,mm/s,GOOD
2025-04-20 20:00:00,PUMP101.VIBRATION_RMS,12.061,mm/s,GOOD
2025-04-20 21:00:00,PUMP101.VIBRATION_RMS,12.083,mm/s,GOOD
2025-04-20 22:00:00,PUMP101.VIBRATION_RMS,12.22,mm/s,GOOD
2025-04-20 23:00:00,PUMP101.VIBRATION_RMS,12.036999999999999,mm/s,GOOD
2025-04-21 00:00:00,PUMP101.VIBRATION_RMS,12.218,mm/s,GOOD
2025-04-21 01:00:00,PUMP101.VIBRATION_RMS,12.122,mm/s,GOOD
2025-04-21 02:00:00,PUMP101.VIBRATION_RMS,11.995,mm/s,GOOD
2025-04-21 03:00:00,PUMP101.VIBRATION_RMS,12.001,mm/s,GOOD
2025-04-21 04:00:00,PUMP101.VIBRATION_RMS,12.367,mm/s,GOOD
2025-04-21 05:00:00,PUMP101.VIBRATION_RMS,12.132,mm/s,GOOD
2025-04-21 06:00:00,PUMP101.VIBRATION_RMS,12.406,mm/s,GOOD
2025-04-21 07:00:00,PUMP101.VIBRATION_RMS,12.088000000000001,mm/s,GOOD
2025-04-21 08:00:00,PUMP101.VIBRATION_RMS,12.214,mm/s,GOOD
2025-04-21 09:00:00,PUMP101.VIBRATION_RMS,12.533999999999999,mm/s,BAD
2025-04-21 10:00:00,PUMP101.VIBRATION_RMS,12.021,mm/s,GOOD
2025-04-21 11:00:00,PUMP101.VIBRATION_RMS,11.899999999999999,mm/s,GOOD
2025-04-21 12:00:00,PUMP101.VIBRATION_RMS,12.383,mm/s,GOOD
2025-04-21 13:00:00,PUMP101.VIBRATION_RMS,12.071,mm/s,GOOD
2025-04-21 14:00:00,PUMP101.VIBRATION_RMS,12.197,mm/s,GOOD
2025-04-21 15:00:00,PUMP101.VIBRATION_RMS,12.117,mm/s,GOOD
2025-04-21 16:00:00,PUMP101.VIBRATION_RMS,12.25,mm/s,GOOD
2025-04-21 17:00:00,PUMP101.VIBRATION_RMS,12.072,mm/s,GOOD
2025-04-21 18:00:00,PUMP101.VIBRATION_RMS,12.192999999999998,mm/s,GOOD
2025-04-21 19:00:00,PUMP101.VIBRATION_RMS,12.292,mm/s,GOOD
2025-04-21 20:00:00,PUMP101.VIBRATION_RMS,12.078999999999999,mm/s,GOOD
2025-04-21 21:00:00,PUMP101.VIBRATION_RMS,12.129999999999999,mm/s,GOOD
2025-04-21 22:00:00,PUMP101.VIBRATION_RMS,12.188,mm/s,GOOD
2025-04-21 23:00:00,PUMP101.VIBRATION_RMS,12.030999999999999,mm/s,GOOD
2025-04-22 00:00:00,PUMP101.VIBRATION_RMS,12.187,mm/s,GOOD
2025-04-22 01:00:00,PUMP101.VIBRATION_RMS,12.273,mm/s,GOOD
2025-04-22 02:00:00,PUMP101.VIBRATION_RMS,12.2,mm/s,GOOD
2025-04-22 03:00:00,PUMP101.VIBRATION_RMS,12.223999999999998,mm/s,GOOD
2025-04-22 04:00:00,PUMP101.VIBRATION_RMS,12.267,mm/s,GOOD
2025-04-22 05:00:00,PUMP101.VIBRATION_RMS,12.177,mm/s,GOOD
2025-04-22 06:00:00,PUMP101.VIBRATION_RMS,12.384,mm/s,GOOD
2025-04-22 07:00:00,PUMP101.VIBRATION_RMS,12.5,mm/s,BAD
2025-04-22 08:00:00,PUMP101.VIBRATION_RMS,12.219999999999999,mm/s,GOOD
2025-04-22 09:00:00,PUMP101.VIBRATION_RMS,12.368,mm/s,GOOD
2025-04-22 10:00:00,PUMP101.VIBRATION_RMS,12.264000000000001,mm/s,GOOD
2025-04-22 11:00:00,PUMP101.VIBRATION_RMS,12.36,mm/s,GOOD
2025-04-22 12:00:00,PUMP101.VIBRATION_RMS,12.545,mm/s,GOOD
2025-04-22 13:00:00,PUMP101.VIBRATION_RMS,12.391,mm/s,GOOD
2025-04-22 14:00:00,PUMP101.VIBRATION_RMS,12.053999999999998,mm/s,GOOD
2025-04-22 15:00:00,PUMP101.VIBRATION_RMS,12.392999999999999,mm/s,GOOD
2025-04-22 16:00:00,PUMP101.VIBRATION_RMS,12.515,mm/s,GOOD
2025-04-22 17:00:00,PUMP101.VIBRATION_RMS,12.302,mm/s,GOOD
2025-04-22 18:00:00,PUMP101.VIBRATION_RMS,12.489,mm/s,GOOD
2025-04-22 19:00:00,PUMP101.VIBRATION_RMS,12.241,mm/s,GOOD
2025-04-22 20:00:00,PUMP101.VIBRATION_RMS,12.126999999999999,mm/s,GOOD
2025-04-22 21:00:00,PUMP101.VIBRATION_RMS,12.376000000000001,mm/s,GOOD
2025-04-22 22:00:00,PUMP101.VIBRATION_RMS,12.097,mm/s,GOOD
2025-04-22 23:00:00,PUMP101.VIBRATION_RMS,12.328999999999999,mm/s,GOOD
2025-04-23 00:00:00,PUMP101.VIBRATION_RMS,12.562999999999999,mm/s,GOOD
2025-04-23 01:00:00,PUMP101.VIBRATION_RMS,12.089,mm/s,GOOD
2025-04-23 02:00:00,PUMP101.VIBRATION_RMS,12.187999999999999,mm/s,GOOD
2025-04-23 03:00:00,PUMP101.VIBRATION_RMS,12.23,mm/s,GOOD
2025-04-23 04:00:00,PUMP101.VIBRATION_RMS,12.381,mm/s,GOOD
2025-04-23 05:00:00,PUMP101.VIBRATION_RMS,12.34,mm/s,GOOD
2025-04-23 06:00:00,PUMP101.VIBRATION_RMS,12.61,mm/s,GOOD
2025-04-23 07:00:00,PUMP101.VIBRATION_RMS,12.547999999999998,mm/s,GOOD
2025-04-23 08:00:00,PUMP101.VIBRATION_RMS,12.483999999999998,mm/s,GOOD
2025-04-23 09:00:00,PUMP101.VIBRATION_RMS,12.437,mm/s,GOOD
2025-04-23 10:00:00,PUMP101.VIBRATION_RMS,12.479,mm/s,GOOD
2025-04-23 11:00:00,PUMP101.VIBRATION_RMS,12.296,mm/s,GOOD
2025-04-23 12:00:00,PUMP101.VIBRATION_RMS,12.559,mm/s,GOOD
2025-04-23 13:00:00,PUMP101.VIBRATION_RMS,12.268,mm/s,GOOD
2025-04-23 14:00:00,PUMP101.VIBRATION_RMS,12.565,mm/s,BAD
2025-04-23 15:00:00,PUMP101.VIBRATION_RMS,12.623000000000001,mm/s,GOOD
2025-04-23 16:00:00,PUMP101.VIBRATION_RMS,12.482000000000001,mm/s,GOOD
2025-04-23 17:00:00,PUMP101.VIBRATION_RMS,12.428999999999998,mm/s,GOOD
2025-04-23 18:00:00,PUMP101.VIBRATION_RMS,12.52,mm/s,GOOD
2025-04-23 19:00:00,PUMP101.VIBRATION_RMS,12.036,mm/s,GOOD
2025-04-23 20:00:00,PUMP101.VIBRATION_RMS,12.514999999999999,mm/s,GOOD
2025-04-23 21:00:00,PUMP101.VIBRATION_RMS,12.458,mm/s,GOOD
2025-04-23 22:00:00,PUMP101.VIBRATION_RMS,12.472000000000001,mm/s,GOOD
2025-04-23 23:00:00,PUMP101.VIBRATION_RMS,12.591,mm/s,GOOD
2025-04-24 00:00:00,PUMP101.VIBRATION_RMS,12.479,mm/s,GOOD
2025-04-24 01:00:00,PUMP101.VIBRATION_RMS,12.324000000000002,mm/s,GOOD
2025-04-24 02:00:00,PUMP101.VIBRATION_RMS,12.479,mm/s,GOOD
2025-04-24 03:00:00,PUMP101.VIBRATION_RMS,12.514999999999999,mm/s,GOOD
2025-04-24 04:00:00,PUMP101.VIBRATION_RMS,12.527,mm/s,GOOD
2025-04-24 05:00:00,PUMP101.VIBRATION_RMS,12.538999999999998,mm/s,GOOD
2025-04-24 06:00:00,PUMP101.VIBRATION_RMS,12.676,mm/s,GOOD
2025-04-24 07:00:00,PUMP101.VIBRATION_RMS,12.362,mm/s,GOOD
2025-04-24 08:00:00,PUMP101.VIBRATION_RMS,12.556,mm/s,GOOD
2025-04-24 09:00:00,PUMP101.VIBRATION_RMS,12.728,mm/s,GOOD
2025-04-24 10:00:00,PUMP101.VIBRATION_RMS,12.280000000000001,mm/s,GOOD
2025-04-24 11:00:00,PUMP101.VIBRATION_RMS,12.572,mm/s,GOOD
2025-04-24 12:00:00,PUMP101.VIBRATION_RMS,12.462,mm/s,GOOD
2025-04-24 13:00:00,PUMP101.VIBRATION_RMS,12.498999999999999,mm/s,GOOD
2025-04-24 14:00:00,PUMP101.VIBRATION_RMS,12.424,mm/s,GOOD
2025-04-24 15:00:00,PUMP101.VIBRATION_RMS,12.54,mm/s,GOOD
2025-04-24 16:00:00,PUMP101.VIBRATION_RMS,12.846,mm/s,GOOD
2025-04-24 17:00:00,PUMP101.VIBRATION_RMS,12.385,mm/s,GOOD
2025-04-24 18:00:00,PUMP101.VIBRATION_RMS,12.405000000000001,mm/s,GOOD
2025-04-24 19:00:00,PUMP101.VIBRATION_RMS,12.39,mm/s,GOOD
2025-04-24 20:00:00,PUMP101.VIBRATION_RMS,12.849,mm/s,GOOD
2025-04-24 21:00:00,PUMP101.VIBRATION_RMS,12.526,mm/s,GOOD
2025-04-24 22:00:00,PUMP101.VIBRATION_RMS,12.596,mm/s,GOOD
2025-04-24 23:00:00,PUMP101.VIBRATION_RMS,12.544999999999998,mm/s,GOOD
2025-04-25 00:00:00,PUMP101.VIBRATION_RMS,12.468,mm/s,GOOD
2025-04-25 01:00:00,PUMP101.VIBRATION_RMS,12.58,mm/s,GOOD
2025-04-25 02:00:00,PUMP101.VIBRATION_RMS,12.988999999999999,mm/s,GOOD
2025-04-25 03:00:00,PUMP101.VIBRATION_RMS,12.834,mm/s,BAD
2025-04-25 04:00:00,PUMP101.VIBRATION_RMS,12.502,mm/s,GOOD
2025-04-25 05:00:00,PUMP101.VIBRATION_RMS,12.732,mm/s,GOOD
2025-04-25 06:00:00,PUMP101.VIBRATION_RMS,12.514999999999999,mm/s,GOOD
2025-04-25 07:00:00,PUMP101.VIBRATION_RMS,12.379,mm/s,GOOD
2025-04-25 08:00:00,PUMP101.VIBRATION_RMS,12.802999999999999,mm/s,GOOD
2025-04-25 09:00:00,PUMP101.VIBRATION_RMS,12.828999999999999,mm/s,GOOD
2025-04-25 10:00:00,PUMP101.VIBRATION_RMS,12.817,mm/s,GOOD
2025-04-25 11:00:00,PUMP101.VIBRATION_RMS,12.594999999999999,mm/s,GOOD
2025-04-25 12:00:00,PUMP101.VIBRATION_RMS,12.645,mm/s,GOOD
2025-04-25 13:00:00,PUMP101.VIBRATION_RMS,12.787,mm/s,GOOD
2025-04-25 14:00:00,PUMP101.VIBRATION_RMS,12.739,mm/s,GOOD
2025-04-25 15:00:00,PUMP101.VIBRATION_RMS,12.626000000000001,mm/s,GOOD
2025-04-25 16:00:00,PUMP101.VIBRATION_RMS,12.447,mm/s,GOOD
2025-04-25 17:00:00,PUMP101.VIBRATION_RMS,12.711999999999998,mm/s,GOOD
2025-04-25 18:00:00,PUMP101.VIBRATION_RMS,12.861999999999998,mm/s,GOOD
2025-04-25 19:00:00,PUMP101.VIBRATION_RMS,12.525,mm/s,GOOD
2025-04-25 20:00:00,PUMP101.VIBRATION_RMS,12.806,mm/s,GOOD
2025-04-25 21:00:00,PUMP101.VIBRATION_RMS,12.765,mm/s,GOOD
2025-04-25 22:00:00,PUMP101.VIBRATION_RMS,12.833,mm/s,GOOD
2025-04-25 23:00:00,PUMP101.VIBRATION_RMS,12.856,mm/s,GOOD
2025-04-26 00:00:00,PUMP101.VIBRATION_RMS,12.626000000000001,mm/s,GOOD
2025-04-26 01:00:00,PUMP101.VIBRATION_RMS,12.491999999999999,mm/s,GOOD
2025-04-26 02:00:00,PUMP101.VIBRATION_RMS,12.659999999999998,mm/s,GOOD
2025-04-26 03:00:00,PUMP101.VIBRATION_RMS,12.878,mm/s,BAD
2025-04-26 04:00:00,PUMP101.VIBRATION_RMS,12.669,mm/s,GOOD
2025-04-26 05:00:00,PUMP101.VIBRATION_RMS,12.651,mm/s,GOOD
2025-04-26 06:00:00,PUMP101.VIBRATION_RMS,12.487,mm/s,GOOD
2025-04-26 07:00:00,PUMP101.VIBRATION_RMS,13.028,mm/s,GOOD
2025-04-26 08:00:00,PUMP101.VIBRATION_RMS,12.894,mm/s,GOOD
2025-04-26 09:00:00,PUMP101.VIBRATION_RMS,12.89,mm/s,GOOD
2025-04-26 10:00:00,PUMP101.VIBRATION_RMS,12.924999999999999,mm/s,GOOD
2025-04-26 11:00:00,PUMP101.VIBRATION_RMS,12.871999999999998,mm/s,GOOD
2025-04-26 12:00:00,PUMP101.VIBRATION_RMS,12.753,mm/s,GOOD
2025-04-26 13:00:00,PUMP101.VIBRATION_RMS,12.77,mm/s,GOOD
2025-04-26 14:00:00,PUMP101.VIBRATION_RMS,12.735999999999999,mm/s,GOOD
2025-04-26 15:00:00,PUMP101.VIBRATION_RMS,13.2,mm/s,GOOD
2025-04-26 16:00:00,PUMP101.VIBRATION_RMS,12.893,mm/s,GOOD
2025-04-26 17:00:00,PUMP101.VIBRATION_RMS,12.745,mm/s,GOOD
2025-04-26 18:00:00,PUMP101.VIBRATION_RMS,12.89,mm/s,GOOD
2025-04-26 19:00:00,PUMP101.VIBRATION_RMS,12.673000000000002,mm/s,GOOD
2025-04-26 20:00:00,PUMP101.VIBRATION_RMS,13.055999999999997,mm/s,GOOD
2025-04-26 21:00:00,PUMP101.VIBRATION_RMS,12.735999999999999,mm/s,GOOD
2025-04-26 22:00:00,PUMP101.VIBRATION_RMS,12.915,mm/s,GOOD
2025-04-26 23:00:00,PUMP101.VIBRATION_RMS,13.004999999999999,mm/s,GOOD
2025-04-27 00:00:00,PUMP101.VIBRATION_RMS,12.908,mm/s,GOOD
2025-04-27 01:00:00,PUMP101.VIBRATION_RMS,12.869,mm/s,GOOD
2025-04-27 02:00:00,PUMP101.VIBRATION_RMS,12.861999999999998,mm/s,GOOD
2025-04-27 03:00:00,PUMP101.VIBRATION_RMS,12.857,mm/s,GOOD
2025-04-27 04:00:00,PUMP101.VIBRATION_RMS,12.783000000000001,mm/s,GOOD
2025-04-27 05:00:00,PUMP101.VIBRATION_RMS,12.807999999999998,mm/s,GOOD
2025-04-27 06:00:00,PUMP101.VIBRATION_RMS,13.101999999999999,mm/s,GOOD
2025-04-27 07:00:00,PUMP101.VIBRATION_RMS,12.869,mm/s,GOOD
2025-04-27 08:00:00,PUMP101.VIBRATION_RMS,12.771999999999998,mm/s,GOOD
2025-04-27 09:00:00,PUMP101.VIBRATION_RMS,12.818,mm/s,GOOD
2025-04-27 10:00:00,PUMP101.VIBRATION_RMS,13.065000000000001,mm/s,GOOD
2025-04-27 11:00:00,PUMP101.VIBRATION_RMS,13.006,mm/s,GOOD
2025-04-27 12:00:00,PUMP101.VIBRATION_RMS,12.994,mm/s,GOOD
2025-04-27 13:00:00,PUMP101.VIBRATION_RMS,12.876000000000001,mm/s,GOOD
2025-04-27 14:00:00,PUMP101.VIBRATION_RMS,13.006,mm/s,GOOD
2025-04-27 15:00:00,PUMP101.VIBRATION_RMS,12.828,mm/s,GOOD
2025-04-27 16:00:00,PUMP101.VIBRATION_RMS,12.891,mm/s,GOOD
2025-04-27 17:00:00,PUMP101.VIBRATION_RMS,13.079999999999998,mm/s,GOOD
2025-04-27 18:00:00,PUMP101.VIBRATION_RMS,13.071,mm/s,GOOD
2025-04-27 19:00:00,PUMP101.VIBRATION_RMS,12.798,mm/s,GOOD
2025-04-27 20:00:00,PUMP101.VIBRATION_RMS,12.822,mm/s,GOOD
2025-04-27 21:00:00,PUMP101.VIBRATION_RMS,12.971,mm/s,GOOD
2025-04-27 22:00:00,PUMP101.VIBRATION_RMS,13.219000000000001,mm/s,GOOD
2025-04-27 23:00:00,PUMP101.VIBRATION_RMS,12.678,mm/s,GOOD
2025-04-28 00:00:00,PUMP101.VIBRATION_RMS,13.011999999999999,mm/s,GOOD
2025-04-28 01:00:00,PUMP101.VIBRATION_RMS,12.769,mm/s,GOOD
2025-04-28 02:00:00,PUMP101.VIBRATION_RMS,12.884999999999998,mm/s,GOOD
2025-04-28 03:00:00,PUMP101.VIBRATION_RMS,12.93,mm/s,GOOD
2025-04-28 04:00:00,PUMP101.VIBRATION_RMS,12.927,mm/s,GOOD
2025-04-28 05:00:00,PUMP101.VIBRATION_RMS,12.915,mm/s,GOOD
2025-04-28 06:00:00,PUMP101.VIBRATION_RMS,13.001,mm/s,GOOD
2025-04-28 07:00:00,PUMP101.VIBRATION_RMS,12.925,mm/s,GOOD
2025-04-28 08:00:00,PUMP101.VIBRATION_RMS,12.791,mm/s,GOOD
2025-04-28 09:00:00,PUMP101.VIBRATION_RMS,13.131999999999998,mm/s,GOOD
2025-04-28 10:00:00,PUMP101.VIBRATION_RMS,13.133,mm/s,GOOD
2025-04-28 11:00:00,PUMP101.VIBRATION_RMS,13.150999999999998,mm/s,GOOD
2025-04-28 12:00:00,PUMP101.VIBRATION_RMS,12.799,mm/s,GOOD
2025-04-28 13:00:00,PUMP101.VIBRATION_RMS,13.08,mm/s,GOOD
2025-04-28 14:00:00,PUMP101.VIBRATION_RMS,13.140999999999998,mm/s,GOOD
2025-04-28 15:00:00,PUMP101.VIBRATION_RMS,12.89,mm/s,GOOD
2025-04-28 16:00:00,PUMP101.VIBRATION_RMS,13.051,mm/s,GOOD
2025-04-28 17:00:00,PUMP101.VIBRATION_RMS,13.038,mm/s,GOOD
2025-04-28 18:00:00,PUMP101.VIBRATION_RMS,13.335999999999999,mm/s,GOOD
2025-04-28 19:00:00,PUMP101.VIBRATION_RMS,13.354,mm/s,GOOD
2025-04-28 20:00:00,PUMP101.VIBRATION_RMS,12.819999999999999,mm/s,GOOD
2025-04-28 21:00:00,PUMP101.VIBRATION_RMS,13.449,mm/s,GOOD
2025-04-28 22:00:00,PUMP101.VIBRATION_RMS,12.943,mm/s,GOOD
2025-04-28 23:00:00,PUMP101.VIBRATION_RMS,13.232,mm/s,GOOD
2025-04-29 00:00:00,PUMP101.VIBRATION_RMS,13.236,mm/s,GOOD
2025-04-29 01:00:00,PUMP101.VIBRATION_RMS,12.946000000000002,mm/s,GOOD
2025-04-29 02:00:00,PUMP101.VIBRATION_RMS,13.174,mm/s,GOOD
2025-04-29 03:00:00,PUMP101.VIBRATION_RMS,13.089,mm/s,GOOD
2025-04-29 04:00:00,PUMP101.VIBRATION_RMS,13.193,mm/s,GOOD
2025-04-29 05:00:00,PUMP101.VIBRATION_RMS,13.149999999999999,mm/s,GOOD
2025-04-29 06:00:00,PUMP101.VIBRATION_RMS,13.299,mm/s,GOOD
2025-04-29 07:00:00,PUMP101.VIBRATION_RMS,13.136,mm/s,GOOD
2025-04-29 08:00:00,PUMP101.VIBRATION_RMS,13.104999999999999,mm/s,GOOD
2025-04-29 09:00:00,PUMP101.VIBRATION_RMS,13.299,mm/s,GOOD
2025-04-29 10:00:00,PUMP101.VIBRATION_RMS,13.227,mm/s,GOOD
2025-04-29 11:00:00,PUMP101.VIBRATION_RMS,13.254999999999999,mm/s,GOOD
2025-04-29 12:00:00,PUMP101.VIBRATION_RMS,13.05,mm/s,GOOD
2025-04-29 13:00:00,PUMP101.VIBRATION_RMS,12.998,mm/s,GOOD
2025-04-29 14:00:00,PUMP101.VIBRATION_RMS,13.075,mm/s,GOOD
2025-04-29 15:00:00,PUMP101.VIBRATION_RMS,13.072,mm/s,GOOD
2025-04-29 16:00:00,PUMP101.VIBRATION_RMS,13.288,mm/s,GOOD
2025-04-29 17:00:00,PUMP101.VIBRATION_RMS,13.320999999999998,mm/s,GOOD
2025-04-29 18:00:00,PUMP101.VIBRATION_RMS,13.157,mm/s,GOOD
2025-04-29 19:00:00,PUMP101.VIBRATION_RMS,13.4,mm/s,GOOD
2025-04-29 20:00:00,PUMP101.VIBRATION_RMS,13.395,mm/s,GOOD
2025-04-29 21:00:00,PUMP101.VIBRATION_RMS,13.232,mm/s,GOOD
2025-04-29 22:00:00,PUMP101.VIBRATION_RMS,13.076999999999998,mm/s,GOOD
2025-04-29 23:00:00,PUMP101.VIBRATION_RMS,13.440999999999999,mm/s,GOOD
2025-04-30 00:00:00,PUMP101.VIBRATION_RMS,13.200999999999999,mm/s,GOOD
2025-01-01 00:00:00,PUMP101.BEARING_TEMP,65.104,°C,GOOD
2025-01-01 01:00:00,PUMP101.BEARING_TEMP,65.262,°C,GOOD
2025-01-01 02:00:00,PUMP101.BEARING_TEMP,65.169,°C,GOOD
2025-01-01 03:00:00,PUMP101.BEARING_TEMP,64.702,°C,GOOD
2025-01-01 04:00:00,PUMP101.BEARING_TEMP,64.773,°C,GOOD
2025-01-01 05:00:00,PUMP101.BEARING_TEMP,64.873,°C,GOOD
2025-01-01 06:00:00,PUMP101.BEARING_TEMP,64.761,°C,GOOD
2025-01-01 07:00:00,PUMP101.BEARING_TEMP,65.007,°C,GOOD
2025-01-01 08:00:00,PUMP101.BEARING_TEMP,65.059,°C,GOOD
2025-01-01 09:00:00,PUMP101.BEARING_TEMP,64.785,°C,BAD
2025-01-01 10:00:00,PUMP101.BEARING_TEMP,65.117,°C,GOOD
2025-01-01 11:00:00,PUMP101.BEARING_TEMP,65.09,°C,GOOD
2025-01-01 12:00:00,PUMP101.BEARING_TEMP,64.918,°C,GOOD
2025-01-01 13:00:00,PUMP101.BEARING_TEMP,64.974,°C,GOOD
2025-01-01 14:00:00,PUMP101.BEARING_TEMP,64.708,°C,GOOD
2025-01-01 15:00:00,PUMP101.BEARING_TEMP,64.95,°C,GOOD
2025-01-01 16:00:00,PUMP101.BEARING_TEMP,65.001,°C,GOOD
2025-01-01 17:00:00,PUMP101.BEARING_TEMP,65.025,°C,GOOD
2025-01-01 18:00:00,PUMP101.BEARING_TEMP,65.057,°C,GOOD
2025-01-01 19:00:00,PUMP101.BEARING_TEMP,65.037,°C,GOOD
2025-01-01 20:00:00,PUMP101.BEARING_TEMP,64.96,°C,GOOD
2025-01-01 21:00:00,PUMP101.BEARING_TEMP,65.043,°C,GOOD
2025-01-01 22:00:00,PUMP101.BEARING_TEMP,65.15,°C,GOOD
2025-01-01 23:00:00,PUMP101.BEARING_TEMP,64.986,°C,GOOD
2025-01-02 00:00:00,PUMP101.BEARING_TEMP,65.048,°C,GOOD
2025-01-02 01:00:00,PUMP101.BEARING_TEMP,64.972,°C,GOOD
2025-01-02 02:00:00,PUMP101.BEARING_TEMP,64.903,°C,GOOD
2025-01-02 03:00:00,PUMP101.BEARING_TEMP,65.078,°C,GOOD
2025-01-02 04:00:00,PUMP101.BEARING_TEMP,64.917,°C,GOOD
2025-01-02 05:00:00,PUMP101.BEARING_TEMP,65.058,°C,GOOD
2025-01-02 06:00:00,PUMP101.BEARING_TEMP,65.004,°C,GOOD
2025-01-02 07:00:00,PUMP101.BEARING_TEMP,64.954,°C,GOOD
2025-01-02 08:00:00,PUMP101.BEARING_TEMP,64.951,°C,GOOD
2025-01-02 09:00:00,PUMP101.BEARING_TEMP,64.924,°C,GOOD
2025-01-02 10:00:00,PUMP101.BEARING_TEMP,64.753,°C,GOOD
2025-01-02 11:00:00,PUMP101.BEARING_TEMP,65.057,°C,BAD
2025-01-02 12:00:00,PUMP101.BEARING_TEMP,65.035,°C,GOOD
2025-01-02 13:00:00,PUMP101.BEARING_TEMP,65.127,°C,GOOD
2025-01-02 14:00:00,PUMP101.BEARING_TEMP,64.92,°C,GOOD
2025-01-02 15:00:00,PUMP101.BEARING_TEMP,65.284,°C,GOOD
2025-01-02 16:00:00,PUMP101.BEARING_TEMP,64.943,°C,GOOD
2025-01-02 17:00:00,PUMP101.BEARING_TEMP,64.869,°C,GOOD
2025-01-02 18:00:00,PUMP101.BEARING_TEMP,64.851,°C,GOOD
2025-01-02 19:00:00,PUMP101.BEARING_TEMP,64.74,°C,GOOD
2025-01-02 20:00:00,PUMP101.BEARING_TEMP,65.23,°C,GOOD
2025-01-02 21:00:00,PUMP101.BEARING_TEMP,65.206,°C,GOOD
2025-01-02 22:00:00,PUMP101.BEARING_TEMP,65.09,°C,GOOD
2025-01-02 23:00:00,PUMP101.BEARING_TEMP,64.866,°C,GOOD
2025-01-03 00:00:00,PUMP101.BEARING_TEMP,65.272,°C,GOOD
2025-01-03 01:00:00,PUMP101.BEARING_TEMP,64.947,°C,GOOD
2025-01-03 02:00:00,PUMP101.BEARING_TEMP,64.96,°C,GOOD
2025-01-03 03:00:00,PUMP101.BEARING_TEMP,65.216,°C,GOOD
2025-01-03 04:00:00,PUMP101.BEARING_TEMP,65.099,°C,GOOD
2025-01-03 05:00:00,PUMP101.BEARING_TEMP,65.33,°C,GOOD
2025-01-03 06:00:00,PUMP101.BEARING_TEMP,65.037,°C,GOOD
2025-01-03 07:00:00,PUMP101.BEARING_TEMP,64.94,°C,GOOD
2025-01-03 08:00:00,PUMP101.BEARING_TEMP,64.908,°C,GOOD
2025-01-03 09:00:00,PUMP101.BEARING_TEMP,64.723,°C,GOOD
2025-01-03 10:00:00,PUMP101.BEARING_TEMP,64.958,°C,GOOD
2025-01-03 11:00:00,PUMP101.BEARING_TEMP,65.172,°C,GOOD
2025-01-03 12:00:00,PUMP101.BEARING_TEMP,65.09,°C,GOOD
2025-01-03 13:00:00,PUMP101.BEARING_TEMP,65.003,°C,GOOD
2025-01-03 14:00:00,PUMP101.BEARING_TEMP,64.851,°C,GOOD
2025-01-03 15:00:00,PUMP101.BEARING_TEMP,65.034,°C,GOOD
2025-01-03 16:00:00,PUMP101.BEARING_TEMP,65.152,°C,GOOD
2025-01-03 17:00:00,PUMP101.BEARING_TEMP,65.065,°C,GOOD
2025-01-03 18:00:00,PUMP101.BEARING_TEMP,65.025,°C,GOOD
2025-01-03 19:00:00,PUMP101.BEARING_TEMP,64.88,°C,GOOD
2025-01-03 20:00:00,PUMP101.BEARING_TEMP,65.13,°C,GOOD
2025-01-03 21:00:00,PUMP101.BEARING_TEMP,64.53,°C,GOOD
2025-01-03 22:00:00,PUMP101.BEARING_TEMP,65.057,°C,GOOD
2025-01-03 23:00:00,PUMP101.BEARING_TEMP,65.386,°C,GOOD
2025-01-04 00:00:00,PUMP101.BEARING_TEMP,64.774,°C,GOOD
2025-01-04 01:00:00,PUMP101.BEARING_TEMP,64.964,°C,GOOD
2025-01-04 02:00:00,PUMP101.BEARING_TEMP,64.999,°C,GOOD
2025-01-04 03:00:00,PUMP101.BEARING_TEMP,64.931,°C,GOOD
2025-01-04 04:00:00,PUMP101.BEARING_TEMP,65.155,°C,GOOD
2025-01-04 05:00:00,PUMP101.BEARING_TEMP,65.071,°C,GOOD
2025-01-04 06:00:00,PUMP101.BEARING_TEMP,65.023,°C,GOOD
2025-01-04 07:00:00,PUMP101.BEARING_TEMP,65.12,°C,GOOD
2025-01-04 08:00:00,PUMP101.BEARING_TEMP,65.003,°C,GOOD
2025-01-04 09:00:00,PUMP101.BEARING_TEMP,65.477,°C,GOOD
2025-01-04 10:00:00,PUMP101.BEARING_TEMP,65.023,°C,GOOD
2025-01-04 11:00:00,PUMP101.BEARING_TEMP,65.029,°C,GOOD
2025-01-04 12:00:00,PUMP101.BEARING_TEMP,64.743,°C,GOOD
2025-01-04 13:00:00,PUMP101.BEARING_TEMP,64.918,°C,GOOD
2025-01-04 14:00:00,PUMP101.BEARING_TEMP,65.172,°C,GOOD
2025-01-04 15:00:00,PUMP101.BEARING_TEMP,64.8,°C,GOOD
2025-01-04 16:00:00,PUMP101.BEARING_TEMP,64.676,°C,GOOD
2025-01-04 17:00:00,PUMP101.BEARING_TEMP,65.005,°C,GOOD
2025-01-04 18:00:00,PUMP101.BEARING_TEMP,65.206,°C,GOOD
2025-01-04 19:00:00,PUMP101.BEARING_TEMP,65.006,°C,GOOD
2025-01-04 20:00:00,PUMP101.BEARING_TEMP,64.95,°C,GOOD
2025-01-04 21:00:00,PUMP101.BEARING_TEMP,64.721,°C,GOOD
2025-01-04 22:00:00,PUMP101.BEARING_TEMP,65.068,°C,GOOD
2025-01-04 23:00:00,PUMP101.BEARING_TEMP,65.099,°C,GOOD
2025-01-05 00:00:00,PUMP101.BEARING_TEMP,64.733,°C,GOOD
2025-01-05 01:00:00,PUMP101.BEARING_TEMP,65.17,°C,GOOD
2025-01-05 02:00:00,PUMP101.BEARING_TEMP,65.115,°C,GOOD
2025-01-05 03:00:00,PUMP101.BEARING_TEMP,65.17,°C,GOOD
2025-01-05 04:00:00,PUMP101.BEARING_TEMP,65.088,°C,GOOD
2025-01-05 05:00:00,PUMP101.BEARING_TEMP,65.098,°C,GOOD
2025-01-05 06:00:00,PUMP101.BEARING_TEMP,65.078,°C,GOOD
2025-01-05 07:00:00,PUMP101.BEARING_TEMP,65.13,°C,GOOD
2025-01-05 08:00:00,PUMP101.BEARING_TEMP,64.727,°C,GOOD
2025-01-05 09:00:00,PUMP101.BEARING_TEMP,64.775,°C,GOOD
2025-01-05 10:00:00,PUMP101.BEARING_TEMP,64.89,°C,GOOD
2025-01-05 11:00:00,PUMP101.BEARING_TEMP,64.981,°C,GOOD
2025-01-05 12:00:00,PUMP101.BEARING_TEMP,65.058,°C,GOOD
2025-01-05 13:00:00,PUMP101.BEARING_TEMP,65.049,°C,GOOD
2025-01-05 14:00:00,PUMP101.BEARING_TEMP,65.168,°C,GOOD
2025-01-05 15:00:00,PUMP101.BEARING_TEMP,65.172,°C,GOOD
2025-01-05 16:00:00,PUMP101.BEARING_TEMP,64.869,°C,GOOD
2025-01-05 17:00:00,PUMP101.BEARING_TEMP,65.036,°C,GOOD
2025-01-05 18:00:00,PUMP101.BEARING_TEMP,64.873,°C,GOOD
2025-01-05 19:00:00,PUMP101.BEARING_TEMP,64.972,°C,GOOD
2025-01-05 20:00:00,PUMP101.BEARING_TEMP,65.048,°C,GOOD
2025-01-05 21:00:00,PUMP101.BEARING_TEMP,64.489,°C,GOOD
2025-01-05 22:00:00,PUMP101.BEARING_TEMP,65.362,°C,GOOD
2025-01-05 23:00:00,PUMP101.BEARING_TEMP,65.085,°C,GOOD
2025-01-06 00:00:00,PUMP101.BEARING_TEMP,64.911,°C,GOOD
2025-01-06 01:00:00,PUMP101.BEARING_TEMP,65.289,°C,GOOD
2025-01-06 02:00:00,PUMP101.BEARING_TEMP,64.948,°C,GOOD
2025-01-06 03:00:00,PUMP101.BEARING_TEMP,65.02,°C,GOOD
2025-01-06 04:00:00,PUMP101.BEARING_TEMP,64.927,°C,GOOD
2025-01-06 05:00:00,PUMP101.BEARING_TEMP,65.248,°C,GOOD
2025-01-06 06:00:00,PUMP101.BEARING_TEMP,64.984,°C,GOOD
2025-01-06 07:00:00,PUMP101.BEARING_TEMP,65.022,°C,GOOD
2025-01-06 08:00:00,PUMP101.BEARING_TEMP,65.181,°C,GOOD
2025-01-06 09:00:00,PUMP101.BEARING_TEMP,65.088,°C,GOOD
2025-01-06 10:00:00,PUMP101.BEARING_TEMP,64.992,°C,GOOD
2025-01-06 11:00:00,PUMP101.BEARING_TEMP,65.167,°C,GOOD
2025-01-06 12:00:00,PUMP101.BEARING_TEMP,65.381,°C,GOOD
2025-01-06 13:00:00,PUMP101.BEARING_TEMP,65.048,°C,GOOD
2025-01-06 14:00:00,PUMP101.BEARING_TEMP,65.018,°C,GOOD
2025-01-06 15:00:00,PUMP101.BEARING_TEMP,65.026,°C,GOOD
2025-01-06 16:00:00,PUMP101.BEARING_TEMP,65.197,°C,GOOD
2025-01-06 17:00:00,PUMP101.BEARING_TEMP,64.91,°C,GOOD
2025-01-06 18:00:00,PUMP101.BEARING_TEMP,64.958,°C,GOOD
2025-01-06 19:00:00,PUMP101.BEARING_TEMP,64.769,°C,GOOD
2025-01-06 20:00:00,PUMP101.BEARING_TEMP,64.822,°C,GOOD
2025-01-06 21:00:00,PUMP101.BEARING_TEMP,64.922,°C,GOOD
2025-01-06 22:00:00,PUMP101.BEARING_TEMP,64.992,°C,GOOD
2025-01-06 23:00:00,PUMP101.BEARING_TEMP,65.265,°C,GOOD
2025-01-07 00:00:00,PUMP101.BEARING_TEMP,65.08,°C,GOOD
2025-01-07 01:00:00,PUMP101.BEARING_TEMP,64.863,°C,GOOD
2025-01-07 02:00:00,PUMP101.BEARING_TEMP,64.891,°C,GOOD
2025-01-07 03:00:00,PUMP101.BEARING_TEMP,65.206,°C,GOOD
2025-01-07 04:00:00,PUMP101.BEARING_TEMP,65.169,°C,GOOD
2025-01-07 05:00:00,PUMP101.BEARING_TEMP,65.004,°C,GOOD
2025-01-07 06:00:00,PUMP101.BEARING_TEMP,64.934,°C,GOOD
2025-01-07 07:00:00,PUMP101.BEARING_TEMP,65.169,°C,GOOD
2025-01-07 08:00:00,PUMP101.BEARING_TEMP,64.851,°C,GOOD
2025-01-07 09:00:00,PUMP101.BEARING_TEMP,65.059,°C,GOOD
2025-01-07 10:00:00,PUMP101.BEARING_TEMP,65.341,°C,GOOD
2025-01-07 11:00:00,PUMP101.BEARING_TEMP,65.031,°C,GOOD
2025-01-07 12:00:00,PUMP101.BEARING_TEMP,64.884,°C,GOOD
2025-01-07 13:00:00,PUMP101.BEARING_TEMP,65.062,°C,GOOD
2025-01-07 14:00:00,PUMP101.BEARING_TEMP,64.929,°C,GOOD
2025-01-07 15:00:00,PUMP101.BEARING_TEMP,64.791,°C,GOOD
2025-01-07 16:00:00,PUMP101.BEARING_TEMP,65.105,°C,GOOD
2025-01-07 17:00:00,PUMP101.BEARING_TEMP,65.168,°C,GOOD
2025-01-07 18:00:00,PUMP101.BEARING_TEMP,64.953,°C,GOOD
2025-01-07 19:00:00,PUMP101.BEARING_TEMP,64.943,°C,GOOD
2025-01-07 20:00:00,PUMP101.BEARING_TEMP,64.856,°C,GOOD
2025-01-07 21:00:00,PUMP101.BEARING_TEMP,64.978,°C,GOOD
2025-01-07 22:00:00,PUMP101.BEARING_TEMP,64.916,°C,GOOD
2025-01-07 23:00:00,PUMP101.BEARING_TEMP,64.848,°C,BAD
2025-01-08 00:00:00,PUMP101.BEARING_TEMP,65.284,°C,GOOD
2025-01-08 01:00:00,PUMP101.BEARING_TEMP,65.07,°C,GOOD
2025-01-08 02:00:00,PUMP101.BEARING_TEMP,65.086,°C,GOOD
2025-01-08 03:00:00,PUMP101.BEARING_TEMP,65.133,°C,GOOD
2025-01-08 04:00:00,PUMP101.BEARING_TEMP,65.116,°C,GOOD
2025-01-08 05:00:00,PUMP101.BEARING_TEMP,64.938,°C,GOOD
2025-01-08 06:00:00,PUMP101.BEARING_TEMP,65.041,°C,GOOD
2025-01-08 07:00:00,PUMP101.BEARING_TEMP,64.96,°C,GOOD
2025-01-08 08:00:00,PUMP101.BEARING_TEMP,65.066,°C,GOOD
2025-01-08 09:00:00,PUMP101.BEARING_TEMP,65.051,°C,GOOD
2025-01-08 10:00:00,PUMP101.BEARING_TEMP,64.943,°C,GOOD
2025-01-08 11:00:00,PUMP101.BEARING_TEMP,64.801,°C,GOOD
2025-01-08 12:00:00,PUMP101.BEARING_TEMP,65.022,°C,GOOD
2025-01-08 13:00:00,PUMP101.BEARING_TEMP,64.969,°C,GOOD
2025-01-08 14:00:00,PUMP101.BEARING_TEMP,64.716,°C,GOOD
2025-01-08 15:00:00,PUMP101.BEARING_TEMP,65.076,°C,GOOD
2025-01-08 16:00:00,PUMP101.BEARING_TEMP,65.145,°C,GOOD
2025-01-08 17:00:00,PUMP101.BEARING_TEMP,65.379,°C,GOOD
2025-01-08 18:00:00,PUMP101.BEARING_TEMP,64.941,°C,GOOD
2025-01-08 19:00:00,PUMP101.BEARING_TEMP,64.919,°C,GOOD
2025-01-08 20:00:00,PUMP101.BEARING_TEMP,64.834,°C,GOOD
2025-01-08 21:00:00,PUMP101.BEARING_TEMP,65.031,°C,GOOD
2025-01-08 22:00:00,PUMP101.BEARING_TEMP,65.03,°C,GOOD
2025-01-08 23:00:00,PUMP101.BEARING_TEMP,64.878,°C,GOOD
2025-01-09 00:00:00,PUMP101.BEARING_TEMP,64.974,°C,GOOD
2025-01-09 01:00:00,PUMP101.BEARING_TEMP,64.703,°C,GOOD
2025-01-09 02:00:00,PUMP101.BEARING_TEMP,65.139,°C,GOOD
2025-01-09 03:00:00,PUMP101.BEARING_TEMP,64.884,°C,GOOD
2025-01-09 04:00:00,PUMP101.BEARING_TEMP,64.995,°C,GOOD
2025-01-09 05:00:00,PUMP101.BEARING_TEMP,64.786,°C,GOOD
2025-01-09 06:00:00,PUMP101.BEARING_TEMP,64.913,°C,GOOD
2025-01-09 07:00:00,PUMP101.BEARING_TEMP,64.958,°C,GOOD
2025-01-09 08:00:00,PUMP101.BEARING_TEMP,64.998,°C,GOOD
2025-01-09 09:00:00,PUMP101.BEARING_TEMP,65.072,°C,GOOD
2025-01-09 10:00:00,PUMP101.BEARING_TEMP,65.216,°C,GOOD
2025-01-09 11:00:00,PUMP101.BEARING_TEMP,65.11,°C,GOOD
2025-01-09 12:00:00,PUMP101.BEARING_TEMP,65.144,°C,GOOD
2025-01-09 13:00:00,PUMP101.BEARING_TEMP,65.217,°C,GOOD
2025-01-09 14:00:00,PUMP101.BEARING_TEMP,65.085,°C,GOOD
2025-01-09 15:00:00,PUMP101.BEARING_TEMP,64.994,°C,GOOD
2025-01-09 16:00:00,PUMP101.BEARING_TEMP,65.151,°C,GOOD
2025-01-09 17:00:00,PUMP101.BEARING_TEMP,65.161,°C,GOOD
2025-01-09 18:00:00,PUMP101.BEARING_TEMP,65.097,°C,GOOD
2025-01-09 19:00:00,PUMP101.BEARING_TEMP,64.782,°C,GOOD
2025-01-09 20:00:00,PUMP101.BEARING_TEMP,64.874,°C,GOOD
2025-01-09 21:00:00,PUMP101.BEARING_TEMP,64.959,°C,GOOD
2025-01-09 22:00:00,PUMP101.BEARING_TEMP,65.117,°C,GOOD
2025-01-09 23:00:00,PUMP101.BEARING_TEMP,64.997,°C,GOOD
2025-01-10 00:00:00,PUMP101.BEARING_TEMP,65.171,°C,GOOD
2025-01-10 01:00:00,PUMP101.BEARING_TEMP,65.197,°C,BAD
2025-01-10 02:00:00,PUMP101.BEARING_TEMP,65.18,°C,GOOD
2025-01-10 03:00:00,PUMP101.BEARING_TEMP,65.181,°C,GOOD
2025-01-10 04:00:00,PUMP101.BEARING_TEMP,64.844,°C,GOOD
2025-01-10 05:00:00,PUMP101.BEARING_TEMP,65.072,°C,GOOD
2025-01-10 06:00:00,PUMP101.BEARING_TEMP,64.909,°C,GOOD
2025-01-10 07:00:00,PUMP101.BEARING_TEMP,64.753,°C,GOOD
2025-01-10 08:00:00,PUMP101.BEARING_TEMP,64.957,°C,GOOD
2025-01-10 09:00:00,PUMP101.BEARING_TEMP,65.199,°C,GOOD
2025-01-10 10:00:00,PUMP101.BEARING_TEMP,65.069,°C,GOOD
2025-01-10 11:00:00,PUMP101.BEARING_TEMP,65.303,°C,GOOD
2025-01-10 12:00:00,PUMP101.BEARING_TEMP,65.027,°C,GOOD
2025-01-10 13:00:00,PUMP101.BEARING_TEMP,65.367,°C,GOOD
2025-01-10 14:00:00,PUMP101.BEARING_TEMP,65.027,°C,GOOD
2025-01-10 15:00:00,PUMP101.BEARING_TEMP,65.003,°C,GOOD
2025-01-10 16:00:00,PUMP101.BEARING_TEMP,64.808,°C,BAD
2025-01-10 17:00:00,PUMP101.BEARING_TEMP,65.167,°C,GOOD
2025-01-10 18:00:00,PUMP101.BEARING_TEMP,64.925,°C,GOOD
2025-01-10 19:00:00,PUMP101.BEARING_TEMP,64.903,°C,GOOD
2025-01-10 20:00:00,PUMP101.BEARING_TEMP,65.192,°C,GOOD
2025-01-10 21:00:00,PUMP101.BEARING_TEMP,65.174,°C,GOOD
2025-01-10 22:00:00,PUMP101.BEARING_TEMP,65.17,°C,GOOD
2025-01-10 23:00:00,PUMP101.BEARING_TEMP,64.946,°C,GOOD
2025-01-11 00:00:00,PUMP101.BEARING_TEMP,64.992,°C,GOOD
2025-01-11 01:00:00,PUMP101.BEARING_TEMP,64.991,°C,GOOD
2025-01-11 02:00:00,PUMP101.BEARING_TEMP,65.117,°C,GOOD
2025-01-11 03:00:00,PUMP101.BEARING_TEMP,65.233,°C,GOOD
2025-01-11 04:00:00,PUMP101.BEARING_TEMP,65.055,°C,GOOD
2025-01-11 05:00:00,PUMP101.BEARING_TEMP,65.296,°C,GOOD
2025-01-11 06:00:00,PUMP101.BEARING_TEMP,65.135,°C,GOOD
2025-01-11 07:00:00,PUMP101.BEARING_TEMP,64.965,°C,GOOD
2025-01-11 08:00:00,PUMP101.BEARING_TEMP,65.124,°C,GOOD
2025-01-11 09:00:00,PUMP101.BEARING_TEMP,65.256,°C,GOOD
2025-01-11 10:00:00,PUMP101.BEARING_TEMP,65.3,°C,GOOD
2025-01-11 11:00:00,PUMP101.BEARING_TEMP,65.178,°C,GOOD
2025-01-11 12:00:00,PUMP101.BEARING_TEMP,65.004,°C,GOOD
2025-01-11 13:00:00,PUMP101.BEARING_TEMP,64.967,°C,BAD
2025-01-11 14:00:00,PUMP101.BEARING_TEMP,65.086,°C,GOOD
2025-01-11 15:00:00,PUMP101.BEARING_TEMP,65.251,°C,GOOD
2025-01-11 16:00:00,PUMP101.BEARING_TEMP,65.065,°C,GOOD
2025-01-11 17:00:00,PUMP101.BEARING_TEMP,65.068,°C,GOOD
2025-01-11 18:00:00,PUMP101.BEARING_TEMP,65.008,°C,GOOD
2025-01-11 19:00:00,PUMP101.BEARING_TEMP,64.951,°C,GOOD
2025-01-11 20:00:00,PUMP101.BEARING_TEMP,64.976,°C,GOOD
2025-01-11 21:00:00,PUMP101.BEARING_TEMP,65.02,°C,GOOD
2025-01-11 22:00:00,PUMP101.BEARING_TEMP,65.258,°C,GOOD
2025-01-11 23:00:00,PUMP101.BEARING_TEMP,64.964,°C,GOOD
2025-01-12 00:00:00,PUMP101.BEARING_TEMP,65.008,°C,GOOD
2025-01-12 01:00:00,PUMP101.BEARING_TEMP,64.87,°C,GOOD
2025-01-12 02:00:00,PUMP101.BEARING_TEMP,65.107,°C,GOOD
2025-01-12 03:00:00,PUMP101.BEARING_TEMP,65.205,°C,GOOD
2025-01-12 04:00:00,PUMP101.BEARING_TEMP,65.244,°C,GOOD
2025-01-12 05:00:00,PUMP101.BEARING_TEMP,65.031,°C,GOOD
2025-01-12 06:00:00,PUMP101.BEARING_TEMP,65.086,°C,GOOD
2025-01-12 07:00:00,PUMP101.BEARING_TEMP,64.977,°C,GOOD
2025-01-12 08:00:00,PUMP101.BEARING_TEMP,65.079,°C,GOOD
2025-01-12 09:00:00,PUMP101.BEARING_TEMP,65.047,°C,GOOD
2025-01-12 10:00:00,PUMP101.BEARING_TEMP,65.009,°C,GOOD
2025-01-12 11:00:00,PUMP101.BEARING_TEMP,65.021,°C,GOOD
2025-01-12 12:00:00,PUMP101.BEARING_TEMP,65.068,°C,GOOD
2025-01-12 13:00:00,PUMP101.BEARING_TEMP,64.956,°C,GOOD
2025-01-12 14:00:00,PUMP101.BEARING_TEMP,64.964,°C,GOOD
2025-01-12 15:00:00,PUMP101.BEARING_TEMP,65.256,°C,GOOD
2025-01-12 16:00:00,PUMP101.BEARING_TEMP,65.407,°C,GOOD
2025-01-12 17:00:00,PUMP101.BEARING_TEMP,64.819,°C,GOOD
2025-01-12 18:00:00,PUMP101.BEARING_TEMP,64.811,°C,GOOD
2025-01-12 19:00:00,PUMP101.BEARING_TEMP,64.856,°C,GOOD
2025-01-12 20:00:00,PUMP101.BEARING_TEMP,64.985,°C,GOOD
2025-01-12 21:00:00,PUMP101.BEARING_TEMP,65.134,°C,GOOD
2025-01-12 22:00:00,PUMP101.BEARING_TEMP,65.089,°C,GOOD
2025-01-12 23:00:00,PUMP101.BEARING_TEMP,65.026,°C,GOOD
2025-01-13 00:00:00,PUMP101.BEARING_TEMP,65.079,°C,GOOD
2025-01-13 01:00:00,PUMP101.BEARING_TEMP,64.896,°C,GOOD
2025-01-13 02:00:00,PUMP101.BEARING_TEMP,64.963,°C,GOOD
2025-01-13 03:00:00,PUMP101.BEARING_TEMP,64.997,°C,GOOD
2025-01-13 04:00:00,PUMP101.BEARING_TEMP,64.762,°C,GOOD
2025-01-13 05:00:00,PUMP101.BEARING_TEMP,64.826,°C,GOOD
2025-01-13 06:00:00,PUMP101.BEARING_TEMP,64.832,°C,GOOD
2025-01-13 07:00:00,PUMP101.BEARING_TEMP,65.115,°C,GOOD
2025-01-13 08:00:00,PUMP101.BEARING_TEMP,65.037,°C,GOOD
2025-01-13 09:00:00,PUMP101.BEARING_TEMP,65.092,°C,GOOD
2025-01-13 10:00:00,PUMP101.BEARING_TEMP,64.724,°C,GOOD
2025-01-13 11:00:00,PUMP101.BEARING_TEMP,64.777,°C,BAD
2025-01-13 12:00:00,PUMP101.BEARING_TEMP,65.099,°C,GOOD
2025-01-13 13:00:00,PUMP101.BEARING_TEMP,64.583,°C,GOOD
2025-01-13 14:00:00,PUMP101.BEARING_TEMP,65.184,°C,GOOD
2025-01-13 15:00:00,PUMP101.BEARING_TEMP,64.727,°C,GOOD
2025-01-13 16:00:00,PUMP101.BEARING_TEMP,65.127,°C,GOOD
2025-01-13 17:00:00,PUMP101.BEARING_TEMP,64.867,°C,GOOD
2025-01-13 18:00:00,PUMP101.BEARING_TEMP,65.157,°C,GOOD
2025-01-13 19:00:00,PUMP101.BEARING_TEMP,65.481,°C,GOOD
2025-01-13 20:00:00,PUMP101.BEARING_TEMP,64.659,°C,GOOD
2025-01-13 21:00:00,PUMP101.BEARING_TEMP,65.104,°C,GOOD
2025-01-13 22:00:00,PUMP101.BEARING_TEMP,64.729,°C,GOOD
2025-01-13 23:00:00,PUMP101.BEARING_TEMP,65.064,°C,GOOD
2025-01-14 00:00:00,PUMP101.BEARING_TEMP,64.969,°C,GOOD
2025-01-14 01:00:00,PUMP101.BEARING_TEMP,65.019,°C,GOOD
2025-01-14 02:00:00,PUMP101.BEARING_TEMP,64.863,°C,GOOD
2025-01-14 03:00:00,PUMP101.BEARING_TEMP,65.117,°C,GOOD
2025-01-14 04:00:00,PUMP101.BEARING_TEMP,64.783,°C,GOOD
2025-01-14 05:00:00,PUMP101.BEARING_TEMP,65.186,°C,GOOD
2025-01-14 06:00:00,PUMP101.BEARING_TEMP,64.939,°C,GOOD
2025-01-14 07:00:00,PUMP101.BEARING_TEMP,64.79,°C,GOOD
2025-01-14 08:00:00,PUMP101.BEARING_TEMP,65.239,°C,GOOD
2025-01-14 09:00:00,PUMP101.BEARING_TEMP,64.99,°C,GOOD
2025-01-14 10:00:00,PUMP101.BEARING_TEMP,65.286,°C,GOOD
2025-01-14 11:00:00,PUMP101.BEARING_TEMP,65.183,°C,GOOD
2025-01-14 12:00:00,PUMP101.BEARING_TEMP,64.88,°C,GOOD
2025-01-14 13:00:00,PUMP101.BEARING_TEMP,64.987,°C,GOOD
2025-01-14 14:00:00,PUMP101.BEARING_TEMP,65.018,°C,GOOD
2025-01-14 15:00:00,PUMP101.BEARING_TEMP,65.229,°C,GOOD
2025-01-14 16:00:00,PUMP101.BEARING_TEMP,65.066,°C,GOOD
2025-01-14 17:00:00,PUMP101.BEARING_TEMP,65.026,°C,GOOD
2025-01-14 18:00:00,PUMP101.BEARING_TEMP,64.97,°C,GOOD
2025-01-14 19:00:00,PUMP101.BEARING_TEMP,64.992,°C,GOOD
2025-01-14 20:00:00,PUMP101.BEARING_TEMP,65.196,°C,GOOD
2025-01-14 21:00:00,PUMP101.BEARING_TEMP,65.001,°C,GOOD
2025-01-14 22:00:00,PUMP101.BEARING_TEMP,64.941,°C,GOOD
2025-01-14 23:00:00,PUMP101.BEARING_TEMP,64.915,°C,GOOD
2025-01-15 00:00:00,PUMP101.BEARING_TEMP,64.917,°C,GOOD
2025-01-15 01:00:00,PUMP101.BEARING_TEMP,64.79,°C,GOOD
2025-01-15 02:00:00,PUMP101.BEARING_TEMP,64.887,°C,GOOD
2025-01-15 03:00:00,PUMP101.BEARING_TEMP,65.225,°C,GOOD
2025-01-15 04:00:00,PUMP101.BEARING_TEMP,64.969,°C,GOOD
2025-01-15 05:00:00,PUMP101.BEARING_TEMP,65.106,°C,GOOD
2025-01-15 06:00:00,PUMP101.BEARING_TEMP,64.628,°C,GOOD
2025-01-15 07:00:00,PUMP101.BEARING_TEMP,65.085,°C,GOOD
2025-01-15 08:00:00,PUMP101.BEARING_TEMP,64.976,°C,GOOD
2025-01-15 09:00:00,PUMP101.BEARING_TEMP,64.928,°C,GOOD
2025-01-15 10:00:00,PUMP101.BEARING_TEMP,65.027,°C,GOOD
2025-01-15 11:00:00,PUMP101.BEARING_TEMP,64.926,°C,GOOD
2025-01-15 12:00:00,PUMP101.BEARING_TEMP,64.681,°C,GOOD
2025-01-15 13:00:00,PUMP101.BEARING_TEMP,65.138,°C,GOOD
2025-01-15 14:00:00,PUMP101.BEARING_TEMP,65.036,°C,GOOD
2025-01-15 15:00:00,PUMP101.BEARING_TEMP,64.953,°C,GOOD
2025-01-15 16:00:00,PUMP101.BEARING_TEMP,64.855,°C,GOOD
2025-01-15 17:00:00,PUMP101.BEARING_TEMP,64.78,°C,GOOD
2025-01-15 18:00:00,PUMP101.BEARING_TEMP,65.034,°C,GOOD
2025-01-15 19:00:00,PUMP101.BEARING_TEMP,65.242,°C,GOOD
2025-01-15 20:00:00,PUMP101.BEARING_TEMP,65.03,°C,GOOD
2025-01-15 21:00:00,PUMP101.BEARING_TEMP,64.793,°C,GOOD
2025-01-15 22:00:00,PUMP101.BEARING_TEMP,65.034,°C,GOOD
2025-01-15 23:00:00,PUMP101.BEARING_TEMP,64.992,°C,GOOD
2025-01-16 00:00:00,PUMP101.BEARING_TEMP,65.13,°C,GOOD
2025-01-16 01:00:00,PUMP101.BEARING_TEMP,65.091,°C,GOOD
2025-01-16 02:00:00,PUMP101.BEARING_TEMP,64.552,°C,GOOD
2025-01-16 03:00:00,PUMP101.BEARING_TEMP,65.082,°C,GOOD
2025-01-16 04:00:00,PUMP101.BEARING_TEMP,64.849,°C,GOOD
2025-01-16 05:00:00,PUMP101.BEARING_TEMP,64.787,°C,GOOD
2025-01-16 06:00:00,PUMP101.BEARING_TEMP,64.972,°C,GOOD
2025-01-16 07:00:00,PUMP101.BEARING_TEMP,65.062,°C,GOOD
2025-01-16 08:00:00,PUMP101.BEARING_TEMP,64.754,°C,GOOD
2025-01-16 09:00:00,PUMP101.BEARING_TEMP,65.106,°C,GOOD
2025-01-16 10:00:00,PUMP101.BEARING_TEMP,65.115,°C,GOOD
2025-01-16 11:00:00,PUMP101.BEARING_TEMP,65.007,°C,GOOD
2025-01-16 12:00:00,PUMP101.BEARING_TEMP,64.87,°C,GOOD
2025-01-16 13:00:00,PUMP101.BEARING_TEMP,64.853,°C,GOOD
2025-01-16 14:00:00,PUMP101.BEARING_TEMP,65.154,°C,GOOD
2025-01-16 15:00:00,PUMP101.BEARING_TEMP,64.773,°C,GOOD
2025-01-16 16:00:00,PUMP101.BEARING_TEMP,65.16,°C,GOOD
2025-01-16 17:00:00,PUMP101.BEARING_TEMP,64.975,°C,GOOD
2025-01-16 18:00:00,PUMP101.BEARING_TEMP,64.986,°C,GOOD
2025-01-16 19:00:00,PUMP101.BEARING_TEMP,64.744,°C,GOOD
2025-01-16 20:00:00,PUMP101.BEARING_TEMP,64.978,°C,GOOD
2025-01-16 21:00:00,PUMP101.BEARING_TEMP,65.092,°C,GOOD
2025-01-16 22:00:00,PUMP101.BEARING_TEMP,64.8,°C,GOOD
2025-01-16 23:00:00,PUMP101.BEARING_TEMP,65.075,°C,GOOD
2025-01-17 00:00:00,PUMP101.BEARING_TEMP,65.013,°C,GOOD
2025-01-17 01:00:00,PUMP101.BEARING_TEMP,64.903,°C,GOOD
2025-01-17 02:00:00,PUMP101.BEARING_TEMP,65.128,°C,GOOD
2025-01-17 03:00:00,PUMP101.BEARING_TEMP,64.67,°C,GOOD
2025-01-17 04:00:00,PUMP101.BEARING_TEMP,65.052,°C,GOOD
2025-01-17 05:00:00,PUMP101.BEARING_TEMP,65.243,°C,GOOD
2025-01-17 06:00:00,PUMP101.BEARING_TEMP,65.216,°C,GOOD
2025-01-17 07:00:00,PUMP101.BEARING_TEMP,65.058,°C,GOOD
2025-01-17 08:00:00,PUMP101.BEARING_TEMP,64.955,°C,GOOD
2025-01-17 09:00:00,PUMP101.BEARING_TEMP,64.905,°C,GOOD
2025-01-17 10:00:00,PUMP101.BEARING_TEMP,64.955,°C,GOOD
2025-01-17 11:00:00,PUMP101.BEARING_TEMP,65.082,°C,GOOD
2025-01-17 12:00:00,PUMP101.BEARING_TEMP,64.879,°C,GOOD
2025-01-17 13:00:00,PUMP101.BEARING_TEMP,65.114,°C,GOOD
2025-01-17 14:00:00,PUMP101.BEARING_TEMP,65.32,°C,GOOD
2025-01-17 15:00:00,PUMP101.BEARING_TEMP,64.991,°C,GOOD
2025-01-17 16:00:00,PUMP101.BEARING_TEMP,64.798,°C,GOOD
2025-01-17 17:00:00,PUMP101.BEARING_TEMP,64.798,°C,GOOD
2025-01-17 18:00:00,PUMP101.BEARING_TEMP,65.116,°C,GOOD
2025-01-17 19:00:00,PUMP101.BEARING_TEMP,64.991,°C,GOOD
2025-01-17 20:00:00,PUMP101.BEARING_TEMP,65.132,°C,GOOD
2025-01-17 21:00:00,PUMP101.BEARING_TEMP,64.92,°C,GOOD
2025-01-17 22:00:00,PUMP101.BEARING_TEMP,65.125,°C,GOOD
2025-01-17 23:00:00,PUMP101.BEARING_TEMP,64.976,°C,GOOD
2025-01-18 00:00:00,PUMP101.BEARING_TEMP,64.89,°C,GOOD
2025-01-18 01:00:00,PUMP101.BEARING_TEMP,64.94,°C,GOOD
2025-01-18 02:00:00,PUMP101.BEARING_TEMP,64.82,°C,GOOD
2025-01-18 03:00:00,PUMP101.BEARING_TEMP,65.298,°C,GOOD
2025-01-18 04:00:00,PUMP101.BEARING_TEMP,64.986,°C,GOOD
2025-01-18 05:00:00,PUMP101.BEARING_TEMP,65.097,°C,GOOD
2025-01-18 06:00:00,PUMP101.BEARING_TEMP,64.919,°C,GOOD
2025-01-18 07:00:00,PUMP101.BEARING_TEMP,64.842,°C,GOOD
2025-01-18 08:00:00,PUMP101.BEARING_TEMP,64.965,°C,GOOD
2025-01-18 09:00:00,PUMP101.BEARING_TEMP,65.165,°C,GOOD
2025-01-18 10:00:00,PUMP101.BEARING_TEMP,64.922,°C,GOOD
2025-01-18 11:00:00,PUMP101.BEARING_TEMP,64.869,°C,GOOD
2025-01-18 12:00:00,PUMP101.BEARING_TEMP,65.023,°C,GOOD
2025-01-18 13:00:00,PUMP101.BEARING_TEMP,65.075,°C,GOOD
2025-01-18 14:00:00,PUMP101.BEARING_TEMP,65.246,°C,GOOD
2025-01-18 15:00:00,PUMP101.BEARING_TEMP,65.053,°C,GOOD
2025-01-18 16:00:00,PUMP101.BEARING_TEMP,65.097,°C,GOOD
2025-01-18 17:00:00,PUMP101.BEARING_TEMP,65.108,°C,GOOD
2025-01-18 18:00:00,PUMP101.BEARING_TEMP,64.827,°C,GOOD
2025-01-18 19:00:00,PUMP101.BEARING_TEMP,64.856,°C,GOOD
2025-01-18 20:00:00,PUMP101.BEARING_TEMP,64.837,°C,GOOD
2025-01-18 21:00:00,PUMP101.BEARING_TEMP,64.8,°C,GOOD
2025-01-18 22:00:00,PUMP101.BEARING_TEMP,65.119,°C,GOOD
2025-01-18 23:00:00,PUMP101.BEARING_TEMP,65.044,°C,GOOD
2025-01-19 00:00:00,PUMP101.BEARING_TEMP,65.012,°C,GOOD
2025-01-19 01:00:00,PUMP101.BEARING_TEMP,64.611,°C,GOOD
2025-01-19 02:00:00,PUMP101.BEARING_TEMP,65.308,°C,GOOD
2025-01-19 03:00:00,PUMP101.BEARING_TEMP,64.866,°C,GOOD
2025-01-19 04:00:00,PUMP101.BEARING_TEMP,65.308,°C,GOOD
2025-01-19 05:00:00,PUMP101.BEARING_TEMP,64.783,°C,GOOD
2025-01-19 06:00:00,PUMP101.BEARING_TEMP,64.878,°C,GOOD
2025-01-19 07:00:00,PUMP101.BEARING_TEMP,64.67,°C,GOOD
2025-01-19 08:00:00,PUMP101.BEARING_TEMP,65.054,°C,GOOD
2025-01-19 09:00:00,PUMP101.BEARING_TEMP,64.835,°C,GOOD
2025-01-19 10:00:00,PUMP101.BEARING_TEMP,64.839,°C,GOOD
2025-01-19 11:00:00,PUMP101.BEARING_TEMP,64.794,°C,GOOD
2025-01-19 12:00:00,PUMP101.BEARING_TEMP,65.117,°C,GOOD
2025-01-19 13:00:00,PUMP101.BEARING_TEMP,65.107,°C,GOOD
2025-01-19 14:00:00,PUMP101.BEARING_TEMP,65.272,°C,GOOD
2025-01-19 15:00:00,PUMP101.BEARING_TEMP,64.897,°C,GOOD
2025-01-19 16:00:00,PUMP101.BEARING_TEMP,65.033,°C,GOOD
2025-01-19 17:00:00,PUMP101.BEARING_TEMP,64.807,°C,GOOD
2025-01-19 18:00:00,PUMP101.BEARING_TEMP,64.95,°C,GOOD
2025-01-19 19:00:00,PUMP101.BEARING_TEMP,64.922,°C,GOOD
2025-01-19 20:00:00,PUMP101.BEARING_TEMP,65.07,°C,GOOD
2025-01-19 21:00:00,PUMP101.BEARING_TEMP,65.153,°C,GOOD
2025-01-19 22:00:00,PUMP101.BEARING_TEMP,65.149,°C,GOOD
2025-01-19 23:00:00,PUMP101.BEARING_TEMP,64.874,°C,GOOD
2025-01-20 00:00:00,PUMP101.BEARING_TEMP,65.15,°C,GOOD
2025-01-20 01:00:00,PUMP101.BEARING_TEMP,64.993,°C,GOOD
2025-01-20 02:00:00,PUMP101.BEARING_TEMP,64.951,°C,GOOD
2025-01-20 03:00:00,PUMP101.BEARING_TEMP,64.894,°C,GOOD
2025-01-20 04:00:00,PUMP101.BEARING_TEMP,64.916,°C,GOOD
2025-01-20 05:00:00,PUMP101.BEARING_TEMP,65.261,°C,GOOD
2025-01-20 06:00:00,PUMP101.BEARING_TEMP,65.046,°C,GOOD
2025-01-20 07:00:00,PUMP101.BEARING_TEMP,65.026,°C,GOOD
2025-01-20 08:00:00,PUMP101.BEARING_TEMP,64.961,°C,GOOD
2025-01-20 09:00:00,PUMP101.BEARING_TEMP,65.367,°C,GOOD
2025-01-20 10:00:00,PUMP101.BEARING_TEMP,65.196,°C,GOOD
2025-01-20 11:00:00,PUMP101.BEARING_TEMP,64.892,°C,GOOD
2025-01-20 12:00:00,PUMP101.BEARING_TEMP,64.959,°C,GOOD
2025-01-20 13:00:00,PUMP101.BEARING_TEMP,64.968,°C,GOOD
2025-01-20 14:00:00,PUMP101.BEARING_TEMP,65.022,°C,GOOD
2025-01-20 15:00:00,PUMP101.BEARING_TEMP,64.895,°C,GOOD
2025-01-20 16:00:00,PUMP101.BEARING_TEMP,65.066,°C,GOOD
2025-01-20 17:00:00,PUMP101.BEARING_TEMP,65.218,°C,GOOD
2025-01-20 18:00:00,PUMP101.BEARING_TEMP,64.803,°C,GOOD
2025-01-20 19:00:00,PUMP101.BEARING_TEMP,64.831,°C,GOOD
2025-01-20 20:00:00,PUMP101.BEARING_TEMP,64.928,°C,GOOD
2025-01-20 21:00:00,PUMP101.BEARING_TEMP,64.934,°C,GOOD
2025-01-20 22:00:00,PUMP101.BEARING_TEMP,65.3,°C,GOOD
2025-01-20 23:00:00,PUMP101.BEARING_TEMP,65.15,°C,GOOD
2025-01-21 00:00:00,PUMP101.BEARING_TEMP,65.142,°C,GOOD
2025-01-21 01:00:00,PUMP101.BEARING_TEMP,64.96,°C,GOOD
2025-01-21 02:00:00,PUMP101.BEARING_TEMP,64.957,°C,GOOD
2025-01-21 03:00:00,PUMP101.BEARING_TEMP,64.782,°C,GOOD
2025-01-21 04:00:00,PUMP101.BEARING_TEMP,65.117,°C,GOOD
2025-01-21 05:00:00,PUMP101.BEARING_TEMP,65.074,°C,GOOD
2025-01-21 06:00:00,PUMP101.BEARING_TEMP,65.193,°C,GOOD
2025-01-21 07:00:00,PUMP101.BEARING_TEMP,64.968,°C,GOOD
2025-01-21 08:00:00,PUMP101.BEARING_TEMP,64.979,°C,GOOD
2025-01-21 09:00:00,PUMP101.BEARING_TEMP,65.026,°C,GOOD
2025-01-21 10:00:00,PUMP101.BEARING_TEMP,65.134,°C,GOOD
2025-01-21 11:00:00,PUMP101.BEARING_TEMP,64.779,°C,GOOD
2025-01-21 12:00:00,PUMP101.BEARING_TEMP,65.11,°C,GOOD
2025-01-21 13:00:00,PUMP101.BEARING_TEMP,64.997,°C,GOOD
2025-01-21 14:00:00,PUMP101.BEARING_TEMP,64.841,°C,GOOD
2025-01-21 15:00:00,PUMP101.BEARING_TEMP,64.687,°C,GOOD
2025-01-21 16:00:00,PUMP101.BEARING_TEMP,64.98,°C,GOOD
2025-01-21 17:00:00,PUMP101.BEARING_TEMP,65.217,°C,GOOD
2025-01-21 18:00:00,PUMP101.BEARING_TEMP,65.251,°C,GOOD
2025-01-21 19:00:00,PUMP101.BEARING_TEMP,65.053,°C,GOOD
2025-01-21 20:00:00,PUMP101.BEARING_TEMP,65.294,°C,GOOD
2025-01-21 21:00:00,PUMP101.BEARING_TEMP,64.994,°C,GOOD
2025-01-21 22:00:00,PUMP101.BEARING_TEMP,65.143,°C,GOOD
2025-01-21 23:00:00,PUMP101.BEARING_TEMP,64.932,°C,GOOD
2025-01-22 00:00:00,PUMP101.BEARING_TEMP,64.923,°C,GOOD
2025-01-22 01:00:00,PUMP101.BEARING_TEMP,64.898,°C,GOOD
2025-01-22 02:00:00,PUMP101.BEARING_TEMP,64.691,°C,GOOD
2025-01-22 03:00:00,PUMP101.BEARING_TEMP,65.193,°C,GOOD
2025-01-22 04:00:00,PUMP101.BEARING_TEMP,64.904,°C,GOOD
2025-01-22 05:00:00,PUMP101.BEARING_TEMP,64.88,°C,BAD
2025-01-22 06:00:00,PUMP101.BEARING_TEMP,64.823,°C,GOOD
2025-01-22 07:00:00,PUMP101.BEARING_TEMP,64.969,°C,GOOD
2025-01-22 08:00:00,PUMP101.BEARING_TEMP,65.265,°C,GOOD
2025-01-22 09:00:00,PUMP101.BEARING_TEMP,65.314,°C,GOOD
2025-01-22 10:00:00,PUMP101.BEARING_TEMP,64.751,°C,GOOD
2025-01-22 11:00:00,PUMP101.BEARING_TEMP,64.947,°C,GOOD
2025-01-22 12:00:00,PUMP101.BEARING_TEMP,64.845,°C,GOOD
2025-01-22 13:00:00,PUMP101.BEARING_TEMP,65.148,°C,GOOD
2025-01-22 14:00:00,PUMP101.BEARING_TEMP,65.043,°C,GOOD
2025-01-22 15:00:00,PUMP101.BEARING_TEMP,64.905,°C,GOOD
2025-01-22 16:00:00,PUMP101.BEARING_TEMP,65.011,°C,GOOD
2025-01-22 17:00:00,PUMP101.BEARING_TEMP,64.928,°C,GOOD
2025-01-22 18:00:00,PUMP101.BEARING_TEMP,65.242,°C,GOOD
2025-01-22 19:00:00,PUMP101.BEARING_TEMP,65.082,°C,GOOD
2025-01-22 20:00:00,PUMP101.BEARING_TEMP,65.1,°C,GOOD
2025-01-22 21:00:00,PUMP101.BEARING_TEMP,64.6,°C,GOOD
2025-01-22 22:00:00,PUMP101.BEARING_TEMP,64.99,°C,GOOD
2025-01-22 23:00:00,PUMP101.BEARING_TEMP,65.312,°C,GOOD
2025-01-23 00:00:00,PUMP101.BEARING_TEMP,65.199,°C,GOOD
2025-01-23 01:00:00,PUMP101.BEARING_TEMP,64.723,°C,GOOD
2025-01-23 02:00:00,PUMP101.BEARING_TEMP,64.953,°C,GOOD
2025-01-23 03:00:00,PUMP101.BEARING_TEMP,64.82,°C,GOOD
2025-01-23 04:00:00,PUMP101.BEARING_TEMP,65.257,°C,GOOD
2025-01-23 05:00:00,PUMP101.BEARING_TEMP,65.037,°C,GOOD
2025-01-23 06:00:00,PUMP101.BEARING_TEMP,64.885,°C,GOOD
2025-01-23 07:00:00,PUMP101.BEARING_TEMP,65.005,°C,GOOD
2025-01-23 08:00:00,PUMP101.BEARING_TEMP,64.609,°C,GOOD
2025-01-23 09:00:00,PUMP101.BEARING_TEMP,64.837,°C,GOOD
2025-01-23 10:00:00,PUMP101.BEARING_TEMP,65.005,°C,GOOD
2025-01-23 11:00:00,PUMP101.BEARING_TEMP,65.127,°C,GOOD
2025-01-23 12:00:00,PUMP101.BEARING_TEMP,64.709,°C,GOOD
2025-01-23 13:00:00,PUMP101.BEARING_TEMP,64.943,°C,GOOD
2025-01-23 14:00:00,PUMP101.BEARING_TEMP,65.151,°C,GOOD
2025-01-23 15:00:00,PUMP101.BEARING_TEMP,64.782,°C,GOOD
2025-01-23 16:00:00,PUMP101.BEARING_TEMP,65.034,°C,GOOD
2025-01-23 17:00:00,PUMP101.BEARING_TEMP,65.01,°C,GOOD
2025-01-23 18:00:00,PUMP101.BEARING_TEMP,65.257,°C,GOOD
2025-01-23 19:00:00,PUMP101.BEARING_TEMP,64.965,°C,GOOD
2025-01-23 20:00:00,PUMP101.BEARING_TEMP,64.974,°C,GOOD
2025-01-23 21:00:00,PUMP101.BEARING_TEMP,65.128,°C,GOOD
2025-01-23 22:00:00,PUMP101.BEARING_TEMP,64.801,°C,GOOD
2025-01-23 23:00:00,PUMP101.BEARING_TEMP,64.967,°C,GOOD
2025-01-24 00:00:00,PUMP101.BEARING_TEMP,64.932,°C,GOOD
2025-01-24 01:00:00,PUMP101.BEARING_TEMP,64.979,°C,GOOD
2025-01-24 02:00:00,PUMP101.BEARING_TEMP,65.127,°C,GOOD
2025-01-24 03:00:00,PUMP101.BEARING_TEMP,65.083,°C,GOOD
2025-01-24 04:00:00,PUMP101.BEARING_TEMP,64.888,°C,GOOD
2025-01-24 05:00:00,PUMP101.BEARING_TEMP,65.021,°C,GOOD
2025-01-24 06:00:00,PUMP101.BEARING_TEMP,65.224,°C,GOOD
2025-01-24 07:00:00,PUMP101.BEARING_TEMP,64.875,°C,GOOD
2025-01-24 08:00:00,PUMP101.BEARING_TEMP,65.022,°C,GOOD
2025-01-24 09:00:00,PUMP101.BEARING_TEMP,64.971,°C,GOOD
2025-01-24 10:00:00,PUMP101.BEARING_TEMP,64.991,°C,GOOD
2025-01-24 11:00:00,PUMP101.BEARING_TEMP,64.755,°C,GOOD
2025-01-24 12:00:00,PUMP101.BEARING_TEMP,65.212,°C,GOOD
2025-01-24 13:00:00,PUMP101.BEARING_TEMP,64.884,°C,GOOD
2025-01-24 14:00:00,PUMP101.BEARING_TEMP,65.154,°C,GOOD
2025-01-24 15:00:00,PUMP101.BEARING_TEMP,64.907,°C,GOOD
2025-01-24 16:00:00,PUMP101.BEARING_TEMP,64.906,°C,GOOD
2025-01-24 17:00:00,PUMP101.BEARING_TEMP,65.182,°C,GOOD
2025-01-24 18:00:00,PUMP101.BEARING_TEMP,65.149,°C,GOOD
2025-01-24 19:00:00,PUMP101.BEARING_TEMP,65.031,°C,GOOD
2025-01-24 20:00:00,PUMP101.BEARING_TEMP,65.114,°C,GOOD
2025-01-24 21:00:00,PUMP101.BEARING_TEMP,64.957,°C,GOOD
2025-01-24 22:00:00,PUMP101.BEARING_TEMP,64.999,°C,GOOD
2025-01-24 23:00:00,PUMP101.BEARING_TEMP,64.901,°C,GOOD
2025-01-25 00:00:00,PUMP101.BEARING_TEMP,65.136,°C,GOOD
2025-01-25 01:00:00,PUMP101.BEARING_TEMP,64.896,°C,GOOD
2025-01-25 02:00:00,PUMP101.BEARING_TEMP,65.223,°C,GOOD
2025-01-25 03:00:00,PUMP101.BEARING_TEMP,64.953,°C,GOOD
2025-01-25 04:00:00,PUMP101.BEARING_TEMP,65.003,°C,GOOD
2025-01-25 05:00:00,PUMP101.BEARING_TEMP,65.114,°C,GOOD
2025-01-25 06:00:00,PUMP101.BEARING_TEMP,65.004,°C,GOOD
2025-01-25 07:00:00,PUMP101.BEARING_TEMP,64.955,°C,GOOD
2025-01-25 08:00:00,PUMP101.BEARING_TEMP,64.995,°C,GOOD
2025-01-25 09:00:00,PUMP101.BEARING_TEMP,65.134,°C,GOOD
2025-01-25 10:00:00,PUMP101.BEARING_TEMP,64.901,°C,GOOD
2025-01-25 11:00:00,PUMP101.BEARING_TEMP,64.981,°C,GOOD
2025-01-25 12:00:00,PUMP101.BEARING_TEMP,65.002,°C,GOOD
2025-01-25 13:00:00,PUMP101.BEARING_TEMP,65.13,°C,GOOD
2025-01-25 14:00:00,PUMP101.BEARING_TEMP,64.985,°C,GOOD
2025-01-25 15:00:00,PUMP101.BEARING_TEMP,65.271,°C,GOOD
2025-01-25 16:00:00,PUMP101.BEARING_TEMP,64.977,°C,GOOD
2025-01-25 17:00:00,PUMP101.BEARING_TEMP,64.964,°C,GOOD
2025-01-25 18:00:00,PUMP101.BEARING_TEMP,64.974,°C,GOOD
2025-01-25 19:00:00,PUMP101.BEARING_TEMP,64.803,°C,GOOD
2025-01-25 20:00:00,PUMP101.BEARING_TEMP,64.844,°C,GOOD
2025-01-25 21:00:00,PUMP101.BEARING_TEMP,64.92,°C,GOOD
2025-01-25 22:00:00,PUMP101.BEARING_TEMP,65.17,°C,GOOD
2025-01-25 23:00:00,PUMP101.BEARING_TEMP,64.995,°C,BAD
2025-01-26 00:00:00,PUMP101.BEARING_TEMP,64.927,°C,GOOD
2025-01-26 01:00:00,PUMP101.BEARING_TEMP,65.184,°C,GOOD
2025-01-26 02:00:00,PUMP101.BEARING_TEMP,65.233,°C,GOOD
2025-01-26 03:00:00,PUMP101.BEARING_TEMP,65.188,°C,GOOD
2025-01-26 04:00:00,PUMP101.BEARING_TEMP,64.872,°C,GOOD
2025-01-26 05:00:00,PUMP101.BEARING_TEMP,64.926,°C,GOOD
2025-01-26 06:00:00,PUMP101.BEARING_TEMP,65.272,°C,GOOD
2025-01-26 07:00:00,PUMP101.BEARING_TEMP,65.036,°C,GOOD
2025-01-26 08:00:00,PUMP101.BEARING_TEMP,64.96,°C,GOOD
2025-01-26 09:00:00,PUMP101.BEARING_TEMP,65.108,°C,GOOD
2025-01-26 10:00:00,PUMP101.BEARING_TEMP,65.151,°C,GOOD
2025-01-26 11:00:00,PUMP101.BEARING_TEMP,64.914,°C,GOOD
2025-01-26 12:00:00,PUMP101.BEARING_TEMP,65.033,°C,GOOD
2025-01-26 13:00:00,PUMP101.BEARING_TEMP,65.139,°C,GOOD
2025-01-26 14:00:00,PUMP101.BEARING_TEMP,64.826,°C,GOOD
2025-01-26 15:00:00,PUMP101.BEARING_TEMP,65.002,°C,GOOD
2025-01-26 16:00:00,PUMP101.BEARING_TEMP,64.833,°C,GOOD
2025-01-26 17:00:00,PUMP101.BEARING_TEMP,64.852,°C,GOOD
2025-01-26 18:00:00,PUMP101.BEARING_TEMP,64.916,°C,GOOD
2025-01-26 19:00:00,PUMP101.BEARING_TEMP,65.072,°C,GOOD
2025-01-26 20:00:00,PUMP101.BEARING_TEMP,64.952,°C,GOOD
2025-01-26 21:00:00,PUMP101.BEARING_TEMP,64.903,°C,GOOD
2025-01-26 22:00:00,PUMP101.BEARING_TEMP,65.008,°C,GOOD
2025-01-26 23:00:00,PUMP101.BEARING_TEMP,64.828,°C,GOOD
2025-01-27 00:00:00,PUMP101.BEARING_TEMP,65.064,°C,GOOD
2025-01-27 01:00:00,PUMP101.BEARING_TEMP,65.17,°C,GOOD
2025-01-27 02:00:00,PUMP101.BEARING_TEMP,64.988,°C,GOOD
2025-01-27 03:00:00,PUMP101.BEARING_TEMP,64.97,°C,GOOD
2025-01-27 04:00:00,PUMP101.BEARING_TEMP,65.056,°C,GOOD
2025-01-27 05:00:00,PUMP101.BEARING_TEMP,64.696,°C,GOOD
2025-01-27 06:00:00,PUMP101.BEARING_TEMP,65.081,°C,GOOD
2025-01-27 07:00:00,PUMP101.BEARING_TEMP,65.465,°C,GOOD
2025-01-27 08:00:00,PUMP101.BEARING_TEMP,64.982,°C,GOOD
2025-01-27 09:00:00,PUMP101.BEARING_TEMP,64.982,°C,GOOD
2025-01-27 10:00:00,PUMP101.BEARING_TEMP,65.112,°C,GOOD
2025-01-27 11:00:00,PUMP101.BEARING_TEMP,65.247,°C,GOOD
2025-01-27 12:00:00,PUMP101.BEARING_TEMP,65.146,°C,BAD
2025-01-27 13:00:00,PUMP101.BEARING_TEMP,64.677,°C,GOOD
2025-01-27 14:00:00,PUMP101.BEARING_TEMP,65.085,°C,GOOD
2025-01-27 15:00:00,PUMP101.BEARING_TEMP,65.386,°C,GOOD
2025-01-27 16:00:00,PUMP101.BEARING_TEMP,65.093,°C,GOOD
2025-01-27 17:00:00,PUMP101.BEARING_TEMP,64.827,°C,GOOD
2025-01-27 18:00:00,PUMP101.BEARING_TEMP,65.042,°C,GOOD
2025-01-27 19:00:00,PUMP101.BEARING_TEMP,64.808,°C,GOOD
2025-01-27 20:00:00,PUMP101.BEARING_TEMP,65.185,°C,GOOD
2025-01-27 21:00:00,PUMP101.BEARING_TEMP,64.857,°C,GOOD
2025-01-27 22:00:00,PUMP101.BEARING_TEMP,65.011,°C,GOOD
2025-01-27 23:00:00,PUMP101.BEARING_TEMP,64.871,°C,GOOD
2025-01-28 00:00:00,PUMP101.BEARING_TEMP,64.918,°C,GOOD
2025-01-28 01:00:00,PUMP101.BEARING_TEMP,65.223,°C,GOOD
2025-01-28 02:00:00,PUMP101.BEARING_TEMP,65.016,°C,GOOD
2025-01-28 03:00:00,PUMP101.BEARING_TEMP,64.916,°C,GOOD
2025-01-28 04:00:00,PUMP101.BEARING_TEMP,64.828,°C,GOOD
2025-01-28 05:00:00,PUMP101.BEARING_TEMP,64.719,°C,GOOD
2025-01-28 06:00:00,PUMP101.BEARING_TEMP,64.812,°C,GOOD
2025-01-28 07:00:00,PUMP101.BEARING_TEMP,65.017,°C,GOOD
2025-01-28 08:00:00,PUMP101.BEARING_TEMP,65.147,°C,GOOD
2025-01-28 09:00:00,PUMP101.BEARING_TEMP,64.916,°C,GOOD
2025-01-28 10:00:00,PUMP101.BEARING_TEMP,65.236,°C,GOOD
2025-01-28 11:00:00,PUMP101.BEARING_TEMP,64.892,°C,GOOD
2025-01-28 12:00:00,PUMP101.BEARING_TEMP,64.964,°C,GOOD
2025-01-28 13:00:00,PUMP101.BEARING_TEMP,64.838,°C,GOOD
2025-01-28 14:00:00,PUMP101.BEARING_TEMP,65.149,°C,GOOD
2025-01-28 15:00:00,PUMP101.BEARING_TEMP,65.315,°C,GOOD
2025-01-28 16:00:00,PUMP101.BEARING_TEMP,64.736,°C,GOOD
2025-01-28 17:00:00,PUMP101.BEARING_TEMP,64.948,°C,GOOD
2025-01-28 18:00:00,PUMP101.BEARING_TEMP,65.19,°C,GOOD
2025-01-28 19:00:00,PUMP101.BEARING_TEMP,64.783,°C,GOOD
2025-01-28 20:00:00,PUMP101.BEARING_TEMP,65.085,°C,GOOD
2025-01-28 21:00:00,PUMP101.BEARING_TEMP,65.183,°C,GOOD
2025-01-28 22:00:00,PUMP101.BEARING_TEMP,65.012,°C,GOOD
2025-01-28 23:00:00,PUMP101.BEARING_TEMP,65.083,°C,GOOD
2025-01-29 00:00:00,PUMP101.BEARING_TEMP,65.264,°C,GOOD
2025-01-29 01:00:00,PUMP101.BEARING_TEMP,65.292,°C,GOOD
2025-01-29 02:00:00,PUMP101.BEARING_TEMP,64.991,°C,GOOD
2025-01-29 03:00:00,PUMP101.BEARING_TEMP,64.92,°C,GOOD
2025-01-29 04:00:00,PUMP101.BEARING_TEMP,64.862,°C,GOOD
2025-01-29 05:00:00,PUMP101.BEARING_TEMP,65.147,°C,GOOD
2025-01-29 06:00:00,PUMP101.BEARING_TEMP,64.794,°C,GOOD
2025-01-29 07:00:00,PUMP101.BEARING_TEMP,64.962,°C,GOOD
2025-01-29 08:00:00,PUMP101.BEARING_TEMP,65.015,°C,GOOD
2025-01-29 09:00:00,PUMP101.BEARING_TEMP,64.925,°C,GOOD
2025-01-29 10:00:00,PUMP101.BEARING_TEMP,65.042,°C,GOOD
2025-01-29 11:00:00,PUMP101.BEARING_TEMP,65.385,°C,GOOD
2025-01-29 12:00:00,PUMP101.BEARING_TEMP,64.982,°C,BAD
2025-01-29 13:00:00,PUMP101.BEARING_TEMP,64.935,°C,GOOD
2025-01-29 14:00:00,PUMP101.BEARING_TEMP,65.152,°C,GOOD
2025-01-29 15:00:00,PUMP101.BEARING_TEMP,65.036,°C,GOOD
2025-01-29 16:00:00,PUMP101.BEARING_TEMP,65.216,°C,GOOD
2025-01-29 17:00:00,PUMP101.BEARING_TEMP,65.025,°C,GOOD
2025-01-29 18:00:00,PUMP101.BEARING_TEMP,64.963,°C,GOOD
2025-01-29 19:00:00,PUMP101.BEARING_TEMP,64.732,°C,GOOD
2025-01-29 20:00:00,PUMP101.BEARING_TEMP,64.757,°C,GOOD
2025-01-29 21:00:00,PUMP101.BEARING_TEMP,64.725,°C,GOOD
2025-01-29 22:00:00,PUMP101.BEARING_TEMP,65.057,°C,GOOD
2025-01-29 23:00:00,PUMP101.BEARING_TEMP,64.796,°C,GOOD
2025-01-30 00:00:00,PUMP101.BEARING_TEMP,65.188,°C,GOOD
2025-01-30 01:00:00,PUMP101.BEARING_TEMP,65.005,°C,GOOD
2025-01-30 02:00:00,PUMP101.BEARING_TEMP,64.963,°C,GOOD
2025-01-30 03:00:00,PUMP101.BEARING_TEMP,64.873,°C,GOOD
2025-01-30 04:00:00,PUMP101.BEARING_TEMP,65.093,°C,GOOD
2025-01-30 05:00:00,PUMP101.BEARING_TEMP,64.879,°C,GOOD
2025-01-30 06:00:00,PUMP101.BEARING_TEMP,64.852,°C,GOOD
2025-01-30 07:00:00,PUMP101.BEARING_TEMP,65.178,°C,GOOD
2025-01-30 08:00:00,PUMP101.BEARING_TEMP,65.053,°C,GOOD
2025-01-30 09:00:00,PUMP101.BEARING_TEMP,64.965,°C,GOOD
2025-01-30 10:00:00,PUMP101.BEARING_TEMP,65.096,°C,GOOD
2025-01-30 11:00:00,PUMP101.BEARING_TEMP,65.001,°C,GOOD
2025-01-30 12:00:00,PUMP101.BEARING_TEMP,65.057,°C,GOOD
2025-01-30 13:00:00,PUMP101.BEARING_TEMP,64.877,°C,GOOD
2025-01-30 14:00:00,PUMP101.BEARING_TEMP,65.311,°C,GOOD
2025-01-30 15:00:00,PUMP101.BEARING_TEMP,64.913,°C,GOOD
2025-01-30 16:00:00,PUMP101.BEARING_TEMP,65.233,°C,GOOD
2025-01-30 17:00:00,PUMP101.BEARING_TEMP,64.972,°C,GOOD
2025-01-30 18:00:00,PUMP101.BEARING_TEMP,65.121,°C,GOOD
2025-01-30 19:00:00,PUMP101.BEARING_TEMP,65.11,°C,GOOD
2025-01-30 20:00:00,PUMP101.BEARING_TEMP,65.172,°C,GOOD
2025-01-30 21:00:00,PUMP101.BEARING_TEMP,64.874,°C,GOOD
2025-01-30 22:00:00,PUMP101.BEARING_TEMP,65.161,°C,GOOD
2025-01-30 23:00:00,PUMP101.BEARING_TEMP,65.277,°C,GOOD
2025-01-31 00:00:00,PUMP101.BEARING_TEMP,64.961,°C,GOOD
2025-01-31 01:00:00,PUMP101.BEARING_TEMP,65.005,°C,GOOD
2025-01-31 02:00:00,PUMP101.BEARING_TEMP,64.921,°C,GOOD
2025-01-31 03:00:00,PUMP101.BEARING_TEMP,64.948,°C,GOOD
2025-01-31 04:00:00,PUMP101.BEARING_TEMP,65.257,°C,GOOD
2025-01-31 05:00:00,PUMP101.BEARING_TEMP,64.849,°C,GOOD
2025-01-31 06:00:00,PUMP101.BEARING_TEMP,64.859,°C,GOOD
2025-01-31 07:00:00,PUMP101.BEARING_TEMP,65.242,°C,GOOD
2025-01-31 08:00:00,PUMP101.BEARING_TEMP,65.094,°C,GOOD
2025-01-31 09:00:00,PUMP101.BEARING_TEMP,65.318,°C,GOOD
2025-01-31 10:00:00,PUMP101.BEARING_TEMP,64.932,°C,GOOD
2025-01-31 11:00:00,PUMP101.BEARING_TEMP,65.019,°C,GOOD
2025-01-31 12:00:00,PUMP101.BEARING_TEMP,64.901,°C,GOOD
2025-01-31 13:00:00,PUMP101.BEARING_TEMP,65.021,°C,GOOD
2025-01-31 14:00:00,PUMP101.BEARING_TEMP,64.734,°C,GOOD
2025-01-31 15:00:00,PUMP101.BEARING_TEMP,65.103,°C,GOOD
2025-01-31 16:00:00,PUMP101.BEARING_TEMP,65.049,°C,GOOD
2025-01-31 17:00:00,PUMP101.BEARING_TEMP,64.991,°C,GOOD
2025-01-31 18:00:00,PUMP101.BEARING_TEMP,64.941,°C,GOOD
2025-01-31 19:00:00,PUMP101.BEARING_TEMP,64.866,°C,GOOD
2025-01-31 20:00:00,PUMP101.BEARING_TEMP,65.109,°C,GOOD
2025-01-31 21:00:00,PUMP101.BEARING_TEMP,64.824,°C,GOOD
2025-01-31 22:00:00,PUMP101.BEARING_TEMP,65.077,°C,GOOD
2025-01-31 23:00:00,PUMP101.BEARING_TEMP,65.311,°C,GOOD
2025-02-01 00:00:00,PUMP101.BEARING_TEMP,65.223,°C,GOOD
2025-02-01 01:00:00,PUMP101.BEARING_TEMP,64.774,°C,GOOD
2025-02-01 02:00:00,PUMP101.BEARING_TEMP,64.919,°C,GOOD
2025-02-01 03:00:00,PUMP101.BEARING_TEMP,65.063,°C,GOOD
2025-02-01 04:00:00,PUMP101.BEARING_TEMP,64.989,°C,GOOD
2025-02-01 05:00:00,PUMP101.BEARING_TEMP,64.79,°C,GOOD
2025-02-01 06:00:00,PUMP101.BEARING_TEMP,65.058,°C,GOOD
2025-02-01 07:00:00,PUMP101.BEARING_TEMP,64.998,°C,GOOD
2025-02-01 08:00:00,PUMP101.BEARING_TEMP,65.287,°C,GOOD
2025-02-01 09:00:00,PUMP101.BEARING_TEMP,64.962,°C,GOOD
2025-02-01 10:00:00,PUMP101.BEARING_TEMP,65.175,°C,GOOD
2025-02-01 11:00:00,PUMP101.BEARING_TEMP,64.81,°C,GOOD
2025-02-01 12:00:00,PUMP101.BEARING_TEMP,64.846,°C,GOOD
2025-02-01 13:00:00,PUMP101.BEARING_TEMP,65.108,°C,GOOD
2025-02-01 14:00:00,PUMP101.BEARING_TEMP,65.163,°C,GOOD
2025-02-01 15:00:00,PUMP101.BEARING_TEMP,64.856,°C,GOOD
2025-02-01 16:00:00,PUMP101.BEARING_TEMP,65.004,°C,GOOD
2025-02-01 17:00:00,PUMP101.BEARING_TEMP,64.793,°C,GOOD
2025-02-01 18:00:00,PUMP101.BEARING_TEMP,64.973,°C,GOOD
2025-02-01 19:00:00,PUMP101.BEARING_TEMP,65.126,°C,GOOD
2025-02-01 20:00:00,PUMP101.BEARING_TEMP,64.935,°C,GOOD
2025-02-01 21:00:00,PUMP101.BEARING_TEMP,64.963,°C,GOOD
2025-02-01 22:00:00,PUMP101.BEARING_TEMP,64.831,°C,GOOD
2025-02-01 23:00:00,PUMP101.BEARING_TEMP,64.903,°C,BAD
2025-02-02 00:00:00,PUMP101.BEARING_TEMP,65.264,°C,GOOD
2025-02-02 01:00:00,PUMP101.BEARING_TEMP,65.011,°C,GOOD
2025-02-02 02:00:00,PUMP101.BEARING_TEMP,64.85,°C,GOOD
2025-02-02 03:00:00,PUMP101.BEARING_TEMP,64.953,°C,GOOD
2025-02-02 04:00:00,PUMP101.BEARING_TEMP,64.76,°C,GOOD
2025-02-02 05:00:00,PUMP101.BEARING_TEMP,64.848,°C,GOOD
2025-02-02 06:00:00,PUMP101.BEARING_TEMP,65.204,°C,GOOD
2025-02-02 07:00:00,PUMP101.BEARING_TEMP,64.979,°C,GOOD
2025-02-02 08:00:00,PUMP101.BEARING_TEMP,65.284,°C,GOOD
2025-02-02 09:00:00,PUMP101.BEARING_TEMP,64.986,°C,GOOD
2025-02-02 10:00:00,PUMP101.BEARING_TEMP,64.995,°C,GOOD
2025-02-02 11:00:00,PUMP101.BEARING_TEMP,65.096,°C,GOOD
2025-02-02 12:00:00,PUMP101.BEARING_TEMP,64.599,°C,GOOD
2025-02-02 13:00:00,PUMP101.BEARING_TEMP,65.031,°C,GOOD
2025-02-02 14:00:00,PUMP101.BEARING_TEMP,64.993,°C,GOOD
2025-02-02 15:00:00,PUMP101.BEARING_TEMP,65.223,°C,GOOD
2025-02-02 16:00:00,PUMP101.BEARING_TEMP,65.145,°C,GOOD
2025-02-02 17:00:00,PUMP101.BEARING_TEMP,64.83,°C,GOOD
2025-02-02 18:00:00,PUMP101.BEARING_TEMP,65.186,°C,GOOD
2025-02-02 19:00:00,PUMP101.BEARING_TEMP,64.961,°C,GOOD
2025-02-02 20:00:00,PUMP101.BEARING_TEMP,64.864,°C,GOOD
2025-02-02 21:00:00,PUMP101.BEARING_TEMP,65.03,°C,GOOD
2025-02-02 22:00:00,PUMP101.BEARING_TEMP,64.97,°C,GOOD
2025-02-02 23:00:00,PUMP101.BEARING_TEMP,65.231,°C,GOOD
2025-02-03 00:00:00,PUMP101.BEARING_TEMP,65.051,°C,GOOD
2025-02-03 01:00:00,PUMP101.BEARING_TEMP,65.031,°C,GOOD
2025-02-03 02:00:00,PUMP101.BEARING_TEMP,65.135,°C,GOOD
2025-02-03 03:00:00,PUMP101.BEARING_TEMP,65.164,°C,GOOD
2025-02-03 04:00:00,PUMP101.BEARING_TEMP,65.118,°C,GOOD
2025-02-03 05:00:00,PUMP101.BEARING_TEMP,65.213,°C,GOOD
2025-02-03 06:00:00,PUMP101.BEARING_TEMP,65.091,°C,GOOD
2025-02-03 07:00:00,PUMP101.BEARING_TEMP,65.025,°C,GOOD
2025-02-03 08:00:00,PUMP101.BEARING_TEMP,65.186,°C,GOOD
2025-02-03 09:00:00,PUMP101.BEARING_TEMP,64.986,°C,GOOD
2025-02-03 10:00:00,PUMP101.BEARING_TEMP,65.005,°C,GOOD
2025-02-03 11:00:00,PUMP101.BEARING_TEMP,65.258,°C,GOOD
2025-02-03 12:00:00,PUMP101.BEARING_TEMP,65.243,°C,GOOD
2025-02-03 13:00:00,PUMP101.BEARING_TEMP,64.999,°C,GOOD
2025-02-03 14:00:00,PUMP101.BEARING_TEMP,64.932,°C,GOOD
2025-02-03 15:00:00,PUMP101.BEARING_TEMP,65.219,°C,GOOD
2025-02-03 16:00:00,PUMP101.BEARING_TEMP,65.12,°C,GOOD
2025-02-03 17:00:00,PUMP101.BEARING_TEMP,65.047,°C,GOOD
2025-02-03 18:00:00,PUMP101.BEARING_TEMP,64.952,°C,GOOD
2025-02-03 19:00:00,PUMP101.BEARING_TEMP,65.05,°C,GOOD
2025-02-03 20:00:00,PUMP101.BEARING_TEMP,64.997,°C,GOOD
2025-02-03 21:00:00,PUMP101.BEARING_TEMP,64.9,°C,GOOD
2025-02-03 22:00:00,PUMP101.BEARING_TEMP,65.019,°C,GOOD
2025-02-03 23:00:00,PUMP101.BEARING_TEMP,65.04,°C,GOOD
2025-02-04 00:00:00,PUMP101.BEARING_TEMP,64.944,°C,GOOD
2025-02-04 01:00:00,PUMP101.BEARING_TEMP,65.136,°C,GOOD
2025-02-04 02:00:00,PUMP101.BEARING_TEMP,65.193,°C,GOOD
2025-02-04 03:00:00,PUMP101.BEARING_TEMP,65.145,°C,GOOD
2025-02-04 04:00:00,PUMP101.BEARING_TEMP,64.959,°C,GOOD
2025-02-04 05:00:00,PUMP101.BEARING_TEMP,65.113,°C,GOOD
2025-02-04 06:00:00,PUMP101.BEARING_TEMP,65.012,°C,GOOD
2025-02-04 07:00:00,PUMP101.BEARING_TEMP,64.815,°C,GOOD
2025-02-04 08:00:00,PUMP101.BEARING_TEMP,65.101,°C,GOOD
2025-02-04 09:00:00,PUMP101.BEARING_TEMP,65.022,°C,GOOD
2025-02-04 10:00:00,PUMP101.BEARING_TEMP,65.389,°C,GOOD
2025-02-04 11:00:00,PUMP101.BEARING_TEMP,65.219,°C,GOOD
2025-02-04 12:00:00,PUMP101.BEARING_TEMP,65.107,°C,GOOD
2025-02-04 13:00:00,PUMP101.BEARING_TEMP,65.037,°C,GOOD
2025-02-04 14:00:00,PUMP101.BEARING_TEMP,65.025,°C,GOOD
2025-02-04 15:00:00,PUMP101.BEARING_TEMP,64.849,°C,GOOD
2025-02-04 16:00:00,PUMP101.BEARING_TEMP,64.739,°C,GOOD
2025-02-04 17:00:00,PUMP101.BEARING_TEMP,64.869,°C,GOOD
2025-02-04 18:00:00,PUMP101.BEARING_TEMP,64.993,°C,GOOD
2025-02-04 19:00:00,PUMP101.BEARING_TEMP,64.684,°C,GOOD
2025-02-04 20:00:00,PUMP101.BEARING_TEMP,64.918,°C,GOOD
2025-02-04 21:00:00,PUMP101.BEARING_TEMP,64.963,°C,GOOD
2025-02-04 22:00:00,PUMP101.BEARING_TEMP,64.968,°C,GOOD
2025-02-04 23:00:00,PUMP101.BEARING_TEMP,64.901,°C,GOOD
2025-02-05 00:00:00,PUMP101.BEARING_TEMP,64.949,°C,GOOD
2025-02-05 01:00:00,PUMP101.BEARING_TEMP,65.259,°C,GOOD
2025-02-05 02:00:00,PUMP101.BEARING_TEMP,65.099,°C,GOOD
2025-02-05 03:00:00,PUMP101.BEARING_TEMP,64.916,°C,GOOD
2025-02-05 04:00:00,PUMP101.BEARING_TEMP,64.99,°C,GOOD
2025-02-05 05:00:00,PUMP101.BEARING_TEMP,64.996,°C,GOOD
2025-02-05 06:00:00,PUMP101.BEARING_TEMP,64.885,°C,GOOD
2025-02-05 07:00:00,PUMP101.BEARING_TEMP,64.885,°C,GOOD
2025-02-05 08:00:00,PUMP101.BEARING_TEMP,65.152,°C,GOOD
2025-02-05 09:00:00,PUMP101.BEARING_TEMP,64.937,°C,GOOD
2025-02-05 10:00:00,PUMP101.BEARING_TEMP,64.836,°C,GOOD
2025-02-05 11:00:00,PUMP101.BEARING_TEMP,64.994,°C,GOOD
2025-02-05 12:00:00,PUMP101.BEARING_TEMP,65.018,°C,GOOD
2025-02-05 13:00:00,PUMP101.BEARING_TEMP,64.704,°C,GOOD
2025-02-05 14:00:00,PUMP101.BEARING_TEMP,64.994,°C,GOOD
2025-02-05 15:00:00,PUMP101.BEARING_TEMP,65.13,°C,GOOD
2025-02-05 16:00:00,PUMP101.BEARING_TEMP,65.068,°C,GOOD
2025-02-05 17:00:00,PUMP101.BEARING_TEMP,65.334,°C,GOOD
2025-02-05 18:00:00,PUMP101.BEARING_TEMP,65.188,°C,GOOD
2025-02-05 19:00:00,PUMP101.BEARING_TEMP,65.217,°C,GOOD
2025-02-05 20:00:00,PUMP101.BEARING_TEMP,65.42,°C,GOOD
2025-02-05 21:00:00,PUMP101.BEARING_TEMP,65.114,°C,GOOD
2025-02-05 22:00:00,PUMP101.BEARING_TEMP,65.024,°C,GOOD
2025-02-05 23:00:00,PUMP101.BEARING_TEMP,65.146,°C,GOOD
2025-02-06 00:00:00,PUMP101.BEARING_TEMP,64.916,°C,GOOD
2025-02-06 01:00:00,PUMP101.BEARING_TEMP,65.016,°C,GOOD
2025-02-06 02:00:00,PUMP101.BEARING_TEMP,64.903,°C,GOOD
2025-02-06 03:00:00,PUMP101.BEARING_TEMP,65.06,°C,GOOD
2025-02-06 04:00:00,PUMP101.BEARING_TEMP,64.902,°C,GOOD
2025-02-06 05:00:00,PUMP101.BEARING_TEMP,64.897,°C,GOOD
2025-02-06 06:00:00,PUMP101.BEARING_TEMP,65.062,°C,GOOD
2025-02-06 07:00:00,PUMP101.BEARING_TEMP,64.979,°C,GOOD
2025-02-06 08:00:00,PUMP101.BEARING_TEMP,64.711,°C,GOOD
2025-02-06 09:00:00,PUMP101.BEARING_TEMP,64.782,°C,GOOD
2025-02-06 10:00:00,PUMP101.BEARING_TEMP,64.828,°C,GOOD
2025-02-06 11:00:00,PUMP101.BEARING_TEMP,64.868,°C,GOOD
2025-02-06 12:00:00,PUMP101.BEARING_TEMP,65.062,°C,GOOD
2025-02-06 13:00:00,PUMP101.BEARING_TEMP,65.033,°C,GOOD
2025-02-06 14:00:00,PUMP101.BEARING_TEMP,65.16,°C,GOOD
2025-02-06 15:00:00,PUMP101.BEARING_TEMP,65.113,°C,GOOD
2025-02-06 16:00:00,PUMP101.BEARING_TEMP,65.161,°C,GOOD
2025-02-06 17:00:00,PUMP101.BEARING_TEMP,65.091,°C,GOOD
2025-02-06 18:00:00,PUMP101.BEARING_TEMP,65.031,°C,GOOD
2025-02-06 19:00:00,PUMP101.BEARING_TEMP,65.165,°C,GOOD
2025-02-06 20:00:00,PUMP101.BEARING_TEMP,65.138,°C,GOOD
2025-02-06 21:00:00,PUMP101.BEARING_TEMP,65.056,°C,GOOD
2025-02-06 22:00:00,PUMP101.BEARING_TEMP,65.191,°C,GOOD
2025-02-06 23:00:00,PUMP101.BEARING_TEMP,64.648,°C,GOOD
2025-02-07 00:00:00,PUMP101.BEARING_TEMP,64.956,°C,GOOD
2025-02-07 01:00:00,PUMP101.BEARING_TEMP,64.954,°C,GOOD
2025-02-07 02:00:00,PUMP101.BEARING_TEMP,65.173,°C,GOOD
2025-02-07 03:00:00,PUMP101.BEARING_TEMP,65.236,°C,GOOD
2025-02-07 04:00:00,PUMP101.BEARING_TEMP,64.782,°C,GOOD
2025-02-07 05:00:00,PUMP101.BEARING_TEMP,65.212,°C,GOOD
2025-02-07 06:00:00,PUMP101.BEARING_TEMP,64.824,°C,GOOD
2025-02-07 07:00:00,PUMP101.BEARING_TEMP,64.829,°C,GOOD
2025-02-07 08:00:00,PUMP101.BEARING_TEMP,64.965,°C,GOOD
2025-02-07 09:00:00,PUMP101.BEARING_TEMP,64.952,°C,GOOD
2025-02-07 10:00:00,PUMP101.BEARING_TEMP,64.766,°C,GOOD
2025-02-07 11:00:00,PUMP101.BEARING_TEMP,65.097,°C,GOOD
2025-02-07 12:00:00,PUMP101.BEARING_TEMP,65.102,°C,GOOD
2025-02-07 13:00:00,PUMP101.BEARING_TEMP,65.158,°C,GOOD
2025-02-07 14:00:00,PUMP101.BEARING_TEMP,64.935,°C,GOOD
2025-02-07 15:00:00,PUMP101.BEARING_TEMP,64.994,°C,GOOD
2025-02-07 16:00:00,PUMP101.BEARING_TEMP,64.995,°C,GOOD
2025-02-07 17:00:00,PUMP101.BEARING_TEMP,65.253,°C,GOOD
2025-02-07 18:00:00,PUMP101.BEARING_TEMP,64.575,°C,GOOD
2025-02-07 19:00:00,PUMP101.BEARING_TEMP,64.856,°C,GOOD
2025-02-07 20:00:00,PUMP101.BEARING_TEMP,65.001,°C,GOOD
2025-02-07 21:00:00,PUMP101.BEARING_TEMP,64.837,°C,GOOD
2025-02-07 22:00:00,PUMP101.BEARING_TEMP,64.961,°C,GOOD
2025-02-07 23:00:00,PUMP101.BEARING_TEMP,64.981,°C,BAD
2025-02-08 00:00:00,PUMP101.BEARING_TEMP,64.901,°C,GOOD
2025-02-08 01:00:00,PUMP101.BEARING_TEMP,65.01,°C,GOOD
2025-02-08 02:00:00,PUMP101.BEARING_TEMP,65.094,°C,GOOD
2025-02-08 03:00:00,PUMP101.BEARING_TEMP,64.965,°C,GOOD
2025-02-08 04:00:00,PUMP101.BEARING_TEMP,64.932,°C,GOOD
2025-02-08 05:00:00,PUMP101.BEARING_TEMP,64.975,°C,GOOD
2025-02-08 06:00:00,PUMP101.BEARING_TEMP,64.999,°C,GOOD
2025-02-08 07:00:00,PUMP101.BEARING_TEMP,64.739,°C,GOOD
2025-02-08 08:00:00,PUMP101.BEARING_TEMP,65.069,°C,GOOD
2025-02-08 09:00:00,PUMP101.BEARING_TEMP,64.932,°C,GOOD
2025-02-08 10:00:00,PUMP101.BEARING_TEMP,65.189,°C,GOOD
2025-02-08 11:00:00,PUMP101.BEARING_TEMP,65.089,°C,GOOD
2025-02-08 12:00:00,PUMP101.BEARING_TEMP,65.176,°C,GOOD
2025-02-08 13:00:00,PUMP101.BEARING_TEMP,64.848,°C,GOOD
2025-02-08 14:00:00,PUMP101.BEARING_TEMP,64.944,°C,GOOD
2025-02-08 15:00:00,PUMP101.BEARING_TEMP,64.814,°C,GOOD
2025-02-08 16:00:00,PUMP101.BEARING_TEMP,64.894,°C,GOOD
2025-02-08 17:00:00,PUMP101.BEARING_TEMP,65.188,°C,GOOD
2025-02-08 18:00:00,PUMP101.BEARING_TEMP,65.223,°C,GOOD
2025-02-08 19:00:00,PUMP101.BEARING_TEMP,64.828,°C,GOOD
2025-02-08 20:00:00,PUMP101.BEARING_TEMP,64.931,°C,GOOD
2025-02-08 21:00:00,PUMP101.BEARING_TEMP,64.989,°C,GOOD
2025-02-08 22:00:00,PUMP101.BEARING_TEMP,65.088,°C,GOOD
2025-02-08 23:00:00,PUMP101.BEARING_TEMP,64.736,°C,GOOD
2025-02-09 00:00:00,PUMP101.BEARING_TEMP,64.76,°C,GOOD
2025-02-09 01:00:00,PUMP101.BEARING_TEMP,65.073,°C,GOOD
2025-02-09 02:00:00,PUMP101.BEARING_TEMP,64.708,°C,GOOD
2025-02-09 03:00:00,PUMP101.BEARING_TEMP,64.933,°C,GOOD
2025-02-09 04:00:00,PUMP101.BEARING_TEMP,65.024,°C,GOOD
2025-02-09 05:00:00,PUMP101.BEARING_TEMP,65.062,°C,GOOD
2025-02-09 06:00:00,PUMP101.BEARING_TEMP,64.979,°C,GOOD
2025-02-09 07:00:00,PUMP101.BEARING_TEMP,64.945,°C,GOOD
2025-02-09 08:00:00,PUMP101.BEARING_TEMP,65.127,°C,GOOD
2025-02-09 09:00:00,PUMP101.BEARING_TEMP,65.043,°C,GOOD
2025-02-09 10:00:00,PUMP101.BEARING_TEMP,64.903,°C,GOOD
2025-02-09 11:00:00,PUMP101.BEARING_TEMP,65.006,°C,GOOD
2025-02-09 12:00:00,PUMP101.BEARING_TEMP,65.057,°C,GOOD
2025-02-09 13:00:00,PUMP101.BEARING_TEMP,65.258,°C,GOOD
2025-02-09 14:00:00,PUMP101.BEARING_TEMP,65.118,°C,GOOD
2025-02-09 15:00:00,PUMP101.BEARING_TEMP,65.182,°C,GOOD
2025-02-09 16:00:00,PUMP101.BEARING_TEMP,64.908,°C,GOOD
2025-02-09 17:00:00,PUMP101.BEARING_TEMP,64.921,°C,GOOD
2025-02-09 18:00:00,PUMP101.BEARING_TEMP,64.965,°C,GOOD
2025-02-09 19:00:00,PUMP101.BEARING_TEMP,64.978,°C,GOOD
2025-02-09 20:00:00,PUMP101.BEARING_TEMP,64.849,°C,GOOD
2025-02-09 21:00:00,PUMP101.BEARING_TEMP,65.19,°C,GOOD
2025-02-09 22:00:00,PUMP101.BEARING_TEMP,65.133,°C,GOOD
2025-02-09 23:00:00,PUMP101.BEARING_TEMP,64.954,°C,GOOD
2025-02-10 00:00:00,PUMP101.BEARING_TEMP,65.096,°C,GOOD
2025-02-10 01:00:00,PUMP101.BEARING_TEMP,65.033,°C,GOOD
2025-02-10 02:00:00,PUMP101.BEARING_TEMP,65.108,°C,GOOD
2025-02-10 03:00:00,PUMP101.BEARING_TEMP,64.798,°C,GOOD
2025-02-10 04:00:00,PUMP101.BEARING_TEMP,64.978,°C,GOOD
2025-02-10 05:00:00,PUMP101.BEARING_TEMP,64.991,°C,GOOD
2025-02-10 06:00:00,PUMP101.BEARING_TEMP,65.094,°C,GOOD
2025-02-10 07:00:00,PUMP101.BEARING_TEMP,64.906,°C,GOOD
2025-02-10 08:00:00,PUMP101.BEARING_TEMP,64.625,°C,GOOD
2025-02-10 09:00:00,PUMP101.BEARING_TEMP,64.838,°C,GOOD
2025-02-10 10:00:00,PUMP101.BEARING_TEMP,64.991,°C,GOOD
2025-02-10 11:00:00,PUMP101.BEARING_TEMP,65.01,°C,GOOD
2025-02-10 12:00:00,PUMP101.BEARING_TEMP,65.253,°C,GOOD
2025-02-10 13:00:00,PUMP101.BEARING_TEMP,65.087,°C,GOOD
2025-02-10 14:00:00,PUMP101.BEARING_TEMP,65.012,°C,GOOD
2025-02-10 15:00:00,PUMP101.BEARING_TEMP,64.995,°C,GOOD
2025-02-10 16:00:00,PUMP101.BEARING_TEMP,65.166,°C,GOOD
2025-02-10 17:00:00,PUMP101.BEARING_TEMP,64.911,°C,GOOD
2025-02-10 18:00:00,PUMP101.BEARING_TEMP,64.979,°C,GOOD
2025-02-10 19:00:00,PUMP101.BEARING_TEMP,64.837,°C,GOOD
2025-02-10 20:00:00,PUMP101.BEARING_TEMP,65.213,°C,BAD
2025-02-10 21:00:00,PUMP101.BEARING_TEMP,65.059,°C,GOOD
2025-02-10 22:00:00,PUMP101.BEARING_TEMP,64.894,°C,GOOD
2025-02-10 23:00:00,PUMP101.BEARING_TEMP,64.983,°C,GOOD
2025-02-11 00:00:00,PUMP101.BEARING_TEMP,65.076,°C,GOOD
2025-02-11 01:00:00,PUMP101.BEARING_TEMP,64.962,°C,GOOD
2025-02-11 02:00:00,PUMP101.BEARING_TEMP,64.92,°C,GOOD
2025-02-11 03:00:00,PUMP101.BEARING_TEMP,64.902,°C,GOOD
2025-02-11 04:00:00,PUMP101.BEARING_TEMP,65.051,°C,GOOD
2025-02-11 05:00:00,PUMP101.BEARING_TEMP,64.946,°C,GOOD
2025-02-11 06:00:00,PUMP101.BEARING_TEMP,64.932,°C,GOOD
2025-02-11 07:00:00,PUMP101.BEARING_TEMP,64.8,°C,GOOD
2025-02-11 08:00:00,PUMP101.BEARING_TEMP,65.012,°C,GOOD
2025-02-11 09:00:00,PUMP101.BEARING_TEMP,64.973,°C,GOOD
2025-02-11 10:00:00,PUMP101.BEARING_TEMP,64.952,°C,GOOD
2025-02-11 11:00:00,PUMP101.BEARING_TEMP,65.03,°C,GOOD
2025-02-11 12:00:00,PUMP101.BEARING_TEMP,65.112,°C,GOOD
2025-02-11 13:00:00,PUMP101.BEARING_TEMP,65.105,°C,GOOD
2025-02-11 14:00:00,PUMP101.BEARING_TEMP,65.083,°C,GOOD
2025-02-11 15:00:00,PUMP101.BEARING_TEMP,64.964,°C,GOOD
2025-02-11 16:00:00,PUMP101.BEARING_TEMP,64.915,°C,GOOD
2025-02-11 17:00:00,PUMP101.BEARING_TEMP,64.843,°C,GOOD
2025-02-11 18:00:00,PUMP101.BEARING_TEMP,64.911,°C,GOOD
2025-02-11 19:00:00,PUMP101.BEARING_TEMP,65.003,°C,GOOD
2025-02-11 20:00:00,PUMP101.BEARING_TEMP,64.882,°C,GOOD
2025-02-11 21:00:00,PUMP101.BEARING_TEMP,65.014,°C,GOOD
2025-02-11 22:00:00,PUMP101.BEARING_TEMP,64.855,°C,GOOD
2025-02-11 23:00:00,PUMP101.BEARING_TEMP,64.751,°C,GOOD
2025-02-12 00:00:00,PUMP101.BEARING_TEMP,65.123,°C,GOOD
2025-02-12 01:00:00,PUMP101.BEARING_TEMP,64.929,°C,BAD
2025-02-12 02:00:00,PUMP101.BEARING_TEMP,64.874,°C,GOOD
2025-02-12 03:00:00,PUMP101.BEARING_TEMP,64.836,°C,GOOD
2025-02-12 04:00:00,PUMP101.BEARING_TEMP,65.063,°C,GOOD
2025-02-12 05:00:00,PUMP101.BEARING_TEMP,65.206,°C,GOOD
2025-02-12 06:00:00,PUMP101.BEARING_TEMP,64.94,°C,BAD
2025-02-12 07:00:00,PUMP101.BEARING_TEMP,64.968,°C,GOOD
2025-02-12 08:00:00,PUMP101.BEARING_TEMP,65.161,°C,GOOD
2025-02-12 09:00:00,PUMP101.BEARING_TEMP,64.728,°C,GOOD
2025-02-12 10:00:00,PUMP101.BEARING_TEMP,65.295,°C,GOOD
2025-02-12 11:00:00,PUMP101.BEARING_TEMP,65.367,°C,GOOD
2025-02-12 12:00:00,PUMP101.BEARING_TEMP,64.594,°C,GOOD
2025-02-12 13:00:00,PUMP101.BEARING_TEMP,64.985,°C,GOOD
2025-02-12 14:00:00,PUMP101.BEARING_TEMP,64.892,°C,GOOD
2025-02-12 15:00:00,PUMP101.BEARING_TEMP,64.96,°C,GOOD
2025-02-12 16:00:00,PUMP101.BEARING_TEMP,64.937,°C,GOOD
2025-02-12 17:00:00,PUMP101.BEARING_TEMP,65.122,°C,GOOD
2025-02-12 18:00:00,PUMP101.BEARING_TEMP,64.983,°C,GOOD
2025-02-12 19:00:00,PUMP101.BEARING_TEMP,64.863,°C,GOOD
2025-02-12 20:00:00,PUMP101.BEARING_TEMP,64.974,°C,GOOD
2025-02-12 21:00:00,PUMP101.BEARING_TEMP,65.077,°C,GOOD
2025-02-12 22:00:00,PUMP101.BEARING_TEMP,64.822,°C,GOOD
2025-02-12 23:00:00,PUMP101.BEARING_TEMP,64.753,°C,GOOD
2025-02-13 00:00:00,PUMP101.BEARING_TEMP,65.299,°C,GOOD
2025-02-13 01:00:00,PUMP101.BEARING_TEMP,64.904,°C,GOOD
2025-02-13 02:00:00,PUMP101.BEARING_TEMP,64.979,°C,GOOD
2025-02-13 03:00:00,PUMP101.BEARING_TEMP,64.94,°C,GOOD
2025-02-13 04:00:00,PUMP101.BEARING_TEMP,65.082,°C,GOOD
2025-02-13 05:00:00,PUMP101.BEARING_TEMP,65.266,°C,GOOD
2025-02-13 06:00:00,PUMP101.BEARING_TEMP,65.087,°C,GOOD
2025-02-13 07:00:00,PUMP101.BEARING_TEMP,64.772,°C,GOOD
2025-02-13 08:00:00,PUMP101.BEARING_TEMP,64.792,°C,GOOD
2025-02-13 09:00:00,PUMP101.BEARING_TEMP,64.94,°C,GOOD
2025-02-13 10:00:00,PUMP101.BEARING_TEMP,64.96,°C,GOOD
2025-02-13 11:00:00,PUMP101.BEARING_TEMP,64.742,°C,GOOD
2025-02-13 12:00:00,PUMP101.BEARING_TEMP,65.123,°C,GOOD
2025-02-13 13:00:00,PUMP101.BEARING_TEMP,64.837,°C,GOOD
2025-02-13 14:00:00,PUMP101.BEARING_TEMP,65.224,°C,GOOD
2025-02-13 15:00:00,PUMP101.BEARING_TEMP,65.273,°C,GOOD
2025-02-13 16:00:00,PUMP101.BEARING_TEMP,64.963,°C,GOOD
2025-02-13 17:00:00,PUMP101.BEARING_TEMP,65.066,°C,GOOD
2025-02-13 18:00:00,PUMP101.BEARING_TEMP,64.815,°C,GOOD
2025-02-13 19:00:00,PUMP101.BEARING_TEMP,65.094,°C,GOOD
2025-02-13 20:00:00,PUMP101.BEARING_TEMP,64.925,°C,GOOD
2025-02-13 21:00:00,PUMP101.BEARING_TEMP,64.837,°C,GOOD
2025-02-13 22:00:00,PUMP101.BEARING_TEMP,64.957,°C,GOOD
2025-02-13 23:00:00,PUMP101.BEARING_TEMP,64.93,°C,GOOD
2025-02-14 00:00:00,PUMP101.BEARING_TEMP,64.951,°C,GOOD
2025-02-14 01:00:00,PUMP101.BEARING_TEMP,65.142,°C,GOOD
2025-02-14 02:00:00,PUMP101.BEARING_TEMP,64.882,°C,GOOD
2025-02-14 03:00:00,PUMP101.BEARING_TEMP,65.26,°C,GOOD
2025-02-14 04:00:00,PUMP101.BEARING_TEMP,64.801,°C,GOOD
2025-02-14 05:00:00,PUMP101.BEARING_TEMP,65.242,°C,GOOD
2025-02-14 06:00:00,PUMP101.BEARING_TEMP,64.848,°C,GOOD
2025-02-14 07:00:00,PUMP101.BEARING_TEMP,65.0,°C,GOOD
2025-02-14 08:00:00,PUMP101.BEARING_TEMP,64.926,°C,GOOD
2025-02-14 09:00:00,PUMP101.BEARING_TEMP,64.948,°C,GOOD
2025-02-14 10:00:00,PUMP101.BEARING_TEMP,65.12,°C,GOOD
2025-02-14 11:00:00,PUMP101.BEARING_TEMP,65.225,°C,GOOD
2025-02-14 12:00:00,PUMP101.BEARING_TEMP,65.179,°C,GOOD
2025-02-14 13:00:00,PUMP101.BEARING_TEMP,64.939,°C,GOOD
2025-02-14 14:00:00,PUMP101.BEARING_TEMP,65.028,°C,GOOD
2025-02-14 15:00:00,PUMP101.BEARING_TEMP,64.883,°C,GOOD
2025-02-14 16:00:00,PUMP101.BEARING_TEMP,64.851,°C,GOOD
2025-02-14 17:00:00,PUMP101.BEARING_TEMP,64.828,°C,GOOD
2025-02-14 18:00:00,PUMP101.BEARING_TEMP,64.934,°C,GOOD
2025-02-14 19:00:00,PUMP101.BEARING_TEMP,65.037,°C,GOOD
2025-02-14 20:00:00,PUMP101.BEARING_TEMP,64.713,°C,GOOD
2025-02-14 21:00:00,PUMP101.BEARING_TEMP,64.993,°C,GOOD
2025-02-14 22:00:00,PUMP101.BEARING_TEMP,65.227,°C,GOOD
2025-02-14 23:00:00,PUMP101.BEARING_TEMP,65.168,°C,GOOD
2025-02-15 00:00:00,PUMP101.BEARING_TEMP,64.912,°C,GOOD
2025-02-15 01:00:00,PUMP101.BEARING_TEMP,64.79,°C,GOOD
2025-02-15 02:00:00,PUMP101.BEARING_TEMP,65.069,°C,GOOD
2025-02-15 03:00:00,PUMP101.BEARING_TEMP,64.652,°C,GOOD
2025-02-15 04:00:00,PUMP101.BEARING_TEMP,65.167,°C,GOOD
2025-02-15 05:00:00,PUMP101.BEARING_TEMP,64.968,°C,GOOD
2025-02-15 06:00:00,PUMP101.BEARING_TEMP,65.275,°C,GOOD
2025-02-15 07:00:00,PUMP101.BEARING_TEMP,64.741,°C,GOOD
2025-02-15 08:00:00,PUMP101.BEARING_TEMP,65.138,°C,GOOD
2025-02-15 09:00:00,PUMP101.BEARING_TEMP,64.985,°C,GOOD
2025-02-15 10:00:00,PUMP101.BEARING_TEMP,64.95,°C,GOOD
2025-02-15 11:00:00,PUMP101.BEARING_TEMP,64.795,°C,BAD
2025-02-15 12:00:00,PUMP101.BEARING_TEMP,65.089,°C,GOOD
2025-02-15 13:00:00,PUMP101.BEARING_TEMP,65.101,°C,GOOD
2025-02-15 14:00:00,PUMP101.BEARING_TEMP,65.268,°C,GOOD
2025-02-15 15:00:00,PUMP101.BEARING_TEMP,65.151,°C,GOOD
2025-02-15 16:00:00,PUMP101.BEARING_TEMP,64.911,°C,GOOD
2025-02-15 17:00:00,PUMP101.BEARING_TEMP,64.849,°C,GOOD
2025-02-15 18:00:00,PUMP101.BEARING_TEMP,64.795,°C,GOOD
2025-02-15 19:00:00,PUMP101.BEARING_TEMP,65.221,°C,GOOD
2025-02-15 20:00:00,PUMP101.BEARING_TEMP,64.883,°C,GOOD
2025-02-15 21:00:00,PUMP101.BEARING_TEMP,65.222,°C,GOOD
2025-02-15 22:00:00,PUMP101.BEARING_TEMP,65.079,°C,GOOD
2025-02-15 23:00:00,PUMP101.BEARING_TEMP,65.049,°C,GOOD
2025-02-16 00:00:00,PUMP101.BEARING_TEMP,64.954,°C,GOOD
2025-02-16 01:00:00,PUMP101.BEARING_TEMP,65.099,°C,GOOD
2025-02-16 02:00:00,PUMP101.BEARING_TEMP,64.998,°C,GOOD
2025-02-16 03:00:00,PUMP101.BEARING_TEMP,64.945,°C,GOOD
2025-02-16 04:00:00,PUMP101.BEARING_TEMP,65.104,°C,GOOD
2025-02-16 05:00:00,PUMP101.BEARING_TEMP,64.978,°C,GOOD
2025-02-16 06:00:00,PUMP101.BEARING_TEMP,64.88,°C,GOOD
2025-02-16 07:00:00,PUMP101.BEARING_TEMP,65.09,°C,GOOD
2025-02-16 08:00:00,PUMP101.BEARING_TEMP,64.99,°C,BAD
2025-02-16 09:00:00,PUMP101.BEARING_TEMP,65.073,°C,GOOD
2025-02-16 10:00:00,PUMP101.BEARING_TEMP,64.932,°C,GOOD
2025-02-16 11:00:00,PUMP101.BEARING_TEMP,64.819,°C,GOOD
2025-02-16 12:00:00,PUMP101.BEARING_TEMP,65.26,°C,GOOD
2025-02-16 13:00:00,PUMP101.BEARING_TEMP,65.232,°C,GOOD
2025-02-16 14:00:00,PUMP101.BEARING_TEMP,65.133,°C,GOOD
2025-02-16 15:00:00,PUMP101.BEARING_TEMP,64.942,°C,GOOD
2025-02-16 16:00:00,PUMP101.BEARING_TEMP,64.955,°C,GOOD
2025-02-16 17:00:00,PUMP101.BEARING_TEMP,65.207,°C,GOOD
2025-02-16 18:00:00,PUMP101.BEARING_TEMP,64.947,°C,GOOD
2025-02-16 19:00:00,PUMP101.BEARING_TEMP,64.905,°C,GOOD
2025-02-16 20:00:00,PUMP101.BEARING_TEMP,65.281,°C,GOOD
2025-02-16 21:00:00,PUMP101.BEARING_TEMP,64.993,°C,GOOD
2025-02-16 22:00:00,PUMP101.BEARING_TEMP,65.265,°C,GOOD
2025-02-16 23:00:00,PUMP101.BEARING_TEMP,64.79,°C,GOOD
2025-02-17 00:00:00,PUMP101.BEARING_TEMP,65.078,°C,GOOD
2025-02-17 01:00:00,PUMP101.BEARING_TEMP,65.311,°C,GOOD
2025-02-17 02:00:00,PUMP101.BEARING_TEMP,65.004,°C,BAD
2025-02-17 03:00:00,PUMP101.BEARING_TEMP,64.96,°C,GOOD
2025-02-17 04:00:00,PUMP101.BEARING_TEMP,64.825,°C,GOOD
2025-02-17 05:00:00,PUMP101.BEARING_TEMP,65.162,°C,GOOD
2025-02-17 06:00:00,PUMP101.BEARING_TEMP,64.884,°C,GOOD
2025-02-17 07:00:00,PUMP101.BEARING_TEMP,64.986,°C,GOOD
2025-02-17 08:00:00,PUMP101.BEARING_TEMP,64.815,°C,GOOD
2025-02-17 09:00:00,PUMP101.BEARING_TEMP,65.234,°C,GOOD
2025-02-17 10:00:00,PUMP101.BEARING_TEMP,65.173,°C,GOOD
2025-02-17 11:00:00,PUMP101.BEARING_TEMP,64.995,°C,GOOD
2025-02-17 12:00:00,PUMP101.BEARING_TEMP,64.827,°C,GOOD
2025-02-17 13:00:00,PUMP101.BEARING_TEMP,65.23,°C,GOOD
2025-02-17 14:00:00,PUMP101.BEARING_TEMP,64.945,°C,GOOD
2025-02-17 15:00:00,PUMP101.BEARING_TEMP,64.834,°C,GOOD
2025-02-17 16:00:00,PUMP101.BEARING_TEMP,64.736,°C,GOOD
2025-02-17 17:00:00,PUMP101.BEARING_TEMP,64.903,°C,GOOD
2025-02-17 18:00:00,PUMP101.BEARING_TEMP,64.782,°C,GOOD
2025-02-17 19:00:00,PUMP101.BEARING_TEMP,64.907,°C,GOOD
2025-02-17 20:00:00,PUMP101.BEARING_TEMP,65.112,°C,GOOD
2025-02-17 21:00:00,PUMP101.BEARING_TEMP,64.944,°C,GOOD
2025-02-17 22:00:00,PUMP101.BEARING_TEMP,65.053,°C,GOOD
2025-02-17 23:00:00,PUMP101.BEARING_TEMP,64.891,°C,GOOD
2025-02-18 00:00:00,PUMP101.BEARING_TEMP,65.01,°C,GOOD
2025-02-18 01:00:00,PUMP101.BEARING_TEMP,65.288,°C,GOOD
2025-02-18 02:00:00,PUMP101.BEARING_TEMP,64.948,°C,GOOD
2025-02-18 03:00:00,PUMP101.BEARING_TEMP,65.058,°C,GOOD
2025-02-18 04:00:00,PUMP101.BEARING_TEMP,64.765,°C,GOOD
2025-02-18 05:00:00,PUMP101.BEARING_TEMP,65.228,°C,GOOD
2025-02-18 06:00:00,PUMP101.BEARING_TEMP,64.928,°C,GOOD
2025-02-18 07:00:00,PUMP101.BEARING_TEMP,65.158,°C,GOOD
2025-02-18 08:00:00,PUMP101.BEARING_TEMP,64.982,°C,GOOD
2025-02-18 09:00:00,PUMP101.BEARING_TEMP,65.092,°C,BAD
2025-02-18 10:00:00,PUMP101.BEARING_TEMP,65.101,°C,GOOD
2025-02-18 11:00:00,PUMP101.BEARING_TEMP,64.932,°C,GOOD
2025-02-18 12:00:00,PUMP101.BEARING_TEMP,65.164,°C,GOOD
2025-02-18 13:00:00,PUMP101.BEARING_TEMP,64.886,°C,GOOD
2025-02-18 14:00:00,PUMP101.BEARING_TEMP,65.117,°C,GOOD
2025-02-18 15:00:00,PUMP101.BEARING_TEMP,64.941,°C,GOOD
2025-02-18 16:00:00,PUMP101.BEARING_TEMP,65.052,°C,GOOD
2025-02-18 17:00:00,PUMP101.BEARING_TEMP,64.931,°C,GOOD
2025-02-18 18:00:00,PUMP101.BEARING_TEMP,65.007,°C,GOOD
2025-02-18 19:00:00,PUMP101.BEARING_TEMP,64.839,°C,GOOD
2025-02-18 20:00:00,PUMP101.BEARING_TEMP,65.037,°C,GOOD
2025-02-18 21:00:00,PUMP101.BEARING_TEMP,65.007,°C,GOOD
2025-02-18 22:00:00,PUMP101.BEARING_TEMP,64.919,°C,GOOD
2025-02-18 23:00:00,PUMP101.BEARING_TEMP,64.992,°C,GOOD
2025-02-19 00:00:00,PUMP101.BEARING_TEMP,65.02,°C,GOOD
2025-02-19 01:00:00,PUMP101.BEARING_TEMP,64.908,°C,GOOD
2025-02-19 02:00:00,PUMP101.BEARING_TEMP,64.981,°C,GOOD
2025-02-19 03:00:00,PUMP101.BEARING_TEMP,64.849,°C,GOOD
2025-02-19 04:00:00,PUMP101.BEARING_TEMP,65.352,°C,GOOD
2025-02-19 05:00:00,PUMP101.BEARING_TEMP,65.159,°C,GOOD
2025-02-19 06:00:00,PUMP101.BEARING_TEMP,65.041,°C,GOOD
2025-02-19 07:00:00,PUMP101.BEARING_TEMP,65.176,°C,GOOD
2025-02-19 08:00:00,PUMP101.BEARING_TEMP,64.703,°C,GOOD
2025-02-19 09:00:00,PUMP101.BEARING_TEMP,64.616,°C,GOOD
2025-02-19 10:00:00,PUMP101.BEARING_TEMP,64.94,°C,GOOD
2025-02-19 11:00:00,PUMP101.BEARING_TEMP,64.793,°C,BAD
2025-02-19 12:00:00,PUMP101.BEARING_TEMP,64.965,°C,GOOD
2025-02-19 13:00:00,PUMP101.BEARING_TEMP,65.031,°C,GOOD
2025-02-19 14:00:00,PUMP101.BEARING_TEMP,65.138,°C,GOOD
2025-02-19 15:00:00,PUMP101.BEARING_TEMP,64.829,°C,GOOD
2025-02-19 16:00:00,PUMP101.BEARING_TEMP,65.06,°C,GOOD
2025-02-19 17:00:00,PUMP101.BEARING_TEMP,65.002,°C,GOOD
2025-02-19 18:00:00,PUMP101.BEARING_TEMP,65.052,°C,GOOD
2025-02-19 19:00:00,PUMP101.BEARING_TEMP,64.922,°C,GOOD
2025-02-19 20:00:00,PUMP101.BEARING_TEMP,65.207,°C,GOOD
2025-02-19 21:00:00,PUMP101.BEARING_TEMP,64.984,°C,GOOD
2025-02-19 22:00:00,PUMP101.BEARING_TEMP,65.266,°C,GOOD
2025-02-19 23:00:00,PUMP101.BEARING_TEMP,64.881,°C,GOOD
2025-02-20 00:00:00,PUMP101.BEARING_TEMP,65.111,°C,GOOD
2025-02-20 01:00:00,PUMP101.BEARING_TEMP,64.991,°C,GOOD
2025-02-20 02:00:00,PUMP101.BEARING_TEMP,64.951,°C,GOOD
2025-02-20 03:00:00,PUMP101.BEARING_TEMP,65.095,°C,GOOD
2025-02-20 04:00:00,PUMP101.BEARING_TEMP,64.955,°C,GOOD
2025-02-20 05:00:00,PUMP101.BEARING_TEMP,64.601,°C,GOOD
2025-02-20 06:00:00,PUMP101.BEARING_TEMP,64.541,°C,GOOD
2025-02-20 07:00:00,PUMP101.BEARING_TEMP,65.191,°C,GOOD
2025-02-20 08:00:00,PUMP101.BEARING_TEMP,65.185,°C,GOOD
2025-02-20 09:00:00,PUMP101.BEARING_TEMP,65.283,°C,GOOD
2025-02-20 10:00:00,PUMP101.BEARING_TEMP,64.997,°C,GOOD
2025-02-20 11:00:00,PUMP101.BEARING_TEMP,64.806,°C,GOOD
2025-02-20 12:00:00,PUMP101.BEARING_TEMP,64.937,°C,GOOD
2025-02-20 13:00:00,PUMP101.BEARING_TEMP,65.002,°C,GOOD
2025-02-20 14:00:00,PUMP101.BEARING_TEMP,64.849,°C,GOOD
2025-02-20 15:00:00,PUMP101.BEARING_TEMP,65.247,°C,GOOD
2025-02-20 16:00:00,PUMP101.BEARING_TEMP,65.336,°C,GOOD
2025-02-20 17:00:00,PUMP101.BEARING_TEMP,65.072,°C,GOOD
2025-02-20 18:00:00,PUMP101.BEARING_TEMP,64.998,°C,GOOD
2025-02-20 19:00:00,PUMP101.BEARING_TEMP,64.806,°C,GOOD
2025-02-20 20:00:00,PUMP101.BEARING_TEMP,65.232,°C,GOOD
2025-02-20 21:00:00,PUMP101.BEARING_TEMP,65.011,°C,GOOD
2025-02-20 22:00:00,PUMP101.BEARING_TEMP,64.957,°C,GOOD
2025-02-20 23:00:00,PUMP101.BEARING_TEMP,65.072,°C,GOOD
2025-02-21 00:00:00,PUMP101.BEARING_TEMP,64.912,°C,GOOD
2025-02-21 01:00:00,PUMP101.BEARING_TEMP,65.022,°C,GOOD
2025-02-21 02:00:00,PUMP101.BEARING_TEMP,64.784,°C,GOOD
2025-02-21 03:00:00,PUMP101.BEARING_TEMP,65.163,°C,GOOD
2025-02-21 04:00:00,PUMP101.BEARING_TEMP,64.984,°C,GOOD
2025-02-21 05:00:00,PUMP101.BEARING_TEMP,65.174,°C,GOOD
2025-02-21 06:00:00,PUMP101.BEARING_TEMP,64.97,°C,GOOD
2025-02-21 07:00:00,PUMP101.BEARING_TEMP,64.98,°C,GOOD
2025-02-21 08:00:00,PUMP101.BEARING_TEMP,64.818,°C,GOOD
2025-02-21 09:00:00,PUMP101.BEARING_TEMP,65.114,°C,GOOD
2025-02-21 10:00:00,PUMP101.BEARING_TEMP,64.869,°C,GOOD
2025-02-21 11:00:00,PUMP101.BEARING_TEMP,64.927,°C,GOOD
2025-02-21 12:00:00,PUMP101.BEARING_TEMP,65.0,°C,GOOD
2025-02-21 13:00:00,PUMP101.BEARING_TEMP,65.018,°C,GOOD
2025-02-21 14:00:00,PUMP101.BEARING_TEMP,64.744,°C,GOOD
2025-02-21 15:00:00,PUMP101.BEARING_TEMP,64.965,°C,GOOD
2025-02-21 16:00:00,PUMP101.BEARING_TEMP,65.119,°C,GOOD
2025-02-21 17:00:00,PUMP101.BEARING_TEMP,64.943,°C,GOOD
2025-02-21 18:00:00,PUMP101.BEARING_TEMP,64.966,°C,GOOD
2025-02-21 19:00:00,PUMP101.BEARING_TEMP,65.024,°C,GOOD
2025-02-21 20:00:00,PUMP101.BEARING_TEMP,64.981,°C,GOOD
2025-02-21 21:00:00,PUMP101.BEARING_TEMP,64.845,°C,BAD
2025-02-21 22:00:00,PUMP101.BEARING_TEMP,64.995,°C,GOOD
2025-02-21 23:00:00,PUMP101.BEARING_TEMP,65.149,°C,GOOD
2025-02-22 00:00:00,PUMP101.BEARING_TEMP,64.842,°C,GOOD
2025-02-22 01:00:00,PUMP101.BEARING_TEMP,64.944,°C,GOOD
2025-02-22 02:00:00,PUMP101.BEARING_TEMP,64.793,°C,GOOD
2025-02-22 03:00:00,PUMP101.BEARING_TEMP,65.141,°C,GOOD
2025-02-22 04:00:00,PUMP101.BEARING_TEMP,64.986,°C,GOOD
2025-02-22 05:00:00,PUMP101.BEARING_TEMP,64.872,°C,GOOD
2025-02-22 06:00:00,PUMP101.BEARING_TEMP,65.014,°C,GOOD
2025-02-22 07:00:00,PUMP101.BEARING_TEMP,64.819,°C,GOOD
2025-02-22 08:00:00,PUMP101.BEARING_TEMP,64.845,°C,GOOD
2025-02-22 09:00:00,PUMP101.BEARING_TEMP,64.781,°C,GOOD
2025-02-22 10:00:00,PUMP101.BEARING_TEMP,64.84,°C,GOOD
2025-02-22 11:00:00,PUMP101.BEARING_TEMP,65.204,°C,BAD
2025-02-22 12:00:00,PUMP101.BEARING_TEMP,64.89,°C,BAD
2025-02-22 13:00:00,PUMP101.BEARING_TEMP,65.07,°C,GOOD
2025-02-22 14:00:00,PUMP101.BEARING_TEMP,64.875,°C,GOOD
2025-02-22 15:00:00,PUMP101.BEARING_TEMP,65.114,°C,GOOD
2025-02-22 16:00:00,PUMP101.BEARING_TEMP,64.846,°C,GOOD
2025-02-22 17:00:00,PUMP101.BEARING_TEMP,65.006,°C,GOOD
2025-02-22 18:00:00,PUMP101.BEARING_TEMP,65.008,°C,GOOD
2025-02-22 19:00:00,PUMP101.BEARING_TEMP,65.349,°C,GOOD
2025-02-22 20:00:00,PUMP101.BEARING_TEMP,65.095,°C,GOOD
2025-02-22 21:00:00,PUMP101.BEARING_TEMP,64.911,°C,GOOD
2025-02-22 22:00:00,PUMP101.BEARING_TEMP,65.103,°C,GOOD
2025-02-22 23:00:00,PUMP101.BEARING_TEMP,65.321,°C,GOOD
2025-02-23 00:00:00,PUMP101.BEARING_TEMP,64.756,°C,GOOD
2025-02-23 01:00:00,PUMP101.BEARING_TEMP,64.874,°C,GOOD
2025-02-23 02:00:00,PUMP101.BEARING_TEMP,64.964,°C,GOOD
2025-02-23 03:00:00,PUMP101.BEARING_TEMP,64.937,°C,GOOD
2025-02-23 04:00:00,PUMP101.BEARING_TEMP,64.95,°C,BAD
2025-02-23 05:00:00,PUMP101.BEARING_TEMP,64.804,°C,GOOD
2025-02-23 06:00:00,PUMP101.BEARING_TEMP,65.211,°C,GOOD
2025-02-23 07:00:00,PUMP101.BEARING_TEMP,64.787,°C,GOOD
2025-02-23 08:00:00,PUMP101.BEARING_TEMP,64.97,°C,GOOD
2025-02-23 09:00:00,PUMP101.BEARING_TEMP,65.157,°C,GOOD
2025-02-23 10:00:00,PUMP101.BEARING_TEMP,64.995,°C,GOOD
2025-02-23 11:00:00,PUMP101.BEARING_TEMP,64.853,°C,GOOD
2025-02-23 12:00:00,PUMP101.BEARING_TEMP,64.798,°C,GOOD
2025-02-23 13:00:00,PUMP101.BEARING_TEMP,64.966,°C,GOOD
2025-02-23 14:00:00,PUMP101.BEARING_TEMP,64.886,°C,GOOD
2025-02-23 15:00:00,PUMP101.BEARING_TEMP,65.031,°C,GOOD
2025-02-23 16:00:00,PUMP101.BEARING_TEMP,64.79,°C,GOOD
2025-02-23 17:00:00,PUMP101.BEARING_TEMP,65.122,°C,GOOD
2025-02-23 18:00:00,PUMP101.BEARING_TEMP,65.017,°C,GOOD
2025-02-23 19:00:00,PUMP101.BEARING_TEMP,65.028,°C,GOOD
2025-02-23 20:00:00,PUMP101.BEARING_TEMP,65.216,°C,GOOD
2025-02-23 21:00:00,PUMP101.BEARING_TEMP,64.934,°C,GOOD
2025-02-23 22:00:00,PUMP101.BEARING_TEMP,64.891,°C,GOOD
2025-02-23 23:00:00,PUMP101.BEARING_TEMP,64.918,°C,GOOD
2025-02-24 00:00:00,PUMP101.BEARING_TEMP,64.971,°C,GOOD
2025-02-24 01:00:00,PUMP101.BEARING_TEMP,64.986,°C,GOOD
2025-02-24 02:00:00,PUMP101.BEARING_TEMP,64.875,°C,GOOD
2025-02-24 03:00:00,PUMP101.BEARING_TEMP,64.697,°C,GOOD
2025-02-24 04:00:00,PUMP101.BEARING_TEMP,64.916,°C,GOOD
2025-02-24 05:00:00,PUMP101.BEARING_TEMP,65.054,°C,GOOD
2025-02-24 06:00:00,PUMP101.BEARING_TEMP,65.02,°C,GOOD
2025-02-24 07:00:00,PUMP101.BEARING_TEMP,65.18,°C,GOOD
2025-02-24 08:00:00,PUMP101.BEARING_TEMP,65.293,°C,GOOD
2025-02-24 09:00:00,PUMP101.BEARING_TEMP,65.114,°C,GOOD
2025-02-24 10:00:00,PUMP101.BEARING_TEMP,65.207,°C,GOOD
2025-02-24 11:00:00,PUMP101.BEARING_TEMP,65.115,°C,GOOD
2025-02-24 12:00:00,PUMP101.BEARING_TEMP,65.256,°C,GOOD
2025-02-24 13:00:00,PUMP101.BEARING_TEMP,65.278,°C,GOOD
2025-02-24 14:00:00,PUMP101.BEARING_TEMP,65.143,°C,GOOD
2025-02-24 15:00:00,PUMP101.BEARING_TEMP,65.106,°C,GOOD
2025-02-24 16:00:00,PUMP101.BEARING_TEMP,64.969,°C,GOOD
2025-02-24 17:00:00,PUMP101.BEARING_TEMP,64.994,°C,GOOD
2025-02-24 18:00:00,PUMP101.BEARING_TEMP,64.949,°C,GOOD
2025-02-24 19:00:00,PUMP101.BEARING_TEMP,65.093,°C,GOOD
2025-02-24 20:00:00,PUMP101.BEARING_TEMP,64.892,°C,GOOD
2025-02-24 21:00:00,PUMP101.BEARING_TEMP,64.971,°C,GOOD
2025-02-24 22:00:00,PUMP101.BEARING_TEMP,64.647,°C,GOOD
2025-02-24 23:00:00,PUMP101.BEARING_TEMP,65.258,°C,GOOD
2025-02-25 00:00:00,PUMP101.BEARING_TEMP,64.967,°C,GOOD
2025-02-25 01:00:00,PUMP101.BEARING_TEMP,65.068,°C,GOOD
2025-02-25 02:00:00,PUMP101.BEARING_TEMP,65.219,°C,GOOD
2025-02-25 03:00:00,PUMP101.BEARING_TEMP,65.045,°C,GOOD
2025-02-25 04:00:00,PUMP101.BEARING_TEMP,65.217,°C,GOOD
2025-02-25 05:00:00,PUMP101.BEARING_TEMP,64.814,°C,GOOD
2025-02-25 06:00:00,PUMP101.BEARING_TEMP,65.36,°C,GOOD
2025-02-25 07:00:00,PUMP101.BEARING_TEMP,65.163,°C,GOOD
2025-02-25 08:00:00,PUMP101.BEARING_TEMP,65.031,°C,GOOD
2025-02-25 09:00:00,PUMP101.BEARING_TEMP,65.214,°C,GOOD
2025-02-25 10:00:00,PUMP101.BEARING_TEMP,64.825,°C,GOOD
2025-02-25 11:00:00,PUMP101.BEARING_TEMP,64.957,°C,GOOD
2025-02-25 12:00:00,PUMP101.BEARING_TEMP,65.217,°C,GOOD
2025-02-25 13:00:00,PUMP101.BEARING_TEMP,64.72,°C,GOOD
2025-02-25 14:00:00,PUMP101.BEARING_TEMP,65.084,°C,GOOD
2025-02-25 15:00:00,PUMP101.BEARING_TEMP,65.08,°C,BAD
2025-02-25 16:00:00,PUMP101.BEARING_TEMP,65.295,°C,GOOD
2025-02-25 17:00:00,PUMP101.BEARING_TEMP,64.763,°C,GOOD
2025-02-25 18:00:00,PUMP101.BEARING_TEMP,65.241,°C,GOOD
2025-02-25 19:00:00,PUMP101.BEARING_TEMP,64.916,°C,GOOD
2025-02-25 20:00:00,PUMP101.BEARING_TEMP,64.933,°C,GOOD
2025-02-25 21:00:00,PUMP101.BEARING_TEMP,64.817,°C,GOOD
2025-02-25 22:00:00,PUMP101.BEARING_TEMP,64.837,°C,GOOD
2025-02-25 23:00:00,PUMP101.BEARING_TEMP,65.061,°C,GOOD
2025-02-26 00:00:00,PUMP101.BEARING_TEMP,64.833,°C,GOOD
2025-02-26 01:00:00,PUMP101.BEARING_TEMP,65.111,°C,BAD
2025-02-26 02:00:00,PUMP101.BEARING_TEMP,64.901,°C,GOOD
2025-02-26 03:00:00,PUMP101.BEARING_TEMP,64.818,°C,GOOD
2025-02-26 04:00:00,PUMP101.BEARING_TEMP,64.921,°C,GOOD
2025-02-26 05:00:00,PUMP101.BEARING_TEMP,65.051,°C,GOOD
2025-02-26 06:00:00,PUMP101.BEARING_TEMP,64.958,°C,GOOD
2025-02-26 07:00:00,PUMP101.BEARING_TEMP,65.005,°C,BAD
2025-02-26 08:00:00,PUMP101.BEARING_TEMP,65.104,°C,GOOD
2025-02-26 09:00:00,PUMP101.BEARING_TEMP,65.162,°C,GOOD
2025-02-26 10:00:00,PUMP101.BEARING_TEMP,64.953,°C,GOOD
2025-02-26 11:00:00,PUMP101.BEARING_TEMP,64.843,°C,GOOD
2025-02-26 12:00:00,PUMP101.BEARING_TEMP,65.011,°C,GOOD
2025-02-26 13:00:00,PUMP101.BEARING_TEMP,65.071,°C,GOOD
2025-02-26 14:00:00,PUMP101.BEARING_TEMP,64.781,°C,GOOD
2025-02-26 15:00:00,PUMP101.BEARING_TEMP,64.866,°C,GOOD
2025-02-26 16:00:00,PUMP101.BEARING_TEMP,64.892,°C,GOOD
2025-02-26 17:00:00,PUMP101.BEARING_TEMP,64.969,°C,GOOD
2025-02-26 18:00:00,PUMP101.BEARING_TEMP,64.886,°C,GOOD
2025-02-26 19:00:00,PUMP101.BEARING_TEMP,65.106,°C,GOOD
2025-02-26 20:00:00,PUMP101.BEARING_TEMP,64.759,°C,GOOD
2025-02-26 21:00:00,PUMP101.BEARING_TEMP,64.763,°C,GOOD
2025-02-26 22:00:00,PUMP101.BEARING_TEMP,64.95,°C,GOOD
2025-02-26 23:00:00,PUMP101.BEARING_TEMP,64.974,°C,GOOD
2025-02-27 00:00:00,PUMP101.BEARING_TEMP,64.782,°C,GOOD
2025-02-27 01:00:00,PUMP101.BEARING_TEMP,64.909,°C,GOOD
2025-02-27 02:00:00,PUMP101.BEARING_TEMP,64.94,°C,GOOD
2025-02-27 03:00:00,PUMP101.BEARING_TEMP,64.941,°C,GOOD
2025-02-27 04:00:00,PUMP101.BEARING_TEMP,65.023,°C,GOOD
2025-02-27 05:00:00,PUMP101.BEARING_TEMP,64.901,°C,GOOD
2025-02-27 06:00:00,PUMP101.BEARING_TEMP,65.222,°C,GOOD
2025-02-27 07:00:00,PUMP101.BEARING_TEMP,65.073,°C,GOOD
2025-02-27 08:00:00,PUMP101.BEARING_TEMP,64.879,°C,GOOD
2025-02-27 09:00:00,PUMP101.BEARING_TEMP,65.014,°C,GOOD
2025-02-27 10:00:00,PUMP101.BEARING_TEMP,65.019,°C,GOOD
2025-02-27 11:00:00,PUMP101.BEARING_TEMP,65.182,°C,GOOD
2025-02-27 12:00:00,PUMP101.BEARING_TEMP,64.91,°C,GOOD
2025-02-27 13:00:00,PUMP101.BEARING_TEMP,65.115,°C,GOOD
2025-02-27 14:00:00,PUMP101.BEARING_TEMP,65.006,°C,GOOD
2025-02-27 15:00:00,PUMP101.BEARING_TEMP,65.224,°C,GOOD
2025-02-27 16:00:00,PUMP101.BEARING_TEMP,65.194,°C,GOOD
2025-02-27 17:00:00,PUMP101.BEARING_TEMP,65.03,°C,GOOD
2025-02-27 18:00:00,PUMP101.BEARING_TEMP,64.961,°C,GOOD
2025-02-27 19:00:00,PUMP101.BEARING_TEMP,65.076,°C,GOOD
2025-02-27 20:00:00,PUMP101.BEARING_TEMP,64.973,°C,GOOD
2025-02-27 21:00:00,PUMP101.BEARING_TEMP,65.252,°C,GOOD
2025-02-27 22:00:00,PUMP101.BEARING_TEMP,65.012,°C,GOOD
2025-02-27 23:00:00,PUMP101.BEARING_TEMP,64.939,°C,GOOD
2025-02-28 00:00:00,PUMP101.BEARING_TEMP,64.931,°C,GOOD
2025-02-28 01:00:00,PUMP101.BEARING_TEMP,64.818,°C,GOOD
2025-02-28 02:00:00,PUMP101.BEARING_TEMP,65.083,°C,GOOD
2025-02-28 03:00:00,PUMP101.BEARING_TEMP,64.877,°C,GOOD
2025-02-28 04:00:00,PUMP101.BEARING_TEMP,65.165,°C,GOOD
2025-02-28 05:00:00,PUMP101.BEARING_TEMP,64.806,°C,GOOD
2025-02-28 06:00:00,PUMP101.BEARING_TEMP,65.019,°C,GOOD
2025-02-28 07:00:00,PUMP101.BEARING_TEMP,65.173,°C,GOOD
2025-02-28 08:00:00,PUMP101.BEARING_TEMP,64.677,°C,GOOD
2025-02-28 09:00:00,PUMP101.BEARING_TEMP,65.303,°C,GOOD
2025-02-28 10:00:00,PUMP101.BEARING_TEMP,64.936,°C,GOOD
2025-02-28 11:00:00,PUMP101.BEARING_TEMP,65.021,°C,GOOD
2025-02-28 12:00:00,PUMP101.BEARING_TEMP,65.086,°C,GOOD
2025-02-28 13:00:00,PUMP101.BEARING_TEMP,65.109,°C,GOOD
2025-02-28 14:00:00,PUMP101.BEARING_TEMP,65.041,°C,GOOD
2025-02-28 15:00:00,PUMP101.BEARING_TEMP,65.15,°C,GOOD
2025-02-28 16:00:00,PUMP101.BEARING_TEMP,65.078,°C,GOOD
2025-02-28 17:00:00,PUMP101.BEARING_TEMP,65.264,°C,BAD
2025-02-28 18:00:00,PUMP101.BEARING_TEMP,65.078,°C,GOOD
2025-02-28 19:00:00,PUMP101.BEARING_TEMP,65.295,°C,GOOD
2025-02-28 20:00:00,PUMP101.BEARING_TEMP,65.135,°C,GOOD
2025-02-28 21:00:00,PUMP101.BEARING_TEMP,64.729,°C,GOOD
2025-02-28 22:00:00,PUMP101.BEARING_TEMP,65.392,°C,GOOD
2025-02-28 23:00:00,PUMP101.BEARING_TEMP,64.914,°C,GOOD
2025-03-01 00:00:00,PUMP101.BEARING_TEMP,65.224,°C,GOOD
2025-03-01 01:00:00,PUMP101.BEARING_TEMP,65.004,°C,GOOD
2025-03-01 02:00:00,PUMP101.BEARING_TEMP,65.159,°C,GOOD
2025-03-01 03:00:00,PUMP101.BEARING_TEMP,64.897,°C,GOOD
2025-03-01 04:00:00,PUMP101.BEARING_TEMP,65.094,°C,GOOD
2025-03-01 05:00:00,PUMP101.BEARING_TEMP,64.962,°C,BAD
2025-03-01 06:00:00,PUMP101.BEARING_TEMP,65.237,°C,GOOD
2025-03-01 07:00:00,PUMP101.BEARING_TEMP,65.066,°C,GOOD
2025-03-01 08:00:00,PUMP101.BEARING_TEMP,65.14,°C,GOOD
2025-03-01 09:00:00,PUMP101.BEARING_TEMP,64.675,°C,GOOD
2025-03-01 10:00:00,PUMP101.BEARING_TEMP,64.987,°C,GOOD
2025-03-01 11:00:00,PUMP101.BEARING_TEMP,65.062,°C,GOOD
2025-03-01 12:00:00,PUMP101.BEARING_TEMP,65.034,°C,GOOD
2025-03-01 13:00:00,PUMP101.BEARING_TEMP,65.144,°C,GOOD
2025-03-01 14:00:00,PUMP101.BEARING_TEMP,64.945,°C,GOOD
2025-03-01 15:00:00,PUMP101.BEARING_TEMP,65.007,°C,GOOD
2025-03-01 16:00:00,PUMP101.BEARING_TEMP,65.177,°C,GOOD
2025-03-01 17:00:00,PUMP101.BEARING_TEMP,64.658,°C,GOOD
2025-03-01 18:00:00,PUMP101.BEARING_TEMP,65.088,°C,GOOD
2025-03-01 19:00:00,PUMP101.BEARING_TEMP,64.95,°C,BAD
2025-03-01 20:00:00,PUMP101.BEARING_TEMP,64.863,°C,GOOD
2025-03-01 21:00:00,PUMP101.BEARING_TEMP,65.05,°C,GOOD
2025-03-01 22:00:00,PUMP101.BEARING_TEMP,65.184,°C,GOOD
2025-03-01 23:00:00,PUMP101.BEARING_TEMP,65.156,°C,GOOD
2025-03-02 00:00:00,PUMP101.BEARING_TEMP,64.98,°C,GOOD
2025-03-02 01:00:00,PUMP101.BEARING_TEMP,65.131,°C,BAD
2025-03-02 02:00:00,PUMP101.BEARING_TEMP,65.13,°C,GOOD
2025-03-02 03:00:00,PUMP101.BEARING_TEMP,64.987,°C,GOOD
2025-03-02 04:00:00,PUMP101.BEARING_TEMP,64.896,°C,GOOD
2025-03-02 05:00:00,PUMP101.BEARING_TEMP,64.905,°C,GOOD
2025-03-02 06:00:00,PUMP101.BEARING_TEMP,65.126,°C,GOOD
2025-03-02 07:00:00,PUMP101.BEARING_TEMP,64.994,°C,GOOD
2025-03-02 08:00:00,PUMP101.BEARING_TEMP,64.843,°C,GOOD
2025-03-02 09:00:00,PUMP101.BEARING_TEMP,64.747,°C,GOOD
2025-03-02 10:00:00,PUMP101.BEARING_TEMP,65.125,°C,GOOD
2025-03-02 11:00:00,PUMP101.BEARING_TEMP,64.918,°C,GOOD
2025-03-02 12:00:00,PUMP101.BEARING_TEMP,65.05,°C,GOOD
2025-03-02 13:00:00,PUMP101.BEARING_TEMP,65.186,°C,GOOD
2025-03-02 14:00:00,PUMP101.BEARING_TEMP,64.804,°C,GOOD
2025-03-02 15:00:00,PUMP101.BEARING_TEMP,64.993,°C,GOOD
2025-03-02 16:00:00,PUMP101.BEARING_TEMP,64.974,°C,GOOD
2025-03-02 17:00:00,PUMP101.BEARING_TEMP,65.057,°C,GOOD
2025-03-02 18:00:00,PUMP101.BEARING_TEMP,65.186,°C,GOOD
2025-03-02 19:00:00,PUMP101.BEARING_TEMP,64.801,°C,GOOD
2025-03-02 20:00:00,PUMP101.BEARING_TEMP,65.085,°C,GOOD
2025-03-02 21:00:00,PUMP101.BEARING_TEMP,65.155,°C,GOOD
2025-03-02 22:00:00,PUMP101.BEARING_TEMP,64.972,°C,GOOD
2025-03-02 23:00:00,PUMP101.BEARING_TEMP,64.979,°C,GOOD
2025-03-03 00:00:00,PUMP101.BEARING_TEMP,65.063,°C,GOOD
2025-03-03 01:00:00,PUMP101.BEARING_TEMP,65.052,°C,GOOD
2025-03-03 02:00:00,PUMP101.BEARING_TEMP,65.087,°C,GOOD
2025-03-03 03:00:00,PUMP101.BEARING_TEMP,65.084,°C,GOOD
2025-03-03 04:00:00,PUMP101.BEARING_TEMP,64.853,°C,GOOD
2025-03-03 05:00:00,PUMP101.BEARING_TEMP,65.149,°C,GOOD
2025-03-03 06:00:00,PUMP101.BEARING_TEMP,65.175,°C,GOOD
2025-03-03 07:00:00,PUMP101.BEARING_TEMP,65.028,°C,GOOD
2025-03-03 08:00:00,PUMP101.BEARING_TEMP,64.776,°C,GOOD
2025-03-03 09:00:00,PUMP101.BEARING_TEMP,64.983,°C,GOOD
2025-03-03 10:00:00,PUMP101.BEARING_TEMP,65.029,°C,GOOD
2025-03-03 11:00:00,PUMP101.BEARING_TEMP,64.828,°C,GOOD
2025-03-03 12:00:00,PUMP101.BEARING_TEMP,64.946,°C,GOOD
2025-03-03 13:00:00,PUMP101.BEARING_TEMP,64.789,°C,GOOD
2025-03-03 14:00:00,PUMP101.BEARING_TEMP,65.091,°C,GOOD
2025-03-03 15:00:00,PUMP101.BEARING_TEMP,65.025,°C,GOOD
2025-03-03 16:00:00,PUMP101.BEARING_TEMP,64.753,°C,GOOD
2025-03-03 17:00:00,PUMP101.BEARING_TEMP,65.053,°C,GOOD
2025-03-03 18:00:00,PUMP101.BEARING_TEMP,64.992,°C,GOOD
2025-03-03 19:00:00,PUMP101.BEARING_TEMP,65.077,°C,GOOD
2025-03-03 20:00:00,PUMP101.BEARING_TEMP,64.941,°C,GOOD
2025-03-03 21:00:00,PUMP101.BEARING_TEMP,64.88,°C,GOOD
2025-03-03 22:00:00,PUMP101.BEARING_TEMP,64.884,°C,GOOD
2025-03-03 23:00:00,PUMP101.BEARING_TEMP,64.919,°C,GOOD
2025-03-04 00:00:00,PUMP101.BEARING_TEMP,65.003,°C,GOOD
2025-03-04 01:00:00,PUMP101.BEARING_TEMP,65.022,°C,BAD
2025-03-04 02:00:00,PUMP101.BEARING_TEMP,64.971,°C,GOOD
2025-03-04 03:00:00,PUMP101.BEARING_TEMP,64.937,°C,GOOD
2025-03-04 04:00:00,PUMP101.BEARING_TEMP,64.947,°C,GOOD
2025-03-04 05:00:00,PUMP101.BEARING_TEMP,65.376,°C,GOOD
2025-03-04 06:00:00,PUMP101.BEARING_TEMP,64.884,°C,GOOD
2025-03-04 07:00:00,PUMP101.BEARING_TEMP,64.916,°C,GOOD
2025-03-04 08:00:00,PUMP101.BEARING_TEMP,65.494,°C,GOOD
2025-03-04 09:00:00,PUMP101.BEARING_TEMP,65.063,°C,GOOD
2025-03-04 10:00:00,PUMP101.BEARING_TEMP,64.793,°C,GOOD
2025-03-04 11:00:00,PUMP101.BEARING_TEMP,65.126,°C,GOOD
2025-03-04 12:00:00,PUMP101.BEARING_TEMP,64.863,°C,GOOD
2025-03-04 13:00:00,PUMP101.BEARING_TEMP,65.136,°C,GOOD
2025-03-04 14:00:00,PUMP101.BEARING_TEMP,64.968,°C,GOOD
2025-03-04 15:00:00,PUMP101.BEARING_TEMP,64.934,°C,GOOD
2025-03-04 16:00:00,PUMP101.BEARING_TEMP,65.241,°C,GOOD
2025-03-04 17:00:00,PUMP101.BEARING_TEMP,65.085,°C,BAD
2025-03-04 18:00:00,PUMP101.BEARING_TEMP,65.146,°C,GOOD
2025-03-04 19:00:00,PUMP101.BEARING_TEMP,65.065,°C,BAD
2025-03-04 20:00:00,PUMP101.BEARING_TEMP,64.933,°C,GOOD
2025-03-04 21:00:00,PUMP101.BEARING_TEMP,65.092,°C,GOOD
2025-03-04 22:00:00,PUMP101.BEARING_TEMP,65.181,°C,GOOD
2025-03-04 23:00:00,PUMP101.BEARING_TEMP,65.02,°C,GOOD
2025-03-05 00:00:00,PUMP101.BEARING_TEMP,65.27,°C,BAD
2025-03-05 01:00:00,PUMP101.BEARING_TEMP,65.128,°C,GOOD
2025-03-05 02:00:00,PUMP101.BEARING_TEMP,65.032,°C,GOOD
2025-03-05 03:00:00,PUMP101.BEARING_TEMP,65.038,°C,GOOD
2025-03-05 04:00:00,PUMP101.BEARING_TEMP,65.021,°C,GOOD
2025-03-05 05:00:00,PUMP101.BEARING_TEMP,64.812,°C,GOOD
2025-03-05 06:00:00,PUMP101.BEARING_TEMP,64.986,°C,GOOD
2025-03-05 07:00:00,PUMP101.BEARING_TEMP,65.033,°C,GOOD
2025-03-05 08:00:00,PUMP101.BEARING_TEMP,64.938,°C,GOOD
2025-03-05 09:00:00,PUMP101.BEARING_TEMP,65.051,°C,GOOD
2025-03-05 10:00:00,PUMP101.BEARING_TEMP,65.003,°C,GOOD
2025-03-05 11:00:00,PUMP101.BEARING_TEMP,65.116,°C,GOOD
2025-03-05 12:00:00,PUMP101.BEARING_TEMP,65.099,°C,GOOD
2025-03-05 13:00:00,PUMP101.BEARING_TEMP,65.025,°C,GOOD
2025-03-05 14:00:00,PUMP101.BEARING_TEMP,64.795,°C,GOOD
2025-03-05 15:00:00,PUMP101.BEARING_TEMP,65.269,°C,GOOD
2025-03-05 16:00:00,PUMP101.BEARING_TEMP,64.979,°C,GOOD
2025-03-05 17:00:00,PUMP101.BEARING_TEMP,64.988,°C,GOOD
2025-03-05 18:00:00,PUMP101.BEARING_TEMP,64.949,°C,GOOD
2025-03-05 19:00:00,PUMP101.BEARING_TEMP,64.927,°C,GOOD
2025-03-05 20:00:00,PUMP101.BEARING_TEMP,65.232,°C,GOOD
2025-03-05 21:00:00,PUMP101.BEARING_TEMP,65.208,°C,GOOD
2025-03-05 22:00:00,PUMP101.BEARING_TEMP,65.067,°C,GOOD
2025-03-05 23:00:00,PUMP101.BEARING_TEMP,64.984,°C,GOOD
2025-03-06 00:00:00,PUMP101.BEARING_TEMP,65.093,°C,BAD
2025-03-06 01:00:00,PUMP101.BEARING_TEMP,65.011,°C,GOOD
2025-03-06 02:00:00,PUMP101.BEARING_TEMP,64.971,°C,GOOD
2025-03-06 03:00:00,PUMP101.BEARING_TEMP,65.051,°C,GOOD
2025-03-06 04:00:00,PUMP101.BEARING_TEMP,64.934,°C,GOOD
2025-03-06 05:00:00,PUMP101.BEARING_TEMP,65.038,°C,GOOD
2025-03-06 06:00:00,PUMP101.BEARING_TEMP,65.031,°C,GOOD
2025-03-06 07:00:00,PUMP101.BEARING_TEMP,65.09,°C,GOOD
2025-03-06 08:00:00,PUMP101.BEARING_TEMP,64.907,°C,GOOD
2025-03-06 09:00:00,PUMP101.BEARING_TEMP,65.107,°C,GOOD
2025-03-06 10:00:00,PUMP101.BEARING_TEMP,64.864,°C,GOOD
2025-03-06 11:00:00,PUMP101.BEARING_TEMP,64.914,°C,GOOD
2025-03-06 12:00:00,PUMP101.BEARING_TEMP,64.921,°C,GOOD
2025-03-06 13:00:00,PUMP101.BEARING_TEMP,64.839,°C,GOOD
2025-03-06 14:00:00,PUMP101.BEARING_TEMP,65.152,°C,GOOD
2025-03-06 15:00:00,PUMP101.BEARING_TEMP,64.855,°C,GOOD
2025-03-06 16:00:00,PUMP101.BEARING_TEMP,64.895,°C,GOOD
2025-03-06 17:00:00,PUMP101.BEARING_TEMP,65.188,°C,GOOD
2025-03-06 18:00:00,PUMP101.BEARING_TEMP,64.914,°C,GOOD
2025-03-06 19:00:00,PUMP101.BEARING_TEMP,64.972,°C,GOOD
2025-03-06 20:00:00,PUMP101.BEARING_TEMP,64.848,°C,GOOD
2025-03-06 21:00:00,PUMP101.BEARING_TEMP,65.125,°C,GOOD
2025-03-06 22:00:00,PUMP101.BEARING_TEMP,65.127,°C,GOOD
2025-03-06 23:00:00,PUMP101.BEARING_TEMP,65.111,°C,GOOD
2025-03-07 00:00:00,PUMP101.BEARING_TEMP,65.081,°C,GOOD
2025-03-07 01:00:00,PUMP101.BEARING_TEMP,65.011,°C,GOOD
2025-03-07 02:00:00,PUMP101.BEARING_TEMP,64.921,°C,GOOD
2025-03-07 03:00:00,PUMP101.BEARING_TEMP,64.878,°C,GOOD
2025-03-07 04:00:00,PUMP101.BEARING_TEMP,65.193,°C,GOOD
2025-03-07 05:00:00,PUMP101.BEARING_TEMP,65.115,°C,GOOD
2025-03-07 06:00:00,PUMP101.BEARING_TEMP,64.896,°C,GOOD
2025-03-07 07:00:00,PUMP101.BEARING_TEMP,65.006,°C,GOOD
2025-03-07 08:00:00,PUMP101.BEARING_TEMP,64.955,°C,GOOD
2025-03-07 09:00:00,PUMP101.BEARING_TEMP,64.831,°C,GOOD
2025-03-07 10:00:00,PUMP101.BEARING_TEMP,65.027,°C,GOOD
2025-03-07 11:00:00,PUMP101.BEARING_TEMP,64.938,°C,GOOD
2025-03-07 12:00:00,PUMP101.BEARING_TEMP,64.857,°C,GOOD
2025-03-07 13:00:00,PUMP101.BEARING_TEMP,64.778,°C,GOOD
2025-03-07 14:00:00,PUMP101.BEARING_TEMP,64.765,°C,GOOD
2025-03-07 15:00:00,PUMP101.BEARING_TEMP,64.944,°C,GOOD
2025-03-07 16:00:00,PUMP101.BEARING_TEMP,64.987,°C,GOOD
2025-03-07 17:00:00,PUMP101.BEARING_TEMP,64.869,°C,GOOD
2025-03-07 18:00:00,PUMP101.BEARING_TEMP,65.098,°C,GOOD
2025-03-07 19:00:00,PUMP101.BEARING_TEMP,64.99,°C,GOOD
2025-03-07 20:00:00,PUMP101.BEARING_TEMP,65.087,°C,GOOD
2025-03-07 21:00:00,PUMP101.BEARING_TEMP,64.973,°C,GOOD
2025-03-07 22:00:00,PUMP101.BEARING_TEMP,64.882,°C,GOOD
2025-03-07 23:00:00,PUMP101.BEARING_TEMP,65.017,°C,GOOD
2025-03-08 00:00:00,PUMP101.BEARING_TEMP,64.811,°C,GOOD
2025-03-08 01:00:00,PUMP101.BEARING_TEMP,65.081,°C,GOOD
2025-03-08 02:00:00,PUMP101.BEARING_TEMP,64.859,°C,GOOD
2025-03-08 03:00:00,PUMP101.BEARING_TEMP,65.138,°C,GOOD
2025-03-08 04:00:00,PUMP101.BEARING_TEMP,64.949,°C,GOOD
2025-03-08 05:00:00,PUMP101.BEARING_TEMP,65.159,°C,GOOD
2025-03-08 06:00:00,PUMP101.BEARING_TEMP,64.832,°C,GOOD
2025-03-08 07:00:00,PUMP101.BEARING_TEMP,64.898,°C,GOOD
2025-03-08 08:00:00,PUMP101.BEARING_TEMP,65.057,°C,GOOD
2025-03-08 09:00:00,PUMP101.BEARING_TEMP,65.176,°C,GOOD
2025-03-08 10:00:00,PUMP101.BEARING_TEMP,65.25,°C,GOOD
2025-03-08 11:00:00,PUMP101.BEARING_TEMP,65.006,°C,GOOD
2025-03-08 12:00:00,PUMP101.BEARING_TEMP,65.276,°C,GOOD
2025-03-08 13:00:00,PUMP101.BEARING_TEMP,64.957,°C,GOOD
2025-03-08 14:00:00,PUMP101.BEARING_TEMP,65.165,°C,GOOD
2025-03-08 15:00:00,PUMP101.BEARING_TEMP,64.859,°C,GOOD
2025-03-08 16:00:00,PUMP101.BEARING_TEMP,65.063,°C,GOOD
2025-03-08 17:00:00,PUMP101.BEARING_TEMP,64.649,°C,GOOD
2025-03-08 18:00:00,PUMP101.BEARING_TEMP,64.832,°C,GOOD
2025-03-08 19:00:00,PUMP101.BEARING_TEMP,65.07,°C,GOOD
2025-03-08 20:00:00,PUMP101.BEARING_TEMP,64.803,°C,GOOD
2025-03-08 21:00:00,PUMP101.BEARING_TEMP,65.064,°C,GOOD
2025-03-08 22:00:00,PUMP101.BEARING_TEMP,65.136,°C,GOOD
2025-03-08 23:00:00,PUMP101.BEARING_TEMP,64.925,°C,GOOD
2025-03-09 00:00:00,PUMP101.BEARING_TEMP,64.855,°C,GOOD
2025-03-09 01:00:00,PUMP101.BEARING_TEMP,64.929,°C,GOOD
2025-03-09 02:00:00,PUMP101.BEARING_TEMP,64.855,°C,GOOD
2025-03-09 03:00:00,PUMP101.BEARING_TEMP,64.985,°C,GOOD
2025-03-09 04:00:00,PUMP101.BEARING_TEMP,65.015,°C,GOOD
2025-03-09 05:00:00,PUMP101.BEARING_TEMP,64.954,°C,GOOD
2025-03-09 06:00:00,PUMP101.BEARING_TEMP,65.251,°C,GOOD
2025-03-09 07:00:00,PUMP101.BEARING_TEMP,64.892,°C,GOOD
2025-03-09 08:00:00,PUMP101.BEARING_TEMP,65.209,°C,GOOD
2025-03-09 09:00:00,PUMP101.BEARING_TEMP,64.844,°C,GOOD
2025-03-09 10:00:00,PUMP101.BEARING_TEMP,65.011,°C,GOOD
2025-03-09 11:00:00,PUMP101.BEARING_TEMP,65.177,°C,GOOD
2025-03-09 12:00:00,PUMP101.BEARING_TEMP,65.17,°C,BAD
2025-03-09 13:00:00,PUMP101.BEARING_TEMP,64.937,°C,GOOD
2025-03-09 14:00:00,PUMP101.BEARING_TEMP,65.083,°C,GOOD
2025-03-09 15:00:00,PUMP101.BEARING_TEMP,65.063,°C,GOOD
2025-03-09 16:00:00,PUMP101.BEARING_TEMP,64.919,°C,GOOD
2025-03-09 17:00:00,PUMP101.BEARING_TEMP,65.092,°C,GOOD
2025-03-09 18:00:00,PUMP101.BEARING_TEMP,65.279,°C,GOOD
2025-03-09 19:00:00,PUMP101.BEARING_TEMP,65.071,°C,GOOD
2025-03-09 20:00:00,PUMP101.BEARING_TEMP,65.085,°C,BAD
2025-03-09 21:00:00,PUMP101.BEARING_TEMP,65.101,°C,GOOD
2025-03-09 22:00:00,PUMP101.BEARING_TEMP,64.781,°C,GOOD
2025-03-09 23:00:00,PUMP101.BEARING_TEMP,65.069,°C,GOOD
2025-03-10 00:00:00,PUMP101.BEARING_TEMP,64.847,°C,GOOD
2025-03-10 01:00:00,PUMP101.BEARING_TEMP,64.912,°C,GOOD
2025-03-10 02:00:00,PUMP101.BEARING_TEMP,65.324,°C,GOOD
2025-03-10 03:00:00,PUMP101.BEARING_TEMP,64.962,°C,GOOD
2025-03-10 04:00:00,PUMP101.BEARING_TEMP,64.889,°C,GOOD
2025-03-10 05:00:00,PUMP101.BEARING_TEMP,65.173,°C,BAD
2025-03-10 06:00:00,PUMP101.BEARING_TEMP,64.858,°C,GOOD
2025-03-10 07:00:00,PUMP101.BEARING_TEMP,64.933,°C,GOOD
2025-03-10 08:00:00,PUMP101.BEARING_TEMP,65.187,°C,GOOD
2025-03-10 09:00:00,PUMP101.BEARING_TEMP,65.006,°C,GOOD
2025-03-10 10:00:00,PUMP101.BEARING_TEMP,64.766,°C,GOOD
2025-03-10 11:00:00,PUMP101.BEARING_TEMP,65.082,°C,GOOD
2025-03-10 12:00:00,PUMP101.BEARING_TEMP,64.941,°C,GOOD
2025-03-10 13:00:00,PUMP101.BEARING_TEMP,65.231,°C,GOOD
2025-03-10 14:00:00,PUMP101.BEARING_TEMP,64.909,°C,GOOD
2025-03-10 15:00:00,PUMP101.BEARING_TEMP,65.158,°C,GOOD
2025-03-10 16:00:00,PUMP101.BEARING_TEMP,65.266,°C,GOOD
2025-03-10 17:00:00,PUMP101.BEARING_TEMP,64.872,°C,GOOD
2025-03-10 18:00:00,PUMP101.BEARING_TEMP,64.971,°C,GOOD
2025-03-10 19:00:00,PUMP101.BEARING_TEMP,65.058,°C,GOOD
2025-03-10 20:00:00,PUMP101.BEARING_TEMP,64.871,°C,GOOD
2025-03-10 21:00:00,PUMP101.BEARING_TEMP,65.041,°C,GOOD
2025-03-10 22:00:00,PUMP101.BEARING_TEMP,64.966,°C,GOOD
2025-03-10 23:00:00,PUMP101.BEARING_TEMP,64.963,°C,GOOD
2025-03-11 00:00:00,PUMP101.BEARING_TEMP,65.007,°C,GOOD
2025-03-11 01:00:00,PUMP101.BEARING_TEMP,65.011,°C,GOOD
2025-03-11 02:00:00,PUMP101.BEARING_TEMP,65.025,°C,GOOD
2025-03-11 03:00:00,PUMP101.BEARING_TEMP,64.91,°C,GOOD
2025-03-11 04:00:00,PUMP101.BEARING_TEMP,64.917,°C,GOOD
2025-03-11 05:00:00,PUMP101.BEARING_TEMP,64.982,°C,GOOD
2025-03-11 06:00:00,PUMP101.BEARING_TEMP,64.993,°C,GOOD
2025-03-11 07:00:00,PUMP101.BEARING_TEMP,64.934,°C,GOOD
2025-03-11 08:00:00,PUMP101.BEARING_TEMP,65.049,°C,GOOD
2025-03-11 09:00:00,PUMP101.BEARING_TEMP,64.728,°C,GOOD
2025-03-11 10:00:00,PUMP101.BEARING_TEMP,64.89,°C,BAD
2025-03-11 11:00:00,PUMP101.BEARING_TEMP,64.958,°C,GOOD
2025-03-11 12:00:00,PUMP101.BEARING_TEMP,64.872,°C,GOOD
2025-03-11 13:00:00,PUMP101.BEARING_TEMP,65.244,°C,GOOD
2025-03-11 14:00:00,PUMP101.BEARING_TEMP,65.003,°C,GOOD
2025-03-11 15:00:00,PUMP101.BEARING_TEMP,65.027,°C,GOOD
2025-03-11 16:00:00,PUMP101.BEARING_TEMP,64.928,°C,GOOD
2025-03-11 17:00:00,PUMP101.BEARING_TEMP,64.998,°C,GOOD
2025-03-11 18:00:00,PUMP101.BEARING_TEMP,64.818,°C,BAD
2025-03-11 19:00:00,PUMP101.BEARING_TEMP,64.975,°C,GOOD
2025-03-11 20:00:00,PUMP101.BEARING_TEMP,64.859,°C,GOOD
2025-03-11 21:00:00,PUMP101.BEARING_TEMP,64.958,°C,GOOD
2025-03-11 22:00:00,PUMP101.BEARING_TEMP,64.616,°C,GOOD
2025-03-11 23:00:00,PUMP101.BEARING_TEMP,64.831,°C,GOOD
2025-03-12 00:00:00,PUMP101.BEARING_TEMP,65.22,°C,GOOD
2025-03-12 01:00:00,PUMP101.BEARING_TEMP,65.125,°C,GOOD
2025-03-12 02:00:00,PUMP101.BEARING_TEMP,65.198,°C,GOOD
2025-03-12 03:00:00,PUMP101.BEARING_TEMP,65.208,°C,GOOD
2025-03-12 04:00:00,PUMP101.BEARING_TEMP,65.101,°C,GOOD
2025-03-12 05:00:00,PUMP101.BEARING_TEMP,64.932,°C,GOOD
2025-03-12 06:00:00,PUMP101.BEARING_TEMP,64.844,°C,GOOD
2025-03-12 07:00:00,PUMP101.BEARING_TEMP,65.172,°C,GOOD
2025-03-12 08:00:00,PUMP101.BEARING_TEMP,65.01,°C,GOOD
2025-03-12 09:00:00,PUMP101.BEARING_TEMP,65.374,°C,GOOD
2025-03-12 10:00:00,PUMP101.BEARING_TEMP,64.945,°C,GOOD
2025-03-12 11:00:00,PUMP101.BEARING_TEMP,65.296,°C,GOOD
2025-03-12 12:00:00,PUMP101.BEARING_TEMP,64.976,°C,GOOD
2025-03-12 13:00:00,PUMP101.BEARING_TEMP,65.2,°C,GOOD
2025-03-12 14:00:00,PUMP101.BEARING_TEMP,65.255,°C,GOOD
2025-03-12 15:00:00,PUMP101.BEARING_TEMP,64.847,°C,GOOD
2025-03-12 16:00:00,PUMP101.BEARING_TEMP,64.927,°C,GOOD
2025-03-12 17:00:00,PUMP101.BEARING_TEMP,64.845,°C,GOOD
2025-03-12 18:00:00,PUMP101.BEARING_TEMP,64.816,°C,GOOD
2025-03-12 19:00:00,PUMP101.BEARING_TEMP,65.1,°C,GOOD
2025-03-12 20:00:00,PUMP101.BEARING_TEMP,64.971,°C,GOOD
2025-03-12 21:00:00,PUMP101.BEARING_TEMP,65.008,°C,GOOD
2025-03-12 22:00:00,PUMP101.BEARING_TEMP,65.083,°C,GOOD
2025-03-12 23:00:00,PUMP101.BEARING_TEMP,64.721,°C,GOOD
2025-03-13 00:00:00,PUMP101.BEARING_TEMP,65.193,°C,GOOD
2025-03-13 01:00:00,PUMP101.BEARING_TEMP,64.948,°C,GOOD
2025-03-13 02:00:00,PUMP101.BEARING_TEMP,65.08,°C,GOOD
2025-03-13 03:00:00,PUMP101.BEARING_TEMP,65.093,°C,GOOD
2025-03-13 04:00:00,PUMP101.BEARING_TEMP,65.206,°C,GOOD
2025-03-13 05:00:00,PUMP101.BEARING_TEMP,64.984,°C,GOOD
2025-03-13 06:00:00,PUMP101.BEARING_TEMP,64.681,°C,GOOD
2025-03-13 07:00:00,PUMP101.BEARING_TEMP,65.009,°C,GOOD
2025-03-13 08:00:00,PUMP101.BEARING_TEMP,65.03,°C,GOOD
2025-03-13 09:00:00,PUMP101.BEARING_TEMP,64.845,°C,BAD
2025-03-13 10:00:00,PUMP101.BEARING_TEMP,65.022,°C,GOOD
2025-03-13 11:00:00,PUMP101.BEARING_TEMP,64.946,°C,GOOD
2025-03-13 12:00:00,PUMP101.BEARING_TEMP,64.799,°C,GOOD
2025-03-13 13:00:00,PUMP101.BEARING_TEMP,65.101,°C,GOOD
2025-03-13 14:00:00,PUMP101.BEARING_TEMP,64.915,°C,GOOD
2025-03-13 15:00:00,PUMP101.BEARING_TEMP,64.939,°C,GOOD
2025-03-13 16:00:00,PUMP101.BEARING_TEMP,64.931,°C,GOOD
2025-03-13 17:00:00,PUMP101.BEARING_TEMP,65.185,°C,GOOD
2025-03-13 18:00:00,PUMP101.BEARING_TEMP,64.994,°C,GOOD
2025-03-13 19:00:00,PUMP101.BEARING_TEMP,65.012,°C,GOOD
2025-03-13 20:00:00,PUMP101.BEARING_TEMP,64.934,°C,GOOD
2025-03-13 21:00:00,PUMP101.BEARING_TEMP,65.069,°C,BAD
2025-03-13 22:00:00,PUMP101.BEARING_TEMP,65.202,°C,GOOD
2025-03-13 23:00:00,PUMP101.BEARING_TEMP,65.097,°C,GOOD
2025-03-14 00:00:00,PUMP101.BEARING_TEMP,65.103,°C,GOOD
2025-03-14 01:00:00,PUMP101.BEARING_TEMP,65.091,°C,GOOD
2025-03-14 02:00:00,PUMP101.BEARING_TEMP,64.793,°C,GOOD
2025-03-14 03:00:00,PUMP101.BEARING_TEMP,64.869,°C,GOOD
2025-03-14 04:00:00,PUMP101.BEARING_TEMP,64.969,°C,GOOD
2025-03-14 05:00:00,PUMP101.BEARING_TEMP,64.891,°C,GOOD
2025-03-14 06:00:00,PUMP101.BEARING_TEMP,64.84,°C,GOOD
2025-03-14 07:00:00,PUMP101.BEARING_TEMP,64.719,°C,GOOD
2025-03-14 08:00:00,PUMP101.BEARING_TEMP,64.798,°C,GOOD
2025-03-14 09:00:00,PUMP101.BEARING_TEMP,64.962,°C,GOOD
2025-03-14 10:00:00,PUMP101.BEARING_TEMP,64.99,°C,GOOD
2025-03-14 11:00:00,PUMP101.BEARING_TEMP,64.881,°C,GOOD
2025-03-14 12:00:00,PUMP101.BEARING_TEMP,65.012,°C,GOOD
2025-03-14 13:00:00,PUMP101.BEARING_TEMP,64.935,°C,GOOD
2025-03-14 14:00:00,PUMP101.BEARING_TEMP,65.164,°C,GOOD
2025-03-14 15:00:00,PUMP101.BEARING_TEMP,64.976,°C,GOOD
2025-03-14 16:00:00,PUMP101.BEARING_TEMP,65.104,°C,GOOD
2025-03-14 17:00:00,PUMP101.BEARING_TEMP,65.03,°C,GOOD
2025-03-14 18:00:00,PUMP101.BEARING_TEMP,64.79,°C,GOOD
2025-03-14 19:00:00,PUMP101.BEARING_TEMP,64.986,°C,GOOD
2025-03-14 20:00:00,PUMP101.BEARING_TEMP,64.815,°C,GOOD
2025-03-14 21:00:00,PUMP101.BEARING_TEMP,64.984,°C,GOOD
2025-03-14 22:00:00,PUMP101.BEARING_TEMP,64.888,°C,GOOD
2025-03-14 23:00:00,PUMP101.BEARING_TEMP,65.057,°C,GOOD
2025-03-15 00:00:00,PUMP101.BEARING_TEMP,64.799,°C,GOOD
2025-03-15 01:00:00,PUMP101.BEARING_TEMP,65.002,°C,GOOD
2025-03-15 02:00:00,PUMP101.BEARING_TEMP,65.086,°C,GOOD
2025-03-15 03:00:00,PUMP101.BEARING_TEMP,65.136,°C,GOOD
2025-03-15 04:00:00,PUMP101.BEARING_TEMP,64.885,°C,GOOD
2025-03-15 05:00:00,PUMP101.BEARING_TEMP,65.003,°C,BAD
2025-03-15 06:00:00,PUMP101.BEARING_TEMP,65.028,°C,GOOD
2025-03-15 07:00:00,PUMP101.BEARING_TEMP,65.232,°C,GOOD
2025-03-15 08:00:00,PUMP101.BEARING_TEMP,64.778,°C,GOOD
2025-03-15 09:00:00,PUMP101.BEARING_TEMP,64.863,°C,GOOD
2025-03-15 10:00:00,PUMP101.BEARING_TEMP,65.421,°C,GOOD
2025-03-15 11:00:00,PUMP101.BEARING_TEMP,64.959,°C,GOOD
2025-03-15 12:00:00,PUMP101.BEARING_TEMP,64.716,°C,GOOD
2025-03-15 13:00:00,PUMP101.BEARING_TEMP,64.913,°C,GOOD
2025-03-15 14:00:00,PUMP101.BEARING_TEMP,64.585,°C,GOOD
2025-03-15 15:00:00,PUMP101.BEARING_TEMP,65.036,°C,GOOD
2025-03-15 16:00:00,PUMP101.BEARING_TEMP,65.121,°C,GOOD
2025-03-15 17:00:00,PUMP101.BEARING_TEMP,64.863,°C,GOOD
2025-03-15 18:00:00,PUMP101.BEARING_TEMP,64.929,°C,GOOD
2025-03-15 19:00:00,PUMP101.BEARING_TEMP,65.139,°C,GOOD
2025-03-15 20:00:00,PUMP101.BEARING_TEMP,64.737,°C,GOOD
2025-03-15 21:00:00,PUMP101.BEARING_TEMP,64.802,°C,GOOD
2025-03-15 22:00:00,PUMP101.BEARING_TEMP,64.966,°C,GOOD
2025-03-15 23:00:00,PUMP101.BEARING_TEMP,64.887,°C,GOOD
2025-03-16 00:00:00,PUMP101.BEARING_TEMP,64.956,°C,GOOD
2025-03-16 01:00:00,PUMP101.BEARING_TEMP,64.81,°C,GOOD
2025-03-16 02:00:00,PUMP101.BEARING_TEMP,65.032,°C,GOOD
2025-03-16 03:00:00,PUMP101.BEARING_TEMP,64.978,°C,GOOD
2025-03-16 04:00:00,PUMP101.BEARING_TEMP,65.082,°C,GOOD
2025-03-16 05:00:00,PUMP101.BEARING_TEMP,65.03,°C,GOOD
2025-03-16 06:00:00,PUMP101.BEARING_TEMP,65.031,°C,GOOD
2025-03-16 07:00:00,PUMP101.BEARING_TEMP,64.783,°C,GOOD
2025-03-16 08:00:00,PUMP101.BEARING_TEMP,65.074,°C,GOOD
2025-03-16 09:00:00,PUMP101.BEARING_TEMP,64.95,°C,GOOD
2025-03-16 10:00:00,PUMP101.BEARING_TEMP,64.975,°C,GOOD
2025-03-16 11:00:00,PUMP101.BEARING_TEMP,65.157,°C,GOOD
2025-03-16 12:00:00,PUMP101.BEARING_TEMP,64.892,°C,GOOD
2025-03-16 13:00:00,PUMP101.BEARING_TEMP,65.203,°C,GOOD
2025-03-16 14:00:00,PUMP101.BEARING_TEMP,65.217,°C,GOOD
2025-03-16 15:00:00,PUMP101.BEARING_TEMP,65.113,°C,GOOD
2025-03-16 16:00:00,PUMP101.BEARING_TEMP,64.853,°C,GOOD
2025-03-16 17:00:00,PUMP101.BEARING_TEMP,64.672,°C,GOOD
2025-03-16 18:00:00,PUMP101.BEARING_TEMP,65.162,°C,GOOD
2025-03-16 19:00:00,PUMP101.BEARING_TEMP,65.017,°C,GOOD
2025-03-16 20:00:00,PUMP101.BEARING_TEMP,64.888,°C,GOOD
2025-03-16 21:00:00,PUMP101.BEARING_TEMP,65.176,°C,GOOD
2025-03-16 22:00:00,PUMP101.BEARING_TEMP,64.871,°C,GOOD
2025-03-16 23:00:00,PUMP101.BEARING_TEMP,64.936,°C,GOOD
2025-03-17 00:00:00,PUMP101.BEARING_TEMP,65.079,°C,GOOD
2025-03-17 01:00:00,PUMP101.BEARING_TEMP,64.833,°C,GOOD
2025-03-17 02:00:00,PUMP101.BEARING_TEMP,64.984,°C,GOOD
2025-03-17 03:00:00,PUMP101.BEARING_TEMP,65.163,°C,BAD
2025-03-17 04:00:00,PUMP101.BEARING_TEMP,65.032,°C,GOOD
2025-03-17 05:00:00,PUMP101.BEARING_TEMP,65.187,°C,GOOD
2025-03-17 06:00:00,PUMP101.BEARING_TEMP,65.17,°C,GOOD
2025-03-17 07:00:00,PUMP101.BEARING_TEMP,65.001,°C,GOOD
2025-03-17 08:00:00,PUMP101.BEARING_TEMP,64.649,°C,GOOD
2025-03-17 09:00:00,PUMP101.BEARING_TEMP,64.834,°C,GOOD
2025-03-17 10:00:00,PUMP101.BEARING_TEMP,65.115,°C,GOOD
2025-03-17 11:00:00,PUMP101.BEARING_TEMP,64.767,°C,GOOD
2025-03-17 12:00:00,PUMP101.BEARING_TEMP,64.951,°C,GOOD
2025-03-17 13:00:00,PUMP101.BEARING_TEMP,65.051,°C,GOOD
2025-03-17 14:00:00,PUMP101.BEARING_TEMP,65.22,°C,GOOD
2025-03-17 15:00:00,PUMP101.BEARING_TEMP,64.914,°C,GOOD
2025-03-17 16:00:00,PUMP101.BEARING_TEMP,64.903,°C,GOOD
2025-03-17 17:00:00,PUMP101.BEARING_TEMP,64.992,°C,BAD
2025-03-17 18:00:00,PUMP101.BEARING_TEMP,65.053,°C,GOOD
2025-03-17 19:00:00,PUMP101.BEARING_TEMP,64.977,°C,GOOD
2025-03-17 20:00:00,PUMP101.BEARING_TEMP,65.157,°C,GOOD
2025-03-17 21:00:00,PUMP101.BEARING_TEMP,64.88,°C,GOOD
2025-03-17 22:00:00,PUMP101.BEARING_TEMP,65.018,°C,GOOD
2025-03-17 23:00:00,PUMP101.BEARING_TEMP,65.067,°C,GOOD
2025-03-18 00:00:00,PUMP101.BEARING_TEMP,64.94,°C,GOOD
2025-03-18 01:00:00,PUMP101.BEARING_TEMP,65.126,°C,GOOD
2025-03-18 02:00:00,PUMP101.BEARING_TEMP,65.022,°C,GOOD
2025-03-18 03:00:00,PUMP101.BEARING_TEMP,65.118,°C,GOOD
2025-03-18 04:00:00,PUMP101.BEARING_TEMP,65.029,°C,GOOD
2025-03-18 05:00:00,PUMP101.BEARING_TEMP,65.056,°C,GOOD
2025-03-18 06:00:00,PUMP101.BEARING_TEMP,64.905,°C,GOOD
2025-03-18 07:00:00,PUMP101.BEARING_TEMP,64.905,°C,GOOD
2025-03-18 08:00:00,PUMP101.BEARING_TEMP,65.184,°C,GOOD
2025-03-18 09:00:00,PUMP101.BEARING_TEMP,65.095,°C,GOOD
2025-03-18 10:00:00,PUMP101.BEARING_TEMP,64.847,°C,GOOD
2025-03-18 11:00:00,PUMP101.BEARING_TEMP,65.027,°C,GOOD
2025-03-18 12:00:00,PUMP101.BEARING_TEMP,64.644,°C,GOOD
2025-03-18 13:00:00,PUMP101.BEARING_TEMP,64.914,°C,GOOD
2025-03-18 14:00:00,PUMP101.BEARING_TEMP,65.144,°C,GOOD
2025-03-18 15:00:00,PUMP101.BEARING_TEMP,64.981,°C,GOOD
2025-03-18 16:00:00,PUMP101.BEARING_TEMP,65.018,°C,GOOD
2025-03-18 17:00:00,PUMP101.BEARING_TEMP,64.548,°C,GOOD
2025-03-18 18:00:00,PUMP101.BEARING_TEMP,64.941,°C,GOOD
2025-03-18 19:00:00,PUMP101.BEARING_TEMP,65.051,°C,GOOD
2025-03-18 20:00:00,PUMP101.BEARING_TEMP,65.07,°C,GOOD
2025-03-18 21:00:00,PUMP101.BEARING_TEMP,65.144,°C,GOOD
2025-03-18 22:00:00,PUMP101.BEARING_TEMP,64.968,°C,GOOD
2025-03-18 23:00:00,PUMP101.BEARING_TEMP,64.975,°C,GOOD
2025-03-19 00:00:00,PUMP101.BEARING_TEMP,64.8,°C,GOOD
2025-03-19 01:00:00,PUMP101.BEARING_TEMP,64.969,°C,GOOD
2025-03-19 02:00:00,PUMP101.BEARING_TEMP,64.811,°C,GOOD
2025-03-19 03:00:00,PUMP101.BEARING_TEMP,64.723,°C,GOOD
2025-03-19 04:00:00,PUMP101.BEARING_TEMP,64.837,°C,GOOD
2025-03-19 05:00:00,PUMP101.BEARING_TEMP,65.226,°C,GOOD
2025-03-19 06:00:00,PUMP101.BEARING_TEMP,64.959,°C,GOOD
2025-03-19 07:00:00,PUMP101.BEARING_TEMP,65.033,°C,GOOD
2025-03-19 08:00:00,PUMP101.BEARING_TEMP,64.923,°C,GOOD
2025-03-19 09:00:00,PUMP101.BEARING_TEMP,64.731,°C,GOOD
2025-03-19 10:00:00,PUMP101.BEARING_TEMP,65.14,°C,GOOD
2025-03-19 11:00:00,PUMP101.BEARING_TEMP,64.674,°C,GOOD
2025-03-19 12:00:00,PUMP101.BEARING_TEMP,64.917,°C,GOOD
2025-03-19 13:00:00,PUMP101.BEARING_TEMP,64.992,°C,GOOD
2025-03-19 14:00:00,PUMP101.BEARING_TEMP,65.035,°C,GOOD
2025-03-19 15:00:00,PUMP101.BEARING_TEMP,64.891,°C,GOOD
2025-03-19 16:00:00,PUMP101.BEARING_TEMP,64.724,°C,GOOD
2025-03-19 17:00:00,PUMP101.BEARING_TEMP,64.88,°C,GOOD
2025-03-19 18:00:00,PUMP101.BEARING_TEMP,64.888,°C,GOOD
2025-03-19 19:00:00,PUMP101.BEARING_TEMP,64.884,°C,GOOD
2025-03-19 20:00:00,PUMP101.BEARING_TEMP,65.146,°C,GOOD
2025-03-19 21:00:00,PUMP101.BEARING_TEMP,64.818,°C,GOOD
2025-03-19 22:00:00,PUMP101.BEARING_TEMP,65.045,°C,GOOD
2025-03-19 23:00:00,PUMP101.BEARING_TEMP,65.024,°C,GOOD
2025-03-20 00:00:00,PUMP101.BEARING_TEMP,65.144,°C,GOOD
2025-03-20 01:00:00,PUMP101.BEARING_TEMP,64.98,°C,GOOD
2025-03-20 02:00:00,PUMP101.BEARING_TEMP,65.119,°C,GOOD
2025-03-20 03:00:00,PUMP101.BEARING_TEMP,64.974,°C,GOOD
2025-03-20 04:00:00,PUMP101.BEARING_TEMP,65.065,°C,GOOD
2025-03-20 05:00:00,PUMP101.BEARING_TEMP,64.775,°C,GOOD
2025-03-20 06:00:00,PUMP101.BEARING_TEMP,64.604,°C,GOOD
2025-03-20 07:00:00,PUMP101.BEARING_TEMP,65.057,°C,GOOD
2025-03-20 08:00:00,PUMP101.BEARING_TEMP,65.065,°C,GOOD
2025-03-20 09:00:00,PUMP101.BEARING_TEMP,65.071,°C,GOOD
2025-03-20 10:00:00,PUMP101.BEARING_TEMP,64.921,°C,GOOD
2025-03-20 11:00:00,PUMP101.BEARING_TEMP,65.223,°C,GOOD
2025-03-20 12:00:00,PUMP101.BEARING_TEMP,64.931,°C,GOOD
2025-03-20 13:00:00,PUMP101.BEARING_TEMP,65.063,°C,GOOD
2025-03-20 14:00:00,PUMP101.BEARING_TEMP,65.089,°C,GOOD
2025-03-20 15:00:00,PUMP101.BEARING_TEMP,65.258,°C,GOOD
2025-03-20 16:00:00,PUMP101.BEARING_TEMP,64.952,°C,GOOD
2025-03-20 17:00:00,PUMP101.BEARING_TEMP,64.902,°C,GOOD
2025-03-20 18:00:00,PUMP101.BEARING_TEMP,64.775,°C,GOOD
2025-03-20 19:00:00,PUMP101.BEARING_TEMP,65.233,°C,GOOD
2025-03-20 20:00:00,PUMP101.BEARING_TEMP,65.063,°C,GOOD
2025-03-20 21:00:00,PUMP101.BEARING_TEMP,65.068,°C,GOOD
2025-03-20 22:00:00,PUMP101.BEARING_TEMP,65.468,°C,GOOD
2025-03-20 23:00:00,PUMP101.BEARING_TEMP,65.049,°C,GOOD
2025-03-21 00:00:00,PUMP101.BEARING_TEMP,64.805,°C,GOOD
2025-03-21 01:00:00,PUMP101.BEARING_TEMP,64.971,°C,GOOD
2025-03-21 02:00:00,PUMP101.BEARING_TEMP,64.854,°C,GOOD
2025-03-21 03:00:00,PUMP101.BEARING_TEMP,64.941,°C,GOOD
2025-03-21 04:00:00,PUMP101.BEARING_TEMP,64.94,°C,GOOD
2025-03-21 05:00:00,PUMP101.BEARING_TEMP,64.912,°C,GOOD
2025-03-21 06:00:00,PUMP101.BEARING_TEMP,64.791,°C,GOOD
2025-03-21 07:00:00,PUMP101.BEARING_TEMP,65.239,°C,GOOD
2025-03-21 08:00:00,PUMP101.BEARING_TEMP,65.045,°C,GOOD
2025-03-21 09:00:00,PUMP101.BEARING_TEMP,64.966,°C,GOOD
2025-03-21 10:00:00,PUMP101.BEARING_TEMP,65.114,°C,GOOD
2025-03-21 11:00:00,PUMP101.BEARING_TEMP,65.071,°C,GOOD
2025-03-21 12:00:00,PUMP101.BEARING_TEMP,65.041,°C,GOOD
2025-03-21 13:00:00,PUMP101.BEARING_TEMP,65.103,°C,GOOD
2025-03-21 14:00:00,PUMP101.BEARING_TEMP,65.02,°C,GOOD
2025-03-21 15:00:00,PUMP101.BEARING_TEMP,65.101,°C,GOOD
2025-03-21 16:00:00,PUMP101.BEARING_TEMP,65.113,°C,GOOD
2025-03-21 17:00:00,PUMP101.BEARING_TEMP,65.024,°C,GOOD
2025-03-21 18:00:00,PUMP101.BEARING_TEMP,64.967,°C,GOOD
2025-03-21 19:00:00,PUMP101.BEARING_TEMP,65.23,°C,GOOD
2025-03-21 20:00:00,PUMP101.BEARING_TEMP,64.928,°C,GOOD
2025-03-21 21:00:00,PUMP101.BEARING_TEMP,65.059,°C,GOOD
2025-03-21 22:00:00,PUMP101.BEARING_TEMP,65.062,°C,GOOD
2025-03-21 23:00:00,PUMP101.BEARING_TEMP,64.909,°C,GOOD
2025-03-22 00:00:00,PUMP101.BEARING_TEMP,64.879,°C,GOOD
2025-03-22 01:00:00,PUMP101.BEARING_TEMP,64.947,°C,GOOD
2025-03-22 02:00:00,PUMP101.BEARING_TEMP,64.926,°C,GOOD
2025-03-22 03:00:00,PUMP101.BEARING_TEMP,64.781,°C,GOOD
2025-03-22 04:00:00,PUMP101.BEARING_TEMP,64.902,°C,GOOD
2025-03-22 05:00:00,PUMP101.BEARING_TEMP,65.04,°C,GOOD
2025-03-22 06:00:00,PUMP101.BEARING_TEMP,65.19,°C,GOOD
2025-03-22 07:00:00,PUMP101.BEARING_TEMP,65.083,°C,GOOD
2025-03-22 08:00:00,PUMP101.BEARING_TEMP,64.61,°C,GOOD
2025-03-22 09:00:00,PUMP101.BEARING_TEMP,65.096,°C,GOOD
2025-03-22 10:00:00,PUMP101.BEARING_TEMP,64.916,°C,GOOD
2025-03-22 11:00:00,PUMP101.BEARING_TEMP,65.068,°C,GOOD
2025-03-22 12:00:00,PUMP101.BEARING_TEMP,64.998,°C,GOOD
2025-03-22 13:00:00,PUMP101.BEARING_TEMP,64.971,°C,GOOD
2025-03-22 14:00:00,PUMP101.BEARING_TEMP,64.985,°C,GOOD
2025-03-22 15:00:00,PUMP101.BEARING_TEMP,64.997,°C,GOOD
2025-03-22 16:00:00,PUMP101.BEARING_TEMP,65.202,°C,GOOD
2025-03-22 17:00:00,PUMP101.BEARING_TEMP,64.997,°C,GOOD
2025-03-22 18:00:00,PUMP101.BEARING_TEMP,65.163,°C,GOOD
2025-03-22 19:00:00,PUMP101.BEARING_TEMP,65.141,°C,GOOD
2025-03-22 20:00:00,PUMP101.BEARING_TEMP,65.1,°C,GOOD
2025-03-22 21:00:00,PUMP101.BEARING_TEMP,64.732,°C,GOOD
2025-03-22 22:00:00,PUMP101.BEARING_TEMP,65.167,°C,GOOD
2025-03-22 23:00:00,PUMP101.BEARING_TEMP,64.931,°C,GOOD
2025-03-23 00:00:00,PUMP101.BEARING_TEMP,65.107,°C,GOOD
2025-03-23 01:00:00,PUMP101.BEARING_TEMP,64.854,°C,GOOD
2025-03-23 02:00:00,PUMP101.BEARING_TEMP,64.822,°C,GOOD
2025-03-23 03:00:00,PUMP101.BEARING_TEMP,65.296,°C,GOOD
2025-03-23 04:00:00,PUMP101.BEARING_TEMP,64.856,°C,GOOD
2025-03-23 05:00:00,PUMP101.BEARING_TEMP,65.172,°C,GOOD
2025-03-23 06:00:00,PUMP101.BEARING_TEMP,65.018,°C,GOOD
2025-03-23 07:00:00,PUMP101.BEARING_TEMP,64.937,°C,GOOD
2025-03-23 08:00:00,PUMP101.BEARING_TEMP,64.993,°C,GOOD
2025-03-23 09:00:00,PUMP101.BEARING_TEMP,64.805,°C,GOOD
2025-03-23 10:00:00,PUMP101.BEARING_TEMP,64.998,°C,GOOD
2025-03-23 11:00:00,PUMP101.BEARING_TEMP,64.838,°C,GOOD
2025-03-23 12:00:00,PUMP101.BEARING_TEMP,64.941,°C,GOOD
2025-03-23 13:00:00,PUMP101.BEARING_TEMP,65.139,°C,GOOD
2025-03-23 14:00:00,PUMP101.BEARING_TEMP,65.038,°C,GOOD
2025-03-23 15:00:00,PUMP101.BEARING_TEMP,64.778,°C,GOOD
2025-03-23 16:00:00,PUMP101.BEARING_TEMP,65.128,°C,GOOD
2025-03-23 17:00:00,PUMP101.BEARING_TEMP,64.999,°C,GOOD
2025-03-23 18:00:00,PUMP101.BEARING_TEMP,64.919,°C,GOOD
2025-03-23 19:00:00,PUMP101.BEARING_TEMP,65.112,°C,GOOD
2025-03-23 20:00:00,PUMP101.BEARING_TEMP,64.975,°C,GOOD
2025-03-23 21:00:00,PUMP101.BEARING_TEMP,64.825,°C,GOOD
2025-03-23 22:00:00,PUMP101.BEARING_TEMP,65.277,°C,GOOD
2025-03-23 23:00:00,PUMP101.BEARING_TEMP,64.997,°C,GOOD
2025-03-24 00:00:00,PUMP101.BEARING_TEMP,64.988,°C,GOOD
2025-03-24 01:00:00,PUMP101.BEARING_TEMP,64.939,°C,GOOD
2025-03-24 02:00:00,PUMP101.BEARING_TEMP,65.177,°C,GOOD
2025-03-24 03:00:00,PUMP101.BEARING_TEMP,64.921,°C,GOOD
2025-03-24 04:00:00,PUMP101.BEARING_TEMP,64.768,°C,GOOD
2025-03-24 05:00:00,PUMP101.BEARING_TEMP,64.898,°C,GOOD
2025-03-24 06:00:00,PUMP101.BEARING_TEMP,65.199,°C,GOOD
2025-03-24 07:00:00,PUMP101.BEARING_TEMP,65.125,°C,GOOD
2025-03-24 08:00:00,PUMP101.BEARING_TEMP,64.962,°C,GOOD
2025-03-24 09:00:00,PUMP101.BEARING_TEMP,65.206,°C,GOOD
2025-03-24 10:00:00,PUMP101.BEARING_TEMP,65.112,°C,GOOD
2025-03-24 11:00:00,PUMP101.BEARING_TEMP,64.96,°C,GOOD
2025-03-24 12:00:00,PUMP101.BEARING_TEMP,64.975,°C,GOOD
2025-03-24 13:00:00,PUMP101.BEARING_TEMP,65.049,°C,GOOD
2025-03-24 14:00:00,PUMP101.BEARING_TEMP,64.875,°C,GOOD
2025-03-24 15:00:00,PUMP101.BEARING_TEMP,65.001,°C,GOOD
2025-03-24 16:00:00,PUMP101.BEARING_TEMP,65.046,°C,GOOD
2025-03-24 17:00:00,PUMP101.BEARING_TEMP,64.747,°C,GOOD
2025-03-24 18:00:00,PUMP101.BEARING_TEMP,64.972,°C,GOOD
2025-03-24 19:00:00,PUMP101.BEARING_TEMP,64.955,°C,GOOD
2025-03-24 20:00:00,PUMP101.BEARING_TEMP,65.154,°C,GOOD
2025-03-24 21:00:00,PUMP101.BEARING_TEMP,64.723,°C,GOOD
2025-03-24 22:00:00,PUMP101.BEARING_TEMP,64.943,°C,GOOD
2025-03-24 23:00:00,PUMP101.BEARING_TEMP,64.928,°C,GOOD
2025-03-25 00:00:00,PUMP101.BEARING_TEMP,65.144,°C,GOOD
2025-03-25 01:00:00,PUMP101.BEARING_TEMP,64.993,°C,GOOD
2025-03-25 02:00:00,PUMP101.BEARING_TEMP,65.269,°C,GOOD
2025-03-25 03:00:00,PUMP101.BEARING_TEMP,65.099,°C,GOOD
2025-03-25 04:00:00,PUMP101.BEARING_TEMP,64.938,°C,GOOD
2025-03-25 05:00:00,PUMP101.BEARING_TEMP,65.036,°C,GOOD
2025-03-25 06:00:00,PUMP101.BEARING_TEMP,64.947,°C,GOOD
2025-03-25 07:00:00,PUMP101.BEARING_TEMP,65.129,°C,GOOD
2025-03-25 08:00:00,PUMP101.BEARING_TEMP,64.8,°C,GOOD
2025-03-25 09:00:00,PUMP101.BEARING_TEMP,64.876,°C,GOOD
2025-03-25 10:00:00,PUMP101.BEARING_TEMP,65.068,°C,GOOD
2025-03-25 11:00:00,PUMP101.BEARING_TEMP,65.184,°C,GOOD
2025-03-25 12:00:00,PUMP101.BEARING_TEMP,64.67,°C,GOOD
2025-03-25 13:00:00,PUMP101.BEARING_TEMP,65.206,°C,GOOD
2025-03-25 14:00:00,PUMP101.BEARING_TEMP,64.979,°C,GOOD
2025-03-25 15:00:00,PUMP101.BEARING_TEMP,64.717,°C,GOOD
2025-03-25 16:00:00,PUMP101.BEARING_TEMP,64.55,°C,GOOD
2025-03-25 17:00:00,PUMP101.BEARING_TEMP,64.771,°C,GOOD
2025-03-25 18:00:00,PUMP101.BEARING_TEMP,64.997,°C,GOOD
2025-03-25 19:00:00,PUMP101.BEARING_TEMP,64.99,°C,GOOD
2025-03-25 20:00:00,PUMP101.BEARING_TEMP,65.095,°C,GOOD
2025-03-25 21:00:00,PUMP101.BEARING_TEMP,64.918,°C,BAD
2025-03-25 22:00:00,PUMP101.BEARING_TEMP,64.834,°C,GOOD
2025-03-25 23:00:00,PUMP101.BEARING_TEMP,64.938,°C,GOOD
2025-03-26 00:00:00,PUMP101.BEARING_TEMP,65.005,°C,GOOD
2025-03-26 01:00:00,PUMP101.BEARING_TEMP,65.035,°C,GOOD
2025-03-26 02:00:00,PUMP101.BEARING_TEMP,64.882,°C,GOOD
2025-03-26 03:00:00,PUMP101.BEARING_TEMP,65.135,°C,GOOD
2025-03-26 04:00:00,PUMP101.BEARING_TEMP,64.907,°C,GOOD
2025-03-26 05:00:00,PUMP101.BEARING_TEMP,64.87,°C,GOOD
2025-03-26 06:00:00,PUMP101.BEARING_TEMP,64.919,°C,GOOD
2025-03-26 07:00:00,PUMP101.BEARING_TEMP,65.161,°C,GOOD
2025-03-26 08:00:00,PUMP101.BEARING_TEMP,64.98,°C,GOOD
2025-03-26 09:00:00,PUMP101.BEARING_TEMP,64.896,°C,GOOD
2025-03-26 10:00:00,PUMP101.BEARING_TEMP,65.139,°C,GOOD
2025-03-26 11:00:00,PUMP101.BEARING_TEMP,65.321,°C,GOOD
2025-03-26 12:00:00,PUMP101.BEARING_TEMP,65.031,°C,GOOD
2025-03-26 13:00:00,PUMP101.BEARING_TEMP,65.185,°C,GOOD
2025-03-26 14:00:00,PUMP101.BEARING_TEMP,65.155,°C,GOOD
2025-03-26 15:00:00,PUMP101.BEARING_TEMP,64.909,°C,GOOD
2025-03-26 16:00:00,PUMP101.BEARING_TEMP,65.004,°C,GOOD
2025-03-26 17:00:00,PUMP101.BEARING_TEMP,64.808,°C,GOOD
2025-03-26 18:00:00,PUMP101.BEARING_TEMP,64.969,°C,GOOD
2025-03-26 19:00:00,PUMP101.BEARING_TEMP,64.906,°C,GOOD
2025-03-26 20:00:00,PUMP101.BEARING_TEMP,64.94,°C,GOOD
2025-03-26 21:00:00,PUMP101.BEARING_TEMP,64.888,°C,GOOD
2025-03-26 22:00:00,PUMP101.BEARING_TEMP,64.957,°C,GOOD
2025-03-26 23:00:00,PUMP101.BEARING_TEMP,65.08,°C,GOOD
2025-03-27 00:00:00,PUMP101.BEARING_TEMP,64.982,°C,GOOD
2025-03-27 01:00:00,PUMP101.BEARING_TEMP,64.72,°C,GOOD
2025-03-27 02:00:00,PUMP101.BEARING_TEMP,64.888,°C,GOOD
2025-03-27 03:00:00,PUMP101.BEARING_TEMP,64.772,°C,GOOD
2025-03-27 04:00:00,PUMP101.BEARING_TEMP,65.037,°C,GOOD
2025-03-27 05:00:00,PUMP101.BEARING_TEMP,65.075,°C,GOOD
2025-03-27 06:00:00,PUMP101.BEARING_TEMP,65.038,°C,GOOD
2025-03-27 07:00:00,PUMP101.BEARING_TEMP,64.882,°C,GOOD
2025-03-27 08:00:00,PUMP101.BEARING_TEMP,65.037,°C,GOOD
2025-03-27 09:00:00,PUMP101.BEARING_TEMP,64.929,°C,GOOD
2025-03-27 10:00:00,PUMP101.BEARING_TEMP,64.829,°C,GOOD
2025-03-27 11:00:00,PUMP101.BEARING_TEMP,65.111,°C,GOOD
2025-03-27 12:00:00,PUMP101.BEARING_TEMP,65.123,°C,GOOD
2025-03-27 13:00:00,PUMP101.BEARING_TEMP,65.142,°C,GOOD
2025-03-27 14:00:00,PUMP101.BEARING_TEMP,64.909,°C,GOOD
2025-03-27 15:00:00,PUMP101.BEARING_TEMP,65.177,°C,GOOD
2025-03-27 16:00:00,PUMP101.BEARING_TEMP,64.926,°C,GOOD
2025-03-27 17:00:00,PUMP101.BEARING_TEMP,65.098,°C,GOOD
2025-03-27 18:00:00,PUMP101.BEARING_TEMP,64.923,°C,GOOD
2025-03-27 19:00:00,PUMP101.BEARING_TEMP,64.966,°C,GOOD
2025-03-27 20:00:00,PUMP101.BEARING_TEMP,64.637,°C,GOOD
2025-03-27 21:00:00,PUMP101.BEARING_TEMP,64.955,°C,GOOD
2025-03-27 22:00:00,PUMP101.BEARING_TEMP,65.014,°C,GOOD
2025-03-27 23:00:00,PUMP101.BEARING_TEMP,64.938,°C,GOOD
2025-03-28 00:00:00,PUMP101.BEARING_TEMP,65.263,°C,GOOD
2025-03-28 01:00:00,PUMP101.BEARING_TEMP,64.826,°C,GOOD
2025-03-28 02:00:00,PUMP101.BEARING_TEMP,64.915,°C,GOOD
2025-03-28 03:00:00,PUMP101.BEARING_TEMP,64.864,°C,GOOD
2025-03-28 04:00:00,PUMP101.BEARING_TEMP,64.915,°C,GOOD
2025-03-28 05:00:00,PUMP101.BEARING_TEMP,65.155,°C,GOOD
2025-03-28 06:00:00,PUMP101.BEARING_TEMP,65.222,°C,GOOD
2025-03-28 07:00:00,PUMP101.BEARING_TEMP,64.895,°C,GOOD
2025-03-28 08:00:00,PUMP101.BEARING_TEMP,64.892,°C,GOOD
2025-03-28 09:00:00,PUMP101.BEARING_TEMP,64.826,°C,GOOD
2025-03-28 10:00:00,PUMP101.BEARING_TEMP,65.196,°C,GOOD
2025-03-28 11:00:00,PUMP101.BEARING_TEMP,65.168,°C,GOOD
2025-03-28 12:00:00,PUMP101.BEARING_TEMP,64.984,°C,GOOD
2025-03-28 13:00:00,PUMP101.BEARING_TEMP,64.791,°C,GOOD
2025-03-28 14:00:00,PUMP101.BEARING_TEMP,64.804,°C,GOOD
2025-03-28 15:00:00,PUMP101.BEARING_TEMP,65.026,°C,GOOD
2025-03-28 16:00:00,PUMP101.BEARING_TEMP,65.082,°C,GOOD
2025-03-28 17:00:00,PUMP101.BEARING_TEMP,64.69,°C,GOOD
2025-03-28 18:00:00,PUMP101.BEARING_TEMP,64.952,°C,GOOD
2025-03-28 19:00:00,PUMP101.BEARING_TEMP,65.243,°C,GOOD
2025-03-28 20:00:00,PUMP101.BEARING_TEMP,64.967,°C,GOOD
2025-03-28 21:00:00,PUMP101.BEARING_TEMP,65.223,°C,GOOD
2025-03-28 22:00:00,PUMP101.BEARING_TEMP,65.097,°C,GOOD
2025-03-28 23:00:00,PUMP101.BEARING_TEMP,64.837,°C,GOOD
2025-03-29 00:00:00,PUMP101.BEARING_TEMP,64.956,°C,GOOD
2025-03-29 01:00:00,PUMP101.BEARING_TEMP,64.981,°C,GOOD
2025-03-29 02:00:00,PUMP101.BEARING_TEMP,64.857,°C,GOOD
2025-03-29 03:00:00,PUMP101.BEARING_TEMP,64.855,°C,GOOD
2025-03-29 04:00:00,PUMP101.BEARING_TEMP,65.226,°C,GOOD
2025-03-29 05:00:00,PUMP101.BEARING_TEMP,64.853,°C,GOOD
2025-03-29 06:00:00,PUMP101.BEARING_TEMP,65.162,°C,GOOD
2025-03-29 07:00:00,PUMP101.BEARING_TEMP,64.935,°C,GOOD
2025-03-29 08:00:00,PUMP101.BEARING_TEMP,64.996,°C,GOOD
2025-03-29 09:00:00,PUMP101.BEARING_TEMP,65.084,°C,GOOD
2025-03-29 10:00:00,PUMP101.BEARING_TEMP,64.91,°C,GOOD
2025-03-29 11:00:00,PUMP101.BEARING_TEMP,65.085,°C,GOOD
2025-03-29 12:00:00,PUMP101.BEARING_TEMP,64.693,°C,GOOD
2025-03-29 13:00:00,PUMP101.BEARING_TEMP,65.066,°C,GOOD
2025-03-29 14:00:00,PUMP101.BEARING_TEMP,64.63,°C,GOOD
2025-03-29 15:00:00,PUMP101.BEARING_TEMP,64.966,°C,GOOD
2025-03-29 16:00:00,PUMP101.BEARING_TEMP,65.128,°C,GOOD
2025-03-29 17:00:00,PUMP101.BEARING_TEMP,65.093,°C,GOOD
2025-03-29 18:00:00,PUMP101.BEARING_TEMP,64.805,°C,GOOD
2025-03-29 19:00:00,PUMP101.BEARING_TEMP,64.825,°C,GOOD
2025-03-29 20:00:00,PUMP101.BEARING_TEMP,64.897,°C,GOOD
2025-03-29 21:00:00,PUMP101.BEARING_TEMP,65.028,°C,GOOD
2025-03-29 22:00:00,PUMP101.BEARING_TEMP,64.695,°C,GOOD
2025-03-29 23:00:00,PUMP101.BEARING_TEMP,64.998,°C,GOOD
2025-03-30 00:00:00,PUMP101.BEARING_TEMP,65.047,°C,GOOD
2025-03-30 01:00:00,PUMP101.BEARING_TEMP,64.958,°C,GOOD
2025-03-30 02:00:00,PUMP101.BEARING_TEMP,65.079,°C,GOOD
2025-03-30 03:00:00,PUMP101.BEARING_TEMP,65.034,°C,GOOD
2025-03-30 04:00:00,PUMP101.BEARING_TEMP,64.919,°C,GOOD
2025-03-30 05:00:00,PUMP101.BEARING_TEMP,64.71,°C,GOOD
2025-03-30 06:00:00,PUMP101.BEARING_TEMP,65.02,°C,GOOD
2025-03-30 07:00:00,PUMP101.BEARING_TEMP,64.857,°C,GOOD
2025-03-30 08:00:00,PUMP101.BEARING_TEMP,64.913,°C,GOOD
2025-03-30 09:00:00,PUMP101.BEARING_TEMP,65.072,°C,GOOD
2025-03-30 10:00:00,PUMP101.BEARING_TEMP,65.213,°C,GOOD
2025-03-30 11:00:00,PUMP101.BEARING_TEMP,64.994,°C,GOOD
2025-03-30 12:00:00,PUMP101.BEARING_TEMP,65.083,°C,GOOD
2025-03-30 13:00:00,PUMP101.BEARING_TEMP,64.783,°C,GOOD
2025-03-30 14:00:00,PUMP101.BEARING_TEMP,65.037,°C,GOOD
2025-03-30 15:00:00,PUMP101.BEARING_TEMP,64.991,°C,GOOD
2025-03-30 16:00:00,PUMP101.BEARING_TEMP,65.184,°C,GOOD
2025-03-30 17:00:00,PUMP101.BEARING_TEMP,64.919,°C,GOOD
2025-03-30 18:00:00,PUMP101.BEARING_TEMP,64.964,°C,GOOD
2025-03-30 19:00:00,PUMP101.BEARING_TEMP,65.159,°C,GOOD
2025-03-30 20:00:00,PUMP101.BEARING_TEMP,64.986,°C,GOOD
2025-03-30 21:00:00,PUMP101.BEARING_TEMP,64.834,°C,GOOD
2025-03-30 22:00:00,PUMP101.BEARING_TEMP,65.383,°C,GOOD
2025-03-30 23:00:00,PUMP101.BEARING_TEMP,64.838,°C,GOOD
2025-03-31 00:00:00,PUMP101.BEARING_TEMP,64.99,°C,GOOD
2025-03-31 01:00:00,PUMP101.BEARING_TEMP,65.052,°C,GOOD
2025-03-31 02:00:00,PUMP101.BEARING_TEMP,65.04,°C,GOOD
2025-03-31 03:00:00,PUMP101.BEARING_TEMP,64.972,°C,GOOD
2025-03-31 04:00:00,PUMP101.BEARING_TEMP,64.972,°C,GOOD
2025-03-31 05:00:00,PUMP101.BEARING_TEMP,64.965,°C,GOOD
2025-03-31 06:00:00,PUMP101.BEARING_TEMP,64.833,°C,GOOD
2025-03-31 07:00:00,PUMP101.BEARING_TEMP,65.323,°C,GOOD
2025-03-31 08:00:00,PUMP101.BEARING_TEMP,64.967,°C,GOOD
2025-03-31 09:00:00,PUMP101.BEARING_TEMP,65.09,°C,GOOD
2025-03-31 10:00:00,PUMP101.BEARING_TEMP,64.95,°C,GOOD
2025-03-31 11:00:00,PUMP101.BEARING_TEMP,64.947,°C,GOOD
2025-03-31 12:00:00,PUMP101.BEARING_TEMP,64.932,°C,GOOD
2025-03-31 13:00:00,PUMP101.BEARING_TEMP,64.768,°C,GOOD
2025-03-31 14:00:00,PUMP101.BEARING_TEMP,64.976,°C,GOOD
2025-03-31 15:00:00,PUMP101.BEARING_TEMP,64.939,°C,GOOD
2025-03-31 16:00:00,PUMP101.BEARING_TEMP,65.176,°C,GOOD
2025-03-31 17:00:00,PUMP101.BEARING_TEMP,64.82,°C,GOOD
2025-03-31 18:00:00,PUMP101.BEARING_TEMP,64.913,°C,GOOD
2025-03-31 19:00:00,PUMP101.BEARING_TEMP,64.865,°C,GOOD
2025-03-31 20:00:00,PUMP101.BEARING_TEMP,65.216,°C,GOOD
2025-03-31 21:00:00,PUMP101.BEARING_TEMP,64.87,°C,GOOD
2025-03-31 22:00:00,PUMP101.BEARING_TEMP,65.084,°C,GOOD
2025-03-31 23:00:00,PUMP101.BEARING_TEMP,65.146,°C,GOOD
2025-04-01 00:00:00,PUMP101.BEARING_TEMP,64.978,°C,GOOD
2025-04-01 01:00:00,PUMP101.BEARING_TEMP,64.793,°C,GOOD
2025-04-01 02:00:00,PUMP101.BEARING_TEMP,64.795,°C,GOOD
2025-04-01 03:00:00,PUMP101.BEARING_TEMP,65.129,°C,GOOD
2025-04-01 04:00:00,PUMP101.BEARING_TEMP,64.811,°C,GOOD
2025-04-01 05:00:00,PUMP101.BEARING_TEMP,65.059,°C,GOOD
2025-04-01 06:00:00,PUMP101.BEARING_TEMP,65.017,°C,GOOD
2025-04-01 07:00:00,PUMP101.BEARING_TEMP,65.057,°C,GOOD
2025-04-01 08:00:00,PUMP101.BEARING_TEMP,65.071,°C,GOOD
2025-04-01 09:00:00,PUMP101.BEARING_TEMP,64.86,°C,GOOD
2025-04-01 10:00:00,PUMP101.BEARING_TEMP,64.854,°C,GOOD
2025-04-01 11:00:00,PUMP101.BEARING_TEMP,65.107,°C,GOOD
2025-04-01 12:00:00,PUMP101.BEARING_TEMP,64.906,°C,GOOD
2025-04-01 13:00:00,PUMP101.BEARING_TEMP,64.587,°C,GOOD
2025-04-01 14:00:00,PUMP101.BEARING_TEMP,65.097,°C,GOOD
2025-04-01 15:00:00,PUMP101.BEARING_TEMP,64.845,°C,GOOD
2025-04-01 16:00:00,PUMP101.BEARING_TEMP,65.07,°C,GOOD
2025-04-01 17:00:00,PUMP101.BEARING_TEMP,65.209,°C,GOOD
2025-04-01 18:00:00,PUMP101.BEARING_TEMP,65.003,°C,GOOD
2025-04-01 19:00:00,PUMP101.BEARING_TEMP,65.149,°C,GOOD
2025-04-01 20:00:00,PUMP101.BEARING_TEMP,65.023,°C,GOOD
2025-04-01 21:00:00,PUMP101.BEARING_TEMP,65.238,°C,GOOD
2025-04-01 22:00:00,PUMP101.BEARING_TEMP,64.841,°C,GOOD
2025-04-01 23:00:00,PUMP101.BEARING_TEMP,64.999,°C,GOOD
2025-04-02 00:00:00,PUMP101.BEARING_TEMP,65.101,°C,GOOD
2025-04-02 01:00:00,PUMP101.BEARING_TEMP,64.971,°C,GOOD
2025-04-02 02:00:00,PUMP101.BEARING_TEMP,65.173,°C,GOOD
2025-04-02 03:00:00,PUMP101.BEARING_TEMP,64.935,°C,GOOD
2025-04-02 04:00:00,PUMP101.BEARING_TEMP,65.31,°C,GOOD
2025-04-02 05:00:00,PUMP101.BEARING_TEMP,65.318,°C,GOOD
2025-04-02 06:00:00,PUMP101.BEARING_TEMP,65.042,°C,GOOD
2025-04-02 07:00:00,PUMP101.BEARING_TEMP,65.083,°C,GOOD
2025-04-02 08:00:00,PUMP101.BEARING_TEMP,65.179,°C,GOOD
2025-04-02 09:00:00,PUMP101.BEARING_TEMP,64.822,°C,GOOD
2025-04-02 10:00:00,PUMP101.BEARING_TEMP,64.803,°C,GOOD
2025-04-02 11:00:00,PUMP101.BEARING_TEMP,65.188,°C,GOOD
2025-04-02 12:00:00,PUMP101.BEARING_TEMP,65.041,°C,GOOD
2025-04-02 13:00:00,PUMP101.BEARING_TEMP,64.966,°C,GOOD
2025-04-02 14:00:00,PUMP101.BEARING_TEMP,65.002,°C,GOOD
2025-04-02 15:00:00,PUMP101.BEARING_TEMP,64.642,°C,GOOD
2025-04-02 16:00:00,PUMP101.BEARING_TEMP,64.971,°C,GOOD
2025-04-02 17:00:00,PUMP101.BEARING_TEMP,64.887,°C,GOOD
2025-04-02 18:00:00,PUMP101.BEARING_TEMP,65.138,°C,GOOD
2025-04-02 19:00:00,PUMP101.BEARING_TEMP,65.149,°C,GOOD
2025-04-02 20:00:00,PUMP101.BEARING_TEMP,65.087,°C,GOOD
2025-04-02 21:00:00,PUMP101.BEARING_TEMP,65.059,°C,GOOD
2025-04-02 22:00:00,PUMP101.BEARING_TEMP,64.775,°C,GOOD
2025-04-02 23:00:00,PUMP101.BEARING_TEMP,65.089,°C,GOOD
2025-04-03 00:00:00,PUMP101.BEARING_TEMP,65.094,°C,GOOD
2025-04-03 01:00:00,PUMP101.BEARING_TEMP,65.187,°C,GOOD
2025-04-03 02:00:00,PUMP101.BEARING_TEMP,65.318,°C,GOOD
2025-04-03 03:00:00,PUMP101.BEARING_TEMP,64.746,°C,GOOD
2025-04-03 04:00:00,PUMP101.BEARING_TEMP,64.942,°C,GOOD
2025-04-03 05:00:00,PUMP101.BEARING_TEMP,64.889,°C,GOOD
2025-04-03 06:00:00,PUMP101.BEARING_TEMP,65.026,°C,BAD
2025-04-03 07:00:00,PUMP101.BEARING_TEMP,65.002,°C,GOOD
2025-04-03 08:00:00,PUMP101.BEARING_TEMP,64.965,°C,GOOD
2025-04-03 09:00:00,PUMP101.BEARING_TEMP,65.154,°C,GOOD
2025-04-03 10:00:00,PUMP101.BEARING_TEMP,64.835,°C,GOOD
2025-04-03 11:00:00,PUMP101.BEARING_TEMP,64.844,°C,GOOD
2025-04-03 12:00:00,PUMP101.BEARING_TEMP,64.846,°C,GOOD
2025-04-03 13:00:00,PUMP101.BEARING_TEMP,64.946,°C,GOOD
2025-04-03 14:00:00,PUMP101.BEARING_TEMP,64.816,°C,GOOD
2025-04-03 15:00:00,PUMP101.BEARING_TEMP,64.993,°C,GOOD
2025-04-03 16:00:00,PUMP101.BEARING_TEMP,64.975,°C,GOOD
2025-04-03 17:00:00,PUMP101.BEARING_TEMP,64.882,°C,GOOD
2025-04-03 18:00:00,PUMP101.BEARING_TEMP,65.131,°C,GOOD
2025-04-03 19:00:00,PUMP101.BEARING_TEMP,64.991,°C,GOOD
2025-04-03 20:00:00,PUMP101.BEARING_TEMP,65.159,°C,GOOD
2025-04-03 21:00:00,PUMP101.BEARING_TEMP,64.971,°C,GOOD
2025-04-03 22:00:00,PUMP101.BEARING_TEMP,64.996,°C,GOOD
2025-04-03 23:00:00,PUMP101.BEARING_TEMP,64.916,°C,GOOD
2025-04-04 00:00:00,PUMP101.BEARING_TEMP,64.999,°C,GOOD
2025-04-04 01:00:00,PUMP101.BEARING_TEMP,65.107,°C,GOOD
2025-04-04 02:00:00,PUMP101.BEARING_TEMP,64.938,°C,GOOD
2025-04-04 03:00:00,PUMP101.BEARING_TEMP,65.078,°C,GOOD
2025-04-04 04:00:00,PUMP101.BEARING_TEMP,64.878,°C,GOOD
2025-04-04 05:00:00,PUMP101.BEARING_TEMP,65.114,°C,GOOD
2025-04-04 06:00:00,PUMP101.BEARING_TEMP,64.913,°C,GOOD
2025-04-04 07:00:00,PUMP101.BEARING_TEMP,65.128,°C,GOOD
2025-04-04 08:00:00,PUMP101.BEARING_TEMP,65.009,°C,GOOD
2025-04-04 09:00:00,PUMP101.BEARING_TEMP,65.228,°C,GOOD
2025-04-04 10:00:00,PUMP101.BEARING_TEMP,64.827,°C,GOOD
2025-04-04 11:00:00,PUMP101.BEARING_TEMP,64.779,°C,GOOD
2025-04-04 12:00:00,PUMP101.BEARING_TEMP,64.908,°C,GOOD
2025-04-04 13:00:00,PUMP101.BEARING_TEMP,64.792,°C,GOOD
2025-04-04 14:00:00,PUMP101.BEARING_TEMP,64.793,°C,GOOD
2025-04-04 15:00:00,PUMP101.BEARING_TEMP,65.093,°C,GOOD
2025-04-04 16:00:00,PUMP101.BEARING_TEMP,64.999,°C,GOOD
2025-04-04 17:00:00,PUMP101.BEARING_TEMP,64.928,°C,GOOD
2025-04-04 18:00:00,PUMP101.BEARING_TEMP,64.942,°C,GOOD
2025-04-04 19:00:00,PUMP101.BEARING_TEMP,64.91,°C,GOOD
2025-04-04 20:00:00,PUMP101.BEARING_TEMP,65.248,°C,GOOD
2025-04-04 21:00:00,PUMP101.BEARING_TEMP,64.89,°C,GOOD
2025-04-04 22:00:00,PUMP101.BEARING_TEMP,64.802,°C,GOOD
2025-04-04 23:00:00,PUMP101.BEARING_TEMP,65.119,°C,GOOD
2025-04-05 00:00:00,PUMP101.BEARING_TEMP,64.968,°C,GOOD
2025-04-05 01:00:00,PUMP101.BEARING_TEMP,65.306,°C,GOOD
2025-04-05 02:00:00,PUMP101.BEARING_TEMP,64.921,°C,GOOD
2025-04-05 03:00:00,PUMP101.BEARING_TEMP,65.127,°C,GOOD
2025-04-05 04:00:00,PUMP101.BEARING_TEMP,65.162,°C,GOOD
2025-04-05 05:00:00,PUMP101.BEARING_TEMP,64.922,°C,GOOD
2025-04-05 06:00:00,PUMP101.BEARING_TEMP,64.889,°C,GOOD
2025-04-05 07:00:00,PUMP101.BEARING_TEMP,65.111,°C,GOOD
2025-04-05 08:00:00,PUMP101.BEARING_TEMP,65.086,°C,GOOD
2025-04-05 09:00:00,PUMP101.BEARING_TEMP,64.788,°C,GOOD
2025-04-05 10:00:00,PUMP101.BEARING_TEMP,64.831,°C,GOOD
2025-04-05 11:00:00,PUMP101.BEARING_TEMP,64.62,°C,GOOD
2025-04-05 12:00:00,PUMP101.BEARING_TEMP,65.089,°C,GOOD
2025-04-05 13:00:00,PUMP101.BEARING_TEMP,64.961,°C,GOOD
2025-04-05 14:00:00,PUMP101.BEARING_TEMP,64.976,°C,GOOD
2025-04-05 15:00:00,PUMP101.BEARING_TEMP,64.746,°C,GOOD
2025-04-05 16:00:00,PUMP101.BEARING_TEMP,64.835,°C,GOOD
2025-04-05 17:00:00,PUMP101.BEARING_TEMP,64.928,°C,GOOD
2025-04-05 18:00:00,PUMP101.BEARING_TEMP,64.899,°C,GOOD
2025-04-05 19:00:00,PUMP101.BEARING_TEMP,65.018,°C,GOOD
2025-04-05 20:00:00,PUMP101.BEARING_TEMP,65.088,°C,GOOD
2025-04-05 21:00:00,PUMP101.BEARING_TEMP,65.34,°C,GOOD
2025-04-05 22:00:00,PUMP101.BEARING_TEMP,64.997,°C,GOOD
2025-04-05 23:00:00,PUMP101.BEARING_TEMP,65.167,°C,GOOD
2025-04-06 00:00:00,PUMP101.BEARING_TEMP,64.876,°C,GOOD
2025-04-06 01:00:00,PUMP101.BEARING_TEMP,64.749,°C,GOOD
2025-04-06 02:00:00,PUMP101.BEARING_TEMP,64.947,°C,GOOD
2025-04-06 03:00:00,PUMP101.BEARING_TEMP,64.76,°C,GOOD
2025-04-06 04:00:00,PUMP101.BEARING_TEMP,65.002,°C,GOOD
2025-04-06 05:00:00,PUMP101.BEARING_TEMP,64.883,°C,GOOD
2025-04-06 06:00:00,PUMP101.BEARING_TEMP,64.707,°C,GOOD
2025-04-06 07:00:00,PUMP101.BEARING_TEMP,65.26,°C,GOOD
2025-04-06 08:00:00,PUMP101.BEARING_TEMP,64.919,°C,GOOD
2025-04-06 09:00:00,PUMP101.BEARING_TEMP,64.754,°C,GOOD
2025-04-06 10:00:00,PUMP101.BEARING_TEMP,65.135,°C,GOOD
2025-04-06 11:00:00,PUMP101.BEARING_TEMP,64.891,°C,GOOD
2025-04-06 12:00:00,PUMP101.BEARING_TEMP,65.164,°C,GOOD
2025-04-06 13:00:00,PUMP101.BEARING_TEMP,64.89,°C,GOOD
2025-04-06 14:00:00,PUMP101.BEARING_TEMP,64.919,°C,GOOD
2025-04-06 15:00:00,PUMP101.BEARING_TEMP,65.052,°C,GOOD
2025-04-06 16:00:00,PUMP101.BEARING_TEMP,65.089,°C,GOOD
2025-04-06 17:00:00,PUMP101.BEARING_TEMP,65.115,°C,GOOD
2025-04-06 18:00:00,PUMP101.BEARING_TEMP,64.987,°C,GOOD
2025-04-06 19:00:00,PUMP101.BEARING_TEMP,65.079,°C,GOOD
2025-04-06 20:00:00,PUMP101.BEARING_TEMP,65.112,°C,GOOD
2025-04-06 21:00:00,PUMP101.BEARING_TEMP,65.03,°C,GOOD
2025-04-06 22:00:00,PUMP101.BEARING_TEMP,64.979,°C,GOOD
2025-04-06 23:00:00,PUMP101.BEARING_TEMP,64.783,°C,GOOD
2025-04-07 00:00:00,PUMP101.BEARING_TEMP,65.09,°C,GOOD
2025-04-07 01:00:00,PUMP101.BEARING_TEMP,65.006,°C,GOOD
2025-04-07 02:00:00,PUMP101.BEARING_TEMP,64.938,°C,GOOD
2025-04-07 03:00:00,PUMP101.BEARING_TEMP,65.192,°C,GOOD
2025-04-07 04:00:00,PUMP101.BEARING_TEMP,64.786,°C,GOOD
2025-04-07 05:00:00,PUMP101.BEARING_TEMP,65.247,°C,GOOD
2025-04-07 06:00:00,PUMP101.BEARING_TEMP,64.997,°C,GOOD
2025-04-07 07:00:00,PUMP101.BEARING_TEMP,65.048,°C,GOOD
2025-04-07 08:00:00,PUMP101.BEARING_TEMP,64.941,°C,GOOD
2025-04-07 09:00:00,PUMP101.BEARING_TEMP,64.75,°C,GOOD
2025-04-07 10:00:00,PUMP101.BEARING_TEMP,64.979,°C,GOOD
2025-04-07 11:00:00,PUMP101.BEARING_TEMP,65.05,°C,GOOD
2025-04-07 12:00:00,PUMP101.BEARING_TEMP,65.101,°C,GOOD
2025-04-07 13:00:00,PUMP101.BEARING_TEMP,64.97,°C,GOOD
2025-04-07 14:00:00,PUMP101.BEARING_TEMP,64.671,°C,GOOD
2025-04-07 15:00:00,PUMP101.BEARING_TEMP,64.769,°C,GOOD
2025-04-07 16:00:00,PUMP101.BEARING_TEMP,65.308,°C,GOOD
2025-04-07 17:00:00,PUMP101.BEARING_TEMP,64.836,°C,GOOD
2025-04-07 18:00:00,PUMP101.BEARING_TEMP,65.214,°C,GOOD
2025-04-07 19:00:00,PUMP101.BEARING_TEMP,64.86,°C,GOOD
2025-04-07 20:00:00,PUMP101.BEARING_TEMP,64.973,°C,GOOD
2025-04-07 21:00:00,PUMP101.BEARING_TEMP,65.094,°C,GOOD
2025-04-07 22:00:00,PUMP101.BEARING_TEMP,64.877,°C,GOOD
2025-04-07 23:00:00,PUMP101.BEARING_TEMP,65.239,°C,GOOD
2025-04-08 00:00:00,PUMP101.BEARING_TEMP,65.011,°C,GOOD
2025-04-08 01:00:00,PUMP101.BEARING_TEMP,65.069,°C,GOOD
2025-04-08 02:00:00,PUMP101.BEARING_TEMP,64.96,°C,GOOD
2025-04-08 03:00:00,PUMP101.BEARING_TEMP,65.099,°C,GOOD
2025-04-08 04:00:00,PUMP101.BEARING_TEMP,65.237,°C,GOOD
2025-04-08 05:00:00,PUMP101.BEARING_TEMP,64.98,°C,GOOD
2025-04-08 06:00:00,PUMP101.BEARING_TEMP,65.259,°C,GOOD
2025-04-08 07:00:00,PUMP101.BEARING_TEMP,64.908,°C,GOOD
2025-04-08 08:00:00,PUMP101.BEARING_TEMP,65.115,°C,GOOD
2025-04-08 09:00:00,PUMP101.BEARING_TEMP,65.073,°C,GOOD
2025-04-08 10:00:00,PUMP101.BEARING_TEMP,64.84,°C,GOOD
2025-04-08 11:00:00,PUMP101.BEARING_TEMP,65.032,°C,GOOD
2025-04-08 12:00:00,PUMP101.BEARING_TEMP,65.001,°C,GOOD
2025-04-08 13:00:00,PUMP101.BEARING_TEMP,64.872,°C,GOOD
2025-04-08 14:00:00,PUMP101.BEARING_TEMP,65.054,°C,GOOD
2025-04-08 15:00:00,PUMP101.BEARING_TEMP,65.022,°C,GOOD
2025-04-08 16:00:00,PUMP101.BEARING_TEMP,64.989,°C,GOOD
2025-04-08 17:00:00,PUMP101.BEARING_TEMP,64.99,°C,GOOD
2025-04-08 18:00:00,PUMP101.BEARING_TEMP,64.986,°C,GOOD
2025-04-08 19:00:00,PUMP101.BEARING_TEMP,64.945,°C,GOOD
2025-04-08 20:00:00,PUMP101.BEARING_TEMP,65.021,°C,GOOD
2025-04-08 21:00:00,PUMP101.BEARING_TEMP,64.903,°C,GOOD
2025-04-08 22:00:00,PUMP101.BEARING_TEMP,65.399,°C,GOOD
2025-04-08 23:00:00,PUMP101.BEARING_TEMP,64.789,°C,GOOD
2025-04-09 00:00:00,PUMP101.BEARING_TEMP,64.912,°C,GOOD
2025-04-09 01:00:00,PUMP101.BEARING_TEMP,64.924,°C,GOOD
2025-04-09 02:00:00,PUMP101.BEARING_TEMP,65.306,°C,GOOD
2025-04-09 03:00:00,PUMP101.BEARING_TEMP,64.802,°C,GOOD
2025-04-09 04:00:00,PUMP101.BEARING_TEMP,65.064,°C,GOOD
2025-04-09 05:00:00,PUMP101.BEARING_TEMP,65.037,°C,GOOD
2025-04-09 06:00:00,PUMP101.BEARING_TEMP,65.05,°C,GOOD
2025-04-09 07:00:00,PUMP101.BEARING_TEMP,65.185,°C,GOOD
2025-04-09 08:00:00,PUMP101.BEARING_TEMP,65.182,°C,GOOD
2025-04-09 09:00:00,PUMP101.BEARING_TEMP,64.932,°C,GOOD
2025-04-09 10:00:00,PUMP101.BEARING_TEMP,65.029,°C,GOOD
2025-04-09 11:00:00,PUMP101.BEARING_TEMP,64.72,°C,GOOD
2025-04-09 12:00:00,PUMP101.BEARING_TEMP,65.015,°C,GOOD
2025-04-09 13:00:00,PUMP101.BEARING_TEMP,64.881,°C,GOOD
2025-04-09 14:00:00,PUMP101.BEARING_TEMP,64.972,°C,GOOD
2025-04-09 15:00:00,PUMP101.BEARING_TEMP,64.747,°C,GOOD
2025-04-09 16:00:00,PUMP101.BEARING_TEMP,65.061,°C,GOOD
2025-04-09 17:00:00,PUMP101.BEARING_TEMP,64.746,°C,GOOD
2025-04-09 18:00:00,PUMP101.BEARING_TEMP,65.022,°C,GOOD
2025-04-09 19:00:00,PUMP101.BEARING_TEMP,64.816,°C,GOOD
2025-04-09 20:00:00,PUMP101.BEARING_TEMP,64.873,°C,GOOD
2025-04-09 21:00:00,PUMP101.BEARING_TEMP,65.173,°C,GOOD
2025-04-09 22:00:00,PUMP101.BEARING_TEMP,65.088,°C,GOOD
2025-04-09 23:00:00,PUMP101.BEARING_TEMP,65.172,°C,GOOD
2025-04-10 00:00:00,PUMP101.BEARING_TEMP,65.234,°C,GOOD
2025-04-10 01:00:00,PUMP101.BEARING_TEMP,64.884,°C,GOOD
2025-04-10 02:00:00,PUMP101.BEARING_TEMP,65.225,°C,GOOD
2025-04-10 03:00:00,PUMP101.BEARING_TEMP,64.78,°C,GOOD
2025-04-10 04:00:00,PUMP101.BEARING_TEMP,65.112,°C,GOOD
2025-04-10 05:00:00,PUMP101.BEARING_TEMP,64.926,°C,GOOD
2025-04-10 06:00:00,PUMP101.BEARING_TEMP,64.86,°C,GOOD
2025-04-10 07:00:00,PUMP101.BEARING_TEMP,65.092,°C,GOOD
2025-04-10 08:00:00,PUMP101.BEARING_TEMP,65.142,°C,GOOD
2025-04-10 09:00:00,PUMP101.BEARING_TEMP,65.137,°C,GOOD
2025-04-10 10:00:00,PUMP101.BEARING_TEMP,65.032,°C,GOOD
2025-04-10 11:00:00,PUMP101.BEARING_TEMP,65.02,°C,GOOD
2025-04-10 12:00:00,PUMP101.BEARING_TEMP,65.079,°C,GOOD
2025-04-10 13:00:00,PUMP101.BEARING_TEMP,65.046,°C,GOOD
2025-04-10 14:00:00,PUMP101.BEARING_TEMP,65.081,°C,GOOD
2025-04-10 15:00:00,PUMP101.BEARING_TEMP,65.031,°C,GOOD
2025-04-10 16:00:00,PUMP101.BEARING_TEMP,65.126,°C,GOOD
2025-04-10 17:00:00,PUMP101.BEARING_TEMP,64.756,°C,GOOD
2025-04-10 18:00:00,PUMP101.BEARING_TEMP,64.98,°C,GOOD
2025-04-10 19:00:00,PUMP101.BEARING_TEMP,64.792,°C,GOOD
2025-04-10 20:00:00,PUMP101.BEARING_TEMP,65.042,°C,GOOD
2025-04-10 21:00:00,PUMP101.BEARING_TEMP,65.246,°C,GOOD
2025-04-10 22:00:00,PUMP101.BEARING_TEMP,64.929,°C,GOOD
2025-04-10 23:00:00,PUMP101.BEARING_TEMP,65.019,°C,GOOD
2025-04-11 00:00:00,PUMP101.BEARING_TEMP,65.113,°C,GOOD
2025-04-11 01:00:00,PUMP101.BEARING_TEMP,64.69,°C,GOOD
2025-04-11 02:00:00,PUMP101.BEARING_TEMP,64.922,°C,GOOD
2025-04-11 03:00:00,PUMP101.BEARING_TEMP,65.055,°C,GOOD
2025-04-11 04:00:00,PUMP101.BEARING_TEMP,64.565,°C,GOOD
2025-04-11 05:00:00,PUMP101.BEARING_TEMP,64.853,°C,GOOD
2025-04-11 06:00:00,PUMP101.BEARING_TEMP,65.165,°C,GOOD
2025-04-11 07:00:00,PUMP101.BEARING_TEMP,65.15,°C,GOOD
2025-04-11 08:00:00,PUMP101.BEARING_TEMP,65.056,°C,GOOD
2025-04-11 09:00:00,PUMP101.BEARING_TEMP,65.132,°C,GOOD
2025-04-11 10:00:00,PUMP101.BEARING_TEMP,65.032,°C,GOOD
2025-04-11 11:00:00,PUMP101.BEARING_TEMP,65.083,°C,GOOD
2025-04-11 12:00:00,PUMP101.BEARING_TEMP,64.953,°C,GOOD
2025-04-11 13:00:00,PUMP101.BEARING_TEMP,65.017,°C,GOOD
2025-04-11 14:00:00,PUMP101.BEARING_TEMP,64.905,°C,GOOD
2025-04-11 15:00:00,PUMP101.BEARING_TEMP,65.19,°C,GOOD
2025-04-11 16:00:00,PUMP101.BEARING_TEMP,65.228,°C,GOOD
2025-04-11 17:00:00,PUMP101.BEARING_TEMP,65.207,°C,GOOD
2025-04-11 18:00:00,PUMP101.BEARING_TEMP,64.939,°C,GOOD
2025-04-11 19:00:00,PUMP101.BEARING_TEMP,64.857,°C,GOOD
2025-04-11 20:00:00,PUMP101.BEARING_TEMP,65.192,°C,GOOD
2025-04-11 21:00:00,PUMP101.BEARING_TEMP,65.082,°C,GOOD
2025-04-11 22:00:00,PUMP101.BEARING_TEMP,65.049,°C,GOOD
2025-04-11 23:00:00,PUMP101.BEARING_TEMP,64.905,°C,GOOD
2025-04-12 00:00:00,PUMP101.BEARING_TEMP,65.064,°C,GOOD
2025-04-12 01:00:00,PUMP101.BEARING_TEMP,64.837,°C,GOOD
2025-04-12 02:00:00,PUMP101.BEARING_TEMP,65.095,°C,GOOD
2025-04-12 03:00:00,PUMP101.BEARING_TEMP,65.207,°C,GOOD
2025-04-12 04:00:00,PUMP101.BEARING_TEMP,65.245,°C,GOOD
2025-04-12 05:00:00,PUMP101.BEARING_TEMP,65.106,°C,GOOD
2025-04-12 06:00:00,PUMP101.BEARING_TEMP,64.793,°C,GOOD
2025-04-12 07:00:00,PUMP101.BEARING_TEMP,65.03,°C,GOOD
2025-04-12 08:00:00,PUMP101.BEARING_TEMP,65.321,°C,GOOD
2025-04-12 09:00:00,PUMP101.BEARING_TEMP,64.87,°C,GOOD
2025-04-12 10:00:00,PUMP101.BEARING_TEMP,64.991,°C,GOOD
2025-04-12 11:00:00,PUMP101.BEARING_TEMP,65.212,°C,GOOD
2025-04-12 12:00:00,PUMP101.BEARING_TEMP,65.093,°C,GOOD
2025-04-12 13:00:00,PUMP101.BEARING_TEMP,65.372,°C,GOOD
2025-04-12 14:00:00,PUMP101.BEARING_TEMP,64.89,°C,GOOD
2025-04-12 15:00:00,PUMP101.BEARING_TEMP,64.852,°C,GOOD
2025-04-12 16:00:00,PUMP101.BEARING_TEMP,65.184,°C,GOOD
2025-04-12 17:00:00,PUMP101.BEARING_TEMP,64.821,°C,GOOD
2025-04-12 18:00:00,PUMP101.BEARING_TEMP,64.97,°C,GOOD
2025-04-12 19:00:00,PUMP101.BEARING_TEMP,64.99,°C,GOOD
2025-04-12 20:00:00,PUMP101.BEARING_TEMP,65.155,°C,GOOD
2025-04-12 21:00:00,PUMP101.BEARING_TEMP,65.092,°C,GOOD
2025-04-12 22:00:00,PUMP101.BEARING_TEMP,65.069,°C,GOOD
2025-04-12 23:00:00,PUMP101.BEARING_TEMP,64.94,°C,GOOD
2025-04-13 00:00:00,PUMP101.BEARING_TEMP,65.182,°C,GOOD
2025-04-13 01:00:00,PUMP101.BEARING_TEMP,65.604,°C,GOOD
2025-04-13 02:00:00,PUMP101.BEARING_TEMP,65.104,°C,GOOD
2025-04-13 03:00:00,PUMP101.BEARING_TEMP,65.015,°C,GOOD
2025-04-13 04:00:00,PUMP101.BEARING_TEMP,64.805,°C,GOOD
2025-04-13 05:00:00,PUMP101.BEARING_TEMP,64.904,°C,GOOD
2025-04-13 06:00:00,PUMP101.BEARING_TEMP,64.968,°C,GOOD
2025-04-13 07:00:00,PUMP101.BEARING_TEMP,64.92,°C,GOOD
2025-04-13 08:00:00,PUMP101.BEARING_TEMP,64.998,°C,GOOD
2025-04-13 09:00:00,PUMP101.BEARING_TEMP,65.267,°C,GOOD
2025-04-13 10:00:00,PUMP101.BEARING_TEMP,65.187,°C,GOOD
2025-04-13 11:00:00,PUMP101.BEARING_TEMP,64.976,°C,GOOD
2025-04-13 12:00:00,PUMP101.BEARING_TEMP,64.819,°C,GOOD
2025-04-13 13:00:00,PUMP101.BEARING_TEMP,65.201,°C,BAD
2025-04-13 14:00:00,PUMP101.BEARING_TEMP,64.993,°C,GOOD
2025-04-13 15:00:00,PUMP101.BEARING_TEMP,64.741,°C,GOOD
2025-04-13 16:00:00,PUMP101.BEARING_TEMP,65.107,°C,GOOD
2025-04-13 17:00:00,PUMP101.BEARING_TEMP,65.154,°C,GOOD
2025-04-13 18:00:00,PUMP101.BEARING_TEMP,64.636,°C,GOOD
2025-04-13 19:00:00,PUMP101.BEARING_TEMP,64.876,°C,GOOD
2025-04-13 20:00:00,PUMP101.BEARING_TEMP,64.983,°C,GOOD
2025-04-13 21:00:00,PUMP101.BEARING_TEMP,65.11,°C,GOOD
2025-04-13 22:00:00,PUMP101.BEARING_TEMP,64.923,°C,GOOD
2025-04-13 23:00:00,PUMP101.BEARING_TEMP,64.875,°C,GOOD
2025-04-14 00:00:00,PUMP101.BEARING_TEMP,65.109,°C,GOOD
2025-04-14 01:00:00,PUMP101.BEARING_TEMP,64.93,°C,GOOD
2025-04-14 02:00:00,PUMP101.BEARING_TEMP,65.081,°C,GOOD
2025-04-14 03:00:00,PUMP101.BEARING_TEMP,64.833,°C,GOOD
2025-04-14 04:00:00,PUMP101.BEARING_TEMP,64.797,°C,BAD
2025-04-14 05:00:00,PUMP101.BEARING_TEMP,65.113,°C,GOOD
2025-04-14 06:00:00,PUMP101.BEARING_TEMP,65.038,°C,GOOD
2025-04-14 07:00:00,PUMP101.BEARING_TEMP,65.138,°C,GOOD
2025-04-14 08:00:00,PUMP101.BEARING_TEMP,64.92,°C,GOOD
2025-04-14 09:00:00,PUMP101.BEARING_TEMP,64.881,°C,GOOD
2025-04-14 10:00:00,PUMP101.BEARING_TEMP,65.204,°C,GOOD
2025-04-14 11:00:00,PUMP101.BEARING_TEMP,64.772,°C,GOOD
2025-04-14 12:00:00,PUMP101.BEARING_TEMP,65.188,°C,GOOD
2025-04-14 13:00:00,PUMP101.BEARING_TEMP,65.198,°C,GOOD
2025-04-14 14:00:00,PUMP101.BEARING_TEMP,65.129,°C,GOOD
2025-04-14 15:00:00,PUMP101.BEARING_TEMP,64.897,°C,GOOD
2025-04-14 16:00:00,PUMP101.BEARING_TEMP,64.878,°C,GOOD
2025-04-14 17:00:00,PUMP101.BEARING_TEMP,64.968,°C,GOOD
2025-04-14 18:00:00,PUMP101.BEARING_TEMP,64.806,°C,GOOD
2025-04-14 19:00:00,PUMP101.BEARING_TEMP,64.856,°C,BAD
2025-04-14 20:00:00,PUMP101.BEARING_TEMP,65.097,°C,GOOD
2025-04-14 21:00:00,PUMP101.BEARING_TEMP,65.097,°C,GOOD
2025-04-14 22:00:00,PUMP101.BEARING_TEMP,64.843,°C,GOOD
2025-04-14 23:00:00,PUMP101.BEARING_TEMP,65.101,°C,GOOD
2025-04-15 00:00:00,PUMP101.BEARING_TEMP,65.068,°C,GOOD
2025-04-15 01:00:00,PUMP101.BEARING_TEMP,65.226,°C,GOOD
2025-04-15 02:00:00,PUMP101.BEARING_TEMP,65.085,°C,GOOD
2025-04-15 03:00:00,PUMP101.BEARING_TEMP,65.159,°C,GOOD
2025-04-15 04:00:00,PUMP101.BEARING_TEMP,65.072,°C,GOOD
2025-04-15 05:00:00,PUMP101.BEARING_TEMP,65.147,°C,GOOD
2025-04-15 06:00:00,PUMP101.BEARING_TEMP,64.807,°C,GOOD
2025-04-15 07:00:00,PUMP101.BEARING_TEMP,64.982,°C,GOOD
2025-04-15 08:00:00,PUMP101.BEARING_TEMP,64.994,°C,GOOD
2025-04-15 09:00:00,PUMP101.BEARING_TEMP,64.963,°C,GOOD
2025-04-15 10:00:00,PUMP101.BEARING_TEMP,65.067,°C,GOOD
2025-04-15 11:00:00,PUMP101.BEARING_TEMP,65.095,°C,GOOD
2025-04-15 12:00:00,PUMP101.BEARING_TEMP,65.059,°C,GOOD
2025-04-15 13:00:00,PUMP101.BEARING_TEMP,64.973,°C,GOOD
2025-04-15 14:00:00,PUMP101.BEARING_TEMP,64.89,°C,GOOD
2025-04-15 15:00:00,PUMP101.BEARING_TEMP,65.165,°C,GOOD
2025-04-15 16:00:00,PUMP101.BEARING_TEMP,65.052,°C,GOOD
2025-04-15 17:00:00,PUMP101.BEARING_TEMP,64.847,°C,GOOD
2025-04-15 18:00:00,PUMP101.BEARING_TEMP,64.971,°C,GOOD
2025-04-15 19:00:00,PUMP101.BEARING_TEMP,64.739,°C,GOOD
2025-04-15 20:00:00,PUMP101.BEARING_TEMP,65.005,°C,GOOD
2025-04-15 21:00:00,PUMP101.BEARING_TEMP,64.97,°C,GOOD
2025-04-15 22:00:00,PUMP101.BEARING_TEMP,64.914,°C,GOOD
2025-04-15 23:00:00,PUMP101.BEARING_TEMP,65.238,°C,GOOD
2025-04-16 00:00:00,PUMP101.BEARING_TEMP,64.827,°C,GOOD
2025-04-16 01:00:00,PUMP101.BEARING_TEMP,65.106,°C,GOOD
2025-04-16 02:00:00,PUMP101.BEARING_TEMP,65.328,°C,GOOD
2025-04-16 03:00:00,PUMP101.BEARING_TEMP,65.162,°C,GOOD
2025-04-16 04:00:00,PUMP101.BEARING_TEMP,64.995,°C,GOOD
2025-04-16 05:00:00,PUMP101.BEARING_TEMP,64.83,°C,GOOD
2025-04-16 06:00:00,PUMP101.BEARING_TEMP,64.796,°C,GOOD
2025-04-16 07:00:00,PUMP101.BEARING_TEMP,64.938,°C,GOOD
2025-04-16 08:00:00,PUMP101.BEARING_TEMP,64.897,°C,GOOD
2025-04-16 09:00:00,PUMP101.BEARING_TEMP,64.892,°C,GOOD
2025-04-16 10:00:00,PUMP101.BEARING_TEMP,64.951,°C,GOOD
2025-04-16 11:00:00,PUMP101.BEARING_TEMP,64.985,°C,GOOD
2025-04-16 12:00:00,PUMP101.BEARING_TEMP,65.073,°C,GOOD
2025-04-16 13:00:00,PUMP101.BEARING_TEMP,64.814,°C,GOOD
2025-04-16 14:00:00,PUMP101.BEARING_TEMP,64.898,°C,GOOD
2025-04-16 15:00:00,PUMP101.BEARING_TEMP,64.976,°C,GOOD
2025-04-16 16:00:00,PUMP101.BEARING_TEMP,64.971,°C,GOOD
2025-04-16 17:00:00,PUMP101.BEARING_TEMP,65.275,°C,GOOD
2025-04-16 18:00:00,PUMP101.BEARING_TEMP,65.035,°C,GOOD
2025-04-16 19:00:00,PUMP101.BEARING_TEMP,64.758,°C,GOOD
2025-04-16 20:00:00,PUMP101.BEARING_TEMP,65.063,°C,GOOD
2025-04-16 21:00:00,PUMP101.BEARING_TEMP,65.082,°C,GOOD
2025-04-16 22:00:00,PUMP101.BEARING_TEMP,64.981,°C,GOOD
2025-04-16 23:00:00,PUMP101.BEARING_TEMP,64.818,°C,GOOD
2025-04-17 00:00:00,PUMP101.BEARING_TEMP,65.264,°C,GOOD
2025-04-17 01:00:00,PUMP101.BEARING_TEMP,64.84,°C,GOOD
2025-04-17 02:00:00,PUMP101.BEARING_TEMP,65.099,°C,GOOD
2025-04-17 03:00:00,PUMP101.BEARING_TEMP,65.03,°C,GOOD
2025-04-17 04:00:00,PUMP101.BEARING_TEMP,65.09,°C,GOOD
2025-04-17 05:00:00,PUMP101.BEARING_TEMP,65.256,°C,GOOD
2025-04-17 06:00:00,PUMP101.BEARING_TEMP,65.084,°C,GOOD
2025-04-17 07:00:00,PUMP101.BEARING_TEMP,64.916,°C,GOOD
2025-04-17 08:00:00,PUMP101.BEARING_TEMP,65.166,°C,GOOD
2025-04-17 09:00:00,PUMP101.BEARING_TEMP,64.905,°C,GOOD
2025-04-17 10:00:00,PUMP101.BEARING_TEMP,65.025,°C,GOOD
2025-04-17 11:00:00,PUMP101.BEARING_TEMP,64.806,°C,GOOD
2025-04-17 12:00:00,PUMP101.BEARING_TEMP,64.845,°C,GOOD
2025-04-17 13:00:00,PUMP101.BEARING_TEMP,65.008,°C,GOOD
2025-04-17 14:00:00,PUMP101.BEARING_TEMP,65.055,°C,GOOD
2025-04-17 15:00:00,PUMP101.BEARING_TEMP,64.745,°C,GOOD
2025-04-17 16:00:00,PUMP101.BEARING_TEMP,65.075,°C,GOOD
2025-04-17 17:00:00,PUMP101.BEARING_TEMP,64.877,°C,GOOD
2025-04-17 18:00:00,PUMP101.BEARING_TEMP,65.192,°C,GOOD
2025-04-17 19:00:00,PUMP101.BEARING_TEMP,64.947,°C,GOOD
2025-04-17 20:00:00,PUMP101.BEARING_TEMP,64.831,°C,GOOD
2025-04-17 21:00:00,PUMP101.BEARING_TEMP,65.011,°C,GOOD
2025-04-17 22:00:00,PUMP101.BEARING_TEMP,64.863,°C,GOOD
2025-04-17 23:00:00,PUMP101.BEARING_TEMP,65.19,°C,GOOD
2025-04-18 00:00:00,PUMP101.BEARING_TEMP,65.0,°C,GOOD
2025-04-18 01:00:00,PUMP101.BEARING_TEMP,64.977,°C,GOOD
2025-04-18 02:00:00,PUMP101.BEARING_TEMP,65.089,°C,GOOD
2025-04-18 03:00:00,PUMP101.BEARING_TEMP,64.849,°C,GOOD
2025-04-18 04:00:00,PUMP101.BEARING_TEMP,64.807,°C,GOOD
2025-04-18 05:00:00,PUMP101.BEARING_TEMP,65.061,°C,GOOD
2025-04-18 06:00:00,PUMP101.BEARING_TEMP,64.835,°C,GOOD
2025-04-18 07:00:00,PUMP101.BEARING_TEMP,64.835,°C,GOOD
2025-04-18 08:00:00,PUMP101.BEARING_TEMP,65.126,°C,GOOD
2025-04-18 09:00:00,PUMP101.BEARING_TEMP,65.079,°C,GOOD
2025-04-18 10:00:00,PUMP101.BEARING_TEMP,64.812,°C,GOOD
2025-04-18 11:00:00,PUMP101.BEARING_TEMP,64.907,°C,GOOD
2025-04-18 12:00:00,PUMP101.BEARING_TEMP,64.864,°C,GOOD
2025-04-18 13:00:00,PUMP101.BEARING_TEMP,65.266,°C,GOOD
2025-04-18 14:00:00,PUMP101.BEARING_TEMP,65.136,°C,GOOD
2025-04-18 15:00:00,PUMP101.BEARING_TEMP,64.937,°C,GOOD
2025-04-18 16:00:00,PUMP101.BEARING_TEMP,65.086,°C,GOOD
2025-04-18 17:00:00,PUMP101.BEARING_TEMP,64.797,°C,GOOD
2025-04-18 18:00:00,PUMP101.BEARING_TEMP,64.899,°C,GOOD
2025-04-18 19:00:00,PUMP101.BEARING_TEMP,65.016,°C,GOOD
2025-04-18 20:00:00,PUMP101.BEARING_TEMP,65.068,°C,GOOD
2025-04-18 21:00:00,PUMP101.BEARING_TEMP,64.985,°C,GOOD
2025-04-18 22:00:00,PUMP101.BEARING_TEMP,65.037,°C,GOOD
2025-04-18 23:00:00,PUMP101.BEARING_TEMP,65.012,°C,GOOD
2025-04-19 00:00:00,PUMP101.BEARING_TEMP,64.975,°C,GOOD
2025-04-19 01:00:00,PUMP101.BEARING_TEMP,64.956,°C,GOOD
2025-04-19 02:00:00,PUMP101.BEARING_TEMP,64.936,°C,GOOD
2025-04-19 03:00:00,PUMP101.BEARING_TEMP,65.035,°C,GOOD
2025-04-19 04:00:00,PUMP101.BEARING_TEMP,65.062,°C,GOOD
2025-04-19 05:00:00,PUMP101.BEARING_TEMP,65.03,°C,GOOD
2025-04-19 06:00:00,PUMP101.BEARING_TEMP,64.823,°C,GOOD
2025-04-19 07:00:00,PUMP101.BEARING_TEMP,64.85,°C,GOOD
2025-04-19 08:00:00,PUMP101.BEARING_TEMP,65.06,°C,GOOD
2025-04-19 09:00:00,PUMP101.BEARING_TEMP,65.221,°C,GOOD
2025-04-19 10:00:00,PUMP101.BEARING_TEMP,65.023,°C,GOOD
2025-04-19 11:00:00,PUMP101.BEARING_TEMP,64.938,°C,BAD
2025-04-19 12:00:00,PUMP101.BEARING_TEMP,65.034,°C,GOOD
2025-04-19 13:00:00,PUMP101.BEARING_TEMP,64.829,°C,GOOD
2025-04-19 14:00:00,PUMP101.BEARING_TEMP,65.196,°C,GOOD
2025-04-19 15:00:00,PUMP101.BEARING_TEMP,65.028,°C,GOOD
2025-04-19 16:00:00,PUMP101.BEARING_TEMP,64.9,°C,GOOD
2025-04-19 17:00:00,PUMP101.BEARING_TEMP,64.975,°C,GOOD
2025-04-19 18:00:00,PUMP101.BEARING_TEMP,64.921,°C,GOOD
2025-04-19 19:00:00,PUMP101.BEARING_TEMP,65.197,°C,GOOD
2025-04-19 20:00:00,PUMP101.BEARING_TEMP,64.97,°C,BAD
2025-04-19 21:00:00,PUMP101.BEARING_TEMP,65.023,°C,GOOD
2025-04-19 22:00:00,PUMP101.BEARING_TEMP,65.086,°C,GOOD
2025-04-19 23:00:00,PUMP101.BEARING_TEMP,64.889,°C,GOOD
2025-04-20 00:00:00,PUMP101.BEARING_TEMP,65.029,°C,GOOD
2025-04-20 01:00:00,PUMP101.BEARING_TEMP,65.041,°C,GOOD
2025-04-20 02:00:00,PUMP101.BEARING_TEMP,64.767,°C,GOOD
2025-04-20 03:00:00,PUMP101.BEARING_TEMP,65.038,°C,GOOD
2025-04-20 04:00:00,PUMP101.BEARING_TEMP,64.993,°C,GOOD
2025-04-20 05:00:00,PUMP101.BEARING_TEMP,65.019,°C,GOOD
2025-04-20 06:00:00,PUMP101.BEARING_TEMP,65.005,°C,GOOD
2025-04-20 07:00:00,PUMP101.BEARING_TEMP,65.039,°C,GOOD
2025-04-20 08:00:00,PUMP101.BEARING_TEMP,65.201,°C,GOOD
2025-04-20 09:00:00,PUMP101.BEARING_TEMP,64.823,°C,GOOD
2025-04-20 10:00:00,PUMP101.BEARING_TEMP,64.949,°C,GOOD
2025-04-20 11:00:00,PUMP101.BEARING_TEMP,65.1,°C,GOOD
2025-04-20 12:00:00,PUMP101.BEARING_TEMP,65.072,°C,GOOD
2025-04-20 13:00:00,PUMP101.BEARING_TEMP,65.069,°C,GOOD
2025-04-20 14:00:00,PUMP101.BEARING_TEMP,65.413,°C,GOOD
2025-04-20 15:00:00,PUMP101.BEARING_TEMP,65.092,°C,GOOD
2025-04-20 16:00:00,PUMP101.BEARING_TEMP,65.17,°C,GOOD
2025-04-20 17:00:00,PUMP101.BEARING_TEMP,64.954,°C,GOOD
2025-04-20 18:00:00,PUMP101.BEARING_TEMP,64.851,°C,GOOD
2025-04-20 19:00:00,PUMP101.BEARING_TEMP,64.953,°C,GOOD
2025-04-20 20:00:00,PUMP101.BEARING_TEMP,65.107,°C,GOOD
2025-04-20 21:00:00,PUMP101.BEARING_TEMP,65.061,°C,GOOD
2025-04-20 22:00:00,PUMP101.BEARING_TEMP,65.06,°C,GOOD
2025-04-20 23:00:00,PUMP101.BEARING_TEMP,64.968,°C,GOOD
2025-04-21 00:00:00,PUMP101.BEARING_TEMP,64.944,°C,GOOD
2025-04-21 01:00:00,PUMP101.BEARING_TEMP,64.973,°C,GOOD
2025-04-21 02:00:00,PUMP101.BEARING_TEMP,65.109,°C,GOOD
2025-04-21 03:00:00,PUMP101.BEARING_TEMP,65.126,°C,GOOD
2025-04-21 04:00:00,PUMP101.BEARING_TEMP,64.849,°C,GOOD
2025-04-21 05:00:00,PUMP101.BEARING_TEMP,65.114,°C,GOOD
2025-04-21 06:00:00,PUMP101.BEARING_TEMP,64.902,°C,GOOD
2025-04-21 07:00:00,PUMP101.BEARING_TEMP,65.07,°C,GOOD
2025-04-21 08:00:00,PUMP101.BEARING_TEMP,64.971,°C,GOOD
2025-04-21 09:00:00,PUMP101.BEARING_TEMP,65.235,°C,GOOD
2025-04-21 10:00:00,PUMP101.BEARING_TEMP,64.937,°C,GOOD
2025-04-21 11:00:00,PUMP101.BEARING_TEMP,65.027,°C,GOOD
2025-04-21 12:00:00,PUMP101.BEARING_TEMP,65.091,°C,GOOD
2025-04-21 13:00:00,PUMP101.BEARING_TEMP,64.869,°C,GOOD
2025-04-21 14:00:00,PUMP101.BEARING_TEMP,64.989,°C,GOOD
2025-04-21 15:00:00,PUMP101.BEARING_TEMP,64.96,°C,GOOD
2025-04-21 16:00:00,PUMP101.BEARING_TEMP,64.923,°C,GOOD
2025-04-21 17:00:00,PUMP101.BEARING_TEMP,64.934,°C,GOOD
2025-04-21 18:00:00,PUMP101.BEARING_TEMP,65.167,°C,GOOD
2025-04-21 19:00:00,PUMP101.BEARING_TEMP,64.91,°C,GOOD
2025-04-21 20:00:00,PUMP101.BEARING_TEMP,65.085,°C,GOOD
2025-04-21 21:00:00,PUMP101.BEARING_TEMP,65.047,°C,GOOD
2025-04-21 22:00:00,PUMP101.BEARING_TEMP,64.79,°C,GOOD
2025-04-21 23:00:00,PUMP101.BEARING_TEMP,65.078,°C,GOOD
2025-04-22 00:00:00,PUMP101.BEARING_TEMP,64.788,°C,GOOD
2025-04-22 01:00:00,PUMP101.BEARING_TEMP,65.094,°C,GOOD
2025-04-22 02:00:00,PUMP101.BEARING_TEMP,64.924,°C,GOOD
2025-04-22 03:00:00,PUMP101.BEARING_TEMP,65.001,°C,GOOD
2025-04-22 04:00:00,PUMP101.BEARING_TEMP,64.806,°C,GOOD
2025-04-22 05:00:00,PUMP101.BEARING_TEMP,65.018,°C,GOOD
2025-04-22 06:00:00,PUMP101.BEARING_TEMP,65.139,°C,GOOD
2025-04-22 07:00:00,PUMP101.BEARING_TEMP,64.879,°C,GOOD
2025-04-22 08:00:00,PUMP101.BEARING_TEMP,64.909,°C,GOOD
2025-04-22 09:00:00,PUMP101.BEARING_TEMP,65.068,°C,GOOD
2025-04-22 10:00:00,PUMP101.BEARING_TEMP,65.072,°C,GOOD
2025-04-22 11:00:00,PUMP101.BEARING_TEMP,64.635,°C,GOOD
2025-04-22 12:00:00,PUMP101.BEARING_TEMP,65.302,°C,GOOD
2025-04-22 13:00:00,PUMP101.BEARING_TEMP,65.079,°C,GOOD
2025-04-22 14:00:00,PUMP101.BEARING_TEMP,65.105,°C,GOOD
2025-04-22 15:00:00,PUMP101.BEARING_TEMP,64.978,°C,GOOD
2025-04-22 16:00:00,PUMP101.BEARING_TEMP,64.722,°C,GOOD
2025-04-22 17:00:00,PUMP101.BEARING_TEMP,65.101,°C,GOOD
2025-04-22 18:00:00,PUMP101.BEARING_TEMP,64.915,°C,GOOD
2025-04-22 19:00:00,PUMP101.BEARING_TEMP,65.082,°C,GOOD
2025-04-22 20:00:00,PUMP101.BEARING_TEMP,64.967,°C,GOOD
2025-04-22 21:00:00,PUMP101.BEARING_TEMP,65.036,°C,GOOD
2025-04-22 22:00:00,PUMP101.BEARING_TEMP,64.884,°C,GOOD
2025-04-22 23:00:00,PUMP101.BEARING_TEMP,65.13,°C,GOOD
2025-04-23 00:00:00,PUMP101.BEARING_TEMP,64.822,°C,GOOD
2025-04-23 01:00:00,PUMP101.BEARING_TEMP,65.337,°C,GOOD
2025-04-23 02:00:00,PUMP101.BEARING_TEMP,65.336,°C,GOOD
2025-04-23 03:00:00,PUMP101.BEARING_TEMP,65.245,°C,GOOD
2025-04-23 04:00:00,PUMP101.BEARING_TEMP,65.191,°C,GOOD
2025-04-23 05:00:00,PUMP101.BEARING_TEMP,64.987,°C,GOOD
2025-04-23 06:00:00,PUMP101.BEARING_TEMP,65.175,°C,GOOD
2025-04-23 07:00:00,PUMP101.BEARING_TEMP,64.986,°C,GOOD
2025-04-23 08:00:00,PUMP101.BEARING_TEMP,64.767,°C,GOOD
2025-04-23 09:00:00,PUMP101.BEARING_TEMP,65.225,°C,GOOD
2025-04-23 10:00:00,PUMP101.BEARING_TEMP,65.169,°C,GOOD
2025-04-23 11:00:00,PUMP101.BEARING_TEMP,64.995,°C,GOOD
2025-04-23 12:00:00,PUMP101.BEARING_TEMP,64.816,°C,GOOD
2025-04-23 13:00:00,PUMP101.BEARING_TEMP,64.912,°C,GOOD
2025-04-23 14:00:00,PUMP101.BEARING_TEMP,64.727,°C,GOOD
2025-04-23 15:00:00,PUMP101.BEARING_TEMP,65.142,°C,GOOD
2025-04-23 16:00:00,PUMP101.BEARING_TEMP,64.76,°C,GOOD
2025-04-23 17:00:00,PUMP101.BEARING_TEMP,65.043,°C,GOOD
2025-04-23 18:00:00,PUMP101.BEARING_TEMP,64.873,°C,GOOD
2025-04-23 19:00:00,PUMP101.BEARING_TEMP,64.786,°C,GOOD
2025-04-23 20:00:00,PUMP101.BEARING_TEMP,65.036,°C,GOOD
2025-04-23 21:00:00,PUMP101.BEARING_TEMP,64.95,°C,GOOD
2025-04-23 22:00:00,PUMP101.BEARING_TEMP,65.126,°C,GOOD
2025-04-23 23:00:00,PUMP101.BEARING_TEMP,64.81,°C,GOOD
2025-04-24 00:00:00,PUMP101.BEARING_TEMP,64.886,°C,GOOD
2025-04-24 01:00:00,PUMP101.BEARING_TEMP,64.642,°C,GOOD
2025-04-24 02:00:00,PUMP101.BEARING_TEMP,64.672,°C,GOOD
2025-04-24 03:00:00,PUMP101.BEARING_TEMP,65.27,°C,GOOD
2025-04-24 04:00:00,PUMP101.BEARING_TEMP,65.313,°C,GOOD
2025-04-24 05:00:00,PUMP101.BEARING_TEMP,65.014,°C,GOOD
2025-04-24 06:00:00,PUMP101.BEARING_TEMP,64.876,°C,GOOD
2025-04-24 07:00:00,PUMP101.BEARING_TEMP,64.955,°C,GOOD
2025-04-24 08:00:00,PUMP101.BEARING_TEMP,65.131,°C,GOOD
2025-04-24 09:00:00,PUMP101.BEARING_TEMP,64.923,°C,GOOD
2025-04-24 10:00:00,PUMP101.BEARING_TEMP,65.036,°C,GOOD
2025-04-24 11:00:00,PUMP101.BEARING_TEMP,64.998,°C,GOOD
2025-04-24 12:00:00,PUMP101.BEARING_TEMP,64.915,°C,GOOD
2025-04-24 13:00:00,PUMP101.BEARING_TEMP,64.921,°C,GOOD
2025-04-24 14:00:00,PUMP101.BEARING_TEMP,65.044,°C,GOOD
2025-04-24 15:00:00,PUMP101.BEARING_TEMP,64.853,°C,GOOD
2025-04-24 16:00:00,PUMP101.BEARING_TEMP,65.068,°C,GOOD
2025-04-24 17:00:00,PUMP101.BEARING_TEMP,64.929,°C,GOOD
2025-04-24 18:00:00,PUMP101.BEARING_TEMP,65.019,°C,GOOD
2025-04-24 19:00:00,PUMP101.BEARING_TEMP,65.208,°C,GOOD
2025-04-24 20:00:00,PUMP101.BEARING_TEMP,64.975,°C,GOOD
2025-04-24 21:00:00,PUMP101.BEARING_TEMP,65.138,°C,GOOD
2025-04-24 22:00:00,PUMP101.BEARING_TEMP,64.731,°C,GOOD
2025-04-24 23:00:00,PUMP101.BEARING_TEMP,64.929,°C,GOOD
2025-04-25 00:00:00,PUMP101.BEARING_TEMP,65.004,°C,GOOD
2025-04-25 01:00:00,PUMP101.BEARING_TEMP,65.288,°C,GOOD
2025-04-25 02:00:00,PUMP101.BEARING_TEMP,64.706,°C,GOOD
2025-04-25 03:00:00,PUMP101.BEARING_TEMP,64.986,°C,GOOD
2025-04-25 04:00:00,PUMP101.BEARING_TEMP,65.219,°C,GOOD
2025-04-25 05:00:00,PUMP101.BEARING_TEMP,64.882,°C,GOOD
2025-04-25 06:00:00,PUMP101.BEARING_TEMP,64.968,°C,GOOD
2025-04-25 07:00:00,PUMP101.BEARING_TEMP,65.05,°C,GOOD
2025-04-25 08:00:00,PUMP101.BEARING_TEMP,65.028,°C,GOOD
2025-04-25 09:00:00,PUMP101.BEARING_TEMP,65.235,°C,GOOD
2025-04-25 10:00:00,PUMP101.BEARING_TEMP,65.067,°C,GOOD
2025-04-25 11:00:00,PUMP101.BEARING_TEMP,65.199,°C,GOOD
2025-04-25 12:00:00,PUMP101.BEARING_TEMP,64.946,°C,GOOD
2025-04-25 13:00:00,PUMP101.BEARING_TEMP,64.889,°C,GOOD
2025-04-25 14:00:00,PUMP101.BEARING_TEMP,64.966,°C,GOOD
2025-04-25 15:00:00,PUMP101.BEARING_TEMP,64.826,°C,GOOD
2025-04-25 16:00:00,PUMP101.BEARING_TEMP,65.073,°C,GOOD
2025-04-25 17:00:00,PUMP101.BEARING_TEMP,64.942,°C,GOOD
2025-04-25 18:00:00,PUMP101.BEARING_TEMP,64.899,°C,BAD
2025-04-25 19:00:00,PUMP101.BEARING_TEMP,65.075,°C,GOOD
2025-04-25 20:00:00,PUMP101.BEARING_TEMP,64.828,°C,GOOD
2025-04-25 21:00:00,PUMP101.BEARING_TEMP,65.116,°C,GOOD
2025-04-25 22:00:00,PUMP101.BEARING_TEMP,64.928,°C,GOOD
2025-04-25 23:00:00,PUMP101.BEARING_TEMP,65.174,°C,GOOD
2025-04-26 00:00:00,PUMP101.BEARING_TEMP,64.941,°C,GOOD
2025-04-26 01:00:00,PUMP101.BEARING_TEMP,65.095,°C,GOOD
2025-04-26 02:00:00,PUMP101.BEARING_TEMP,65.027,°C,GOOD
2025-04-26 03:00:00,PUMP101.BEARING_TEMP,65.112,°C,GOOD
2025-04-26 04:00:00,PUMP101.BEARING_TEMP,65.016,°C,GOOD
2025-04-26 05:00:00,PUMP101.BEARING_TEMP,64.75,°C,GOOD
2025-04-26 06:00:00,PUMP101.BEARING_TEMP,65.151,°C,GOOD
2025-04-26 07:00:00,PUMP101.BEARING_TEMP,64.987,°C,GOOD
2025-04-26 08:00:00,PUMP101.BEARING_TEMP,65.118,°C,GOOD
2025-04-26 09:00:00,PUMP101.BEARING_TEMP,65.104,°C,GOOD
2025-04-26 10:00:00,PUMP101.BEARING_TEMP,64.884,°C,GOOD
2025-04-26 11:00:00,PUMP101.BEARING_TEMP,64.863,°C,GOOD
2025-04-26 12:00:00,PUMP101.BEARING_TEMP,65.098,°C,GOOD
2025-04-26 13:00:00,PUMP101.BEARING_TEMP,64.955,°C,GOOD
2025-04-26 14:00:00,PUMP101.BEARING_TEMP,65.14,°C,GOOD
2025-04-26 15:00:00,PUMP101.BEARING_TEMP,64.973,°C,GOOD
2025-04-26 16:00:00,PUMP101.BEARING_TEMP,65.154,°C,GOOD
2025-04-26 17:00:00,PUMP101.BEARING_TEMP,65.063,°C,GOOD
2025-04-26 18:00:00,PUMP101.BEARING_TEMP,65.043,°C,GOOD
2025-04-26 19:00:00,PUMP101.BEARING_TEMP,64.944,°C,GOOD
2025-04-26 20:00:00,PUMP101.BEARING_TEMP,65.035,°C,GOOD
2025-04-26 21:00:00,PUMP101.BEARING_TEMP,65.179,°C,GOOD
2025-04-26 22:00:00,PUMP101.BEARING_TEMP,64.992,°C,GOOD
2025-04-26 23:00:00,PUMP101.BEARING_TEMP,65.08,°C,GOOD
2025-04-27 00:00:00,PUMP101.BEARING_TEMP,65.007,°C,GOOD
2025-04-27 01:00:00,PUMP101.BEARING_TEMP,65.019,°C,GOOD
2025-04-27 02:00:00,PUMP101.BEARING_TEMP,65.259,°C,GOOD
2025-04-27 03:00:00,PUMP101.BEARING_TEMP,65.18,°C,GOOD
2025-04-27 04:00:00,PUMP101.BEARING_TEMP,65.012,°C,GOOD
2025-04-27 05:00:00,PUMP101.BEARING_TEMP,65.032,°C,GOOD
2025-04-27 06:00:00,PUMP101.BEARING_TEMP,64.895,°C,GOOD
2025-04-27 07:00:00,PUMP101.BEARING_TEMP,64.974,°C,BAD
2025-04-27 08:00:00,PUMP101.BEARING_TEMP,65.046,°C,GOOD
2025-04-27 09:00:00,PUMP101.BEARING_TEMP,65.128,°C,GOOD
2025-04-27 10:00:00,PUMP101.BEARING_TEMP,65.112,°C,GOOD
2025-04-27 11:00:00,PUMP101.BEARING_TEMP,64.834,°C,GOOD
2025-04-27 12:00:00,PUMP101.BEARING_TEMP,65.147,°C,GOOD
2025-04-27 13:00:00,PUMP101.BEARING_TEMP,64.987,°C,GOOD
2025-04-27 14:00:00,PUMP101.BEARING_TEMP,64.852,°C,GOOD
2025-04-27 15:00:00,PUMP101.BEARING_TEMP,65.2,°C,GOOD
2025-04-27 16:00:00,PUMP101.BEARING_TEMP,65.219,°C,GOOD
2025-04-27 17:00:00,PUMP101.BEARING_TEMP,65.04,°C,GOOD
2025-04-27 18:00:00,PUMP101.BEARING_TEMP,65.106,°C,BAD
2025-04-27 19:00:00,PUMP101.BEARING_TEMP,65.115,°C,GOOD
2025-04-27 20:00:00,PUMP101.BEARING_TEMP,65.209,°C,GOOD
2025-04-27 21:00:00,PUMP101.BEARING_TEMP,65.109,°C,GOOD
2025-04-27 22:00:00,PUMP101.BEARING_TEMP,64.801,°C,GOOD
2025-04-27 23:00:00,PUMP101.BEARING_TEMP,65.301,°C,GOOD
2025-04-28 00:00:00,PUMP101.BEARING_TEMP,65.16,°C,GOOD
2025-04-28 01:00:00,PUMP101.BEARING_TEMP,64.924,°C,GOOD
2025-04-28 02:00:00,PUMP101.BEARING_TEMP,64.846,°C,GOOD
2025-04-28 03:00:00,PUMP101.BEARING_TEMP,65.076,°C,GOOD
2025-04-28 04:00:00,PUMP101.BEARING_TEMP,64.958,°C,GOOD
2025-04-28 05:00:00,PUMP101.BEARING_TEMP,65.049,°C,GOOD
2025-04-28 06:00:00,PUMP101.BEARING_TEMP,65.112,°C,GOOD
2025-04-28 07:00:00,PUMP101.BEARING_TEMP,64.915,°C,GOOD
2025-04-28 08:00:00,PUMP101.BEARING_TEMP,64.833,°C,GOOD
2025-04-28 09:00:00,PUMP101.BEARING_TEMP,65.058,°C,GOOD
2025-04-28 10:00:00,PUMP101.BEARING_TEMP,64.92,°C,BAD
2025-04-28 11:00:00,PUMP101.BEARING_TEMP,65.022,°C,GOOD
2025-04-28 12:00:00,PUMP101.BEARING_TEMP,64.799,°C,GOOD
2025-04-28 13:00:00,PUMP101.BEARING_TEMP,64.962,°C,GOOD
2025-04-28 14:00:00,PUMP101.BEARING_TEMP,65.107,°C,GOOD
2025-04-28 15:00:00,PUMP101.BEARING_TEMP,65.091,°C,GOOD
2025-04-28 16:00:00,PUMP101.BEARING_TEMP,64.882,°C,GOOD
2025-04-28 17:00:00,PUMP101.BEARING_TEMP,64.825,°C,GOOD
2025-04-28 18:00:00,PUMP101.BEARING_TEMP,65.002,°C,GOOD
2025-04-28 19:00:00,PUMP101.BEARING_TEMP,65.084,°C,GOOD
2025-04-28 20:00:00,PUMP101.BEARING_TEMP,65.061,°C,GOOD
2025-04-28 21:00:00,PUMP101.BEARING_TEMP,64.923,°C,GOOD
2025-04-28 22:00:00,PUMP101.BEARING_TEMP,65.045,°C,GOOD
2025-04-28 23:00:00,PUMP101.BEARING_TEMP,65.225,°C,GOOD
2025-04-29 00:00:00,PUMP101.BEARING_TEMP,65.031,°C,GOOD
2025-04-29 01:00:00,PUMP101.BEARING_TEMP,64.755,°C,GOOD
2025-04-29 02:00:00,PUMP101.BEARING_TEMP,65.03,°C,GOOD
2025-04-29 03:00:00,PUMP101.BEARING_TEMP,65.307,°C,GOOD
2025-04-29 04:00:00,PUMP101.BEARING_TEMP,64.807,°C,GOOD
2025-04-29 05:00:00,PUMP101.BEARING_TEMP,65.004,°C,GOOD
2025-04-29 06:00:00,PUMP101.BEARING_TEMP,64.966,°C,GOOD
2025-04-29 07:00:00,PUMP101.BEARING_TEMP,65.014,°C,GOOD
2025-04-29 08:00:00,PUMP101.BEARING_TEMP,65.029,°C,GOOD
2025-04-29 09:00:00,PUMP101.BEARING_TEMP,65.171,°C,GOOD
2025-04-29 10:00:00,PUMP101.BEARING_TEMP,65.013,°C,GOOD
2025-04-29 11:00:00,PUMP101.BEARING_TEMP,65.192,°C,GOOD
2025-04-29 12:00:00,PUMP101.BEARING_TEMP,64.982,°C,GOOD
2025-04-29 13:00:00,PUMP101.BEARING_TEMP,64.947,°C,GOOD
2025-04-29 14:00:00,PUMP101.BEARING_TEMP,64.9,°C,GOOD
2025-04-29 15:00:00,PUMP101.BEARING_TEMP,64.727,°C,GOOD
2025-04-29 16:00:00,PUMP101.BEARING_TEMP,65.041,°C,GOOD
2025-04-29 17:00:00,PUMP101.BEARING_TEMP,65.308,°C,GOOD
2025-04-29 18:00:00,PUMP101.BEARING_TEMP,65.069,°C,GOOD
2025-04-29 19:00:00,PUMP101.BEARING_TEMP,65.103,°C,GOOD
2025-04-29 20:00:00,PUMP101.BEARING_TEMP,64.938,°C,GOOD
2025-04-29 21:00:00,PUMP101.BEARING_TEMP,64.963,°C,GOOD
2025-04-29 22:00:00,PUMP101.BEARING_TEMP,65.148,°C,GOOD
2025-04-29 23:00:00,PUMP101.BEARING_TEMP,65.301,°C,GOOD
2025-04-30 00:00:00,PUMP101.BEARING_TEMP,65.223,°C,GOOD
